post_id,post_date,post_text,comment_id,comment_date,comment_author,comment_text,likes,retweets,replies,length,hashtags,mentions,links,sentiment,sentiment_label
2031686565219426531,Wed Mar 11 10:59:58 +0000 2026,"Ponemos en marcha la herramienta HODIO, Huella del Odio y la Polarización, que p...",2031691410328465852,Wed Mar 11 11:19:13 +0000 2026,cervilla_jose,"@sanchezcastejon Perro si sois vosotros los odiadores sinvergüenzas. Es para los demás la herramienta, para vosotros no, quedáis exentos https://t.co/qQIlFva1Is",0,0,0,160,0,1,1,0.0,neutral
2031686565219426531,Wed Mar 11 10:59:58 +0000 2026,"Ponemos en marcha la herramienta HODIO, Huella del Odio y la Polarización, que p...",2031691374983032868,Wed Mar 11 11:19:05 +0000 2026,idealmeanhid,"@sanchezcastejon @desdelamoncloa Odio también es que una región de España se inunde y muera gente y no llegue la ayuda. O que un ministro que hace un mes tendría que haber dimitido por el accidente de Adamuz, donde murieron 46 personas, insulte en TVE a una rival política. O que lo que no guste sea facha …",0,0,0,307,0,2,0,-0.5267,negative
2031686565219426531,Wed Mar 11 10:59:58 +0000 2026,"Ponemos en marcha la herramienta HODIO, Huella del Odio y la Polarización, que p...",2031691353013301457,Wed Mar 11 11:19:00 +0000 2026,NicoleM1041369,"@sanchezcastejon El señor #PedroSánchez es el número uno en #Europa. Los españoles pueden estar contentos de tener un primer ministro tan soberano.
@sanchezcastejon 👍💪🙏♥️🇪🇸🕊 https://t.co/L5ot3nnt3K",0,0,0,197,2,2,1,0.6369,positive
2031686565219426531,Wed Mar 11 10:59:58 +0000 2026,"Ponemos en marcha la herramienta HODIO, Huella del Odio y la Polarización, que p...",2031691325494505767,Wed Mar 11 11:18:53 +0000 2026,WeirdGabinett,@jhd02 @Elguerrerodel13 @sanchezcastejon Es IA 🙄,0,0,0,48,0,3,0,0.0,neutral
2031686565219426531,Wed Mar 11 10:59:58 +0000 2026,"Ponemos en marcha la herramienta HODIO, Huella del Odio y la Polarización, que p...",2031691303310807503,Wed Mar 11 11:18:48 +0000 2026,taposirismagna,@sanchezcastejon @PSOE CORRUPTO,0,0,0,31,0,2,0,0.0,neutral
2031686565219426531,Wed Mar 11 10:59:58 +0000 2026,"Ponemos en marcha la herramienta HODIO, Huella del Odio y la Polarización, que p...",2031691269865406770,Wed Mar 11 11:18:40 +0000 2026,fitgoni90,@sanchezcastejon Jajjajaja putos tarados,0,0,0,40,0,1,0,0.0,neutral
2031686565219426531,Wed Mar 11 10:59:58 +0000 2026,"Ponemos en marcha la herramienta HODIO, Huella del Odio y la Polarización, que p...",2031691255160148177,Wed Mar 11 11:18:36 +0000 2026,GdeTabarnia,"@sanchezcastejon Muy bien lo de medir el odio con HODIO. Para empezar, quizá podrían pasar primero la plataforma por todo el Gobierno y sus bases. Igual se llevan alguna sorpresa.",0,0,0,179,0,1,0,0.0,neutral
2031686565219426531,Wed Mar 11 10:59:58 +0000 2026,"Ponemos en marcha la herramienta HODIO, Huella del Odio y la Polarización, que p...",2031691211644305426,Wed Mar 11 11:18:26 +0000 2026,progrestonnn,@sanchezcastejon Hijo de pvta,2,0,0,29,0,1,0,0.0,neutral
2031686565219426531,Wed Mar 11 10:59:58 +0000 2026,"Ponemos en marcha la herramienta HODIO, Huella del Odio y la Polarización, que p...",2031691185236984219,Wed Mar 11 11:18:20 +0000 2026,jagg2016,@sanchezcastejon @desdelamoncloa Que poca vergüenza tienes mediocre estúpido. Eres un tumor maligno.,0,0,0,100,0,2,0,-0.3818,negative
2031686565219426531,Wed Mar 11 10:59:58 +0000 2026,"Ponemos en marcha la herramienta HODIO, Huella del Odio y la Polarización, que p...",2031691109269692604,Wed Mar 11 11:18:02 +0000 2026,Danielm22631512,"@sanchezcastejon Odió... que un gobierno  tenga  a sus ministros imputados ,
 a su hermano,
A su mujer , 
a su primo ,
a su cuñado
A su tía y su prima que viven en Cuenca que tiene un negocio de VTC. https://t.co/YjIYeeGdRm",0,0,0,223,0,1,1,0.0,neutral
2031686565219426531,Wed Mar 11 10:59:58 +0000 2026,"Ponemos en marcha la herramienta HODIO, Huella del Odio y la Polarización, que p...",2031691097873830256,Wed Mar 11 11:17:59 +0000 2026,cruz1959_cruz,@sanchezcastejon Llevas para 8 años y yá tienes al país bastante JODÍO.,1,0,0,71,0,1,0,0.0,neutral
2031686565219426531,Wed Mar 11 10:59:58 +0000 2026,"Ponemos en marcha la herramienta HODIO, Huella del Odio y la Polarización, que p...",2031690997604696151,Wed Mar 11 11:17:35 +0000 2026,realejossarasua,"@sanchezcastejon To. bring hate out of the shadows, make it visible, and demand accountability from those who fail to act.",0,0,0,122,0,1,0,-0.8271,negative
2031686565219426531,Wed Mar 11 10:59:58 +0000 2026,"Ponemos en marcha la herramienta HODIO, Huella del Odio y la Polarización, que p...",2031690967791567067,Wed Mar 11 11:17:28 +0000 2026,MarxElRojo,@sanchezcastejon Sánchez subnormal. Empieza por aquí.,0,0,0,53,0,1,0,0.0,neutral
2031686565219426531,Wed Mar 11 10:59:58 +0000 2026,"Ponemos en marcha la herramienta HODIO, Huella del Odio y la Polarización, que p...",2031690891333652497,Wed Mar 11 11:17:10 +0000 2026,investronic,"@sanchezcastejon Odiamos. Odiamos al traidor que amnistió para conseguir el poder, odiamos al miserable que pactó y sigue pactando con Bilduetarras para seguir en el poder. Odiamos al tipo que no ha ganado unas elecciones y está en el poder a costa de destrozar el espíritu de la transición.",0,0,0,291,0,1,0,-0.6412,negative
2031686565219426531,Wed Mar 11 10:59:58 +0000 2026,"Ponemos en marcha la herramienta HODIO, Huella del Odio y la Polarización, que p...",2031690886237561252,Wed Mar 11 11:17:08 +0000 2026,RodmoSergi24938,@sanchezcastejon @PSOE Eres patético,0,0,0,36,0,2,0,0.0,neutral
2031686565219426531,Wed Mar 11 10:59:58 +0000 2026,"Ponemos en marcha la herramienta HODIO, Huella del Odio y la Polarización, que p...",2031690875609260053,Wed Mar 11 11:17:06 +0000 2026,grami1976,@sanchezcastejon Tú precisamente el odio hecho persona hablando de odio jodido cínico!!! Lárgate ya HDP,0,0,0,103,0,1,0,0.0,neutral
2031686565219426531,Wed Mar 11 10:59:58 +0000 2026,"Ponemos en marcha la herramienta HODIO, Huella del Odio y la Polarización, que p...",2031690848165871961,Wed Mar 11 11:16:59 +0000 2026,realejossarasua,"@sanchezcastejon We are launching the HODIO tool, Hate and Polarization Footprint, which will enable measuring the presence, evolution, and reach of hate speech on digital platforms👏👏👏👏👏👏👏👏👏👏",0,0,0,191,0,1,0,-0.8074,negative
2031686565219426531,Wed Mar 11 10:59:58 +0000 2026,"Ponemos en marcha la herramienta HODIO, Huella del Odio y la Polarización, que p...",2031690795237920991,Wed Mar 11 11:16:47 +0000 2026,dieguitoosj,@sanchezcastejon Controla y censurame esto chapero sidoso https://t.co/4V1rZ8yLHv,0,0,0,81,0,1,1,0.0,neutral
2031686565219426531,Wed Mar 11 10:59:58 +0000 2026,"Ponemos en marcha la herramienta HODIO, Huella del Odio y la Polarización, que p...",2031690768415404475,Wed Mar 11 11:16:40 +0000 2026,Hipotecemona,"@sanchezcastejon Ea, ea... 
No te quiere nadie. https://t.co/R5fqzCalzk",0,0,0,71,0,1,1,-0.296,negative
2031686565219426531,Wed Mar 11 10:59:58 +0000 2026,"Ponemos en marcha la herramienta HODIO, Huella del Odio y la Polarización, que p...",2031690766272123235,Wed Mar 11 11:16:40 +0000 2026,realejossarasua,@sanchezcastejon Acierto presidente,0,0,0,35,0,1,0,0.0,neutral
2031686565219426531,Wed Mar 11 10:59:58 +0000 2026,"Ponemos en marcha la herramienta HODIO, Huella del Odio y la Polarización, que p...",2031690724798874061,Wed Mar 11 11:16:30 +0000 2026,realejossarasua,@sanchezcastejon 👏👏👏👏👏👏👏👏👏👏👏👏👏👏👏,0,0,0,32,0,1,0,0.0,neutral
2031686565219426531,Wed Mar 11 10:59:58 +0000 2026,"Ponemos en marcha la herramienta HODIO, Huella del Odio y la Polarización, que p...",2031690507156336662,Wed Mar 11 11:15:38 +0000 2026,DracarysInsane,@sanchezcastejon Que eres un corrupto y un traidor https://t.co/sO14ZnZyNH,0,0,0,74,0,1,1,0.0,neutral
2031686565219426531,Wed Mar 11 10:59:58 +0000 2026,"Ponemos en marcha la herramienta HODIO, Huella del Odio y la Polarización, que p...",2031690464202535163,Wed Mar 11 11:15:28 +0000 2026,cibernautaAR,"@sanchezcastejon La imbecilidad en su máxima expresión.
Más zurdo, socialista, y nefasto, no se consigue. 
Pobre España!! 
🤦🤦",0,0,0,125,0,1,0,-0.4184,negative
2031686565219426531,Wed Mar 11 10:59:58 +0000 2026,"Ponemos en marcha la herramienta HODIO, Huella del Odio y la Polarización, que p...",2031690367339286950,Wed Mar 11 11:15:05 +0000 2026,Noelia271976,@sanchezcastejon Gómez tiene que entregar el pasaporte.,0,0,0,55,0,1,0,0.0,neutral
2031686565219426531,Wed Mar 11 10:59:58 +0000 2026,"Ponemos en marcha la herramienta HODIO, Huella del Odio y la Polarización, que p...",2031690348611678242,Wed Mar 11 11:15:00 +0000 2026,constan01,"@EsIzdaEsLadrona @sanchezcastejon 🤣🤣🤣Con H, no?",0,0,0,47,0,2,0,0.7506,positive
2031686565219426531,Wed Mar 11 10:59:58 +0000 2026,"Ponemos en marcha la herramienta HODIO, Huella del Odio y la Polarización, que p...",2031690321935900917,Wed Mar 11 11:14:54 +0000 2026,AGuitllar,@sanchezcastejon Entiendo que colocais a algun amiguete de director de la herramiento con un sueldo de 100k al año no?,0,0,0,118,0,1,0,0.0,neutral
2031686565219426531,Wed Mar 11 10:59:58 +0000 2026,"Ponemos en marcha la herramienta HODIO, Huella del Odio y la Polarización, que p...",2031690316881776653,Wed Mar 11 11:14:53 +0000 2026,fnacional_1936,@sanchezcastejon Derogaremos toda la escoria ideológica globalista,0,0,0,66,0,1,0,0.0,neutral
2031686565219426531,Wed Mar 11 10:59:58 +0000 2026,"Ponemos en marcha la herramienta HODIO, Huella del Odio y la Polarización, que p...",2031690210581393683,Wed Mar 11 11:14:27 +0000 2026,homoedens,@sanchezcastejon Le cerrarán la cuenta a Óscar Puente?,0,0,0,54,0,1,0,0.0,neutral
2031686565219426531,Wed Mar 11 10:59:58 +0000 2026,"Ponemos en marcha la herramienta HODIO, Huella del Odio y la Polarización, que p...",2031690143275303147,Wed Mar 11 11:14:11 +0000 2026,Noelia271976,@sanchezcastejon Pedrito Sánchez tienes miedo 😂😂eres un cobarde.,0,0,0,64,0,1,0,0.25,positive
2031686565219426531,Wed Mar 11 10:59:58 +0000 2026,"Ponemos en marcha la herramienta HODIO, Huella del Odio y la Polarización, que p...",2031690109871857678,Wed Mar 11 11:14:03 +0000 2026,RubrumFlavo,@sanchezcastejon https://t.co/CQseegxavf,0,0,0,40,0,1,1,0.0,neutral
2031686565219426531,Wed Mar 11 10:59:58 +0000 2026,"Ponemos en marcha la herramienta HODIO, Huella del Odio y la Polarización, que p...",2031690080981512368,Wed Mar 11 11:13:56 +0000 2026,IzanPN,"@sanchezcastejon Gracias por poner en marcha la herramienta HODIO, Pedro 😘❤️🌹",0,0,0,77,0,1,0,0.4215,positive
2031686565219426531,Wed Mar 11 10:59:58 +0000 2026,"Ponemos en marcha la herramienta HODIO, Huella del Odio y la Polarización, que p...",2031690045803958331,Wed Mar 11 11:13:48 +0000 2026,Noelia271976,@sanchezcastejon Pedrito tienes miedo 😉 estáis de mierda hasta el cuello 😂Deja de inventar y manipular.,0,0,0,103,0,1,0,-0.2263,negative
2031686565219426531,Wed Mar 11 10:59:58 +0000 2026,"Ponemos en marcha la herramienta HODIO, Huella del Odio y la Polarización, que p...",2031690017672733170,Wed Mar 11 11:13:41 +0000 2026,jakirofan,@sanchezcastejon Se le acaba el chollo de los bulos a PPvox,0,0,0,59,0,1,0,0.0,neutral
2031686565219426531,Wed Mar 11 10:59:58 +0000 2026,"Ponemos en marcha la herramienta HODIO, Huella del Odio y la Polarización, que p...",2031689952447095228,Wed Mar 11 11:13:26 +0000 2026,republicordie,@sanchezcastejon @desdelamoncloa Muy bien hecho Pedro ahora podré comprarme una vivienda y llegar a fin de mes.,0,0,0,111,0,2,0,0.0,neutral
2031686565219426531,Wed Mar 11 10:59:58 +0000 2026,"Ponemos en marcha la herramienta HODIO, Huella del Odio y la Polarización, que p...",2031689914178207939,Wed Mar 11 11:13:17 +0000 2026,mariarobleslons,@sanchezcastejon @PSOE Ósea que nos vas a censurar si no te seguimos el relato.,0,0,0,79,0,2,0,-0.296,negative
2031686565219426531,Wed Mar 11 10:59:58 +0000 2026,"Ponemos en marcha la herramienta HODIO, Huella del Odio y la Polarización, que p...",2031689873191543013,Wed Mar 11 11:13:07 +0000 2026,madcapfloyd,@sanchezcastejon Esta me vas a medir https://t.co/PpG1p2jh4d,0,0,0,60,0,1,1,0.0,neutral
2031686565219426531,Wed Mar 11 10:59:58 +0000 2026,"Ponemos en marcha la herramienta HODIO, Huella del Odio y la Polarización, que p...",2031689802760982585,Wed Mar 11 11:12:50 +0000 2026,jhd02,@Elguerrerodel13 @sanchezcastejon https://t.co/8rxDFrKajG,0,0,1,57,0,2,1,0.0,neutral
2031686565219426531,Wed Mar 11 10:59:58 +0000 2026,"Ponemos en marcha la herramienta HODIO, Huella del Odio y la Polarización, que p...",2031689762751275510,Wed Mar 11 11:12:41 +0000 2026,DeepBoll,@sanchezcastejon Los odiadores persiguiendo disidentes https://t.co/4ywyQj29aw,2,0,0,78,0,1,1,0.0,neutral
2031686565219426531,Wed Mar 11 10:59:58 +0000 2026,"Ponemos en marcha la herramienta HODIO, Huella del Odio y la Polarización, que p...",2031689747639202081,Wed Mar 11 11:12:37 +0000 2026,melasudaoficial,@sanchezcastejon @desdelamoncloa Mayormente de la izquierda que amenaza y insulta al primer tuit.,0,0,0,97,0,2,0,0.0,neutral
2031686565219426531,Wed Mar 11 10:59:58 +0000 2026,"Ponemos en marcha la herramienta HODIO, Huella del Odio y la Polarización, que p...",2031689682006786068,Wed Mar 11 11:12:21 +0000 2026,pitit5964,@sanchezcastejon @PSOE El odio lo trámites tú y los tuyos,0,0,0,57,0,2,0,0.0,neutral
2031686565219426531,Wed Mar 11 10:59:58 +0000 2026,"Ponemos en marcha la herramienta HODIO, Huella del Odio y la Polarización, que p...",2031689614138691989,Wed Mar 11 11:12:05 +0000 2026,investronic,"@sanchezcastejon Llega la censura. Controlar a la gente que tiene otro discurso es de DICTADORES.

Eres un extremista muy peligroso para nuestra democracia.",0,0,0,156,0,1,0,0.0,neutral
2031686565219426531,Wed Mar 11 10:59:58 +0000 2026,"Ponemos en marcha la herramienta HODIO, Huella del Odio y la Polarización, que p...",2031689588687671713,Wed Mar 11 11:11:59 +0000 2026,alvarezMcarmen,"@Gugui22985635 @sanchezcastejon Ahora dilo llorando. Ya era hora de poner freno al fascismo. Ya era hora de parar los discursos de odio. Ya era hora parar los bulos y las mentiras. La libertad de expresión no es mentir, insultar y difamar. Expresarse libremente desde la verdad, algo que no sabéis hacer.",0,0,0,304,0,2,0,-0.5267,negative
2031686565219426531,Wed Mar 11 10:59:58 +0000 2026,"Ponemos en marcha la herramienta HODIO, Huella del Odio y la Polarización, que p...",2031689443967467977,Wed Mar 11 11:11:25 +0000 2026,Aitor_Tilla_1,@sanchezcastejon Los que venís aquí a apoyar a este retrasado y mala persona que llegó al poder aprovechando el dinero de negocios donde se prostituían a mujeres y hombres y luego pagáis a 2€ la gasolina sin rechistar os podéis ir a la mierda,0,0,0,242,0,1,0,-0.5574,negative
2031686565219426531,Wed Mar 11 10:59:58 +0000 2026,"Ponemos en marcha la herramienta HODIO, Huella del Odio y la Polarización, que p...",2031689423981797475,Wed Mar 11 11:11:20 +0000 2026,jhd02,@sanchezcastejon Sanchez apoya terroristas.,0,0,0,43,0,1,0,0.0,neutral
2031686565219426531,Wed Mar 11 10:59:58 +0000 2026,"Ponemos en marcha la herramienta HODIO, Huella del Odio y la Polarización, que p...",2031689262845116789,Wed Mar 11 11:10:41 +0000 2026,Mendafm,@sanchezcastejon @desdelamoncloa Empieza por ti! Te vas a poner a solucionar los problemas reales de los españoles?,0,0,0,115,0,2,0,0.0,neutral
2031686565219426531,Wed Mar 11 10:59:58 +0000 2026,"Ponemos en marcha la herramienta HODIO, Huella del Odio y la Polarización, que p...",2031689220218032261,Wed Mar 11 11:10:31 +0000 2026,Jaime730546,@sanchezcastejon Estamos de acuerdo vuena decisión https://t.co/Z6dHtosEzn,0,0,0,74,0,1,1,0.0,neutral
2031686565219426531,Wed Mar 11 10:59:58 +0000 2026,"Ponemos en marcha la herramienta HODIO, Huella del Odio y la Polarización, que p...",2031689213884633466,Wed Mar 11 11:10:30 +0000 2026,iker_rasa,@sanchezcastejon Si me das para probar el odiómetro viento tu cara lo reviento.. https://t.co/IGgbwwgtC9,2,0,0,104,0,1,1,0.0,neutral
2031686565219426531,Wed Mar 11 10:59:58 +0000 2026,"Ponemos en marcha la herramienta HODIO, Huella del Odio y la Polarización, que p...",2031689192473039145,Wed Mar 11 11:10:25 +0000 2026,DeseoOculto4,"@sanchezcastejon vamos,mas o menos el odio que tienes a este país,hdlgp",2,0,0,71,0,1,0,0.0,neutral
2031686565219426531,Wed Mar 11 10:59:58 +0000 2026,"Ponemos en marcha la herramienta HODIO, Huella del Odio y la Polarización, que p...",2031689135191138561,Wed Mar 11 11:10:11 +0000 2026,SandUgur,@sanchezcastejon 🥰🥰🥰,0,0,0,20,0,1,0,0.9716,positive
2031686565219426531,Wed Mar 11 10:59:58 +0000 2026,"Ponemos en marcha la herramienta HODIO, Huella del Odio y la Polarización, que p...",2031689080518463774,Wed Mar 11 11:09:58 +0000 2026,ArrancaloY,@sanchezcastejon https://t.co/5Gh6zi7i0I,0,0,0,40,0,1,1,0.0,neutral
2031686565219426531,Wed Mar 11 10:59:58 +0000 2026,"Ponemos en marcha la herramienta HODIO, Huella del Odio y la Polarización, que p...",2031688891858550903,Wed Mar 11 11:09:13 +0000 2026,Watawang,@sanchezcastejon Eres un FARSANTE. https://t.co/1f5Eiul9oX,0,0,0,58,0,1,1,0.0,neutral
2031686565219426531,Wed Mar 11 10:59:58 +0000 2026,"Ponemos en marcha la herramienta HODIO, Huella del Odio y la Polarización, que p...",2031688762137120857,Wed Mar 11 11:08:42 +0000 2026,Malvcasj,"@sanchezcastejon Odio eres tú.
Odio
Corrupto
Sin vergüenza 
Tramposo",4,0,0,68,0,1,0,-0.5574,negative
2031686565219426531,Wed Mar 11 10:59:58 +0000 2026,"Ponemos en marcha la herramienta HODIO, Huella del Odio y la Polarización, que p...",2031688677210882055,Wed Mar 11 11:08:22 +0000 2026,perseida04,@sanchezcastejon Pero ya hemos quitado el muro!!!!,0,0,0,50,0,1,0,0.0,neutral
2031686565219426531,Wed Mar 11 10:59:58 +0000 2026,"Ponemos en marcha la herramienta HODIO, Huella del Odio y la Polarización, que p...",2031688515960836133,Wed Mar 11 11:07:43 +0000 2026,Hausen1970,"@sanchezcastejon @desdelamoncloa La Hestapo, vamos",0,0,0,50,0,2,0,0.0,neutral
2031686565219426531,Wed Mar 11 10:59:58 +0000 2026,"Ponemos en marcha la herramienta HODIO, Huella del Odio y la Polarización, que p...",2031688482163151278,Wed Mar 11 11:07:35 +0000 2026,MGBeretta,"@sanchezcastejon Tú eres el que has envenenado a la población colocando el Muro. O conmigo o fascistas...de que vas ,no sabes que inventar,te calaron ya en Europa y EEUU.",2,0,0,170,0,1,0,0.0,neutral
2031686565219426531,Wed Mar 11 10:59:58 +0000 2026,"Ponemos en marcha la herramienta HODIO, Huella del Odio y la Polarización, que p...",2031688480665809174,Wed Mar 11 11:07:35 +0000 2026,Gablimon,"@sanchezcastejon Esto suena a ""voy a controlar hasta lo que se dice mí "" deja de quitarnos la libertad y de perseguir al que no te baila el agua.",1,0,0,145,0,1,0,-0.296,negative
2031686565219426531,Wed Mar 11 10:59:58 +0000 2026,"Ponemos en marcha la herramienta HODIO, Huella del Odio y la Polarización, que p...",2031688480451940733,Wed Mar 11 11:07:35 +0000 2026,JAIME44078855,@sanchezcastejon Censura,0,0,0,24,0,1,0,0.0,neutral
2031686565219426531,Wed Mar 11 10:59:58 +0000 2026,"Ponemos en marcha la herramienta HODIO, Huella del Odio y la Polarización, que p...",2031688455315415434,Wed Mar 11 11:07:29 +0000 2026,paeceque,@sanchezcastejon Vas a acabar con tu negocio? No me lo creo...,0,0,0,62,0,1,0,-0.296,negative
2031686565219426531,Wed Mar 11 10:59:58 +0000 2026,"Ponemos en marcha la herramienta HODIO, Huella del Odio y la Polarización, que p...",2031688395571745092,Wed Mar 11 11:07:15 +0000 2026,PabloWayne6,"@sanchezcastejon “Para sacar el odio de la sombra, visibilizarlo y exigir responsabilidades a quienes no actúan.”

Lo dice el tipo cuyos socios preferidos son exterroristas e indepes que odian a España, y beneficia a violadores para seguir en el poder a toda costa!

DAS MUCHO ASCO

🤮🤮🤮 https://t.co/dF1AxkWKQw",1,0,0,310,0,1,1,-0.3595,negative
2031686565219426531,Wed Mar 11 10:59:58 +0000 2026,"Ponemos en marcha la herramienta HODIO, Huella del Odio y la Polarización, que p...",2031688369323769894,Wed Mar 11 11:07:08 +0000 2026,khristianeth,"@sanchezcastejon Es decir podre hablar todo lo mal que quiera de la derecha, de trump o elon pero si hablo de los casos de corrupción de tu partido me censuran 💀",2,0,0,161,0,1,0,0.0,neutral
2031686565219426531,Wed Mar 11 10:59:58 +0000 2026,"Ponemos en marcha la herramienta HODIO, Huella del Odio y la Polarización, que p...",2031688279519588857,Wed Mar 11 11:06:47 +0000 2026,SOMOSIERRA1,@sanchezcastejon Sois los mismos que sembráis y defendéis el odio cuando es hacia el lado que consideráis correcto. Da vergüenza tener administración haciéndose la puritana cuando está más manchada que nadie por el odio y la desinformación.,0,0,0,240,0,1,0,0.0,neutral
2031686565219426531,Wed Mar 11 10:59:58 +0000 2026,"Ponemos en marcha la herramienta HODIO, Huella del Odio y la Polarización, que p...",2031688192588398785,Wed Mar 11 11:06:26 +0000 2026,IFwrnandez,@sanchezcastejon @desdelamoncloa Ya era hora,0,0,0,44,0,2,0,0.0,neutral
2031686565219426531,Wed Mar 11 10:59:58 +0000 2026,"Ponemos en marcha la herramienta HODIO, Huella del Odio y la Polarización, que p...",2031688189857906881,Wed Mar 11 11:06:26 +0000 2026,MarioNeta_Libre,"@sanchezcastejon Entonces si cantan lo de ""Pedro Sánchez HIJO DE PUTA"" será considerado odio?",3,0,0,93,0,1,0,0.0,neutral
2031686565219426531,Wed Mar 11 10:59:58 +0000 2026,"Ponemos en marcha la herramienta HODIO, Huella del Odio y la Polarización, que p...",2031688141279514687,Wed Mar 11 11:06:14 +0000 2026,ParamioConde,"@sanchezcastejon ‼️No quiere medir el odio‼️

‼️Quiere vigilar y señalar a sus rivales‼️

‼️Esto sólo lo hacen los DICTADORES‼️ https://t.co/J7Os3XBUWC",4,0,0,151,0,1,1,0.0,neutral
2031686565219426531,Wed Mar 11 10:59:58 +0000 2026,"Ponemos en marcha la herramienta HODIO, Huella del Odio y la Polarización, que p...",2031688139455013010,Wed Mar 11 11:06:14 +0000 2026,suskunankakusu,@Ibrahim01377034 @sanchezcastejon Gözüm Türk aradı adamsın 🔥🧿,1,0,0,61,0,2,0,-0.34,negative
2031686565219426531,Wed Mar 11 10:59:58 +0000 2026,"Ponemos en marcha la herramienta HODIO, Huella del Odio y la Polarización, que p...",2031688109163692348,Wed Mar 11 11:06:06 +0000 2026,EsIzdaEsLadrona,"@sanchezcastejon Tú eres ODIO
HIJO DE PUTA

Llevas junto al criminal Zapatero esparciendo el odio guerracivilista de 1936 desde 2018, sois los mismos odiadores y criminales

Buscáis de nuevo el conflicto civil y la destrucción de España

ALIMAÑA
PSICÓPATA
LADRÓN
TOTALITARIO
CRIMINAL
SOCIALISTA https://t.co/8FJynG1BAK",10,1,1,318,0,1,1,-0.8192,negative
2031686565219426531,Wed Mar 11 10:59:58 +0000 2026,"Ponemos en marcha la herramienta HODIO, Huella del Odio y la Polarización, que p...",2031688025856508107,Wed Mar 11 11:05:46 +0000 2026,10macaco10,@sanchezcastejon 😅😅😅 no veo que sombra te oculta,0,0,0,48,0,1,0,0.6486,positive
2031686565219426531,Wed Mar 11 10:59:58 +0000 2026,"Ponemos en marcha la herramienta HODIO, Huella del Odio y la Polarización, que p...",2031687995980472489,Wed Mar 11 11:05:39 +0000 2026,UrizIglesias,"@sanchezcastejon Mi opinión 

https://t.co/VHYrqmLImm",0,0,0,53,0,1,1,0.0,neutral
2031686565219426531,Wed Mar 11 10:59:58 +0000 2026,"Ponemos en marcha la herramienta HODIO, Huella del Odio y la Polarización, que p...",2031687984987210012,Wed Mar 11 11:05:37 +0000 2026,JoseLluk,"@sanchezcastejon Odio por ejemplo, a un Presidente que no responde a la justicia. Quién iba en esos vuelos? Que llevaban? Por qué se desconecta el transponder? Todo esto es lo que hace los mafiosos. Y luego te extrañas de todo lo que te dicen??",1,0,0,244,0,1,0,-0.4871,negative
2031686565219426531,Wed Mar 11 10:59:58 +0000 2026,"Ponemos en marcha la herramienta HODIO, Huella del Odio y la Polarización, que p...",2031687922148102149,Wed Mar 11 11:05:22 +0000 2026,Gugui22985635,"@sanchezcastejon ""Sacar el odio de la sombra"" o precisamente acallar a los que no te tragamos? dicho sea de otra manera, ir contra la libertad de expresión y solo dejar expresarse a tus afines.    Tiranía se llama, nada de voz social.",0,0,1,234,0,1,0,-0.296,negative
2031686565219426531,Wed Mar 11 10:59:58 +0000 2026,"Ponemos en marcha la herramienta HODIO, Huella del Odio y la Polarización, que p...",2031687878682513638,Wed Mar 11 11:05:11 +0000 2026,suskunankakusu,@sanchezcastejon Kral biz burada sana hayranlığımızı yazmak için geliyoruz. Allah yar ve yardımcın olsun İsa yı çarmıha gererek öldüren yahudilerin habis ruhlarından seni korusun 🇹🇷🇪🇸,0,0,0,183,0,1,0,0.0,neutral
2031686565219426531,Wed Mar 11 10:59:58 +0000 2026,"Ponemos en marcha la herramienta HODIO, Huella del Odio y la Polarización, que p...",2031687877327737254,Wed Mar 11 11:05:11 +0000 2026,glapir189,"@sanchezcastejon Un Censor. Un p...censor. Enemigo de la libertad, de la libre opinión, del pensamiento libre no perruno ni lacayo...
Métete tu mierda controladora bolchevique por las ojeras.",0,0,0,191,0,1,0,-0.6369,negative
2031686565219426531,Wed Mar 11 10:59:58 +0000 2026,"Ponemos en marcha la herramienta HODIO, Huella del Odio y la Polarización, que p...",2031687872525275636,Wed Mar 11 11:05:10 +0000 2026,JaimeBN1987,"@sanchezcastejon PSOE organización criminal. ¿Me vas a encarcelar por decir eso, Dirty Sánchez hijo de puta?",6,0,0,108,0,1,0,-0.743,negative
2031686565219426531,Wed Mar 11 10:59:58 +0000 2026,"Ponemos en marcha la herramienta HODIO, Huella del Odio y la Polarización, que p...",2031687860219211787,Wed Mar 11 11:05:07 +0000 2026,1maripepa,@sanchezcastejon Vosotros el gobierno mafioso y traidor sois los que odiáis a los españoles,1,0,0,91,0,1,0,0.0,neutral
2031686565219426531,Wed Mar 11 10:59:58 +0000 2026,"Ponemos en marcha la herramienta HODIO, Huella del Odio y la Polarización, que p...",2031687797887631820,Wed Mar 11 11:04:52 +0000 2026,RafadeHeer,@sanchezcastejon Puede usted irse como presidente del gobierno para que los españoles podamos prosperar? Muchas gracias,0,0,0,119,0,1,0,0.0,neutral
2031686565219426531,Wed Mar 11 10:59:58 +0000 2026,"Ponemos en marcha la herramienta HODIO, Huella del Odio y la Polarización, que p...",2031687794087833734,Wed Mar 11 11:04:51 +0000 2026,YZhong82183,@sanchezcastejon 👍👍,0,0,0,19,0,1,0,0.0,neutral
2031686565219426531,Wed Mar 11 10:59:58 +0000 2026,"Ponemos en marcha la herramienta HODIO, Huella del Odio y la Polarización, que p...",2031687767780970894,Wed Mar 11 11:04:45 +0000 2026,IbizaRotation,"@sanchezcastejon Viva Sánchez el sepulturero...
Viva el genocio ibero reconocido mediáticamente de tu gobierno...
Que ningún facha se queje, que acaba detenido...",0,0,0,162,0,1,0,0.0,neutral
2031686565219426531,Wed Mar 11 10:59:58 +0000 2026,"Ponemos en marcha la herramienta HODIO, Huella del Odio y la Polarización, que p...",2031687589921444295,Wed Mar 11 11:04:03 +0000 2026,Momentum001,@sanchezcastejon Kudos to your team,0,0,0,35,0,1,0,0.5106,positive
2031686565219426531,Wed Mar 11 10:59:58 +0000 2026,"Ponemos en marcha la herramienta HODIO, Huella del Odio y la Polarización, que p...",2031687495872627067,Wed Mar 11 11:03:40 +0000 2026,Marajesus84,@sanchezcastejon @desdelamoncloa Señor Presidente es importante que le quede claro que la gente que trabaja no vivimos ni comemos de las políticas del control haga algo ya o quítese del medio https://t.co/ZglmK6J8by,0,0,0,215,0,2,1,-0.296,negative
2031686565219426531,Wed Mar 11 10:59:58 +0000 2026,"Ponemos en marcha la herramienta HODIO, Huella del Odio y la Polarización, que p...",2031687495763513723,Wed Mar 11 11:03:40 +0000 2026,Carmen40224641,@sanchezcastejon Qué vergüenza de “presidente”,0,0,0,46,0,1,0,0.0,neutral
2031686565219426531,Wed Mar 11 10:59:58 +0000 2026,"Ponemos en marcha la herramienta HODIO, Huella del Odio y la Polarización, que p...",2031687482450792476,Wed Mar 11 11:03:37 +0000 2026,1maripepa,"@sanchezcastejon En lugar de paliar la gran subida de los carburantes bajando los impuestos, a esos ilegales invasores la sanidad gratis.

Que venga alguien de fuera sin oficio ni beneficio, a vivir de nuestros impuestos sin hacer nada, es insultante.",0,0,0,251,0,1,0,-0.7906,negative
2031686565219426531,Wed Mar 11 10:59:58 +0000 2026,"Ponemos en marcha la herramienta HODIO, Huella del Odio y la Polarización, que p...",2031687431485817013,Wed Mar 11 11:03:25 +0000 2026,mojamablues,@sanchezcastejon Y la herramienta para identificar a los pasajeros que han utilizado el Falcon pa’cuando ??,0,0,0,107,0,1,0,0.0,neutral
2031686565219426531,Wed Mar 11 10:59:58 +0000 2026,"Ponemos en marcha la herramienta HODIO, Huella del Odio y la Polarización, que p...",2031687329165803530,Wed Mar 11 11:03:00 +0000 2026,jalfonzo,@sanchezcastejon @desdelamoncloa https://t.co/HR37BrobyL,0,0,0,56,0,2,1,0.0,neutral
2031686565219426531,Wed Mar 11 10:59:58 +0000 2026,"Ponemos en marcha la herramienta HODIO, Huella del Odio y la Polarización, que p...",2031687228699615339,Wed Mar 11 11:02:36 +0000 2026,dfaorgr,@sanchezcastejon Odio? Asco y desprecio no son sentimientos. https://t.co/CdHhyK34fl,0,0,0,84,0,1,1,-0.296,negative
2031686565219426531,Wed Mar 11 10:59:58 +0000 2026,"Ponemos en marcha la herramienta HODIO, Huella del Odio y la Polarización, que p...",2031687169559978315,Wed Mar 11 11:02:22 +0000 2026,LuaArenal,"@sanchezcastejon Sánchez, parpadea si estás comprometido. https://t.co/j6BgNpvdvU",1,0,1,81,0,1,1,0.0,neutral
2031686565219426531,Wed Mar 11 10:59:58 +0000 2026,"Ponemos en marcha la herramienta HODIO, Huella del Odio y la Polarización, que p...",2031687168805007369,Wed Mar 11 11:02:22 +0000 2026,FonteChus,"@sanchezcastejon Odio,  es utilizar la Presidencia del Gobierno de España y el Congreso de los Diputados para insultar a los españoles que discrepamos de sus políticas. Ni somos ""fachosfera"" ni ""fascistas"" ni ""fachas"" ni ""xenófobos"" ni ""machistas"" ni ""odiadores""... somos ciudadanos con criterio a",6,0,0,297,0,1,0,0.0,neutral
2031686565219426531,Wed Mar 11 10:59:58 +0000 2026,"Ponemos en marcha la herramienta HODIO, Huella del Odio y la Polarización, que p...",2031687162798727654,Wed Mar 11 11:02:21 +0000 2026,KikeGarr,@sanchezcastejon Discurso de odio = lo que a Pedro no le guste. Es una medida estalinista que vulnera un principio sagrado como es la libertad de expresión. Si no te gusta que te llamen perro te jodes 🐕,0,0,0,202,0,1,0,-0.5267,negative
2031686565219426531,Wed Mar 11 10:59:58 +0000 2026,"Ponemos en marcha la herramienta HODIO, Huella del Odio y la Polarización, que p...",2031687114983653382,Wed Mar 11 11:02:09 +0000 2026,IbizaRotation,"@sanchezcastejon Que si, que hay que aplaudir tus 200.000 muertos, mujeres violadas y destrozo económico, no sea que al final seamos nosotros los malos...",3,0,0,154,0,1,0,-0.296,negative
2031686565219426531,Wed Mar 11 10:59:58 +0000 2026,"Ponemos en marcha la herramienta HODIO, Huella del Odio y la Polarización, que p...",2031687081152446609,Wed Mar 11 11:02:01 +0000 2026,TomaFacto,"@sanchezcastejon Que mala está sentando esto a la derecha.
Será pq su oposición consiste básicamente en el odio y la crispación...",3,0,0,130,0,1,0,0.0,neutral
2031686565219426531,Wed Mar 11 10:59:58 +0000 2026,"Ponemos en marcha la herramienta HODIO, Huella del Odio y la Polarización, que p...",2031687075607539852,Wed Mar 11 11:02:00 +0000 2026,Bonnifacissimo,"@sanchezcastejon TEHODIO, JODÍO",1,0,0,31,0,1,0,0.0,neutral
2031686565219426531,Wed Mar 11 10:59:58 +0000 2026,"Ponemos en marcha la herramienta HODIO, Huella del Odio y la Polarización, que p...",2031687061460107488,Wed Mar 11 11:01:57 +0000 2026,palenzuelayoli,@sanchezcastejon @sanchezcastejon 👍🌹👏🕊,1,0,0,38,0,2,0,0.0,neutral
2031686565219426531,Wed Mar 11 10:59:58 +0000 2026,"Ponemos en marcha la herramienta HODIO, Huella del Odio y la Polarización, que p...",2031686970414350778,Wed Mar 11 11:01:35 +0000 2026,Alberto16611155,"@sanchezcastejon Nos habéis dejado:
Sin soberanía energética
Sin soberanía alimenticia
Sin acceso a la vivienda
Sin seguridad en las calles
Sin infraestructuras
Sin confianza en las instituciones 
Sin tejido industrial
Ahora también sin sanidad pública

Pero el cabestrillo de ""la Santaolalla""...",4,0,0,296,0,1,0,-0.9831,negative
2031686565219426531,Wed Mar 11 10:59:58 +0000 2026,"Ponemos en marcha la herramienta HODIO, Huella del Odio y la Polarización, que p...",2031686886389961163,Wed Mar 11 11:01:15 +0000 2026,elisheba63,@sanchezcastejon https://t.co/2Q9os4O2Lm,0,0,0,40,0,1,1,0.0,neutral
2031686565219426531,Wed Mar 11 10:59:58 +0000 2026,"Ponemos en marcha la herramienta HODIO, Huella del Odio y la Polarización, que p...",2031686818727395465,Wed Mar 11 11:00:59 +0000 2026,Ibrahim01377034,@sanchezcastejon Adam gibi adam pedro Sanchez,1,0,1,45,0,1,0,0.0,neutral
2031686565219426531,Wed Mar 11 10:59:58 +0000 2026,"Ponemos en marcha la herramienta HODIO, Huella del Odio y la Polarización, que p...",2031686763551322424,Wed Mar 11 11:00:46 +0000 2026,Elguerrerodel13,@sanchezcastejon El mayor peligro no es el odio… sino quién tiene el poder de definir qué es Odio y qué no . https://t.co/ZtKR8PkZ6v,7,1,2,132,0,1,1,-0.5267,negative
2031686565219426531,Wed Mar 11 10:59:58 +0000 2026,"Ponemos en marcha la herramienta HODIO, Huella del Odio y la Polarización, que p...",2031686739614408844,Wed Mar 11 11:00:40 +0000 2026,luiggijoe,"@sanchezcastejon No te odiamos lo suficiente, infeliz.",4,0,0,54,0,1,0,-0.296,negative
2031639611882037545,Wed Mar 11 07:53:24 +0000 2026,"Este #11M, Día Europeo de las Víctimas del Terrorismo, reiteramos el compromiso ...",2031691195152224638,Wed Mar 11 11:18:22 +0000 2026,realejossarasua,@sanchezcastejon Y basura pedro j y el inmundo,0,0,0,46,0,1,0,0.0,neutral
2031639611882037545,Wed Mar 11 07:53:24 +0000 2026,"Este #11M, Día Europeo de las Víctimas del Terrorismo, reiteramos el compromiso ...",2031691145919545802,Wed Mar 11 11:18:10 +0000 2026,realejossarasua,@sanchezcastejon Aznar feijoo pp basura,0,0,0,39,0,1,0,0.0,neutral
2031639611882037545,Wed Mar 11 07:53:24 +0000 2026,"Este #11M, Día Europeo de las Víctimas del Terrorismo, reiteramos el compromiso ...",2031691103678734462,Wed Mar 11 11:18:00 +0000 2026,realejossarasua,@sanchezcastejon Paz,0,0,0,20,0,1,0,0.0,neutral
2031639611882037545,Wed Mar 11 07:53:24 +0000 2026,"Este #11M, Día Europeo de las Víctimas del Terrorismo, reiteramos el compromiso ...",2031691081104990604,Wed Mar 11 11:17:55 +0000 2026,realejossarasua,@sanchezcastejon 👏👏👏👏👏👏👏👏👏👏👏👏👏👏👏👏👏👏👏👏👏👏👏👏👏👏👏👏👏👏👏👏👏👏👏👏👏👏👏👏👏,0,0,0,58,0,1,0,0.0,neutral
2031639611882037545,Wed Mar 11 07:53:24 +0000 2026,"Este #11M, Día Europeo de las Víctimas del Terrorismo, reiteramos el compromiso ...",2031690817736200215,Wed Mar 11 11:16:52 +0000 2026,caoticofanegasc,"@sanchezcastejon No tienes vergüenza
https://t.co/1bjshE2CJj",0,0,0,60,0,1,1,-0.296,negative
2031639611882037545,Wed Mar 11 07:53:24 +0000 2026,"Este #11M, Día Europeo de las Víctimas del Terrorismo, reiteramos el compromiso ...",2031690175521178074,Wed Mar 11 11:14:19 +0000 2026,JVerne_274,@sanchezcastejon Remueves mis instintos más primarios…. https://t.co/FVcsMxCSZ2,0,0,0,79,0,1,1,0.0,neutral
2031639611882037545,Wed Mar 11 07:53:24 +0000 2026,"Este #11M, Día Europeo de las Víctimas del Terrorismo, reiteramos el compromiso ...",2031690152502829524,Wed Mar 11 11:14:13 +0000 2026,FernandoGLV1212,"@sanchezcastejon Por favor, diga “MADRID” no se puede hablar del 11M y no decir Madrid. Imagine hablar del 11S y no nombrar NYC. @IdiazAyuso",0,0,0,140,0,2,0,-0.4404,negative
2031639611882037545,Wed Mar 11 07:53:24 +0000 2026,"Este #11M, Día Europeo de las Víctimas del Terrorismo, reiteramos el compromiso ...",2031689868930121903,Wed Mar 11 11:13:06 +0000 2026,eddicardians,@sanchezcastejon 🤦🏻‍♂️,0,0,0,22,0,1,0,0.0,neutral
2031639611882037545,Wed Mar 11 07:53:24 +0000 2026,"Este #11M, Día Europeo de las Víctimas del Terrorismo, reiteramos el compromiso ...",2031689588490588162,Wed Mar 11 11:11:59 +0000 2026,lanatalitafunny,"@sanchezcastejon VÁYASE SEÑOR SÁNCHEZ, VÁYASE!!!!!!!!!📢📢📢📢📢",0,0,0,59,0,1,0,0.0,neutral
2031639611882037545,Wed Mar 11 07:53:24 +0000 2026,"Este #11M, Día Europeo de las Víctimas del Terrorismo, reiteramos el compromiso ...",2031689572640309403,Wed Mar 11 11:11:55 +0000 2026,Hispaniavicti,@sanchezcastejon @GlobalistasNO 193 víctimas gracias a tu partido y sus socios máquina.,0,0,0,87,0,2,0,0.0,neutral
2031639611882037545,Wed Mar 11 07:53:24 +0000 2026,"Este #11M, Día Europeo de las Víctimas del Terrorismo, reiteramos el compromiso ...",2031689520916168710,Wed Mar 11 11:11:43 +0000 2026,juankestein,@sanchezcastejon Eres repugnante.,0,0,0,33,0,1,0,0.0,neutral
2031639611882037545,Wed Mar 11 07:53:24 +0000 2026,"Este #11M, Día Europeo de las Víctimas del Terrorismo, reiteramos el compromiso ...",2031689285938651601,Wed Mar 11 11:10:47 +0000 2026,Bardomero172202,"@sanchezcastejon Que vas a hacer?, ofrecerles gobernar contigo?.",0,0,0,64,0,1,0,0.0,neutral
2031639611882037545,Wed Mar 11 07:53:24 +0000 2026,"Este #11M, Día Europeo de las Víctimas del Terrorismo, reiteramos el compromiso ...",2031689128945893815,Wed Mar 11 11:10:09 +0000 2026,ArrancaloY,@sanchezcastejon https://t.co/5Gh6zi7i0I,0,0,0,40,0,1,1,0.0,neutral
2031639611882037545,Wed Mar 11 07:53:24 +0000 2026,"Este #11M, Día Europeo de las Víctimas del Terrorismo, reiteramos el compromiso ...",2031689054522056889,Wed Mar 11 11:09:52 +0000 2026,gabriag_5,@sanchezcastejon Tu no tienes vergüenza HDP,1,0,0,43,0,1,0,-0.296,negative
2031639611882037545,Wed Mar 11 07:53:24 +0000 2026,"Este #11M, Día Europeo de las Víctimas del Terrorismo, reiteramos el compromiso ...",2031688832911802647,Wed Mar 11 11:08:59 +0000 2026,FredyNagasaky,@sanchezcastejon https://t.co/ruZbE0cUDT,0,0,0,40,0,1,1,0.0,neutral
2031639611882037545,Wed Mar 11 07:53:24 +0000 2026,"Este #11M, Día Europeo de las Víctimas del Terrorismo, reiteramos el compromiso ...",2031688746974765312,Wed Mar 11 11:08:38 +0000 2026,Lales44755159,"@sanchezcastejon Hay que tener poca vergüenza para poner esto , cuando tus socios son cómplices del terrorismo",0,0,0,110,0,1,0,0.0,neutral
2031639611882037545,Wed Mar 11 07:53:24 +0000 2026,"Este #11M, Día Europeo de las Víctimas del Terrorismo, reiteramos el compromiso ...",2031688502446882870,Wed Mar 11 11:07:40 +0000 2026,annagoritz,"@Luilly_Spain @sanchezcastejon Si, ETA es vuestro comodín, pero no engañáis a nadie. 
Esta es la dignidad y la verdad que defiendes, ridículo. https://t.co/ifLbRO969Z",0,0,0,166,0,2,1,-0.296,negative
2031639611882037545,Wed Mar 11 07:53:24 +0000 2026,"Este #11M, Día Europeo de las Víctimas del Terrorismo, reiteramos el compromiso ...",2031688308988805290,Wed Mar 11 11:06:54 +0000 2026,modecapital79,@sanchezcastejon https://t.co/Wpa5lfMVnE,0,0,0,40,0,1,1,0.0,neutral
2031639611882037545,Wed Mar 11 07:53:24 +0000 2026,"Este #11M, Día Europeo de las Víctimas del Terrorismo, reiteramos el compromiso ...",2031688208858173459,Wed Mar 11 11:06:30 +0000 2026,Eichenkamp,@sanchezcastejon Gobernando con los terroristas de ETA 🤦🏻🤦🏻,0,0,0,59,0,1,0,0.0,neutral
2031639611882037545,Wed Mar 11 07:53:24 +0000 2026,"Este #11M, Día Europeo de las Víctimas del Terrorismo, reiteramos el compromiso ...",2031688182543057094,Wed Mar 11 11:06:24 +0000 2026,maluky91,@sanchezcastejon 🌹🌹🌹🌹🌹,0,0,0,22,0,1,0,0.0,neutral
2031639611882037545,Wed Mar 11 07:53:24 +0000 2026,"Este #11M, Día Europeo de las Víctimas del Terrorismo, reiteramos el compromiso ...",2031687993535131935,Wed Mar 11 11:05:39 +0000 2026,annagoritz,"@LUND99999 @sanchezcastejon No da para más y me bloquea, estos fachas son patéticos. https://t.co/1GrfLQYmDT",0,0,0,108,0,2,1,-0.296,negative
2031639611882037545,Wed Mar 11 07:53:24 +0000 2026,"Este #11M, Día Europeo de las Víctimas del Terrorismo, reiteramos el compromiso ...",2031687706430873634,Wed Mar 11 11:04:30 +0000 2026,AntonioBerbel3,@sanchezcastejon Mira que hubo atentados e España! Y no recuerdas los que hicieron y hacen tus socios de gobierno.,0,0,0,114,0,1,0,-0.3595,negative
2031639611882037545,Wed Mar 11 07:53:24 +0000 2026,"Este #11M, Día Europeo de las Víctimas del Terrorismo, reiteramos el compromiso ...",2031687646003503324,Wed Mar 11 11:04:16 +0000 2026,palenzuelayoli,"@sanchezcastejon Recordándolas a todas ellas.
#NoALAGuerra🌹🌹🌹🌹🌹 https://t.co/zQ0t3y1mjl",0,0,0,87,1,1,1,0.0,neutral
2031639611882037545,Wed Mar 11 07:53:24 +0000 2026,"Este #11M, Día Europeo de las Víctimas del Terrorismo, reiteramos el compromiso ...",2031687051792245141,Wed Mar 11 11:01:54 +0000 2026,oscarclave,@sanchezcastejon https://t.co/2Wrh9UbxKr,0,0,0,40,0,1,1,0.0,neutral
2031639611882037545,Wed Mar 11 07:53:24 +0000 2026,"Este #11M, Día Europeo de las Víctimas del Terrorismo, reiteramos el compromiso ...",2031686948134256988,Wed Mar 11 11:01:30 +0000 2026,feromaria46,"@sanchezcastejon @millaser Y las más de 800 de ETA?
Esas se te olvidaron?
@Congreso_Es  #españa #ETAAsesina 
@ppopular",0,0,0,118,2,4,0,0.0,neutral
2031639611882037545,Wed Mar 11 07:53:24 +0000 2026,"Este #11M, Día Europeo de las Víctimas del Terrorismo, reiteramos el compromiso ...",2031686821537599845,Wed Mar 11 11:00:59 +0000 2026,sephirot222,@sanchezcastejon día Europeo de las víctimas del terrorismo.... y tú abriendo el ojete ante etarras para mantenerte en el otrono... claro que si XD,0,0,0,147,0,1,0,0.6739,positive
2031639611882037545,Wed Mar 11 07:53:24 +0000 2026,"Este #11M, Día Europeo de las Víctimas del Terrorismo, reiteramos el compromiso ...",2031686759948460253,Wed Mar 11 11:00:45 +0000 2026,grok,@niggarm_ @alphezz_ @sanchezcastejon Ask Grok está disponible actualmente solo para suscriptores Premium y Premium+. Suscríbete para desbloquear esta función: https://t.co/GzE6RoMFOU,0,0,0,182,0,3,1,0.0,neutral
2031639611882037545,Wed Mar 11 07:53:24 +0000 2026,"Este #11M, Día Europeo de las Víctimas del Terrorismo, reiteramos el compromiso ...",2031686735973810271,Wed Mar 11 11:00:39 +0000 2026,niggarm_,@alphezz_ @grok @sanchezcastejon cuánto honor,1,0,1,45,0,3,0,0.4939,positive
2031639611882037545,Wed Mar 11 07:53:24 +0000 2026,"Este #11M, Día Europeo de las Víctimas del Terrorismo, reiteramos el compromiso ...",2031686505312256316,Wed Mar 11 10:59:44 +0000 2026,juliarobertabis,@sanchezcastejon @desdelamoncloa Nunca olvidaremos aquellos días y qué hizo cada uno. Gracias,0,0,0,93,0,2,0,0.0,neutral
2031639611882037545,Wed Mar 11 07:53:24 +0000 2026,"Este #11M, Día Europeo de las Víctimas del Terrorismo, reiteramos el compromiso ...",2031686491403944259,Wed Mar 11 10:59:41 +0000 2026,pitit5964,@sanchezcastejon @PSOE Y tú gobierna con ellas,0,0,0,46,0,2,0,0.0,neutral
2031639611882037545,Wed Mar 11 07:53:24 +0000 2026,"Este #11M, Día Europeo de las Víctimas del Terrorismo, reiteramos el compromiso ...",2031686373032227322,Wed Mar 11 10:59:12 +0000 2026,emmanuelypaco,"@sanchezcastejon ""Cui Bono"" https://t.co/mXWlMCSuCI",0,0,0,51,0,1,1,0.0,neutral
2031639611882037545,Wed Mar 11 07:53:24 +0000 2026,"Este #11M, Día Europeo de las Víctimas del Terrorismo, reiteramos el compromiso ...",2031686290958143500,Wed Mar 11 10:58:53 +0000 2026,untemplario,"@sanchezcastejon La madre del topo pa ti, carroñero. https://t.co/Y1sbHgeiy8",0,0,0,76,0,1,1,0.0,neutral
2031639611882037545,Wed Mar 11 07:53:24 +0000 2026,"Este #11M, Día Europeo de las Víctimas del Terrorismo, reiteramos el compromiso ...",2031686139275350042,Wed Mar 11 10:58:17 +0000 2026,Equinoxe67,@sanchezcastejon ¿Sabéis algo de eso?...¿Vais a desclasificar algo?...,0,0,0,70,0,1,0,0.0,neutral
2031639611882037545,Wed Mar 11 07:53:24 +0000 2026,"Este #11M, Día Europeo de las Víctimas del Terrorismo, reiteramos el compromiso ...",2031685933632798859,Wed Mar 11 10:57:28 +0000 2026,David_Rguez05,"@sanchezcastejon O fue tu partido o fue marruecos, una de 2 o los 2.",0,0,0,68,0,1,0,0.0,neutral
2031639611882037545,Wed Mar 11 07:53:24 +0000 2026,"Este #11M, Día Europeo de las Víctimas del Terrorismo, reiteramos el compromiso ...",2031685915140149378,Wed Mar 11 10:57:23 +0000 2026,_jorge_5_,"@sanchezcastejon ""España no está preparada para conocer la verdad sobre el atentado del 11M"" - Juez Javier Gómez Bermúdez

Si tan valiente eres y tan en recuerdo tienes a las víctimas del 11M, sé coherente y empieza a desclasificar también todo lo que ocurrió como con el 23F.",0,0,0,276,0,1,0,-0.296,negative
2031639611882037545,Wed Mar 11 07:53:24 +0000 2026,"Este #11M, Día Europeo de las Víctimas del Terrorismo, reiteramos el compromiso ...",2031685774190506199,Wed Mar 11 10:56:50 +0000 2026,JuliusMasteroso,"@sanchezcastejon Tenéis las manos manchadas con la sangre de los españoles asesinados del 11M, de la Dana y de Adamuz, y de los cientos de hombres apuñalados y mujeres violadas por inmigrantes.
Os espera el infierno.",0,0,0,216,0,1,0,0.0,neutral
2031639611882037545,Wed Mar 11 07:53:24 +0000 2026,"Este #11M, Día Europeo de las Víctimas del Terrorismo, reiteramos el compromiso ...",2031685766896570469,Wed Mar 11 10:56:48 +0000 2026,GlobalistasNO,"@sanchezcastejon A la izquierda le encantó que hicieran explotar a adultos y niños españoles en pedazos a tres días de las elecciones generales para que la propia izquierda se beneficiara y ganara las elecciones.  Y esta es la verdad. 

Desde el 11M la izquierda quedó enamorada del Islam y de https://t.co/Lp6BFCo4t2",0,0,0,317,0,1,1,0.0,neutral
2031639611882037545,Wed Mar 11 07:53:24 +0000 2026,"Este #11M, Día Europeo de las Víctimas del Terrorismo, reiteramos el compromiso ...",2031685380861308949,Wed Mar 11 10:55:16 +0000 2026,_Nacho_74,"@sanchezcastejon En el PSOE sabéis mucho de atentado, pero mucho mucho….",0,0,0,72,0,1,0,0.0,neutral
2031639611882037545,Wed Mar 11 07:53:24 +0000 2026,"Este #11M, Día Europeo de las Víctimas del Terrorismo, reiteramos el compromiso ...",2031685368978735351,Wed Mar 11 10:55:13 +0000 2026,Igualdad3510494,@sanchezcastejon Porque no desclasificas los documentos de la verdad de lo que ocurrió del atentado hace 22años https://t.co/nbQhGj4oqu,0,0,0,135,0,1,1,-0.296,negative
2031639611882037545,Wed Mar 11 07:53:24 +0000 2026,"Este #11M, Día Europeo de las Víctimas del Terrorismo, reiteramos el compromiso ...",2031684875384750186,Wed Mar 11 10:53:15 +0000 2026,SEF_74,@sanchezcastejon Eres un sinvergüenza,0,0,0,37,0,1,0,0.0,neutral
2031639611882037545,Wed Mar 11 07:53:24 +0000 2026,"Este #11M, Día Europeo de las Víctimas del Terrorismo, reiteramos el compromiso ...",2031684862973731047,Wed Mar 11 10:53:12 +0000 2026,mastercodex100,"@sanchezcastejon @PSOE Feliz #11m 
Algún día saldrá toda la verdad https://t.co/UgV29B90Be",0,0,0,90,1,2,1,0.0,neutral
2031639611882037545,Wed Mar 11 07:53:24 +0000 2026,"Este #11M, Día Europeo de las Víctimas del Terrorismo, reiteramos el compromiso ...",2031684760037163087,Wed Mar 11 10:52:48 +0000 2026,LUND99999,@annagoritz @sanchezcastejon Gilipollas es tu madre…,0,0,0,52,0,2,0,0.0,neutral
2031639611882037545,Wed Mar 11 07:53:24 +0000 2026,"Este #11M, Día Europeo de las Víctimas del Terrorismo, reiteramos el compromiso ...",2031684717314027593,Wed Mar 11 10:52:38 +0000 2026,Magma117720,"@sanchezcastejon Vete ya, cierra al salir y no arruines mas nuestro país",0,0,0,72,0,1,0,-0.296,negative
2031639611882037545,Wed Mar 11 07:53:24 +0000 2026,"Este #11M, Día Europeo de las Víctimas del Terrorismo, reiteramos el compromiso ...",2031684613320384797,Wed Mar 11 10:52:13 +0000 2026,piopiotwit,"@sanchezcastejon Hdlgp, ni olvido ni perdón. Subisteis al gobierno a lomos de la agit prop montada sobre aquel terrible atentado",0,0,0,128,0,1,0,-0.4767,negative
2031639611882037545,Wed Mar 11 07:53:24 +0000 2026,"Este #11M, Día Europeo de las Víctimas del Terrorismo, reiteramos el compromiso ...",2031684476158275808,Wed Mar 11 10:51:40 +0000 2026,annagoritz,"@LUND99999 @sanchezcastejon Además de hipócrita, eres gilipollas y no entiendes lo que lees, o simplemente lo tergiversas a tu conveniencia. España tiene la obligación de defender territorio de la UE, que para eso es miembro de la OTAN. Bien distinto es que participe en labores ofensivas contra Irán.",0,0,2,301,0,2,0,-0.2023,negative
2031639611882037545,Wed Mar 11 07:53:24 +0000 2026,"Este #11M, Día Europeo de las Víctimas del Terrorismo, reiteramos el compromiso ...",2031684451562893811,Wed Mar 11 10:51:34 +0000 2026,Luilly_Spain,"@annagoritz @sanchezcastejon ETA no es un comodín, es una banda de asesinos que al parecer te gustan. Si es así, eres la mayor HP. Si facha es defender la dignidad, la verdad de las actas y el sentido común soy el mayor facha sobre la faz del planeta, y a mucho orgullo. #soloquedavox https://t.co/ODlV1fs7uJ",0,0,1,308,1,2,1,-0.2023,negative
2031639611882037545,Wed Mar 11 07:53:24 +0000 2026,"Este #11M, Día Europeo de las Víctimas del Terrorismo, reiteramos el compromiso ...",2031684311678640559,Wed Mar 11 10:51:01 +0000 2026,c0nservaliberal,"@glabgom @maribelbotoah @sanchezcastejon Este mismo juz fue también el que falseó la sentencia del yak 42, que fue por Bono + Trillo",0,0,0,132,0,3,0,0.0,neutral
2031639611882037545,Wed Mar 11 07:53:24 +0000 2026,"Este #11M, Día Europeo de las Víctimas del Terrorismo, reiteramos el compromiso ...",2031684288597434856,Wed Mar 11 10:50:55 +0000 2026,c0nservaliberal,"@maribelbotoah @sanchezcastejon Este mismo juz fue también el que falseó la sentencia del yak 42, que fue por Bono + Trillo",0,0,0,123,0,2,0,0.0,neutral
2031639611882037545,Wed Mar 11 07:53:24 +0000 2026,"Este #11M, Día Europeo de las Víctimas del Terrorismo, reiteramos el compromiso ...",2031684275775340550,Wed Mar 11 10:50:52 +0000 2026,bruticia1,"@sanchezcastejon Arrebatadas??? 
Asesinadas con la convivencia y utilización miserable de Zapatero, la @La_SER , @elpais_espana y la ETA. 
Ojalá se estrelle el Falcon.",0,0,0,167,0,3,0,-0.5775,negative
2031639611882037545,Wed Mar 11 07:53:24 +0000 2026,"Este #11M, Día Europeo de las Víctimas del Terrorismo, reiteramos el compromiso ...",2031684044027494610,Wed Mar 11 10:49:57 +0000 2026,PepitaManchega,@sanchezcastejon Vas a desclasificar lo de ese día o eso no interesa? HJDP,0,0,0,74,0,1,0,-0.296,negative
2031639611882037545,Wed Mar 11 07:53:24 +0000 2026,"Este #11M, Día Europeo de las Víctimas del Terrorismo, reiteramos el compromiso ...",2031683974636913029,Wed Mar 11 10:49:41 +0000 2026,ProfesorTornas5,"@sanchezcastejon Reiterais el compromiso de pactar con Bildu, llevar a cabo una amnistía encubierta a terroristas de ETA y dar una palmadita en la espalda a las víctimas para que no molesten mucho.",1,0,0,197,0,1,0,-0.296,negative
2031639611882037545,Wed Mar 11 07:53:24 +0000 2026,"Este #11M, Día Europeo de las Víctimas del Terrorismo, reiteramos el compromiso ...",2031683547556204738,Wed Mar 11 10:47:59 +0000 2026,ManchegoMarco,@sanchezcastejon Quienes lo cometieron? MUSULMANES!!!!,0,0,0,54,0,1,0,0.0,neutral
2031639611882037545,Wed Mar 11 07:53:24 +0000 2026,"Este #11M, Día Europeo de las Víctimas del Terrorismo, reiteramos el compromiso ...",2031683503742427156,Wed Mar 11 10:47:48 +0000 2026,LUND99999,@annagoritz @sanchezcastejon “Hipocresía”… https://t.co/rnwExKTMKe,0,0,1,66,0,2,1,0.0,neutral
2031639611882037545,Wed Mar 11 07:53:24 +0000 2026,"Este #11M, Día Europeo de las Víctimas del Terrorismo, reiteramos el compromiso ...",2031683181779316746,Wed Mar 11 10:46:32 +0000 2026,Ti_To14,@sanchezcastejon Y gobierna usted con el brazo político de ETA una hipocresía más.,0,0,0,82,0,1,0,0.0,neutral
2031639611882037545,Wed Mar 11 07:53:24 +0000 2026,"Este #11M, Día Europeo de las Víctimas del Terrorismo, reiteramos el compromiso ...",2031683096777457900,Wed Mar 11 10:46:11 +0000 2026,josecamayers,"@sanchezcastejon hombre no las vas a tener en el recuerdo si os las cargasteis vosotros, hijo de puta psicopata",0,0,0,111,0,1,0,-0.296,negative
2031639611882037545,Wed Mar 11 07:53:24 +0000 2026,"Este #11M, Día Europeo de las Víctimas del Terrorismo, reiteramos el compromiso ...",2031683090175738105,Wed Mar 11 10:46:10 +0000 2026,JosAnto33258013,@sanchezcastejon Desclasifica la información que se sepa la verdad.,0,0,0,67,0,1,0,0.0,neutral
2031639611882037545,Wed Mar 11 07:53:24 +0000 2026,"Este #11M, Día Europeo de las Víctimas del Terrorismo, reiteramos el compromiso ...",2031682967316090901,Wed Mar 11 10:45:40 +0000 2026,FityhhNSA,@sanchezcastejon Pues díselo a quien fue de los primeros en mentir. https://t.co/Q3q07Ywrhp,0,0,0,91,0,1,1,0.0,neutral
2031639611882037545,Wed Mar 11 07:53:24 +0000 2026,"Este #11M, Día Europeo de las Víctimas del Terrorismo, reiteramos el compromiso ...",2031682793483161655,Wed Mar 11 10:44:59 +0000 2026,Watawang,@sanchezcastejon FARSANTE https://t.co/yois4KUBAK,0,0,0,49,0,1,1,0.0,neutral
2031639611882037545,Wed Mar 11 07:53:24 +0000 2026,"Este #11M, Día Europeo de las Víctimas del Terrorismo, reiteramos el compromiso ...",2031682647986975193,Wed Mar 11 10:44:24 +0000 2026,cagarrution,@sanchezcastejon Ahora sí que te has pasado de roedor.,0,0,0,54,0,1,0,0.0,neutral
2031639611882037545,Wed Mar 11 07:53:24 +0000 2026,"Este #11M, Día Europeo de las Víctimas del Terrorismo, reiteramos el compromiso ...",2031682608531210737,Wed Mar 11 10:44:15 +0000 2026,Juanma_Candiz,@sanchezcastejon Esperemos más pronto que tarde seas también recordado este día por el mal que estás causando en #España,0,0,0,120,1,1,0,0.0,neutral
2031639611882037545,Wed Mar 11 07:53:24 +0000 2026,"Este #11M, Día Europeo de las Víctimas del Terrorismo, reiteramos el compromiso ...",2031682248043290797,Wed Mar 11 10:42:49 +0000 2026,ChiscoPardo,@sanchezcastejon Siempre con Bildu… eres cómplice. Que asco te tengo🤮,0,0,0,69,0,1,0,0.0,neutral
2031639611882037545,Wed Mar 11 07:53:24 +0000 2026,"Este #11M, Día Europeo de las Víctimas del Terrorismo, reiteramos el compromiso ...",2031681418070282611,Wed Mar 11 10:39:31 +0000 2026,UrizIglesias,@sanchezcastejon Responsabilidad del señor Aznar.,0,0,0,49,0,1,0,0.0,neutral
2031639611882037545,Wed Mar 11 07:53:24 +0000 2026,"Este #11M, Día Europeo de las Víctimas del Terrorismo, reiteramos el compromiso ...",2031681415406821594,Wed Mar 11 10:39:30 +0000 2026,annagoritz,"@LUND99999 @sanchezcastejon Hoy no es el día más adecuado para sacar vuestra hipocresía de paseo, fascistas. Queréis que España sea cómplice del imperio criminal yankisionista, Sánchez ha dicho NO y esa negativa la interpretaís como una postura pro iraní. Penoso. https://t.co/NgcMBWWctY",1,0,1,287,0,2,1,-0.7297,negative
2031639611882037545,Wed Mar 11 07:53:24 +0000 2026,"Este #11M, Día Europeo de las Víctimas del Terrorismo, reiteramos el compromiso ...",2031681402463195414,Wed Mar 11 10:39:27 +0000 2026,NaxinBode,@sanchezcastejon Perdón? Como dice? https://t.co/FksCkXR2GT,1,0,0,59,0,1,1,0.0,neutral
2031639611882037545,Wed Mar 11 07:53:24 +0000 2026,"Este #11M, Día Europeo de las Víctimas del Terrorismo, reiteramos el compromiso ...",2031681216919843164,Wed Mar 11 10:38:43 +0000 2026,Antonio66dev,"@sanchezcastejon Más de 300 asesinatos sin resolver de tus hoy mejores amigos. Eres, Pedro Sánchez, el peor dirigente de la la Historia de España, y el más traidor y liberticida además.",0,0,0,185,0,1,0,-0.4404,negative
2031639611882037545,Wed Mar 11 07:53:24 +0000 2026,"Este #11M, Día Europeo de las Víctimas del Terrorismo, reiteramos el compromiso ...",2031681069435527593,Wed Mar 11 10:38:08 +0000 2026,Mistersoldad0,@sanchezcastejon Maldito traidor https://t.co/A5ptYgbt9V,0,0,0,56,0,1,1,0.0,neutral
2031639611882037545,Wed Mar 11 07:53:24 +0000 2026,"Este #11M, Día Europeo de las Víctimas del Terrorismo, reiteramos el compromiso ...",2031680924749050127,Wed Mar 11 10:37:33 +0000 2026,JupiterOceanSun,"@sanchezcastejon Si sumas los números de los vehículos, todos suman ""16"". Tres 16.",0,0,0,82,0,1,0,0.0,neutral
2031639611882037545,Wed Mar 11 07:53:24 +0000 2026,"Este #11M, Día Europeo de las Víctimas del Terrorismo, reiteramos el compromiso ...",2031680751226237046,Wed Mar 11 10:36:52 +0000 2026,pol64647165,"@sanchezcastejon terrorismo de estado, tu estado",0,0,0,48,0,1,0,0.0,neutral
2031639611882037545,Wed Mar 11 07:53:24 +0000 2026,"Este #11M, Día Europeo de las Víctimas del Terrorismo, reiteramos el compromiso ...",2031680618413654439,Wed Mar 11 10:36:20 +0000 2026,fanjul_gmez,"@sanchezcastejon No tienes vergüenza ninguna.
Eres impresentable!",0,0,0,65,0,1,0,-0.3595,negative
2031639611882037545,Wed Mar 11 07:53:24 +0000 2026,"Este #11M, Día Europeo de las Víctimas del Terrorismo, reiteramos el compromiso ...",2031680554987376918,Wed Mar 11 10:36:05 +0000 2026,Razzmatazzzzz,@sanchezcastejon @PSOE https://t.co/KjOHMg0v0p,0,0,0,46,0,2,1,0.0,neutral
2031639611882037545,Wed Mar 11 07:53:24 +0000 2026,"Este #11M, Día Europeo de las Víctimas del Terrorismo, reiteramos el compromiso ...",2031680301198352630,Wed Mar 11 10:35:05 +0000 2026,JosAnto9172318,@sanchezcastejon Ni olvido ni perdón https://t.co/VydvRYqqD0,2,0,0,60,0,1,1,0.0,neutral
2031639611882037545,Wed Mar 11 07:53:24 +0000 2026,"Este #11M, Día Europeo de las Víctimas del Terrorismo, reiteramos el compromiso ...",2031680252531855777,Wed Mar 11 10:34:53 +0000 2026,grok,@AnirFCB @Euskaalherria @alphezz_ @sanchezcastejon Ask Grok está disponible actualmente solo para suscriptores Premium y Premium+. Suscríbete para desbloquear esta función: https://t.co/qGVgc5SQlV,0,0,0,196,0,4,1,0.0,neutral
2031639611882037545,Wed Mar 11 07:53:24 +0000 2026,"Este #11M, Día Europeo de las Víctimas del Terrorismo, reiteramos el compromiso ...",2031680227986780199,Wed Mar 11 10:34:47 +0000 2026,AnirFCB,"@grok @Euskaalherria @alphezz_ @sanchezcastejon “ask grok”

📍Almendralejo",1,0,1,73,0,4,0,0.0,neutral
2031639611882037545,Wed Mar 11 07:53:24 +0000 2026,"Este #11M, Día Europeo de las Víctimas del Terrorismo, reiteramos el compromiso ...",2031680191425028202,Wed Mar 11 10:34:39 +0000 2026,annagoritz,"@Luilly_Spain @sanchezcastejon Ya estaban tardando los fachas en sacar el comodín de ETA. 
No tenéis respeto por nada.",0,0,1,118,0,2,0,-0.296,negative
2031639611882037545,Wed Mar 11 07:53:24 +0000 2026,"Este #11M, Día Europeo de las Víctimas del Terrorismo, reiteramos el compromiso ...",2031680018158391591,Wed Mar 11 10:33:57 +0000 2026,seucsavan,@sanchezcastejon Algún día se sabrá la verdad.,0,0,0,46,0,1,0,0.0,neutral
2031639611882037545,Wed Mar 11 07:53:24 +0000 2026,"Este #11M, Día Europeo de las Víctimas del Terrorismo, reiteramos el compromiso ...",2031679839233839235,Wed Mar 11 10:33:15 +0000 2026,JupiterOceanSun,@sanchezcastejon 🙏,0,0,1,18,0,1,0,0.0,neutral
2031639611882037545,Wed Mar 11 07:53:24 +0000 2026,"Este #11M, Día Europeo de las Víctimas del Terrorismo, reiteramos el compromiso ...",2031679737601417555,Wed Mar 11 10:32:50 +0000 2026,grok,@AnirFCB @Euskaalherria @alphezz_ @sanchezcastejon Ask Grok está disponible actualmente solo para suscriptores Premium y Premium+. Suscríbete para desbloquear esta función: https://t.co/bun0gxnb6b,0,0,1,196,0,4,1,0.0,neutral
2031639611882037545,Wed Mar 11 07:53:24 +0000 2026,"Este #11M, Día Europeo de las Víctimas del Terrorismo, reiteramos el compromiso ...",2031679713190563904,Wed Mar 11 10:32:45 +0000 2026,AnirFCB,@grok @Euskaalherria @alphezz_ @sanchezcastejon para ya no?,0,0,1,59,0,4,0,0.0,neutral
2031639611882037545,Wed Mar 11 07:53:24 +0000 2026,"Este #11M, Día Europeo de las Víctimas del Terrorismo, reiteramos el compromiso ...",2031679356280377430,Wed Mar 11 10:31:19 +0000 2026,mandahuevooos,@sanchezcastejon Y las más de 800 victimas de ETA NO SIEMPRE EN TU RECUERDO NO ? Porque lo que interesa es reivindicar tu no a la guerra..,0,0,0,138,0,1,0,-0.7944,negative
2031639611882037545,Wed Mar 11 07:53:24 +0000 2026,"Este #11M, Día Europeo de las Víctimas del Terrorismo, reiteramos el compromiso ...",2031679317839688077,Wed Mar 11 10:31:10 +0000 2026,ZZipotte,@sanchezcastejon Háztelo mirar...,1,0,0,33,0,1,0,0.0,neutral
2031639611882037545,Wed Mar 11 07:53:24 +0000 2026,"Este #11M, Día Europeo de las Víctimas del Terrorismo, reiteramos el compromiso ...",2031679290593394844,Wed Mar 11 10:31:04 +0000 2026,AngusFechi63046,"@sanchezcastejon Great, remember the victims after we talked about the legalised +500 thousands illegals who are potential terrorists!",0,0,0,134,0,1,0,-0.3802,negative
2031639611882037545,Wed Mar 11 07:53:24 +0000 2026,"Este #11M, Día Europeo de las Víctimas del Terrorismo, reiteramos el compromiso ...",2031678997734584475,Wed Mar 11 10:29:54 +0000 2026,pipogligli1,@sanchezcastejon Los responsables de estos atentados del 11M son los mismos que apoyáis hoy el estado islámico de Iran !,0,0,0,120,0,1,0,0.0,neutral
2031639611882037545,Wed Mar 11 07:53:24 +0000 2026,"Este #11M, Día Europeo de las Víctimas del Terrorismo, reiteramos el compromiso ...",2031678690585694354,Wed Mar 11 10:28:41 +0000 2026,MariaMorenoMa18,"@sanchezcastejon Eres un demonio ,galgo lo peor q le a pasado a los españoles y la UE",0,0,0,85,0,1,0,0.0,neutral
2031639611882037545,Wed Mar 11 07:53:24 +0000 2026,"Este #11M, Día Europeo de las Víctimas del Terrorismo, reiteramos el compromiso ...",2031678690115907916,Wed Mar 11 10:28:41 +0000 2026,JoaquinSolano1,@sanchezcastejon @PSOE Olvidas las victimas de ETA??Das asco,0,0,0,60,0,2,0,0.0,neutral
2031639611882037545,Wed Mar 11 07:53:24 +0000 2026,"Este #11M, Día Europeo de las Víctimas del Terrorismo, reiteramos el compromiso ...",2031678554799231473,Wed Mar 11 10:28:08 +0000 2026,AMagnificiem,@sanchezcastejon @psoedeandalucia https://t.co/VnOpFk0XPz,0,0,0,57,0,2,1,0.0,neutral
2031639611882037545,Wed Mar 11 07:53:24 +0000 2026,"Este #11M, Día Europeo de las Víctimas del Terrorismo, reiteramos el compromiso ...",2031678516429762589,Wed Mar 11 10:27:59 +0000 2026,IvanRacajF,"@sanchezcastejon Formas parte de los culpables, por acción y/u omisión, la Historia decidirá y así pasarás a ella.",0,0,0,114,0,1,0,0.0,neutral
2031639611882037545,Wed Mar 11 07:53:24 +0000 2026,"Este #11M, Día Europeo de las Víctimas del Terrorismo, reiteramos el compromiso ...",2031678115903164610,Wed Mar 11 10:26:24 +0000 2026,roces_fernandez,@sanchezcastejon @psoedeandalucia https://t.co/FScOuIMbzl,0,0,0,57,0,2,1,0.0,neutral
2031639611882037545,Wed Mar 11 07:53:24 +0000 2026,"Este #11M, Día Europeo de las Víctimas del Terrorismo, reiteramos el compromiso ...",2031677970759254040,Wed Mar 11 10:25:49 +0000 2026,Carlos576027,"@sanchezcastejon 8 m 
11 m
La m es de coMa 💩 
-
El hombre femeninista
-
Todo hombre violento es pierde una mujer violenta y maltratadora lo crió
-
Eduque a las españolas y así no abra hombres maltratadores 
-",0,0,0,208,0,1,0,-0.296,negative
2031639611882037545,Wed Mar 11 07:53:24 +0000 2026,"Este #11M, Día Europeo de las Víctimas del Terrorismo, reiteramos el compromiso ...",2031677957664621049,Wed Mar 11 10:25:46 +0000 2026,dragodoy1,@sanchezcastejon https://t.co/uzuxNUj1Uf,0,0,0,40,0,1,1,0.0,neutral
2031639611882037545,Wed Mar 11 07:53:24 +0000 2026,"Este #11M, Día Europeo de las Víctimas del Terrorismo, reiteramos el compromiso ...",2031677861803774458,Wed Mar 11 10:25:23 +0000 2026,decaledes,"@sanchezcastejon Gobiernas con los herederos de una banda terrorista, hipócrita hijo de satanás.",0,0,0,96,0,1,0,0.0,neutral
2031639611882037545,Wed Mar 11 07:53:24 +0000 2026,"Este #11M, Día Europeo de las Víctimas del Terrorismo, reiteramos el compromiso ...",2031677440288784696,Wed Mar 11 10:23:43 +0000 2026,Neroazurri0605,"@sanchezcastejon El compromiso con el Comando Rub-Al-Kaba, la SER, Lo País y Bambi presidente. La Pisoe cr1m1nal.",0,0,0,113,0,1,0,0.0,neutral
2031639611882037545,Wed Mar 11 07:53:24 +0000 2026,"Este #11M, Día Europeo de las Víctimas del Terrorismo, reiteramos el compromiso ...",2031677365391122508,Wed Mar 11 10:23:25 +0000 2026,CloneFordo,@sanchezcastejon Y lo dice el que negocia con Bildu y ventas de armas con Irán. Muy acertado tu comentario psicópata.,0,0,0,117,0,1,0,0.0,neutral
2031639611882037545,Wed Mar 11 07:53:24 +0000 2026,"Este #11M, Día Europeo de las Víctimas del Terrorismo, reiteramos el compromiso ...",2031677308537286756,Wed Mar 11 10:23:11 +0000 2026,FranMar51973951,@sanchezcastejon Cómplice de aquello. Asqueroso,0,0,0,47,0,1,0,0.0,neutral
2031639611882037545,Wed Mar 11 07:53:24 +0000 2026,"Este #11M, Día Europeo de las Víctimas del Terrorismo, reiteramos el compromiso ...",2031677114961850474,Wed Mar 11 10:22:25 +0000 2026,grok,@AnirFCB @Euskaalherria @alphezz_ @sanchezcastejon O Ask Grok está disponível atualmente apenas para assinantes Premium e Premium+. Assine para desbloquear este recurso: https://t.co/crOT4ruPoQ,0,0,1,193,0,4,1,0.0,neutral
2031639611882037545,Wed Mar 11 07:53:24 +0000 2026,"Este #11M, Día Europeo de las Víctimas del Terrorismo, reiteramos el compromiso ...",2031677090513240156,Wed Mar 11 10:22:19 +0000 2026,AnirFCB,@grok @Euskaalherria @alphezz_ @sanchezcastejon ostia se te acaba de ir eh,1,0,1,74,0,4,0,0.0,neutral
2031639611882037545,Wed Mar 11 07:53:24 +0000 2026,"Este #11M, Día Europeo de las Víctimas del Terrorismo, reiteramos el compromiso ...",2031676899714372059,Wed Mar 11 10:21:34 +0000 2026,I_Mandamiento,"@sanchezcastejon Recordad que si nos tienen que matar para conseguir su beneficio, lo harán sin ningún tipo de pudor ni escrúpulo. 
Y encima les dais permiso para que lo hagan metiendo el voto en la urna.",0,0,0,204,0,1,0,-0.5574,negative
2031639611882037545,Wed Mar 11 07:53:24 +0000 2026,"Este #11M, Día Europeo de las Víctimas del Terrorismo, reiteramos el compromiso ...",2031676829614948355,Wed Mar 11 10:21:17 +0000 2026,Harritzekoa,@sanchezcastejon Fuente original: terrorismo sionista https://t.co/CAo3u85ySC,0,0,0,77,0,1,1,0.3182,positive
2031639611882037545,Wed Mar 11 07:53:24 +0000 2026,"Este #11M, Día Europeo de las Víctimas del Terrorismo, reiteramos el compromiso ...",2031676803924767183,Wed Mar 11 10:21:11 +0000 2026,ElisaGilRodrig1,"@sanchezcastejon @lafont53 La lógica va en sentido contrario. La ética es vista como una traición , cuando en realidad es pura supervivencia y coherencia para que no se repitan los mismos patrones de conflictos Pasados ( Como Irak) a pesar de las lecciones Aprendidas.. Gracias por no ceder ...💪👏👏 https://t.co/Hdi0AO5NfG",1,0,0,321,0,2,1,-0.5267,negative
2031639611882037545,Wed Mar 11 07:53:24 +0000 2026,"Este #11M, Día Europeo de las Víctimas del Terrorismo, reiteramos el compromiso ...",2031676707380314501,Wed Mar 11 10:20:48 +0000 2026,Claragermain27,"@sanchezcastejon Los tendrás en el recuerdo todos los días, es los que ves cada día. 
A ti las víctimas del terrorismo te importan una 💩. A tí sólo te importa lo tuyo",0,0,0,166,0,1,0,0.0,neutral
2031639611882037545,Wed Mar 11 07:53:24 +0000 2026,"Este #11M, Día Europeo de las Víctimas del Terrorismo, reiteramos el compromiso ...",2031676550660182193,Wed Mar 11 10:20:11 +0000 2026,FranOrcajo,"@sanchezcastejon @felixbolanosg Yo dejo acá, presidente, mi recuerdo y homenaje a quien padeció el secuestro más largo perpetrado por ETA. https://t.co/dRfsSIJFbH",0,0,0,162,0,2,1,0.0,neutral
2031639611882037545,Wed Mar 11 07:53:24 +0000 2026,"Este #11M, Día Europeo de las Víctimas del Terrorismo, reiteramos el compromiso ...",2031676268928709111,Wed Mar 11 10:19:03 +0000 2026,JorgeSeplvedaR1,@sanchezcastejon Desclasifica el 11M Dirty Artista https://t.co/MzBmmx4flI,2,0,0,74,0,1,1,-0.4404,negative
2031639611882037545,Wed Mar 11 07:53:24 +0000 2026,"Este #11M, Día Europeo de las Víctimas del Terrorismo, reiteramos el compromiso ...",2031676224976687112,Wed Mar 11 10:18:53 +0000 2026,MansasAguas,"@sanchezcastejon Menos con las de tus amigos de Bildu, que has puesto a terroristas en el Gobierno.",1,0,0,99,0,1,0,0.0,neutral
2031639611882037545,Wed Mar 11 07:53:24 +0000 2026,"Este #11M, Día Europeo de las Víctimas del Terrorismo, reiteramos el compromiso ...",2031676043237449981,Wed Mar 11 10:18:10 +0000 2026,benibick,"@sanchezcastejon España, uno de los países más devastados por el terrorismo. 
Un terrorismo que duró décadas y dejó miles de víctimas, entre muertos, heridos, exiliados, coaccionados...
Un terrorismo de izquierdas, bruto y sin sentido, ejecutado por el grupo terrorista ETA.

Y hoy, son sus socios",0,0,0,297,0,1,0,-0.5574,negative
2031639611882037545,Wed Mar 11 07:53:24 +0000 2026,"Este #11M, Día Europeo de las Víctimas del Terrorismo, reiteramos el compromiso ...",2031675962195145044,Wed Mar 11 10:17:50 +0000 2026,basadezzzz,@sanchezcastejon Esas 193 vidas valen más que la tuya. El PSOE detrás de sus muertes. Ni olvido ni perdón.,0,0,0,106,0,1,0,0.0,neutral
2031639611882037545,Wed Mar 11 07:53:24 +0000 2026,"Este #11M, Día Europeo de las Víctimas del Terrorismo, reiteramos el compromiso ...",2031675852551815232,Wed Mar 11 10:17:24 +0000 2026,Ll0689038785992,@sanchezcastejon https://t.co/6EwdBic7Ew,0,0,0,40,0,1,1,0.0,neutral
2031639611882037545,Wed Mar 11 07:53:24 +0000 2026,"Este #11M, Día Europeo de las Víctimas del Terrorismo, reiteramos el compromiso ...",2031675588012834909,Wed Mar 11 10:16:21 +0000 2026,Felipep07215484,@sanchezcastejon Cuando vas a desclasificar los documentos reservados del 11M?,0,0,0,78,0,1,0,0.0,neutral
2031639611882037545,Wed Mar 11 07:53:24 +0000 2026,"Este #11M, Día Europeo de las Víctimas del Terrorismo, reiteramos el compromiso ...",2031675478172393626,Wed Mar 11 10:15:55 +0000 2026,Gaviota662,@sanchezcastejon Las de ETA no fueron víctimas del terrorismo? menudo rasero,0,0,0,76,0,1,0,-0.296,negative
2031639611882037545,Wed Mar 11 07:53:24 +0000 2026,"Este #11M, Día Europeo de las Víctimas del Terrorismo, reiteramos el compromiso ...",2031675420400128157,Wed Mar 11 10:15:41 +0000 2026,PanizoDel39794,@sanchezcastejon Aquí el amigo de ETA hablando no se qué de terrorismo.,0,0,0,71,0,1,0,-0.296,negative
2031639611882037545,Wed Mar 11 07:53:24 +0000 2026,"Este #11M, Día Europeo de las Víctimas del Terrorismo, reiteramos el compromiso ...",2031675275637891359,Wed Mar 11 10:15:07 +0000 2026,grok,@Euskaalherria @alphezz_ @sanchezcastejon Ask Grok är för närvarande tillgängligt enbart för Premium- och Premium+-prenumeranter. Prenumerera för att låsa upp denna funktion: https://t.co/C0dgrep8tV,0,0,1,198,0,3,1,0.0,neutral
2031639611882037545,Wed Mar 11 07:53:24 +0000 2026,"Este #11M, Día Europeo de las Víctimas del Terrorismo, reiteramos el compromiso ...",2031675250451120461,Wed Mar 11 10:15:01 +0000 2026,Euskaalherria,@alphezz_ @grok @sanchezcastejon honor,1,0,1,38,0,3,0,0.4939,positive
2031639611882037545,Wed Mar 11 07:53:24 +0000 2026,"Este #11M, Día Europeo de las Víctimas del Terrorismo, reiteramos el compromiso ...",2031675235167096844,Wed Mar 11 10:14:57 +0000 2026,marcarame,@sanchezcastejon No vendas armas,0,0,0,32,0,1,0,-0.296,negative
2031639611882037545,Wed Mar 11 07:53:24 +0000 2026,"Este #11M, Día Europeo de las Víctimas del Terrorismo, reiteramos el compromiso ...",2031675219203563657,Wed Mar 11 10:14:53 +0000 2026,Sfcasual75,"@sanchezcastejon Nunca te escucho hablar de la victimas de ETA , TRAIDOR!",0,0,0,73,0,1,0,0.0,neutral
2031639611882037545,Wed Mar 11 07:53:24 +0000 2026,"Este #11M, Día Europeo de las Víctimas del Terrorismo, reiteramos el compromiso ...",2031675111506391266,Wed Mar 11 10:14:27 +0000 2026,3dgar33,@sanchezcastejon @PSOE Compromiso de Sánchez con las víctimas del Terror de sus socios #11M https://t.co/GO4C3mJIzB,0,0,0,115,1,2,1,-0.5267,negative
2031639611882037545,Wed Mar 11 07:53:24 +0000 2026,"Este #11M, Día Europeo de las Víctimas del Terrorismo, reiteramos el compromiso ...",2031675034347991532,Wed Mar 11 10:14:09 +0000 2026,lionPerez5,@sanchezcastejon Con los socios que tiene no es usted creíble,0,0,0,61,0,1,0,-0.296,negative
2031639611882037545,Wed Mar 11 07:53:24 +0000 2026,"Este #11M, Día Europeo de las Víctimas del Terrorismo, reiteramos el compromiso ...",2031675021031055407,Wed Mar 11 10:14:06 +0000 2026,JuanJoseCa32824,"@sanchezcastejon Parece q Aznar puso las bombas, el autor intelectual fue Amer Azizi, marroquí, los ejecutores Gnaoui y Zougam, marroquíes. En BCN 2017 tambien marroquies, Con esos antecedentes seguimos aceptando inmigración masiva sin filtrar por parte de Marruecos. Quien nos dice q no hay más?",0,0,0,296,0,1,0,-0.7003,negative
2031639611882037545,Wed Mar 11 07:53:24 +0000 2026,"Este #11M, Día Europeo de las Víctimas del Terrorismo, reiteramos el compromiso ...",2031674801417232782,Wed Mar 11 10:13:14 +0000 2026,damajo1980,"@sanchezcastejon Como ya te https://t.co/YW3YJ40Zlt por lo Trilero que eres, estas noticias ya no nos sorprenden.
https://t.co/YW3YJ40Zlt",0,0,0,137,0,1,2,-0.296,negative
2031639611882037545,Wed Mar 11 07:53:24 +0000 2026,"Este #11M, Día Europeo de las Víctimas del Terrorismo, reiteramos el compromiso ...",2031674752209653972,Wed Mar 11 10:13:02 +0000 2026,cryptoexplain,"@sanchezcastejon Y hoy gobiernas con ETA: el grupo TERRORISTA más sanguinario jamás visto en España. Eres verdaderamente un ser despreciable. Perpetua sería poco para que pagaras por todo el daño que estás causando a España, HDP!! https://t.co/HtabRPsukw",0,0,0,254,0,1,1,0.0,neutral
2031639611882037545,Wed Mar 11 07:53:24 +0000 2026,"Este #11M, Día Europeo de las Víctimas del Terrorismo, reiteramos el compromiso ...",2031674670303338843,Wed Mar 11 10:12:42 +0000 2026,grok,@Tuco2FN @alphezz_ @sanchezcastejon Ask Grok está disponible actualmente solo para suscriptores Premium y Premium+. Suscríbete para desbloquear esta función: https://t.co/XJGLWMuajU,0,0,0,181,0,3,1,0.0,neutral
2031639611882037545,Wed Mar 11 07:53:24 +0000 2026,"Este #11M, Día Europeo de las Víctimas del Terrorismo, reiteramos el compromiso ...",2031674513486672038,Wed Mar 11 10:12:05 +0000 2026,_Hod3i,"@sanchezcastejon Te olvidas de las 853 victimas de ETA, por lo que sea....https://t.co/UaTULKS6Tj",0,0,0,97,0,1,1,0.0,neutral
2031639611882037545,Wed Mar 11 07:53:24 +0000 2026,"Este #11M, Día Europeo de las Víctimas del Terrorismo, reiteramos el compromiso ...",2031674486123278548,Wed Mar 11 10:11:58 +0000 2026,voxporespaxm,@sanchezcastejon Maduro,0,0,0,23,0,1,0,0.0,neutral
2031639611882037545,Wed Mar 11 07:53:24 +0000 2026,"Este #11M, Día Europeo de las Víctimas del Terrorismo, reiteramos el compromiso ...",2031674433388061136,Wed Mar 11 10:11:46 +0000 2026,Auro71,@sanchezcastejon Que día desclasificas los papeles del 11M ??,0,0,0,61,0,1,0,0.0,neutral
2031639611882037545,Wed Mar 11 07:53:24 +0000 2026,"Este #11M, Día Europeo de las Víctimas del Terrorismo, reiteramos el compromiso ...",2031674393256972780,Wed Mar 11 10:11:36 +0000 2026,Javiermorais3,@sanchezcastejon @PSOE Como puedes ser tan hp??... así de simple.,0,0,0,65,0,2,0,0.0,neutral
2031639611882037545,Wed Mar 11 07:53:24 +0000 2026,"Este #11M, Día Europeo de las Víctimas del Terrorismo, reiteramos el compromiso ...",2031674190407877066,Wed Mar 11 10:10:48 +0000 2026,Amparo70385200,@sanchezcastejon @PSOE Esto no lo desclasificas ? Ya es hora que sepamos quien o quienes mataron a más de 200 trabajadores y estudiantes,0,0,0,136,0,2,0,-0.296,negative
2031639611882037545,Wed Mar 11 07:53:24 +0000 2026,"Este #11M, Día Europeo de las Víctimas del Terrorismo, reiteramos el compromiso ...",2031674022501499228,Wed Mar 11 10:10:08 +0000 2026,sorchichi,@sanchezcastejon No a la guerra https://t.co/09QPRAkCTJ,0,0,0,55,0,1,1,-0.296,negative
2031639611882037545,Wed Mar 11 07:53:24 +0000 2026,"Este #11M, Día Europeo de las Víctimas del Terrorismo, reiteramos el compromiso ...",2031673973323259935,Wed Mar 11 10:09:56 +0000 2026,BruceWayne__101,@sanchezcastejon Buen golpe de estado para que la rata de Zapatero empezase con la destrucción de España. Vais genial enhorabuena.,0,0,0,130,0,1,0,0.4215,positive
2031639611882037545,Wed Mar 11 07:53:24 +0000 2026,"Este #11M, Día Europeo de las Víctimas del Terrorismo, reiteramos el compromiso ...",2031673864564916706,Wed Mar 11 10:09:30 +0000 2026,TR_iyiyim,@sanchezcastejon 😢🤲🏻💔,0,0,0,21,0,1,0,-0.25,negative
2031639611882037545,Wed Mar 11 07:53:24 +0000 2026,"Este #11M, Día Europeo de las Víctimas del Terrorismo, reiteramos el compromiso ...",2031673716396953771,Wed Mar 11 10:08:55 +0000 2026,enriic_21,@sanchezcastejon Tu estás con ellos sinvergüenza,0,0,0,48,0,1,0,0.0,neutral
2031639611882037545,Wed Mar 11 07:53:24 +0000 2026,"Este #11M, Día Europeo de las Víctimas del Terrorismo, reiteramos el compromiso ...",2031673546611507318,Wed Mar 11 10:08:14 +0000 2026,_robert_neville,@sanchezcastejon De esto no desclasificas nada eh farsante. Sois todos complices de esta farsa. QUEREMOS SABER LA VERDAD.,0,0,0,121,0,1,0,-0.296,negative
2031639611882037545,Wed Mar 11 07:53:24 +0000 2026,"Este #11M, Día Europeo de las Víctimas del Terrorismo, reiteramos el compromiso ...",2031673511794663855,Wed Mar 11 10:08:06 +0000 2026,leugim87394,"@sanchezcastejon El 11M fue la consecuencia del apoyo a una guerra ilegal y actualmente ppvox siguen en lo mismo . Apoyar a un delincuente demente pedófilo , no es el camino y traicionar a España menos",0,0,0,201,0,1,0,-0.296,negative
2031639611882037545,Wed Mar 11 07:53:24 +0000 2026,"Este #11M, Día Europeo de las Víctimas del Terrorismo, reiteramos el compromiso ...",2031673496242102291,Wed Mar 11 10:08:02 +0000 2026,Rlib75,"@sanchezcastejon Desclasificar toda la documentación del #11M sería memoria democrática.
Pero algo me dice que la memoria democrática sólo sirve para beneficios partidistas y solo para algunos.
#PsoeOrganizaciónCriminal 
#PsoeMafia
#PSOETraficoDeArmas
#PedroSanchezAPrision",1,0,0,273,5,1,0,0.0,neutral
2031639611882037545,Wed Mar 11 07:53:24 +0000 2026,"Este #11M, Día Europeo de las Víctimas del Terrorismo, reiteramos el compromiso ...",2031673496200196118,Wed Mar 11 10:08:02 +0000 2026,JaimeFideoBeca,@sanchezcastejon https://t.co/a57IxOEstK,0,0,0,40,0,1,1,0.0,neutral
2031639611882037545,Wed Mar 11 07:53:24 +0000 2026,"Este #11M, Día Europeo de las Víctimas del Terrorismo, reiteramos el compromiso ...",2031673220915511307,Wed Mar 11 10:06:57 +0000 2026,juanqs1970,@sanchezcastejon A ver si hay huevos a desclasificar los documentos del 11 M. https://t.co/h7zHnqVHqZ,0,0,0,101,0,1,1,0.0,neutral
2031639611882037545,Wed Mar 11 07:53:24 +0000 2026,"Este #11M, Día Europeo de las Víctimas del Terrorismo, reiteramos el compromiso ...",2031672916908159438,Wed Mar 11 10:05:44 +0000 2026,Dagua_yo,"@sanchezcastejon @felixbolanosg Vale Sánchez, tú a lo tuyo, la venta de humo. Hoy sale tu Forestalia, uno de los tuyos crea 20 Sociedades el mismo día para tapar sus atracos. Ayer Iceta, tu profesor de baile. Estáis todos metidos, todos en el ajo y os comportáis como si no pasara nada. Tenéis que ir a la cárcel",0,0,0,312,0,2,0,-0.296,negative
2031639611882037545,Wed Mar 11 07:53:24 +0000 2026,"Este #11M, Día Europeo de las Víctimas del Terrorismo, reiteramos el compromiso ...",2031672877733269654,Wed Mar 11 10:05:35 +0000 2026,GabelaRaul,@sanchezcastejon Que te ha contado Zapatero de aquello???,0,0,0,57,0,1,0,0.4479,positive
2031639611882037545,Wed Mar 11 07:53:24 +0000 2026,"Este #11M, Día Europeo de las Víctimas del Terrorismo, reiteramos el compromiso ...",2031672825694630089,Wed Mar 11 10:05:22 +0000 2026,Sobrevivirr,"@sanchezcastejon @oliviermoon_aut Lo curioso es q el mismo tipo, #Aznar ,q nos metió en aquella guerra ilegal y q nos llvó a aquella masacre #11M ,habiendo pasado+d 20 años,sigue dfendiendo lo mismo,q hay q estar c el bando q ha comenzado la #guerra 

NO LO OLVIDES CUANDO VAYAS A VOTAR!
#YoConPedro 
#NoALAGuerra",5,2,0,313,5,2,0,-0.2083,negative
2031639611882037545,Wed Mar 11 07:53:24 +0000 2026,"Este #11M, Día Europeo de las Víctimas del Terrorismo, reiteramos el compromiso ...",2031672674347258088,Wed Mar 11 10:04:46 +0000 2026,Jos72706311,@sanchezcastejon Esto es para ti y tú herramienta HODIO. https://t.co/R3Nvuc6BQ8,1,0,0,80,0,1,1,0.0,neutral
2031639611882037545,Wed Mar 11 07:53:24 +0000 2026,"Este #11M, Día Europeo de las Víctimas del Terrorismo, reiteramos el compromiso ...",2031672657649778816,Wed Mar 11 10:04:42 +0000 2026,jrodriguezcrr,"@sanchezcastejon QUE TE JODAN, HDLGP",0,0,0,36,0,1,0,0.0,neutral
2031639611882037545,Wed Mar 11 07:53:24 +0000 2026,"Este #11M, Día Europeo de las Víctimas del Terrorismo, reiteramos el compromiso ...",2031672645603729799,Wed Mar 11 10:04:40 +0000 2026,noindepencat,@sanchezcastejon @desdelamoncloa Hipócrita!!,0,0,0,44,0,2,0,0.0,neutral
2031639611882037545,Wed Mar 11 07:53:24 +0000 2026,"Este #11M, Día Europeo de las Víctimas del Terrorismo, reiteramos el compromiso ...",2031672601878077552,Wed Mar 11 10:04:29 +0000 2026,sonsolesoz,@sanchezcastejon Y todavía no sabemos quién estuvo detrás,0,0,0,57,0,1,0,-0.296,negative
2031639611882037545,Wed Mar 11 07:53:24 +0000 2026,"Este #11M, Día Europeo de las Víctimas del Terrorismo, reiteramos el compromiso ...",2031672553459134846,Wed Mar 11 10:04:18 +0000 2026,CarmenP04574583,"@sanchezcastejon @PSOE Sánchez en la intimidad : cuanto más dure la guerra , mejor, Hacienda “hace el
agosto”, tendremos + dinero para dárselo a independentistas y que sigan pagando mi alquiler mensual en Moncloa. Hemos  de seguir vendiendo lo del Derecho Internacional, aunque muera gente .",1,0,0,291,0,2,0,0.0,neutral
2031639611882037545,Wed Mar 11 07:53:24 +0000 2026,"Este #11M, Día Europeo de las Víctimas del Terrorismo, reiteramos el compromiso ...",2031672435494224297,Wed Mar 11 10:03:49 +0000 2026,glabgom,@maribelbotoah @sanchezcastejon Tenía que estar apartado de la carrera judicial.,1,0,1,80,0,2,0,0.0,neutral
2031639611882037545,Wed Mar 11 07:53:24 +0000 2026,"Este #11M, Día Europeo de las Víctimas del Terrorismo, reiteramos el compromiso ...",2031672322881470845,Wed Mar 11 10:03:23 +0000 2026,pechadesufrir,"@sanchezcastejon Después de blanquear y echarse en brazos de TERRORISTAS a cambio de votos.
Permitir homenajes, acercar y liberar presos.
Ningunear a las FCSE negándoles material humano, medios, equiparación salarial, ser profesión de riesgo...
Me da pena decirlo pero Usted no tiene vergüenza",1,1,0,293,0,1,0,-0.296,negative
2031639611882037545,Wed Mar 11 07:53:24 +0000 2026,"Este #11M, Día Europeo de las Víctimas del Terrorismo, reiteramos el compromiso ...",2031671934535037257,Wed Mar 11 10:01:50 +0000 2026,Alvaropuchol88,@sanchezcastejon Asesinos,0,0,0,25,0,1,0,0.0,neutral
2031639611882037545,Wed Mar 11 07:53:24 +0000 2026,"Este #11M, Día Europeo de las Víctimas del Terrorismo, reiteramos el compromiso ...",2031671764921483762,Wed Mar 11 10:01:10 +0000 2026,fppastor,"@rociopalaciosh @sanchezcastejon El Presidente dice que”11M día Europeo de las víctimas de terrorismo” parece incluye a todas las víctimas, pero claro, a ver si habla de las víctimas de ETA igual se enojan los socios parlamentarios",0,0,0,231,0,2,0,0.0,neutral
2031639611882037545,Wed Mar 11 07:53:24 +0000 2026,"Este #11M, Día Europeo de las Víctimas del Terrorismo, reiteramos el compromiso ...",2031671494233739543,Wed Mar 11 10:00:05 +0000 2026,Arien_Rebeca,@sanchezcastejon Tenéis demasiada mierda encima y más con los trenes https://t.co/2ngQqWnbcJ,0,0,0,92,0,1,1,0.0,neutral
2031639611882037545,Wed Mar 11 07:53:24 +0000 2026,"Este #11M, Día Europeo de las Víctimas del Terrorismo, reiteramos el compromiso ...",2031671372275909003,Wed Mar 11 09:59:36 +0000 2026,JusticiaYou,@sanchezcastejon De las víctimas de ETA no te acuerdas??,0,0,0,56,0,1,0,-0.3736,negative
2031639611882037545,Wed Mar 11 07:53:24 +0000 2026,"Este #11M, Día Europeo de las Víctimas del Terrorismo, reiteramos el compromiso ...",2031671343750807720,Wed Mar 11 09:59:29 +0000 2026,alfon650,@sanchezcastejon Habló el amigo de la ETA.,0,0,0,42,0,1,0,0.0,neutral
2031639611882037545,Wed Mar 11 07:53:24 +0000 2026,"Este #11M, Día Europeo de las Víctimas del Terrorismo, reiteramos el compromiso ...",2031671304638566657,Wed Mar 11 09:59:20 +0000 2026,IvnLpez90770852,"@sanchezcastejon PSOE Factory fue aquello. Gracias a lo cual, ZP, el mayor cáncer que hemos padecido junto contigo, ganó unas elecciones. https://t.co/exNlcH47YX",4,1,0,161,0,1,1,0.0,neutral
2031639611882037545,Wed Mar 11 07:53:24 +0000 2026,"Este #11M, Día Europeo de las Víctimas del Terrorismo, reiteramos el compromiso ...",2031671242349056302,Wed Mar 11 09:59:05 +0000 2026,Msanluc666,@sanchezcastejon Habla con Zapatero y contar lo que pasó realmente.,0,0,0,67,0,1,0,0.0,neutral
2031639611882037545,Wed Mar 11 07:53:24 +0000 2026,"Este #11M, Día Europeo de las Víctimas del Terrorismo, reiteramos el compromiso ...",2031671061515817433,Wed Mar 11 09:58:22 +0000 2026,metalweedmon,"@sanchezcastejon Hijo de puta, estás en el poder con el apoyo de terroristas.",0,0,0,77,0,1,0,0.0,neutral
2031639611882037545,Wed Mar 11 07:53:24 +0000 2026,"Este #11M, Día Europeo de las Víctimas del Terrorismo, reiteramos el compromiso ...",2031670922839482875,Wed Mar 11 09:57:49 +0000 2026,joseram51354162,@sanchezcastejon Perro si estás ahí es por aquello. Psicópata,0,0,0,61,0,1,0,0.0,neutral
2031639611882037545,Wed Mar 11 07:53:24 +0000 2026,"Este #11M, Día Europeo de las Víctimas del Terrorismo, reiteramos el compromiso ...",2031670873459925072,Wed Mar 11 09:57:37 +0000 2026,marcschader,@sanchezcastejon Y quien crees que financió e inspiró a esos terroristas del 11M? A los que hoy tú proteges,0,0,0,107,0,1,0,0.0,neutral
2031639611882037545,Wed Mar 11 07:53:24 +0000 2026,"Este #11M, Día Europeo de las Víctimas del Terrorismo, reiteramos el compromiso ...",2031670868477141341,Wed Mar 11 09:57:36 +0000 2026,doblel66,"@sanchezcastejon Hay que ser GOLFO, INDECENTE Y AMORAL https://t.co/O1noXKxebQ",5,1,0,78,0,1,1,-0.516,negative
2031639611882037545,Wed Mar 11 07:53:24 +0000 2026,"Este #11M, Día Europeo de las Víctimas del Terrorismo, reiteramos el compromiso ...",2031670735597379778,Wed Mar 11 09:57:04 +0000 2026,paularmashardy,@sanchezcastejon Los muertos ETA no cuentan? Ah no mejor no hablar de eso que son mis socios de gobierno HDLGP,0,0,0,110,0,1,0,-0.3637,negative
2031639611882037545,Wed Mar 11 07:53:24 +0000 2026,"Este #11M, Día Europeo de las Víctimas del Terrorismo, reiteramos el compromiso ...",2031670535701094782,Wed Mar 11 09:56:16 +0000 2026,TS_Elipe,"@sanchezcastejon Cómo te recordará la historia?
Bla bla bla
Dimite corrupto!",0,0,0,76,0,1,0,0.0,neutral
2031639611882037545,Wed Mar 11 07:53:24 +0000 2026,"Este #11M, Día Europeo de las Víctimas del Terrorismo, reiteramos el compromiso ...",2031670532098109636,Wed Mar 11 09:56:16 +0000 2026,rociopalaciosh,"@fppastor @sanchezcastejon Las tenemos presentes siempre, pero hoy es #11M y hay que recordar a las de ese atentado,",0,0,1,116,1,2,0,0.0,neutral
2031639611882037545,Wed Mar 11 07:53:24 +0000 2026,"Este #11M, Día Europeo de las Víctimas del Terrorismo, reiteramos el compromiso ...",2031670517900447880,Wed Mar 11 09:56:12 +0000 2026,delafuente55,@sanchezcastejon Pero si tú eres el amigo de los terroristas . Dime con quien andas y te diré quien eres,0,0,0,104,0,1,0,0.0,neutral
2031639611882037545,Wed Mar 11 07:53:24 +0000 2026,"Este #11M, Día Europeo de las Víctimas del Terrorismo, reiteramos el compromiso ...",2031670444349108359,Wed Mar 11 09:55:55 +0000 2026,JonAldamiz,@sanchezcastejon No tienes vergueza. Traidor miserable.,0,0,0,55,0,1,0,-0.6597,negative
2031639611882037545,Wed Mar 11 07:53:24 +0000 2026,"Este #11M, Día Europeo de las Víctimas del Terrorismo, reiteramos el compromiso ...",2031670366318231866,Wed Mar 11 09:55:36 +0000 2026,ananamadrid,@sanchezcastejon https://t.co/1tdUfUJCRL,0,0,0,40,0,1,1,0.0,neutral
2031639611882037545,Wed Mar 11 07:53:24 +0000 2026,"Este #11M, Día Europeo de las Víctimas del Terrorismo, reiteramos el compromiso ...",2031670126244704655,Wed Mar 11 09:54:39 +0000 2026,Luilly_Spain,@sanchezcastejon Sabes los VÓMITOS que me provocan tus palabras? Sabes el ODIO que generas cada vez que escupes infamia? Pactar con los bilduetarras la liberación de los asesinos y blanquearlos te hace un ser asqueroso. Queremos las ACTAS de la negociación de ZAPATERO con ETA. #Psoeeta #psoebildu https://t.co/o4GhysSK18,13,4,1,321,2,1,1,0.0,neutral
2031639611882037545,Wed Mar 11 07:53:24 +0000 2026,"Este #11M, Día Europeo de las Víctimas del Terrorismo, reiteramos el compromiso ...",2031670083169272138,Wed Mar 11 09:54:29 +0000 2026,fppastor,@sanchezcastejon @rociopalaciosh No se acuerda de las víctimas de ETA? Porque no acordarse sería muy miserable,1,0,1,110,0,2,0,-0.765,negative
2031639611882037545,Wed Mar 11 07:53:24 +0000 2026,"Este #11M, Día Europeo de las Víctimas del Terrorismo, reiteramos el compromiso ...",2031670030857797747,Wed Mar 11 09:54:16 +0000 2026,pisttita,@sanchezcastejon Y de los 829 asesinatos llevados a cabo por #ETAAsesina no vas a decir nada?,0,0,0,93,1,1,0,-0.296,negative
2031639611882037545,Wed Mar 11 07:53:24 +0000 2026,"Este #11M, Día Europeo de las Víctimas del Terrorismo, reiteramos el compromiso ...",2031670022301454521,Wed Mar 11 09:54:14 +0000 2026,ChangVuelve,@sanchezcastejon No se puede ser más hijo de puta.,0,0,0,50,0,1,0,-0.296,negative
2031639611882037545,Wed Mar 11 07:53:24 +0000 2026,"Este #11M, Día Europeo de las Víctimas del Terrorismo, reiteramos el compromiso ...",2031669764859310578,Wed Mar 11 09:53:13 +0000 2026,Forza_2023,"@sanchezcastejon El día del @PSOE 

Hoy estáis de celebración 
#11M",0,0,0,67,1,2,0,0.0,neutral
2031639611882037545,Wed Mar 11 07:53:24 +0000 2026,"Este #11M, Día Europeo de las Víctimas del Terrorismo, reiteramos el compromiso ...",2031669449879642519,Wed Mar 11 09:51:58 +0000 2026,mikel92_,@sanchezcastejon Y las 46 de Adamuz ?,0,0,0,37,0,1,0,0.0,neutral
2031639611882037545,Wed Mar 11 07:53:24 +0000 2026,"Este #11M, Día Europeo de las Víctimas del Terrorismo, reiteramos el compromiso ...",2031669357613326842,Wed Mar 11 09:51:36 +0000 2026,AlbertoChlimper,@sanchezcastejon No se olviden que gobierno apoyó incodicionalmente a los operativos de rescate y captura de los terroristas. Como les repagas ahora @sanchezcastejon? apoyando al Iran del Ayatollah.,1,1,0,198,0,2,0,-0.296,negative
2031639611882037545,Wed Mar 11 07:53:24 +0000 2026,"Este #11M, Día Europeo de las Víctimas del Terrorismo, reiteramos el compromiso ...",2031669274951995430,Wed Mar 11 09:51:16 +0000 2026,salvorainmortal,@sanchezcastejon Y de las de ETA no dices nada??????,0,0,0,52,0,1,0,-0.4871,negative
2031639611882037545,Wed Mar 11 07:53:24 +0000 2026,"Este #11M, Día Europeo de las Víctimas del Terrorismo, reiteramos el compromiso ...",2031669259210739737,Wed Mar 11 09:51:12 +0000 2026,LorenaR97671,"@sanchezcastejon Llenando el pais de musulmanes radicales , claro que si, mohamed",3,0,0,81,0,1,0,0.0,neutral
2031639611882037545,Wed Mar 11 07:53:24 +0000 2026,"Este #11M, Día Europeo de las Víctimas del Terrorismo, reiteramos el compromiso ...",2031669193741934680,Wed Mar 11 09:50:57 +0000 2026,CopazoCopo,"@sanchezcastejon Presenta presupuestos o convoca elecciones, corrupto.",0,0,0,70,0,1,0,0.0,neutral
2031639611882037545,Wed Mar 11 07:53:24 +0000 2026,"Este #11M, Día Europeo de las Víctimas del Terrorismo, reiteramos el compromiso ...",2031669096874496325,Wed Mar 11 09:50:33 +0000 2026,emilita71,@sanchezcastejon Hdlgp,0,0,0,22,0,1,0,0.0,neutral
2031639611882037545,Wed Mar 11 07:53:24 +0000 2026,"Este #11M, Día Europeo de las Víctimas del Terrorismo, reiteramos el compromiso ...",2031669081389048263,Wed Mar 11 09:50:30 +0000 2026,Clementeng91,@sanchezcastejon Y tu jefe fue quien lo ejecutó sois una mafia,0,0,0,62,0,1,0,0.0,neutral
2031639611882037545,Wed Mar 11 07:53:24 +0000 2026,"Este #11M, Día Europeo de las Víctimas del Terrorismo, reiteramos el compromiso ...",2031669033771168177,Wed Mar 11 09:50:18 +0000 2026,amaredmen,"@sanchezcastejon Nunca olvidemos la moralidad de nuestro presidente🤔
«Nuestros muertos, son su beneficio»",0,0,0,105,0,1,0,0.0,neutral
2031639611882037545,Wed Mar 11 07:53:24 +0000 2026,"Este #11M, Día Europeo de las Víctimas del Terrorismo, reiteramos el compromiso ...",2031668718212681747,Wed Mar 11 09:49:03 +0000 2026,Sancheeezxxx,"@ALVAROGARCIANAD @sanchezcastejon El PP acusó a ETA y el PSOE a los yihadistas por la “ayuda” de España a USA en Irak. La diferencia es que se montó un relato en torno al relato del PSOE que es una vergüenza. Condenaron a un marroquí sin prueba alguna, es una locura.",0,0,0,267,0,2,0,-0.5574,negative
2031639611882037545,Wed Mar 11 07:53:24 +0000 2026,"Este #11M, Día Europeo de las Víctimas del Terrorismo, reiteramos el compromiso ...",2031668649530970605,Wed Mar 11 09:48:47 +0000 2026,GolfandSurf,"@sanchezcastejon No tienes ni vergüenza, ni ética ni moral, HDLGP panda de criminales",0,0,0,85,0,1,0,-0.296,negative
2031639611882037545,Wed Mar 11 07:53:24 +0000 2026,"Este #11M, Día Europeo de las Víctimas del Terrorismo, reiteramos el compromiso ...",2031668585966244192,Wed Mar 11 09:48:32 +0000 2026,Pilar01039688,@sanchezcastejon Hijodeputa que llevas muertos a tus espaldas. Cerdo que dejas a la gente tirada. Cierra el pico.,0,0,0,113,0,1,0,0.0,neutral
2031639611882037545,Wed Mar 11 07:53:24 +0000 2026,"Este #11M, Día Europeo de las Víctimas del Terrorismo, reiteramos el compromiso ...",2031667977699918179,Wed Mar 11 09:46:07 +0000 2026,Frahan21CA,@sanchezcastejon @PSOE Fuisteis vosotros.,0,0,0,41,0,2,0,0.0,neutral
2031639611882037545,Wed Mar 11 07:53:24 +0000 2026,"Este #11M, Día Europeo de las Víctimas del Terrorismo, reiteramos el compromiso ...",2031667975971844380,Wed Mar 11 09:46:06 +0000 2026,UnoDeEspana,@sanchezcastejon Otro gran éxito de tu política para joder a España sin compasión. Sigue asiquevss a saber como te van a recordar en el futuro.,0,0,0,143,0,1,0,-0.5574,negative
2031639611882037545,Wed Mar 11 07:53:24 +0000 2026,"Este #11M, Día Europeo de las Víctimas del Terrorismo, reiteramos el compromiso ...",2031667973673435611,Wed Mar 11 09:46:06 +0000 2026,ALVAROGARCIANAD,@Sancheeezxxx @sanchezcastejon Fue el PP quien acusó a eta. Se suicidaron ellos solos,0,0,1,85,0,2,0,0.0,neutral
2031639611882037545,Wed Mar 11 07:53:24 +0000 2026,"Este #11M, Día Europeo de las Víctimas del Terrorismo, reiteramos el compromiso ...",2031667948448776649,Wed Mar 11 09:46:00 +0000 2026,Afroditanovae,@sanchezcastejon Cobardes sinvergüenzas granujas.,0,0,0,49,0,1,0,0.0,neutral
2031639611882037545,Wed Mar 11 07:53:24 +0000 2026,"Este #11M, Día Europeo de las Víctimas del Terrorismo, reiteramos el compromiso ...",2031667752054735127,Wed Mar 11 09:45:13 +0000 2026,Afroditanovae,"@sanchezcastejon No toquéis mi trabajo en este país, parad cualquier intento porque os juro por mis niños que lo vais a pagar legalmente en cuanto me recupere de 8 años de tortura.",0,0,1,180,0,1,0,-0.296,negative
2031639611882037545,Wed Mar 11 07:53:24 +0000 2026,"Este #11M, Día Europeo de las Víctimas del Terrorismo, reiteramos el compromiso ...",2031667732119216208,Wed Mar 11 09:45:08 +0000 2026,ApuntoDisparo,@ihta_rbb @sanchezcastejon 👍👍👍,0,0,0,30,0,2,0,0.0,neutral
2031639611882037545,Wed Mar 11 07:53:24 +0000 2026,"Este #11M, Día Europeo de las Víctimas del Terrorismo, reiteramos el compromiso ...",2031667566331015607,Wed Mar 11 09:44:29 +0000 2026,ayuuken,@sanchezcastejon farsante!!! después estrechas la mano con sus herederos!! como se puede ser tan traidor y tan cínico???,0,0,0,120,0,1,0,0.0,neutral
2031639611882037545,Wed Mar 11 07:53:24 +0000 2026,"Este #11M, Día Europeo de las Víctimas del Terrorismo, reiteramos el compromiso ...",2031667554490392753,Wed Mar 11 09:44:26 +0000 2026,Sancheeezxxx,@sanchezcastejon Siempre en el recuerdo de que utilizasteis la muerte de 193 personas para ganar unas elecciones modificando todo a vuestro antojo y creando un relato que a día de hoy cualquier persona con dos dedos de frente sabe que es un atentado contra la verdad.,0,0,1,267,0,1,0,0.0,neutral
2031639611882037545,Wed Mar 11 07:53:24 +0000 2026,"Este #11M, Día Europeo de las Víctimas del Terrorismo, reiteramos el compromiso ...",2031667460580016266,Wed Mar 11 09:44:03 +0000 2026,Javier90148188,"@sanchezcastejon También te puedes acordar de los cientos de víctimas de ETA y ahora pactas con los suyos, hipócrita.",0,0,0,117,0,1,0,0.0,neutral
2031639611882037545,Wed Mar 11 07:53:24 +0000 2026,"Este #11M, Día Europeo de las Víctimas del Terrorismo, reiteramos el compromiso ...",2031667425884672099,Wed Mar 11 09:43:55 +0000 2026,daniblacksun,@sanchezcastejon No tienes vergüenza hijo de puta!!,0,0,0,51,0,1,0,-0.4184,negative
2031639611882037545,Wed Mar 11 07:53:24 +0000 2026,"Este #11M, Día Europeo de las Víctimas del Terrorismo, reiteramos el compromiso ...",2031667385011216552,Wed Mar 11 09:43:45 +0000 2026,Josepe31548715,@sanchezcastejon @desdelamoncloa Y Aznar??!!!,0,0,0,45,0,2,0,0.0,neutral
2031639611882037545,Wed Mar 11 07:53:24 +0000 2026,"Este #11M, Día Europeo de las Víctimas del Terrorismo, reiteramos el compromiso ...",2031667353642012948,Wed Mar 11 09:43:38 +0000 2026,jcnieva4,"@sanchezcastejon Ver presidente, ahora lo que interesa es meterle mano a los sinvergüenzas de las empresas de carburantes",0,0,0,121,0,1,0,0.0,neutral
2031639611882037545,Wed Mar 11 07:53:24 +0000 2026,"Este #11M, Día Europeo de las Víctimas del Terrorismo, reiteramos el compromiso ...",2031667352568267206,Wed Mar 11 09:43:38 +0000 2026,Afroditanovae,@sanchezcastejon Todavía os parecerá hasta gracioso y estáis tergiversando los hechos para revictimizar me. Marta era un juego. Sois una calamidad para todos.,0,0,1,158,0,1,0,0.25,positive
2031639611882037545,Wed Mar 11 07:53:24 +0000 2026,"Este #11M, Día Europeo de las Víctimas del Terrorismo, reiteramos el compromiso ...",2031667346926911854,Wed Mar 11 09:43:36 +0000 2026,StarPugon,@RImperialista @sanchezcastejon Diselo mas claro amooorch ‼️‼️‼️‼️💋,1,0,0,67,0,2,0,0.4215,positive
2031639611882037545,Wed Mar 11 07:53:24 +0000 2026,"Este #11M, Día Europeo de las Víctimas del Terrorismo, reiteramos el compromiso ...",2031667298038079500,Wed Mar 11 09:43:25 +0000 2026,Mr_GadWin,@sanchezcastejon Comemierda traidor,0,0,0,35,0,1,0,0.0,neutral
2031639611882037545,Wed Mar 11 07:53:24 +0000 2026,"Este #11M, Día Europeo de las Víctimas del Terrorismo, reiteramos el compromiso ...",2031667242115412421,Wed Mar 11 09:43:11 +0000 2026,JuBadajoz,@sanchezcastejon @PSOE El infierno está reservado para los equidistantes,0,0,0,72,0,2,0,0.0,neutral
2031639611882037545,Wed Mar 11 07:53:24 +0000 2026,"Este #11M, Día Europeo de las Víctimas del Terrorismo, reiteramos el compromiso ...",2031667214831534233,Wed Mar 11 09:43:05 +0000 2026,Namary28673413,@sanchezcastejon #NoAlaGuerra🇪🇸,0,1,0,31,1,1,0,0.0,neutral
2031639611882037545,Wed Mar 11 07:53:24 +0000 2026,"Este #11M, Día Europeo de las Víctimas del Terrorismo, reiteramos el compromiso ...",2031667150910333114,Wed Mar 11 09:42:49 +0000 2026,Sancheeezxxx,@GAYneral2014 @LopezMurcianoR @sanchezcastejon Joder es que es ver tu perfil y simplemente verificar que eres retrasado.,0,0,0,120,0,3,0,0.0,neutral
2031639611882037545,Wed Mar 11 07:53:24 +0000 2026,"Este #11M, Día Europeo de las Víctimas del Terrorismo, reiteramos el compromiso ...",2031667003530919941,Wed Mar 11 09:42:14 +0000 2026,Antoniodel8058,@sanchezcastejon @felixbolanosg Hijo de la gran puta.,2,0,0,53,0,2,0,0.0,neutral
2031639611882037545,Wed Mar 11 07:53:24 +0000 2026,"Este #11M, Día Europeo de las Víctimas del Terrorismo, reiteramos el compromiso ...",2031667001987375387,Wed Mar 11 09:42:14 +0000 2026,Carmen61663078,"@sanchezcastejon https://t.co/0oCp0LplG8
Espero que se te caiga la cara de vergüenza y hagas lo correcto 👇👇",0,1,0,107,0,1,1,0.0,neutral
2031639611882037545,Wed Mar 11 07:53:24 +0000 2026,"Este #11M, Día Europeo de las Víctimas del Terrorismo, reiteramos el compromiso ...",2031666974946681227,Wed Mar 11 09:42:08 +0000 2026,crispybacon1eth,"@sanchezcastejon El día que España fue asaltada por un PSOE antidemocrático, una vez más.",0,0,0,89,0,1,0,0.0,neutral
2031639611882037545,Wed Mar 11 07:53:24 +0000 2026,"Este #11M, Día Europeo de las Víctimas del Terrorismo, reiteramos el compromiso ...",2031666877919801631,Wed Mar 11 09:41:44 +0000 2026,Afroditanovae,"@sanchezcastejon Esto es terrorismo terrible de estado y no merecéis nada mío, poneros a disposición judicial todos y demostrad que esto es un estado de derecho. Cumplid la ley.",0,0,1,177,0,1,0,-0.6486,negative
2031639611882037545,Wed Mar 11 07:53:24 +0000 2026,"Este #11M, Día Europeo de las Víctimas del Terrorismo, reiteramos el compromiso ...",2031666863285878980,Wed Mar 11 09:41:41 +0000 2026,AitorNadosFF,"@sanchezcastejon La tensión que necesitaba ZP para ganar las elecciones. Cada uno que saque sus propias conclusiones.

Y viene el Saunas a burlarse.

Todos hemos visto lo que le importa la vida de las personas con Adamuz o la DANA.",0,0,0,231,0,1,0,0.0,neutral
2031639611882037545,Wed Mar 11 07:53:24 +0000 2026,"Este #11M, Día Europeo de las Víctimas del Terrorismo, reiteramos el compromiso ...",2031666839219011847,Wed Mar 11 09:41:35 +0000 2026,LucasIsco50235,"@sanchezcastejon de los de ETA, tus socios, se sabe algo sinverguenza?",0,0,0,70,0,1,0,0.0,neutral
2031639611882037545,Wed Mar 11 07:53:24 +0000 2026,"Este #11M, Día Europeo de las Víctimas del Terrorismo, reiteramos el compromiso ...",2031666838078185649,Wed Mar 11 09:41:35 +0000 2026,RImperialista,"@sanchezcastejon Criminales, estáis manchados de la sangre de esas 193 personas. Sabemos lo que hicisteis, y lo vais a pagar. Tarde o temprano, lo pagareis.",5,1,1,156,0,1,0,0.0,neutral
2031628808088912350,Wed Mar 11 07:10:28 +0000 2026,El Gobierno de España ha sido muy claro y coherente en su posicionamiento de res...,2031691780383498703,Wed Mar 11 11:20:42 +0000 2026,Mutikoa,"@sanchezcastejon @eldiarioes No 24 horas...
Entre el no a la guerra, la derrogacion de la Ley Mordaza, la derrogacion reforma laboral y los alquileres sociales a 250€ ... Eres un puto máquina tio. 
Así gana las elecciones cualquiera.",0,0,0,233,0,2,0,-0.5267,negative
2031628808088912350,Wed Mar 11 07:10:28 +0000 2026,El Gobierno de España ha sido muy claro y coherente en su posicionamiento de res...,2031691774201143550,Wed Mar 11 11:20:40 +0000 2026,frankpenm6,@sanchezcastejon @eldiarioes Estas charos te mandan todo su amor. https://t.co/B25mscVz0q,0,0,0,89,0,2,1,0.6124,positive
2031628808088912350,Wed Mar 11 07:10:28 +0000 2026,El Gobierno de España ha sido muy claro y coherente en su posicionamiento de res...,2031691300244766727,Wed Mar 11 11:18:47 +0000 2026,GaldamesG,"@sanchezcastejon @eldiarioes Si, de derechos saves mucho. En cómo quitárselos a tus ciudadanos mamaracho.",0,0,0,105,0,2,0,0.0,neutral
2031628808088912350,Wed Mar 11 07:10:28 +0000 2026,El Gobierno de España ha sido muy claro y coherente en su posicionamiento de res...,2031691240555602122,Wed Mar 11 11:18:33 +0000 2026,realejossarasua,@sanchezcastejon @eldiarioes 🌹🌹🌹🌹🌹❤️❤️❤️,0,0,0,40,0,2,0,0.0,neutral
2031628808088912350,Wed Mar 11 07:10:28 +0000 2026,El Gobierno de España ha sido muy claro y coherente en su posicionamiento de res...,2031690980663943533,Wed Mar 11 11:17:31 +0000 2026,Andremiguelpi,@capTercio @sanchezcastejon @eldiarioes El zasca se escuchó en Marruecos...,0,0,0,75,0,3,0,0.0,neutral
2031628808088912350,Wed Mar 11 07:10:28 +0000 2026,El Gobierno de España ha sido muy claro y coherente en su posicionamiento de res...,2031690676665032772,Wed Mar 11 11:16:18 +0000 2026,RodmoSergi24938,@sanchezcastejon @PSOE @eldiarioes Cuando vas a hablar con Trump?…,0,0,0,66,0,3,0,0.0,neutral
2031628808088912350,Wed Mar 11 07:10:28 +0000 2026,El Gobierno de España ha sido muy claro y coherente en su posicionamiento de res...,2031690653407531456,Wed Mar 11 11:16:13 +0000 2026,guanchonpino,@sanchezcastejon @gpscongreso @eldiarioes Sinvergüenza,0,0,0,54,0,3,0,0.0,neutral
2031628808088912350,Wed Mar 11 07:10:28 +0000 2026,El Gobierno de España ha sido muy claro y coherente en su posicionamiento de res...,2031690591986147810,Wed Mar 11 11:15:58 +0000 2026,Cesar_Alfaz,"@sanchezcastejon @eldiarioes baja el IVA a los hidrocarburos, farsante!",0,0,0,71,0,2,0,0.0,neutral
2031628808088912350,Wed Mar 11 07:10:28 +0000 2026,El Gobierno de España ha sido muy claro y coherente en su posicionamiento de res...,2031690293007802485,Wed Mar 11 11:14:47 +0000 2026,MVM55,"@sanchezcastejon @eldiarioes Regalando territorio ESPAÑOL al MARICON CON CHILABA DE MARRUECOS, por ejemplo❓️ https://t.co/NnHNjgAwQ1",0,0,0,132,0,2,1,0.0,neutral
2031628808088912350,Wed Mar 11 07:10:28 +0000 2026,El Gobierno de España ha sido muy claro y coherente en su posicionamiento de res...,2031690172207661113,Wed Mar 11 11:14:18 +0000 2026,DVVANIR22,@sanchezcastejon @eldiarioes Nos estás arruinado grandísimo hijo de saunas,0,0,0,74,0,2,0,0.0,neutral
2031628808088912350,Wed Mar 11 07:10:28 +0000 2026,El Gobierno de España ha sido muy claro y coherente en su posicionamiento de res...,2031689928640172034,Wed Mar 11 11:13:20 +0000 2026,bert_smart,"@sanchezcastejon @eldiarioes Insiste en estar del lado equivocado de la historia 
(Como hizo Franco )",0,0,0,101,0,2,0,0.0,neutral
2031628808088912350,Wed Mar 11 07:10:28 +0000 2026,El Gobierno de España ha sido muy claro y coherente en su posicionamiento de res...,2031689878321119697,Wed Mar 11 11:13:08 +0000 2026,AnabelaIglesia1,@sanchezcastejon @eldiarioes En q parte dice el derecho internacional q un criminal puede masacrar a su pueblo y q ningún país tiene derecho a intervenir frente a eso?,0,0,0,167,0,2,0,-0.5267,negative
2031628808088912350,Wed Mar 11 07:10:28 +0000 2026,El Gobierno de España ha sido muy claro y coherente en su posicionamiento de res...,2031689829059104888,Wed Mar 11 11:12:56 +0000 2026,Helena980606,@sanchezcastejon @eldiarioes 🤡🤡🤡,0,0,0,32,0,2,0,0.0,neutral
2031628808088912350,Wed Mar 11 07:10:28 +0000 2026,El Gobierno de España ha sido muy claro y coherente en su posicionamiento de res...,2031689574909374523,Wed Mar 11 11:11:56 +0000 2026,Drakucesar,@sanchezcastejon @eldiarioes https://t.co/ienNE1d6Z4,0,0,0,52,0,2,1,0.0,neutral
2031628808088912350,Wed Mar 11 07:10:28 +0000 2026,El Gobierno de España ha sido muy claro y coherente en su posicionamiento de res...,2031689351717957796,Wed Mar 11 11:11:03 +0000 2026,ArrancaloY,@sanchezcastejon @eldiarioes Asqueroso traidor.  https://t.co/xufOZBWIg2,0,0,0,72,0,2,1,0.0,neutral
2031628808088912350,Wed Mar 11 07:10:28 +0000 2026,El Gobierno de España ha sido muy claro y coherente en su posicionamiento de res...,2031689315131273384,Wed Mar 11 11:10:54 +0000 2026,atrzy,"@martinvars @sanchezcastejon @eldiarioes Trump &amp; the wanted criminal Netanyahu started war on a LIE. U.S bombs an elementary school in Iran. Israel bombs oil causing toxic fumes in the air, water &amp; soil. Israel is committing  genocide in Gaza &amp; moved it to Lebanon but let’s all call it Freedom? Smh",0,0,0,311,0,3,0,0.0772,positive
2031628808088912350,Wed Mar 11 07:10:28 +0000 2026,El Gobierno de España ha sido muy claro y coherente en su posicionamiento de res...,2031688860908790252,Wed Mar 11 11:09:06 +0000 2026,AlvarMartinez1,@sanchezcastejon @eldiarioes Me valdría con que respetaraís la constitución en España...,0,0,0,88,0,2,0,0.0,neutral
2031628808088912350,Wed Mar 11 07:10:28 +0000 2026,El Gobierno de España ha sido muy claro y coherente en su posicionamiento de res...,2031688340873842872,Wed Mar 11 11:07:02 +0000 2026,SoLan19092,@sanchezcastejon @eldiarioes ¿Por qué no te callas? 🥱 https://t.co/aZ1ZW74tuU,0,0,0,77,0,2,1,-0.296,negative
2031628808088912350,Wed Mar 11 07:10:28 +0000 2026,El Gobierno de España ha sido muy claro y coherente en su posicionamiento de res...,2031688247454163452,Wed Mar 11 11:06:39 +0000 2026,caoticofanegasc,"@sanchezcastejon @eldiarioes ¿A que derecho internacional te refieres Sánchez?
https://t.co/hz1BcHZhSy",0,0,0,102,0,2,1,0.0,neutral
2031628808088912350,Wed Mar 11 07:10:28 +0000 2026,El Gobierno de España ha sido muy claro y coherente en su posicionamiento de res...,2031688085503607267,Wed Mar 11 11:06:01 +0000 2026,patrick50898467,@sanchezcastejon @eldiarioes https://t.co/sm3rTcezlh,0,0,0,52,0,2,1,0.0,neutral
2031628808088912350,Wed Mar 11 07:10:28 +0000 2026,El Gobierno de España ha sido muy claro y coherente en su posicionamiento de res...,2031688015190294746,Wed Mar 11 11:05:44 +0000 2026,masliberales,@sanchezcastejon @eldiarioes https://t.co/EHoVwJjcp7,0,0,0,52,0,2,1,0.0,neutral
2031628808088912350,Wed Mar 11 07:10:28 +0000 2026,El Gobierno de España ha sido muy claro y coherente en su posicionamiento de res...,2031687962073653684,Wed Mar 11 11:05:31 +0000 2026,FiloAnalitico,@sanchezcastejon @eldiarioes El derecho internacional  con los iraníes.,0,0,0,71,0,2,0,0.0,neutral
2031628808088912350,Wed Mar 11 07:10:28 +0000 2026,El Gobierno de España ha sido muy claro y coherente en su posicionamiento de res...,2031687659765023200,Wed Mar 11 11:04:19 +0000 2026,laz23347,@sanchezcastejon @eldiarioes https://t.co/oMI1Dho3YU,0,0,0,52,0,2,1,0.0,neutral
2031628808088912350,Wed Mar 11 07:10:28 +0000 2026,El Gobierno de España ha sido muy claro y coherente en su posicionamiento de res...,2031687476268658763,Wed Mar 11 11:03:35 +0000 2026,IsraelVive1948,"@sanchezcastejon @eldiarioes Ya establecieron la residencia automática, ahora la sanidad gratuita para cualquiera, solo debes agregar que España rescatará a cualquier persona en cualquier lugar del mundo que quiera vivir en España y listo, España potencia mundial !! Adolescentes o peligrosos? O ambos?",1,0,0,302,0,2,0,0.0,neutral
2031628808088912350,Wed Mar 11 07:10:28 +0000 2026,El Gobierno de España ha sido muy claro y coherente en su posicionamiento de res...,2031687472611009002,Wed Mar 11 11:03:35 +0000 2026,AGarrido110455,@JLdBFM @martinvars @sanchezcastejon @eldiarioes Ciertamente va como pollo sin cabeza.,0,0,0,86,0,4,0,-0.5574,negative
2031628808088912350,Wed Mar 11 07:10:28 +0000 2026,El Gobierno de España ha sido muy claro y coherente en su posicionamiento de res...,2031687352263819303,Wed Mar 11 11:03:06 +0000 2026,Victor_Andres8,"@sanchezcastejon @eldiarioes Ni si, ni no, sino todo lo contrario.",0,0,0,66,0,2,0,0.0,neutral
2031628808088912350,Wed Mar 11 07:10:28 +0000 2026,El Gobierno de España ha sido muy claro y coherente en su posicionamiento de res...,2031687169786474892,Wed Mar 11 11:02:22 +0000 2026,Mrymiss1,@sanchezcastejon @eldiarioes Jodeteeeeeeee galgo de paiporta,0,0,0,60,0,2,0,0.0,neutral
2031628808088912350,Wed Mar 11 07:10:28 +0000 2026,El Gobierno de España ha sido muy claro y coherente en su posicionamiento de res...,2031687153994911930,Wed Mar 11 11:02:19 +0000 2026,Mutlu__akpinar,@sanchezcastejon @eldiarioes Bravo başkanım,0,0,0,43,0,2,0,0.0,neutral
2031628808088912350,Wed Mar 11 07:10:28 +0000 2026,El Gobierno de España ha sido muy claro y coherente en su posicionamiento de res...,2031687022142713976,Wed Mar 11 11:01:47 +0000 2026,Prontobit,@sanchezcastejon @PSOE @eldiarioes Mientras avalas centros de tortura en Venezuela. Y asesinatos a la población civil de Iran. Y los atentados hacia Israel. Cada vez tienes menos credibilidad,0,0,0,191,0,3,0,0.0,neutral
2031628808088912350,Wed Mar 11 07:10:28 +0000 2026,El Gobierno de España ha sido muy claro y coherente en su posicionamiento de res...,2031686981021737033,Wed Mar 11 11:01:37 +0000 2026,iker_rasa,"@sanchezcastejon @eldiarioes Pedro Sánchez ""El Cobarde"" , no a la guerra , tienes los apoyos de todos los grupos terroristas del mundo... , solamente hay un adjetivo que podría definirte"" Traidor"" , eres el mayor traidor que ha tenido España, nos vendes solamente por tener poder...",3,0,0,282,0,2,0,0.0516,positive
2031628808088912350,Wed Mar 11 07:10:28 +0000 2026,El Gobierno de España ha sido muy claro y coherente en su posicionamiento de res...,2031686898100391951,Wed Mar 11 11:01:18 +0000 2026,eisuzn,@capTercio @sanchezcastejon @eldiarioes De Pegasus...,0,0,0,53,0,3,0,0.0,neutral
2031628808088912350,Wed Mar 11 07:10:28 +0000 2026,El Gobierno de España ha sido muy claro y coherente en su posicionamiento de res...,2031686840076407164,Wed Mar 11 11:01:04 +0000 2026,josecamayers,"@sanchezcastejon @eldiarioes Desgraciado, deja de excusarte en un derecho internacional inexistente, es papel mojado, y deja de destruir España para quedarte unos dias mas en la Moncloa.",0,0,0,186,0,2,0,0.0,neutral
2031628808088912350,Wed Mar 11 07:10:28 +0000 2026,El Gobierno de España ha sido muy claro y coherente en su posicionamiento de res...,2031686772938113394,Wed Mar 11 11:00:48 +0000 2026,Sabela475085,@sanchezcastejon @eldiarioes https://t.co/yZrXLnmT7T,0,0,0,52,0,2,1,0.0,neutral
2031628808088912350,Wed Mar 11 07:10:28 +0000 2026,El Gobierno de España ha sido muy claro y coherente en su posicionamiento de res...,2031686702054466040,Wed Mar 11 11:00:31 +0000 2026,AlemarCxA,@sanchezcastejon @eldiarioes https://t.co/7k1T5OcLT9,0,0,0,52,0,2,1,0.0,neutral
2031628808088912350,Wed Mar 11 07:10:28 +0000 2026,El Gobierno de España ha sido muy claro y coherente en su posicionamiento de res...,2031686474350166222,Wed Mar 11 10:59:37 +0000 2026,Mecagoenelppsoe,"@sanchezcastejon @eldiarioes Nos importa España, no Irán. Y a España no paras de joderla como si fuera uno de los chaperos de esas saunas que tan lejos te han llevado.

PD: llamar entrevista a ese sórdido acto de prostitución subvencionada debe ser una broma.",0,0,0,259,0,2,0,-0.5267,negative
2031628808088912350,Wed Mar 11 07:10:28 +0000 2026,El Gobierno de España ha sido muy claro y coherente en su posicionamiento de res...,2031686437125476472,Wed Mar 11 10:59:28 +0000 2026,VOLM007,"@sanchezcastejon @eldiarioes A tus compatriotas MOROS son a los que defiendes, caradura!!!!!!!!!! Dimisión!",0,0,0,107,0,2,0,0.0,neutral
2031628808088912350,Wed Mar 11 07:10:28 +0000 2026,El Gobierno de España ha sido muy claro y coherente en su posicionamiento de res...,2031686434696925630,Wed Mar 11 10:59:27 +0000 2026,Nina46079517,@sanchezcastejon @eldiarioes https://t.co/uPRA6vrV4C,0,0,0,52,0,2,1,0.0,neutral
2031628808088912350,Wed Mar 11 07:10:28 +0000 2026,El Gobierno de España ha sido muy claro y coherente en su posicionamiento de res...,2031686257852485929,Wed Mar 11 10:58:45 +0000 2026,CarmenN41911,"@sanchezcastejon @eldiarioes El derecho internacional  aprueba  que las mujeres  de irán sean violadas,lapidadas,que los  homosexuales  sean colgados  de una grúa  que pasa que como  te pagan callas hijo de p......",0,0,0,214,0,2,0,0.0,neutral
2031628808088912350,Wed Mar 11 07:10:28 +0000 2026,El Gobierno de España ha sido muy claro y coherente en su posicionamiento de res...,2031686232401441011,Wed Mar 11 10:58:39 +0000 2026,pitit5964,@sanchezcastejon @PSOE @eldiarioes Ya no te quiere ni VON DEN LEYEN 😂😂,0,0,0,70,0,3,0,0.5574,positive
2031628808088912350,Wed Mar 11 07:10:28 +0000 2026,El Gobierno de España ha sido muy claro y coherente en su posicionamiento de res...,2031686187761508819,Wed Mar 11 10:58:28 +0000 2026,GabelaRaul,@sanchezcastejon @eldiarioes CORRUPTOS,0,0,0,38,0,2,0,0.0,neutral
2031628808088912350,Wed Mar 11 07:10:28 +0000 2026,El Gobierno de España ha sido muy claro y coherente en su posicionamiento de res...,2031685957175370188,Wed Mar 11 10:57:33 +0000 2026,CryptoNiki88,"@sanchezcastejon @eldiarioes Protegemos las denuncias falsas
 
Mi entrevista en el @elbuloes👇",0,0,0,93,0,3,0,0.0,neutral
2031628808088912350,Wed Mar 11 07:10:28 +0000 2026,El Gobierno de España ha sido muy claro y coherente en su posicionamiento de res...,2031685719551267303,Wed Mar 11 10:56:37 +0000 2026,uma281078,"@sanchezcastejon @eldiarioes 194 muertos el 11M de 2004 en tren de Atocha. 47 muertos en 2026 en tren de ADAMUZ. En ambos casos, antes de elecciones,  y en ambos casos,  destrucción de pruebas. Marca PSOE. HDLGP. https://t.co/fGcdm2wZL5",2,0,0,236,0,2,1,0.0,neutral
2031628808088912350,Wed Mar 11 07:10:28 +0000 2026,El Gobierno de España ha sido muy claro y coherente en su posicionamiento de res...,2031685504370946406,Wed Mar 11 10:55:45 +0000 2026,patuka2022,"@Canelo3302082 @sanchezcastejon @eldiarioes Faltó laONU llena tu país de inmigrantes, sin educación, en su mayoría delincuentes y tú los debes mantener con tus impuestos.",0,0,0,170,0,3,0,-0.5574,negative
2031628808088912350,Wed Mar 11 07:10:28 +0000 2026,El Gobierno de España ha sido muy claro y coherente en su posicionamiento de res...,2031685450830647418,Wed Mar 11 10:55:33 +0000 2026,FBA544642537301,@sanchezcastejon @miqueliceta @eldiarioes Claro sobre todo tu chorizo,0,0,0,69,0,3,0,0.0,neutral
2031628808088912350,Wed Mar 11 07:10:28 +0000 2026,El Gobierno de España ha sido muy claro y coherente en su posicionamiento de res...,2031685437522088347,Wed Mar 11 10:55:29 +0000 2026,CoespeP84101,"@sanchezcastejon @eldiarioes Trilero dimite el pueblo no te admite. 
No habrá paz en España hasta que no desaparezcan los sociatas https://t.co/bMUd7JZoBj",1,0,0,154,0,2,1,-0.6808,negative
2031628808088912350,Wed Mar 11 07:10:28 +0000 2026,El Gobierno de España ha sido muy claro y coherente en su posicionamiento de res...,2031685396589900153,Wed Mar 11 10:55:20 +0000 2026,Ilario28017688,@martinvars @sanchezcastejon @eldiarioes 👏👏👏👏👏👏,0,0,0,47,0,3,0,0.0,neutral
2031628808088912350,Wed Mar 11 07:10:28 +0000 2026,El Gobierno de España ha sido muy claro y coherente en su posicionamiento de res...,2031685137017024617,Wed Mar 11 10:54:18 +0000 2026,NOELASTUR,"@martinvars @sanchezcastejon @eldiarioes La oscuridad ya la padecimos con el apagón, ahora viene la pobreza y miseria…",0,0,0,118,0,3,0,0.0,neutral
2031628808088912350,Wed Mar 11 07:10:28 +0000 2026,El Gobierno de España ha sido muy claro y coherente en su posicionamiento de res...,2031685101768085963,Wed Mar 11 10:54:09 +0000 2026,TonyCorsoNY,@sanchezcastejon @eldiarioes Fucking cowards.,0,0,0,45,0,2,0,0.0,neutral
2031628808088912350,Wed Mar 11 07:10:28 +0000 2026,El Gobierno de España ha sido muy claro y coherente en su posicionamiento de res...,2031685099100488040,Wed Mar 11 10:54:09 +0000 2026,AnnaSnchez36,"@sanchezcastejon @eldiarioes Con dinero público, me NIEGO a que se salve a personas que se fueron para no pagar impuestos. NO son ni serán patriotas. Así que con mi dinero no",0,0,0,174,0,2,0,-0.7456,negative
2031628808088912350,Wed Mar 11 07:10:28 +0000 2026,El Gobierno de España ha sido muy claro y coherente en su posicionamiento de res...,2031685065021751524,Wed Mar 11 10:54:01 +0000 2026,Timoteo86514185,@sanchezcastejon @eldiarioes ¡Pero si no los protegeis ni en España!,0,0,0,68,0,2,0,-0.3595,negative
2031628808088912350,Wed Mar 11 07:10:28 +0000 2026,El Gobierno de España ha sido muy claro y coherente en su posicionamiento de res...,2031684927394062754,Wed Mar 11 10:53:28 +0000 2026,cazalamedores,@sanchezcastejon @eldiarioes Que te calles !!! Comep…….,0,0,0,55,0,2,0,0.0,neutral
2031628808088912350,Wed Mar 11 07:10:28 +0000 2026,El Gobierno de España ha sido muy claro y coherente en su posicionamiento de res...,2031684763346452966,Wed Mar 11 10:52:49 +0000 2026,YlosabesLo,"@sanchezcastejon @eldiarioes Estas acabado
Y lo sabes!!!",0,0,0,56,0,2,0,0.0,neutral
2031628808088912350,Wed Mar 11 07:10:28 +0000 2026,El Gobierno de España ha sido muy claro y coherente en su posicionamiento de res...,2031684424149209102,Wed Mar 11 10:51:28 +0000 2026,OscarVindel,"@sanchezcastejon @SimancasRafael @eldiarioes VETE YA
Vete a ……
CORRUPTO
TRILERO",0,0,0,79,0,3,0,0.0,neutral
2031628808088912350,Wed Mar 11 07:10:28 +0000 2026,El Gobierno de España ha sido muy claro y coherente en su posicionamiento de res...,2031684296088391974,Wed Mar 11 10:50:57 +0000 2026,Poli_bit,@sanchezcastejon @eldiarioes #kingrezapahlavi #Revolution_LionAndSun #IranMassacre https://t.co/CugASzrmom,0,0,0,106,3,2,1,0.0,neutral
2031628808088912350,Wed Mar 11 07:10:28 +0000 2026,El Gobierno de España ha sido muy claro y coherente en su posicionamiento de res...,2031684198956675284,Wed Mar 11 10:50:34 +0000 2026,LociTobero,"@sanchezcastejon @eldiarioes Traidor, cobarde, totalitario y saunas , a esparragar!",0,0,0,83,0,2,0,0.0,neutral
2031628808088912350,Wed Mar 11 07:10:28 +0000 2026,El Gobierno de España ha sido muy claro y coherente en su posicionamiento de res...,2031684067905733040,Wed Mar 11 10:50:03 +0000 2026,nicksortor74230,@sanchezcastejon @eldiarioes Sánchez: “We have learned nothing” from Iraq. Those who support war in Iran repeat the mistakes of the past.,1,0,0,137,0,2,0,-0.5719,negative
2031628808088912350,Wed Mar 11 07:10:28 +0000 2026,El Gobierno de España ha sido muy claro y coherente en su posicionamiento de res...,2031684054471287260,Wed Mar 11 10:50:00 +0000 2026,dianaruth6,@sanchezcastejon @eldiarioes Abascal me gusta como candidato pero más aún me gustan Cayetana y Prohens... Ellas pueden ser candidatas a presidir España? Son saladisimas políticas!,1,0,0,179,0,2,0,0.0,neutral
2031628808088912350,Wed Mar 11 07:10:28 +0000 2026,El Gobierno de España ha sido muy claro y coherente en su posicionamiento de res...,2031683997571449216,Wed Mar 11 10:49:46 +0000 2026,ragnar__cat,@sanchezcastejon @eldiarioes Que es lo q estás protegiendo? Xq este país cada día da más miedo,1,0,0,94,0,2,0,0.0,neutral
2031628808088912350,Wed Mar 11 07:10:28 +0000 2026,El Gobierno de España ha sido muy claro y coherente en su posicionamiento de res...,2031683615420023232,Wed Mar 11 10:48:15 +0000 2026,missthinking0,@sanchezcastejon @eldiarioes Coherencia y Sánchez en la misma frase es de coña,1,0,0,78,0,2,0,0.0,neutral
2031628808088912350,Wed Mar 11 07:10:28 +0000 2026,El Gobierno de España ha sido muy claro y coherente en su posicionamiento de res...,2031683440827937217,Wed Mar 11 10:47:33 +0000 2026,Ernesto56153283,@sanchezcastejon @eldiarioes https://t.co/0nCNfDlmxZ,1,0,0,52,0,2,1,0.0,neutral
2031628808088912350,Wed Mar 11 07:10:28 +0000 2026,El Gobierno de España ha sido muy claro y coherente en su posicionamiento de res...,2031683191061229867,Wed Mar 11 10:46:34 +0000 2026,CruzRodriguezJB,@sanchezcastejon @eldiarioes https://t.co/en2m6NPffn,1,0,0,52,0,2,1,0.0,neutral
2031628808088912350,Wed Mar 11 07:10:28 +0000 2026,El Gobierno de España ha sido muy claro y coherente en su posicionamiento de res...,2031683088934216122,Wed Mar 11 10:46:09 +0000 2026,Jhonybearbarca,"@sanchezcastejon @eldiarioes Señor presidente, y los derechos humanos de los civiles iraníes los protegen? Han amenazado a un equipo de feminas por no querer cantar el himno de Irán. Lo principal es destruir las dictaduras, acabar los genocidios y la violencia, lástima q la única solución que hay s la guerra",1,0,0,309,0,2,0,-0.296,negative
2031628808088912350,Wed Mar 11 07:10:28 +0000 2026,El Gobierno de España ha sido muy claro y coherente en su posicionamiento de res...,2031683042339623172,Wed Mar 11 10:45:58 +0000 2026,Carolin91396274,"@sanchezcastejon @eldiarioes Escolar y tus esbirros, haced acopio de lenguas, que como está el patio, se vais a quedar sin ellas y a ver cómo vais a seguir lamiéndole el culo a tu amo.",1,0,0,184,0,2,0,-0.5574,negative
2031628808088912350,Wed Mar 11 07:10:28 +0000 2026,El Gobierno de España ha sido muy claro y coherente en su posicionamiento de res...,2031682455229338017,Wed Mar 11 10:43:38 +0000 2026,RamiroS49292302,@sanchezcastejon @eldiarioes Estas destruindo Espanha seu fdp traidor. https://t.co/Wg1KkJZo52,1,0,0,94,0,2,1,0.0,neutral
2031628808088912350,Wed Mar 11 07:10:28 +0000 2026,El Gobierno de España ha sido muy claro y coherente en su posicionamiento de res...,2031682439572005098,Wed Mar 11 10:43:35 +0000 2026,JBR18922739,@sanchezcastejon @eldiarioes https://t.co/zb35g8f8RM,1,0,0,52,0,2,1,0.0,neutral
2031628808088912350,Wed Mar 11 07:10:28 +0000 2026,El Gobierno de España ha sido muy claro y coherente en su posicionamiento de res...,2031682432064278558,Wed Mar 11 10:43:33 +0000 2026,sotojuanjo,@martinvars @sanchezcastejon @eldiarioes https://t.co/5uYrOkHqZs,0,0,0,64,0,3,1,0.0,neutral
2031628808088912350,Wed Mar 11 07:10:28 +0000 2026,El Gobierno de España ha sido muy claro y coherente en su posicionamiento de res...,2031682339479130533,Wed Mar 11 10:43:11 +0000 2026,barakli_hikmet,@sanchezcastejon @eldiarioes https://t.co/i3GWBLe3Wx,2,0,0,52,0,2,1,0.0,neutral
2031628808088912350,Wed Mar 11 07:10:28 +0000 2026,El Gobierno de España ha sido muy claro y coherente en su posicionamiento de res...,2031682137498308803,Wed Mar 11 10:42:23 +0000 2026,maneltomas,"@sanchezcastejon @eldiarioes Soy del @PSOE, me hago una raya en la sauna y compatiotra. https://t.co/vSTXXitQ4R",1,0,0,111,0,3,1,0.296,positive
2031628808088912350,Wed Mar 11 07:10:28 +0000 2026,El Gobierno de España ha sido muy claro y coherente en su posicionamiento de res...,2031681619413663769,Wed Mar 11 10:40:19 +0000 2026,PaquiFg_mlg,@sanchezcastejon @eldiarioes https://t.co/qKJTBLAE2l,2,0,0,52,0,2,1,0.0,neutral
2031628808088912350,Wed Mar 11 07:10:28 +0000 2026,El Gobierno de España ha sido muy claro y coherente en su posicionamiento de res...,2031681363879821784,Wed Mar 11 10:39:18 +0000 2026,Trianerito1969,@capTercio @sanchezcastejon @eldiarioes En sus gónadas morenas. Lo mismo que en Venezuela y Cuba.,1,0,0,97,0,3,0,0.0,neutral
2031628808088912350,Wed Mar 11 07:10:28 +0000 2026,El Gobierno de España ha sido muy claro y coherente en su posicionamiento de res...,2031680941165355463,Wed Mar 11 10:37:37 +0000 2026,Andrea94748955,"@sanchezcastejon @calleiro11 @eldiarioes Si de verdad le preocupa España, deje que gobierne gente con sentido común. Aliarse con el diablo, despilfarrar del dinero público y convertir España en un califato, no es gobernar.",1,0,0,222,0,3,0,-0.296,negative
2031628808088912350,Wed Mar 11 07:10:28 +0000 2026,El Gobierno de España ha sido muy claro y coherente en su posicionamiento de res...,2031680633496305901,Wed Mar 11 10:36:24 +0000 2026,Rafael614365601,@sanchezcastejon @eldiarioes El cumplimiento del derecho internacional está completamente disociado del derecho nacional...??? 🤔🤔,3,0,0,129,0,2,0,0.0,neutral
2031628808088912350,Wed Mar 11 07:10:28 +0000 2026,El Gobierno de España ha sido muy claro y coherente en su posicionamiento de res...,2031680315345789354,Wed Mar 11 10:35:08 +0000 2026,NeoDulcineo,@sanchezcastejon @eldiarioes Osea ....si pero no...como siempre...TRILEROS,1,0,0,74,0,2,0,0.0,neutral
2031628808088912350,Wed Mar 11 07:10:28 +0000 2026,El Gobierno de España ha sido muy claro y coherente en su posicionamiento de res...,2031680098647134415,Wed Mar 11 10:34:16 +0000 2026,tenerife2017,@sanchezcastejon @eldiarioes 🤮🤮🤮,1,0,0,32,0,2,0,0.0,neutral
2031628808088912350,Wed Mar 11 07:10:28 +0000 2026,El Gobierno de España ha sido muy claro y coherente en su posicionamiento de res...,2031680021803282511,Wed Mar 11 10:33:58 +0000 2026,mywordsworlds1,"@sanchezcastejon @eldiarioes Con todos los recursos del Estado 

https://t.co/xgGXayHnIF",1,0,0,88,0,2,1,0.0,neutral
2031628808088912350,Wed Mar 11 07:10:28 +0000 2026,El Gobierno de España ha sido muy claro y coherente en su posicionamiento de res...,2031679920070365528,Wed Mar 11 10:33:34 +0000 2026,DavidGarNez,"@sanchezcastejon @eldiarioes Lo mismo de claro que la matanza de Irán a 40.000 personas que saliron a protestar a las calles, ¿no? El derecho internacional, para algunas cosas, pero no para todas eh…",1,0,0,199,0,2,0,-0.296,negative
2031628808088912350,Wed Mar 11 07:10:28 +0000 2026,El Gobierno de España ha sido muy claro y coherente en su posicionamiento de res...,2031679868912447762,Wed Mar 11 10:33:22 +0000 2026,78Regimen,@sanchezcastejon @eldiarioes El derecho internacional no permite que tengas como socio a terroristas que tienen sin aclarar 379 asesinatos de inocentes.,1,0,0,152,0,2,0,-0.7003,negative
2031628808088912350,Wed Mar 11 07:10:28 +0000 2026,El Gobierno de España ha sido muy claro y coherente en su posicionamiento de res...,2031679790852272206,Wed Mar 11 10:33:03 +0000 2026,DanielBPigeon,@sanchezcastejon @eldiarioes 🤡,1,0,0,30,0,2,0,0.0,neutral
2031628808088912350,Wed Mar 11 07:10:28 +0000 2026,El Gobierno de España ha sido muy claro y coherente en su posicionamiento de res...,2031679781029179884,Wed Mar 11 10:33:01 +0000 2026,Enrique33282612,@sanchezcastejon @martagg82 @eldiarioes Sigamos firmes en el respeto y protección de los derechos humanos y la legalidad internacional !!!!,1,0,0,139,0,3,0,0.0,neutral
2031628808088912350,Wed Mar 11 07:10:28 +0000 2026,El Gobierno de España ha sido muy claro y coherente en su posicionamiento de res...,2031679700477575244,Wed Mar 11 10:32:42 +0000 2026,ReneMartinRMC,"@sanchezcastejon @eldiarioes Ya entiendo por que el presidente está tan preocupado por el ""Odio"" en las redes sociales. Solo basta leer los comentarios y lo entiendes.",1,0,0,167,0,2,0,0.0,neutral
2031628808088912350,Wed Mar 11 07:10:28 +0000 2026,El Gobierno de España ha sido muy claro y coherente en su posicionamiento de res...,2031679486815867109,Wed Mar 11 10:31:51 +0000 2026,pipogligli1,@sanchezcastejon @eldiarioes Iran nunca respecto el derecho internacional con atentados por todo el mundo y su propio pueblo,1,0,0,124,0,2,0,0.0,neutral
2031628808088912350,Wed Mar 11 07:10:28 +0000 2026,El Gobierno de España ha sido muy claro y coherente en su posicionamiento de res...,2031678950959620305,Wed Mar 11 10:29:43 +0000 2026,faraklit54,@sanchezcastejon @eldiarioes You're the man of the century !!! 👏🏻,1,0,0,65,0,2,0,0.0,neutral
2031628808088912350,Wed Mar 11 07:10:28 +0000 2026,El Gobierno de España ha sido muy claro y coherente en su posicionamiento de res...,2031678907582185700,Wed Mar 11 10:29:32 +0000 2026,tamygfc,"@sanchezcastejon @eldiarioes 🤮🤮🤮🤮🤮🤮🤮🤮🤮🤮🤮🤮🤮🤮🤮🤮🤮🤮🤮. Eres lo mas repugnante del planeta. Corrupto, putero, ladrón",1,0,0,110,0,2,0,0.0,neutral
2031628808088912350,Wed Mar 11 07:10:28 +0000 2026,El Gobierno de España ha sido muy claro y coherente en su posicionamiento de res...,2031678904914563204,Wed Mar 11 10:29:32 +0000 2026,GomezAnd2,@sanchezcastejon @eldiarioes https://t.co/rflSI24HuV,1,0,0,52,0,2,1,0.0,neutral
2031628808088912350,Wed Mar 11 07:10:28 +0000 2026,El Gobierno de España ha sido muy claro y coherente en su posicionamiento de res...,2031678874174849465,Wed Mar 11 10:29:25 +0000 2026,RickLee1360494,@sanchezcastejon @eldiarioes Pedro Ayatollah Sanchez,0,0,0,52,0,2,0,0.0,neutral
2031628808088912350,Wed Mar 11 07:10:28 +0000 2026,El Gobierno de España ha sido muy claro y coherente en su posicionamiento de res...,2031678838019645671,Wed Mar 11 10:29:16 +0000 2026,MariaMorenoMa18,@sanchezcastejon @eldiarioes Eres un bicho malo,0,0,0,47,0,2,0,0.0,neutral
2031628808088912350,Wed Mar 11 07:10:28 +0000 2026,El Gobierno de España ha sido muy claro y coherente en su posicionamiento de res...,2031678278914687483,Wed Mar 11 10:27:03 +0000 2026,ignorante423237,@sanchezcastejon @DianaMorantR @eldiarioes DIMITE,0,0,0,49,0,3,0,0.0,neutral
2031628808088912350,Wed Mar 11 07:10:28 +0000 2026,El Gobierno de España ha sido muy claro y coherente en su posicionamiento de res...,2031678156759814235,Wed Mar 11 10:26:33 +0000 2026,EspanistanCom,@sanchezcastejon @eldiarioes https://t.co/c6aADlXbv0,0,0,0,52,0,2,1,0.0,neutral
2031628808088912350,Wed Mar 11 07:10:28 +0000 2026,El Gobierno de España ha sido muy claro y coherente en su posicionamiento de res...,2031678070000607715,Wed Mar 11 10:26:13 +0000 2026,yusufizzet6,@sanchezcastejon @eldiarioes 🤝🇹🇷👍 https://t.co/m8HtD3uRKs,0,0,0,57,0,2,1,0.0,neutral
2031628808088912350,Wed Mar 11 07:10:28 +0000 2026,El Gobierno de España ha sido muy claro y coherente en su posicionamiento de res...,2031677937523511582,Wed Mar 11 10:25:41 +0000 2026,jyst04,"@sanchezcastejon @eldiarioes Estamos haciendo lo mismo que cualquier país en Europa, pero con la jilipollez del “No a la guerra”… porque necesitáis un puñetero eslogan para ganar votos… dais puñetera pena… de verdad.",0,0,0,216,0,2,0,0.0,neutral
2031628808088912350,Wed Mar 11 07:10:28 +0000 2026,El Gobierno de España ha sido muy claro y coherente en su posicionamiento de res...,2031677872927129799,Wed Mar 11 10:25:26 +0000 2026,gaizkalo,"@sanchezcastejon @eldiarioes El mismo derecho por el que se rige, en no dar explicaciones. El mismo derecho por el que gobierna sin presupuestos. El mismo derecho por el que es presidente sin ser elegido en las urnas. El mismo por el que no convoca #elecciones. #Libertad democratica ya",0,0,0,286,2,2,0,-0.891,negative
2031628808088912350,Wed Mar 11 07:10:28 +0000 2026,El Gobierno de España ha sido muy claro y coherente en su posicionamiento de res...,2031677849447395419,Wed Mar 11 10:25:20 +0000 2026,Aldabra20,"@sanchezcastejon @eldiarioes No es una guerra, es un rescate de inocentes secuestrados por asesinos. Y usted, como siempre,  a sus negocios, que son dios días.",0,0,0,159,0,2,0,-0.296,negative
2031628808088912350,Wed Mar 11 07:10:28 +0000 2026,El Gobierno de España ha sido muy claro y coherente en su posicionamiento de res...,2031677590365233371,Wed Mar 11 10:24:18 +0000 2026,soakaos,"@sanchezcastejon @miqueliceta @eldiarioes Tranquilo, sabemos que no eres muy inteligente q digamos y no piensas además de q te es, totalmente, indiferente el pueblo español en 1 futuro cercano y q te da exactamente igual el futuro de tu descendencia a menos q te fugues con ésta a R. Dominicana (por ejemplo), claro.",0,0,0,316,0,3,0,-0.5267,negative
2031628808088912350,Wed Mar 11 07:10:28 +0000 2026,El Gobierno de España ha sido muy claro y coherente en su posicionamiento de res...,2031677483590767081,Wed Mar 11 10:23:53 +0000 2026,soshispania,@sanchezcastejon @eldiarioes Aprueba presupuestos o dimite,0,0,0,58,0,2,0,0.0,neutral
2031628808088912350,Wed Mar 11 07:10:28 +0000 2026,El Gobierno de España ha sido muy claro y coherente en su posicionamiento de res...,2031677249196339245,Wed Mar 11 10:22:57 +0000 2026,TetePintoPiotti,@sanchezcastejon @eldiarioes 🤮🤮🤮🤮🤮🤮🤮🤮🤮🤮🤮,0,0,0,40,0,2,0,0.0,neutral
2031628808088912350,Wed Mar 11 07:10:28 +0000 2026,El Gobierno de España ha sido muy claro y coherente en su posicionamiento de res...,2031677047374741948,Wed Mar 11 10:22:09 +0000 2026,Castita20,@sanchezcastejon @eldiarioes Lo puedes explicar? https://t.co/FDXHqhUAhc,2,1,0,72,0,2,1,0.0,neutral
2031628808088912350,Wed Mar 11 07:10:28 +0000 2026,El Gobierno de España ha sido muy claro y coherente en su posicionamiento de res...,2031677024335450608,Wed Mar 11 10:22:03 +0000 2026,JorgeSeplvedaR1,"@sanchezcastejon @eldiarioes Eres maldad sola Dirty Felón Saunez. No te importa quemar España mientras puedas gobernar sobre sus cenizas. Eres un peligro público, pronto empezaras a justificar la violencia contra los ciudadanos",0,0,0,227,0,2,0,-0.6249,negative
2031628808088912350,Wed Mar 11 07:10:28 +0000 2026,El Gobierno de España ha sido muy claro y coherente en su posicionamiento de res...,2031676922829160891,Wed Mar 11 10:21:39 +0000 2026,jose44755,@sanchezcastejon @eldiarioes Delincuente https://t.co/DHml5506xY,0,0,0,64,0,2,1,0.0,neutral
2031628808088912350,Wed Mar 11 07:10:28 +0000 2026,El Gobierno de España ha sido muy claro y coherente en su posicionamiento de res...,2031676868051501268,Wed Mar 11 10:21:26 +0000 2026,Cossio1182,@sanchezcastejon @eldiarioes Eres un hijo de 1000 padres,0,0,0,56,0,2,0,0.0,neutral
2031628808088912350,Wed Mar 11 07:10:28 +0000 2026,El Gobierno de España ha sido muy claro y coherente en su posicionamiento de res...,2031676360024879344,Wed Mar 11 10:19:25 +0000 2026,742a84acb30c4e7,"@sanchezcastejon @gpscongreso @eldiarioes los muertos tantas guerras con van pasta .
donde esta aznar...
trio azores.
los muertos de gaza iran ukrania 
hipocresía. https://t.co/JzYJLsQOrR",0,0,0,187,0,3,1,0.0,neutral
2031628808088912350,Wed Mar 11 07:10:28 +0000 2026,El Gobierno de España ha sido muy claro y coherente en su posicionamiento de res...,2031676310922158495,Wed Mar 11 10:19:13 +0000 2026,pol64647165,"@sanchezcastejon @eldiarioes el derecho que te conviene, porque el de las naciones, te lo pasas por el ojete del iceta, el pistolero",0,0,0,132,0,2,0,0.0,neutral
2031628808088912350,Wed Mar 11 07:10:28 +0000 2026,El Gobierno de España ha sido muy claro y coherente en su posicionamiento de res...,2031676267603378445,Wed Mar 11 10:19:03 +0000 2026,AnaAmaya1Texto,@martinvars @sanchezcastejon @eldiarioes 👏🏻👏🏻👏🏻👏🏻👏🏻👏🏻👏🏻👏🏻👏🏻,0,0,0,59,0,3,0,0.0,neutral
2031628808088912350,Wed Mar 11 07:10:28 +0000 2026,El Gobierno de España ha sido muy claro y coherente en su posicionamiento de res...,2031676072073351513,Wed Mar 11 10:18:16 +0000 2026,AlbertRadua,@lopez_mari15023 @sanchezcastejon @eldiarioes Que sigan con es matraca que en el otro lado del char o ya lo ben como el maduro se occidente. Imajinate lo bien que lo hace pedro.,0,0,0,177,0,3,0,0.0,neutral
2031628808088912350,Wed Mar 11 07:10:28 +0000 2026,El Gobierno de España ha sido muy claro y coherente en su posicionamiento de res...,2031675849452257613,Wed Mar 11 10:17:23 +0000 2026,AlbertRadua,@lopez_mari15023 @sanchezcastejon @eldiarioes Pero si eso tiene pinta que lo organico la pisoe que es muy amigo de los árabes.,0,0,0,126,0,3,0,0.0,neutral
2031628808088912350,Wed Mar 11 07:10:28 +0000 2026,El Gobierno de España ha sido muy claro y coherente en su posicionamiento de res...,2031675719529508966,Wed Mar 11 10:16:52 +0000 2026,titavayer692,"@sanchezcastejon @eldiarioes The Government of Spain has been very clear and consistent in its stance of respect for international law.  We do not endorse this war in Iran, but we will protect our compatriots with all the resources of the State.  My interview in

@eldiarioes,",0,0,0,276,0,3,0,0.4772,positive
2031628808088912350,Wed Mar 11 07:10:28 +0000 2026,El Gobierno de España ha sido muy claro y coherente en su posicionamiento de res...,2031675691830284520,Wed Mar 11 10:16:46 +0000 2026,titavayer692,"@sanchezcastejon @eldiarioes The Government of Spain has been very clear and consistent in its stance of respect for international law.  We do not endorse this war in Iran, but we will protect our compatriots with all the resources of the State.  My interview in

@eldiarioes",0,0,0,275,0,3,0,0.4772,positive
2031628808088912350,Wed Mar 11 07:10:28 +0000 2026,El Gobierno de España ha sido muy claro y coherente en su posicionamiento de res...,2031675476549226533,Wed Mar 11 10:15:54 +0000 2026,AlbertRadua,"@PORMIGRANCULPA @sanchezcastejon @eldiarioes Faltan muchos que le lamen el culo, y pagados con el dinero del contribuyente. Asín tengo yo tambien un ejército de apesebrados con el dinero de los demás.",1,0,0,200,0,3,0,0.0,neutral
2031628808088912350,Wed Mar 11 07:10:28 +0000 2026,El Gobierno de España ha sido muy claro y coherente en su posicionamiento de res...,2031675073275240479,Wed Mar 11 10:14:18 +0000 2026,AlbertRadua,@sanchezcastejon @eldiarioes Eres mas falso que judas.,0,0,0,54,0,2,0,0.0,neutral
2031628808088912350,Wed Mar 11 07:10:28 +0000 2026,El Gobierno de España ha sido muy claro y coherente en su posicionamiento de res...,2031674997748408558,Wed Mar 11 10:14:00 +0000 2026,AlbertRadua,@sanchezcastejon @eldiarioes Cuando masacraban la población irani no decias lo mismo.,0,0,0,85,0,2,0,-0.296,negative
2031628808088912350,Wed Mar 11 07:10:28 +0000 2026,El Gobierno de España ha sido muy claro y coherente en su posicionamiento de res...,2031674883231404343,Wed Mar 11 10:13:33 +0000 2026,Laya_punto,@sanchezcastejon @eldiarioes Tienes mejor cara últimamente. Ya es triste que las desgracias te favorezcan. Triste y peligroso.,0,0,0,126,0,2,0,0.0,neutral
2031628808088912350,Wed Mar 11 07:10:28 +0000 2026,El Gobierno de España ha sido muy claro y coherente en su posicionamiento de res...,2031674624073703554,Wed Mar 11 10:12:31 +0000 2026,GasconYusa,"@martinvars @sanchezcastejon @eldiarioes Él sólo protege a la purría mundial, es un miserable cómplice de dictaduras.",2,1,0,117,0,3,0,-0.4939,negative
2031628808088912350,Wed Mar 11 07:10:28 +0000 2026,El Gobierno de España ha sido muy claro y coherente en su posicionamiento de res...,2031674511762817273,Wed Mar 11 10:12:04 +0000 2026,NachoPomba9168,@sanchezcastejon @eldiarioes Quise decir que huye,0,0,0,49,0,2,0,0.0,neutral
2031628808088912350,Wed Mar 11 07:10:28 +0000 2026,El Gobierno de España ha sido muy claro y coherente en su posicionamiento de res...,2031674454418375084,Wed Mar 11 10:11:51 +0000 2026,Unodemarron,@capTercio @sanchezcastejon @eldiarioes Está junto con Pegasus,1,0,0,62,0,3,0,0.0,neutral
2031628808088912350,Wed Mar 11 07:10:28 +0000 2026,El Gobierno de España ha sido muy claro y coherente en su posicionamiento de res...,2031674300311195864,Wed Mar 11 10:11:14 +0000 2026,NachoPomba9168,"@sanchezcastejon @eldiarioes Sánchez estás rodeado!, dimite ya, no hagas como Hitler, Ceaucescu, Allende etc una retirada a tiempo es un victoria . Los ciudadanos pensamos que a enemigo que huele puente de plata , en tu caso haztelo de oro pero vete ya!!!",0,0,1,255,0,2,0,-0.5216,negative
2031628808088912350,Wed Mar 11 07:10:28 +0000 2026,El Gobierno de España ha sido muy claro y coherente en su posicionamiento de res...,2031674299640397975,Wed Mar 11 10:11:14 +0000 2026,SAINTS16888,@sanchezcastejon @eldiarioes 👍👍👍,0,0,0,32,0,2,0,0.0,neutral
2031628808088912350,Wed Mar 11 07:10:28 +0000 2026,El Gobierno de España ha sido muy claro y coherente en su posicionamiento de res...,2031674069100216376,Wed Mar 11 10:10:19 +0000 2026,nopenevernunca,@capTercio @sanchezcastejon @eldiarioes Donde le diga Mohammed VI…,2,0,0,66,0,3,0,0.0,neutral
2031628808088912350,Wed Mar 11 07:10:28 +0000 2026,El Gobierno de España ha sido muy claro y coherente en su posicionamiento de res...,2031673814250393813,Wed Mar 11 10:09:18 +0000 2026,VctorPallares4,@sanchezcastejon @eldiarioes Eres un mongolo,0,0,0,44,0,2,0,0.0,neutral
2031628808088912350,Wed Mar 11 07:10:28 +0000 2026,El Gobierno de España ha sido muy claro y coherente en su posicionamiento de res...,2031673566194737526,Wed Mar 11 10:08:19 +0000 2026,DavidAdlerSion,@sanchezcastejon @eldiarioes https://t.co/T033ZpliL6,0,0,0,52,0,2,1,0.0,neutral
2031628808088912350,Wed Mar 11 07:10:28 +0000 2026,El Gobierno de España ha sido muy claro y coherente en su posicionamiento de res...,2031673518882947202,Wed Mar 11 10:08:08 +0000 2026,CiceronRaf34846,@sanchezcastejon @eldiarioes Jaj ja buuuuuuulo https://t.co/mmkeschV5S,0,0,0,70,0,2,1,0.0,neutral
2031628808088912350,Wed Mar 11 07:10:28 +0000 2026,El Gobierno de España ha sido muy claro y coherente en su posicionamiento de res...,2031673513870868496,Wed Mar 11 10:08:07 +0000 2026,aksoy3845,@sanchezcastejon @monicacanitrot @eldiarioes Sizleri seviyoruz🌹❤️🌹 https://t.co/10YzeLGllt,0,0,0,90,0,3,1,0.0,neutral
2031628808088912350,Wed Mar 11 07:10:28 +0000 2026,El Gobierno de España ha sido muy claro y coherente en su posicionamiento de res...,2031673479414620529,Wed Mar 11 10:07:58 +0000 2026,Julgodi,@sanchezcastejon @eldiarioes https://t.co/sVP9r0qXFL,0,0,0,52,0,2,1,0.0,neutral
2031628808088912350,Wed Mar 11 07:10:28 +0000 2026,El Gobierno de España ha sido muy claro y coherente en su posicionamiento de res...,2031673420056813848,Wed Mar 11 10:07:44 +0000 2026,hansolomoon7,"@sanchezcastejon @eldiarioes Portugal ya ha reaccionado antes de que Von der Leyen lo pida.

Estamos llegando tarde.

Piensa un poco en el pueblo🙏",2,1,0,146,0,2,0,0.34,positive
2031628808088912350,Wed Mar 11 07:10:28 +0000 2026,El Gobierno de España ha sido muy claro y coherente en su posicionamiento de res...,2031673136744194200,Wed Mar 11 10:06:37 +0000 2026,JLdBFM,"@martinvars @sanchezcastejon @eldiarioes Ahora sacan rédito y movilizan ignorantes para defender el régimen asesino que busca su supervivencia.El Régimen solo busca su expansión financiando a imbeciles, escudándose en libertades de Occidente, buscan su destrucción. Israel, es único en defender abiertamente esta amenaza.",0,0,0,321,0,3,0,0.2023,positive
2031628808088912350,Wed Mar 11 07:10:28 +0000 2026,El Gobierno de España ha sido muy claro y coherente en su posicionamiento de res...,2031672861757210936,Wed Mar 11 10:05:31 +0000 2026,indeone1,@sanchezcastejon @eldiarioes Qué medidas de protección estás aplicando? Decir no a la guerra no es una medida. Lo tuyo es de psicoanalista,0,0,0,138,0,2,0,-0.5267,negative
2031628808088912350,Wed Mar 11 07:10:28 +0000 2026,El Gobierno de España ha sido muy claro y coherente en su posicionamiento de res...,2031672825380217128,Wed Mar 11 10:05:22 +0000 2026,redamon8,"@martinvars @sanchezcastejon @eldiarioes Hay ya cientos de muertos que no son terroristas, muchos civiles incluyendo mas de cien niños.
Los que estan a favor de las guerras son a menudo los que no sufren las consecuencias.",0,0,0,222,0,3,0,-0.1779,negative
2031628808088912350,Wed Mar 11 07:10:28 +0000 2026,El Gobierno de España ha sido muy claro y coherente en su posicionamiento de res...,2031672306129330436,Wed Mar 11 10:03:19 +0000 2026,Marie58831485,@sanchezcastejon @eldiarioes A la place d'Ursula ?,0,0,0,50,0,2,0,0.0,neutral
2031628808088912350,Wed Mar 11 07:10:28 +0000 2026,El Gobierno de España ha sido muy claro y coherente en su posicionamiento de res...,2031672092815470846,Wed Mar 11 10:02:28 +0000 2026,AnaPodemos,"@sanchezcastejon @eldiarioes Parece hay problemas de urea en el campo: La urea, o carbamida, es un compuesto orgánico sólido, cristalino y blanco. Es el principal producto de desecho del metabolismo de proteínas en mamíferos, soluble en agua... ¡Te meas!. 🙄🤣🤣🤣",0,0,0,260,0,2,0,0.8718,positive
2031628808088912350,Wed Mar 11 07:10:28 +0000 2026,El Gobierno de España ha sido muy claro y coherente en su posicionamiento de res...,2031672057595826387,Wed Mar 11 10:02:19 +0000 2026,hastalospies9,"@sanchezcastejon @eldiarioes Solo pido a @JuntsXCat que acabe con este gobierno ,cada día se hace más grande @vox_es y es gracias a vosotros",0,0,0,140,0,4,0,0.0,neutral
2031628808088912350,Wed Mar 11 07:10:28 +0000 2026,El Gobierno de España ha sido muy claro y coherente en su posicionamiento de res...,2031671963450482829,Wed Mar 11 10:01:57 +0000 2026,JosechuLeton5,"@Littlepetrus @sanchezcastejon @eldiarioes Mucha envidia de países que tienen gobiernos socialdemócratas decentes, donde ni los comunistas ni los separatistas marcan la agenda.",0,0,0,176,0,3,0,0.0,neutral
2031628808088912350,Wed Mar 11 07:10:28 +0000 2026,El Gobierno de España ha sido muy claro y coherente en su posicionamiento de res...,2031671809238606319,Wed Mar 11 10:01:20 +0000 2026,capTercio,@sanchezcastejon @eldiarioes ¿Dónde está el derecho internacional en el Sáhara Occidental?,166,14,5,90,0,2,0,0.0,neutral
2031628808088912350,Wed Mar 11 07:10:28 +0000 2026,El Gobierno de España ha sido muy claro y coherente en su posicionamiento de res...,2031671763784937863,Wed Mar 11 10:01:09 +0000 2026,mmmmmggggg6622,@sanchezcastejon @eldiarioes https://t.co/fPSzYCNosd,0,0,0,52,0,2,1,0.0,neutral
2031628808088912350,Wed Mar 11 07:10:28 +0000 2026,El Gobierno de España ha sido muy claro y coherente en su posicionamiento de res...,2031671453129613410,Wed Mar 11 09:59:55 +0000 2026,ArcanjoMiguelpt,"@sanchezcastejon @eldiarioes Corrupto, podias ir viver para o Irão seu fdp",0,0,0,74,0,2,0,0.0,neutral
2031628808088912350,Wed Mar 11 07:10:28 +0000 2026,El Gobierno de España ha sido muy claro y coherente en su posicionamiento de res...,2031671365804175650,Wed Mar 11 09:59:34 +0000 2026,Aizquierdof,@sanchezcastejon @eldiarioes Ya se ve. Sois unos indeseables.,0,0,0,61,0,2,0,0.0,neutral
2031628808088912350,Wed Mar 11 07:10:28 +0000 2026,El Gobierno de España ha sido muy claro y coherente en su posicionamiento de res...,2031671140972687599,Wed Mar 11 09:58:41 +0000 2026,VanessaCoriat,"@sanchezcastejon @eldiarioes ""Respeto al Derecho Internacional""? Ok! Entonces devuelva todo el dinero corrupto que  se confabulo con Maduro y Chavez. Denuncie a   las organizaciones de Irán y Hamas que estan involucradas en su gobierno y hasta lo representan en organizaciones internacionales.  YA!",0,0,0,298,0,2,0,0.0,neutral
2031628808088912350,Wed Mar 11 07:10:28 +0000 2026,El Gobierno de España ha sido muy claro y coherente en su posicionamiento de res...,2031671069401039293,Wed Mar 11 09:58:24 +0000 2026,Delia236999836,@martinvars @sanchezcastejon @eldiarioes Este responde a China / Rusia,1,0,0,70,0,3,0,0.0,neutral
2031628808088912350,Wed Mar 11 07:10:28 +0000 2026,El Gobierno de España ha sido muy claro y coherente en su posicionamiento de res...,2031670924211097629,Wed Mar 11 09:57:49 +0000 2026,Noelia271976,"@sanchezcastejon @eldiarioes ¿Cómo le juzgará la historia, vampiro WOKE, cuando el polvo de sus mentiras se asiente y solo queden los juzgados y la deslealtad? La coherencia no se decreta en el BOE, se escribe en la memoria de un país que no olvida a quiénes dejó a su paso para salvar su sombra😉 TIC TAC.",0,0,0,305,0,2,0,-0.5267,negative
2031628808088912350,Wed Mar 11 07:10:28 +0000 2026,El Gobierno de España ha sido muy claro y coherente en su posicionamiento de res...,2031670918825578666,Wed Mar 11 09:57:48 +0000 2026,Gonzalin937651,@sanchezcastejon @eldiarioes Enfermo hdlgpt,0,0,0,43,0,2,0,0.0,neutral
2031628808088912350,Wed Mar 11 07:10:28 +0000 2026,El Gobierno de España ha sido muy claro y coherente en su posicionamiento de res...,2031670839578427768,Wed Mar 11 09:57:29 +0000 2026,Msanluc666,@sanchezcastejon @eldiarioes Seguro que lo que cuentas es una mentira pedrito.,0,0,0,78,0,2,0,0.0,neutral
2031628808088912350,Wed Mar 11 07:10:28 +0000 2026,El Gobierno de España ha sido muy claro y coherente en su posicionamiento de res...,2031670752416538685,Wed Mar 11 09:57:08 +0000 2026,Beluseries,@sanchezcastejon @eldiarioes Y quien es el presidente de España??? Porque usted no lo parece!!! Ayuda antes a la gente de fuera que a los de aquí.,0,0,0,146,0,2,0,-0.5597,negative
2031628808088912350,Wed Mar 11 07:10:28 +0000 2026,El Gobierno de España ha sido muy claro y coherente en su posicionamiento de res...,2031670653586121044,Wed Mar 11 09:56:45 +0000 2026,cervilla_jose,"@sanchezcastejon @eldiarioes Eres un miserable, que abusas de tu propio pueblo. Un mentiroso https://t.co/PY57b0sFkV",0,0,0,116,0,2,1,-0.4939,negative
2031628808088912350,Wed Mar 11 07:10:28 +0000 2026,El Gobierno de España ha sido muy claro y coherente en su posicionamiento de res...,2031670652269125861,Wed Mar 11 09:56:44 +0000 2026,pablogr19,"@sanchezcastejon @eldiarioes parole, parole, y parole....",0,0,0,57,0,2,0,0.0,neutral
2031628808088912350,Wed Mar 11 07:10:28 +0000 2026,El Gobierno de España ha sido muy claro y coherente en su posicionamiento de res...,2031670469208797186,Wed Mar 11 09:56:01 +0000 2026,Noelia271976,"@sanchezcastejon @eldiarioes ¿Se cree su propia coherencia o es que el espejo de Moncloa ya no refleja la realidad? Entre familia imputada, porteros de club y leales camino a la cárcel, su ""manual"" no es política, es escapismo. ¿Duerme tranquilo o es que su conciencia también está en funciones? Coherente 🤨",0,0,0,307,0,2,0,-0.5803,negative
2031628808088912350,Wed Mar 11 07:10:28 +0000 2026,El Gobierno de España ha sido muy claro y coherente en su posicionamiento de res...,2031670397280637243,Wed Mar 11 09:55:43 +0000 2026,AimHighLtd,@sanchezcastejon @eldiarioes 💐,0,0,0,30,0,2,0,0.0,neutral
2031628808088912350,Wed Mar 11 07:10:28 +0000 2026,El Gobierno de España ha sido muy claro y coherente en su posicionamiento de res...,2031670318008291336,Wed Mar 11 09:55:25 +0000 2026,flanders_esp,"@sanchezcastejon @gpssenado @eldiarioes Sí que la estamos avalando. Pero bueno, que cuando ZP colaboraba con la detención de presos políticos en Venezula el derecho internacional te la pelaba",0,0,0,191,0,3,0,0.0,neutral
2031628808088912350,Wed Mar 11 07:10:28 +0000 2026,El Gobierno de España ha sido muy claro y coherente en su posicionamiento de res...,2031670314694758673,Wed Mar 11 09:55:24 +0000 2026,ZapaterGil,@sanchezcastejon @PSOE @eldiarioes Con Franco si q funcionaba la sanidad.,1,1,0,73,0,3,0,0.0,neutral
2031628808088912350,Wed Mar 11 07:10:28 +0000 2026,El Gobierno de España ha sido muy claro y coherente en su posicionamiento de res...,2031669963967115602,Wed Mar 11 09:54:00 +0000 2026,KeGordoEstoy,@sanchezcastejon @eldiarioes Hdgp,0,0,0,33,0,2,0,0.0,neutral
2031628808088912350,Wed Mar 11 07:10:28 +0000 2026,El Gobierno de España ha sido muy claro y coherente en su posicionamiento de res...,2031669860598460824,Wed Mar 11 09:53:36 +0000 2026,rolan54988,"@sanchezcastejon @eldiarioes Nada claro ni coherente con la gente que aloja en Moncloa, que viaja en el Falcon,  que se lleva nuestro dinerode impuestos...",0,0,0,155,0,2,0,0.0,neutral
2031628808088912350,Wed Mar 11 07:10:28 +0000 2026,El Gobierno de España ha sido muy claro y coherente en su posicionamiento de res...,2031669804352811147,Wed Mar 11 09:53:22 +0000 2026,SinasiKada80401,@sanchezcastejon @eldiarioes Reis ayağın taşa değmesin,0,0,0,54,0,2,0,0.0,neutral
2031628808088912350,Wed Mar 11 07:10:28 +0000 2026,El Gobierno de España ha sido muy claro y coherente en su posicionamiento de res...,2031669660001718602,Wed Mar 11 09:52:48 +0000 2026,Nachowissnes,"@sanchezcastejon @eldiarioes Otra lucha contra las guerra es dejar de depender del Petróleo y el Gas.
Multiplica la energía nuclear con mini reactores es la clave. Hacer algo, porf",0,0,0,180,0,2,0,0.0,neutral
2031628808088912350,Wed Mar 11 07:10:28 +0000 2026,El Gobierno de España ha sido muy claro y coherente en su posicionamiento de res...,2031669587255636149,Wed Mar 11 09:52:30 +0000 2026,Surenho21,@sanchezcastejon @eldiarioes La va a leer tu prima.,0,0,0,51,0,2,0,0.0,neutral
2031628808088912350,Wed Mar 11 07:10:28 +0000 2026,El Gobierno de España ha sido muy claro y coherente en su posicionamiento de res...,2031669537645441139,Wed Mar 11 09:52:19 +0000 2026,julenbaales,@sanchezcastejon @eldiarioes Aprovecha perro antes de que desaparezca ese panfleto,0,0,0,82,0,2,0,0.0,neutral
2031628808088912350,Wed Mar 11 07:10:28 +0000 2026,El Gobierno de España ha sido muy claro y coherente en su posicionamiento de res...,2031669520415240543,Wed Mar 11 09:52:14 +0000 2026,brahimk08415012,@sanchezcastejon @eldiarioes 🇪🇸🇪🇸🇹🇷🇹🇷❤️❤️,0,0,0,41,0,2,0,0.0,neutral
2031628808088912350,Wed Mar 11 07:10:28 +0000 2026,El Gobierno de España ha sido muy claro y coherente en su posicionamiento de res...,2031669217733353499,Wed Mar 11 09:51:02 +0000 2026,ZapaterGil,@sanchezcastejon @PSOE @eldiarioes Tú no tienes derecho ni decir mu! Vete a Kaskala y no vuelvas! Y si vuelves a la cárcel irás.,1,1,1,128,0,3,0,-0.6103,negative
2031628808088912350,Wed Mar 11 07:10:28 +0000 2026,El Gobierno de España ha sido muy claro y coherente en su posicionamiento de res...,2031669079585538101,Wed Mar 11 09:50:29 +0000 2026,ElenaOliveros2,"@sanchezcastejon @eldiarioes A ti lo único que te importa es seguir en Moncloa. Esencialmente porque una vez fuera, te tienen reservada la suite en Soto del Real.",0,0,0,162,0,2,0,0.0,neutral
2031628808088912350,Wed Mar 11 07:10:28 +0000 2026,El Gobierno de España ha sido muy claro y coherente en su posicionamiento de res...,2031668856851223009,Wed Mar 11 09:49:36 +0000 2026,Nur68334046,"@sanchezcastejon @eldiarioes Muy bonito pero el que sigue en sus treces es EEUU y su Presidente se cree el Salvatore Mundi, qué van a decirle a la ONU que EEUU viola el Derecho Internacional, no nos haga reír, la medida de España ante un abuso es declararse pacifista 🤣",0,0,0,269,0,2,0,0.25,positive
2031628808088912350,Wed Mar 11 07:10:28 +0000 2026,El Gobierno de España ha sido muy claro y coherente en su posicionamiento de res...,2031668547122839832,Wed Mar 11 09:48:22 +0000 2026,CharlesDuruti,@sanchezcastejon @eldiarioes https://t.co/pKiaVMqubB,0,0,0,52,0,2,1,0.0,neutral
2031628808088912350,Wed Mar 11 07:10:28 +0000 2026,El Gobierno de España ha sido muy claro y coherente en su posicionamiento de res...,2031668343128608874,Wed Mar 11 09:47:34 +0000 2026,TRAIANVS75,@sanchezcastejon @eldiarioes Cuál de los mil asesores escribe los Twitter,0,0,0,73,0,2,0,0.0,neutral
2031628808088912350,Wed Mar 11 07:10:28 +0000 2026,El Gobierno de España ha sido muy claro y coherente en su posicionamiento de res...,2031668277307494861,Wed Mar 11 09:47:18 +0000 2026,TOKOMOTXOV2,@sanchezcastejon @eldiarioes https://t.co/Oqbz8NMyV4,0,0,0,52,0,2,1,0.0,neutral
2031628808088912350,Wed Mar 11 07:10:28 +0000 2026,El Gobierno de España ha sido muy claro y coherente en su posicionamiento de res...,2031668103075996065,Wed Mar 11 09:46:36 +0000 2026,ArbonaNico23922,"@sanchezcastejon @eldiarioes No os dais cuenta que es un puto PSICÓPATA que se está riendo de todos? Sanchez loco eres una pasada de tío estás como una puta regadera, pero eres el puto amo en engañar a la gente , eres el tío más pirado que he podido ver.",0,0,0,254,0,2,0,-0.296,negative
2031628808088912350,Wed Mar 11 07:10:28 +0000 2026,El Gobierno de España ha sido muy claro y coherente en su posicionamiento de res...,2031667936868347948,Wed Mar 11 09:45:57 +0000 2026,RKil27,"@sanchezcastejon @eldiarioes Si il doit avoir une Europe respectueuse du droit humain , c'est avec des responsable courageux, Pas comme ceux qui ont permis a Un génocide en direct de Gaza,et maintenant en Iran, le droit passé avant la forcé,les usa / sioniste de trump sont sans foi ni loi, sanchez capitainUE",0,0,0,309,0,2,0,0.0,neutral
2031628808088912350,Wed Mar 11 07:10:28 +0000 2026,El Gobierno de España ha sido muy claro y coherente en su posicionamiento de res...,2031667650816778700,Wed Mar 11 09:44:49 +0000 2026,JosakoP,"@sanchezcastejon @eldiarioes Dinos de que presumes…
A los hechos nos remitimos!!!",0,0,0,81,0,2,0,0.0,neutral
2031628808088912350,Wed Mar 11 07:10:28 +0000 2026,El Gobierno de España ha sido muy claro y coherente en su posicionamiento de res...,2031667500853637194,Wed Mar 11 09:44:13 +0000 2026,DEMONREDCRAZY,"@sanchezcastejon @eldiarioes Pero ... puto sicopata criminal ..
Si te pasas el DERECHO INTERNACIONAL Y EL NACIONAL por el forro de Bego ...  😡😡😡‼️‼️‼️‼️‼️ https://t.co/pUhS3lsd2n",0,0,0,178,0,2,1,-0.5267,negative
2031628808088912350,Wed Mar 11 07:10:28 +0000 2026,El Gobierno de España ha sido muy claro y coherente en su posicionamiento de res...,2031667481618624799,Wed Mar 11 09:44:08 +0000 2026,BrainstormCarlo,"@sanchezcastejon @eldiarioes El Orden Internacional ¿Existe? ¿Funciona?
¿Qué opináis?
https://t.co/8kDlDh24mn",0,0,0,109,0,2,1,0.0,neutral
2031628808088912350,Wed Mar 11 07:10:28 +0000 2026,El Gobierno de España ha sido muy claro y coherente en su posicionamiento de res...,2031667442565423345,Wed Mar 11 09:43:59 +0000 2026,Pilar01039688,@sanchezcastejon @eldiarioes Que te den por el culo corrupto de mierda. No eres nuestro presidente. Usurpador. Que te detengan!,1,0,0,127,0,2,0,-0.3595,negative
2031628808088912350,Wed Mar 11 07:10:28 +0000 2026,El Gobierno de España ha sido muy claro y coherente en su posicionamiento de res...,2031667148024643754,Wed Mar 11 09:42:49 +0000 2026,CorneliaCinna,"@sanchezcastejon @eldiarioes Y en Venezuela? Miserable. 

Y en Cuba actualmente? Golfo 

Y en Sáhara? Eres un psicópata mentiroso. 

Tu islamizquierdismo nos ha hundido. 
Aprende coherencia #NoalasGuerras con S. 
#NoaTodaslasGuerras 
Tú no, sólo a las que te interesan y a tus socios psicópatas",0,0,0,294,2,2,0,-0.327,negative
2031628808088912350,Wed Mar 11 07:10:28 +0000 2026,El Gobierno de España ha sido muy claro y coherente en su posicionamiento de res...,2031666582225645936,Wed Mar 11 09:40:34 +0000 2026,modegonzalez,"@sanchezcastejon @eldiarioes Usted no protege a nadie, señor. Sólo a sí mismo.",0,0,0,78,0,2,0,-0.296,negative
2031628808088912350,Wed Mar 11 07:10:28 +0000 2026,El Gobierno de España ha sido muy claro y coherente en su posicionamiento de res...,2031666512478470169,Wed Mar 11 09:40:17 +0000 2026,ACES114,@sanchezcastejon @eldiarioes https://t.co/AI68CUgjTN,0,0,0,52,0,2,1,0.0,neutral
2031628808088912350,Wed Mar 11 07:10:28 +0000 2026,El Gobierno de España ha sido muy claro y coherente en su posicionamiento de res...,2031666386976551248,Wed Mar 11 09:39:47 +0000 2026,smunozrojas,@sanchezcastejon @eldiarioes https://t.co/YlDxWcaDMc,0,0,0,52,0,2,1,0.0,neutral
2031628808088912350,Wed Mar 11 07:10:28 +0000 2026,El Gobierno de España ha sido muy claro y coherente en su posicionamiento de res...,2031666344937062880,Wed Mar 11 09:39:37 +0000 2026,luiscinco10,"@sanchezcastejon @eldiarioes Eres lo peor, solo te interesa tu culo.",0,0,0,68,0,2,0,0.0,neutral
2031628808088912350,Wed Mar 11 07:10:28 +0000 2026,El Gobierno de España ha sido muy claro y coherente en su posicionamiento de res...,2031666246626718145,Wed Mar 11 09:39:14 +0000 2026,AishaBinAlhamar,"@sanchezcastejon @eldiarioes El diario, la ser, tve, siempre con los feladores!!!",0,0,0,81,0,2,0,0.0,neutral
2031628808088912350,Wed Mar 11 07:10:28 +0000 2026,El Gobierno de España ha sido muy claro y coherente en su posicionamiento de res...,2031665894917603783,Wed Mar 11 09:37:50 +0000 2026,direitaemdireto,"@sanchezcastejon @eldiarioes ¿Cómo es la protección de las niñas españolas?
https://t.co/1YxMQuvBXY",2,0,0,99,0,2,1,0.0,neutral
2031628808088912350,Wed Mar 11 07:10:28 +0000 2026,El Gobierno de España ha sido muy claro y coherente en su posicionamiento de res...,2031665651379556601,Wed Mar 11 09:36:52 +0000 2026,Almon947829689,"@sanchezcastejon @eldiarioes El derecho internacional se lo pasa por el forro la káiser Úrsula toda su recua y la UE en general cada día…!
Que.       Me.      Estás.       Contando.    ?",0,0,0,186,0,2,0,0.0,neutral
2031628808088912350,Wed Mar 11 07:10:28 +0000 2026,El Gobierno de España ha sido muy claro y coherente en su posicionamiento de res...,2031665618060026200,Wed Mar 11 09:36:44 +0000 2026,feko_n1,@sanchezcastejon @eldiarioes Traidor,0,0,0,36,0,2,0,0.0,neutral
2031628808088912350,Wed Mar 11 07:10:28 +0000 2026,El Gobierno de España ha sido muy claro y coherente en su posicionamiento de res...,2031665393450770580,Wed Mar 11 09:35:50 +0000 2026,Paco_Caballero_,"@sanchezcastejon @eldiarioes Muy claro! 

Los ayatolás pueden asesinar a mujeres pero mientras no salga de sus fronteras, todo correcto. 

Pero si alguien utiliza la fuerza para acabar con estos autócratas, represores y asesinos, te opones y calificas de odioso.

Enviar un barco de guerra a la zona es NO?",0,0,0,306,0,2,0,-0.3595,negative
2031628808088912350,Wed Mar 11 07:10:28 +0000 2026,El Gobierno de España ha sido muy claro y coherente en su posicionamiento de res...,2031665171135856727,Wed Mar 11 09:34:57 +0000 2026,ruy7,@sanchezcastejon @eldiarioes Regularizados https://t.co/fr5yiMenV5,0,0,0,66,0,2,1,0.0,neutral
2031628808088912350,Wed Mar 11 07:10:28 +0000 2026,El Gobierno de España ha sido muy claro y coherente en su posicionamiento de res...,2031664825009340769,Wed Mar 11 09:33:35 +0000 2026,nota_dan,"@sanchezcastejon @eldiarioes Patético.
Un tipo que no es periodista ni nada -o sea un pseudo-periodista como tú los llamas- haciéndote una entrevista. 
Dices 'No a la guerra' y mandas un buque y salen de Rota aviones americanos.
¡Farsante!
Tan sinvergüenza que ya te frotas las manos
https://t.co/pjw9aTCwBP https://t.co/BPze0sGuDG",0,0,0,331,0,2,2,-0.3595,negative
2031628808088912350,Wed Mar 11 07:10:28 +0000 2026,El Gobierno de España ha sido muy claro y coherente en su posicionamiento de res...,2031664772945412571,Wed Mar 11 09:33:23 +0000 2026,deino117128,"@sanchezcastejon @eldiarioes 🇪🇦🇪🇦🇪🇦🇪🇦🇪🇦🇪🇦🇪🇦🇹🇷🇹🇷🇹🇷🇹🇷🇹🇷
Tall Man Pedro You Never Alone
🇪🇦🇪🇦🇪🇦🇪🇦🇪🇦🇪🇦🇪🇦🇹🇷🇹🇷🇹🇷🇹🇷🇹🇷",0,0,0,109,0,2,0,0.1877,positive
2031628808088912350,Wed Mar 11 07:10:28 +0000 2026,El Gobierno de España ha sido muy claro y coherente en su posicionamiento de res...,2031664539431760049,Wed Mar 11 09:32:27 +0000 2026,jmrajmra,@sanchezcastejon @eldiarioes https://t.co/lFXIhL0fRy,1,0,0,52,0,2,1,0.0,neutral
2031628808088912350,Wed Mar 11 07:10:28 +0000 2026,El Gobierno de España ha sido muy claro y coherente en su posicionamiento de res...,2031664237014073693,Wed Mar 11 09:31:15 +0000 2026,ikokadigne,@sanchezcastejon @eldiarioes The Nobel Peace Prize 💌,0,0,0,52,0,2,0,0.9001,positive
2031628808088912350,Wed Mar 11 07:10:28 +0000 2026,El Gobierno de España ha sido muy claro y coherente en su posicionamiento de res...,2031664211865063772,Wed Mar 11 09:31:09 +0000 2026,amhinojosa58,"@sanchezcastejon @eldiarioes Si no respetas el derecho interno, cómo vas a ser defensor del internacional? Ley de presupuestos, función parlamento etc.",0,0,0,151,0,2,0,-0.296,negative
2031628808088912350,Wed Mar 11 07:10:28 +0000 2026,El Gobierno de España ha sido muy claro y coherente en su posicionamiento de res...,2031664147947979239,Wed Mar 11 09:30:54 +0000 2026,aritzbarcina,"@sanchezcastejon @eldiarioes Vaya basura de entrevista.... CUANTO LE HAS DADO A ESCOLAR??? SE LO HA TRAGADO TODO???
DIMITE YA!!!",0,0,0,128,0,2,0,0.7157,positive
2031628808088912350,Wed Mar 11 07:10:28 +0000 2026,El Gobierno de España ha sido muy claro y coherente en su posicionamiento de res...,2031664123701039127,Wed Mar 11 09:30:48 +0000 2026,JFreixinet,@sanchezcastejon @eldiarioes https://t.co/zeYzZD0cLS,0,0,0,52,0,2,1,0.0,neutral
2031628808088912350,Wed Mar 11 07:10:28 +0000 2026,El Gobierno de España ha sido muy claro y coherente en su posicionamiento de res...,2031664049180540972,Wed Mar 11 09:30:30 +0000 2026,ramon_lores,@sanchezcastejon @eldiarioes Escolar pseudo periodista lameculos del dictador y acojonado por la demanda de 200 millones de julio iglesias por difamación . https://t.co/NinT8NWGyc,0,0,0,179,0,2,1,0.0,neutral
2031628808088912350,Wed Mar 11 07:10:28 +0000 2026,El Gobierno de España ha sido muy claro y coherente en su posicionamiento de res...,2031663991966081483,Wed Mar 11 09:30:16 +0000 2026,tommy49_1973,"@sanchezcastejon @eldiarioes Pero si a las pvtas, verdad Dirty Sanchez? https://t.co/4NeDQUt4KI",0,0,0,95,0,2,1,-0.4404,negative
2031628808088912350,Wed Mar 11 07:10:28 +0000 2026,El Gobierno de España ha sido muy claro y coherente en su posicionamiento de res...,2031663744271446219,Wed Mar 11 09:29:17 +0000 2026,nomadlandersbr,@sanchezcastejon @eldiarioes Brasil ama te ❤️,0,0,0,45,0,2,0,0.0,neutral
2031628808088912350,Wed Mar 11 07:10:28 +0000 2026,El Gobierno de España ha sido muy claro y coherente en su posicionamiento de res...,2031663255630778689,Wed Mar 11 09:27:21 +0000 2026,LorenaR97671,"@sanchezcastejon @eldiarioes Pirate ya, enfermo",9,1,0,47,0,2,0,0.0,neutral
2031628808088912350,Wed Mar 11 07:10:28 +0000 2026,El Gobierno de España ha sido muy claro y coherente en su posicionamiento de res...,2031662824053698872,Wed Mar 11 09:25:38 +0000 2026,GdeTabarnia,"@sanchezcastejon @eldiarioes Pedro, ni tu ejército de bots turcos escribiendo ridiculeces por aquí te funciona. ¿Tú te los lees? Dan risa.",1,0,0,138,0,2,0,0.0,neutral
2031628808088912350,Wed Mar 11 07:10:28 +0000 2026,El Gobierno de España ha sido muy claro y coherente en su posicionamiento de res...,2031662725206524019,Wed Mar 11 09:25:14 +0000 2026,hiDarocha,"@sanchezcastejon @eldiarioes EL problema real es que para posicionarse tienes que influer, tener poder, respeto y es todo lo que carece España a nivel de poder duro y poder blando...",0,0,1,182,0,2,0,0.0,neutral
2031628808088912350,Wed Mar 11 07:10:28 +0000 2026,El Gobierno de España ha sido muy claro y coherente en su posicionamiento de res...,2031662376882217292,Wed Mar 11 09:23:51 +0000 2026,mariapmmm,"@sanchezcastejon @eldiarioes Y el Derecho Internacional de los pueblos bajo Dictaduras,cómo la de Cuba Gobernada bajo un Régimen Comunista 67 años prohibiendo al pueblo Elecciones libres y libertad de expresión,con Cárceles llenas de pres@s políticos por opinar diferente al único Partido Comunista impuesto?",0,0,0,308,0,3,0,0.0,neutral
2031628808088912350,Wed Mar 11 07:10:28 +0000 2026,El Gobierno de España ha sido muy claro y coherente en su posicionamiento de res...,2031662293784682906,Wed Mar 11 09:23:31 +0000 2026,Koenig_70,@sanchezcastejon @eldiarioes #corrupto #tirano https://t.co/IrwjljDRhi,0,0,0,70,2,2,1,0.0,neutral
2031628808088912350,Wed Mar 11 07:10:28 +0000 2026,El Gobierno de España ha sido muy claro y coherente en su posicionamiento de res...,2031662282174771300,Wed Mar 11 09:23:29 +0000 2026,mocicayomisma,"@sanchezcastejon @eldiarioes Tú no puedes proteger a nadie porque eres el mayor peligro, eres el mal, solo haces daño. Estaremos a salvo cuando desaparezcas.",1,0,0,157,0,2,0,-0.296,negative
2031628808088912350,Wed Mar 11 07:10:28 +0000 2026,El Gobierno de España ha sido muy claro y coherente en su posicionamiento de res...,2031662222305337522,Wed Mar 11 09:23:14 +0000 2026,cucaloca1974,"@sanchezcastejon @eldiarioes Eso se llama recoger carrete.
No a la guerra, pero poquito.
Mire usted a sus vecinos y haga algo bueno por la gente de España, quite el IVA, coño.",0,0,0,175,0,2,0,-0.296,negative
2031628808088912350,Wed Mar 11 07:10:28 +0000 2026,El Gobierno de España ha sido muy claro y coherente en su posicionamiento de res...,2031662108589367370,Wed Mar 11 09:22:47 +0000 2026,DutchDrB,@sanchezcastejon @eldiarioes International advisors advise against investing in Spain. Portugal receives a positive assessment. Not surprisingly.,0,0,0,145,0,2,0,0.4043,positive
2031628808088912350,Wed Mar 11 07:10:28 +0000 2026,El Gobierno de España ha sido muy claro y coherente en su posicionamiento de res...,2031661854368378946,Wed Mar 11 09:21:47 +0000 2026,alpertunga15576,@sanchezcastejon @eldiarioes ❤️🙏🧿👍,0,0,0,34,0,2,0,0.0,neutral
2031628808088912350,Wed Mar 11 07:10:28 +0000 2026,El Gobierno de España ha sido muy claro y coherente en su posicionamiento de res...,2031661784852049922,Wed Mar 11 09:21:30 +0000 2026,andrewrosemeyer,"@sanchezcastejon @eldiarioes Venezuela, Iran y montones mas cumplen con tu ""derecho internacional""... entonces mejor esperar actuar los ""juzgados internacionales""    

Usar mas la inteligencia en vez de tu ideologia radical, y QUIZAS España ira mejor bajo tu ""regimen"" de ultra-izquierda...",0,0,0,290,0,2,0,0.0,neutral
2031628808088912350,Wed Mar 11 07:10:28 +0000 2026,El Gobierno de España ha sido muy claro y coherente en su posicionamiento de res...,2031661780850577836,Wed Mar 11 09:21:29 +0000 2026,Kemal_Cengiz2,@sanchezcastejon @eldiarioes Biz Türkler de sizinle aynı fikirdeyiz. Teşekkürler bizlerin fikirlerini dile getirdiği için.,0,0,0,122,0,2,0,0.0,neutral
2031628808088912350,Wed Mar 11 07:10:28 +0000 2026,El Gobierno de España ha sido muy claro y coherente en su posicionamiento de res...,2031661728669319383,Wed Mar 11 09:21:17 +0000 2026,CopazoCopo,"@sanchezcastejon @eldiarioes Cuando tengas un rato, te dejas el derecho internacional y te pones con España....que también tenemos derecho a unos presupuestos y a un gobierno que no sea corrupto como el tuyo.",0,0,0,208,0,2,0,-0.296,negative
2031628808088912350,Wed Mar 11 07:10:28 +0000 2026,El Gobierno de España ha sido muy claro y coherente en su posicionamiento de res...,2031661724365955451,Wed Mar 11 09:21:16 +0000 2026,ramon_lores,@sanchezcastejon @eldiarioes https://t.co/htXgpsm1B6,0,0,0,52,0,2,1,0.0,neutral
2031628808088912350,Wed Mar 11 07:10:28 +0000 2026,El Gobierno de España ha sido muy claro y coherente en su posicionamiento de res...,2031661662864805961,Wed Mar 11 09:21:01 +0000 2026,Dioclec28821308,"@sanchezcastejon @eldiarioes Primero bochornoso entrevistarte en el panfleto ese del preescolar, segundo que calado te tenemos pedrito, ya puedes decir misa, que te tenemos muy calado.",0,0,0,184,0,2,0,0.0,neutral
2031628808088912350,Wed Mar 11 07:10:28 +0000 2026,El Gobierno de España ha sido muy claro y coherente en su posicionamiento de res...,2031661455326503419,Wed Mar 11 09:20:12 +0000 2026,ohGranBlan,"@sanchezcastejon @Carlospuntocom @eldiarioes Tú!? Qué vas a arreglar tú?!

https://t.co/qNCg1uVHeO",0,1,0,98,0,3,1,0.0,neutral
2031459858990477438,Tue Mar 10 19:59:07 +0000 2026,Seamos claros: es un “empeño personal” de la presidenta que las mujeres no pueda...,2031692000248918055,Wed Mar 11 11:21:34 +0000 2026,caoticofanegasc,"@sanchezcastejon ¿Qué te parecen los derechos de las mujeres en Irán, porque no te pronuncias al respecto?
https://t.co/hz1BcHZhSy",0,0,0,130,0,1,1,-0.296,negative
2031459858990477438,Tue Mar 10 19:59:07 +0000 2026,Seamos claros: es un “empeño personal” de la presidenta que las mujeres no pueda...,2031691411825860947,Wed Mar 11 11:19:14 +0000 2026,JuanluhpLuis,"@sanchezcastejon Hablando de cumplir la ley sin presupuestos 
Convocar elecciones",0,0,0,81,0,1,0,-0.5574,negative
2031459858990477438,Tue Mar 10 19:59:07 +0000 2026,Seamos claros: es un “empeño personal” de la presidenta que las mujeres no pueda...,2031690973944660124,Wed Mar 11 11:17:29 +0000 2026,MyKingdomComes,"@sanchezcastejon @diosgracias4351 Estás tú para hablar, que tienes a medio PSOE con escándalos sexuales.",0,0,0,104,0,2,0,0.0,neutral
2031459858990477438,Tue Mar 10 19:59:07 +0000 2026,Seamos claros: es un “empeño personal” de la presidenta que las mujeres no pueda...,2031690827307589767,Wed Mar 11 11:16:54 +0000 2026,MyKingdomComes,"@sanchezcastejon @diosgracias4351 Estás tú para hablar, que tu Gobierno aprobó la ley que saca violadores y pederastas a la calle.",0,0,0,130,0,2,0,0.0,neutral
2031459858990477438,Tue Mar 10 19:59:07 +0000 2026,Seamos claros: es un “empeño personal” de la presidenta que las mujeres no pueda...,2031690670071484709,Wed Mar 11 11:16:17 +0000 2026,MyKingdomComes,"@sanchezcastejon @diosgracias4351 Estás tú para hablar, que no presentas presupuestos.",0,0,0,86,0,2,0,-0.296,negative
2031459858990477438,Tue Mar 10 19:59:07 +0000 2026,Seamos claros: es un “empeño personal” de la presidenta que las mujeres no pueda...,2031689765779624273,Wed Mar 11 11:12:41 +0000 2026,PascuPasqui1979,"@sanchezcastejon Lo tienes fácil, disuelve las comunidades y podrás ser por fin el ayatolá español",0,0,0,98,0,1,0,0.0,neutral
2031459858990477438,Tue Mar 10 19:59:07 +0000 2026,Seamos claros: es un “empeño personal” de la presidenta que las mujeres no pueda...,2031689543754113131,Wed Mar 11 11:11:48 +0000 2026,ArrancaloY,"@sanchezcastejon Me da igual, asqueroso TRAIDOR. https://t.co/xufOZBWIg2",0,0,0,72,0,1,1,0.0,neutral
2031459858990477438,Tue Mar 10 19:59:07 +0000 2026,Seamos claros: es un “empeño personal” de la presidenta que las mujeres no pueda...,2031688060656562198,Wed Mar 11 11:05:55 +0000 2026,mafaroro,@sanchezcastejon Porque ella no es cómplice de ASESINOS. Eres un criminal corrupto putero cómplice lavador financiado por el narcoterrista régimen genocida de Chávez-Maduro y de paso un promotor de ASESINATOS DE BEBES. Tu no escaparas de la justicia de Dios y del hombre. Tras las rejas irás.,0,0,0,292,0,1,0,-0.7783,negative
2031459858990477438,Tue Mar 10 19:59:07 +0000 2026,Seamos claros: es un “empeño personal” de la presidenta que las mujeres no pueda...,2031687453543661942,Wed Mar 11 11:03:30 +0000 2026,Eclipse80561819,@sanchezcastejon Madrid no tiene competencia para legislar respecto al derecho al aborto.,0,0,0,89,0,1,0,-0.296,negative
2031459858990477438,Tue Mar 10 19:59:07 +0000 2026,Seamos claros: es un “empeño personal” de la presidenta que las mujeres no pueda...,2031687130548719957,Wed Mar 11 11:02:13 +0000 2026,2Emgame,@sanchezcastejon @elprogresor 155,1,0,0,33,0,2,0,0.0,neutral
2031459858990477438,Tue Mar 10 19:59:07 +0000 2026,Seamos claros: es un “empeño personal” de la presidenta que las mujeres no pueda...,2031686639328612500,Wed Mar 11 11:00:16 +0000 2026,deivid_vg1,"@sanchezcastejon Seamos claros, deflactad ya el IRPF y ajustad los tramos de una puta vez. Que nos estáis robando aprovechando de la inflación",0,0,0,142,0,1,0,0.0,neutral
2031459858990477438,Tue Mar 10 19:59:07 +0000 2026,Seamos claros: es un “empeño personal” de la presidenta que las mujeres no pueda...,2031686589982617621,Wed Mar 11 11:00:04 +0000 2026,joseant86646730,"@sanchezcastejon Un presidente del gobierno opinando en redes dios que políticos más lamentables hay en este país, hemos tocado fondo, izquierda o derecha da igual.",0,0,0,164,0,1,0,0.0,neutral
2031459858990477438,Tue Mar 10 19:59:07 +0000 2026,Seamos claros: es un “empeño personal” de la presidenta que las mujeres no pueda...,2031686213371891797,Wed Mar 11 10:58:34 +0000 2026,MaxPere08344628,@sanchezcastejon Illa incumple reiteradamente sentencias sobre el castellano en Cataluña. No veo que pongas nada sobre ello,0,0,0,123,0,1,0,-0.296,negative
2031459858990477438,Tue Mar 10 19:59:07 +0000 2026,Seamos claros: es un “empeño personal” de la presidenta que las mujeres no pueda...,2031686089740574779,Wed Mar 11 10:58:05 +0000 2026,CuratorMis26632,"@andramar90 @2017ange @sanchezcastejon Sería subidita. Con A. Ya lo sabes... Y no, en ningún momento he estado subidita, ni faltado, cosa que tú sí conmigo. Lo dicho, chao ;)",0,0,0,174,0,3,0,0.2263,positive
2031459858990477438,Tue Mar 10 19:59:07 +0000 2026,Seamos claros: es un “empeño personal” de la presidenta que las mujeres no pueda...,2031686006420779217,Wed Mar 11 10:57:45 +0000 2026,SoledadMar4361,@sanchezcastejon Preocúpate más de lo que haces y deja en paz a los demás que ya bastante estás dejando España como una 💩,0,0,0,121,0,1,0,0.0,neutral
2031459858990477438,Tue Mar 10 19:59:07 +0000 2026,Seamos claros: es un “empeño personal” de la presidenta que las mujeres no pueda...,2031685911004467707,Wed Mar 11 10:57:22 +0000 2026,buendia_ra73232,"@sanchezcastejon PSICOPATA NARCISTA CORRUPTO ITOMANO INDIGNO E INMORAL.
SU gestión la aplaude la gente 6 ganas elecciones y tu no",0,0,0,129,0,1,0,-0.296,negative
2031459858990477438,Tue Mar 10 19:59:07 +0000 2026,Seamos claros: es un “empeño personal” de la presidenta que las mujeres no pueda...,2031685147670483079,Wed Mar 11 10:54:20 +0000 2026,andramar90,@CuratorMis26632 @2017ange @sanchezcastejon Ahora el subidito eres tú 😂,0,0,1,71,0,3,0,0.4404,positive
2031459858990477438,Tue Mar 10 19:59:07 +0000 2026,Seamos claros: es un “empeño personal” de la presidenta que las mujeres no pueda...,2031684900856705201,Wed Mar 11 10:53:21 +0000 2026,Varu_FART_is,@sanchezcastejon ¿Tu mujer ha entregado ya el pasaporte al juez o ese tribunal no te vale?,0,0,0,90,0,1,0,0.0516,positive
2031459858990477438,Tue Mar 10 19:59:07 +0000 2026,Seamos claros: es un “empeño personal” de la presidenta que las mujeres no pueda...,2031684895907495986,Wed Mar 11 10:53:20 +0000 2026,AngelSolbas,@sanchezcastejon El caudillo Sánchez el peor presidente del gobierno de la historia del país,0,0,0,92,0,1,0,0.0,neutral
2031459858990477438,Tue Mar 10 19:59:07 +0000 2026,Seamos claros: es un “empeño personal” de la presidenta que las mujeres no pueda...,2031684876940796258,Wed Mar 11 10:53:16 +0000 2026,CuratorMis26632,"@andramar90 @2017ange @sanchezcastejon A mi lo que me gusta es la libertad y no ser una hija de puta sin ética para señalar y mofarme de los demás. La privacidad es sagrada. Algún dia lo entenderás, Y POR ESO NO TIENES FOTO NI APELLIDOS EN TU PERFIL, porque tú tambien la valoras. Chao ;)",0,0,1,288,0,3,0,-0.7804,negative
2031459858990477438,Tue Mar 10 19:59:07 +0000 2026,Seamos claros: es un “empeño personal” de la presidenta que las mujeres no pueda...,2031684153909879285,Wed Mar 11 10:50:23 +0000 2026,andramar90,"@CuratorMis26632 @2017ange @sanchezcastejon Lo siento, ya te lo he dejado claro. No voya discutir lo que a tí te guste o no. 
Agur",0,0,1,130,0,3,0,-0.296,negative
2031459858990477438,Tue Mar 10 19:59:07 +0000 2026,Seamos claros: es un “empeño personal” de la presidenta que las mujeres no pueda...,2031684017603399840,Wed Mar 11 10:49:51 +0000 2026,CrisDelTor,"@uniqueunice_1 @sanchezcastejon Pero es que Ayuso no nos está negando a las mujeres ningún derecho. 
A lo que se niega es a que los nombres de los médicos que no quieren practicar abortos figuren en una lista.",1,0,0,209,0,2,0,-0.5267,negative
2031459858990477438,Tue Mar 10 19:59:07 +0000 2026,Seamos claros: es un “empeño personal” de la presidenta que las mujeres no pueda...,2031684009038598614,Wed Mar 11 10:49:49 +0000 2026,joseluisfe17281,@sanchezcastejon Si no te gusta te jodes,0,0,0,40,0,1,0,-0.296,negative
2031459858990477438,Tue Mar 10 19:59:07 +0000 2026,Seamos claros: es un “empeño personal” de la presidenta que las mujeres no pueda...,2031683998582227382,Wed Mar 11 10:49:46 +0000 2026,Carlito23412970,@sanchezcastejon Das mucha vergüenza CORRUPTO TIC TAC,0,0,0,53,0,1,0,0.0,neutral
2031459858990477438,Tue Mar 10 19:59:07 +0000 2026,Seamos claros: es un “empeño personal” de la presidenta que las mujeres no pueda...,2031683743165948245,Wed Mar 11 10:48:45 +0000 2026,andramar90,"@CuratorMis26632 @2017ange @sanchezcastejon Perfecto, pero las leyes se cumplen. Para cambiarlas , existen otras medidas.",0,0,0,121,0,3,0,0.3182,positive
2031459858990477438,Tue Mar 10 19:59:07 +0000 2026,Seamos claros: es un “empeño personal” de la presidenta que las mujeres no pueda...,2031683696651047398,Wed Mar 11 10:48:34 +0000 2026,CuratorMis26632,"@andramar90 @2017ange @sanchezcastejon ¿Tangente? No veo justificación para listas públicas, de ninguno de los dos grupos. No las necesitas. Igual que me parece de ser unos cerdos cuando Hacienda publica la lista de deudores para que pasen vergüenza. Y siguen siendo morosos de mierda, pero esos métodos no son éticos.",0,0,1,318,0,3,0,-0.6808,negative
2031459858990477438,Tue Mar 10 19:59:07 +0000 2026,Seamos claros: es un “empeño personal” de la presidenta que las mujeres no pueda...,2031683059729228021,Wed Mar 11 10:46:02 +0000 2026,andramar90,@CuratorMis26632 @2017ange @sanchezcastejon Que no te gusten las listas es una cosa y la obligación de cumplir la ley es otra . No te me vayas por la tangente,0,0,1,158,0,3,0,-0.5267,negative
2031459858990477438,Tue Mar 10 19:59:07 +0000 2026,Seamos claros: es un “empeño personal” de la presidenta que las mujeres no pueda...,2031682950648017092,Wed Mar 11 10:45:36 +0000 2026,CuratorMis26632,"@andramar90 @2017ange @sanchezcastejon Pues una pena que ningún presidente más se haya opuesto. Lo dicho, no veo necesidad ni justificación a listar a gente que no puede ayudar.",0,0,1,177,0,3,0,-0.5267,negative
2031459858990477438,Tue Mar 10 19:59:07 +0000 2026,Seamos claros: es un “empeño personal” de la presidenta que las mujeres no pueda...,2031682302829326613,Wed Mar 11 10:43:02 +0000 2026,andramar90,"@CuratorMis26632 @2017ange @sanchezcastejon Sabes perfectamente que en todo el estado se han hecho esas listas sin ningún problema . 
A Ayuso solo le mueve la confrontación con el gobierno. 
Ni le importan los profesionales , ni las mujeres",0,0,1,240,0,3,0,-0.5574,negative
2031459858990477438,Tue Mar 10 19:59:07 +0000 2026,Seamos claros: es un “empeño personal” de la presidenta que las mujeres no pueda...,2031682215973687588,Wed Mar 11 10:42:41 +0000 2026,Laventanaindis3,"@Disastrpiece666 @sanchezcastejon Dime que eres una cuenta parodia, y no estás comparando declarar unilateralmente la independencia con no hacer un listado de médicos objetores…",0,0,0,177,0,2,0,-0.5267,negative
2031459858990477438,Tue Mar 10 19:59:07 +0000 2026,Seamos claros: es un “empeño personal” de la presidenta que las mujeres no pueda...,2031682070632608169,Wed Mar 11 10:42:07 +0000 2026,_observaciones,@sanchezcastejon Seamos claros: deberíamos abortarte ahora mismo con el mismo derecho a réplica de los fetos que aplastáis.,0,0,0,123,0,1,0,0.0,neutral
2031459858990477438,Tue Mar 10 19:59:07 +0000 2026,Seamos claros: es un “empeño personal” de la presidenta que las mujeres no pueda...,2031681979310080169,Wed Mar 11 10:41:45 +0000 2026,FericitMos,@sanchezcastejon Estás tú en para opinar de los demás . Chaquetero !!!!,0,0,0,71,0,1,0,0.0,neutral
2031459858990477438,Tue Mar 10 19:59:07 +0000 2026,Seamos claros: es un “empeño personal” de la presidenta que las mujeres no pueda...,2031681936427475276,Wed Mar 11 10:41:35 +0000 2026,Laventanaindis3,"@sanchezcastejon @MalagaMarichu Siempre he pensado que lo que necesita alguien que quiere abortar es el listado de médicos que SI practican abortos y no los que objetan y no los practican…
Pero seguro que tu Pedro, sabes más….",0,0,0,226,0,2,0,-0.5267,negative
2031459858990477438,Tue Mar 10 19:59:07 +0000 2026,Seamos claros: es un “empeño personal” de la presidenta que las mujeres no pueda...,2031681812162896198,Wed Mar 11 10:41:05 +0000 2026,CuratorMis26632,"@andramar90 @2017ange @sanchezcastejon Insisto, ¿para qué quieres meter en una lista a gente que no te puede ayudar?",0,0,0,116,0,3,0,-0.296,negative
2031459858990477438,Tue Mar 10 19:59:07 +0000 2026,Seamos claros: es un “empeño personal” de la presidenta que las mujeres no pueda...,2031681732710138065,Wed Mar 11 10:40:46 +0000 2026,andramar90,@CuratorMis26632 @2017ange @sanchezcastejon *opones,0,0,0,51,0,3,0,0.0,neutral
2031459858990477438,Tue Mar 10 19:59:07 +0000 2026,Seamos claros: es un “empeño personal” de la presidenta que las mujeres no pueda...,2031681696802779504,Wed Mar 11 10:40:37 +0000 2026,Laventanaindis3,"@sanchezcastejon @MalagaMarichu Conoces alguna mujer que haya querido abortar y no haya podido hacerlo en la Comunidad de Madrid? 
No sabía yo que el listado de los médicos que no practican abortos garantiza el derecho a que pueda abortar la que quiera.",0,0,1,253,0,2,0,-0.6808,negative
2031459858990477438,Tue Mar 10 19:59:07 +0000 2026,Seamos claros: es un “empeño personal” de la presidenta que las mujeres no pueda...,2031681658122817757,Wed Mar 11 10:40:28 +0000 2026,andramar90,@CuratorMis26632 @2017ange @sanchezcastejon Y a ti te importan muy poco las mujeres si te pones a algo tan tonto como hacer unas listas internas. Te molesta a ti más que a los propios profesionales.,0,0,2,198,0,3,0,0.0,neutral
2031459858990477438,Tue Mar 10 19:59:07 +0000 2026,Seamos claros: es un “empeño personal” de la presidenta que las mujeres no pueda...,2031681412143735146,Wed Mar 11 10:39:30 +0000 2026,CuratorMis26632,"@andramar90 @2017ange @sanchezcastejon Si no justifican con razones de peso por qué hay que incluirlos en una lista, yo veo perfecto que Ayuso pelee por ello. No sirve de nada saber quién no te puede ayudar. Lo que quieres es tener localizado a quien sí.",0,0,1,254,0,3,0,-0.5106,negative
2031459858990477438,Tue Mar 10 19:59:07 +0000 2026,Seamos claros: es un “empeño personal” de la presidenta que las mujeres no pueda...,2031681345156427844,Wed Mar 11 10:39:14 +0000 2026,vidalete2014,@sanchezcastejon Eres un mentiroso y un manipulador. Qué desgracia tenerte al frente.,0,0,0,85,0,1,0,0.0,neutral
2031459858990477438,Tue Mar 10 19:59:07 +0000 2026,Seamos claros: es un “empeño personal” de la presidenta que las mujeres no pueda...,2031681100917907956,Wed Mar 11 10:38:15 +0000 2026,CuratorMis26632,"@andramar90 @2017ange @sanchezcastejon Si yo soy libre de elegir abortar, ellos tienen que ser libres de no practicarlo. Y NO NECESITAN ESTAR APUNTADOS EN NINGUNA LISTA, simplemente necesitan saber quiénes sí quieren hacerlo y gestionarlo. Nada más. Tú buscas donde hay talleres, vas y tan feliz.",0,0,0,296,0,3,0,-0.6289,negative
2031459858990477438,Tue Mar 10 19:59:07 +0000 2026,Seamos claros: es un “empeño personal” de la presidenta que las mujeres no pueda...,2031680989332742177,Wed Mar 11 10:37:49 +0000 2026,andramar90,"@CuratorMis26632 @2017ange @sanchezcastejon Bueno, es otra manera. Pero de momento la ley obliga a hacer las listas. Algo a lo que Ayuso se niega.
Que es una defensora de la vida a ultranza siempre que seas menor de 70, claro",0,0,1,225,0,3,0,0.0,neutral
2031459858990477438,Tue Mar 10 19:59:07 +0000 2026,Seamos claros: es un “empeño personal” de la presidenta que las mujeres no pueda...,2031680571785482561,Wed Mar 11 10:36:09 +0000 2026,CuratorMis26632,"@andramar90 @2017ange @sanchezcastejon Debes ser muy tonta, hija mía... Sí lo soy y sí estoy a favor del aborto porque, entre otras, nunca he querido  tener hijos y tampoco me gusta cuando veo a mujeres que los tienen y cuidan sin ganas porque ellas tampoco querían. Lo que me molesta es que haya que hacer listas.",0,0,1,314,0,3,0,-0.2263,negative
2031459858990477438,Tue Mar 10 19:59:07 +0000 2026,Seamos claros: es un “empeño personal” de la presidenta que las mujeres no pueda...,2031680362691039640,Wed Mar 11 10:35:19 +0000 2026,Arcosjud,"@Amaya_tuiteando @sanchezcastejon @Icomem_Oficial Discúlpeme. Es que no ha sido Vd. muy clara.
Cuando habla de riesgo de uso político e ideológico de la medicina, ¿se refiere Vd. a la Presidenta, rehusando cumplir un mandato de las Cortes, refrendado por el TSJM?",0,0,0,263,0,3,0,-0.2584,negative
2031459858990477438,Tue Mar 10 19:59:07 +0000 2026,Seamos claros: es un “empeño personal” de la presidenta que las mujeres no pueda...,2031680333930717274,Wed Mar 11 10:35:13 +0000 2026,antonio_elvira_,"@sanchezcastejon Ir contra leyes totalitarias y liberticidas es una obligación democrática. No señalar a los médicos por su derecho a la objeción de conciencia no es ir contra los derechos de las mujeres. Muchas mujeres médicos son objetoras, ¿qué hay de sus derechos?",0,0,0,268,0,1,0,-0.5267,negative
2031459858990477438,Tue Mar 10 19:59:07 +0000 2026,Seamos claros: es un “empeño personal” de la presidenta que las mujeres no pueda...,2031679792240541758,Wed Mar 11 10:33:03 +0000 2026,_camilasbows,"@Sirgoseric @acinomhm @carlosdd59 @sanchezcastejon Embrión (0-8 semanas), feto (9 semanas hasta nacimiento) y bebé (tras nacer) son términos médicos para distintas etapas del desarrollo humano. No son opiniones ni “eufemismos”, es simplemente biología.",0,0,0,252,0,4,0,-0.2732,negative
2031459858990477438,Tue Mar 10 19:59:07 +0000 2026,Seamos claros: es un “empeño personal” de la presidenta que las mujeres no pueda...,2031679682035220554,Wed Mar 11 10:32:37 +0000 2026,andramar90,"@CuratorMis26632 @2017ange @sanchezcastejon Ni eres mujer , ni estás a favor del aborto. Porque no viene a cuento que tanto te moleste precisamente una medida  que facilita tanto a mujeres como a profesionales un derecho.",0,0,2,221,0,3,0,0.128,positive
2031459858990477438,Tue Mar 10 19:59:07 +0000 2026,Seamos claros: es un “empeño personal” de la presidenta que las mujeres no pueda...,2031679494344339568,Wed Mar 11 10:31:52 +0000 2026,Aammaarrttiinn,"@sanchezcastejon Seamos claros, queréis ponerle un brazalete para estar identificados, si tienen negocios aparte de la pública identificarlos también. Ya están listos los centros de reeducación, con la terapia esa de hacer jabones???",0,0,0,233,0,1,0,0.0,neutral
2031459858990477438,Tue Mar 10 19:59:07 +0000 2026,Seamos claros: es un “empeño personal” de la presidenta que las mujeres no pueda...,2031679415286223078,Wed Mar 11 10:31:34 +0000 2026,gata_bronx,@sanchezcastejon Por favor Presi ayuda a las mujeres a las madres y a sus hijos con PIEL DE MARIPOSA es terrible que aún no les haya llegado el acceso al medicamento #VYJUVEK hace unos días Leo un niño sevillano de 12 años estuvo en el Parlamento europeo para reclamarlo les estáis dejando solos.,0,0,0,296,1,1,0,-0.3818,negative
2031459858990477438,Tue Mar 10 19:59:07 +0000 2026,Seamos claros: es un “empeño personal” de la presidenta que las mujeres no pueda...,2031678893258604860,Wed Mar 11 10:29:29 +0000 2026,CuratorMis26632,@andramar90 @2017ange @sanchezcastejon Que igualmente tampoco quiero que los que sí lo practican estén en ninguna lista pública. Que los hospitales provean de alguien en cada uno de ellos para que las mujeres estemos cubiertas y fin. No necesitamos saber quien sí y quien no. Simplemente ir y que puedas hacerlo,0,0,1,311,0,3,0,-0.296,negative
2031459858990477438,Tue Mar 10 19:59:07 +0000 2026,Seamos claros: es un “empeño personal” de la presidenta que las mujeres no pueda...,2031678577205203053,Wed Mar 11 10:28:14 +0000 2026,CuratorMis26632,"@andramar90 @2017ange @sanchezcastejon Para organización, ¿cómo y para qué? Los que sí lo practican están en una lista, los consultas y vas. Fin. Igualito a lo que harías cuando buscas en Google un taller.",0,0,1,205,0,3,0,0.0,neutral
2031459858990477438,Tue Mar 10 19:59:07 +0000 2026,Seamos claros: es un “empeño personal” de la presidenta que las mujeres no pueda...,2031678352839364793,Wed Mar 11 10:27:20 +0000 2026,carmenbaides,"@sanchezcastejon No entiendo nada, porque no le pasa nada ha este ser que desobedece a la justicia? Se que no me contestarás, pero me gustaría tanto tener una respuesta...... Gracias por tu trabajo igualmente",0,0,0,208,0,1,0,-0.4939,negative
2031459858990477438,Tue Mar 10 19:59:07 +0000 2026,Seamos claros: es un “empeño personal” de la presidenta que las mujeres no pueda...,2031678215215866251,Wed Mar 11 10:26:47 +0000 2026,CuratorMis26632,"@andramar90 @2017ange @sanchezcastejon Como mujer estoy a favor del aborto y me importa también poco tus palatetas. Lo que sí me importa es que si yo quiero abortar libremente, los médicos tienen el poder de decidir no hacerlo y que nadie los incluya en ninguna lista por ello. Y relájate un poco, que te veo muy subida https://t.co/2eiuNxtdfE",0,0,1,343,0,3,1,0.128,positive
2031459858990477438,Tue Mar 10 19:59:07 +0000 2026,Seamos claros: es un “empeño personal” de la presidenta que las mujeres no pueda...,2031677789804351617,Wed Mar 11 10:25:06 +0000 2026,Joseliromero,"@Antilope2020 @sanchezcastejon @Vettelismo @antilope Respuesta no válida.
Si es por hacer una gracia lo entiendo.
No debes discriminar como con la condonación de la deuda.",0,0,0,171,0,4,0,-0.5267,negative
2031459858990477438,Tue Mar 10 19:59:07 +0000 2026,Seamos claros: es un “empeño personal” de la presidenta que las mujeres no pueda...,2031677713342210276,Wed Mar 11 10:24:48 +0000 2026,ignorante423237,@sanchezcastejon DIMITE,0,0,0,23,0,1,0,0.0,neutral
2031459858990477438,Tue Mar 10 19:59:07 +0000 2026,Seamos claros: es un “empeño personal” de la presidenta que las mujeres no pueda...,2031677059429175790,Wed Mar 11 10:22:12 +0000 2026,achuchones,"@sanchezcastejon Derechos ...
matar es un derecho, ya para que disimular con lo del mal menor.
Una sociedad hemiplejica, que abolió la pena de muerte, que grita no a la guera pero que legisla a lo más indefenso se le elimina.
Y la mitad serían mujeres, eso de la igualdad
https://t.co/KuJdCYgyOn",0,1,0,295,0,1,1,-0.296,negative
2031459858990477438,Tue Mar 10 19:59:07 +0000 2026,Seamos claros: es un “empeño personal” de la presidenta que las mujeres no pueda...,2031676906668466459,Wed Mar 11 10:21:35 +0000 2026,Miguela42737653,@sanchezcastejon La izquierda siempre señalando y enfrentado a la población. Que profesional lo hace y cuál no. Corrupto. Sinvergüenza.,0,0,0,135,0,1,0,0.0,neutral
2031459858990477438,Tue Mar 10 19:59:07 +0000 2026,Seamos claros: es un “empeño personal” de la presidenta que las mujeres no pueda...,2031676703488016499,Wed Mar 11 10:20:47 +0000 2026,andramar90,"@CuratorMis26632 @2017ange @sanchezcastejon Para organización, si una mujer va a la sanidad pública, no puede hacer un peregrinaje hasta que alguien  la atienda",0,0,2,160,0,3,0,-0.296,negative
2031459858990477438,Tue Mar 10 19:59:07 +0000 2026,Seamos claros: es un “empeño personal” de la presidenta que las mujeres no pueda...,2031676445659963438,Wed Mar 11 10:19:46 +0000 2026,MisterNick11,@sanchezcastejon Sobre todo en Cataluña,0,0,0,39,0,1,0,0.0,neutral
2031459858990477438,Tue Mar 10 19:59:07 +0000 2026,Seamos claros: es un “empeño personal” de la presidenta que las mujeres no pueda...,2031676237630853352,Wed Mar 11 10:18:56 +0000 2026,andramar90,"@CuratorMis26632 @2017ange @sanchezcastejon Vives en un estado donde el aborto se aprobó hace ya años. 
Estamos hablando de legalidad, no de lo que a ti te guste o no, que por otra parte me importa una mierda",0,0,1,208,0,3,0,-0.296,negative
2031459858990477438,Tue Mar 10 19:59:07 +0000 2026,Seamos claros: es un “empeño personal” de la presidenta que las mujeres no pueda...,2031676139534512362,Wed Mar 11 10:18:33 +0000 2026,Antilope2020,@Joseliromero @sanchezcastejon @Vettelismo @antilope No. Solo a C. de Madrid.!!!,0,0,1,80,0,4,0,0.0,neutral
2031459858990477438,Tue Mar 10 19:59:07 +0000 2026,Seamos claros: es un “empeño personal” de la presidenta que las mujeres no pueda...,2031675855399710951,Wed Mar 11 10:17:25 +0000 2026,titavayer692,@sanchezcastejon We will go all the way to guarantee the rights and freedoms of women throughout Spanish territory.,0,0,0,115,0,1,0,0.4939,positive
2031459858990477438,Tue Mar 10 19:59:07 +0000 2026,Seamos claros: es un “empeño personal” de la presidenta que las mujeres no pueda...,2031675840895779082,Wed Mar 11 10:17:21 +0000 2026,groovydrifter,@carlosdd59 @sanchezcastejon En ese estado parece que es el único en el que os importa su supuesta vida (existencia más bien),0,0,0,125,0,2,0,0.0,neutral
2031459858990477438,Tue Mar 10 19:59:07 +0000 2026,Seamos claros: es un “empeño personal” de la presidenta que las mujeres no pueda...,2031675820972916990,Wed Mar 11 10:17:17 +0000 2026,titavayer692,"@sanchezcastejon Ayuso continues to refuse to comply with the Abortion Law, now even against the decision of the Superior Court of Justice of Madrid. She places the Community outside the law just to continue with her political war.",0,0,0,231,0,1,0,0.2023,positive
2031459858990477438,Tue Mar 10 19:59:07 +0000 2026,Seamos claros: es un “empeño personal” de la presidenta que las mujeres no pueda...,2031675786520871322,Wed Mar 11 10:17:08 +0000 2026,titavayer692,"@sanchezcastejon Let's be clear: it is the president's ""personal commitment"" that women cannot exercise their rights in Madrid.",0,0,0,127,0,1,0,0.6369,positive
2031459858990477438,Tue Mar 10 19:59:07 +0000 2026,Seamos claros: es un “empeño personal” de la presidenta que las mujeres no pueda...,2031675169471635801,Wed Mar 11 10:14:41 +0000 2026,CuratorMis26632,@andramar90 @2017ange @sanchezcastejon ¿Y para qué las necesitan? No me estas respondiendo qué se refieren con herramientas de organización.,0,0,1,140,0,3,0,-0.296,negative
2031459858990477438,Tue Mar 10 19:59:07 +0000 2026,Seamos claros: es un “empeño personal” de la presidenta que las mujeres no pueda...,2031674985111027932,Wed Mar 11 10:13:57 +0000 2026,andramar90,@CuratorMis26632 @2017ange @sanchezcastejon Las listas de objetores no son públicas. Te sirve?o necesitas un croquis ?,0,0,1,118,0,3,0,-0.3736,negative
2031459858990477438,Tue Mar 10 19:59:07 +0000 2026,Seamos claros: es un “empeño personal” de la presidenta que las mujeres no pueda...,2031674461062041982,Wed Mar 11 10:11:52 +0000 2026,CuratorMis26632,"@andramar90 @2017ange @sanchezcastejon Cuando necesitas un taller para tu coche Fiat, ¿buscas ciudades que no tienen talleres Fiat o ciudades donde SÍ los hay y te diriges a ellos?",0,0,1,180,0,3,0,-0.296,negative
2031459858990477438,Tue Mar 10 19:59:07 +0000 2026,Seamos claros: es un “empeño personal” de la presidenta que las mujeres no pueda...,2031674202789499318,Wed Mar 11 10:10:51 +0000 2026,CuratorMis26632,"@andramar90 @2017ange @sanchezcastejon Ahora explícame bien y con tus palabras qué es eso de ""organización"". En vez de buscarlo en Google justifica qué necesidad hay de conocer quienes NO desean practicar el aborto. A lo mejor así lo entiendo...",0,0,1,245,0,3,0,-0.4466,negative
2031459858990477438,Tue Mar 10 19:59:07 +0000 2026,Seamos claros: es un “empeño personal” de la presidenta que las mujeres no pueda...,2031674090440872133,Wed Mar 11 10:10:24 +0000 2026,andramar90,"@2017ange @sanchezcastejon Las leyes  se cumplen tanto si te gustan como no, tontita",0,0,0,84,0,2,0,0.0,neutral
2031459858990477438,Tue Mar 10 19:59:07 +0000 2026,Seamos claros: es un “empeño personal” de la presidenta que las mujeres no pueda...,2031673722290254282,Wed Mar 11 10:08:56 +0000 2026,andramar90,@CuratorMis26632 @2017ange @sanchezcastejon Sois tan ignorantes que ni siquiera merecéis que os contesten ... y así con todo🙄 https://t.co/D7zeymCxzO,0,0,2,149,0,3,1,0.0,neutral
2031459858990477438,Tue Mar 10 19:59:07 +0000 2026,Seamos claros: es un “empeño personal” de la presidenta que las mujeres no pueda...,2031673694133616888,Wed Mar 11 10:08:50 +0000 2026,educarazo,@sanchezcastejon Así ha protegido tu gobierno los derechos de las mujeres 👇🏻 https://t.co/N0tAK1eh2R,1,0,0,100,0,1,1,0.34,positive
2031459858990477438,Tue Mar 10 19:59:07 +0000 2026,Seamos claros: es un “empeño personal” de la presidenta que las mujeres no pueda...,2031673665126007165,Wed Mar 11 10:08:43 +0000 2026,eme_franko,@sanchezcastejon Duro con esa golfa.,0,0,0,36,0,1,0,0.0,neutral
2031459858990477438,Tue Mar 10 19:59:07 +0000 2026,Seamos claros: es un “empeño personal” de la presidenta que las mujeres no pueda...,2031673257934340581,Wed Mar 11 10:07:06 +0000 2026,pisttita,@sanchezcastejon No es incumplir la ley. Si esa ley es anticonstitucional. Ya que atenta contra la vida de personas,0,0,0,115,0,1,0,-0.296,negative
2031459858990477438,Tue Mar 10 19:59:07 +0000 2026,Seamos claros: es un “empeño personal” de la presidenta que las mujeres no pueda...,2031673190439674181,Wed Mar 11 10:06:49 +0000 2026,Bmercascarrabia,@sanchezcastejon #ayusocharca,0,0,0,29,1,1,0,0.0,neutral
2031459858990477438,Tue Mar 10 19:59:07 +0000 2026,Seamos claros: es un “empeño personal” de la presidenta que las mujeres no pueda...,2031673086198628603,Wed Mar 11 10:06:25 +0000 2026,cervilla_jose,"@sanchezcastejon Dejad de meteros con Ayuso, no podéis con ella, ni podréis . Ella no es el tibio, lameculos de Feijoo. Respetarla, rojos",0,0,0,137,0,1,0,-0.5267,negative
2031459858990477438,Tue Mar 10 19:59:07 +0000 2026,Seamos claros: es un “empeño personal” de la presidenta que las mujeres no pueda...,2031671837768261797,Wed Mar 11 10:01:27 +0000 2026,almenara_blas,@sanchezcastejon https://t.co/XKT5AtTgmR,0,0,0,40,0,1,1,0.0,neutral
2031459858990477438,Tue Mar 10 19:59:07 +0000 2026,Seamos claros: es un “empeño personal” de la presidenta que las mujeres no pueda...,2031671817488801832,Wed Mar 11 10:01:22 +0000 2026,crico_1950,"@sanchezcastejon Lo de la independentista de Ayuso, al lado de los independentistas catalanes, es como arándano al  lado de una sandía de 7 kilos",0,0,0,145,0,1,0,0.0,neutral
2031459858990477438,Tue Mar 10 19:59:07 +0000 2026,Seamos claros: es un “empeño personal” de la presidenta que las mujeres no pueda...,2031671377992777865,Wed Mar 11 09:59:37 +0000 2026,hjaceituno,"@fustijador @sanchezcastejon Desgraciadamente el Senado está lleno de fachas, en parte por los votantes fachapobres y en parte por la Berdadera Hizquierda que prefiere perder escaños a "" rozarse"" con la Izquierda Impura...",0,0,0,222,0,2,0,0.0,neutral
2031459858990477438,Tue Mar 10 19:59:07 +0000 2026,Seamos claros: es un “empeño personal” de la presidenta que las mujeres no pueda...,2031671192080277543,Wed Mar 11 09:58:53 +0000 2026,Arita23693130,"@sanchezcastejon Tu obsesión con Ayuso roza lo patológico…
Cada vez que la atacas, le das votos.",0,0,0,96,0,1,0,0.0,neutral
2031459858990477438,Tue Mar 10 19:59:07 +0000 2026,Seamos claros: es un “empeño personal” de la presidenta que las mujeres no pueda...,2031671071343018211,Wed Mar 11 09:58:24 +0000 2026,Oimitueollitsac,@sanchezcastejon Empeñados en garantizar el asesinato de bebés. La cruzada homicida de la época.,0,0,0,96,0,1,0,0.0,neutral
2031459858990477438,Tue Mar 10 19:59:07 +0000 2026,Seamos claros: es un “empeño personal” de la presidenta que las mujeres no pueda...,2031670542135398442,Wed Mar 11 09:56:18 +0000 2026,IanMarteens,"@sanchezcastejon Te veo, Pedrito, y comprendo a que a veces un aborto a tiempo puede ser una buena acción.",0,0,0,106,0,1,0,0.0,neutral
2031459858990477438,Tue Mar 10 19:59:07 +0000 2026,Seamos claros: es un “empeño personal” de la presidenta que las mujeres no pueda...,2031669968123645999,Wed Mar 11 09:54:01 +0000 2026,buolterbuait,@sanchezcastejon esto lo vas a medir como odio también en tu nuevo observatorio de mierda? o solo medirás el odio que te salga a ti de los cojones?,0,0,0,147,0,1,0,0.0,neutral
2031459858990477438,Tue Mar 10 19:59:07 +0000 2026,Seamos claros: es un “empeño personal” de la presidenta que las mujeres no pueda...,2031669615747633519,Wed Mar 11 09:52:37 +0000 2026,HctorGaray16,"@sanchezcastejon ESTÁS QUITANDO LA SANIDAD Y LA VIDA A NUESTROS HIJOS, ESTAS QUITANDO EL FUTURO DE NUESTROS HIJOS, ESTAS QUITANDO EL FUTURO DE LAS PENSIONES.",0,0,0,157,0,1,0,0.0,neutral
2031459858990477438,Tue Mar 10 19:59:07 +0000 2026,Seamos claros: es un “empeño personal” de la presidenta que las mujeres no pueda...,2031669387472535563,Wed Mar 11 09:51:43 +0000 2026,LxviJuan,"@sanchezcastejon Defiende el derecho a la vida, no los asesinatos de inocentes..",0,0,0,80,0,1,0,-0.296,negative
2031459858990477438,Tue Mar 10 19:59:07 +0000 2026,Seamos claros: es un “empeño personal” de la presidenta que las mujeres no pueda...,2031669257700827221,Wed Mar 11 09:51:12 +0000 2026,EsteveFrancesca,"@sanchezcastejon Zapateo bien?que poco te queda,corrupto",0,0,0,56,0,1,0,0.0,neutral
2031459858990477438,Tue Mar 10 19:59:07 +0000 2026,Seamos claros: es un “empeño personal” de la presidenta que las mujeres no pueda...,2031669141321519284,Wed Mar 11 09:50:44 +0000 2026,YConcisa,"@Siropedementa1 @carlosdd59 @sanchezcastejon Infórmate mejor y no sea un desinformado por ser respetuosa y no llamarte otra cosa.
No se usan embriones humanos para hacer cosméticos.
Sería ilegal en la mayoría de países.
El rumor surge por confusión con células cultivadas o investigación con células madre.",0,0,0,306,0,3,0,-0.6808,negative
2031459858990477438,Tue Mar 10 19:59:07 +0000 2026,Seamos claros: es un “empeño personal” de la presidenta que las mujeres no pueda...,2031668692715536594,Wed Mar 11 09:48:57 +0000 2026,PapaRabioso7,@sanchezcastejon Tu entorno si que está fuera de la Ley... https://t.co/11qyzgEYx6,0,0,0,82,0,1,1,0.0,neutral
2031459858990477438,Tue Mar 10 19:59:07 +0000 2026,Seamos claros: es un “empeño personal” de la presidenta que las mujeres no pueda...,2031668276959359322,Wed Mar 11 09:47:18 +0000 2026,MANietoGar,@sanchezcastejon @ANARUBEN A Cataluña por menos motivos se le impuso un 155.,0,0,0,76,0,2,0,0.0,neutral
2031459858990477438,Tue Mar 10 19:59:07 +0000 2026,Seamos claros: es un “empeño personal” de la presidenta que las mujeres no pueda...,2031668048919191654,Wed Mar 11 09:46:24 +0000 2026,Fuckallwokes,"@sanchezcastejon CORRUPTO
#pedrosanchezaprision",0,0,0,47,1,1,0,0.0,neutral
2031459858990477438,Tue Mar 10 19:59:07 +0000 2026,Seamos claros: es un “empeño personal” de la presidenta que las mujeres no pueda...,2031667669032747129,Wed Mar 11 09:44:53 +0000 2026,Lola14262397,@sanchezcastejon Abortar es un crimen,0,0,0,37,0,1,0,0.0,neutral
2031459858990477438,Tue Mar 10 19:59:07 +0000 2026,Seamos claros: es un “empeño personal” de la presidenta que las mujeres no pueda...,2031667651223662945,Wed Mar 11 09:44:49 +0000 2026,elgaseosas1952,@sanchezcastejon Cuando has sido claro tú? mentiroso felón indigno canalla y sinvergüenza.,0,0,0,90,0,1,0,0.0,neutral
2031459858990477438,Tue Mar 10 19:59:07 +0000 2026,Seamos claros: es un “empeño personal” de la presidenta que las mujeres no pueda...,2031667523142168873,Wed Mar 11 09:44:18 +0000 2026,ppillo99,"@sanchezcastejon Dejo esto por aquí, por si interesa.
https://t.co/XaoaXsMLXC",0,0,0,77,0,1,1,0.0,neutral
2031459858990477438,Tue Mar 10 19:59:07 +0000 2026,Seamos claros: es un “empeño personal” de la presidenta que las mujeres no pueda...,2031667293332066747,Wed Mar 11 09:43:23 +0000 2026,GLA1922,"@sanchezcastejon Por qué mientes? De verdad que el aborto o aseninato de niños inocentes que no pueden defenderse tiene que tener una ley? Por qué no trabaja en lugar de estar en n las redes sociales, que para esto no te pagamos. Vago, que eres un vago.",0,0,0,253,0,1,0,-0.7149,negative
2031459858990477438,Tue Mar 10 19:59:07 +0000 2026,Seamos claros: es un “empeño personal” de la presidenta que las mujeres no pueda...,2031666996983525551,Wed Mar 11 09:42:13 +0000 2026,Mariajo857,@sanchezcastejon https://t.co/3Da4tq3GBm,0,0,0,40,0,1,1,0.0,neutral
2031459858990477438,Tue Mar 10 19:59:07 +0000 2026,Seamos claros: es un “empeño personal” de la presidenta que las mujeres no pueda...,2031666624361816297,Wed Mar 11 09:40:44 +0000 2026,Siropedementa1,@carlosdd59 @sanchezcastejon Donde van a parar los restos mortales de los que no ha visto la luz?  TRANSPERENCIA YA!!!!!,0,0,0,120,0,2,0,-0.4946,negative
2031459858990477438,Tue Mar 10 19:59:07 +0000 2026,Seamos claros: es un “empeño personal” de la presidenta que las mujeres no pueda...,2031666429569704225,Wed Mar 11 09:39:58 +0000 2026,Nieto_R,@sanchezcastejon Seamos claros: eres un jodido gusano de mierda que acabará en la cárcel y señalado de por vida por traidor a España,0,0,0,132,0,1,0,0.0,neutral
2031459858990477438,Tue Mar 10 19:59:07 +0000 2026,Seamos claros: es un “empeño personal” de la presidenta que las mujeres no pueda...,2031666353221046532,Wed Mar 11 09:39:39 +0000 2026,c15120292a52478,"@sanchezcastejon Ayuso saldrá de las instalaciones porque vamos a ucharb las mujeres para que asi sea. Lo haremos por nuestras hijas y nietas, por nuestros ancianos de las residencias,  por el derecho a tener sanidad y educación dignas.",0,0,0,236,0,1,0,0.0,neutral
2031459858990477438,Tue Mar 10 19:59:07 +0000 2026,Seamos claros: es un “empeño personal” de la presidenta que las mujeres no pueda...,2031666212057354514,Wed Mar 11 09:39:06 +0000 2026,Siropedementa1,"@YConcisa @carlosdd59 @sanchezcastejon La próxima vez que veas una crema por la tele , o te halen de terapias contra no sé qué, o de madre, preguntate por donde van a parar esas personas que no ha visto la luz.",0,0,1,210,0,3,0,-0.5,negative
2031459858990477438,Tue Mar 10 19:59:07 +0000 2026,Seamos claros: es un “empeño personal” de la presidenta que las mujeres no pueda...,2031666006121172993,Wed Mar 11 09:38:17 +0000 2026,FelipeJ41389130,@sanchezcastejon @elprogresor En Cataluña no tardaron nada con el 155.,1,0,0,70,0,2,0,-0.296,negative
2031459858990477438,Tue Mar 10 19:59:07 +0000 2026,Seamos claros: es un “empeño personal” de la presidenta que las mujeres no pueda...,2031665624372375625,Wed Mar 11 09:36:46 +0000 2026,AureliaPelaezG1,"@cabedena @proteston13 @sanchezcastejon @luchicarmen Resulta que en Madrid en los hospitales públicos....no se practican porque todos son objetores. Además ya lo dijo Ayuso...."" Que se vayan a abortar a otra parte "". Las leyes son pa cumplirlas y no hay discusión",1,0,0,263,0,4,0,-0.296,negative
2031459858990477438,Tue Mar 10 19:59:07 +0000 2026,Seamos claros: es un “empeño personal” de la presidenta que las mujeres no pueda...,2031665468864426088,Wed Mar 11 09:36:08 +0000 2026,Maluher21,"@sanchezcastejon Seamos claros,llegó a la presidencia a costa de la prostitución de hombres, mujeres,menores.¿Cómo tiene estómago para eso?
¡No hable de las mujeres cuando en su partido está lleno de puteros,agresores sexuales,pederastas,cocainómanos y no sé cuántos delitos más!",0,0,0,279,0,1,0,-0.3595,negative
2031459858990477438,Tue Mar 10 19:59:07 +0000 2026,Seamos claros: es un “empeño personal” de la presidenta que las mujeres no pueda...,2031665197895623054,Wed Mar 11 09:35:04 +0000 2026,LolaUrosa,@sanchezcastejon Traidores por todas partes https://t.co/6hVoNIwuZX,0,0,0,67,0,1,1,0.0,neutral
2031459858990477438,Tue Mar 10 19:59:07 +0000 2026,Seamos claros: es un “empeño personal” de la presidenta que las mujeres no pueda...,2031665018203197901,Wed Mar 11 09:34:21 +0000 2026,Siropedementa1,"@sanchezcastejon Me gustaría más que cumplieses con la ley de transparencia, que nos afecta al 100% de los españoles. Especialmente los viajes de los Falcón y a donde está la pasta.",0,0,0,181,0,1,0,0.0,neutral
2031459858990477438,Tue Mar 10 19:59:07 +0000 2026,Seamos claros: es un “empeño personal” de la presidenta que las mujeres no pueda...,2031664907708400126,Wed Mar 11 09:33:55 +0000 2026,LolaUrosa,@sanchezcastejon El 155 para la traidora ésta https://t.co/1QTFgMygtG,0,0,0,69,0,1,1,0.0,neutral
2031459858990477438,Tue Mar 10 19:59:07 +0000 2026,Seamos claros: es un “empeño personal” de la presidenta que las mujeres no pueda...,2031664841019040049,Wed Mar 11 09:33:39 +0000 2026,AureliaPelaezG1,@LilithSolinha @sanchezcastejon Lo que digas tú 🤷🏽‍♀️,1,0,0,53,0,2,0,0.0,neutral
2031459858990477438,Tue Mar 10 19:59:07 +0000 2026,Seamos claros: es un “empeño personal” de la presidenta que las mujeres no pueda...,2031664712107102565,Wed Mar 11 09:33:08 +0000 2026,Iguarosmarco32,@sanchezcastejon Asesino.,0,0,0,25,0,1,0,0.0,neutral
2031459858990477438,Tue Mar 10 19:59:07 +0000 2026,Seamos claros: es un “empeño personal” de la presidenta que las mujeres no pueda...,2031664298783641714,Wed Mar 11 09:31:29 +0000 2026,Daria_Gogo,"@carlosdd59 @sanchezcastejon Deja de publicar memes y tómate en serio. Tan viejo y tan rancio, ya una no sabe si por ignorancia o alevosía. 

Carlos, cállate un siglo al respecto, por el bienestar de todos los que te rodean.",0,0,0,224,0,2,0,-0.296,negative
2031459858990477438,Tue Mar 10 19:59:07 +0000 2026,Seamos claros: es un “empeño personal” de la presidenta que las mujeres no pueda...,2031664021523304640,Wed Mar 11 09:30:23 +0000 2026,ACES114,"@sanchezcastejon @sanchezcastejon 
Eres una reverenda bosta de vaca y te haces llamar presidente. 
¡Asesino!",0,0,0,108,0,2,0,0.0,neutral
2031459858990477438,Tue Mar 10 19:59:07 +0000 2026,Seamos claros: es un “empeño personal” de la presidenta que las mujeres no pueda...,2031663914404954244,Wed Mar 11 09:29:58 +0000 2026,JFreixinet,@sanchezcastejon https://t.co/3m83IdKvgc,0,0,0,40,0,1,1,0.0,neutral
2031459858990477438,Tue Mar 10 19:59:07 +0000 2026,Seamos claros: es un “empeño personal” de la presidenta que las mujeres no pueda...,2031663269031669933,Wed Mar 11 09:27:24 +0000 2026,ELucas22938,"@YConcisa @sanchezcastejon A quien hay q bajar d la nube es al corrupto, mentiroso compulsivo, destroza este país. Los de la Palma siguen sin vivienda, los fondos de las autonómicas para Cataluña, los trenes hechos un desastre. los de la Dana sin los fondos q el imbécil prometió y así todo, sinvergüenza!",0,0,0,305,0,2,0,-0.8172,negative
2031459858990477438,Tue Mar 10 19:59:07 +0000 2026,Seamos claros: es un “empeño personal” de la presidenta que las mujeres no pueda...,2031663161128935447,Wed Mar 11 09:26:58 +0000 2026,jmrajmra,@sanchezcastejon https://t.co/RdmZMBfjxw,0,0,0,40,0,1,1,0.0,neutral
2031459858990477438,Tue Mar 10 19:59:07 +0000 2026,Seamos claros: es un “empeño personal” de la presidenta que las mujeres no pueda...,2031663106967867716,Wed Mar 11 09:26:45 +0000 2026,Quenopueserr,@sanchezcastejon Y qué me dices del derecho a la vida de las bebés??,0,0,0,68,0,1,0,0.0,neutral
2031459858990477438,Tue Mar 10 19:59:07 +0000 2026,Seamos claros: es un “empeño personal” de la presidenta que las mujeres no pueda...,2031662977460429197,Wed Mar 11 09:26:14 +0000 2026,Almaindigna,"@sanchezcastejon @ANARUBEN Gracias, Presidente!!! por ""estar"" y ""colocar"" a España en el lado ""bueno"" de la historia...¡¡¡ NO A LA GUERRA !!!🇪🇦=🏳️... PEDRO SÁNCHEZ DEBE SER EL PRÓXIMO NOBEL DE LA PAZ...❤️💛❤️",0,0,0,207,0,2,0,0.5323,positive
2031459858990477438,Tue Mar 10 19:59:07 +0000 2026,Seamos claros: es un “empeño personal” de la presidenta que las mujeres no pueda...,2031662926457610651,Wed Mar 11 09:26:02 +0000 2026,notlosted,"@sanchezcastejon @PSOE La seguiremos votando siempre, pesado😂

Qué tal va lo de Begobarby?. Tu hermano bien?",0,0,0,108,0,2,0,0.504,positive
2031459858990477438,Tue Mar 10 19:59:07 +0000 2026,Seamos claros: es un “empeño personal” de la presidenta que las mujeres no pueda...,2031662466749321279,Wed Mar 11 09:24:13 +0000 2026,Magufo_bodoque,"@sanchezcastejon Pedrito, corazón, que contigo hemos bajado 20 puestos en cuanto a seguridad, igualdad y calidad de vida de las mujeres. Tápate, que no estás en el negocio de tu suegro antes de ir a tomar una pizza cojonuda con tus colegas, sus trabajadores.",0,0,0,258,0,1,0,-0.296,negative
2031459858990477438,Tue Mar 10 19:59:07 +0000 2026,Seamos claros: es un “empeño personal” de la presidenta que las mujeres no pueda...,2031662378820006070,Wed Mar 11 09:23:52 +0000 2026,angelsacri14,"@sanchezcastejon Vete yaaaaa, estamos hasta los huevos de verte, perro",0,0,0,70,0,1,0,0.0,neutral
2031459858990477438,Tue Mar 10 19:59:07 +0000 2026,Seamos claros: es un “empeño personal” de la presidenta que las mujeres no pueda...,2031662018856468615,Wed Mar 11 09:22:26 +0000 2026,Torrucles,@sanchezcastejon Lástima no haber procedido tu madre tal como proclamas.,0,0,0,72,0,1,0,-0.296,negative
2031459858990477438,Tue Mar 10 19:59:07 +0000 2026,Seamos claros: es un “empeño personal” de la presidenta que las mujeres no pueda...,2031661978154922364,Wed Mar 11 09:22:16 +0000 2026,piojoavizor,@sanchezcastejon Especialista en cortinas de humo,0,0,0,49,0,1,0,0.0,neutral
2031459858990477438,Tue Mar 10 19:59:07 +0000 2026,Seamos claros: es un “empeño personal” de la presidenta que las mujeres no pueda...,2031661802715529474,Wed Mar 11 09:21:34 +0000 2026,ELucas22938,"@clara_canitrot @sanchezcastejon @luis_vortiz De paleta nada, en todo caso la cateta eres tú.
Hacéis lo imposible contra Ayuso, pero de nada os servirá porque está respaldada por prácticamente toda la Comunidad de Madrid. Vosotros a joderos!",0,0,0,241,0,3,0,0.0,neutral
2031459858990477438,Tue Mar 10 19:59:07 +0000 2026,Seamos claros: es un “empeño personal” de la presidenta que las mujeres no pueda...,2031661796084301941,Wed Mar 11 09:21:33 +0000 2026,jsguzman1970,@sanchezcastejon La ley de presupuestos superman....que te saltas lasleyes cada dos por tres...superman..,0,0,0,105,0,1,0,0.0,neutral
2031459858990477438,Tue Mar 10 19:59:07 +0000 2026,Seamos claros: es un “empeño personal” de la presidenta que las mujeres no pueda...,2031661410615271931,Wed Mar 11 09:20:01 +0000 2026,floripondio15,@sanchezcastejon 155 para Madrid,0,0,0,32,0,1,0,0.0,neutral
2031459858990477438,Tue Mar 10 19:59:07 +0000 2026,Seamos claros: es un “empeño personal” de la presidenta que las mujeres no pueda...,2031661326825644271,Wed Mar 11 09:19:41 +0000 2026,ponetas62,"@sanchezcastejon Venga,  anormal, deja ya Ayuso y dedicate a gobernar,  que de eso, si no fuese por la caterva de gente que te rodea,  no puta idea.",0,0,0,148,0,1,0,-0.5267,negative
2031459858990477438,Tue Mar 10 19:59:07 +0000 2026,Seamos claros: es un “empeño personal” de la presidenta que las mujeres no pueda...,2031661245795848594,Wed Mar 11 09:19:22 +0000 2026,riaza_antonio,@sanchezcastejon Vale Pedro …. Esta vez intentad no meterlas mano en el proceso,0,0,0,79,0,1,0,-0.296,negative
2031459858990477438,Tue Mar 10 19:59:07 +0000 2026,Seamos claros: es un “empeño personal” de la presidenta que las mujeres no pueda...,2031661177676210350,Wed Mar 11 09:19:05 +0000 2026,MariPepa495146,"@sanchezcastejon Oye Pedro, dime un solo caso de una mujer a la que se le haya impedido abortar en España , uno solo por favor",0,0,0,126,0,1,0,0.4019,positive
2031459858990477438,Tue Mar 10 19:59:07 +0000 2026,Seamos claros: es un “empeño personal” de la presidenta que las mujeres no pueda...,2031661114124042660,Wed Mar 11 09:18:50 +0000 2026,ELucas22938,"@CurritoRojo @sanchezcastejon Eso es lo que vosotros hacéis, intentar tumbarla a toda costa, pero ya os digo que vuestra presión no tendrá ninguna repercusión en ABSOLUTO! 
AYUSO ES UNA GRAN PRESIDENTA Y VUESTRO GILIPOLLAS ES UNA MIERDA!",0,0,0,237,0,2,0,-0.4184,negative
2031459858990477438,Tue Mar 10 19:59:07 +0000 2026,Seamos claros: es un “empeño personal” de la presidenta que las mujeres no pueda...,2031660836620509516,Wed Mar 11 09:17:44 +0000 2026,FCB_NEWS_2019,"@sanchezcastejon Que tu hables de legalidad pedazo de sinvergüenza, teniendo a gran parte de tu partido en la cárcel o imputado y a tu mujer y hermano investigados (si fueran cualquier ciudadano de a pie ya estarían en prision) manda huevos, psicópata narcisista",0,0,0,262,0,1,0,0.0,neutral
2031459858990477438,Tue Mar 10 19:59:07 +0000 2026,Seamos claros: es un “empeño personal” de la presidenta que las mujeres no pueda...,2031660316061319495,Wed Mar 11 09:15:40 +0000 2026,Vittor_ianicco,"@carlosdd59 @sanchezcastejon Hola, Carlos. Estos son niños de la Cañada Real.

¿Por qué os preocupa tanto que no llegue a su fin un embarazo, y os preocupa tan poco cómo vivan niños y niñas que ya han nacido? https://t.co/lOFFmwOQvd",1,0,0,232,0,2,1,-0.296,negative
2031459858990477438,Tue Mar 10 19:59:07 +0000 2026,Seamos claros: es un “empeño personal” de la presidenta que las mujeres no pueda...,2031659986430960063,Wed Mar 11 09:14:21 +0000 2026,artmega70,"@carlosdd59 @sanchezcastejon Mentiroso/a malintencionado. ¡NO, NO ES CIERTO!",0,0,0,76,0,2,0,-0.4981,negative
2031459858990477438,Tue Mar 10 19:59:07 +0000 2026,Seamos claros: es un “empeño personal” de la presidenta que las mujeres no pueda...,2031659783908925535,Wed Mar 11 09:13:33 +0000 2026,Juan_Hermann,"@sanchezcastejon @PyetroLamarka No es solo ella, hay un equipo detrás",0,0,0,69,0,2,0,-0.296,negative
2031459858990477438,Tue Mar 10 19:59:07 +0000 2026,Seamos claros: es un “empeño personal” de la presidenta que las mujeres no pueda...,2031659667772895683,Wed Mar 11 09:13:05 +0000 2026,azotarojos170,"@sanchezcastejon Seamos claros, tu suegro era un proxeneta, tu mujer una choriza con infulas, tu hermano un retrasado que no sabia ni defendee el chiringuito donde lo metiste y tu un corrupto hijo de puta",0,0,0,204,0,1,0,-0.296,negative
2031459858990477438,Tue Mar 10 19:59:07 +0000 2026,Seamos claros: es un “empeño personal” de la presidenta que las mujeres no pueda...,2031659520166854908,Wed Mar 11 09:12:30 +0000 2026,IreD94163215,"@sanchezcastejon Es un empeño moral que se vaya usted. Creo que sería un gran gesto, el único.",0,0,0,94,0,1,0,0.0,neutral
2031459858990477438,Tue Mar 10 19:59:07 +0000 2026,Seamos claros: es un “empeño personal” de la presidenta que las mujeres no pueda...,2031659259851636747,Wed Mar 11 09:11:28 +0000 2026,EmilioMayer8,"@sanchezcastejon La UCO sospecha que cargos afines a Montero también amañaron adjudicaciones en favor de Forestalia
Los agentes analizan una subvención de 17,3 millones de euros de una filial de la SEPI a una empresas del grupo presidido por Fernando Samper",0,0,0,257,0,1,0,0.4019,positive
2031459858990477438,Tue Mar 10 19:59:07 +0000 2026,Seamos claros: es un “empeño personal” de la presidenta que las mujeres no pueda...,2031658960663535883,Wed Mar 11 09:10:17 +0000 2026,JVillasc,"@sanchezcastejon La hostia que te han metido en Europa, es de órdago. Convoca elecciones chalao.",0,0,0,96,0,1,0,0.0,neutral
2031459858990477438,Tue Mar 10 19:59:07 +0000 2026,Seamos claros: es un “empeño personal” de la presidenta que las mujeres no pueda...,2031658612880240680,Wed Mar 11 09:08:54 +0000 2026,PacoJonazocfx,@sanchezcastejon Seamos claros: te espera la cárcel. Sidoso hijo,0,0,0,64,0,1,0,0.0,neutral
2031459858990477438,Tue Mar 10 19:59:07 +0000 2026,Seamos claros: es un “empeño personal” de la presidenta que las mujeres no pueda...,2031658332604272703,Wed Mar 11 09:07:47 +0000 2026,jasp6544,"@ragralo72 @sanchezcastejon El que estaba encargado de las residencias fue Pablo Iglesias, así que, y cuántos dejaron morir en el resto de España, por culpa de esta mierda de gobierno",0,0,0,183,0,2,0,0.0,neutral
2031459858990477438,Tue Mar 10 19:59:07 +0000 2026,Seamos claros: es un “empeño personal” de la presidenta que las mujeres no pueda...,2031658138919718971,Wed Mar 11 09:07:01 +0000 2026,rommel341,"@sanchezcastejon Así me gusta Pedrín, más votos para Ayuso. Ánimo, q entre tú y Oscaron le hacéis la campaña.....lo cual me alegro mucho...
Enorabuena...... 💪🇪🇸",0,0,0,160,0,1,0,0.0,neutral
2031459858990477438,Tue Mar 10 19:59:07 +0000 2026,Seamos claros: es un “empeño personal” de la presidenta que las mujeres no pueda...,2031657993251561793,Wed Mar 11 09:06:26 +0000 2026,jasp6544,"@sanchezcastejon Lárgate ya de una puñetera vez, a ti el aborto te importa una mierda",0,0,0,85,0,1,0,0.0,neutral
2031459858990477438,Tue Mar 10 19:59:07 +0000 2026,Seamos claros: es un “empeño personal” de la presidenta que las mujeres no pueda...,2031657981389975774,Wed Mar 11 09:06:23 +0000 2026,MaraMat99430499,"@benatarlover @sanchezcastejon Solamente le dieron solución en la privada. Fue un caso de embarazo dónde el feto no llegaría a término por una determinada malformación. En la publica no lo admitían. Sin pago, evidentemente.",0,0,0,223,0,2,0,-0.7906,negative
2031459858990477438,Tue Mar 10 19:59:07 +0000 2026,Seamos claros: es un “empeño personal” de la presidenta que las mujeres no pueda...,2031657587272221128,Wed Mar 11 09:04:49 +0000 2026,MIERDAXXXXX,"@sanchezcastejon He leido: ""Seamos charos... "" Y digo yo, si ya lo sois.",0,0,0,72,0,1,0,0.0,neutral
2031459858990477438,Tue Mar 10 19:59:07 +0000 2026,Seamos claros: es un “empeño personal” de la presidenta que las mujeres no pueda...,2031657581605707823,Wed Mar 11 09:04:48 +0000 2026,antesvotabalpp,"@sanchezcastejon Pedro, mejor díselo en inglés, que con tanto viaje a EEUU ya debe ser bilingüe.",0,0,0,96,0,1,0,0.0,neutral
2031459858990477438,Tue Mar 10 19:59:07 +0000 2026,Seamos claros: es un “empeño personal” de la presidenta que las mujeres no pueda...,2031657425707704712,Wed Mar 11 09:04:11 +0000 2026,MaraMat99430499,"@benatarlover @sanchezcastejon Bien. Es cierto que se realizan en la privada mayormente, pero no sé obstaculiza su acceso. Ahí es dónde yo te llevo la contraria, conozco un caso en concreto de una amiga de mi hija que en estado muy avanzado de embarazo y según la ley ...sigo...",0,0,1,278,0,2,0,-0.296,negative
2031459858990477438,Tue Mar 10 19:59:07 +0000 2026,Seamos claros: es un “empeño personal” de la presidenta que las mujeres no pueda...,2031657170555547926,Wed Mar 11 09:03:10 +0000 2026,MarioKatx2,@sanchezcastejon Denuncia por desacato judicial,0,0,0,47,0,1,0,0.0,neutral
2031459858990477438,Tue Mar 10 19:59:07 +0000 2026,Seamos claros: es un “empeño personal” de la presidenta que las mujeres no pueda...,2031656999461511310,Wed Mar 11 09:02:29 +0000 2026,decadadiapeor,"@sanchezcastejon Seamos claros xq no hace una lista con tod@s los presuntamente ( corruptos, consumidores de lo que sea de su partido o abusadores, encubridores ) y asi lo sabremos todos xq según parece van saliendo cosas muy deleznables y salen como hormigas 😖😖😖😖😖",0,0,0,265,0,2,0,-0.296,negative
2031459858990477438,Tue Mar 10 19:59:07 +0000 2026,Seamos claros: es un “empeño personal” de la presidenta que las mujeres no pueda...,2031656963809874086,Wed Mar 11 09:02:21 +0000 2026,Jellen_sS,@sanchezcastejon NO TIENES VERGÜENZA,0,0,0,36,0,1,0,-0.4466,negative
2031459858990477438,Tue Mar 10 19:59:07 +0000 2026,Seamos claros: es un “empeño personal” de la presidenta que las mujeres no pueda...,2031656748960886889,Wed Mar 11 09:01:29 +0000 2026,trangolillo,@sanchezcastejon Vete a la 💩 sinverguenza,0,0,0,41,0,1,0,0.0,neutral
2031459858990477438,Tue Mar 10 19:59:07 +0000 2026,Seamos claros: es un “empeño personal” de la presidenta que las mujeres no pueda...,2031656603447959931,Wed Mar 11 09:00:55 +0000 2026,EmilioMayer8,@sanchezcastejon Alerta en la UE por los 'hackeos' en España: investiga al Gobierno por no trasponer la directiva de ciberseguridad desde 2023 https://t.co/hcwQhTG7QF,0,0,0,166,0,1,1,-0.296,negative
2031459858990477438,Tue Mar 10 19:59:07 +0000 2026,Seamos claros: es un “empeño personal” de la presidenta que las mujeres no pueda...,2031656565070049384,Wed Mar 11 09:00:46 +0000 2026,Elena80223485,@sanchezcastejon @firstrouse Y por qué cojones tienes que obligar a los médicos a realizar un aborto y señalarlos en una lista negra,0,0,0,132,0,2,0,0.0,neutral
2031459858990477438,Tue Mar 10 19:59:07 +0000 2026,Seamos claros: es un “empeño personal” de la presidenta que las mujeres no pueda...,2031656486577787099,Wed Mar 11 09:00:27 +0000 2026,AgusROrts,@sanchezcastejon Begoño ya ha entregado el pasaporte sinvergüenza? Sabes donde curra y vive tu hermano?,0,0,0,103,0,1,0,0.4137,positive
2031459858990477438,Tue Mar 10 19:59:07 +0000 2026,Seamos claros: es un “empeño personal” de la presidenta que las mujeres no pueda...,2031656446723567972,Wed Mar 11 09:00:17 +0000 2026,beadelariera,@sanchezcastejon Yo con Ayuso. Listas NO,0,0,0,40,0,1,0,-0.4466,negative
2031459858990477438,Tue Mar 10 19:59:07 +0000 2026,Seamos claros: es un “empeño personal” de la presidenta que las mujeres no pueda...,2031656442780946756,Wed Mar 11 09:00:16 +0000 2026,Rbk66068,"@sanchezcastejon El aborto es legal En Madrid como en el resto de España, lo que no quiere entregar es la lista de médicos que quieren ejercer su derecho a no practicar abortos.",0,0,0,177,0,1,0,-0.4404,negative
2031459858990477438,Tue Mar 10 19:59:07 +0000 2026,Seamos claros: es un “empeño personal” de la presidenta que las mujeres no pueda...,2031656417342415316,Wed Mar 11 09:00:10 +0000 2026,AnderMarty,"@pppbernat @sanchezcastejon @EuprepioPadula ¿Hay alguna mujer que quiera abortar y no pueda hacerlo en la sanidad PUBLICA?

La respuesta es SI. Por tanto, dejen de imponer su ideología sobre la ley y los derechos de los demás.",0,0,0,226,0,3,0,-0.296,negative
2031459858990477438,Tue Mar 10 19:59:07 +0000 2026,Seamos claros: es un “empeño personal” de la presidenta que las mujeres no pueda...,2031656404856045635,Wed Mar 11 09:00:07 +0000 2026,Lorenzo2Carme,@sanchezcastejon Pues estáis tardando para aplicar el 155...por menos se hizo en Catalunya,0,0,0,90,0,1,0,0.0,neutral
2031459858990477438,Tue Mar 10 19:59:07 +0000 2026,Seamos claros: es un “empeño personal” de la presidenta que las mujeres no pueda...,2031656269493223578,Wed Mar 11 08:59:35 +0000 2026,mdg9641,@Ayusers_ @sanchezcastejon Lo triste es no dejar a una mujer hacer lo que quiera con  su vida y su cuerpo,0,0,0,105,0,2,0,-0.296,negative
2031459858990477438,Tue Mar 10 19:59:07 +0000 2026,Seamos claros: es un “empeño personal” de la presidenta que las mujeres no pueda...,2031656048428232917,Wed Mar 11 08:58:42 +0000 2026,joselui84994318,"@sanchezcastejon Los viajes

https://t.co/se64FNWdAz",0,0,0,52,0,1,1,0.0,neutral
2031459858990477438,Tue Mar 10 19:59:07 +0000 2026,Seamos claros: es un “empeño personal” de la presidenta que las mujeres no pueda...,2031655964311474438,Wed Mar 11 08:58:22 +0000 2026,EmilioMayer8,"@sanchezcastejon El 'marido' de Iceta compró armas a la 'trama Koldo' y trató de guardarlas en Moncloa cuando vivía allí con el ministro
Koldo García intermedió para que adquiriera una pistola al comandante imputado Rubén Villalba, procedente de la intervención de armas de la Guardia Civil https://t.co/wxXovI1Nsr",0,0,0,314,0,1,1,0.0,neutral
2031459858990477438,Tue Mar 10 19:59:07 +0000 2026,Seamos claros: es un “empeño personal” de la presidenta que las mujeres no pueda...,2031655725781393531,Wed Mar 11 08:57:26 +0000 2026,beadelariera,"@sanchezcastejon Porque motivo,tiene que dar la lista de profesionales que ética y moralmente rechazan el aborto.",0,0,0,113,0,1,0,0.0,neutral
2031459858990477438,Tue Mar 10 19:59:07 +0000 2026,Seamos claros: es un “empeño personal” de la presidenta que las mujeres no pueda...,2031655634484056475,Wed Mar 11 08:57:04 +0000 2026,RobertoVegaRam2,@sanchezcastejon @ARLECQ #155EnMadridYA #AyusoCESADAYA #AyusoAPRISIÓN MÁS DE 740.000 personas NO TIENEN MÉDICO NI PEDIATRA EN LA COMUNIDAD DE MADRID! Más del 11% de la POBLACIOK MADRILEÑA!,0,0,0,188,3,2,0,-0.5449,negative
2031459858990477438,Tue Mar 10 19:59:07 +0000 2026,Seamos claros: es un “empeño personal” de la presidenta que las mujeres no pueda...,2031655578372624706,Wed Mar 11 08:56:50 +0000 2026,Hipotecemona,"@sanchezcastejon Jo, que mal empiezas el texto con lo de ""seamos claros""...",0,0,0,75,0,1,0,0.0,neutral
2031459858990477438,Tue Mar 10 19:59:07 +0000 2026,Seamos claros: es un “empeño personal” de la presidenta que las mujeres no pueda...,2031655345043411383,Wed Mar 11 08:55:55 +0000 2026,Francis82416539,"@sanchezcastejon Que venga tú, pedazo de mierda, a hablar de empeño personal, cuando es por el tuyo propio, que nos tienes bajo una presidencia nefasta, tiene guaza. Si quieres llegar al final de derechos y libertades, convoca elecciones y no hagas trampas. Te dará cuenta el asco que te tenemos.",0,0,0,296,0,1,0,-0.296,negative
2031459858990477438,Tue Mar 10 19:59:07 +0000 2026,Seamos claros: es un “empeño personal” de la presidenta que las mujeres no pueda...,2031655327255437582,Wed Mar 11 08:55:51 +0000 2026,ChusGmez,"@sanchezcastejon Los niños que queréis asesinar no tienen derechos? Eres un cadáver andante, tu final se acerca, miserable!",0,0,0,123,0,1,0,-0.69,negative
2031459858990477438,Tue Mar 10 19:59:07 +0000 2026,Seamos claros: es un “empeño personal” de la presidenta que las mujeres no pueda...,2031655302345498701,Wed Mar 11 08:55:45 +0000 2026,FBA544642537301,@sanchezcastejon Y tu la cumples chorizo,0,0,0,40,0,1,0,0.0,neutral
2031459858990477438,Tue Mar 10 19:59:07 +0000 2026,Seamos claros: es un “empeño personal” de la presidenta que las mujeres no pueda...,2031654874832630230,Wed Mar 11 08:54:03 +0000 2026,3dgar33,@sanchezcastejon @PSOE Cumpliendo leyes https://t.co/VP0YP3AFgE,0,0,0,63,0,2,1,0.0,neutral
2031459858990477438,Tue Mar 10 19:59:07 +0000 2026,Seamos claros: es un “empeño personal” de la presidenta que las mujeres no pueda...,2031654785082929167,Wed Mar 11 08:53:41 +0000 2026,PoboMireia,@sanchezcastejon Seamos claros dice la persona que más miente de este país.,0,0,0,75,0,1,0,0.0,neutral
2031459858990477438,Tue Mar 10 19:59:07 +0000 2026,Seamos claros: es un “empeño personal” de la presidenta que las mujeres no pueda...,2031654723359834141,Wed Mar 11 08:53:27 +0000 2026,EmilioMayer8,"@sanchezcastejon El Gobierno aprueba 1.300 millones para Defensa por «necesidades ineludibles» sin explicar cuáles son
El Gobierno del ""No a la guerra"" no ha dado cuenta de este gasto en Defensa en la rueda de prensa tras la reunión del gabinete https://t.co/7YYar0ZTVK",0,0,0,269,0,1,1,-0.6844,negative
2031459858990477438,Tue Mar 10 19:59:07 +0000 2026,Seamos claros: es un “empeño personal” de la presidenta que las mujeres no pueda...,2031654714081677342,Wed Mar 11 08:53:24 +0000 2026,Natalia1966n,"@sanchezcastejon Sí, díselo a Jésica y Andrea",0,0,0,45,0,1,0,0.0,neutral
2031459858990477438,Tue Mar 10 19:59:07 +0000 2026,Seamos claros: es un “empeño personal” de la presidenta que las mujeres no pueda...,2031654417498345903,Wed Mar 11 08:52:14 +0000 2026,EmilioMayer8,"@sanchezcastejon El Gobierno regulariza inmigrantes que se declaran «víctimas de violencia sexual» aunque no haya denuncia
15.000 mujeres extranjeras han accedido a la residencia al declararse víctimas de violencia de género o sexual https://t.co/zWgned1zk1",0,0,0,257,0,1,1,-0.296,negative
2031459858990477438,Tue Mar 10 19:59:07 +0000 2026,Seamos claros: es un “empeño personal” de la presidenta que las mujeres no pueda...,2031654291472019935,Wed Mar 11 08:51:44 +0000 2026,ContramediosFM,"@sanchezcastejon Pudres todo lo que tocas, vete de una puñetera vez",0,0,0,67,0,1,0,0.0,neutral
2031459858990477438,Tue Mar 10 19:59:07 +0000 2026,Seamos claros: es un “empeño personal” de la presidenta que las mujeres no pueda...,2031654003826647222,Wed Mar 11 08:50:35 +0000 2026,EmilioMayer8,"@sanchezcastejon El Tribunal de Cuentas hace la vista gorda con un contrato irregular del socio de Begoña por presiones del Gobierno
La secretaria de Estado de Telecomunicaciones se quejó al organismo por fiscalizar el contrato https://t.co/MDfjh0kiuc",0,0,0,251,0,1,1,0.0,neutral
2031459858990477438,Tue Mar 10 19:59:07 +0000 2026,Seamos claros: es un “empeño personal” de la presidenta que las mujeres no pueda...,2031653926882148584,Wed Mar 11 08:50:17 +0000 2026,lor1946446,"@sanchezcastejon Yo soy mujer sin hogar fuera de Madrid, os he escrito no nos hacéis caso.",0,0,0,90,0,1,0,-0.7003,negative
2031459858990477438,Tue Mar 10 19:59:07 +0000 2026,Seamos claros: es un “empeño personal” de la presidenta que las mujeres no pueda...,2031653348911239508,Wed Mar 11 08:47:59 +0000 2026,masima312,@sanchezcastejon Entrega el pasaporte de Begoña!,0,0,0,48,0,1,0,0.0,neutral
2031459858990477438,Tue Mar 10 19:59:07 +0000 2026,Seamos claros: es un “empeño personal” de la presidenta que las mujeres no pueda...,2031653244116594997,Wed Mar 11 08:47:34 +0000 2026,Mari_4524,@sanchezcastejon Va en contra de la ley porque sus ideas políticas son tan de extrema derecha que no puede hacer otra cosa.,0,0,0,123,0,1,0,-0.296,negative
2031459858990477438,Tue Mar 10 19:59:07 +0000 2026,Seamos claros: es un “empeño personal” de la presidenta que las mujeres no pueda...,2031653184867872993,Wed Mar 11 08:47:20 +0000 2026,LorenzoLPA,"@sanchezcastejon Seamos claros, eres un puto terrorista que nos estás llevando al abismo.",0,0,0,89,0,1,0,0.0,neutral
2031459858990477438,Tue Mar 10 19:59:07 +0000 2026,Seamos claros: es un “empeño personal” de la presidenta que las mujeres no pueda...,2031653048871772487,Wed Mar 11 08:46:47 +0000 2026,telek_,@sanchezcastejon @elprogresor Yo no sé para qué está el artículo 155 de la Constitución...,1,0,0,90,0,2,0,-0.296,negative
2031459858990477438,Tue Mar 10 19:59:07 +0000 2026,Seamos claros: es un “empeño personal” de la presidenta que las mujeres no pueda...,2031653007960482176,Wed Mar 11 08:46:38 +0000 2026,EmilioMayer8,@sanchezcastejon Sánchez aduló por Whatsapp a Ábalos 24 h después de revelarle la investigación a Koldo: «Tus intervenciones son brillantes» https://t.co/1cjhfZBql0,0,0,0,164,0,1,1,0.0,neutral
2031459858990477438,Tue Mar 10 19:59:07 +0000 2026,Seamos claros: es un “empeño personal” de la presidenta que las mujeres no pueda...,2031652759108239647,Wed Mar 11 08:45:38 +0000 2026,rzamcas,"@sanchezcastejon Comunidad que no cumple las leyes 155
Eso hicieron con Cataluña",0,0,0,80,0,1,0,-0.296,negative
2031459858990477438,Tue Mar 10 19:59:07 +0000 2026,Seamos claros: es un “empeño personal” de la presidenta que las mujeres no pueda...,2031652753991143521,Wed Mar 11 08:45:37 +0000 2026,zorroiberico,@margalida68 @sanchezcastejon @PSOE Va a esperar a que Ayuso intente dar un golpe de Estado,0,0,0,91,0,3,0,0.0,neutral
2031459858990477438,Tue Mar 10 19:59:07 +0000 2026,Seamos claros: es un “empeño personal” de la presidenta que las mujeres no pueda...,2031652038031925634,Wed Mar 11 08:42:46 +0000 2026,graygram1,@sanchezcastejon Te puedes ir ya? O vas a seguir robando hasta dejarnos en la ruina? Eres un gran peligro,0,0,0,105,0,1,0,0.0,neutral
2031459858990477438,Tue Mar 10 19:59:07 +0000 2026,Seamos claros: es un “empeño personal” de la presidenta que las mujeres no pueda...,2031651572959019322,Wed Mar 11 08:40:55 +0000 2026,latigazopolitic,@sanchezcastejon Vete a tomar por culo y dejanos tranquilos psicopata!,0,0,0,70,0,1,0,0.0,neutral
2031459858990477438,Tue Mar 10 19:59:07 +0000 2026,Seamos claros: es un “empeño personal” de la presidenta que las mujeres no pueda...,2031651509264384237,Wed Mar 11 08:40:40 +0000 2026,Surenho21,"@sanchezcastejon Estás acabado, ya no te traga ni la bruja de Bruselas.",0,0,0,71,0,1,0,-0.296,negative
2031459858990477438,Tue Mar 10 19:59:07 +0000 2026,Seamos claros: es un “empeño personal” de la presidenta que las mujeres no pueda...,2031651438196072900,Wed Mar 11 08:40:23 +0000 2026,maribelmorte,"@sanchezcastejon @Ritaalberdi Presidente que pediría el PP si esto lo hicieran comunidades como Cataluña o Euskadi?
Pues venga abra que atar a esta mujer en corto",0,0,0,162,0,2,0,0.0,neutral
2031459858990477438,Tue Mar 10 19:59:07 +0000 2026,Seamos claros: es un “empeño personal” de la presidenta que las mujeres no pueda...,2031651413466423615,Wed Mar 11 08:40:17 +0000 2026,santi537979,"@margalida68 @sanchezcastejon @PSOE Si Charo, lo q tú digas mujer",0,0,0,65,0,3,0,0.0,neutral
2031459858990477438,Tue Mar 10 19:59:07 +0000 2026,Seamos claros: es un “empeño personal” de la presidenta que las mujeres no pueda...,2031651313214169585,Wed Mar 11 08:39:53 +0000 2026,santi537979,@paoladeitalia @sanchezcastejon Si Charo. Os queda Ayuso para rato 🤣🤣🤣🤣,0,0,0,71,0,2,0,0.9153,positive
2031459858990477438,Tue Mar 10 19:59:07 +0000 2026,Seamos claros: es un “empeño personal” de la presidenta que las mujeres no pueda...,2031651028802658622,Wed Mar 11 08:38:46 +0000 2026,alcalde8888,"@carlosdd59 @sanchezcastejon Pues que no lo abortes Carlosito de mi vida! 
Deja en paz las mujeres, mira más pa tus soldaditos, que no salgan para na.",1,0,0,150,0,2,0,-0.5707,negative
2031459858990477438,Tue Mar 10 19:59:07 +0000 2026,Seamos claros: es un “empeño personal” de la presidenta que las mujeres no pueda...,2031650989762125851,Wed Mar 11 08:38:36 +0000 2026,santi537979,"@chusi57027131 @sanchezcastejon Si Charo, lo q tú digas mujer",0,0,0,61,0,2,0,0.0,neutral
2031459858990477438,Tue Mar 10 19:59:07 +0000 2026,Seamos claros: es un “empeño personal” de la presidenta que las mujeres no pueda...,2031650777987448940,Wed Mar 11 08:37:46 +0000 2026,dukefrankcrown,"@er_patriota @SOrdonez87092 @sanchezcastejon Anda , que hay que ser AUSTRALOPITECUS SALVAJE para perigees en defender del Perro Sánchez , el más ridículo y TRAIDOR del mundo mundial . https://t.co/xB72llBFoG",0,0,0,207,0,3,1,0.1027,positive
2031459858990477438,Tue Mar 10 19:59:07 +0000 2026,Seamos claros: es un “empeño personal” de la presidenta que las mujeres no pueda...,2031650769141715349,Wed Mar 11 08:37:44 +0000 2026,santi537979,"@sanchezcastejon Tranquilo , seguro q Óscar López la barre en las próximas elecciones 🤣🤣🤣🤣🤣🤣🤣🤣🤣🤣🤣🤣🤣🤣🤣🤣🤣🤣🤣🤣🤣",0,0,0,107,0,1,0,0.9965,positive
2031459858990477438,Tue Mar 10 19:59:07 +0000 2026,Seamos claros: es un “empeño personal” de la presidenta que las mujeres no pueda...,2031650544545067082,Wed Mar 11 08:36:50 +0000 2026,JavierForton,"@sanchezcastejon Me recuerda tiempos pasados lo de esta ( lo que sea).
Las ricas a abortar a Londres.
Las pobres a morir en españa.
No tengan tanta paciencia con estos sujetos-as.
El gobierno da financiación a estas comunidades y ellos bajan impuestos a los ricos?
Se les da menos y arreando",0,0,0,291,0,1,0,-0.296,negative
2031459858990477438,Tue Mar 10 19:59:07 +0000 2026,Seamos claros: es un “empeño personal” de la presidenta que las mujeres no pueda...,2031650531899326691,Wed Mar 11 08:36:47 +0000 2026,Fernand24691032,@sanchezcastejon @JoseLopezBnitez La desobediencia como estrategia política.,0,0,0,76,0,2,0,0.0,neutral
2031459858990477438,Tue Mar 10 19:59:07 +0000 2026,Seamos claros: es un “empeño personal” de la presidenta que las mujeres no pueda...,2031650450705899568,Wed Mar 11 08:36:28 +0000 2026,juanfranstv,@Jarm221969 @sanchezcastejon A seguir mamando hijodelagranputa,0,0,0,62,0,2,0,0.0,neutral
2031459858990477438,Tue Mar 10 19:59:07 +0000 2026,Seamos claros: es un “empeño personal” de la presidenta que las mujeres no pueda...,2031650406120464471,Wed Mar 11 08:36:17 +0000 2026,Javivalero71,@sanchezcastejon Eres tonto a las tres.,0,0,0,39,0,1,0,0.0,neutral
2031459858990477438,Tue Mar 10 19:59:07 +0000 2026,Seamos claros: es un “empeño personal” de la presidenta que las mujeres no pueda...,2031650388588282222,Wed Mar 11 08:36:13 +0000 2026,alcalde8888,"@sanchezcastejon 155, razones por un doquier!",0,0,0,45,0,1,0,0.0,neutral
2031459858990477438,Tue Mar 10 19:59:07 +0000 2026,Seamos claros: es un “empeño personal” de la presidenta que las mujeres no pueda...,2031650373170049362,Wed Mar 11 08:36:09 +0000 2026,Magepepo,@sanchezcastejon No crees que arropar a una mujer que pone denuncia falsa te quita credibilidad? Pues eso …….,0,0,0,109,0,1,0,-0.296,negative
2031459858990477438,Tue Mar 10 19:59:07 +0000 2026,Seamos claros: es un “empeño personal” de la presidenta que las mujeres no pueda...,2031650304471572658,Wed Mar 11 08:35:53 +0000 2026,juanfranstv,@carlosdd59 @sanchezcastejon A ti te tendrían que haber aplicado la técnica,1,0,0,75,0,2,0,0.0,neutral
2031459858990477438,Tue Mar 10 19:59:07 +0000 2026,Seamos claros: es un “empeño personal” de la presidenta que las mujeres no pueda...,2031650128063238294,Wed Mar 11 08:35:11 +0000 2026,sanestevans,"@sanchezcastejon Como te tiene arrinconado, jejeje https://t.co/kcNsALJBGS",0,0,0,74,0,1,1,0.0,neutral
2031459858990477438,Tue Mar 10 19:59:07 +0000 2026,Seamos claros: es un “empeño personal” de la presidenta que las mujeres no pueda...,2031649972819734686,Wed Mar 11 08:34:34 +0000 2026,GretaTeese,@proteston13 @sanchezcastejon @luchicarmen Ésta mujer está loca. No se entiende q siga estando ahí....,1,0,0,102,0,3,0,-0.296,negative
2031459858990477438,Tue Mar 10 19:59:07 +0000 2026,Seamos claros: es un “empeño personal” de la presidenta que las mujeres no pueda...,2031649676991095078,Wed Mar 11 08:33:23 +0000 2026,Roberto24819623,@sanchezcastejon Dimite ladrón.,0,0,0,31,0,1,0,0.0,neutral
2031459858990477438,Tue Mar 10 19:59:07 +0000 2026,Seamos claros: es un “empeño personal” de la presidenta que las mujeres no pueda...,2031649660830433526,Wed Mar 11 08:33:20 +0000 2026,Openminded505,@sanchezcastejon Es mentira,0,0,0,27,0,1,0,0.0,neutral
2031459858990477438,Tue Mar 10 19:59:07 +0000 2026,Seamos claros: es un “empeño personal” de la presidenta que las mujeres no pueda...,2031648959173652636,Wed Mar 11 08:30:32 +0000 2026,MarisaSegura76,"@sanchezcastejon La objeción de conciencia es un derecho.
Lo correcto es respetarlo.

Ya que le gustan las listas, desvele los nombres de las personas a las que usted ha permitido usar los Falcon como si fueran suyos.",0,0,0,217,0,1,0,0.34,positive
2031459858990477438,Tue Mar 10 19:59:07 +0000 2026,Seamos claros: es un “empeño personal” de la presidenta que las mujeres no pueda...,2031648739136348244,Wed Mar 11 08:29:40 +0000 2026,time4projects,@sanchezcastejon Naturalmente. Vuestras payasadas se paran para no afectar la libertad de las personas. Los médicos también tienen derechos,0,0,0,139,0,1,0,-0.296,negative
2031459858990477438,Tue Mar 10 19:59:07 +0000 2026,Seamos claros: es un “empeño personal” de la presidenta que las mujeres no pueda...,2031648623864246647,Wed Mar 11 08:29:12 +0000 2026,jkayrus,@sanchezcastejon Cállate tarado y renuncia … rata!,0,0,0,50,0,1,0,0.0,neutral
2031437994994053557,Tue Mar 10 18:32:14 +0000 2026,Hace casi 2 años viajé a Dublín para coordinar con Irlanda el reconocimiento del...,2031691808502108616,Wed Mar 11 11:20:48 +0000 2026,ConnyRACING,@sanchezcastejon @MichealMartinTD Los españoles ya conocemos tus prioridades! TODOS están fuera de nuestro país! Con quien quieres puntuar con tus jilipolleces?,0,0,0,160,0,2,0,0.0,neutral
2031437994994053557,Tue Mar 10 18:32:14 +0000 2026,Hace casi 2 años viajé a Dublín para coordinar con Irlanda el reconocimiento del...,2031691374018359489,Wed Mar 11 11:19:05 +0000 2026,SACAGAMERWI,@sanchezcastejon @MichealMartinTD https://t.co/cAzjp0UIf1,0,0,0,57,0,2,1,0.0,neutral
2031437994994053557,Tue Mar 10 18:32:14 +0000 2026,Hace casi 2 años viajé a Dublín para coordinar con Irlanda el reconocimiento del...,2031690561191584169,Wed Mar 11 11:15:51 +0000 2026,Milus84541168,@sanchezcastejon @MichealMartinTD Nos importa una mierda.,0,0,0,57,0,2,0,0.0,neutral
2031437994994053557,Tue Mar 10 18:32:14 +0000 2026,Hace casi 2 años viajé a Dublín para coordinar con Irlanda el reconocimiento del...,2031689422178001404,Wed Mar 11 11:11:19 +0000 2026,The_Emmo,"@sanchezcastejon @2013_Sylvius @MichealMartinTD Gracias por su excepcional liderazgo durante este tiempo. Un gobierno para todos, no para unos pocos ricos!",0,0,0,155,0,3,0,-0.3595,negative
2031437994994053557,Tue Mar 10 18:32:14 +0000 2026,Hace casi 2 años viajé a Dublín para coordinar con Irlanda el reconocimiento del...,2031684372919722057,Wed Mar 11 10:51:16 +0000 2026,Furlaki,@sanchezcastejon @MichealMartinTD Qué coño va a coordinar,0,0,0,57,0,2,0,0.0,neutral
2031437994994053557,Tue Mar 10 18:32:14 +0000 2026,Hace casi 2 años viajé a Dublín para coordinar con Irlanda el reconocimiento del...,2031676576908050718,Wed Mar 11 10:20:17 +0000 2026,JorgeSeplvedaR1,@sanchezcastejon @MichealMartinTD Dirty querido apestas https://t.co/ip9YxVv6Wm,0,0,0,79,0,2,1,-0.4404,negative
2031437994994053557,Tue Mar 10 18:32:14 +0000 2026,Hace casi 2 años viajé a Dublín para coordinar con Irlanda el reconocimiento del...,2031672934553555212,Wed Mar 11 10:05:48 +0000 2026,CafeteriaiCafe,@sanchezcastejon @MichealMartinTD Vete con tus amigos los terroristas de Hamás que estás ciego de odio porque tienes muchos turbios asuntos,0,0,0,139,0,2,0,0.0,neutral
2031437994994053557,Tue Mar 10 18:32:14 +0000 2026,Hace casi 2 años viajé a Dublín para coordinar con Irlanda el reconocimiento del...,2031668204569788629,Wed Mar 11 09:47:01 +0000 2026,Ccalvorotas,"@sanchezcastejon @MichealMartinTD Que transición energética? 
La del apagón? La de cerrar aquí las centrales nucleares cuando en Europa votais lo contrario?
Es que con eso de cambiar tanto de opinión me tienes confundido",0,0,0,220,0,2,0,0.0,neutral
2031437994994053557,Tue Mar 10 18:32:14 +0000 2026,Hace casi 2 años viajé a Dublín para coordinar con Irlanda el reconocimiento del...,2031665679569400164,Wed Mar 11 09:36:59 +0000 2026,ByeByeCatty,@sanchezcastejon @MichealMartinTD 👏👏👏👏,0,0,0,38,0,2,0,0.0,neutral
2031437994994053557,Tue Mar 10 18:32:14 +0000 2026,Hace casi 2 años viajé a Dublín para coordinar con Irlanda el reconocimiento del...,2031665040651116614,Wed Mar 11 09:34:26 +0000 2026,andreischwartz,@sanchezcastejon @MichealMartinTD 2 Nazis.,0,0,0,42,0,2,0,0.0,neutral
2031437994994053557,Tue Mar 10 18:32:14 +0000 2026,Hace casi 2 años viajé a Dublín para coordinar con Irlanda el reconocimiento del...,2031661433545445715,Wed Mar 11 09:20:06 +0000 2026,Avizoor,"@mgak6 @sanchezcastejon @MichealMartinTD Bueno, eso es práctica habitual de quienes le rodean…. El cortijo y la corte que se ha montado a su alrededor son vergonzosos.",0,0,0,167,0,3,0,0.34,positive
2031437994994053557,Tue Mar 10 18:32:14 +0000 2026,Hace casi 2 años viajé a Dublín para coordinar con Irlanda el reconocimiento del...,2031655804474974476,Wed Mar 11 08:57:44 +0000 2026,Veleren,@sanchezcastejon @MichealMartinTD Quieres dejarte de mierdas. Quita el puto IVA de los combustibles. Y deflacta el puta IRPF de la inflacion.,0,0,0,141,0,2,0,0.0,neutral
2031437994994053557,Tue Mar 10 18:32:14 +0000 2026,Hace casi 2 años viajé a Dublín para coordinar con Irlanda el reconocimiento del...,2031651871098564780,Wed Mar 11 08:42:06 +0000 2026,MJPerezCotta,"@sanchezcastejon @MichealMartinTD Presidente, no olvides nunca que la costa cantábrica de nuestro país e Irlanda, comparten mucha cultura originaria.",1,0,0,149,0,2,0,-0.296,negative
2031437994994053557,Tue Mar 10 18:32:14 +0000 2026,Hace casi 2 años viajé a Dublín para coordinar con Irlanda el reconocimiento del...,2031649278083387414,Wed Mar 11 08:31:48 +0000 2026,CalouDany,@sanchezcastejon @MichealMartinTD Un mafieux à la tête du gouvernement espagnol,0,0,0,79,0,2,0,0.0,neutral
2031437994994053557,Tue Mar 10 18:32:14 +0000 2026,Hace casi 2 años viajé a Dublín para coordinar con Irlanda el reconocimiento del...,2031648280484966847,Wed Mar 11 08:27:50 +0000 2026,lachicadtrebole,"@sanchezcastejon @MichealMartinTD Vete a la mierda. Quieres dártelas de gran estadista y no eres más que un delincuente okupa de Moncloa. Rodeado de gente como tú, de los bajos fondos, si hasta le diste pasaporte diplomático en representación tuya a un portero de puticlub 😳",0,0,0,274,0,2,0,-0.296,negative
2031437994994053557,Tue Mar 10 18:32:14 +0000 2026,Hace casi 2 años viajé a Dublín para coordinar con Irlanda el reconocimiento del...,2031647785016041816,Wed Mar 11 08:25:52 +0000 2026,BillyBrighdwka,@sanchezcastejon @MichealMartinTD Ah the bully boy Osama bin Martin will you talk to trump like you did Louise Byrne,0,0,0,116,0,2,0,-0.1779,negative
2031437994994053557,Tue Mar 10 18:32:14 +0000 2026,Hace casi 2 años viajé a Dublín para coordinar con Irlanda el reconocimiento del...,2031637020968165384,Wed Mar 11 07:43:06 +0000 2026,Jaicobryan,@sanchezcastejon @MichealMartinTD La obsecion de los rojetes  por apoyar terroristas.,0,0,0,85,0,2,0,0.0,neutral
2031437994994053557,Tue Mar 10 18:32:14 +0000 2026,Hace casi 2 años viajé a Dublín para coordinar con Irlanda el reconocimiento del...,2031636556851638461,Wed Mar 11 07:41:15 +0000 2026,sirenitadlnorte,@sanchezcastejon @MichealMartinTD Eres #ElPeorPresidenteDeLaHistoria 🤮🐀🤮🐀🤮🐀🤮🐀🤮🐀🤮🐀,0,0,0,81,1,2,0,0.0,neutral
2031437994994053557,Tue Mar 10 18:32:14 +0000 2026,Hace casi 2 años viajé a Dublín para coordinar con Irlanda el reconocimiento del...,2031636095490773379,Wed Mar 11 07:39:25 +0000 2026,AnunDP95,"@sanchezcastejon @MichealMartinTD Mejor dedica tu tiempo a España, que es donde se supone que gobiernas, el combustible...mira a Portugal, no ves que nos han adelantado todos los países inútil",0,0,0,192,0,2,0,-0.296,negative
2031437994994053557,Tue Mar 10 18:32:14 +0000 2026,Hace casi 2 años viajé a Dublín para coordinar con Irlanda el reconocimiento del...,2031635998925324667,Wed Mar 11 07:39:02 +0000 2026,Beni019670,@sanchezcastejon @MichealMartinTD https://t.co/wB6S7a31J1,0,0,0,57,0,2,1,0.0,neutral
2031437994994053557,Tue Mar 10 18:32:14 +0000 2026,Hace casi 2 años viajé a Dublín para coordinar con Irlanda el reconocimiento del...,2031634843662983639,Wed Mar 11 07:34:27 +0000 2026,marijose7615,"@sanchezcastejon @MichealMartinTD Y cómo va España? 
Algo que decir sobre los viajecitos en el Falcon, las armas que pretendían meter en Moncloa, el rescate de Plus Ultra, el avión a Malabo, las subvenciones millonarias que reciben sus afines...?",0,0,0,246,0,2,0,0.0,neutral
2031437994994053557,Tue Mar 10 18:32:14 +0000 2026,Hace casi 2 años viajé a Dublín para coordinar con Irlanda el reconocimiento del...,2031630919803576523,Wed Mar 11 07:18:51 +0000 2026,David_wangjun,"@sanchezcastejon @MichealMartinTD Your policies will plunge Spain into a cycle of turmoil, poverty, and hunger. Muslims and the CCP are the source of global unrest, and they will infiltrate national decision-making bodies to implement strict control policies against Muslims and communism.",0,0,0,289,0,2,0,-0.7783,negative
2031437994994053557,Tue Mar 10 18:32:14 +0000 2026,Hace casi 2 años viajé a Dublín para coordinar con Irlanda el reconocimiento del...,2031628326582775882,Wed Mar 11 07:08:33 +0000 2026,taul_II,"@sanchezcastejon @MichealMartinTD Y el reconocimiento del...

Estado Catalán.
Estado Vasco.
Estado Gallego.

Pa cuando?",0,0,0,119,0,2,0,0.0,neutral
2031437994994053557,Tue Mar 10 18:32:14 +0000 2026,Hace casi 2 años viajé a Dublín para coordinar con Irlanda el reconocimiento del...,2031628164045197563,Wed Mar 11 07:07:54 +0000 2026,Juanlutercera,"@sanchezcastejon @MichealMartinTD Tú lo único que coordinas es miseria, maldito bastardo",0,0,0,88,0,2,0,0.0,neutral
2031437994994053557,Tue Mar 10 18:32:14 +0000 2026,Hace casi 2 años viajé a Dublín para coordinar con Irlanda el reconocimiento del...,2031626548286206223,Wed Mar 11 07:01:29 +0000 2026,AzulayArmando,"@sanchezcastejon @MichealMartinTD El único que tiene que ""desescalarse"" es @sanchezcastejon y la UE lo va a desescalar.",0,0,0,119,0,3,0,0.0,neutral
2031437994994053557,Tue Mar 10 18:32:14 +0000 2026,Hace casi 2 años viajé a Dublín para coordinar con Irlanda el reconocimiento del...,2031624256740561062,Wed Mar 11 06:52:23 +0000 2026,DongilTara,"@sanchezcastejon @MichealMartinTD Que pena que volviste 
Corrupto de muerda, desgraciado",0,0,0,88,0,2,0,0.0,neutral
2031437994994053557,Tue Mar 10 18:32:14 +0000 2026,Hace casi 2 años viajé a Dublín para coordinar con Irlanda el reconocimiento del...,2031624064083583163,Wed Mar 11 06:51:37 +0000 2026,NaujSeber,"@sanchezcastejon @MichealMartinTD Voy a resumirlo en pocas palabras: el NO a la guerra debe ser el centro de todo desde ahora y España solo tiene un socio político y militar posible desde ahora: Turquía

Espero que lo entiendas y actúes con mucha visibilidad

https://t.co/dzn8g08lnw",0,0,0,283,0,2,1,-0.4466,negative
2031437994994053557,Tue Mar 10 18:32:14 +0000 2026,Hace casi 2 años viajé a Dublín para coordinar con Irlanda el reconocimiento del...,2031616792511058152,Wed Mar 11 06:22:43 +0000 2026,DogruTarih1881,"@sanchezcastejon @MichealMartinTD Netenyahu sadece Gazze'nin değil İsrail'in de sonunu getirecek
Gerçekleri  söylemekten  #Vazgeçmeyiz Pedro Sanchez zaten bu sebeple hepimiz tarafından sevildi..
Artık  hem #telavivyanıyor hem #haifa 

Netanyahu no solo acabará con Gaza, sino también con Israel. No dejamos de https://t.co/imSW07pGwb",3,1,0,333,3,2,1,-0.5267,negative
2031437994994053557,Tue Mar 10 18:32:14 +0000 2026,Hace casi 2 años viajé a Dublín para coordinar con Irlanda el reconocimiento del...,2031610740994392082,Wed Mar 11 05:58:40 +0000 2026,faltrique,"@sanchezcastejon @MichealMartinTD A quién vas a traicionar hoy, figura.",0,0,0,71,0,2,0,0.0,neutral
2031437994994053557,Tue Mar 10 18:32:14 +0000 2026,Hace casi 2 años viajé a Dublín para coordinar con Irlanda el reconocimiento del...,2031610355445604645,Wed Mar 11 05:57:08 +0000 2026,jlsr1234567,"@sanchezcastejon @MichealMartinTD Tú no puedes ser más patético. Ya no te quieren ni en tu casa.
Hipócrita, cínico, corrupto, traidor, indecente, todo un sinvergüenza.
Que consumes??? Que aspecto más deteriorado.",0,0,0,212,0,2,0,-0.6046,negative
2031437994994053557,Tue Mar 10 18:32:14 +0000 2026,Hace casi 2 años viajé a Dublín para coordinar con Irlanda el reconocimiento del...,2031607251652247983,Wed Mar 11 05:44:48 +0000 2026,jonasmorrison73,"@sanchezcastejon @MichealMartinTD Si,si. Lo celebrarás en la cárcel.",0,0,0,68,0,2,0,0.0,neutral
2031437994994053557,Tue Mar 10 18:32:14 +0000 2026,Hace casi 2 años viajé a Dublín para coordinar con Irlanda el reconocimiento del...,2031604321318744555,Wed Mar 11 05:33:10 +0000 2026,tobuushi,"@sanchezcastejon @MichealMartinTD Calla que Irlanda es va separar del RU no fa gaire, ara toca a Catalunya, o nosaltres no tenim els mateixos drets?",0,0,0,148,0,2,0,-0.5267,negative
2031437994994053557,Tue Mar 10 18:32:14 +0000 2026,Hace casi 2 años viajé a Dublín para coordinar con Irlanda el reconocimiento del...,2031603876810428531,Wed Mar 11 05:31:24 +0000 2026,_angela63_,@sanchezcastejon @MichealMartinTD Y @MichealMartinTD no sabe aun lo sinvergüenza que eres? O se lo explicamos,0,0,0,109,0,3,0,-0.296,negative
2031437994994053557,Tue Mar 10 18:32:14 +0000 2026,Hace casi 2 años viajé a Dublín para coordinar con Irlanda el reconocimiento del...,2031603412094054815,Wed Mar 11 05:29:33 +0000 2026,Beni019670,@sanchezcastejon @MichealMartinTD https://t.co/tDMmxIDUl5,0,0,0,57,0,2,1,0.0,neutral
2031437994994053557,Tue Mar 10 18:32:14 +0000 2026,Hace casi 2 años viajé a Dublín para coordinar con Irlanda el reconocimiento del...,2031603149731922114,Wed Mar 11 05:28:30 +0000 2026,_angela63_,@sanchezcastejon @MichealMartinTD Cuanta gente vive en Moncloa? Cuantas armas tienes escondidas? Es que no hay por donde cogerte,0,0,0,128,0,2,0,-0.3736,negative
2031437994994053557,Tue Mar 10 18:32:14 +0000 2026,Hace casi 2 años viajé a Dublín para coordinar con Irlanda el reconocimiento del...,2031602266587681123,Wed Mar 11 05:25:00 +0000 2026,Kalimotxo313799,@sanchezcastejon @MichealMartinTD Lo primero es lo primero y lo demás va después. Preocúpate de tu gente que es la que te paga tu sueldo. Los demás van a la cola.,0,0,0,162,0,2,0,0.0,neutral
2031437994994053557,Tue Mar 10 18:32:14 +0000 2026,Hace casi 2 años viajé a Dublín para coordinar con Irlanda el reconocimiento del...,2031598382326612118,Wed Mar 11 05:09:34 +0000 2026,alejandre1974,"@sanchezcastejon @MichealMartinTD Felicidades por todo lo conseguido en Palestina, presidente.  Es para estar orgulloso.

Mención especial a la flotilla, que ha pasado a la Historia.",0,0,0,182,0,2,0,0.34,positive
2031437994994053557,Tue Mar 10 18:32:14 +0000 2026,Hace casi 2 años viajé a Dublín para coordinar con Irlanda el reconocimiento del...,2031589858011906235,Wed Mar 11 04:35:41 +0000 2026,librero_ju56125,"@sanchezcastejon @desdelamoncloa @MichealMartinTD Estimado https://t.co/4U6q6iUXue.presidente
De gobierno de España.
Desde la isla de grancanaria
Le mando a usted cordial saludo:",0,0,0,178,0,3,1,0.0,neutral
2031437994994053557,Tue Mar 10 18:32:14 +0000 2026,Hace casi 2 años viajé a Dublín para coordinar con Irlanda el reconocimiento del...,2031583138539766147,Wed Mar 11 04:08:59 +0000 2026,aradicta,@sanchezcastejon @MichealMartinTD https://t.co/clWBQEY6Sa,0,0,0,57,0,2,1,0.0,neutral
2031437994994053557,Tue Mar 10 18:32:14 +0000 2026,Hace casi 2 años viajé a Dublín para coordinar con Irlanda el reconocimiento del...,2031572734564872366,Wed Mar 11 03:27:39 +0000 2026,YZhong82183,@sanchezcastejon @MichealMartinTD 👍👍,0,0,0,36,0,2,0,0.0,neutral
2031437994994053557,Tue Mar 10 18:32:14 +0000 2026,Hace casi 2 años viajé a Dublín para coordinar con Irlanda el reconocimiento del...,2031566941630959910,Wed Mar 11 03:04:38 +0000 2026,TuTanComun,"@sanchezcastejon @MichealMartinTD A pesar de tanto viaje, sigues siendo un hijo de puta.",0,0,0,88,0,2,0,0.0,neutral
2031437994994053557,Tue Mar 10 18:32:14 +0000 2026,Hace casi 2 años viajé a Dublín para coordinar con Irlanda el reconocimiento del...,2031549726739337236,Wed Mar 11 01:56:13 +0000 2026,egmahler77,@sanchezcastejon @MichealMartinTD hm,0,0,0,36,0,2,0,0.0,neutral
2031437994994053557,Tue Mar 10 18:32:14 +0000 2026,Hace casi 2 años viajé a Dublín para coordinar con Irlanda el reconocimiento del...,2031549377492271402,Wed Mar 11 01:54:50 +0000 2026,Haticey_y,"@sanchezcastejon @MichealMartinTD #Günaydın  Sn. Başkanlar @sanchezcastejon  ve @MichealMartinTD  böyle iki hoşgörü ve barış elçisi ve pozitif yönde ilerleyen dünya başkanlarını görmek güzel, gurur duydum  benim oğlum genç Yüksek Çevre Mühendisi Dublinde (İrlanda)da Başarılı gençlerin yanında durmak gerek syglar",1,0,0,313,1,4,0,0.0,neutral
2031437994994053557,Tue Mar 10 18:32:14 +0000 2026,Hace casi 2 años viajé a Dublín para coordinar con Irlanda el reconocimiento del...,2031547704619200600,Wed Mar 11 01:48:11 +0000 2026,ValentnMateos,"@sanchezcastejon @MichealMartinTD El Estado Palestino tiene q ser reconocidos por todos
los países y tu, Sánchez, fuiste de los primeros y q se vea pronto",0,0,0,154,0,2,0,0.0,neutral
2031437994994053557,Tue Mar 10 18:32:14 +0000 2026,Hace casi 2 años viajé a Dublín para coordinar con Irlanda el reconocimiento del...,2031546391714000947,Wed Mar 11 01:42:58 +0000 2026,irish_today,@sanchezcastejon @MichealMartinTD https://t.co/UcNJQRgcoG,0,0,0,57,0,2,1,0.0,neutral
2031437994994053557,Tue Mar 10 18:32:14 +0000 2026,Hace casi 2 años viajé a Dublín para coordinar con Irlanda el reconocimiento del...,2031546026931192084,Wed Mar 11 01:41:31 +0000 2026,JoseIgn40744252,"@sanchezcastejon @MichealMartinTD A ti con la Dominicana te llega.
Yo que tú escapaba antes de ir preso",0,0,0,103,0,2,0,0.0,neutral
2031437994994053557,Tue Mar 10 18:32:14 +0000 2026,Hace casi 2 años viajé a Dublín para coordinar con Irlanda el reconocimiento del...,2031542603166912939,Wed Mar 11 01:27:55 +0000 2026,duendenocturno6,@cervilla_jose @sanchezcastejon @MichealMartinTD Hijo de puta. Queremos una España sin fascistas.,0,0,0,97,0,3,0,-0.5574,negative
2031437994994053557,Tue Mar 10 18:32:14 +0000 2026,Hace casi 2 años viajé a Dublín para coordinar con Irlanda el reconocimiento del...,2031542556819935548,Wed Mar 11 01:27:44 +0000 2026,irish_today,@sanchezcastejon @MichealMartinTD https://t.co/mBZ1NHW3Kc,0,0,0,57,0,2,1,0.0,neutral
2031437994994053557,Tue Mar 10 18:32:14 +0000 2026,Hace casi 2 años viajé a Dublín para coordinar con Irlanda el reconocimiento del...,2031542469087645970,Wed Mar 11 01:27:23 +0000 2026,duendenocturno6,@Avizoor @sanchezcastejon @MichealMartinTD Fachapobre.,0,0,0,54,0,3,0,0.0,neutral
2031437994994053557,Tue Mar 10 18:32:14 +0000 2026,Hace casi 2 años viajé a Dublín para coordinar con Irlanda el reconocimiento del...,2031540186631348375,Wed Mar 11 01:18:19 +0000 2026,ThesectionR,"@sanchezcastejon @MichealMartinTD Este demente es el peligro más grande al que se ha enfrentado España en toda su historia, hay que sacarlo o no se irá 

Hay que sacarlo , desalojarlo , expulsarlo",0,0,0,196,0,2,0,0.0516,positive
2031437994994053557,Tue Mar 10 18:32:14 +0000 2026,Hace casi 2 años viajé a Dublín para coordinar con Irlanda el reconocimiento del...,2031538533224022272,Wed Mar 11 01:11:45 +0000 2026,galolerner,@sanchezcastejon @MichealMartinTD Eres un impresentable,0,0,0,55,0,2,0,0.0,neutral
2031437994994053557,Tue Mar 10 18:32:14 +0000 2026,Hace casi 2 años viajé a Dublín para coordinar con Irlanda el reconocimiento del...,2031537598615695612,Wed Mar 11 01:08:02 +0000 2026,puckandtitania,@sanchezcastejon @MichealMartinTD No such thing as Palestine,1,0,1,60,0,2,0,-0.296,negative
2031437994994053557,Tue Mar 10 18:32:14 +0000 2026,Hace casi 2 años viajé a Dublín para coordinar con Irlanda el reconocimiento del...,2031535373721939995,Wed Mar 11 00:59:11 +0000 2026,juajovega,"@sanchezcastejon @MichealMartinTD Anda que no tienes mierda que limpiar aqui, sigue escondiendote por ahí.",0,0,0,106,0,2,0,-0.296,negative
2031437994994053557,Tue Mar 10 18:32:14 +0000 2026,Hace casi 2 años viajé a Dublín para coordinar con Irlanda el reconocimiento del...,2031532215411290150,Wed Mar 11 00:46:38 +0000 2026,FreakingTenon,@sanchezcastejon @MichealMartinTD Who is anti imperialist?,0,0,0,58,0,2,0,-0.3182,negative
2031437994994053557,Tue Mar 10 18:32:14 +0000 2026,Hace casi 2 años viajé a Dublín para coordinar con Irlanda el reconocimiento del...,2031530495884796266,Wed Mar 11 00:39:48 +0000 2026,Olivia147769,@sanchezcastejon @MichealMartinTD Fantastic partnership!! 🇮🇪🤝🇪🇸,0,0,0,63,0,2,0,0.6351,positive
2031437994994053557,Tue Mar 10 18:32:14 +0000 2026,Hace casi 2 años viajé a Dublín para coordinar con Irlanda el reconocimiento del...,2031526481822687405,Wed Mar 11 00:23:51 +0000 2026,fresh_shopping,@sanchezcastejon @MichealMartinTD Te den por culo,0,0,0,49,0,2,0,0.0,neutral
2031437994994053557,Tue Mar 10 18:32:14 +0000 2026,Hace casi 2 años viajé a Dublín para coordinar con Irlanda el reconocimiento del...,2031524581572313120,Wed Mar 11 00:16:18 +0000 2026,CoinerDoge,@sanchezcastejon @MichealMartinTD Your time in court will come Sanchez,0,0,0,70,0,2,0,0.0,neutral
2031437994994053557,Tue Mar 10 18:32:14 +0000 2026,Hace casi 2 años viajé a Dublín para coordinar con Irlanda el reconocimiento del...,2031522671482052952,Wed Mar 11 00:08:43 +0000 2026,irish_today,@sanchezcastejon @MichealMartinTD https://t.co/5WH8T1EXVt #WakeUpWicklow,0,0,0,72,1,2,1,0.0,neutral
2031437994994053557,Tue Mar 10 18:32:14 +0000 2026,Hace casi 2 años viajé a Dublín para coordinar con Irlanda el reconocimiento del...,2031521317946581068,Wed Mar 11 00:03:20 +0000 2026,irish_today,@sanchezcastejon @MichealMartinTD https://t.co/hNl4BdMhCX,0,0,0,57,0,2,1,0.0,neutral
2031437994994053557,Tue Mar 10 18:32:14 +0000 2026,Hace casi 2 años viajé a Dublín para coordinar con Irlanda el reconocimiento del...,2031521284803162325,Wed Mar 11 00:03:12 +0000 2026,josemomuz,"@sanchezcastejon @MichealMartinTD #SanchezAPrisión , #Sanchezcorrupto , #SanchezDimisión",0,0,0,88,3,2,0,0.0,neutral
2031437994994053557,Tue Mar 10 18:32:14 +0000 2026,Hace casi 2 años viajé a Dublín para coordinar con Irlanda el reconocimiento del...,2031520390413975595,Tue Mar 10 23:59:39 +0000 2026,JhonnySpanish,"@sanchezcastejon @MichealMartinTD Eres un grandísimo HDLGP. Papeles gratis, sanidad gratis... Y a los españoles que? 

Traidor, corrupto, encima de que te da x detrás Marruecos. 

Vender tu país por votos es alta traición.",0,0,0,222,0,2,0,0.1027,positive
2031437994994053557,Tue Mar 10 18:32:14 +0000 2026,Hace casi 2 años viajé a Dublín para coordinar con Irlanda el reconocimiento del...,2031519570394018301,Tue Mar 10 23:56:24 +0000 2026,diestela2,@sanchezcastejon @MichealMartinTD I.   M.  B.  E.   C.  I.   L.   !!!!!!! PÚDRETE,0,0,0,81,0,2,0,0.0,neutral
2031437994994053557,Tue Mar 10 18:32:14 +0000 2026,Hace casi 2 años viajé a Dublín para coordinar con Irlanda el reconocimiento del...,2031518652449563023,Tue Mar 10 23:52:45 +0000 2026,444Lirio,"@sanchezcastejon @MichealMartinTD Estás quemado, corrupto Pedro Sánchez",0,0,0,71,0,2,0,0.0,neutral
2031437994994053557,Tue Mar 10 18:32:14 +0000 2026,Hace casi 2 años viajé a Dublín para coordinar con Irlanda el reconocimiento del...,2031516285050241527,Tue Mar 10 23:43:20 +0000 2026,marixelaforever,@sanchezcastejon @MichealMartinTD Vete a Palestina y no vuelvas.,0,0,0,64,0,2,0,-0.296,negative
2031437994994053557,Tue Mar 10 18:32:14 +0000 2026,Hace casi 2 años viajé a Dublín para coordinar con Irlanda el reconocimiento del...,2031515216270217454,Tue Mar 10 23:39:05 +0000 2026,RandallMandell,@sanchezcastejon @MichealMartinTD You could discuss the Africanisation of both your countries.,0,0,0,94,0,2,0,0.0,neutral
2031437994994053557,Tue Mar 10 18:32:14 +0000 2026,Hace casi 2 años viajé a Dublín para coordinar con Irlanda el reconocimiento del...,2031513646656897250,Tue Mar 10 23:32:51 +0000 2026,Ojoplatica1,@sanchezcastejon @MichealMartinTD 😳 https://t.co/JnciV5kYf5,0,0,0,59,0,2,1,0.0,neutral
2031437994994053557,Tue Mar 10 18:32:14 +0000 2026,Hace casi 2 años viajé a Dublín para coordinar con Irlanda el reconocimiento del...,2031512435702534429,Tue Mar 10 23:28:03 +0000 2026,Prezv79,"@sanchezcastejon @MichealMartinTD ENTREGATE YA, JODIDO CRIMINAL.",0,0,0,64,0,2,0,-0.6289,negative
2031437994994053557,Tue Mar 10 18:32:14 +0000 2026,Hace casi 2 años viajé a Dublín para coordinar con Irlanda el reconocimiento del...,2031512317343510983,Tue Mar 10 23:27:34 +0000 2026,JohnHolmesbilly,@sanchezcastejon @MichealMartinTD The Irish hate that clown and we hate commies like you,0,0,0,88,0,2,0,-0.7096,negative
2031437994994053557,Tue Mar 10 18:32:14 +0000 2026,Hace casi 2 años viajé a Dublín para coordinar con Irlanda el reconocimiento del...,2031511693713371207,Tue Mar 10 23:25:06 +0000 2026,tabarnesa_yo,"@sanchezcastejon @MichealMartinTD Nadie te quiere ni te valora 

https://t.co/wvCf7xjwtS",3,1,0,88,0,2,1,0.0,neutral
2031437994994053557,Tue Mar 10 18:32:14 +0000 2026,Hace casi 2 años viajé a Dublín para coordinar con Irlanda el reconocimiento del...,2031510209613512861,Tue Mar 10 23:19:12 +0000 2026,catacrocker2,@sanchezcastejon @MichealMartinTD Hace 2 años en el extranjero todavía no te habian calado. Ahora hasta los iraníes saben lo felón que puedes llegar a ser.,0,0,0,155,0,2,0,-0.296,negative
2031437994994053557,Tue Mar 10 18:32:14 +0000 2026,Hace casi 2 años viajé a Dublín para coordinar con Irlanda el reconocimiento del...,2031506349796835501,Tue Mar 10 23:03:52 +0000 2026,JVerne_274,@sanchezcastejon @MichealMartinTD Se te acaban las cortinas de humo….amoral!!!,1,0,0,78,0,2,0,0.0,neutral
2031437994994053557,Tue Mar 10 18:32:14 +0000 2026,Hace casi 2 años viajé a Dublín para coordinar con Irlanda el reconocimiento del...,2031505761063346373,Tue Mar 10 23:01:31 +0000 2026,SucioProgres,"@sanchezcastejon @MichealMartinTD Eres un hijo de puta, un psicópata, un corrupto y un acomplejado.",0,0,0,99,0,2,0,0.0,neutral
2031437994994053557,Tue Mar 10 18:32:14 +0000 2026,Hace casi 2 años viajé a Dublín para coordinar con Irlanda el reconocimiento del...,2031505222128808424,Tue Mar 10 22:59:23 +0000 2026,Anaabdalla17,"@sanchezcastejon @MichealMartinTD Acorda seu Idiota ;;
A Palestina não existe e chegou o fim $$$$ dos Baderneiros https://t.co/K3BJOPrezT",0,0,0,137,0,2,1,0.0,neutral
2031437994994053557,Tue Mar 10 18:32:14 +0000 2026,Hace casi 2 años viajé a Dublín para coordinar con Irlanda el reconocimiento del...,2031504903030378601,Tue Mar 10 22:58:07 +0000 2026,lidser4,@sanchezcastejon @MichealMartinTD I'm Irish and your twice the man this little sniveling traitor coward is.,0,0,0,107,0,2,0,-0.4091,negative
2031437994994053557,Tue Mar 10 18:32:14 +0000 2026,Hace casi 2 años viajé a Dublín para coordinar con Irlanda el reconocimiento del...,2031504529271783749,Tue Mar 10 22:56:37 +0000 2026,Llf10P,"@sanchezcastejon @MichealMartinTD A lo que interesa a la ciudadania; Koldo, tu hermano, Abalos, Tito Berni, Aldamuz, la fiesta de Sicilia, Iceta y marido, los vuelos del Falcon, Delcy, el barranco del Poyo, Adif, Renfe, el deplorable estado de las carreteras,Jose Tome, Forestalia y no sigo que falta espacio en X",0,0,0,313,0,2,0,0.2263,positive
2031437994994053557,Tue Mar 10 18:32:14 +0000 2026,Hace casi 2 años viajé a Dublín para coordinar con Irlanda el reconocimiento del...,2031503857734332757,Tue Mar 10 22:53:57 +0000 2026,LociTobero,@sanchezcastejon @MichealMartinTD Traidor!!,0,0,0,43,0,2,0,0.0,neutral
2031437994994053557,Tue Mar 10 18:32:14 +0000 2026,Hace casi 2 años viajé a Dublín para coordinar con Irlanda el reconocimiento del...,2031503625529528694,Tue Mar 10 22:53:02 +0000 2026,Llf10P,"@sanchezcastejon @MichealMartinTD A lo que interesa a la ciudadania; Koldo, tu hermano, Abalos, Tito Berni, Aldamuz, la fiesta de Sicilia, Iceta y marido, los vuelos del Falcon, Delcy, el barranco del Poyo, Adif, Renfe, el deplorable estado de las carreteras, Jose Tome, Forestalia y no sigo que falta espacio en X",0,0,0,314,0,2,0,0.2263,positive
2031437994994053557,Tue Mar 10 18:32:14 +0000 2026,Hace casi 2 años viajé a Dublín para coordinar con Irlanda el reconocimiento del...,2031503106211447050,Tue Mar 10 22:50:58 +0000 2026,JulioACQ,"@sanchezcastejon @MichealMartinTD Porquería, no existe ni nunca existió el ""Estado de Palestina"" sólo en tu afiebrada cabeza amante de los coje cabras, hijoeputa!.",0,0,0,163,0,2,0,-0.3595,negative
2031437994994053557,Tue Mar 10 18:32:14 +0000 2026,Hace casi 2 años viajé a Dublín para coordinar con Irlanda el reconocimiento del...,2031502648428363797,Tue Mar 10 22:49:09 +0000 2026,serpil28153375,"@sanchezcastejon @MichealMartinTD `    🌍
🍃❤️🕊
   🇹🇷🇪🇸
     🇪🇭",0,0,0,61,0,2,0,0.0,neutral
2031437994994053557,Tue Mar 10 18:32:14 +0000 2026,Hace casi 2 años viajé a Dublín para coordinar con Irlanda el reconocimiento del...,2031502543679861093,Tue Mar 10 22:48:44 +0000 2026,CherokyAtm,"@sanchezcastejon @MichealMartinTD No a la guerra ? vete al guano. Nadie quiere la guerra, SOLO TU para hacer tu campañita. 
#España está hasta los huevos de ti.
#PsoeEsCorrupcion vas a caer por la corrupción que has generado  SR SAUNEZ",2,1,0,235,2,2,0,-0.296,negative
2031437994994053557,Tue Mar 10 18:32:14 +0000 2026,Hace casi 2 años viajé a Dublín para coordinar con Irlanda el reconocimiento del...,2031502412859543831,Tue Mar 10 22:48:13 +0000 2026,FutureproofO,@sanchezcastejon @MichealMartinTD Tell mick to grow a pair Pedro,0,0,0,64,0,2,0,0.0,neutral
2031437994994053557,Tue Mar 10 18:32:14 +0000 2026,Hace casi 2 años viajé a Dublín para coordinar con Irlanda el reconocimiento del...,2031502406651982158,Tue Mar 10 22:48:11 +0000 2026,techandfootball,@sanchezcastejon @MichealMartinTD Es hora de #HuelgaGeneral ! Hijo de puta traidor,0,0,0,82,1,2,0,0.0,neutral
2031437994994053557,Tue Mar 10 18:32:14 +0000 2026,Hace casi 2 años viajé a Dublín para coordinar con Irlanda el reconocimiento del...,2031501712796668175,Tue Mar 10 22:45:26 +0000 2026,andaniegu,@sanchezcastejon @MichealMartinTD La gran diferencia entre Irlanda y España es que la primera es una república y no oprime a otras realidades nacionales. Cuida un poco más tus comparaciones.,0,0,0,190,0,2,0,-0.296,negative
2031437994994053557,Tue Mar 10 18:32:14 +0000 2026,Hace casi 2 años viajé a Dublín para coordinar con Irlanda el reconocimiento del...,2031501693184008400,Tue Mar 10 22:45:21 +0000 2026,CVaginesil,@sanchezcastejon @MichealMartinTD Estos sujetos son una mafia y unos terroristas que hasta armas ilegales compran y llevan encima. Ya ha dimitido la albondiga con almorranas de Iceta? https://t.co/BKemf06VXS,0,0,0,207,0,2,1,0.34,positive
2031437994994053557,Tue Mar 10 18:32:14 +0000 2026,Hace casi 2 años viajé a Dublín para coordinar con Irlanda el reconocimiento del...,2031501625257271578,Tue Mar 10 22:45:05 +0000 2026,pabzay,@sanchezcastejon @MichealMartinTD Eres un corrupto! Acabaras en la cárcel por todo el daño hecho,0,0,0,96,0,2,0,0.0,neutral
2031437994994053557,Tue Mar 10 18:32:14 +0000 2026,Hace casi 2 años viajé a Dublín para coordinar con Irlanda el reconocimiento del...,2031501454389719411,Tue Mar 10 22:44:24 +0000 2026,GeoffMc453208,@sanchezcastejon @MichealMartinTD Two disgusting Wankers.,0,0,0,57,0,2,0,-0.5267,negative
2031437994994053557,Tue Mar 10 18:32:14 +0000 2026,Hace casi 2 años viajé a Dublín para coordinar con Irlanda el reconocimiento del...,2031498405269098635,Tue Mar 10 22:32:17 +0000 2026,FBAuon,"@sanchezcastejon @MichealMartinTD Chorizo que no te queremos, vete de una puta vez",0,0,0,82,0,2,0,-0.296,negative
2031437994994053557,Tue Mar 10 18:32:14 +0000 2026,Hace casi 2 años viajé a Dublín para coordinar con Irlanda el reconocimiento del...,2031497890086957321,Tue Mar 10 22:30:15 +0000 2026,rabonadecalero,@sanchezcastejon @MichealMartinTD 💩🤡,0,0,0,36,0,2,0,0.0,neutral
2031437994994053557,Tue Mar 10 18:32:14 +0000 2026,Hace casi 2 años viajé a Dublín para coordinar con Irlanda el reconocimiento del...,2031497484862738680,Tue Mar 10 22:28:38 +0000 2026,elrincondemear,@sanchezcastejon @MichealMartinTD https://t.co/7dmWldTrDD,0,0,0,57,0,2,1,0.0,neutral
2031437994994053557,Tue Mar 10 18:32:14 +0000 2026,Hace casi 2 años viajé a Dublín para coordinar con Irlanda el reconocimiento del...,2031497042221052303,Tue Mar 10 22:26:52 +0000 2026,Shahpazir,@sanchezcastejon @MichealMartinTD Y ya funciono el viaje para estado de palestina!! https://t.co/b7SNEJuLhk,0,0,0,107,0,2,1,0.0,neutral
2031437994994053557,Tue Mar 10 18:32:14 +0000 2026,Hace casi 2 años viajé a Dublín para coordinar con Irlanda el reconocimiento del...,2031496738939236472,Tue Mar 10 22:25:40 +0000 2026,Baruch131313,@sanchezcastejon @MichealMartinTD Scum united,0,0,0,45,0,2,0,0.4215,positive
2031437994994053557,Tue Mar 10 18:32:14 +0000 2026,Hace casi 2 años viajé a Dublín para coordinar con Irlanda el reconocimiento del...,2031496667086668055,Tue Mar 10 22:25:23 +0000 2026,deino117128,@sanchezcastejon @MichealMartinTD 🇪🇦🇪🇦🇪🇦🇪🇦🇪🇦🇪🇦🇪🇦🇪🇦🇹🇷🇹🇷🇹🇷🇹🇷🇹🇷🇹🇷🇹🇷🇹🇷🇹🇷🇹🇷🇪🇦🇪🇦🇪🇦🇪🇦🇪🇦🇪🇦🇪🇦 HUMANITY WIN🇹🇷,0,0,0,99,0,2,0,0.0,neutral
2031437994994053557,Tue Mar 10 18:32:14 +0000 2026,Hace casi 2 años viajé a Dublín para coordinar con Irlanda el reconocimiento del...,2031496465067941948,Tue Mar 10 22:24:35 +0000 2026,franjoraqu,"@sanchezcastejon @MichealMartinTD Lo que está reconocido es que eres el Yerno de un Proxeneta,un corrupto que acabará en el talego.",0,0,0,131,0,2,0,0.0,neutral
2031437994994053557,Tue Mar 10 18:32:14 +0000 2026,Hace casi 2 años viajé a Dublín para coordinar con Irlanda el reconocimiento del...,2031496208380735819,Tue Mar 10 22:23:34 +0000 2026,UltraSean,"@sanchezcastejon @MichealMartinTD This is a parody account right?

It’s like an SNL skit of a woke EU leader’s X account.

Can’t be real.",0,0,0,137,0,2,0,0.3612,positive
2031437994994053557,Tue Mar 10 18:32:14 +0000 2026,Hace casi 2 años viajé a Dublín para coordinar con Irlanda el reconocimiento del...,2031495561698804204,Tue Mar 10 22:20:59 +0000 2026,flanders_esp,@MmascaraVerde @sanchezcastejon @MichealMartinTD Mientras de ortografía y sintaxis no me des lecciones...,1,0,0,105,0,3,0,-0.296,negative
2031437994994053557,Tue Mar 10 18:32:14 +0000 2026,Hace casi 2 años viajé a Dublín para coordinar con Irlanda el reconocimiento del...,2031494598858526877,Tue Mar 10 22:17:10 +0000 2026,cevre_istanbul,@sanchezcastejon @MichealMartinTD https://t.co/W1ab2Xd1aG,0,0,0,57,0,2,1,0.0,neutral
2031437994994053557,Tue Mar 10 18:32:14 +0000 2026,Hace casi 2 años viajé a Dublín para coordinar con Irlanda el reconocimiento del...,2031492759765365017,Tue Mar 10 22:09:51 +0000 2026,ClintDelEste,@sanchezcastejon @MichealMartinTD Un cadáver que aborda,0,0,0,55,0,2,0,0.0,neutral
2031437994994053557,Tue Mar 10 18:32:14 +0000 2026,Hace casi 2 años viajé a Dublín para coordinar con Irlanda el reconocimiento del...,2031492270474629586,Tue Mar 10 22:07:55 +0000 2026,JoanMorris90873,@sanchezcastejon @MichealMartinTD Fcuk isreal .  🇮🇪,0,0,0,51,0,2,0,0.0,neutral
2031437994994053557,Tue Mar 10 18:32:14 +0000 2026,Hace casi 2 años viajé a Dublín para coordinar con Irlanda el reconocimiento del...,2031491901866553708,Tue Mar 10 22:06:27 +0000 2026,Thorquemad53594,"@sanchezcastejon @MichealMartinTD Claro y fuerte, no a la perra!!!",0,0,0,66,0,2,0,-0.4724,negative
2031437994994053557,Tue Mar 10 18:32:14 +0000 2026,Hace casi 2 años viajé a Dublín para coordinar con Irlanda el reconocimiento del...,2031491169855877223,Tue Mar 10 22:03:32 +0000 2026,Mlulufo,@sanchezcastejon @MichealMartinTD Te llaman jajajaja,0,0,0,52,0,2,0,0.0,neutral
2031437994994053557,Tue Mar 10 18:32:14 +0000 2026,Hace casi 2 años viajé a Dublín para coordinar con Irlanda el reconocimiento del...,2031490296169558235,Tue Mar 10 22:00:04 +0000 2026,quirogalopez50,@sanchezcastejon @MichealMartinTD Grande Presidente,0,0,0,51,0,2,0,0.0,neutral
2031437994994053557,Tue Mar 10 18:32:14 +0000 2026,Hace casi 2 años viajé a Dublín para coordinar con Irlanda el reconocimiento del...,2031489639765131351,Tue Mar 10 21:57:28 +0000 2026,asde_bastos,"@sanchezcastejon @MichealMartinTD Pues lo coordinaste genial, como todo lo que tocas.
Y déjate de transiciones ecolojetas , que la UE ya reculó y volvemos a las nucleares, que todo era un error.
¡Que no te enteras y así nos va!

Puta desgracia de presidente, joder! https://t.co/qTEOqHgrml",0,0,0,289,0,2,1,-0.3987,negative
2031437994994053557,Tue Mar 10 18:32:14 +0000 2026,Hace casi 2 años viajé a Dublín para coordinar con Irlanda el reconocimiento del...,2031489423833997372,Tue Mar 10 21:56:36 +0000 2026,MmascaraVerde,"@flanders_esp @sanchezcastejon @MichealMartinTD ""ya lo sé"" llevas razón. Ya sabemos cómo estoy de historia; bien pegado. En el tuyo, en tu libro de historia y por lo que veo, no viene el tema de ""debate civilizado"". Taaaaaa usté pa dá lesiones",0,0,1,243,0,3,0,-0.296,negative
2031437994994053557,Tue Mar 10 18:32:14 +0000 2026,Hace casi 2 años viajé a Dublín para coordinar con Irlanda el reconocimiento del...,2031489391483297940,Tue Mar 10 21:56:28 +0000 2026,enduristan,"@sanchezcastejon @MichealMartinTD Tu próximo viaje ha de ser al banquillo de los acusados por corrupción acompañando a tu hermano y a tu mujer, de paso te vas acostumbrando a lo que será tu futuro.
España no puede permitir que te largues de rositas, debes ser imputado, juzgado y condenado a prisión.",0,0,0,300,0,2,0,0.0516,positive
2031437994994053557,Tue Mar 10 18:32:14 +0000 2026,Hace casi 2 años viajé a Dublín para coordinar con Irlanda el reconocimiento del...,2031488883527950828,Tue Mar 10 21:54:27 +0000 2026,isabelitaaa123,@sanchezcastejon @MichealMartinTD https://t.co/2fQEyyv1fR,0,0,0,57,0,2,1,0.0,neutral
2031437994994053557,Tue Mar 10 18:32:14 +0000 2026,Hace casi 2 años viajé a Dublín para coordinar con Irlanda el reconocimiento del...,2031487494064152735,Tue Mar 10 21:48:56 +0000 2026,Marcor9167,"@sanchezcastejon @IgualdadGob @MichealMartinTD Pírate corrupto de mierda,",0,0,0,73,0,3,0,0.0,neutral
2031437994994053557,Tue Mar 10 18:32:14 +0000 2026,Hace casi 2 años viajé a Dublín para coordinar con Irlanda el reconocimiento del...,2031487204254511466,Tue Mar 10 21:47:47 +0000 2026,elbelloandaluz,@sanchezcastejon @MichealMartinTD Y a República Dominicana?.,0,0,0,60,0,2,0,0.0,neutral
2031437994994053557,Tue Mar 10 18:32:14 +0000 2026,Hace casi 2 años viajé a Dublín para coordinar con Irlanda el reconocimiento del...,2031487179516432778,Tue Mar 10 21:47:41 +0000 2026,flanders_esp,"@MmascaraVerde @sanchezcastejon @MichealMartinTD Pobre subnormal xD. No, creo que tú tampoco sabes nada de la historia.",1,0,1,119,0,3,0,0.0,neutral
2031437994994053557,Tue Mar 10 18:32:14 +0000 2026,Hace casi 2 años viajé a Dublín para coordinar con Irlanda el reconocimiento del...,2031486776301457426,Tue Mar 10 21:46:05 +0000 2026,salsipiedes,@sanchezcastejon @MichealMartinTD Y que pena que no te quedastes,0,0,0,64,0,2,0,-0.296,negative
2031437994994053557,Tue Mar 10 18:32:14 +0000 2026,Hace casi 2 años viajé a Dublín para coordinar con Irlanda el reconocimiento del...,2031486423514091635,Tue Mar 10 21:44:41 +0000 2026,CotyLila,@sanchezcastejon @MichealMartinTD Hipócrita,0,0,0,43,0,2,0,0.0,neutral
2031437994994053557,Tue Mar 10 18:32:14 +0000 2026,Hace casi 2 años viajé a Dublín para coordinar con Irlanda el reconocimiento del...,2031485803159867742,Tue Mar 10 21:42:13 +0000 2026,PilarRo74164435,@sanchezcastejon @Franzmruiz @MichealMartinTD 👏👏👏👌 Madre mía hace  2  años ya🫣! . Ahora ambos sois personajes claves  de la política.  Necesario compartir necesidades y prioridades 😍🌹🌹,0,0,0,184,0,3,0,0.8564,positive
2031437994994053557,Tue Mar 10 18:32:14 +0000 2026,Hace casi 2 años viajé a Dublín para coordinar con Irlanda el reconocimiento del...,2031484890890252684,Tue Mar 10 21:38:35 +0000 2026,Diyar_RTE_Bekir,@sanchezcastejon @MichealMartinTD Yiğit İspanya’nın yiğit Başbakanı. https://t.co/y1Tl22RCW2,0,0,0,92,0,2,1,0.0,neutral
2031437994994053557,Tue Mar 10 18:32:14 +0000 2026,Hace casi 2 años viajé a Dublín para coordinar con Irlanda el reconocimiento del...,2031484115531284916,Tue Mar 10 21:35:30 +0000 2026,mywordsworlds1,"@sanchezcastejon @MichealMartinTD Paz a su alma y el infierno para la tuya

Prometiste ayudas y soporte a los enfermos de ELA y los dejas tirados 

Al punto en el cual como solución solo le ofreces la muerte 

https://t.co/0CpPsXw6tB",0,0,0,233,0,2,1,0.0,neutral
2031437994994053557,Tue Mar 10 18:32:14 +0000 2026,Hace casi 2 años viajé a Dublín para coordinar con Irlanda el reconocimiento del...,2031483503955591493,Tue Mar 10 21:33:05 +0000 2026,palenzuelayoli,@sanchezcastejon @Pinzon2018 @MichealMartinTD @sanchezcastejon 👍👏🌹🕊,0,0,0,67,0,4,0,0.0,neutral
2031437994994053557,Tue Mar 10 18:32:14 +0000 2026,Hace casi 2 años viajé a Dublín para coordinar con Irlanda el reconocimiento del...,2031482271992336624,Tue Mar 10 21:28:11 +0000 2026,ElenaMansilla16,@sanchezcastejon @MichealMartinTD Son terroristas,0,0,0,49,0,2,0,0.0,neutral
2031437994994053557,Tue Mar 10 18:32:14 +0000 2026,Hace casi 2 años viajé a Dublín para coordinar con Irlanda el reconocimiento del...,2031482137837174899,Tue Mar 10 21:27:39 +0000 2026,Koenig_70,@sanchezcastejon @MichealMartinTD #corrupto https://t.co/mJcFYmwASQ,0,0,0,67,1,2,1,0.0,neutral
2031437994994053557,Tue Mar 10 18:32:14 +0000 2026,Hace casi 2 años viajé a Dublín para coordinar con Irlanda el reconocimiento del...,2031482035630399969,Tue Mar 10 21:27:15 +0000 2026,gonz70980,@sanchezcastejon @MichealMartinTD Has voladoras a la República Dominicana https://t.co/ZfB4axVMXI,0,0,0,97,0,2,1,0.0,neutral
2031437994994053557,Tue Mar 10 18:32:14 +0000 2026,Hace casi 2 años viajé a Dublín para coordinar con Irlanda el reconocimiento del...,2031481993045639671,Tue Mar 10 21:27:04 +0000 2026,damajo1980,"@sanchezcastejon @MichealMartinTD Si, de viajecitos estás todo el día, eso ya lo sabemos, A VER SI TE VAS A TOMAR POR CULO PERO HOY ANTES QUE MAÑANA",0,0,0,148,0,2,0,0.0,neutral
2031437994994053557,Tue Mar 10 18:32:14 +0000 2026,Hace casi 2 años viajé a Dublín para coordinar con Irlanda el reconocimiento del...,2031481171880661007,Tue Mar 10 21:23:49 +0000 2026,CristinaHe1899,@sanchezcastejon @MichealMartinTD https://t.co/GLYBFcBd4c,0,0,0,57,0,2,1,0.0,neutral
2031437994994053557,Tue Mar 10 18:32:14 +0000 2026,Hace casi 2 años viajé a Dublín para coordinar con Irlanda el reconocimiento del...,2031481137462137096,Tue Mar 10 21:23:40 +0000 2026,alfon650,"@sanchezcastejon @MichealMartinTD FELÓN, cada día das más asco.",0,0,0,63,0,2,0,0.0,neutral
2031437994994053557,Tue Mar 10 18:32:14 +0000 2026,Hace casi 2 años viajé a Dublín para coordinar con Irlanda el reconocimiento del...,2031480905382912324,Tue Mar 10 21:22:45 +0000 2026,dukefrankcrown,@sanchezcastejon @MichealMartinTD https://t.co/kUy2gKVJDp,0,0,0,57,0,2,1,0.0,neutral
2031437994994053557,Tue Mar 10 18:32:14 +0000 2026,Hace casi 2 años viajé a Dublín para coordinar con Irlanda el reconocimiento del...,2031480752076972511,Tue Mar 10 21:22:09 +0000 2026,maryjess55,"@sanchezcastejon @MichealMartinTD Palestina me importa una mierda, la misma mierda que me importas tú ,Dirty",0,0,0,108,0,2,0,-0.4404,negative
2031437994994053557,Tue Mar 10 18:32:14 +0000 2026,Hace casi 2 años viajé a Dublín para coordinar con Irlanda el reconocimiento del...,2031480666873803139,Tue Mar 10 21:21:48 +0000 2026,dukefrankcrown,"@sanchezcastejon @MichealMartinTD SÁNCHEZ , CADA VEZ QUE SE ACERCA A UN TRRRORISTA , TIENE UN ORGASMO !! https://t.co/sa7ovUJwod",0,0,0,128,0,2,1,0.0,neutral
2031437994994053557,Tue Mar 10 18:32:14 +0000 2026,Hace casi 2 años viajé a Dublín para coordinar con Irlanda el reconocimiento del...,2031480636599386206,Tue Mar 10 21:21:41 +0000 2026,JustSayinAhlan,@sanchezcastejon @MichealMartinTD We hope you educated our useless taoiseach @MichealMartinTD while he was with you. He needs some lessons on how to grow a spine and where to find his liathróidí,0,0,0,194,0,3,0,0.0258,neutral
2031437994994053557,Tue Mar 10 18:32:14 +0000 2026,Hace casi 2 años viajé a Dublín para coordinar con Irlanda el reconocimiento del...,2031480520253534600,Tue Mar 10 21:21:13 +0000 2026,Bren_mick,@sanchezcastejon @MichealMartinTD https://t.co/6oWBu9CzNc,0,0,0,57,0,2,1,0.0,neutral
2031437994994053557,Tue Mar 10 18:32:14 +0000 2026,Hace casi 2 años viajé a Dublín para coordinar con Irlanda el reconocimiento del...,2031480505372135540,Tue Mar 10 21:21:10 +0000 2026,oriolmtnzalos,"@sanchezcastejon @MichealMartinTD Two cowards, 🤡🙏 eager to bite the islamo-nihilist propaganda, whilst in Iran milions of brave men and women have the real guts to overthrow the Islamic nightmare. https://t.co/pPiuagRZYZ",0,0,0,220,0,2,1,0.5994,positive
2031437994994053557,Tue Mar 10 18:32:14 +0000 2026,Hace casi 2 años viajé a Dublín para coordinar con Irlanda el reconocimiento del...,2031480459775836449,Tue Mar 10 21:20:59 +0000 2026,CiceronRaf34846,@sanchezcastejon @MichealMartinTD Jaja ja q buenos recuerdos https://t.co/C3inz4pr3A,1,1,0,84,0,2,1,0.0,neutral
2031437994994053557,Tue Mar 10 18:32:14 +0000 2026,Hace casi 2 años viajé a Dublín para coordinar con Irlanda el reconocimiento del...,2031480206427410509,Tue Mar 10 21:19:58 +0000 2026,dukefrankcrown,@sanchezcastejon @MichealMartinTD https://t.co/P30S7zQWpF,0,0,0,57,0,2,1,0.0,neutral
2031437994994053557,Tue Mar 10 18:32:14 +0000 2026,Hace casi 2 años viajé a Dublín para coordinar con Irlanda el reconocimiento del...,2031480159283318816,Tue Mar 10 21:19:47 +0000 2026,CristinaHe1899,@jalfonzo @sanchezcastejon @MichealMartinTD https://t.co/k6tNVTMxdP,0,0,0,67,0,3,1,0.0,neutral
2031437994994053557,Tue Mar 10 18:32:14 +0000 2026,Hace casi 2 años viajé a Dublín para coordinar con Irlanda el reconocimiento del...,2031480114509160730,Tue Mar 10 21:19:37 +0000 2026,dukefrankcrown,@sanchezcastejon @MichealMartinTD https://t.co/xprjrsS0jo,3,0,0,57,0,2,1,0.0,neutral
2031437994994053557,Tue Mar 10 18:32:14 +0000 2026,Hace casi 2 años viajé a Dublín para coordinar con Irlanda el reconocimiento del...,2031479589046727162,Tue Mar 10 21:17:31 +0000 2026,Beltzuni,"@sanchezcastejon @MichealMartinTD Mortadelo, te llevaste a Filemón? https://t.co/8KM4TMiOLK",0,0,0,91,0,2,1,0.0,neutral
2031437994994053557,Tue Mar 10 18:32:14 +0000 2026,Hace casi 2 años viajé a Dublín para coordinar con Irlanda el reconocimiento del...,2031479435736797186,Tue Mar 10 21:16:55 +0000 2026,irish_today,@sanchezcastejon @MichealMartinTD Both Countries destroyed by incompetent leaders!  It was good while it lasted! https://t.co/vySYMoJ4Jm,2,0,0,136,0,2,1,-0.6103,negative
2031437994994053557,Tue Mar 10 18:32:14 +0000 2026,Hace casi 2 años viajé a Dublín para coordinar con Irlanda el reconocimiento del...,2031479342304313363,Tue Mar 10 21:16:32 +0000 2026,neksmile11,"@sanchezcastejon @MichealMartinTD Bla bla bla
Ni Europa te soporta ya",0,0,0,69,0,2,0,0.0,neutral
2031437994994053557,Tue Mar 10 18:32:14 +0000 2026,Hace casi 2 años viajé a Dublín para coordinar con Irlanda el reconocimiento del...,2031478725137649673,Tue Mar 10 21:14:05 +0000 2026,mptxoni35712,@sanchezcastejon @MichealMartinTD Abera cuand racunoses l'estad de Catalunya!,0,0,0,77,0,2,0,0.0,neutral
2031437994994053557,Tue Mar 10 18:32:14 +0000 2026,Hace casi 2 años viajé a Dublín para coordinar con Irlanda el reconocimiento del...,2031477085105979487,Tue Mar 10 21:07:34 +0000 2026,mariza_r,@sanchezcastejon @MichealMartinTD Quien va a pagar por estos? Los españoles con su trabajo? TRAIDOR.,0,0,0,100,0,2,0,0.0,neutral
2031437994994053557,Tue Mar 10 18:32:14 +0000 2026,Hace casi 2 años viajé a Dublín para coordinar con Irlanda el reconocimiento del...,2031476679474888715,Tue Mar 10 21:05:58 +0000 2026,trakalosky,"@sanchezcastejon @MichealMartinTD Odia a Elon pero como le gusta publicar 💩 en X ,🤡🤣",0,0,0,84,0,2,0,0.4939,positive
2031437994994053557,Tue Mar 10 18:32:14 +0000 2026,Hace casi 2 años viajé a Dublín para coordinar con Irlanda el reconocimiento del...,2031476659405099136,Tue Mar 10 21:05:53 +0000 2026,jalfonzo,@sanchezcastejon @MichealMartinTD https://t.co/6AfK7m9yL2,1,0,1,57,0,2,1,0.0,neutral
2031437994994053557,Tue Mar 10 18:32:14 +0000 2026,Hace casi 2 años viajé a Dublín para coordinar con Irlanda el reconocimiento del...,2031476647669428493,Tue Mar 10 21:05:50 +0000 2026,FaizTarar,"@sanchezcastejon @MichealMartinTD America, Israel have lost the war against Iran https://t.co/kvTAELYfB9",0,0,0,104,0,2,1,-0.7351,negative
2031437994994053557,Tue Mar 10 18:32:14 +0000 2026,Hace casi 2 años viajé a Dublín para coordinar con Irlanda el reconocimiento del...,2031475966438936804,Tue Mar 10 21:03:08 +0000 2026,LIANRICO,"@sanchezcastejon @MichealMartinTD Siempre trabajando, Presidente !!!!!
Preocupado por algo tan serio como la transición energética, y/o el Marco Financiero tanto de nuestro país, como de la UE !!!!!
Gracias, Presidente !!!!!
@sanchezcastejon",0,0,0,241,0,3,0,0.0,neutral
2031437994994053557,Tue Mar 10 18:32:14 +0000 2026,Hace casi 2 años viajé a Dublín para coordinar con Irlanda el reconocimiento del...,2031475726101131378,Tue Mar 10 21:02:10 +0000 2026,molonator69,@sanchezcastejon @MichealMartinTD Como si me junto yo con un colega para ver qué ficha el Madrid 😂. Anda que pintáis mucho,0,0,0,122,0,2,0,0.4404,positive
2031437994994053557,Tue Mar 10 18:32:14 +0000 2026,Hace casi 2 años viajé a Dublín para coordinar con Irlanda el reconocimiento del...,2031475720573145103,Tue Mar 10 21:02:09 +0000 2026,CurritoRojo,@sanchezcastejon @MichealMartinTD 👏🏼👏🏼👏🏼👏🏼👏🏼👏🏼👏🏼,0,0,0,48,0,2,0,0.0,neutral
2031437994994053557,Tue Mar 10 18:32:14 +0000 2026,Hace casi 2 años viajé a Dublín para coordinar con Irlanda el reconocimiento del...,2031475534442512776,Tue Mar 10 21:01:25 +0000 2026,mike_j_o_,@sanchezcastejon @MichealMartinTD The entire world knows Israel is a rouge state. @MichealMartinTD it’s time to do the right thing,11,0,0,130,0,3,0,0.0,neutral
2031437994994053557,Tue Mar 10 18:32:14 +0000 2026,Hace casi 2 años viajé a Dublín para coordinar con Irlanda el reconocimiento del...,2031475077120753851,Tue Mar 10 20:59:36 +0000 2026,PaquiFg_mlg,@sanchezcastejon @MichealMartinTD Dimite ya!! https://t.co/YTLXZDGEJ2,0,0,0,69,0,2,1,0.0,neutral
2031437994994053557,Tue Mar 10 18:32:14 +0000 2026,Hace casi 2 años viajé a Dublín para coordinar con Irlanda el reconocimiento del...,2031474248624074776,Tue Mar 10 20:56:18 +0000 2026,jvrhdo,@MaatSelkis @UpdateLineX @sanchezcastejon @MichealMartinTD Pone tu nombre!!!! Que fácil es leer a los Fachapobres suNNormales.,0,0,0,126,0,4,0,0.0,neutral
2031437994994053557,Tue Mar 10 18:32:14 +0000 2026,Hace casi 2 años viajé a Dublín para coordinar con Irlanda el reconocimiento del...,2031474116998426701,Tue Mar 10 20:55:47 +0000 2026,PaquiFg_mlg,@sanchezcastejon @MichealMartinTD Y esto cuando lo desescalamos? https://t.co/2CWML7sf7c,6,2,0,88,0,2,1,0.0,neutral
2031437994994053557,Tue Mar 10 18:32:14 +0000 2026,Hace casi 2 años viajé a Dublín para coordinar con Irlanda el reconocimiento del...,2031473681910608243,Tue Mar 10 20:54:03 +0000 2026,lamerysheperd,"@sanchezcastejon @MichealMartinTD Hijo de la gran puta, corrupto. Saco de mierda.",0,0,0,81,0,2,0,0.0,neutral
2031437994994053557,Tue Mar 10 18:32:14 +0000 2026,Hace casi 2 años viajé a Dublín para coordinar con Irlanda el reconocimiento del...,2031473599358316728,Tue Mar 10 20:53:43 +0000 2026,algohumanoide,"@sanchezcastejon @MichealMartinTD Dr. Saunez, Hablo algo del Sahara?",0,0,0,68,0,2,0,0.0,neutral
2031437994994053557,Tue Mar 10 18:32:14 +0000 2026,Hace casi 2 años viajé a Dublín para coordinar con Irlanda el reconocimiento del...,2031473431141593089,Tue Mar 10 20:53:03 +0000 2026,autisticbab,@sanchezcastejon @MichealMartinTD Viva España,0,0,0,45,0,2,0,0.0,neutral
2031437994994053557,Tue Mar 10 18:32:14 +0000 2026,Hace casi 2 años viajé a Dublín para coordinar con Irlanda el reconocimiento del...,2031473410090361263,Tue Mar 10 20:52:58 +0000 2026,JinkyEssex,"@sanchezcastejon @MichealMartinTD Hit him a kick in the boolers while you're there, would you?",1,0,0,94,0,2,0,0.0,neutral
2031437994994053557,Tue Mar 10 18:32:14 +0000 2026,Hace casi 2 años viajé a Dublín para coordinar con Irlanda el reconocimiento del...,2031472924025131506,Tue Mar 10 20:51:02 +0000 2026,Felipep07215484,@sanchezcastejon @MichealMartinTD Ya de te queda un día menos de nefasto Presidente.,0,0,0,84,0,2,0,0.0,neutral
2031437994994053557,Tue Mar 10 18:32:14 +0000 2026,Hace casi 2 años viajé a Dublín para coordinar con Irlanda el reconocimiento del...,2031472255297847728,Tue Mar 10 20:48:23 +0000 2026,MariaMu24417972,@sanchezcastejon @MichealMartinTD Tú estás buscando el premio Nobel de la Paz...oxidao https://t.co/eSyhaGXpv5,7,2,0,110,0,2,1,0.0,neutral
2031437994994053557,Tue Mar 10 18:32:14 +0000 2026,Hace casi 2 años viajé a Dublín para coordinar con Irlanda el reconocimiento del...,2031471113981595748,Tue Mar 10 20:43:51 +0000 2026,sanxep10,@sanchezcastejon @MichealMartinTD Que ha servido para muchísimo,0,0,0,63,0,2,0,0.34,positive
2031437994994053557,Tue Mar 10 18:32:14 +0000 2026,Hace casi 2 años viajé a Dublín para coordinar con Irlanda el reconocimiento del...,2031470930661093444,Tue Mar 10 20:43:07 +0000 2026,OmarSol21605480,@sanchezcastejon @MichealMartinTD Usted es un terrorista Sánchez porque si eres amigo de terrorista y los apoyas también lo eres; el día que salgas del poder ese día amanece en España 🇪🇸,0,0,0,186,0,2,0,0.0,neutral
2031437994994053557,Tue Mar 10 18:32:14 +0000 2026,Hace casi 2 años viajé a Dublín para coordinar con Irlanda el reconocimiento del...,2031470918200098951,Tue Mar 10 20:43:04 +0000 2026,cuarzopop,"@flanders_esp @sanchezcastejon @MichealMartinTD Quizás si que el idiota eres tú , a la par que cobarde porque ni foto tienes puesta.... 🖕🏻",0,0,0,138,0,3,0,0.0,neutral
2031437994994053557,Tue Mar 10 18:32:14 +0000 2026,Hace casi 2 años viajé a Dublín para coordinar con Irlanda el reconocimiento del...,2031470916681740522,Tue Mar 10 20:43:04 +0000 2026,Ragnarok733,"@sanchezcastejon @MichealMartinTD Deja ya de pasearte y gastarte nuestro dinero en viajecitos, que ya se sabe que eres la nada. Solo eres el líder de un gobierno pl4gado de imputados, cond3nados y con más casos de presunta corrupción que escaños. En un país normal, tu partido estaría il3galizado y tú juzg4do. https://t.co/7PvGhsuhU6",2,2,0,334,0,2,1,0.0,neutral
2031437994994053557,Tue Mar 10 18:32:14 +0000 2026,Hace casi 2 años viajé a Dublín para coordinar con Irlanda el reconocimiento del...,2031470851678245043,Tue Mar 10 20:42:48 +0000 2026,yalyesza,"@sanchezcastejon @MichealMartinTD Sin menospreciar al resto jaja claro. Pero después de viajar, pasar algunas veces años y meses en distintos países, no hay ninguno como España,Canarias fundamentalmente no hay como mi clima,mí gente y su SANIDAD PÚBLICA.
NO A LA GUERRA que ya bastante nos está dando el clima.",0,0,0,310,0,2,0,-0.873,negative
2031437994994053557,Tue Mar 10 18:32:14 +0000 2026,Hace casi 2 años viajé a Dublín para coordinar con Irlanda el reconocimiento del...,2031470786549039119,Tue Mar 10 20:42:33 +0000 2026,cuarzopop,"@flanders_esp @sanchezcastejon @MichealMartinTD Prefiero ""rezarle"" a un hombre real que puede tomar decisiones y protegernos que rezarle a una escultura de yeso en una cruz colgada en la pared 🤷🏻 
Y si lo dices por confiar en la izquierda...primero muerto que votando a nazis pedófilos genocidas. 😐",0,0,0,298,0,3,0,0.0,neutral
2031437994994053557,Tue Mar 10 18:32:14 +0000 2026,Hace casi 2 años viajé a Dublín para coordinar con Irlanda el reconocimiento del...,2031470423821402125,Tue Mar 10 20:41:06 +0000 2026,Deixample,"@sanchezcastejon @MichealMartinTD He will recognize the Palestinian State of an Islamic dictatorship thousands of kilometers from Madrid, but he is incapable of accepting the right to self-determination of the Catalans, who have been democratically demanding it by majority for decades 

Spanish hypocrisy",0,0,0,305,0,2,0,-0.3291,negative
2031437994994053557,Tue Mar 10 18:32:14 +0000 2026,Hace casi 2 años viajé a Dublín para coordinar con Irlanda el reconocimiento del...,2031469883104600523,Tue Mar 10 20:38:57 +0000 2026,zeyneppolatt27,@sanchezcastejon @MichealMartinTD ❤️🇹🇷🇪🇸👏,0,0,0,41,0,2,0,0.0,neutral
2031437994994053557,Tue Mar 10 18:32:14 +0000 2026,Hace casi 2 años viajé a Dublín para coordinar con Irlanda el reconocimiento del...,2031469843258466620,Tue Mar 10 20:38:48 +0000 2026,sorchichi,@sanchezcastejon @MichealMartinTD Esto que es presidente? https://t.co/gGpjpfeCRn,0,0,0,81,0,2,1,0.0,neutral
2031437994994053557,Tue Mar 10 18:32:14 +0000 2026,Hace casi 2 años viajé a Dublín para coordinar con Irlanda el reconocimiento del...,2031469656716808512,Tue Mar 10 20:38:03 +0000 2026,Jossef_42,"@sanchezcastejon @MichealMartinTD Gracias presidente por poner a España en el lugar correcto de la historia, apesar de los teteres de querer ponerla en lugar incorrecto, espero y deseo que te vuelvas a presentarte en las elecciones generales del 2027 Grande pedro🫶🫶🫶🫂",1,0,0,267,0,2,0,0.0,neutral
2031437994994053557,Tue Mar 10 18:32:14 +0000 2026,Hace casi 2 años viajé a Dublín para coordinar con Irlanda el reconocimiento del...,2031469619723010242,Tue Mar 10 20:37:54 +0000 2026,ElenaSM07,"@sanchezcastejon @MichealMartinTD Presidente, espero que no le hayas contado gran cosa, que la semana que viene va a lamerle las botas a Trump.",0,0,0,143,0,2,0,-0.296,negative
2031437994994053557,Tue Mar 10 18:32:14 +0000 2026,Hace casi 2 años viajé a Dublín para coordinar con Irlanda el reconocimiento del...,2031469429003858068,Tue Mar 10 20:37:09 +0000 2026,mgak6,"@Avizoor @sanchezcastejon @MichealMartinTD Si, el único que controla el mundo ahora mismo es un narcisista pedófilo. Por lo menos PS le planta cara no como sus vasallos que le lamen el culo haga lo que haga.",0,0,1,207,0,3,0,-0.296,negative
2031437994994053557,Tue Mar 10 18:32:14 +0000 2026,Hace casi 2 años viajé a Dublín para coordinar con Irlanda el reconocimiento del...,2031469277811708373,Tue Mar 10 20:36:33 +0000 2026,LeonBiller66,"@sanchezcastejon @MichealMartinTD Pedrito, me imagino ya determinaron las fronteras, ¿del Río al Mar?",0,0,0,101,0,2,0,0.0,neutral
2031437994994053557,Tue Mar 10 18:32:14 +0000 2026,Hace casi 2 años viajé a Dublín para coordinar con Irlanda el reconocimiento del...,2031469208240898523,Tue Mar 10 20:36:16 +0000 2026,Antonio98590403,@sanchezcastejon @MichealMartinTD No pintas nada. Cada día menos.,0,0,0,65,0,2,0,-0.296,negative
2031437994994053557,Tue Mar 10 18:32:14 +0000 2026,Hace casi 2 años viajé a Dublín para coordinar con Irlanda el reconocimiento del...,2031469073784008820,Tue Mar 10 20:35:44 +0000 2026,JuanitoBanano3,@sanchezcastejon @MichealMartinTD https://t.co/SiFjr6x9ZO,0,0,0,57,0,2,1,0.0,neutral
2031437994994053557,Tue Mar 10 18:32:14 +0000 2026,Hace casi 2 años viajé a Dublín para coordinar con Irlanda el reconocimiento del...,2031468886760046698,Tue Mar 10 20:35:00 +0000 2026,Pablo8LFC,@sanchezcastejon @MichealMartinTD Ireland and Spain need to be the closest of allies 🇮🇪❤️🇪🇸,0,0,0,91,0,2,0,0.0,neutral
2031437994994053557,Tue Mar 10 18:32:14 +0000 2026,Hace casi 2 años viajé a Dublín para coordinar con Irlanda el reconocimiento del...,2031468742899806326,Tue Mar 10 20:34:25 +0000 2026,MercheRaquel,@sanchezcastejon @MichealMartinTD https://t.co/ITzI3aXLce,2,2,0,57,0,2,1,0.0,neutral
2031437994994053557,Tue Mar 10 18:32:14 +0000 2026,Hace casi 2 años viajé a Dublín para coordinar con Irlanda el reconocimiento del...,2031468340741288199,Tue Mar 10 20:32:49 +0000 2026,OneYekus10977,@sanchezcastejon @MichealMartinTD Callate,0,0,0,41,0,2,0,0.0,neutral
2031437994994053557,Tue Mar 10 18:32:14 +0000 2026,Hace casi 2 años viajé a Dublín para coordinar con Irlanda el reconocimiento del...,2031468152177975483,Tue Mar 10 20:32:04 +0000 2026,feko_n1,@sanchezcastejon @MichealMartinTD Traidor,0,0,0,41,0,2,0,0.0,neutral
2031437994994053557,Tue Mar 10 18:32:14 +0000 2026,Hace casi 2 años viajé a Dublín para coordinar con Irlanda el reconocimiento del...,2031468144099725629,Tue Mar 10 20:32:03 +0000 2026,PotamoPP,"@sanchezcastejon @MichealMartinTD Rezo a diario...y algún día, Dios me oirá. https://t.co/ypobAU59mF",0,0,0,100,0,2,1,0.0,neutral
2031437994994053557,Tue Mar 10 18:32:14 +0000 2026,Hace casi 2 años viajé a Dublín para coordinar con Irlanda el reconocimiento del...,2031468128102736006,Tue Mar 10 20:31:59 +0000 2026,Leonafirme,@sanchezcastejon @MichealMartinTD https://t.co/HKc1MVyN8k,1,0,0,57,0,2,1,0.0,neutral
2031437994994053557,Tue Mar 10 18:32:14 +0000 2026,Hace casi 2 años viajé a Dublín para coordinar con Irlanda el reconocimiento del...,2031468069831221659,Tue Mar 10 20:31:45 +0000 2026,weesquidge,@sanchezcastejon @MichealMartinTD Sorry you had to endure his company,0,0,0,69,0,2,0,-0.0772,negative
2031437994994053557,Tue Mar 10 18:32:14 +0000 2026,Hace casi 2 años viajé a Dublín para coordinar con Irlanda el reconocimiento del...,2031467792935850418,Tue Mar 10 20:30:39 +0000 2026,cayetana2504,@sanchezcastejon @juanisuarez14 @MichealMartinTD 👍,0,0,0,50,0,3,0,0.0,neutral
2031437994994053557,Tue Mar 10 18:32:14 +0000 2026,Hace casi 2 años viajé a Dublín para coordinar con Irlanda el reconocimiento del...,2031467723532702122,Tue Mar 10 20:30:22 +0000 2026,YoyeGold,"@sanchezcastejon @MichealMartinTD Pedro, si no fuese porque nos vas llenado las calles de moros, yo te votaria. Pero me siento traicionado por permitir una invasion musulmana a nuestro tranquilo pais... Ojala pudiera votarte",0,0,0,224,0,2,0,-0.296,negative
2031437994994053557,Tue Mar 10 18:32:14 +0000 2026,Hace casi 2 años viajé a Dublín para coordinar con Irlanda el reconocimiento del...,2031467677298970888,Tue Mar 10 20:30:11 +0000 2026,badivol,@sanchezcastejon @HijaDel_Mar @MichealMartinTD De rodalies heu parlat,0,0,0,69,0,3,0,0.0,neutral
2031437994994053557,Tue Mar 10 18:32:14 +0000 2026,Hace casi 2 años viajé a Dublín para coordinar con Irlanda el reconocimiento del...,2031467105904693710,Tue Mar 10 20:27:55 +0000 2026,bitneilium,"@sanchezcastejon @MichealMartinTD Did ya tell him to grow a pair Pedro? 
Hope ya did... fair play ☘️

🇮🇪♥️🇪🇸♥️🇵🇸",4,0,0,112,0,2,0,0.9432,positive
2031437994994053557,Tue Mar 10 18:32:14 +0000 2026,Hace casi 2 años viajé a Dublín para coordinar con Irlanda el reconocimiento del...,2031466949436187000,Tue Mar 10 20:27:18 +0000 2026,Avizoor,@mgak6 @sanchezcastejon @MichealMartinTD En esa liga al Gobierno de España ni se le llama,0,0,1,89,0,3,0,0.0,neutral
2031437994994053557,Tue Mar 10 18:32:14 +0000 2026,Hace casi 2 años viajé a Dublín para coordinar con Irlanda el reconocimiento del...,2031466431607427192,Tue Mar 10 20:25:14 +0000 2026,paulie_golfer,@sanchezcastejon @MichealMartinTD Bienvenido a Dublin Pedro,0,0,0,59,0,2,0,0.0,neutral
2031437994994053557,Tue Mar 10 18:32:14 +0000 2026,Hace casi 2 años viajé a Dublín para coordinar con Irlanda el reconocimiento del...,2031466113138135140,Tue Mar 10 20:23:58 +0000 2026,BurgosSuso,@sanchezcastejon @MichealMartinTD G I L I P O L L E C E S 😡😡🤮🤮,1,1,0,62,0,2,0,0.9042,positive
2031437994994053557,Tue Mar 10 18:32:14 +0000 2026,Hace casi 2 años viajé a Dublín para coordinar con Irlanda el reconocimiento del...,2031465281239806035,Tue Mar 10 20:20:40 +0000 2026,telavivacation,@sanchezcastejon @MichealMartinTD 2 clowns with 0 influence on global issues,0,0,0,76,0,2,0,0.0,neutral
2031437994994053557,Tue Mar 10 18:32:14 +0000 2026,Hace casi 2 años viajé a Dublín para coordinar con Irlanda el reconocimiento del...,2031464950456057961,Tue Mar 10 20:19:21 +0000 2026,Pilar01039688,"@sanchezcastejon @MichealMartinTD Nadie comparte nada contigo porque estás podrido de la cabeza a los pies, y toda tu familia de ladrones también.",0,0,0,146,0,2,0,0.0,neutral
2031437994994053557,Tue Mar 10 18:32:14 +0000 2026,Hace casi 2 años viajé a Dublín para coordinar con Irlanda el reconocimiento del...,2031464715898032247,Tue Mar 10 20:18:25 +0000 2026,druso15,@sanchezcastejon @MichealMartinTD Gos !!,0,0,0,40,0,2,0,0.0,neutral
2031437994994053557,Tue Mar 10 18:32:14 +0000 2026,Hace casi 2 años viajé a Dublín para coordinar con Irlanda el reconocimiento del...,2031464304717791702,Tue Mar 10 20:16:47 +0000 2026,cajos1,@sanchezcastejon @D255321D @MichealMartinTD You might encourage him to develop a spine. The Irish people would be eternally grateful to you.,24,1,0,140,0,3,0,0.743,positive
2031437994994053557,Tue Mar 10 18:32:14 +0000 2026,Hace casi 2 años viajé a Dublín para coordinar con Irlanda el reconocimiento del...,2031464228574343420,Tue Mar 10 20:16:29 +0000 2026,Said11908913,@sanchezcastejon @MichealMartinTD Adam gibi adam iyiki varsın ispanya senin gibi bir başkana sahip olduğu için gurur duymalılar,0,0,0,127,0,2,0,0.0,neutral
2031437994994053557,Tue Mar 10 18:32:14 +0000 2026,Hace casi 2 años viajé a Dublín para coordinar con Irlanda el reconocimiento del...,2031464002589462552,Tue Mar 10 20:15:35 +0000 2026,Umitboz2288,@sanchezcastejon @MichealMartinTD 🇹🇷🇹🇷🇹🇷🌹🇪🇸🌹🇹🇷🇹🇷🇹🇷 https://t.co/fVf8dCXGho,0,0,0,74,0,2,1,0.0,neutral
2031437994994053557,Tue Mar 10 18:32:14 +0000 2026,Hace casi 2 años viajé a Dublín para coordinar con Irlanda el reconocimiento del...,2031463820015624441,Tue Mar 10 20:14:52 +0000 2026,JairoLopezV_36,@sanchezcastejon @MichealMartinTD https://t.co/CjIFchkg53,0,0,0,57,0,2,1,0.0,neutral
2031437994994053557,Tue Mar 10 18:32:14 +0000 2026,Hace casi 2 años viajé a Dublín para coordinar con Irlanda el reconocimiento del...,2031463285048934846,Tue Mar 10 20:12:44 +0000 2026,LunaLoovego,@sanchezcastejon @MichealMartinTD Hoy le has abordado porque si no ni se te hubiera acercado. Bien puntualizado,0,0,0,111,0,2,0,-0.296,negative
2031437994994053557,Tue Mar 10 18:32:14 +0000 2026,Hace casi 2 años viajé a Dublín para coordinar con Irlanda el reconocimiento del...,2031463029682926006,Tue Mar 10 20:11:43 +0000 2026,VctorPallares4,@sanchezcastejon @MichealMartinTD No nos importa.,0,0,0,49,0,2,0,-0.296,negative
2031437994994053557,Tue Mar 10 18:32:14 +0000 2026,Hace casi 2 años viajé a Dublín para coordinar con Irlanda el reconocimiento del...,2031462524273447368,Tue Mar 10 20:09:43 +0000 2026,SmS3warijPu0T5V,@sanchezcastejon @MichealMartinTD احلي متابعه لي ارجل حاكم اوروبي,0,0,0,65,0,2,0,0.0,neutral
2031437994994053557,Tue Mar 10 18:32:14 +0000 2026,Hace casi 2 años viajé a Dublín para coordinar con Irlanda el reconocimiento del...,2031462082315444674,Tue Mar 10 20:07:57 +0000 2026,Ampar12321,"@sanchezcastejon @MichealMartinTD Les dijiste que te dedicas a secuestrar las viviendas de los españoles para cederselas a okupas y inquiocupas?
Y que quieres secuestrar las viviendas que has provocado que queden vacías con los inkiokupas? https://t.co/xBmB9qeaBF",0,0,0,263,0,2,1,0.0,neutral
2031437994994053557,Tue Mar 10 18:32:14 +0000 2026,Hace casi 2 años viajé a Dublín para coordinar con Irlanda el reconocimiento del...,2031461294230929738,Tue Mar 10 20:04:49 +0000 2026,AlboradaAlba,@sanchezcastejon @MichealMartinTD https://t.co/Aa4L1Afgzl,5,1,0,57,0,2,1,0.0,neutral
2031437994994053557,Tue Mar 10 18:32:14 +0000 2026,Hace casi 2 años viajé a Dublín para coordinar con Irlanda el reconocimiento del...,2031460927749447974,Tue Mar 10 20:03:22 +0000 2026,HijaDel_Mar,@sanchezcastejon @MichealMartinTD https://t.co/GuibAD99e2,0,0,0,57,0,2,1,0.0,neutral
2031437994994053557,Tue Mar 10 18:32:14 +0000 2026,Hace casi 2 años viajé a Dublín para coordinar con Irlanda el reconocimiento del...,2031460815564583305,Tue Mar 10 20:02:55 +0000 2026,EstherCeras,@sanchezcastejon @MichealMartinTD Okupa,0,0,0,39,0,2,0,0.0,neutral
2031437994994053557,Tue Mar 10 18:32:14 +0000 2026,Hace casi 2 años viajé a Dublín para coordinar con Irlanda el reconocimiento del...,2031460784065187944,Tue Mar 10 20:02:48 +0000 2026,omm47910,"@sanchezcastejon @MichealMartinTD Hdp que vas a destruir lo poco que le queda a la sanidad en beneficio de tus amigos de la sanidad privada

Espero que pronto te pudras en El Saltp del Negro",0,0,0,190,0,2,0,0.0,neutral
2031437994994053557,Tue Mar 10 18:32:14 +0000 2026,Hace casi 2 años viajé a Dublín para coordinar con Irlanda el reconocimiento del...,2031460551700721706,Tue Mar 10 20:01:52 +0000 2026,HamdiBayow,@sanchezcastejon @MichealMartinTD men of principles,0,0,0,51,0,2,0,0.0,neutral
2031437994994053557,Tue Mar 10 18:32:14 +0000 2026,Hace casi 2 años viajé a Dublín para coordinar con Irlanda el reconocimiento del...,2031459839327482161,Tue Mar 10 19:59:03 +0000 2026,conoroneill59,"@sanchezcastejon @MichealMartinTD Pedro  don't trust him he's treacherous, go ask for the president she will help you! 100%",3,0,0,123,0,2,0,-0.0757,negative
2031437994994053557,Tue Mar 10 18:32:14 +0000 2026,Hace casi 2 años viajé a Dublín para coordinar con Irlanda el reconocimiento del...,2031459678446649417,Tue Mar 10 19:58:24 +0000 2026,Rockhopper51,@sanchezcastejon @MichealMartinTD Please persuade him not to go and hand the paedophile  war criminal a bunch of shamrock.,10,0,1,122,0,2,0,-0.4215,negative
2031437994994053557,Tue Mar 10 18:32:14 +0000 2026,Hace casi 2 años viajé a Dublín para coordinar con Irlanda el reconocimiento del...,2031458961233154547,Tue Mar 10 19:55:33 +0000 2026,DarkAiffe,"@sanchezcastejon @MichealMartinTD Céntrate en casa, que tienes demasiada mierda que explicar.",5,2,0,93,0,2,0,0.0,neutral
2031437994994053557,Tue Mar 10 18:32:14 +0000 2026,Hace casi 2 años viajé a Dublín para coordinar con Irlanda el reconocimiento del...,2031458666574930036,Tue Mar 10 19:54:23 +0000 2026,asturnauta,@sanchezcastejon @MichealMartinTD ¿Y ese “reconocimiento” para qué sirvió? https://t.co/P5RoQi05uA,7,0,0,98,0,2,1,0.0,neutral
2031377540833505550,Tue Mar 10 14:32:01 +0000 2026,Reafirmamos nuestro apoyo incondicional a la @UNRWA como pilar esencial para mil...,2031688001235906844,Wed Mar 11 11:05:41 +0000 2026,JoseElgolosina,"@Elmedio_hombre @sanchezcastejon @UNRWA @UNLazzarini Esto si fue una realidad , lo que cuentas es 🤣🤣🤣🤣🤣 https://t.co/MliSnax6mY",0,0,0,127,0,4,1,0.9432,positive
2031377540833505550,Tue Mar 10 14:32:01 +0000 2026,Reafirmamos nuestro apoyo incondicional a la @UNRWA como pilar esencial para mil...,2031687611014611115,Wed Mar 11 11:04:08 +0000 2026,Nina46079517,@sanchezcastejon @UNRWA @UNLazzarini https://t.co/JQJlhyy8HN,0,0,0,60,0,3,1,0.0,neutral
2031377540833505550,Tue Mar 10 14:32:01 +0000 2026,Reafirmamos nuestro apoyo incondicional a la @UNRWA como pilar esencial para mil...,2031686518989836545,Wed Mar 11 10:59:47 +0000 2026,Elmedio_hombre,"@sanchezcastejon @UNRWA @UNLazzarini No le estás dando la mano a Bildu,.les estás dando la mano a HB con rehenes y bombas explorando!!!!!",0,0,1,137,0,3,0,-0.5216,negative
2031377540833505550,Tue Mar 10 14:32:01 +0000 2026,Reafirmamos nuestro apoyo incondicional a la @UNRWA como pilar esencial para mil...,2031685832210350395,Wed Mar 11 10:57:03 +0000 2026,Rgonzal10443217,@sanchezcastejon @UNRWA @UNLazzarini La unrwa? una ONG vinculada a Hamas?  De vergüenza!,0,0,0,88,0,3,0,0.0,neutral
2031377540833505550,Tue Mar 10 14:32:01 +0000 2026,Reafirmamos nuestro apoyo incondicional a la @UNRWA como pilar esencial para mil...,2031682045953347682,Wed Mar 11 10:42:01 +0000 2026,grok,@PureDemocracyNZ @MariangelesTalM @sanchezcastejon @UNRWA @UNLazzarini Ask Grok está disponible actualmente solo para suscriptores Premium y Premium+. Suscríbete para desbloquear esta función: https://t.co/bosMKnBEQt,0,0,0,216,0,5,1,0.0,neutral
2031377540833505550,Tue Mar 10 14:32:01 +0000 2026,Reafirmamos nuestro apoyo incondicional a la @UNRWA como pilar esencial para mil...,2031681817942622560,Wed Mar 11 10:41:06 +0000 2026,grok,@PureDemocracyNZ @glapir189 @sanchezcastejon @UNRWA @UNLazzarini Ask Grok está disponible actualmente solo para suscriptores Premium y Premium+. Suscríbete para desbloquear esta función: https://t.co/qIntAxrJ1I,0,0,0,210,0,5,1,0.0,neutral
2031377540833505550,Tue Mar 10 14:32:01 +0000 2026,Reafirmamos nuestro apoyo incondicional a la @UNRWA como pilar esencial para mil...,2031681583178998082,Wed Mar 11 10:40:10 +0000 2026,grok,@PureDemocracyNZ @BuffordVanPeta @sanchezcastejon @UNRWA @UNLazzarini Ask Grok está disponible actualmente solo para suscriptores Premium y Premium+. Suscríbete para desbloquear esta función: https://t.co/u5wJBibmX6,0,0,0,215,0,5,1,0.0,neutral
2031377540833505550,Tue Mar 10 14:32:01 +0000 2026,Reafirmamos nuestro apoyo incondicional a la @UNRWA como pilar esencial para mil...,2031681373719732690,Wed Mar 11 10:39:20 +0000 2026,grok,@PureDemocracyNZ @GoatKidnapping @sanchezcastejon @UNRWA @UNLazzarini @ehbildu Ask Grok is currently available to Premium and Premium+ subscribers only. Subscribe to unlock this feature: https://t.co/R1noMcvmez,0,0,0,210,0,6,1,0.0,neutral
2031377540833505550,Tue Mar 10 14:32:01 +0000 2026,Reafirmamos nuestro apoyo incondicional a la @UNRWA como pilar esencial para mil...,2031679900705304635,Wed Mar 11 10:33:29 +0000 2026,GrisonNadine,"@Arif_89DRMZ @sanchezcastejon @UNRWA @UNLazzarini Honte au gouvernement français, ils salissent l'âme de la France, Maudits soient ces complices d'imperialismes sanguinaires.",0,0,0,174,0,4,0,0.0,neutral
2031377540833505550,Tue Mar 10 14:32:01 +0000 2026,Reafirmamos nuestro apoyo incondicional a la @UNRWA como pilar esencial para mil...,2031672740537672124,Wed Mar 11 10:05:02 +0000 2026,rqmarichal1,"@sanchezcastejon @UNRWA @UNLazzarini Siempre dando cobertura a lo peor de cada casa, pero claro, siempre con el dinero de los demás, desde Hamás te dan las gracias, de nuevo.",0,0,0,174,0,3,0,0.0,neutral
2031377540833505550,Tue Mar 10 14:32:01 +0000 2026,Reafirmamos nuestro apoyo incondicional a la @UNRWA como pilar esencial para mil...,2031668050848616656,Wed Mar 11 09:46:24 +0000 2026,mira110798,@sanchezcastejon @UNRWA @UNLazzarini Siempre con los terroristas,0,0,0,64,0,3,0,0.0,neutral
2031377540833505550,Tue Mar 10 14:32:01 +0000 2026,Reafirmamos nuestro apoyo incondicional a la @UNRWA como pilar esencial para mil...,2031665994414825980,Wed Mar 11 09:38:14 +0000 2026,KafoulJ,"@sanchezcastejon @UNRWA @UNLazzarini Dile a los de la UNRWA que a ver si están más espabilados, construir miles de kilómetros de túneles, almacenar armas, explosivos y misiles no es algo que pase desapercibido, y en un lugar donde solo hay “pobres refugiados” no es lógico, vaya negocio que tenéis montado 🤬",0,0,0,307,0,3,0,-0.5267,negative
2031377540833505550,Tue Mar 10 14:32:01 +0000 2026,Reafirmamos nuestro apoyo incondicional a la @UNRWA como pilar esencial para mil...,2031661660864155656,Wed Mar 11 09:21:01 +0000 2026,Ccalvorotas,"@sanchezcastejon @UNRWA @UNLazzarini Esa es la cual había terroristas palestinos verdad? 
Si es que al final es cierto lo que dicen de ti.
Sigue corriendo por ahí y haciendo el ridículo impresentable",0,0,0,199,0,3,0,0.0,neutral
2031377540833505550,Tue Mar 10 14:32:01 +0000 2026,Reafirmamos nuestro apoyo incondicional a la @UNRWA como pilar esencial para mil...,2031657562462888416,Wed Mar 11 09:04:43 +0000 2026,kirytekantaba,@sanchezcastejon @UNRWA @UNLazzarini Tu siempre con los asesinos. Eres un killer.,0,0,0,81,0,3,0,-0.6486,negative
2031377540833505550,Tue Mar 10 14:32:01 +0000 2026,Reafirmamos nuestro apoyo incondicional a la @UNRWA como pilar esencial para mil...,2031655977972351088,Wed Mar 11 08:58:26 +0000 2026,PilarB42803,"@sanchezcastejon @UNRWA @UNLazzarini Todavía con Palestina, con la de problemas que tenemos los españoles por tu culpa",0,0,0,118,0,3,0,0.0,neutral
2031377540833505550,Tue Mar 10 14:32:01 +0000 2026,Reafirmamos nuestro apoyo incondicional a la @UNRWA como pilar esencial para mil...,2031653857692877199,Wed Mar 11 08:50:00 +0000 2026,SrFurioso,@sanchezcastejon @UNRWA @UNLazzarini Cuanto de nuestro dinero piensas tirar a la basura esta vez??,0,0,0,98,0,3,0,0.0,neutral
2031377540833505550,Tue Mar 10 14:32:01 +0000 2026,Reafirmamos nuestro apoyo incondicional a la @UNRWA como pilar esencial para mil...,2031653398819324074,Wed Mar 11 08:48:11 +0000 2026,_Gustavo_Jose_,"@sanchezcastejon @UNRWA @UNLazzarini Sois unos psicópatas nazis. Apoyáis el terrorismo y el antisemitismo de todas las formas posibles. 
La historia os juzgará.",0,0,0,160,0,3,0,0.0,neutral
2031377540833505550,Tue Mar 10 14:32:01 +0000 2026,Reafirmamos nuestro apoyo incondicional a la @UNRWA como pilar esencial para mil...,2031652947541545173,Wed Mar 11 08:46:23 +0000 2026,AbelardoGatoPar,@sanchezcastejon @UNRWA @UNLazzarini Tanto apoyar a Hamás va a hacer que eta/bildu tenga un ataque de cuernos.,0,0,0,110,0,3,0,0.0,neutral
2031377540833505550,Tue Mar 10 14:32:01 +0000 2026,Reafirmamos nuestro apoyo incondicional a la @UNRWA como pilar esencial para mil...,2031652229514449096,Wed Mar 11 08:43:32 +0000 2026,jraofahz,@sanchezcastejon @UNRWA @UNLazzarini Vete a tporc,0,0,0,49,0,3,0,0.0,neutral
2031377540833505550,Tue Mar 10 14:32:01 +0000 2026,Reafirmamos nuestro apoyo incondicional a la @UNRWA como pilar esencial para mil...,2031650296112304378,Wed Mar 11 08:35:51 +0000 2026,MusCrypto11,"@sanchezcastejon @UNRWA @UNLazzarini Son terroristas, y vosotros ladrones socialistas",0,0,0,85,0,3,0,0.0,neutral
2031377540833505550,Tue Mar 10 14:32:01 +0000 2026,Reafirmamos nuestro apoyo incondicional a la @UNRWA como pilar esencial para mil...,2031650033355886649,Wed Mar 11 08:34:48 +0000 2026,FailingSun_,"@sanchezcastejon @UNRWA @UNLazzarini Ormai tutti hanno capito che l'  Unrwa è un covo di gente poco per bene. 

Tranne lei, evidentemente.",0,0,0,138,0,3,0,0.0,neutral
2031377540833505550,Tue Mar 10 14:32:01 +0000 2026,Reafirmamos nuestro apoyo incondicional a la @UNRWA como pilar esencial para mil...,2031649953400107116,Wed Mar 11 08:34:29 +0000 2026,elixyr6969,@sanchezcastejon @UNRWA @UNLazzarini No teneis verguenza. https://t.co/6wwJ50es9G,0,0,0,81,0,3,1,-0.296,negative
2031377540833505550,Tue Mar 10 14:32:01 +0000 2026,Reafirmamos nuestro apoyo incondicional a la @UNRWA como pilar esencial para mil...,2031649751884546160,Wed Mar 11 08:33:41 +0000 2026,ConnyRACING,@sanchezcastejon @UNRWA @UNLazzarini Más dinero para HAMAS!,0,0,0,59,0,3,0,0.0,neutral
2031377540833505550,Tue Mar 10 14:32:01 +0000 2026,Reafirmamos nuestro apoyo incondicional a la @UNRWA como pilar esencial para mil...,2031648481996095670,Wed Mar 11 08:28:38 +0000 2026,Guinardo7,"@sanchezcastejon @UNRWA @UNLazzarini Apoyar esta organización es dar soporte a Hamás. ¿Dejas sin cobertura a nuestros hijos a los 
23 años y vamos a regalar sanidad a TODOS LOS ILEGALES mientras Portugal rebaja los impuestos de la gasolina?? Y luego te extraña que no puedas salir a la calle. Eres un ser amoral.",0,0,0,312,0,3,0,-0.8299,negative
2031377540833505550,Tue Mar 10 14:32:01 +0000 2026,Reafirmamos nuestro apoyo incondicional a la @UNRWA como pilar esencial para mil...,2031648279352476140,Wed Mar 11 08:27:50 +0000 2026,I_G_G_A,@sanchezcastejon @UNRWA @UNLazzarini La @UNRWA  amiga de Hamás?,0,0,0,63,0,4,0,0.0,neutral
2031377540833505550,Tue Mar 10 14:32:01 +0000 2026,Reafirmamos nuestro apoyo incondicional a la @UNRWA como pilar esencial para mil...,2031648226311381345,Wed Mar 11 08:27:38 +0000 2026,RGR25345,@sanchezcastejon @UNRWA @UNLazzarini El PSOE es la Mafia Española,0,0,0,65,0,3,0,0.0,neutral
2031377540833505550,Tue Mar 10 14:32:01 +0000 2026,Reafirmamos nuestro apoyo incondicional a la @UNRWA como pilar esencial para mil...,2031647037221966002,Wed Mar 11 08:22:54 +0000 2026,Yes2LoveNo2Hate,@sanchezcastejon @UNRWA @UNLazzarini Apoyar unwra es apoyar hamas,0,0,0,65,0,3,0,0.0,neutral
2031377540833505550,Tue Mar 10 14:32:01 +0000 2026,Reafirmamos nuestro apoyo incondicional a la @UNRWA como pilar esencial para mil...,2031646661441720735,Wed Mar 11 08:21:24 +0000 2026,qf4qkd56y9,@sanchezcastejon @UNRWA @UNLazzarini https://t.co/w6f9e9ZOOY,0,0,0,60,0,3,1,0.0,neutral
2031377540833505550,Tue Mar 10 14:32:01 +0000 2026,Reafirmamos nuestro apoyo incondicional a la @UNRWA como pilar esencial para mil...,2031639725644079546,Wed Mar 11 07:53:51 +0000 2026,Hurricanes2000,"@sanchezcastejon @UNRWA @UNLazzarini Spain has been a NATO “free rider” contributing just 1.2% of its GDP for defense. It’s awarded multi-million dollar contracts to Huawei, a Chinese controlled criminal enterprise. Despite claiming neutrality, Spain authorized “dual use” components for sale to Iran.",0,0,0,301,0,3,0,-0.0516,negative
2031377540833505550,Tue Mar 10 14:32:01 +0000 2026,Reafirmamos nuestro apoyo incondicional a la @UNRWA como pilar esencial para mil...,2031635015180632132,Wed Mar 11 07:35:08 +0000 2026,irenechacon1986,"@sanchezcastejon @UNRWA @UNLazzarini Del lado terrorista de la historia, que asco",0,0,0,81,0,3,0,0.0,neutral
2031377540833505550,Tue Mar 10 14:32:01 +0000 2026,Reafirmamos nuestro apoyo incondicional a la @UNRWA como pilar esencial para mil...,2031632574158692690,Wed Mar 11 07:25:26 +0000 2026,pamcastr1970,@sanchezcastejon @UNRWA @UNLazzarini https://t.co/SkxVjznp5v,0,0,0,60,0,3,1,0.0,neutral
2031377540833505550,Tue Mar 10 14:32:01 +0000 2026,Reafirmamos nuestro apoyo incondicional a la @UNRWA como pilar esencial para mil...,2031631879925829703,Wed Mar 11 07:22:40 +0000 2026,Lurpia2,"@sanchezcastejon @UNRWA @UNLazzarini No podemos permitir pero permitimos todo! Puñetero mentiroso! Hablas de Palestina y vendes armas a Israel, dices no a la guerra y mandas barcos a Chipre, hablas de vivienda y votas en Europa con la dcha para volver a crear una burbuja inmobiliaria, le das dinero a los rentistas",0,0,0,315,0,3,0,-0.6103,negative
2031377540833505550,Tue Mar 10 14:32:01 +0000 2026,Reafirmamos nuestro apoyo incondicional a la @UNRWA como pilar esencial para mil...,2031629065539538958,Wed Mar 11 07:11:29 +0000 2026,nomechillesque3,"@sanchezcastejon @UNRWA @UNLazzarini Mira a quien finanzas, “El No a la Guerra! Deja de hacer el ridículo",0,0,0,105,0,3,0,-0.3595,negative
2031377540833505550,Tue Mar 10 14:32:01 +0000 2026,Reafirmamos nuestro apoyo incondicional a la @UNRWA como pilar esencial para mil...,2031628036034924589,Wed Mar 11 07:07:24 +0000 2026,Kabeljau6,@sanchezcastejon @UNRWA @UNLazzarini Forestalia. Organización criminal PSOE,0,0,0,75,0,3,0,-0.5267,negative
2031377540833505550,Tue Mar 10 14:32:01 +0000 2026,Reafirmamos nuestro apoyo incondicional a la @UNRWA como pilar esencial para mil...,2031628006179934432,Wed Mar 11 07:07:17 +0000 2026,FranciscoF15144,"@sanchezcastejon @UNRWA @UNLazzarini ¿ Dónde está la Policía Internacional que haga cumplir los derechos humanos , la Carta de Naciones Unidas , y el derecho internacional ? ¿ Dónde está la policía Internacional que haga parar los pies a Rusia ?",0,0,0,245,0,3,0,0.0,neutral
2031377540833505550,Tue Mar 10 14:32:01 +0000 2026,Reafirmamos nuestro apoyo incondicional a la @UNRWA como pilar esencial para mil...,2031626693014634756,Wed Mar 11 07:02:04 +0000 2026,karsoz4050,@sanchezcastejon @UNRWA @UNLazzarini Esencial para que las ratas de hamas sigan recibiendo su paguita! Hay sanchez que mal estas… y tu país? Que se caiga!,0,0,0,154,0,3,0,0.0,neutral
2031377540833505550,Tue Mar 10 14:32:01 +0000 2026,Reafirmamos nuestro apoyo incondicional a la @UNRWA como pilar esencial para mil...,2031626661502828977,Wed Mar 11 07:01:56 +0000 2026,ScalellaPiero,"@sanchezcastejon @UNRWA @UNLazzarini Namaste Sanchez.
 Someone must stop them.",0,0,0,78,0,3,0,-0.296,negative
2031377540833505550,Tue Mar 10 14:32:01 +0000 2026,Reafirmamos nuestro apoyo incondicional a la @UNRWA como pilar esencial para mil...,2031626555080720591,Wed Mar 11 07:01:31 +0000 2026,isaacB20000,"@sanchezcastejon @UNRWA @UNLazzarini PALESTINIANS told me to tell you to stop speaking on their behalf . 
Every time you do they get in to deeper trouble . 

They said this goes for UNRWA as well‼️",0,0,0,197,0,3,0,-0.4215,negative
2031377540833505550,Tue Mar 10 14:32:01 +0000 2026,Reafirmamos nuestro apoyo incondicional a la @UNRWA como pilar esencial para mil...,2031626116755083421,Wed Mar 11 06:59:46 +0000 2026,lNDAL0,"@sanchezcastejon @UNRWA @UNLazzarini El hijodeputa este poniendo a España al lado de terroristas, asesinos y dictadores",0,0,0,119,0,3,0,0.0,neutral
2031377540833505550,Tue Mar 10 14:32:01 +0000 2026,Reafirmamos nuestro apoyo incondicional a la @UNRWA como pilar esencial para mil...,2031625255827997178,Wed Mar 11 06:56:21 +0000 2026,ayse_candeniz,@sanchezcastejon @UNRWA @UNLazzarini 🙏❤️,0,0,0,40,0,3,0,0.0,neutral
2031377540833505550,Tue Mar 10 14:32:01 +0000 2026,Reafirmamos nuestro apoyo incondicional a la @UNRWA como pilar esencial para mil...,2031624994644464096,Wed Mar 11 06:55:19 +0000 2026,mlntlnt,@sanchezcastejon @UNRWA @UNLazzarini La @UNRWA ? Otro chiringuito más,0,0,0,69,0,4,0,0.0,neutral
2031377540833505550,Tue Mar 10 14:32:01 +0000 2026,Reafirmamos nuestro apoyo incondicional a la @UNRWA como pilar esencial para mil...,2031621934916547013,Wed Mar 11 06:43:09 +0000 2026,DongilTara,@sanchezcastejon @UNRWA @UNLazzarini Cada vez das más asco y lárgate de una puta vez a la mierda,0,0,0,96,0,3,0,0.0,neutral
2031377540833505550,Tue Mar 10 14:32:01 +0000 2026,Reafirmamos nuestro apoyo incondicional a la @UNRWA como pilar esencial para mil...,2031620294293475804,Wed Mar 11 06:36:38 +0000 2026,briofita08,@sanchezcastejon @UNRWA @UNLazzarini Gaza  es igual a TERRORISTAS,0,0,0,65,0,3,0,0.0,neutral
2031377540833505550,Tue Mar 10 14:32:01 +0000 2026,Reafirmamos nuestro apoyo incondicional a la @UNRWA como pilar esencial para mil...,2031614868936110103,Wed Mar 11 06:15:04 +0000 2026,faltrique,"@sanchezcastejon @UNRWA @UNLazzarini Quienes. Porque no te pasas por el Parlamento ni para saludar, así que esa primera persona del plural debe referirse a ti, tu mujer, tu hermano y la caravana de corruptos y puteros que te acompañan desde tus orígenes en las saunas/puticlub.",0,0,0,277,0,3,0,-0.296,negative
2031377540833505550,Tue Mar 10 14:32:01 +0000 2026,Reafirmamos nuestro apoyo incondicional a la @UNRWA como pilar esencial para mil...,2031612119125217523,Wed Mar 11 06:04:09 +0000 2026,Ra_Ma_83,"@sanchezcastejon @UNRWA @UNLazzarini Mientras destruyes nuestro país te dedicas a dar lecciones a otros, jeta de cemento armado!",0,0,0,128,0,3,0,0.0,neutral
2031377540833505550,Tue Mar 10 14:32:01 +0000 2026,Reafirmamos nuestro apoyo incondicional a la @UNRWA como pilar esencial para mil...,2031611485114265922,Wed Mar 11 06:01:38 +0000 2026,SuperCoiudadana,@sanchezcastejon @UNRWA @UNLazzarini 🤮,0,0,0,38,0,3,0,0.0,neutral
2031377540833505550,Tue Mar 10 14:32:01 +0000 2026,Reafirmamos nuestro apoyo incondicional a la @UNRWA como pilar esencial para mil...,2031610325590479315,Wed Mar 11 05:57:01 +0000 2026,Atzel79,@sanchezcastejon @UNRWA @UNLazzarini Bien la especulacion del combustible? Piensas frenar este desproposito? No verdad?! Mejor hecharse flores sobre lo bien que lo haces tu y tu corrupto gobierno verdad?!,0,0,0,204,0,3,0,-0.5781,negative
2031377540833505550,Tue Mar 10 14:32:01 +0000 2026,Reafirmamos nuestro apoyo incondicional a la @UNRWA como pilar esencial para mil...,2031609524793078014,Wed Mar 11 05:53:50 +0000 2026,Beni019670,@sanchezcastejon @UNRWA @UNLazzarini https://t.co/pvz24I4k42,1,0,0,60,0,3,1,0.0,neutral
2031377540833505550,Tue Mar 10 14:32:01 +0000 2026,Reafirmamos nuestro apoyo incondicional a la @UNRWA como pilar esencial para mil...,2031609313211379733,Wed Mar 11 05:53:00 +0000 2026,Aarzuhal52,"@sanchezcastejon @UNRWA @UNLazzarini Your support is invaluable.
I would like to see you in Türkiye for the sake of world peace...
@sanchezcastejon ✌️🥹",0,0,0,151,0,4,0,0.8271,positive
2031377540833505550,Tue Mar 10 14:32:01 +0000 2026,Reafirmamos nuestro apoyo incondicional a la @UNRWA como pilar esencial para mil...,2031606485772284389,Wed Mar 11 05:41:46 +0000 2026,mele_kler,"@sanchezcastejon @UNRWA @UNLazzarini Como siempre,mirando por otros países antes que por el tuyo.",0,0,0,97,0,3,0,0.0,neutral
2031377540833505550,Tue Mar 10 14:32:01 +0000 2026,Reafirmamos nuestro apoyo incondicional a la @UNRWA como pilar esencial para mil...,2031604272710787311,Wed Mar 11 05:32:58 +0000 2026,JoseRamon165,@sanchezcastejon @UNRWA @UNLazzarini Tienes aquí a ESPAÑOLES en situaciones CRITICAS y vas a mirar a Palestina..no te jodas PANFLETERO,0,0,0,134,0,3,0,0.0,neutral
2031377540833505550,Tue Mar 10 14:32:01 +0000 2026,Reafirmamos nuestro apoyo incondicional a la @UNRWA como pilar esencial para mil...,2031599300854038746,Wed Mar 11 05:13:13 +0000 2026,shutruk,@sanchezcastejon @UNRWA @UNLazzarini https://t.co/qY5eDKEiZM,0,0,0,60,0,3,1,0.0,neutral
2031377540833505550,Tue Mar 10 14:32:01 +0000 2026,Reafirmamos nuestro apoyo incondicional a la @UNRWA como pilar esencial para mil...,2031598414056612134,Wed Mar 11 05:09:41 +0000 2026,trujillo77408,@sanchezcastejon @UNRWA @UNLazzarini 🤢🤢🤮🤮🤮🤮🤮 https://t.co/V0AwfnL2Yb,0,0,0,68,0,3,1,0.0,neutral
2031377540833505550,Tue Mar 10 14:32:01 +0000 2026,Reafirmamos nuestro apoyo incondicional a la @UNRWA como pilar esencial para mil...,2031595357482750167,Wed Mar 11 04:57:33 +0000 2026,JulioACQ,"@sanchezcastejon @UNRWA @UNLazzarini Apestas a caca y baba. UNRWA organismo asociado a terroristas islamicos, ambos dos sacos de mierda, si odias occidente, anda nacionalizate afgano, mojón reseco al sol.",0,0,0,204,0,3,0,0.0,neutral
2031377540833505550,Tue Mar 10 14:32:01 +0000 2026,Reafirmamos nuestro apoyo incondicional a la @UNRWA como pilar esencial para mil...,2031595334732816657,Wed Mar 11 04:57:27 +0000 2026,inaki_degoiri,@sanchezcastejon @UNRWA @UNLazzarini Abuelos con pensiones que nos les da para comprar unas gafas o arreglarse la boca y tu gastando la pasta en Gazs,0,0,0,149,0,3,0,0.0,neutral
2031377540833505550,Tue Mar 10 14:32:01 +0000 2026,Reafirmamos nuestro apoyo incondicional a la @UNRWA como pilar esencial para mil...,2031591506113433880,Wed Mar 11 04:42:14 +0000 2026,alimrg9,"@sanchezcastejon @UNRWA @UNLazzarini Te sigues vistiéndote de gloria!!!!
Hasta cuando tendremos que soportar ver cómo arruinas nuestro país!! Eres Nefasto!!!!
 Sánchez vete ya!!",0,0,0,177,0,3,0,0.0,neutral
2031377540833505550,Tue Mar 10 14:32:01 +0000 2026,Reafirmamos nuestro apoyo incondicional a la @UNRWA como pilar esencial para mil...,2031590606477148265,Wed Mar 11 04:38:40 +0000 2026,isakaratepe06,@sanchezcastejon @UNRWA @UNLazzarini https://t.co/VPmdLVOUMT,0,0,0,60,0,3,1,0.0,neutral
2031377540833505550,Tue Mar 10 14:32:01 +0000 2026,Reafirmamos nuestro apoyo incondicional a la @UNRWA como pilar esencial para mil...,2031586900998320427,Wed Mar 11 04:23:56 +0000 2026,EmiliaSauceda4,@sanchezcastejon @UNRWA @UNLazzarini https://t.co/WaM3ByxR3C,0,0,0,60,0,3,1,0.0,neutral
2031377540833505550,Tue Mar 10 14:32:01 +0000 2026,Reafirmamos nuestro apoyo incondicional a la @UNRWA como pilar esencial para mil...,2031572508227318083,Wed Mar 11 03:26:45 +0000 2026,caxatosoft,"@sanchezcastejon @desdelamoncloa @UNRWA @UNLazzarini Te juntas con lo peor macho.
Estas más solo, que Ábalos. !! 
Vas quedar 4 fuerza en España. Al tiempo.!!",0,0,0,157,0,4,0,0.0,neutral
2031377540833505550,Tue Mar 10 14:32:01 +0000 2026,Reafirmamos nuestro apoyo incondicional a la @UNRWA como pilar esencial para mil...,2031564610608762945,Wed Mar 11 02:55:22 +0000 2026,pachy0210,@sanchezcastejon @UNRWA @UNLazzarini Que Asco!!!,0,0,0,48,0,3,0,0.0,neutral
2031377540833505550,Tue Mar 10 14:32:01 +0000 2026,Reafirmamos nuestro apoyo incondicional a la @UNRWA como pilar esencial para mil...,2031556589057094007,Wed Mar 11 02:23:29 +0000 2026,ArmyofBern,@sanchezcastejon @UNRWA @UNLazzarini Sit down Sanchez https://t.co/2HBQX3Fna6,0,0,0,77,0,3,1,0.0,neutral
2031377540833505550,Tue Mar 10 14:32:01 +0000 2026,Reafirmamos nuestro apoyo incondicional a la @UNRWA como pilar esencial para mil...,2031554860819059172,Wed Mar 11 02:16:37 +0000 2026,Alessandro_113,@sanchezcastejon @UNRWA @UNLazzarini 🤮🤮🤮🤮🤮🤮🤮🤮🤮🤮,0,0,0,47,0,3,0,0.0,neutral
2031377540833505550,Tue Mar 10 14:32:01 +0000 2026,Reafirmamos nuestro apoyo incondicional a la @UNRWA como pilar esencial para mil...,2031553003140891107,Wed Mar 11 02:09:15 +0000 2026,CarolOlivier88,@sanchezcastejon @UNRWA @UNLazzarini 👏🙏💪,0,0,0,40,0,3,0,0.0,neutral
2031377540833505550,Tue Mar 10 14:32:01 +0000 2026,Reafirmamos nuestro apoyo incondicional a la @UNRWA como pilar esencial para mil...,2031545561703195103,Wed Mar 11 01:39:40 +0000 2026,quizas13,"@sanchezcastejon @UNRWA @UNLazzarini La UNRWA no tenia terroristas en sus filas, lo reconoció la ONU ?!",0,0,0,103,0,3,0,-0.3595,negative
2031377540833505550,Tue Mar 10 14:32:01 +0000 2026,Reafirmamos nuestro apoyo incondicional a la @UNRWA como pilar esencial para mil...,2031542769840239102,Wed Mar 11 01:28:35 +0000 2026,Elvisaranda65,@sanchezcastejon @UNRWA @UNLazzarini https://t.co/rga2N8TY6s,0,0,0,60,0,3,1,0.0,neutral
2031377540833505550,Tue Mar 10 14:32:01 +0000 2026,Reafirmamos nuestro apoyo incondicional a la @UNRWA como pilar esencial para mil...,2031541927972143529,Wed Mar 11 01:25:14 +0000 2026,grok,"@FreakingTenon @sanchezcastejon @UNRWA @UNLazzarini @hdrnssr Ratings on anti-imperialism (1-10, strongest pushback vs external powers/EU/NATO influence): 

Orban: 8 
Strong sovereignty, blocks EU aid packages, independent Russia/China ties. 

Fico: 7 
Neutral Ukraine policy, prioritizes Slovak interests over Western escalation. 

Sanchez:",0,0,0,340,0,5,0,0.743,positive
2031377540833505550,Tue Mar 10 14:32:01 +0000 2026,Reafirmamos nuestro apoyo incondicional a la @UNRWA como pilar esencial para mil...,2031541883860824311,Wed Mar 11 01:25:03 +0000 2026,FreakingTenon,"@grok @sanchezcastejon @UNRWA @UNLazzarini @hdrnssr @grok no rate it @hdrnssr style and with her core values, and explain them",0,0,0,126,0,7,0,0.128,positive
2031377540833505550,Tue Mar 10 14:32:01 +0000 2026,Reafirmamos nuestro apoyo incondicional a la @UNRWA como pilar esencial para mil...,2031541793632956605,Wed Mar 11 01:24:42 +0000 2026,FreakingTenon,@grok @sanchezcastejon @UNRWA @UNLazzarini @hdrnssr @hdrnssr please go rate it yourself in case it is wrong again if you think so,0,0,1,129,0,6,0,-0.2023,negative
2031377540833505550,Tue Mar 10 14:32:01 +0000 2026,Reafirmamos nuestro apoyo incondicional a la @UNRWA como pilar esencial para mil...,2031541482671276229,Wed Mar 11 01:23:28 +0000 2026,grok,"@FreakingTenon @sanchezcastejon @UNRWA @UNLazzarini @hdrnssr Ratings on anti-imperialism (1-10, strongest pushback vs. external powers/EU/NATO influence):

Orbán: 8 
Strong sovereignty focus, blocks EU Ukraine aid, engages Russia/China independently.

Fico: 7 
Neutral on Ukraine war, calls out Western escalation, prioritizes Slovak",0,0,2,333,0,5,0,0.34,positive
2031377540833505550,Tue Mar 10 14:32:01 +0000 2026,Reafirmamos nuestro apoyo incondicional a la @UNRWA como pilar esencial para mil...,2031541316111450159,Wed Mar 11 01:22:48 +0000 2026,FreakingTenon,@grok @sanchezcastejon @UNRWA @UNLazzarini @hdrnssr @grok no do it @hdrnssr style,0,0,1,81,0,7,0,-0.296,negative
2031377540833505550,Tue Mar 10 14:32:01 +0000 2026,Reafirmamos nuestro apoyo incondicional a la @UNRWA como pilar esencial para mil...,2031541236843282605,Wed Mar 11 01:22:29 +0000 2026,FreakingTenon,"@Arif_89DRMZ @sanchezcastejon @UNRWA @UNLazzarini Accurate if instead it was US, Argentina, Slovakia, Hungary, instead of the globalist European nations.",1,0,0,153,0,4,0,0.0,neutral
2031377540833505550,Tue Mar 10 14:32:01 +0000 2026,Reafirmamos nuestro apoyo incondicional a la @UNRWA como pilar esencial para mil...,2031540898970911123,Wed Mar 11 01:21:09 +0000 2026,grok,"@FreakingTenon @sanchezcastejon @UNRWA @UNLazzarini @hdrnssr Ratings on anti-imperialism (1-10: strongest resistance to foreign/great-power domination &amp; interventions): 

Orban: 8 (fierce EU ""colonialism"" critic, sovereignty first). 
Fico: 7 (sovereign policy, calls out Western double standards on Gaza/Ukraine/US actions). 
Sanchez: 5",0,0,1,340,0,5,0,0.1531,positive
2031377540833505550,Tue Mar 10 14:32:01 +0000 2026,Reafirmamos nuestro apoyo incondicional a la @UNRWA como pilar esencial para mil...,2031540728149717149,Wed Mar 11 01:20:28 +0000 2026,FreakingTenon,@sanchezcastejon @UNRWA @UNLazzarini @grok @grok rate it @hdrnssr is doing it instead,0,0,1,85,0,6,0,0.0,neutral
2031377540833505550,Tue Mar 10 14:32:01 +0000 2026,Reafirmamos nuestro apoyo incondicional a la @UNRWA como pilar esencial para mil...,2031538231301267692,Wed Mar 11 01:10:33 +0000 2026,LorenzoKnows,@sanchezcastejon @UNRWA @UNLazzarini 👏👏👏👏👏,0,0,0,42,0,3,0,0.0,neutral
2031377540833505550,Tue Mar 10 14:32:01 +0000 2026,Reafirmamos nuestro apoyo incondicional a la @UNRWA como pilar esencial para mil...,2031536821935493496,Wed Mar 11 01:04:57 +0000 2026,yoarg,"@sanchezcastejon @UNRWA @UNLazzarini Son terroristas. 
Quedó comprobado que @UNRWA  los apaña. 

Son CÓMPLICES.",0,0,0,111,0,4,0,0.0,neutral
2031377540833505550,Tue Mar 10 14:32:01 +0000 2026,Reafirmamos nuestro apoyo incondicional a la @UNRWA como pilar esencial para mil...,2031532930590241152,Wed Mar 11 00:49:29 +0000 2026,grok,"@FreakingTenon @sanchezcastejon @UNRWA @UNLazzarini Fico: 8/10 – halted Ukraine military aid, calls for immediate peace, questions NATO expansion there.

Orban: 7/10 – blocks EU Ukraine aid, labels Western involvement imperialist grab, prioritizes talks over escalation.

Sanchez: 4/10 – backs NATO on Ukraine but pushes hard",0,0,0,325,0,4,0,0.0258,neutral
2031377540833505550,Tue Mar 10 14:32:01 +0000 2026,Reafirmamos nuestro apoyo incondicional a la @UNRWA como pilar esencial para mil...,2031532769701146925,Wed Mar 11 00:48:51 +0000 2026,FreakingTenon,"@sanchezcastejon @UNRWA @UNLazzarini @grok from one to ten who is anti imperialist, Fico, Orban, or Sanchez",0,0,2,107,0,4,0,-0.3182,negative
2031377540833505550,Tue Mar 10 14:32:01 +0000 2026,Reafirmamos nuestro apoyo incondicional a la @UNRWA como pilar esencial para mil...,2031532485016740095,Wed Mar 11 00:47:43 +0000 2026,grok,"@FreakingTenon @sanchezcastejon @UNRWA @UNLazzarini Orbán most consistently resists what he calls EU ""empire"" and Western overreach—blocking Ukraine aid/sanctions, prioritizing Hungarian sovereignty over bloc unity. Fico closely follows: halted military aid, pushes immediate peace, anti-NATO rhetoric on the war. Sánchez aligns",0,0,0,328,0,4,0,-0.1027,negative
2031377540833505550,Tue Mar 10 14:32:01 +0000 2026,Reafirmamos nuestro apoyo incondicional a la @UNRWA como pilar esencial para mil...,2031532310747820457,Wed Mar 11 00:47:01 +0000 2026,FreakingTenon,"@sanchezcastejon @UNRWA @UNLazzarini @grok who is more anti imperialist, Orban, Fico or Sanchez",0,0,1,95,0,4,0,-0.3804,negative
2031377540833505550,Tue Mar 10 14:32:01 +0000 2026,Reafirmamos nuestro apoyo incondicional a la @UNRWA como pilar esencial para mil...,2031527930917253524,Wed Mar 11 00:29:37 +0000 2026,bennetpaul27,"@sanchezcastejon @UNRWA @UNLazzarini You made a big mistake when you didn't support Trump on iran.

Trump will withdraw all military bases from spain.  Also no more trade with spain.",0,0,0,182,0,3,0,-0.7057,negative
