tweet_id,month,month_name,date,text,likes,retweets,replies,views,length,hashtags,mentions,links,sentiment,sentiment_label
1884987545190056037,1,January,Thu Jan 30 15:30:26 +0000 2025,"My deepest condolences to the families and loved ones of the victims of the tragic aircraft accident in Washington DC.

Our thoughts are with the people of the United States at this difficult time.",1389,284,652,95090,197,0,0,0,-0.5537,negative
1884539353629704568,1,January,Wed Jan 29 09:49:29 +0000 2025,"Crecemos más que nadie y crecemos más verde que nadie. 

El éxito de nuestro modelo energético es la base del éxito de nuestro modelo económico. El que nos ha permitido cerrar 2024 con un crecimiento trimestral del 3,5% del PIB.

CRECE la economía, COMPARTIMOS la riqueza y https://t.co/noOE0RjQOf",3087,934,1883,106643,297,0,0,1,0.34,positive
1884534895558422858,1,January,Wed Jan 29 09:31:46 +0000 2025,"Nos lo jugamos todo al verde.

Este Gobierno ha convertido a España en la quinta gran economía más sostenible del planeta, líder global en hidrógeno verde.

Cambiando la legislación, con más ayudas y bonificaciones fiscales y el apoyo de inversores y empresas. https://t.co/041bXIdrmW",3531,999,1375,158835,284,0,0,1,0.34,positive
1884244701366157536,1,January,Tue Jan 28 14:18:39 +0000 2025,"El ruido de la democracia a veces puede resultar incómodo. Pero siempre será mejor que el silencio de las autocracias.

En estos días, la coalición negacionista del PP y VOX han contaminado el debate público con manipulaciones y mentiras.

Mentiras que debo desmentir.👇 https://t.co/jxgyVbAycO",5840,1836,2602,234130,293,0,0,1,0.0,neutral
1884240585113969107,1,January,Tue Jan 28 14:02:17 +0000 2025,"El Gobierno ha aprobado un nuevo Real Decreto Ley Social que contiene la práctica totalidad de las medidas del escudo social aprobado en diciembre.

Un total de 29 medidas, que incluyen:
➡️ La revalorización de las pensiones conforme al IPC
➡️ La mejora de las pensiones mínimas https://t.co/fwu1nsf4yf",5358,1784,2281,642568,302,0,0,1,0.34,positive
1884168593518256225,1,January,Tue Jan 28 09:16:13 +0000 2025,"En 2024, en España hemos creado casi medio millón de puestos de trabajo, con récord de ocupados y reduciendo el paro por debajo del 11% por primera vez desde 2008.

Menos mujeres en paro, menos temporalidad y más empleo de calidad.

Esta es la política del Gobierno.",4730,1299,1407,313211,266,0,0,0,0.0,neutral
1883952411158380667,1,January,Mon Jan 27 18:57:11 +0000 2025,"Bienvenido, @SecGenNATO, en la que es tu primera visita a España como secretario general de la @NATO.

España es un aliado serio, responsable y comprometido con la Alianza.

Seguiremos impulsando todos los esfuerzos para garantizar la paz, apoyando a Ucrania y defendiendo https://t.co/ctKqkKKbgC",1718,479,931,121543,296,0,2,1,0.0,neutral
1883920179215937614,1,January,Mon Jan 27 16:49:06 +0000 2025,"Hoy me he reunido con @AmitabhBehar, director ejecutivo de @Oxfam.

Hemos hablado de lo importante que es que la 4ª Conferencia Internacional sobre Financiación para el Desarrollo que celebraremos en Sevilla en junio sea un éxito.

La participación de la sociedad civil será https://t.co/Uc0H7GgIup",1565,457,863,106266,298,0,2,1,0.0,neutral
1883827229102137562,1,January,Mon Jan 27 10:39:45 +0000 2025,"Today we remember the horror of the Holocaust. We will never forget the cruelty of the Nazi regime against defenseless people only because they were Jews or belonged to any other minority.

We honor all the victims and their families in such an important day. We will never let",1948,495,936,192629,277,0,0,0,0.1058,positive
1883509445381992771,1,January,Sun Jan 26 13:37:00 +0000 2025,"Ante la coalición negacionista, voy a buscar votos y apoyos hasta debajo de las piedras por responsabilidad y por convicción para que la gente tenga sus derechos.

Los derechos que el PP y Vox les han cercenado. https://t.co/OK5NY2I35x",4161,1125,3555,364261,235,0,0,1,0.0,neutral
1883506433712365754,1,January,Sun Jan 26 13:25:02 +0000 2025,"Lo que tenemos enfrente, con Feijóo y Abascal, es la coalición negacionista.

Niegan con su voto la revalorización de las pensiones, el transporte publico gratuito, las ayudas a la DANA, la subida del SMI o el cambio climático.

No hay por dónde cogerlo. https://t.co/LCMQTucgWp",5211,1563,3250,505592,278,0,0,1,-0.296,negative
1883498871231234093,1,January,Sun Jan 26 12:54:59 +0000 2025,"MÁS PSOE.

Si queremos más Estado del bienestar, más empleo y mejores salarios, una seguridad social fuerte y mejores pensiones para nuestros jubilados. Más @PSOE.

En España y en Canarias. https://t.co/w5b9tpV5ZP",2942,871,1902,170146,213,0,1,1,0.0,neutral
1882751987634368687,1,January,Fri Jan 24 11:27:08 +0000 2025,"Mejores salarios, mayores pensiones y ayudas a la ciudadanía. 

No son una recompensa para el Gobierno.

Son para los millones de españoles y españolas que se las han ganado con el sudor de su frente y con sus impuestos. 

Ningún cálculo partidista debería negárselas. https://t.co/dfvUr1IKGd",4128,1357,3420,224640,292,0,0,1,-0.296,negative
1882743067914170704,1,January,Fri Jan 24 10:51:41 +0000 2025,"Tenemos un país maravilloso y lo estamos mostrando en @fitur_madrid.

Viajemos a Valencia, ahora más que nunca. 

Que el turismo sea motor de recuperación y muestra de solidaridad de todo un país con una tierra que todos llevamos en el corazón. 

Nos necesitan. https://t.co/QgGz0HlrzD",2202,632,1744,128459,285,0,1,1,0.0,neutral
1882470677661589986,1,January,Thu Jan 23 16:49:18 +0000 2025,"Enhorabuena, @karsiagascon, por tu nominación como mejor actriz en los #Oscar.

Tu inmensa interpretación en 'Emilia Pérez' sigue cosechando éxitos.

Ojalá te recibamos pronto con ese gran reconocimiento. ¡Suerte!",5475,657,1252,1570235,213,1,1,0,0.0,neutral
1882459795354956056,1,January,Thu Jan 23 16:06:04 +0000 2025,"Gracias, en mi nombre y en el de todos los españoles, especialmente de los ciudadanos y ciudadanas de Valencia, a los más de 25.000 militares que han colaborado, y están aún trabajando, para devolver la normalidad a las zonas afectadas por la DANA.

Este ha sido un despliegue https://t.co/WiTXoVbLKf",4852,1265,1777,191433,300,0,0,1,0.34,positive
1882419773016793395,1,January,Thu Jan 23 13:27:02 +0000 2025,"El Gobierno de España es consciente de la enormidad y dureza de la tarea que queda por hacer frente a los efectos de la DANA. Estamos y estaremos a su lado el tiempo que haga falta.

Hoy he anunciado a los alcaldes y alcaldesas de los municipios afectados que el Gobierno https://t.co/fZ22HeS3Dv",2101,689,1550,109792,295,0,0,1,0.0,neutral
1882396684463788531,1,January,Thu Jan 23 11:55:17 +0000 2025,"Gracias a todos los alcaldes y alcaldesas de las zonas afectadas por la Dana. 

Sabemos lo que habéis sufrido y lo que estáis sufriendo. Y que conocéis por sus nombres a los vecinos y vecinas que tanto han perdido.

Habéis estado a su lado.  Y nosotros estamos junto a vosotros. Y https://t.co/KWS1ou9tvb",3967,1086,1542,297158,304,0,0,1,0.0,neutral
1882144326559670540,1,January,Wed Jan 22 19:12:30 +0000 2025,"Termino mi jornada en Davos con un encuentro con el presidente de Panamá, @JoseRaulMulino.

España apoya a Panamá como parte de la Comunidad Iberoamericana de Naciones.

Nuestra relación se rige por el compromiso con el Derecho Internacional y el respeto a los Tratados https://t.co/xjwc6qW3hW",2846,817,932,131088,293,0,1,1,0.0,neutral
1882127657480999167,1,January,Wed Jan 22 18:06:16 +0000 2025,"Me he reunido en Davos con el presidente de Ucrania, @ZelenskyyUa.

Hemos conversado sobre la marcha del proceso de adhesión de Ucrania a la UE y le he reiterado el apoyo de España frente a la agresión rusa.

Nuestros principios son claros: no puede haber acuerdo sobre Ucrania https://t.co/TKwkIBurmx",1763,462,1236,280910,301,0,1,1,-0.296,negative
1895201985416306881,2,February,Thu Feb 27 19:58:59 +0000 2025,"Frente a los bulos, los datos:

🇪🇸 España mejora su puntuación, sube dos puestos en el ranking global, y se consolida como una de las democracias más plenas del mundo según @TheEconomist.

https://t.co/GSTu85I08V https://t.co/QXYqjymkLU",6535,1839,2952,818048,236,0,1,2,0.0,neutral
1895192270728565067,2,February,Thu Feb 27 19:20:22 +0000 2025,"No muere una mujer, a una mujer la matan.

No es un calentón, es una agresión.

No es un divorcio duro, es violencia machista.

La lucha contra la #ViolenciaDeGénero no es una lucha de las mujeres contra los hombres. Es una lucha por la dignidad del género humano.

#VivasSinMiedo https://t.co/JXJOh2iUuW",7838,2154,1639,1013115,304,2,0,1,-0.7783,negative
1895111742700622278,2,February,Thu Feb 27 14:00:23 +0000 2025,"Gracias a @ITPAero por impulsar la autonomía estratégica de nuestro país y de la UE en el sector aeroespacial, donde España tiene tanto que ofrecer.

Estaremos a vuestro lado, apostando por la sostenibilidad para reforzar la cohesión territorial y la reindustrialización. https://t.co/veKsuP40Dt",1220,387,320,49912,295,0,1,1,0.0,neutral
1895090660014788959,2,February,Thu Feb 27 12:36:37 +0000 2025,"La Unión Europea no se creó contra nadie. Se creó a favor del multilateralismo y el entendimiento entre países, la paz, el desarrollo económico y la justicia social.

Ante la amenaza de la involución y el cierre de las economías, apostamos por el avance y la apertura del mundo. https://t.co/Qq3yDQVSj3",3445,1087,897,121820,302,0,0,1,0.128,positive
1894830041248473521,2,February,Wed Feb 26 19:21:00 +0000 2025,"Hoy he hablado con @LulaOficial, @GabrielBoric, @petrogustavo y @OrsiYamandu sobre los peligros que plantean para nuestras democracias la desinformación y las campañas de injerencia extranjeras. 

Nuestros países van a trabajar juntos para garantizar unas redes sociales libres de https://t.co/SzDjGHFFat",8304,2439,3125,725945,304,0,4,1,0.0,neutral
1894765608220156020,2,February,Wed Feb 26 15:04:58 +0000 2025,"Frente a la involución que nos rodea, progreso.

España vuelve a brillar con luz propia en materia de igualdad de género.

 ¡Avanzamos!",1600,556,1016,144293,135,0,0,0,0.0,neutral
1894745465364553845,2,February,Wed Feb 26 13:44:56 +0000 2025,"Esta mañana me he reunido con el @eucopresident, @vonderleyen y todos los Estados miembros para impulsar la creación de un espacio europeo de seguridad y defensa y preparar el próximo Consejo Europeo.

Ucrania, España y el mundo necesitan una Europa fuerte y unida. Y se la vamos https://t.co/MyZ96SY8Ns",1760,527,640,78156,303,0,2,1,0.0,neutral
1894666918805524521,2,February,Wed Feb 26 08:32:49 +0000 2025,"No hay color entre su potencial gobierno de coalición y este gobierno de coalición.

Cada vez que Abascal se hace fotos fuera, quien se retrata es usted, señor Feijóo.

Rompa con aquellos que quieren romper con Europa.

Rompa con la ultraderecha, como hace la derecha alemana. https://t.co/9agDD4tHwz",3868,1169,1321,164029,300,0,0,1,-0.296,negative
1894431389635715330,2,February,Tue Feb 25 16:56:54 +0000 2025,"¡Qué grande eres, @JesusCalleja!

¡Deseando que nos cuentes la experiencia! ¡Te atreves con todo!",3515,441,1214,589943,97,0,1,0,0.0,neutral
1894100129646293103,2,February,Mon Feb 24 19:00:36 +0000 2025,"Ucrania, España está contigo. https://t.co/fp7leVNI9D",22234,2051,3370,1128614,53,0,0,1,0.0,neutral
1894076295606128658,2,February,Mon Feb 24 17:25:53 +0000 2025,"Con el primer ministro de Canadá, @JustinTrudeau, reafirmamos en Kyiv nuestro apoyo a Ucrania y la necesidad de que participe en las negociaciones de paz.

También hemos abordado la importancia de seguir ampliando nuestra relación comercial, y la necesidad de seguir defendiendo https://t.co/cbSeKGq0zd",4996,1047,938,177405,302,0,1,1,0.0,neutral
1893974276803371108,2,February,Mon Feb 24 10:40:30 +0000 2025,"Ucrania debe ganar una paz justa y duradera. De ello dependen la libertad, la seguridad y el futuro de todos los europeos y europeas.

Por eso acabo de anunciar en Kyiv que España enviará un nuevo paquete de ayuda militar por valor de 1.000 millones de euros al pueblo ucraniano. https://t.co/f7a7BKiIbi",4557,1075,1994,829864,303,0,0,1,0.0,neutral
1893931765275759092,2,February,Mon Feb 24 07:51:35 +0000 2025,"Felicidades a @_FriedrichMerz por la victoria electoral de anoche en Alemania.

Una Europa fuerte requiere que trabajemos unidos para afrontar retos comunes. Más competitividad, autonomía estratégica y transición ecológica y digital.",1804,364,654,160296,233,0,1,0,0.0,neutral
1893913314591171040,2,February,Mon Feb 24 06:38:16 +0000 2025,"España está con Ucrania.

Tres años después del inicio de la agresión rusa, nuestro compromiso con el pueblo ucraniano sigue intacto. Ya en Kyiv, para participar en la Cumbre Internacional de apoyo a Ucrania. https://t.co/vpv5uaTZPL",8911,1345,1629,377411,232,0,0,1,0.0,neutral
1893643723482771518,2,February,Sun Feb 23 12:47:00 +0000 2025,"A los de la motosierra: 

Que no les gusta el feminismo, pues toma Pacto de Estado contra la Violencia de Género.

Que no les gusta la reforma laboral, pues reducimos la jornada laboral.

Que no les gusta Europa, pues más Europa. https://t.co/g4XaVRQJ1k",7788,1712,3357,712781,253,0,0,1,-0.6808,negative
1893641205684298162,2,February,Sun Feb 23 12:37:00 +0000 2025,"Hoy hay elecciones en Alemania. 

Y en ninguna ecuación de gobernabilidad entrará la ultraderecha.

Esa es la diferencia entre la derecha española y la alemana. Entre una derecha moderada y una derecha tutelada por la ultraderecha.

Aquí, lo que dice Abascal va a misa. https://t.co/51vg4xTRkv",4229,962,1966,777362,293,0,0,1,0.0,neutral
1893638265850237373,2,February,Sun Feb 23 12:25:19 +0000 2025,"Nunca ha habido tantos recursos para blindar los servicios públicos. Y nunca ha habido un proceso privatizador como el que impulsa Moreno Bonilla.

En 2026 pasaremos del verbo privatizar al verbo blindar.

@mjmonteroc será una extraordinaria presidenta de Andalucía. https://t.co/ZOcZIkiEfm",2355,815,947,115399,290,0,1,1,0.5859,positive
1893276104913289505,2,February,Sat Feb 22 12:26:13 +0000 2025,"Hay quien llama dictador a @ZelenskyyUa. Recordemos que es un presidente elegido con el voto de los ucranianos y ucranianas.

Y si hay alguien que ha luchado por la democracia en Rusia, ese no ha sido Putin.

Ha sido Navalny, que pagó esa lucha por la democracia con su vida. https://t.co/XUF5MuzR5B",5003,1253,2074,453464,299,0,1,1,0.4145,positive
1893273534606049314,2,February,Sat Feb 22 12:16:00 +0000 2025,"Su lema no es todo por la patria, es todo por la pasta.

La internacional ultraderechista es como la criptomoneda de Milei, una estafa piramidal.

Su objetivo es hacer ruido mientras hacen negocio con lo público.

Frente a su motosierra, nosotros tenemos el BOE. https://t.co/uIhIPDWJgr",5118,1599,1898,276777,286,0,0,1,-0.296,negative
1893270802415411370,2,February,Sat Feb 22 12:05:09 +0000 2025,"La historia volverá a ser muy dura con los colaboracionistas del s. XXI, como lo fue con los del s. XX.

Sr. Feijóo, no se puede ser europeísta por la mañana, y acostarse con la ultraderecha por la noche. https://t.co/8pUA3PCYld",3233,999,1221,143494,228,0,0,1,-0.296,negative
1895201985416306881,2,February,Thu Feb 27 19:58:59 +0000 2025,"Frente a los bulos, los datos:

🇪🇸 España mejora su puntuación, sube dos puestos en el ranking global, y se consolida como una de las democracias más plenas del mundo según @TheEconomist.

https://t.co/GSTu85I08V https://t.co/QXYqjymkLU",6535,1839,2952,818048,236,0,1,2,0.0,neutral
1895192270728565067,2,February,Thu Feb 27 19:20:22 +0000 2025,"No muere una mujer, a una mujer la matan.

No es un calentón, es una agresión.

No es un divorcio duro, es violencia machista.

La lucha contra la #ViolenciaDeGénero no es una lucha de las mujeres contra los hombres. Es una lucha por la dignidad del género humano.

#VivasSinMiedo https://t.co/JXJOh2iUuW",7838,2154,1639,1013115,304,2,0,1,-0.7783,negative
1895111742700622278,2,February,Thu Feb 27 14:00:23 +0000 2025,"Gracias a @ITPAero por impulsar la autonomía estratégica de nuestro país y de la UE en el sector aeroespacial, donde España tiene tanto que ofrecer.

Estaremos a vuestro lado, apostando por la sostenibilidad para reforzar la cohesión territorial y la reindustrialización. https://t.co/veKsuP40Dt",1220,387,320,49912,295,0,1,1,0.0,neutral
1895090660014788959,2,February,Thu Feb 27 12:36:37 +0000 2025,"La Unión Europea no se creó contra nadie. Se creó a favor del multilateralismo y el entendimiento entre países, la paz, el desarrollo económico y la justicia social.

Ante la amenaza de la involución y el cierre de las economías, apostamos por el avance y la apertura del mundo. https://t.co/Qq3yDQVSj3",3445,1087,897,121820,302,0,0,1,0.128,positive
1894830041248473521,2,February,Wed Feb 26 19:21:00 +0000 2025,"Hoy he hablado con @LulaOficial, @GabrielBoric, @petrogustavo y @OrsiYamandu sobre los peligros que plantean para nuestras democracias la desinformación y las campañas de injerencia extranjeras. 

Nuestros países van a trabajar juntos para garantizar unas redes sociales libres de https://t.co/SzDjGHFFat",8304,2439,3125,725945,304,0,4,1,0.0,neutral
1894765608220156020,2,February,Wed Feb 26 15:04:58 +0000 2025,"Frente a la involución que nos rodea, progreso.

España vuelve a brillar con luz propia en materia de igualdad de género.

 ¡Avanzamos!",1600,556,1016,144293,135,0,0,0,0.0,neutral
1894745465364553845,2,February,Wed Feb 26 13:44:56 +0000 2025,"Esta mañana me he reunido con el @eucopresident, @vonderleyen y todos los Estados miembros para impulsar la creación de un espacio europeo de seguridad y defensa y preparar el próximo Consejo Europeo.

Ucrania, España y el mundo necesitan una Europa fuerte y unida. Y se la vamos https://t.co/MyZ96SY8Ns",1760,527,640,78156,303,0,2,1,0.0,neutral
1894666918805524521,2,February,Wed Feb 26 08:32:49 +0000 2025,"No hay color entre su potencial gobierno de coalición y este gobierno de coalición.

Cada vez que Abascal se hace fotos fuera, quien se retrata es usted, señor Feijóo.

Rompa con aquellos que quieren romper con Europa.

Rompa con la ultraderecha, como hace la derecha alemana. https://t.co/9agDD4tHwz",3868,1169,1321,164029,300,0,0,1,-0.296,negative
1894431389635715330,2,February,Tue Feb 25 16:56:54 +0000 2025,"¡Qué grande eres, @JesusCalleja!

¡Deseando que nos cuentes la experiencia! ¡Te atreves con todo!",3515,441,1214,589943,97,0,1,0,0.0,neutral
1894100129646293103,2,February,Mon Feb 24 19:00:36 +0000 2025,"Ucrania, España está contigo. https://t.co/fp7leVNI9D",22234,2051,3370,1128614,53,0,0,1,0.0,neutral
1894076295606128658,2,February,Mon Feb 24 17:25:53 +0000 2025,"Con el primer ministro de Canadá, @JustinTrudeau, reafirmamos en Kyiv nuestro apoyo a Ucrania y la necesidad de que participe en las negociaciones de paz.

También hemos abordado la importancia de seguir ampliando nuestra relación comercial, y la necesidad de seguir defendiendo https://t.co/cbSeKGq0zd",4996,1047,938,177405,302,0,1,1,0.0,neutral
1893974276803371108,2,February,Mon Feb 24 10:40:30 +0000 2025,"Ucrania debe ganar una paz justa y duradera. De ello dependen la libertad, la seguridad y el futuro de todos los europeos y europeas.

Por eso acabo de anunciar en Kyiv que España enviará un nuevo paquete de ayuda militar por valor de 1.000 millones de euros al pueblo ucraniano. https://t.co/f7a7BKiIbi",4557,1075,1994,829864,303,0,0,1,0.0,neutral
1893931765275759092,2,February,Mon Feb 24 07:51:35 +0000 2025,"Felicidades a @_FriedrichMerz por la victoria electoral de anoche en Alemania.

Una Europa fuerte requiere que trabajemos unidos para afrontar retos comunes. Más competitividad, autonomía estratégica y transición ecológica y digital.",1804,364,654,160296,233,0,1,0,0.0,neutral
1893913314591171040,2,February,Mon Feb 24 06:38:16 +0000 2025,"España está con Ucrania.

Tres años después del inicio de la agresión rusa, nuestro compromiso con el pueblo ucraniano sigue intacto. Ya en Kyiv, para participar en la Cumbre Internacional de apoyo a Ucrania. https://t.co/vpv5uaTZPL",8911,1345,1629,377411,232,0,0,1,0.0,neutral
1893643723482771518,2,February,Sun Feb 23 12:47:00 +0000 2025,"A los de la motosierra: 

Que no les gusta el feminismo, pues toma Pacto de Estado contra la Violencia de Género.

Que no les gusta la reforma laboral, pues reducimos la jornada laboral.

Que no les gusta Europa, pues más Europa. https://t.co/g4XaVRQJ1k",7788,1712,3357,712781,253,0,0,1,-0.6808,negative
1893641205684298162,2,February,Sun Feb 23 12:37:00 +0000 2025,"Hoy hay elecciones en Alemania. 

Y en ninguna ecuación de gobernabilidad entrará la ultraderecha.

Esa es la diferencia entre la derecha española y la alemana. Entre una derecha moderada y una derecha tutelada por la ultraderecha.

Aquí, lo que dice Abascal va a misa. https://t.co/51vg4xTRkv",4229,962,1966,777362,293,0,0,1,0.0,neutral
1893638265850237373,2,February,Sun Feb 23 12:25:19 +0000 2025,"Nunca ha habido tantos recursos para blindar los servicios públicos. Y nunca ha habido un proceso privatizador como el que impulsa Moreno Bonilla.

En 2026 pasaremos del verbo privatizar al verbo blindar.

@mjmonteroc será una extraordinaria presidenta de Andalucía. https://t.co/ZOcZIkiEfm",2355,815,947,115399,290,0,1,1,0.5859,positive
1893276104913289505,2,February,Sat Feb 22 12:26:13 +0000 2025,"Hay quien llama dictador a @ZelenskyyUa. Recordemos que es un presidente elegido con el voto de los ucranianos y ucranianas.

Y si hay alguien que ha luchado por la democracia en Rusia, ese no ha sido Putin.

Ha sido Navalny, que pagó esa lucha por la democracia con su vida. https://t.co/XUF5MuzR5B",5003,1253,2074,453464,299,0,1,1,0.4145,positive
1893273534606049314,2,February,Sat Feb 22 12:16:00 +0000 2025,"Su lema no es todo por la patria, es todo por la pasta.

La internacional ultraderechista es como la criptomoneda de Milei, una estafa piramidal.

Su objetivo es hacer ruido mientras hacen negocio con lo público.

Frente a su motosierra, nosotros tenemos el BOE. https://t.co/uIhIPDWJgr",5118,1599,1898,276777,286,0,0,1,-0.296,negative
1893270802415411370,2,February,Sat Feb 22 12:05:09 +0000 2025,"La historia volverá a ser muy dura con los colaboracionistas del s. XXI, como lo fue con los del s. XX.

Sr. Feijóo, no se puede ser europeísta por la mañana, y acostarse con la ultraderecha por la noche. https://t.co/8pUA3PCYld",3233,999,1221,143494,228,0,0,1,-0.296,negative
1895201985416306881,2,February,Thu Feb 27 19:58:59 +0000 2025,"Frente a los bulos, los datos:

🇪🇸 España mejora su puntuación, sube dos puestos en el ranking global, y se consolida como una de las democracias más plenas del mundo según @TheEconomist.

https://t.co/GSTu85I08V https://t.co/QXYqjymkLU",6535,1840,2952,818050,236,0,1,2,0.0,neutral
1895192270728565067,2,February,Thu Feb 27 19:20:22 +0000 2025,"No muere una mujer, a una mujer la matan.

No es un calentón, es una agresión.

No es un divorcio duro, es violencia machista.

La lucha contra la #ViolenciaDeGénero no es una lucha de las mujeres contra los hombres. Es una lucha por la dignidad del género humano.

#VivasSinMiedo https://t.co/JXJOh2iUuW",7838,2154,1639,1013117,304,2,0,1,-0.7783,negative
1895111742700622278,2,February,Thu Feb 27 14:00:23 +0000 2025,"Gracias a @ITPAero por impulsar la autonomía estratégica de nuestro país y de la UE en el sector aeroespacial, donde España tiene tanto que ofrecer.

Estaremos a vuestro lado, apostando por la sostenibilidad para reforzar la cohesión territorial y la reindustrialización. https://t.co/veKsuP40Dt",1220,387,320,49913,295,0,1,1,0.0,neutral
1895090660014788959,2,February,Thu Feb 27 12:36:37 +0000 2025,"La Unión Europea no se creó contra nadie. Se creó a favor del multilateralismo y el entendimiento entre países, la paz, el desarrollo económico y la justicia social.

Ante la amenaza de la involución y el cierre de las economías, apostamos por el avance y la apertura del mundo. https://t.co/Qq3yDQVSj3",3445,1087,897,121820,302,0,0,1,0.128,positive
1894830041248473521,2,February,Wed Feb 26 19:21:00 +0000 2025,"Hoy he hablado con @LulaOficial, @GabrielBoric, @petrogustavo y @OrsiYamandu sobre los peligros que plantean para nuestras democracias la desinformación y las campañas de injerencia extranjeras. 

Nuestros países van a trabajar juntos para garantizar unas redes sociales libres de https://t.co/SzDjGHFFat",8304,2439,3125,725945,304,0,4,1,0.0,neutral
1894765608220156020,2,February,Wed Feb 26 15:04:58 +0000 2025,"Frente a la involución que nos rodea, progreso.

España vuelve a brillar con luz propia en materia de igualdad de género.

 ¡Avanzamos!",1600,546,1016,144293,135,0,0,0,0.0,neutral
1894745465364553845,2,February,Wed Feb 26 13:44:56 +0000 2025,"Esta mañana me he reunido con el @eucopresident, @vonderleyen y todos los Estados miembros para impulsar la creación de un espacio europeo de seguridad y defensa y preparar el próximo Consejo Europeo.

Ucrania, España y el mundo necesitan una Europa fuerte y unida. Y se la vamos https://t.co/MyZ96SY8Ns",1760,527,640,78156,303,0,2,1,0.0,neutral
1894666918805524521,2,February,Wed Feb 26 08:32:49 +0000 2025,"No hay color entre su potencial gobierno de coalición y este gobierno de coalición.

Cada vez que Abascal se hace fotos fuera, quien se retrata es usted, señor Feijóo.

Rompa con aquellos que quieren romper con Europa.

Rompa con la ultraderecha, como hace la derecha alemana. https://t.co/9agDD4tHwz",3867,1167,1321,164030,300,0,0,1,-0.296,negative
1894431389635715330,2,February,Tue Feb 25 16:56:54 +0000 2025,"¡Qué grande eres, @JesusCalleja!

¡Deseando que nos cuentes la experiencia! ¡Te atreves con todo!",3514,438,1214,589943,97,0,1,0,0.0,neutral
1894100129646293103,2,February,Mon Feb 24 19:00:36 +0000 2025,"Ucrania, España está contigo. https://t.co/fp7leVNI9D",22234,2050,3370,1128615,53,0,0,1,0.0,neutral
1894076295606128658,2,February,Mon Feb 24 17:25:53 +0000 2025,"Con el primer ministro de Canadá, @JustinTrudeau, reafirmamos en Kyiv nuestro apoyo a Ucrania y la necesidad de que participe en las negociaciones de paz.

También hemos abordado la importancia de seguir ampliando nuestra relación comercial, y la necesidad de seguir defendiendo https://t.co/cbSeKGq0zd",4995,1047,938,177405,302,0,1,1,0.0,neutral
1893974276803371108,2,February,Mon Feb 24 10:40:30 +0000 2025,"Ucrania debe ganar una paz justa y duradera. De ello dependen la libertad, la seguridad y el futuro de todos los europeos y europeas.

Por eso acabo de anunciar en Kyiv que España enviará un nuevo paquete de ayuda militar por valor de 1.000 millones de euros al pueblo ucraniano. https://t.co/f7a7BKiIbi",4557,1075,1994,829865,303,0,0,1,0.0,neutral
1893931765275759092,2,February,Mon Feb 24 07:51:35 +0000 2025,"Felicidades a @_FriedrichMerz por la victoria electoral de anoche en Alemania.

Una Europa fuerte requiere que trabajemos unidos para afrontar retos comunes. Más competitividad, autonomía estratégica y transición ecológica y digital.",1803,364,654,160297,233,0,1,0,0.0,neutral
1893913314591171040,2,February,Mon Feb 24 06:38:16 +0000 2025,"España está con Ucrania.

Tres años después del inicio de la agresión rusa, nuestro compromiso con el pueblo ucraniano sigue intacto. Ya en Kyiv, para participar en la Cumbre Internacional de apoyo a Ucrania. https://t.co/vpv5uaTZPL",8910,1344,1629,377412,232,0,0,1,0.0,neutral
1893643723482771518,2,February,Sun Feb 23 12:47:00 +0000 2025,"A los de la motosierra: 

Que no les gusta el feminismo, pues toma Pacto de Estado contra la Violencia de Género.

Que no les gusta la reforma laboral, pues reducimos la jornada laboral.

Que no les gusta Europa, pues más Europa. https://t.co/g4XaVRQJ1k",7787,1712,3357,712782,253,0,0,1,-0.6808,negative
1893641205684298162,2,February,Sun Feb 23 12:37:00 +0000 2025,"Hoy hay elecciones en Alemania. 

Y en ninguna ecuación de gobernabilidad entrará la ultraderecha.

Esa es la diferencia entre la derecha española y la alemana. Entre una derecha moderada y una derecha tutelada por la ultraderecha.

Aquí, lo que dice Abascal va a misa. https://t.co/51vg4xTRkv",4228,962,1966,777363,293,0,0,1,0.0,neutral
1893638265850237373,2,February,Sun Feb 23 12:25:19 +0000 2025,"Nunca ha habido tantos recursos para blindar los servicios públicos. Y nunca ha habido un proceso privatizador como el que impulsa Moreno Bonilla.

En 2026 pasaremos del verbo privatizar al verbo blindar.

@mjmonteroc será una extraordinaria presidenta de Andalucía. https://t.co/ZOcZIkiEfm",2355,815,947,115400,290,0,1,1,0.5859,positive
1893276104913289505,2,February,Sat Feb 22 12:26:13 +0000 2025,"Hay quien llama dictador a @ZelenskyyUa. Recordemos que es un presidente elegido con el voto de los ucranianos y ucranianas.

Y si hay alguien que ha luchado por la democracia en Rusia, ese no ha sido Putin.

Ha sido Navalny, que pagó esa lucha por la democracia con su vida. https://t.co/XUF5MuzR5B",5003,1253,2074,453465,299,0,1,1,0.4145,positive
1893273534606049314,2,February,Sat Feb 22 12:16:00 +0000 2025,"Su lema no es todo por la patria, es todo por la pasta.

La internacional ultraderechista es como la criptomoneda de Milei, una estafa piramidal.

Su objetivo es hacer ruido mientras hacen negocio con lo público.

Frente a su motosierra, nosotros tenemos el BOE. https://t.co/uIhIPDWJgr",5116,1597,1898,276777,286,0,0,1,-0.296,negative
1893270802415411370,2,February,Sat Feb 22 12:05:09 +0000 2025,"La historia volverá a ser muy dura con los colaboracionistas del s. XXI, como lo fue con los del s. XX.

Sr. Feijóo, no se puede ser europeísta por la mañana, y acostarse con la ultraderecha por la noche. https://t.co/8pUA3PCYld",3233,997,1221,143494,228,0,0,1,-0.296,negative
1895201985416306881,2,February,Thu Feb 27 19:58:59 +0000 2025,"Frente a los bulos, los datos:

🇪🇸 España mejora su puntuación, sube dos puestos en el ranking global, y se consolida como una de las democracias más plenas del mundo según @TheEconomist.

https://t.co/GSTu85I08V https://t.co/QXYqjymkLU",6535,1839,2952,818048,236,0,1,2,0.0,neutral
1895192270728565067,2,February,Thu Feb 27 19:20:22 +0000 2025,"No muere una mujer, a una mujer la matan.

No es un calentón, es una agresión.

No es un divorcio duro, es violencia machista.

La lucha contra la #ViolenciaDeGénero no es una lucha de las mujeres contra los hombres. Es una lucha por la dignidad del género humano.

#VivasSinMiedo https://t.co/JXJOh2iUuW",7838,2154,1639,1013115,304,2,0,1,-0.7783,negative
1895111742700622278,2,February,Thu Feb 27 14:00:23 +0000 2025,"Gracias a @ITPAero por impulsar la autonomía estratégica de nuestro país y de la UE en el sector aeroespacial, donde España tiene tanto que ofrecer.

Estaremos a vuestro lado, apostando por la sostenibilidad para reforzar la cohesión territorial y la reindustrialización. https://t.co/veKsuP40Dt",1220,387,320,49912,295,0,1,1,0.0,neutral
1895090660014788959,2,February,Thu Feb 27 12:36:37 +0000 2025,"La Unión Europea no se creó contra nadie. Se creó a favor del multilateralismo y el entendimiento entre países, la paz, el desarrollo económico y la justicia social.

Ante la amenaza de la involución y el cierre de las economías, apostamos por el avance y la apertura del mundo. https://t.co/Qq3yDQVSj3",3445,1087,897,121820,302,0,0,1,0.128,positive
1894830041248473521,2,February,Wed Feb 26 19:21:00 +0000 2025,"Hoy he hablado con @LulaOficial, @GabrielBoric, @petrogustavo y @OrsiYamandu sobre los peligros que plantean para nuestras democracias la desinformación y las campañas de injerencia extranjeras. 

Nuestros países van a trabajar juntos para garantizar unas redes sociales libres de https://t.co/SzDjGHFFat",8304,2439,3125,725945,304,0,4,1,0.0,neutral
1894765608220156020,2,February,Wed Feb 26 15:04:58 +0000 2025,"Frente a la involución que nos rodea, progreso.

España vuelve a brillar con luz propia en materia de igualdad de género.

 ¡Avanzamos!",1600,556,1016,144293,135,0,0,0,0.0,neutral
1894745465364553845,2,February,Wed Feb 26 13:44:56 +0000 2025,"Esta mañana me he reunido con el @eucopresident, @vonderleyen y todos los Estados miembros para impulsar la creación de un espacio europeo de seguridad y defensa y preparar el próximo Consejo Europeo.

Ucrania, España y el mundo necesitan una Europa fuerte y unida. Y se la vamos https://t.co/MyZ96SY8Ns",1760,527,640,78156,303,0,2,1,0.0,neutral
1894666918805524521,2,February,Wed Feb 26 08:32:49 +0000 2025,"No hay color entre su potencial gobierno de coalición y este gobierno de coalición.

Cada vez que Abascal se hace fotos fuera, quien se retrata es usted, señor Feijóo.

Rompa con aquellos que quieren romper con Europa.

Rompa con la ultraderecha, como hace la derecha alemana. https://t.co/9agDD4tHwz",3868,1169,1321,164029,300,0,0,1,-0.296,negative
1894431389635715330,2,February,Tue Feb 25 16:56:54 +0000 2025,"¡Qué grande eres, @JesusCalleja!

¡Deseando que nos cuentes la experiencia! ¡Te atreves con todo!",3515,441,1214,589943,97,0,1,0,0.0,neutral
1894100129646293103,2,February,Mon Feb 24 19:00:36 +0000 2025,"Ucrania, España está contigo. https://t.co/fp7leVNI9D",22234,2051,3370,1128614,53,0,0,1,0.0,neutral
1894076295606128658,2,February,Mon Feb 24 17:25:53 +0000 2025,"Con el primer ministro de Canadá, @JustinTrudeau, reafirmamos en Kyiv nuestro apoyo a Ucrania y la necesidad de que participe en las negociaciones de paz.

También hemos abordado la importancia de seguir ampliando nuestra relación comercial, y la necesidad de seguir defendiendo https://t.co/cbSeKGq0zd",4996,1047,938,177405,302,0,1,1,0.0,neutral
1893974276803371108,2,February,Mon Feb 24 10:40:30 +0000 2025,"Ucrania debe ganar una paz justa y duradera. De ello dependen la libertad, la seguridad y el futuro de todos los europeos y europeas.

Por eso acabo de anunciar en Kyiv que España enviará un nuevo paquete de ayuda militar por valor de 1.000 millones de euros al pueblo ucraniano. https://t.co/f7a7BKiIbi",4557,1075,1994,829864,303,0,0,1,0.0,neutral
1893931765275759092,2,February,Mon Feb 24 07:51:35 +0000 2025,"Felicidades a @_FriedrichMerz por la victoria electoral de anoche en Alemania.

Una Europa fuerte requiere que trabajemos unidos para afrontar retos comunes. Más competitividad, autonomía estratégica y transición ecológica y digital.",1804,364,654,160296,233,0,1,0,0.0,neutral
1893913314591171040,2,February,Mon Feb 24 06:38:16 +0000 2025,"España está con Ucrania.

Tres años después del inicio de la agresión rusa, nuestro compromiso con el pueblo ucraniano sigue intacto. Ya en Kyiv, para participar en la Cumbre Internacional de apoyo a Ucrania. https://t.co/vpv5uaTZPL",8911,1345,1629,377411,232,0,0,1,0.0,neutral
1893643723482771518,2,February,Sun Feb 23 12:47:00 +0000 2025,"A los de la motosierra: 

Que no les gusta el feminismo, pues toma Pacto de Estado contra la Violencia de Género.

Que no les gusta la reforma laboral, pues reducimos la jornada laboral.

Que no les gusta Europa, pues más Europa. https://t.co/g4XaVRQJ1k",7788,1712,3357,712781,253,0,0,1,-0.6808,negative
1893641205684298162,2,February,Sun Feb 23 12:37:00 +0000 2025,"Hoy hay elecciones en Alemania. 

Y en ninguna ecuación de gobernabilidad entrará la ultraderecha.

Esa es la diferencia entre la derecha española y la alemana. Entre una derecha moderada y una derecha tutelada por la ultraderecha.

Aquí, lo que dice Abascal va a misa. https://t.co/51vg4xTRkv",4229,962,1966,777362,293,0,0,1,0.0,neutral
1893638265850237373,2,February,Sun Feb 23 12:25:19 +0000 2025,"Nunca ha habido tantos recursos para blindar los servicios públicos. Y nunca ha habido un proceso privatizador como el que impulsa Moreno Bonilla.

En 2026 pasaremos del verbo privatizar al verbo blindar.

@mjmonteroc será una extraordinaria presidenta de Andalucía. https://t.co/ZOcZIkiEfm",2355,815,947,115399,290,0,1,1,0.5859,positive
1893276104913289505,2,February,Sat Feb 22 12:26:13 +0000 2025,"Hay quien llama dictador a @ZelenskyyUa. Recordemos que es un presidente elegido con el voto de los ucranianos y ucranianas.

Y si hay alguien que ha luchado por la democracia en Rusia, ese no ha sido Putin.

Ha sido Navalny, que pagó esa lucha por la democracia con su vida. https://t.co/XUF5MuzR5B",5003,1253,2074,453464,299,0,1,1,0.4145,positive
1893273534606049314,2,February,Sat Feb 22 12:16:00 +0000 2025,"Su lema no es todo por la patria, es todo por la pasta.

La internacional ultraderechista es como la criptomoneda de Milei, una estafa piramidal.

Su objetivo es hacer ruido mientras hacen negocio con lo público.

Frente a su motosierra, nosotros tenemos el BOE. https://t.co/uIhIPDWJgr",5118,1599,1898,276777,286,0,0,1,-0.296,negative
1893270802415411370,2,February,Sat Feb 22 12:05:09 +0000 2025,"La historia volverá a ser muy dura con los colaboracionistas del s. XXI, como lo fue con los del s. XX.

Sr. Feijóo, no se puede ser europeísta por la mañana, y acostarse con la ultraderecha por la noche. https://t.co/8pUA3PCYld",3233,999,1221,143494,228,0,0,1,-0.296,negative
1895201985416306881,2,February,Thu Feb 27 19:58:59 +0000 2025,"Frente a los bulos, los datos:

🇪🇸 España mejora su puntuación, sube dos puestos en el ranking global, y se consolida como una de las democracias más plenas del mundo según @TheEconomist.

https://t.co/GSTu85I08V https://t.co/QXYqjymkLU",6535,1839,2952,818048,236,0,1,2,0.0,neutral
1895192270728565067,2,February,Thu Feb 27 19:20:22 +0000 2025,"No muere una mujer, a una mujer la matan.

No es un calentón, es una agresión.

No es un divorcio duro, es violencia machista.

La lucha contra la #ViolenciaDeGénero no es una lucha de las mujeres contra los hombres. Es una lucha por la dignidad del género humano.

#VivasSinMiedo https://t.co/JXJOh2iUuW",7838,2154,1639,1013115,304,2,0,1,-0.7783,negative
1895111742700622278,2,February,Thu Feb 27 14:00:23 +0000 2025,"Gracias a @ITPAero por impulsar la autonomía estratégica de nuestro país y de la UE en el sector aeroespacial, donde España tiene tanto que ofrecer.

Estaremos a vuestro lado, apostando por la sostenibilidad para reforzar la cohesión territorial y la reindustrialización. https://t.co/veKsuP40Dt",1220,387,320,49912,295,0,1,1,0.0,neutral
1895090660014788959,2,February,Thu Feb 27 12:36:37 +0000 2025,"La Unión Europea no se creó contra nadie. Se creó a favor del multilateralismo y el entendimiento entre países, la paz, el desarrollo económico y la justicia social.

Ante la amenaza de la involución y el cierre de las economías, apostamos por el avance y la apertura del mundo. https://t.co/Qq3yDQVSj3",3445,1087,897,121820,302,0,0,1,0.128,positive
1894830041248473521,2,February,Wed Feb 26 19:21:00 +0000 2025,"Hoy he hablado con @LulaOficial, @GabrielBoric, @petrogustavo y @OrsiYamandu sobre los peligros que plantean para nuestras democracias la desinformación y las campañas de injerencia extranjeras. 

Nuestros países van a trabajar juntos para garantizar unas redes sociales libres de https://t.co/SzDjGHFFat",8304,2439,3125,725945,304,0,4,1,0.0,neutral
1894765608220156020,2,February,Wed Feb 26 15:04:58 +0000 2025,"Frente a la involución que nos rodea, progreso.

España vuelve a brillar con luz propia en materia de igualdad de género.

 ¡Avanzamos!",1600,556,1016,144293,135,0,0,0,0.0,neutral
1894745465364553845,2,February,Wed Feb 26 13:44:56 +0000 2025,"Esta mañana me he reunido con el @eucopresident, @vonderleyen y todos los Estados miembros para impulsar la creación de un espacio europeo de seguridad y defensa y preparar el próximo Consejo Europeo.

Ucrania, España y el mundo necesitan una Europa fuerte y unida. Y se la vamos https://t.co/MyZ96SY8Ns",1760,527,640,78156,303,0,2,1,0.0,neutral
1894666918805524521,2,February,Wed Feb 26 08:32:49 +0000 2025,"No hay color entre su potencial gobierno de coalición y este gobierno de coalición.

Cada vez que Abascal se hace fotos fuera, quien se retrata es usted, señor Feijóo.

Rompa con aquellos que quieren romper con Europa.

Rompa con la ultraderecha, como hace la derecha alemana. https://t.co/9agDD4tHwz",3868,1169,1321,164029,300,0,0,1,-0.296,negative
1894431389635715330,2,February,Tue Feb 25 16:56:54 +0000 2025,"¡Qué grande eres, @JesusCalleja!

¡Deseando que nos cuentes la experiencia! ¡Te atreves con todo!",3515,441,1214,589943,97,0,1,0,0.0,neutral
1894100129646293103,2,February,Mon Feb 24 19:00:36 +0000 2025,"Ucrania, España está contigo. https://t.co/fp7leVNI9D",22234,2051,3370,1128614,53,0,0,1,0.0,neutral
1894076295606128658,2,February,Mon Feb 24 17:25:53 +0000 2025,"Con el primer ministro de Canadá, @JustinTrudeau, reafirmamos en Kyiv nuestro apoyo a Ucrania y la necesidad de que participe en las negociaciones de paz.

También hemos abordado la importancia de seguir ampliando nuestra relación comercial, y la necesidad de seguir defendiendo https://t.co/cbSeKGq0zd",4996,1047,938,177405,302,0,1,1,0.0,neutral
1893974276803371108,2,February,Mon Feb 24 10:40:30 +0000 2025,"Ucrania debe ganar una paz justa y duradera. De ello dependen la libertad, la seguridad y el futuro de todos los europeos y europeas.

Por eso acabo de anunciar en Kyiv que España enviará un nuevo paquete de ayuda militar por valor de 1.000 millones de euros al pueblo ucraniano. https://t.co/f7a7BKiIbi",4557,1075,1994,829864,303,0,0,1,0.0,neutral
1893931765275759092,2,February,Mon Feb 24 07:51:35 +0000 2025,"Felicidades a @_FriedrichMerz por la victoria electoral de anoche en Alemania.

Una Europa fuerte requiere que trabajemos unidos para afrontar retos comunes. Más competitividad, autonomía estratégica y transición ecológica y digital.",1804,364,654,160296,233,0,1,0,0.0,neutral
1893913314591171040,2,February,Mon Feb 24 06:38:16 +0000 2025,"España está con Ucrania.

Tres años después del inicio de la agresión rusa, nuestro compromiso con el pueblo ucraniano sigue intacto. Ya en Kyiv, para participar en la Cumbre Internacional de apoyo a Ucrania. https://t.co/vpv5uaTZPL",8911,1345,1629,377411,232,0,0,1,0.0,neutral
1893643723482771518,2,February,Sun Feb 23 12:47:00 +0000 2025,"A los de la motosierra: 

Que no les gusta el feminismo, pues toma Pacto de Estado contra la Violencia de Género.

Que no les gusta la reforma laboral, pues reducimos la jornada laboral.

Que no les gusta Europa, pues más Europa. https://t.co/g4XaVRQJ1k",7788,1712,3357,712781,253,0,0,1,-0.6808,negative
1893641205684298162,2,February,Sun Feb 23 12:37:00 +0000 2025,"Hoy hay elecciones en Alemania. 

Y en ninguna ecuación de gobernabilidad entrará la ultraderecha.

Esa es la diferencia entre la derecha española y la alemana. Entre una derecha moderada y una derecha tutelada por la ultraderecha.

Aquí, lo que dice Abascal va a misa. https://t.co/51vg4xTRkv",4229,962,1966,777362,293,0,0,1,0.0,neutral
1893638265850237373,2,February,Sun Feb 23 12:25:19 +0000 2025,"Nunca ha habido tantos recursos para blindar los servicios públicos. Y nunca ha habido un proceso privatizador como el que impulsa Moreno Bonilla.

En 2026 pasaremos del verbo privatizar al verbo blindar.

@mjmonteroc será una extraordinaria presidenta de Andalucía. https://t.co/ZOcZIkiEfm",2355,815,947,115399,290,0,1,1,0.5859,positive
1893276104913289505,2,February,Sat Feb 22 12:26:13 +0000 2025,"Hay quien llama dictador a @ZelenskyyUa. Recordemos que es un presidente elegido con el voto de los ucranianos y ucranianas.

Y si hay alguien que ha luchado por la democracia en Rusia, ese no ha sido Putin.

Ha sido Navalny, que pagó esa lucha por la democracia con su vida. https://t.co/XUF5MuzR5B",5003,1253,2074,453464,299,0,1,1,0.4145,positive
1893273534606049314,2,February,Sat Feb 22 12:16:00 +0000 2025,"Su lema no es todo por la patria, es todo por la pasta.

La internacional ultraderechista es como la criptomoneda de Milei, una estafa piramidal.

Su objetivo es hacer ruido mientras hacen negocio con lo público.

Frente a su motosierra, nosotros tenemos el BOE. https://t.co/uIhIPDWJgr",5118,1599,1898,276777,286,0,0,1,-0.296,negative
1893270802415411370,2,February,Sat Feb 22 12:05:09 +0000 2025,"La historia volverá a ser muy dura con los colaboracionistas del s. XXI, como lo fue con los del s. XX.

Sr. Feijóo, no se puede ser europeísta por la mañana, y acostarse con la ultraderecha por la noche. https://t.co/8pUA3PCYld",3233,999,1221,143494,228,0,0,1,-0.296,negative
1895201985416306881,2,February,Thu Feb 27 19:58:59 +0000 2025,"Frente a los bulos, los datos:

🇪🇸 España mejora su puntuación, sube dos puestos en el ranking global, y se consolida como una de las democracias más plenas del mundo según @TheEconomist.

https://t.co/GSTu85I08V https://t.co/QXYqjymkLU",6535,1840,2952,818050,236,0,1,2,0.0,neutral
1895192270728565067,2,February,Thu Feb 27 19:20:22 +0000 2025,"No muere una mujer, a una mujer la matan.

No es un calentón, es una agresión.

No es un divorcio duro, es violencia machista.

La lucha contra la #ViolenciaDeGénero no es una lucha de las mujeres contra los hombres. Es una lucha por la dignidad del género humano.

#VivasSinMiedo https://t.co/JXJOh2iUuW",7838,2154,1639,1013117,304,2,0,1,-0.7783,negative
1895111742700622278,2,February,Thu Feb 27 14:00:23 +0000 2025,"Gracias a @ITPAero por impulsar la autonomía estratégica de nuestro país y de la UE en el sector aeroespacial, donde España tiene tanto que ofrecer.

Estaremos a vuestro lado, apostando por la sostenibilidad para reforzar la cohesión territorial y la reindustrialización. https://t.co/veKsuP40Dt",1220,387,320,49913,295,0,1,1,0.0,neutral
1895090660014788959,2,February,Thu Feb 27 12:36:37 +0000 2025,"La Unión Europea no se creó contra nadie. Se creó a favor del multilateralismo y el entendimiento entre países, la paz, el desarrollo económico y la justicia social.

Ante la amenaza de la involución y el cierre de las economías, apostamos por el avance y la apertura del mundo. https://t.co/Qq3yDQVSj3",3445,1087,897,121820,302,0,0,1,0.128,positive
1894830041248473521,2,February,Wed Feb 26 19:21:00 +0000 2025,"Hoy he hablado con @LulaOficial, @GabrielBoric, @petrogustavo y @OrsiYamandu sobre los peligros que plantean para nuestras democracias la desinformación y las campañas de injerencia extranjeras. 

Nuestros países van a trabajar juntos para garantizar unas redes sociales libres de https://t.co/SzDjGHFFat",8304,2439,3125,725945,304,0,4,1,0.0,neutral
1894765608220156020,2,February,Wed Feb 26 15:04:58 +0000 2025,"Frente a la involución que nos rodea, progreso.

España vuelve a brillar con luz propia en materia de igualdad de género.

 ¡Avanzamos!",1600,546,1016,144293,135,0,0,0,0.0,neutral
1894745465364553845,2,February,Wed Feb 26 13:44:56 +0000 2025,"Esta mañana me he reunido con el @eucopresident, @vonderleyen y todos los Estados miembros para impulsar la creación de un espacio europeo de seguridad y defensa y preparar el próximo Consejo Europeo.

Ucrania, España y el mundo necesitan una Europa fuerte y unida. Y se la vamos https://t.co/MyZ96SY8Ns",1760,527,640,78156,303,0,2,1,0.0,neutral
1894666918805524521,2,February,Wed Feb 26 08:32:49 +0000 2025,"No hay color entre su potencial gobierno de coalición y este gobierno de coalición.

Cada vez que Abascal se hace fotos fuera, quien se retrata es usted, señor Feijóo.

Rompa con aquellos que quieren romper con Europa.

Rompa con la ultraderecha, como hace la derecha alemana. https://t.co/9agDD4tHwz",3867,1167,1321,164030,300,0,0,1,-0.296,negative
1894431389635715330,2,February,Tue Feb 25 16:56:54 +0000 2025,"¡Qué grande eres, @JesusCalleja!

¡Deseando que nos cuentes la experiencia! ¡Te atreves con todo!",3514,438,1214,589943,97,0,1,0,0.0,neutral
1894100129646293103,2,February,Mon Feb 24 19:00:36 +0000 2025,"Ucrania, España está contigo. https://t.co/fp7leVNI9D",22234,2050,3370,1128615,53,0,0,1,0.0,neutral
1894076295606128658,2,February,Mon Feb 24 17:25:53 +0000 2025,"Con el primer ministro de Canadá, @JustinTrudeau, reafirmamos en Kyiv nuestro apoyo a Ucrania y la necesidad de que participe en las negociaciones de paz.

También hemos abordado la importancia de seguir ampliando nuestra relación comercial, y la necesidad de seguir defendiendo https://t.co/cbSeKGq0zd",4995,1047,938,177405,302,0,1,1,0.0,neutral
1893974276803371108,2,February,Mon Feb 24 10:40:30 +0000 2025,"Ucrania debe ganar una paz justa y duradera. De ello dependen la libertad, la seguridad y el futuro de todos los europeos y europeas.

Por eso acabo de anunciar en Kyiv que España enviará un nuevo paquete de ayuda militar por valor de 1.000 millones de euros al pueblo ucraniano. https://t.co/f7a7BKiIbi",4557,1075,1994,829865,303,0,0,1,0.0,neutral
1893931765275759092,2,February,Mon Feb 24 07:51:35 +0000 2025,"Felicidades a @_FriedrichMerz por la victoria electoral de anoche en Alemania.

Una Europa fuerte requiere que trabajemos unidos para afrontar retos comunes. Más competitividad, autonomía estratégica y transición ecológica y digital.",1803,364,654,160297,233,0,1,0,0.0,neutral
1893913314591171040,2,February,Mon Feb 24 06:38:16 +0000 2025,"España está con Ucrania.

Tres años después del inicio de la agresión rusa, nuestro compromiso con el pueblo ucraniano sigue intacto. Ya en Kyiv, para participar en la Cumbre Internacional de apoyo a Ucrania. https://t.co/vpv5uaTZPL",8910,1344,1629,377412,232,0,0,1,0.0,neutral
1893643723482771518,2,February,Sun Feb 23 12:47:00 +0000 2025,"A los de la motosierra: 

Que no les gusta el feminismo, pues toma Pacto de Estado contra la Violencia de Género.

Que no les gusta la reforma laboral, pues reducimos la jornada laboral.

Que no les gusta Europa, pues más Europa. https://t.co/g4XaVRQJ1k",7787,1712,3357,712782,253,0,0,1,-0.6808,negative
1893641205684298162,2,February,Sun Feb 23 12:37:00 +0000 2025,"Hoy hay elecciones en Alemania. 

Y en ninguna ecuación de gobernabilidad entrará la ultraderecha.

Esa es la diferencia entre la derecha española y la alemana. Entre una derecha moderada y una derecha tutelada por la ultraderecha.

Aquí, lo que dice Abascal va a misa. https://t.co/51vg4xTRkv",4228,962,1966,777363,293,0,0,1,0.0,neutral
1893638265850237373,2,February,Sun Feb 23 12:25:19 +0000 2025,"Nunca ha habido tantos recursos para blindar los servicios públicos. Y nunca ha habido un proceso privatizador como el que impulsa Moreno Bonilla.

En 2026 pasaremos del verbo privatizar al verbo blindar.

@mjmonteroc será una extraordinaria presidenta de Andalucía. https://t.co/ZOcZIkiEfm",2355,815,947,115400,290,0,1,1,0.5859,positive
1893276104913289505,2,February,Sat Feb 22 12:26:13 +0000 2025,"Hay quien llama dictador a @ZelenskyyUa. Recordemos que es un presidente elegido con el voto de los ucranianos y ucranianas.

Y si hay alguien que ha luchado por la democracia en Rusia, ese no ha sido Putin.

Ha sido Navalny, que pagó esa lucha por la democracia con su vida. https://t.co/XUF5MuzR5B",5003,1253,2074,453465,299,0,1,1,0.4145,positive
1893273534606049314,2,February,Sat Feb 22 12:16:00 +0000 2025,"Su lema no es todo por la patria, es todo por la pasta.

La internacional ultraderechista es como la criptomoneda de Milei, una estafa piramidal.

Su objetivo es hacer ruido mientras hacen negocio con lo público.

Frente a su motosierra, nosotros tenemos el BOE. https://t.co/uIhIPDWJgr",5116,1597,1898,276777,286,0,0,1,-0.296,negative
1893270802415411370,2,February,Sat Feb 22 12:05:09 +0000 2025,"La historia volverá a ser muy dura con los colaboracionistas del s. XXI, como lo fue con los del s. XX.

Sr. Feijóo, no se puede ser europeísta por la mañana, y acostarse con la ultraderecha por la noche. https://t.co/8pUA3PCYld",3233,997,1221,143494,228,0,0,1,-0.296,negative
1895201985416306881,2,February,Thu Feb 27 19:58:59 +0000 2025,"Frente a los bulos, los datos:

🇪🇸 España mejora su puntuación, sube dos puestos en el ranking global, y se consolida como una de las democracias más plenas del mundo según @TheEconomist.

https://t.co/GSTu85I08V https://t.co/QXYqjymkLU",6535,1840,2952,818050,236,0,1,2,0.0,neutral
1895192270728565067,2,February,Thu Feb 27 19:20:22 +0000 2025,"No muere una mujer, a una mujer la matan.

No es un calentón, es una agresión.

No es un divorcio duro, es violencia machista.

La lucha contra la #ViolenciaDeGénero no es una lucha de las mujeres contra los hombres. Es una lucha por la dignidad del género humano.

#VivasSinMiedo https://t.co/JXJOh2iUuW",7838,2154,1639,1013117,304,2,0,1,-0.7783,negative
1895111742700622278,2,February,Thu Feb 27 14:00:23 +0000 2025,"Gracias a @ITPAero por impulsar la autonomía estratégica de nuestro país y de la UE en el sector aeroespacial, donde España tiene tanto que ofrecer.

Estaremos a vuestro lado, apostando por la sostenibilidad para reforzar la cohesión territorial y la reindustrialización. https://t.co/veKsuP40Dt",1220,387,320,49913,295,0,1,1,0.0,neutral
1895090660014788959,2,February,Thu Feb 27 12:36:37 +0000 2025,"La Unión Europea no se creó contra nadie. Se creó a favor del multilateralismo y el entendimiento entre países, la paz, el desarrollo económico y la justicia social.

Ante la amenaza de la involución y el cierre de las economías, apostamos por el avance y la apertura del mundo. https://t.co/Qq3yDQVSj3",3445,1087,897,121820,302,0,0,1,0.128,positive
1894830041248473521,2,February,Wed Feb 26 19:21:00 +0000 2025,"Hoy he hablado con @LulaOficial, @GabrielBoric, @petrogustavo y @OrsiYamandu sobre los peligros que plantean para nuestras democracias la desinformación y las campañas de injerencia extranjeras. 

Nuestros países van a trabajar juntos para garantizar unas redes sociales libres de https://t.co/SzDjGHFFat",8304,2439,3125,725945,304,0,4,1,0.0,neutral
1894765608220156020,2,February,Wed Feb 26 15:04:58 +0000 2025,"Frente a la involución que nos rodea, progreso.

España vuelve a brillar con luz propia en materia de igualdad de género.

 ¡Avanzamos!",1600,546,1016,144293,135,0,0,0,0.0,neutral
1894745465364553845,2,February,Wed Feb 26 13:44:56 +0000 2025,"Esta mañana me he reunido con el @eucopresident, @vonderleyen y todos los Estados miembros para impulsar la creación de un espacio europeo de seguridad y defensa y preparar el próximo Consejo Europeo.

Ucrania, España y el mundo necesitan una Europa fuerte y unida. Y se la vamos https://t.co/MyZ96SY8Ns",1760,527,640,78156,303,0,2,1,0.0,neutral
1894666918805524521,2,February,Wed Feb 26 08:32:49 +0000 2025,"No hay color entre su potencial gobierno de coalición y este gobierno de coalición.

Cada vez que Abascal se hace fotos fuera, quien se retrata es usted, señor Feijóo.

Rompa con aquellos que quieren romper con Europa.

Rompa con la ultraderecha, como hace la derecha alemana. https://t.co/9agDD4tHwz",3867,1167,1321,164030,300,0,0,1,-0.296,negative
1894431389635715330,2,February,Tue Feb 25 16:56:54 +0000 2025,"¡Qué grande eres, @JesusCalleja!

¡Deseando que nos cuentes la experiencia! ¡Te atreves con todo!",3514,438,1214,589943,97,0,1,0,0.0,neutral
1894100129646293103,2,February,Mon Feb 24 19:00:36 +0000 2025,"Ucrania, España está contigo. https://t.co/fp7leVNI9D",22234,2050,3370,1128615,53,0,0,1,0.0,neutral
1894076295606128658,2,February,Mon Feb 24 17:25:53 +0000 2025,"Con el primer ministro de Canadá, @JustinTrudeau, reafirmamos en Kyiv nuestro apoyo a Ucrania y la necesidad de que participe en las negociaciones de paz.

También hemos abordado la importancia de seguir ampliando nuestra relación comercial, y la necesidad de seguir defendiendo https://t.co/cbSeKGq0zd",4995,1047,938,177405,302,0,1,1,0.0,neutral
1893974276803371108,2,February,Mon Feb 24 10:40:30 +0000 2025,"Ucrania debe ganar una paz justa y duradera. De ello dependen la libertad, la seguridad y el futuro de todos los europeos y europeas.

Por eso acabo de anunciar en Kyiv que España enviará un nuevo paquete de ayuda militar por valor de 1.000 millones de euros al pueblo ucraniano. https://t.co/f7a7BKiIbi",4557,1075,1994,829865,303,0,0,1,0.0,neutral
1893931765275759092,2,February,Mon Feb 24 07:51:35 +0000 2025,"Felicidades a @_FriedrichMerz por la victoria electoral de anoche en Alemania.

Una Europa fuerte requiere que trabajemos unidos para afrontar retos comunes. Más competitividad, autonomía estratégica y transición ecológica y digital.",1803,364,654,160297,233,0,1,0,0.0,neutral
1893913314591171040,2,February,Mon Feb 24 06:38:16 +0000 2025,"España está con Ucrania.

Tres años después del inicio de la agresión rusa, nuestro compromiso con el pueblo ucraniano sigue intacto. Ya en Kyiv, para participar en la Cumbre Internacional de apoyo a Ucrania. https://t.co/vpv5uaTZPL",8910,1344,1629,377412,232,0,0,1,0.0,neutral
1893643723482771518,2,February,Sun Feb 23 12:47:00 +0000 2025,"A los de la motosierra: 

Que no les gusta el feminismo, pues toma Pacto de Estado contra la Violencia de Género.

Que no les gusta la reforma laboral, pues reducimos la jornada laboral.

Que no les gusta Europa, pues más Europa. https://t.co/g4XaVRQJ1k",7787,1712,3357,712782,253,0,0,1,-0.6808,negative
1893641205684298162,2,February,Sun Feb 23 12:37:00 +0000 2025,"Hoy hay elecciones en Alemania. 

Y en ninguna ecuación de gobernabilidad entrará la ultraderecha.

Esa es la diferencia entre la derecha española y la alemana. Entre una derecha moderada y una derecha tutelada por la ultraderecha.

Aquí, lo que dice Abascal va a misa. https://t.co/51vg4xTRkv",4228,962,1966,777363,293,0,0,1,0.0,neutral
1893638265850237373,2,February,Sun Feb 23 12:25:19 +0000 2025,"Nunca ha habido tantos recursos para blindar los servicios públicos. Y nunca ha habido un proceso privatizador como el que impulsa Moreno Bonilla.

En 2026 pasaremos del verbo privatizar al verbo blindar.

@mjmonteroc será una extraordinaria presidenta de Andalucía. https://t.co/ZOcZIkiEfm",2355,815,947,115400,290,0,1,1,0.5859,positive
1893276104913289505,2,February,Sat Feb 22 12:26:13 +0000 2025,"Hay quien llama dictador a @ZelenskyyUa. Recordemos que es un presidente elegido con el voto de los ucranianos y ucranianas.

Y si hay alguien que ha luchado por la democracia en Rusia, ese no ha sido Putin.

Ha sido Navalny, que pagó esa lucha por la democracia con su vida. https://t.co/XUF5MuzR5B",5003,1253,2074,453465,299,0,1,1,0.4145,positive
1893273534606049314,2,February,Sat Feb 22 12:16:00 +0000 2025,"Su lema no es todo por la patria, es todo por la pasta.

La internacional ultraderechista es como la criptomoneda de Milei, una estafa piramidal.

Su objetivo es hacer ruido mientras hacen negocio con lo público.

Frente a su motosierra, nosotros tenemos el BOE. https://t.co/uIhIPDWJgr",5116,1597,1898,276777,286,0,0,1,-0.296,negative
1893270802415411370,2,February,Sat Feb 22 12:05:09 +0000 2025,"La historia volverá a ser muy dura con los colaboracionistas del s. XXI, como lo fue con los del s. XX.

Sr. Feijóo, no se puede ser europeísta por la mañana, y acostarse con la ultraderecha por la noche. https://t.co/8pUA3PCYld",3233,997,1221,143494,228,0,0,1,-0.296,negative
1895201985416306881,2,February,Thu Feb 27 19:58:59 +0000 2025,"Frente a los bulos, los datos:

🇪🇸 España mejora su puntuación, sube dos puestos en el ranking global, y se consolida como una de las democracias más plenas del mundo según @TheEconomist.

https://t.co/GSTu85I08V https://t.co/QXYqjymkLU",6535,1840,2952,818050,236,0,1,2,0.0,neutral
1895192270728565067,2,February,Thu Feb 27 19:20:22 +0000 2025,"No muere una mujer, a una mujer la matan.

No es un calentón, es una agresión.

No es un divorcio duro, es violencia machista.

La lucha contra la #ViolenciaDeGénero no es una lucha de las mujeres contra los hombres. Es una lucha por la dignidad del género humano.

#VivasSinMiedo https://t.co/JXJOh2iUuW",7838,2154,1639,1013117,304,2,0,1,-0.7783,negative
1895111742700622278,2,February,Thu Feb 27 14:00:23 +0000 2025,"Gracias a @ITPAero por impulsar la autonomía estratégica de nuestro país y de la UE en el sector aeroespacial, donde España tiene tanto que ofrecer.

Estaremos a vuestro lado, apostando por la sostenibilidad para reforzar la cohesión territorial y la reindustrialización. https://t.co/veKsuP40Dt",1220,387,320,49913,295,0,1,1,0.0,neutral
1895090660014788959,2,February,Thu Feb 27 12:36:37 +0000 2025,"La Unión Europea no se creó contra nadie. Se creó a favor del multilateralismo y el entendimiento entre países, la paz, el desarrollo económico y la justicia social.

Ante la amenaza de la involución y el cierre de las economías, apostamos por el avance y la apertura del mundo. https://t.co/Qq3yDQVSj3",3445,1087,897,121820,302,0,0,1,0.128,positive
1894830041248473521,2,February,Wed Feb 26 19:21:00 +0000 2025,"Hoy he hablado con @LulaOficial, @GabrielBoric, @petrogustavo y @OrsiYamandu sobre los peligros que plantean para nuestras democracias la desinformación y las campañas de injerencia extranjeras. 

Nuestros países van a trabajar juntos para garantizar unas redes sociales libres de https://t.co/SzDjGHFFat",8304,2439,3125,725945,304,0,4,1,0.0,neutral
1894765608220156020,2,February,Wed Feb 26 15:04:58 +0000 2025,"Frente a la involución que nos rodea, progreso.

España vuelve a brillar con luz propia en materia de igualdad de género.

 ¡Avanzamos!",1600,546,1016,144293,135,0,0,0,0.0,neutral
1894745465364553845,2,February,Wed Feb 26 13:44:56 +0000 2025,"Esta mañana me he reunido con el @eucopresident, @vonderleyen y todos los Estados miembros para impulsar la creación de un espacio europeo de seguridad y defensa y preparar el próximo Consejo Europeo.

Ucrania, España y el mundo necesitan una Europa fuerte y unida. Y se la vamos https://t.co/MyZ96SY8Ns",1760,527,640,78156,303,0,2,1,0.0,neutral
1894666918805524521,2,February,Wed Feb 26 08:32:49 +0000 2025,"No hay color entre su potencial gobierno de coalición y este gobierno de coalición.

Cada vez que Abascal se hace fotos fuera, quien se retrata es usted, señor Feijóo.

Rompa con aquellos que quieren romper con Europa.

Rompa con la ultraderecha, como hace la derecha alemana. https://t.co/9agDD4tHwz",3867,1167,1321,164030,300,0,0,1,-0.296,negative
1894431389635715330,2,February,Tue Feb 25 16:56:54 +0000 2025,"¡Qué grande eres, @JesusCalleja!

¡Deseando que nos cuentes la experiencia! ¡Te atreves con todo!",3514,438,1214,589943,97,0,1,0,0.0,neutral
1894100129646293103,2,February,Mon Feb 24 19:00:36 +0000 2025,"Ucrania, España está contigo. https://t.co/fp7leVNI9D",22234,2050,3370,1128615,53,0,0,1,0.0,neutral
1894076295606128658,2,February,Mon Feb 24 17:25:53 +0000 2025,"Con el primer ministro de Canadá, @JustinTrudeau, reafirmamos en Kyiv nuestro apoyo a Ucrania y la necesidad de que participe en las negociaciones de paz.

También hemos abordado la importancia de seguir ampliando nuestra relación comercial, y la necesidad de seguir defendiendo https://t.co/cbSeKGq0zd",4995,1047,938,177405,302,0,1,1,0.0,neutral
1893974276803371108,2,February,Mon Feb 24 10:40:30 +0000 2025,"Ucrania debe ganar una paz justa y duradera. De ello dependen la libertad, la seguridad y el futuro de todos los europeos y europeas.

Por eso acabo de anunciar en Kyiv que España enviará un nuevo paquete de ayuda militar por valor de 1.000 millones de euros al pueblo ucraniano. https://t.co/f7a7BKiIbi",4557,1075,1994,829865,303,0,0,1,0.0,neutral
1893931765275759092,2,February,Mon Feb 24 07:51:35 +0000 2025,"Felicidades a @_FriedrichMerz por la victoria electoral de anoche en Alemania.

Una Europa fuerte requiere que trabajemos unidos para afrontar retos comunes. Más competitividad, autonomía estratégica y transición ecológica y digital.",1803,364,654,160297,233,0,1,0,0.0,neutral
1893913314591171040,2,February,Mon Feb 24 06:38:16 +0000 2025,"España está con Ucrania.

Tres años después del inicio de la agresión rusa, nuestro compromiso con el pueblo ucraniano sigue intacto. Ya en Kyiv, para participar en la Cumbre Internacional de apoyo a Ucrania. https://t.co/vpv5uaTZPL",8910,1344,1629,377412,232,0,0,1,0.0,neutral
1893643723482771518,2,February,Sun Feb 23 12:47:00 +0000 2025,"A los de la motosierra: 

Que no les gusta el feminismo, pues toma Pacto de Estado contra la Violencia de Género.

Que no les gusta la reforma laboral, pues reducimos la jornada laboral.

Que no les gusta Europa, pues más Europa. https://t.co/g4XaVRQJ1k",7787,1712,3357,712782,253,0,0,1,-0.6808,negative
1893641205684298162,2,February,Sun Feb 23 12:37:00 +0000 2025,"Hoy hay elecciones en Alemania. 

Y en ninguna ecuación de gobernabilidad entrará la ultraderecha.

Esa es la diferencia entre la derecha española y la alemana. Entre una derecha moderada y una derecha tutelada por la ultraderecha.

Aquí, lo que dice Abascal va a misa. https://t.co/51vg4xTRkv",4228,962,1966,777363,293,0,0,1,0.0,neutral
1893638265850237373,2,February,Sun Feb 23 12:25:19 +0000 2025,"Nunca ha habido tantos recursos para blindar los servicios públicos. Y nunca ha habido un proceso privatizador como el que impulsa Moreno Bonilla.

En 2026 pasaremos del verbo privatizar al verbo blindar.

@mjmonteroc será una extraordinaria presidenta de Andalucía. https://t.co/ZOcZIkiEfm",2355,815,947,115400,290,0,1,1,0.5859,positive
1893276104913289505,2,February,Sat Feb 22 12:26:13 +0000 2025,"Hay quien llama dictador a @ZelenskyyUa. Recordemos que es un presidente elegido con el voto de los ucranianos y ucranianas.

Y si hay alguien que ha luchado por la democracia en Rusia, ese no ha sido Putin.

Ha sido Navalny, que pagó esa lucha por la democracia con su vida. https://t.co/XUF5MuzR5B",5003,1253,2074,453465,299,0,1,1,0.4145,positive
1893273534606049314,2,February,Sat Feb 22 12:16:00 +0000 2025,"Su lema no es todo por la patria, es todo por la pasta.

La internacional ultraderechista es como la criptomoneda de Milei, una estafa piramidal.

Su objetivo es hacer ruido mientras hacen negocio con lo público.

Frente a su motosierra, nosotros tenemos el BOE. https://t.co/uIhIPDWJgr",5116,1597,1898,276777,286,0,0,1,-0.296,negative
1893270802415411370,2,February,Sat Feb 22 12:05:09 +0000 2025,"La historia volverá a ser muy dura con los colaboracionistas del s. XXI, como lo fue con los del s. XX.

Sr. Feijóo, no se puede ser europeísta por la mañana, y acostarse con la ultraderecha por la noche. https://t.co/8pUA3PCYld",3233,997,1221,143494,228,0,0,1,-0.296,negative
1895201985416306881,2,February,Thu Feb 27 19:58:59 +0000 2025,"Frente a los bulos, los datos:

🇪🇸 España mejora su puntuación, sube dos puestos en el ranking global, y se consolida como una de las democracias más plenas del mundo según @TheEconomist.

https://t.co/GSTu85I08V https://t.co/QXYqjymkLU",6535,1839,2952,818048,236,0,1,2,0.0,neutral
1895192270728565067,2,February,Thu Feb 27 19:20:22 +0000 2025,"No muere una mujer, a una mujer la matan.

No es un calentón, es una agresión.

No es un divorcio duro, es violencia machista.

La lucha contra la #ViolenciaDeGénero no es una lucha de las mujeres contra los hombres. Es una lucha por la dignidad del género humano.

#VivasSinMiedo https://t.co/JXJOh2iUuW",7838,2154,1639,1013115,304,2,0,1,-0.7783,negative
1895111742700622278,2,February,Thu Feb 27 14:00:23 +0000 2025,"Gracias a @ITPAero por impulsar la autonomía estratégica de nuestro país y de la UE en el sector aeroespacial, donde España tiene tanto que ofrecer.

Estaremos a vuestro lado, apostando por la sostenibilidad para reforzar la cohesión territorial y la reindustrialización. https://t.co/veKsuP40Dt",1220,387,320,49912,295,0,1,1,0.0,neutral
1895090660014788959,2,February,Thu Feb 27 12:36:37 +0000 2025,"La Unión Europea no se creó contra nadie. Se creó a favor del multilateralismo y el entendimiento entre países, la paz, el desarrollo económico y la justicia social.

Ante la amenaza de la involución y el cierre de las economías, apostamos por el avance y la apertura del mundo. https://t.co/Qq3yDQVSj3",3445,1087,897,121820,302,0,0,1,0.128,positive
1894830041248473521,2,February,Wed Feb 26 19:21:00 +0000 2025,"Hoy he hablado con @LulaOficial, @GabrielBoric, @petrogustavo y @OrsiYamandu sobre los peligros que plantean para nuestras democracias la desinformación y las campañas de injerencia extranjeras. 

Nuestros países van a trabajar juntos para garantizar unas redes sociales libres de https://t.co/SzDjGHFFat",8304,2439,3125,725945,304,0,4,1,0.0,neutral
1894765608220156020,2,February,Wed Feb 26 15:04:58 +0000 2025,"Frente a la involución que nos rodea, progreso.

España vuelve a brillar con luz propia en materia de igualdad de género.

 ¡Avanzamos!",1600,556,1016,144293,135,0,0,0,0.0,neutral
1894745465364553845,2,February,Wed Feb 26 13:44:56 +0000 2025,"Esta mañana me he reunido con el @eucopresident, @vonderleyen y todos los Estados miembros para impulsar la creación de un espacio europeo de seguridad y defensa y preparar el próximo Consejo Europeo.

Ucrania, España y el mundo necesitan una Europa fuerte y unida. Y se la vamos https://t.co/MyZ96SY8Ns",1760,527,640,78156,303,0,2,1,0.0,neutral
1894666918805524521,2,February,Wed Feb 26 08:32:49 +0000 2025,"No hay color entre su potencial gobierno de coalición y este gobierno de coalición.

Cada vez que Abascal se hace fotos fuera, quien se retrata es usted, señor Feijóo.

Rompa con aquellos que quieren romper con Europa.

Rompa con la ultraderecha, como hace la derecha alemana. https://t.co/9agDD4tHwz",3868,1169,1321,164029,300,0,0,1,-0.296,negative
1894431389635715330,2,February,Tue Feb 25 16:56:54 +0000 2025,"¡Qué grande eres, @JesusCalleja!

¡Deseando que nos cuentes la experiencia! ¡Te atreves con todo!",3515,441,1214,589943,97,0,1,0,0.0,neutral
1894100129646293103,2,February,Mon Feb 24 19:00:36 +0000 2025,"Ucrania, España está contigo. https://t.co/fp7leVNI9D",22234,2051,3370,1128614,53,0,0,1,0.0,neutral
1894076295606128658,2,February,Mon Feb 24 17:25:53 +0000 2025,"Con el primer ministro de Canadá, @JustinTrudeau, reafirmamos en Kyiv nuestro apoyo a Ucrania y la necesidad de que participe en las negociaciones de paz.

También hemos abordado la importancia de seguir ampliando nuestra relación comercial, y la necesidad de seguir defendiendo https://t.co/cbSeKGq0zd",4996,1047,938,177405,302,0,1,1,0.0,neutral
1893974276803371108,2,February,Mon Feb 24 10:40:30 +0000 2025,"Ucrania debe ganar una paz justa y duradera. De ello dependen la libertad, la seguridad y el futuro de todos los europeos y europeas.

Por eso acabo de anunciar en Kyiv que España enviará un nuevo paquete de ayuda militar por valor de 1.000 millones de euros al pueblo ucraniano. https://t.co/f7a7BKiIbi",4557,1075,1994,829864,303,0,0,1,0.0,neutral
1893931765275759092,2,February,Mon Feb 24 07:51:35 +0000 2025,"Felicidades a @_FriedrichMerz por la victoria electoral de anoche en Alemania.

Una Europa fuerte requiere que trabajemos unidos para afrontar retos comunes. Más competitividad, autonomía estratégica y transición ecológica y digital.",1804,364,654,160296,233,0,1,0,0.0,neutral
1893913314591171040,2,February,Mon Feb 24 06:38:16 +0000 2025,"España está con Ucrania.

Tres años después del inicio de la agresión rusa, nuestro compromiso con el pueblo ucraniano sigue intacto. Ya en Kyiv, para participar en la Cumbre Internacional de apoyo a Ucrania. https://t.co/vpv5uaTZPL",8911,1345,1629,377411,232,0,0,1,0.0,neutral
1893643723482771518,2,February,Sun Feb 23 12:47:00 +0000 2025,"A los de la motosierra: 

Que no les gusta el feminismo, pues toma Pacto de Estado contra la Violencia de Género.

Que no les gusta la reforma laboral, pues reducimos la jornada laboral.

Que no les gusta Europa, pues más Europa. https://t.co/g4XaVRQJ1k",7788,1712,3357,712781,253,0,0,1,-0.6808,negative
1893641205684298162,2,February,Sun Feb 23 12:37:00 +0000 2025,"Hoy hay elecciones en Alemania. 

Y en ninguna ecuación de gobernabilidad entrará la ultraderecha.

Esa es la diferencia entre la derecha española y la alemana. Entre una derecha moderada y una derecha tutelada por la ultraderecha.

Aquí, lo que dice Abascal va a misa. https://t.co/51vg4xTRkv",4229,962,1966,777362,293,0,0,1,0.0,neutral
1893638265850237373,2,February,Sun Feb 23 12:25:19 +0000 2025,"Nunca ha habido tantos recursos para blindar los servicios públicos. Y nunca ha habido un proceso privatizador como el que impulsa Moreno Bonilla.

En 2026 pasaremos del verbo privatizar al verbo blindar.

@mjmonteroc será una extraordinaria presidenta de Andalucía. https://t.co/ZOcZIkiEfm",2355,815,947,115399,290,0,1,1,0.5859,positive
1893276104913289505,2,February,Sat Feb 22 12:26:13 +0000 2025,"Hay quien llama dictador a @ZelenskyyUa. Recordemos que es un presidente elegido con el voto de los ucranianos y ucranianas.

Y si hay alguien que ha luchado por la democracia en Rusia, ese no ha sido Putin.

Ha sido Navalny, que pagó esa lucha por la democracia con su vida. https://t.co/XUF5MuzR5B",5003,1253,2074,453464,299,0,1,1,0.4145,positive
1893273534606049314,2,February,Sat Feb 22 12:16:00 +0000 2025,"Su lema no es todo por la patria, es todo por la pasta.

La internacional ultraderechista es como la criptomoneda de Milei, una estafa piramidal.

Su objetivo es hacer ruido mientras hacen negocio con lo público.

Frente a su motosierra, nosotros tenemos el BOE. https://t.co/uIhIPDWJgr",5118,1599,1898,276777,286,0,0,1,-0.296,negative
1893270802415411370,2,February,Sat Feb 22 12:05:09 +0000 2025,"La historia volverá a ser muy dura con los colaboracionistas del s. XXI, como lo fue con los del s. XX.

Sr. Feijóo, no se puede ser europeísta por la mañana, y acostarse con la ultraderecha por la noche. https://t.co/8pUA3PCYld",3233,999,1221,143494,228,0,0,1,-0.296,negative
1895201985416306881,2,February,Thu Feb 27 19:58:59 +0000 2025,"Frente a los bulos, los datos:

🇪🇸 España mejora su puntuación, sube dos puestos en el ranking global, y se consolida como una de las democracias más plenas del mundo según @TheEconomist.

https://t.co/GSTu85I08V https://t.co/QXYqjymkLU",6535,1839,2952,818048,236,0,1,2,0.0,neutral
1895192270728565067,2,February,Thu Feb 27 19:20:22 +0000 2025,"No muere una mujer, a una mujer la matan.

No es un calentón, es una agresión.

No es un divorcio duro, es violencia machista.

La lucha contra la #ViolenciaDeGénero no es una lucha de las mujeres contra los hombres. Es una lucha por la dignidad del género humano.

#VivasSinMiedo https://t.co/JXJOh2iUuW",7838,2154,1639,1013115,304,2,0,1,-0.7783,negative
1895111742700622278,2,February,Thu Feb 27 14:00:23 +0000 2025,"Gracias a @ITPAero por impulsar la autonomía estratégica de nuestro país y de la UE en el sector aeroespacial, donde España tiene tanto que ofrecer.

Estaremos a vuestro lado, apostando por la sostenibilidad para reforzar la cohesión territorial y la reindustrialización. https://t.co/veKsuP40Dt",1220,387,320,49912,295,0,1,1,0.0,neutral
1895090660014788959,2,February,Thu Feb 27 12:36:37 +0000 2025,"La Unión Europea no se creó contra nadie. Se creó a favor del multilateralismo y el entendimiento entre países, la paz, el desarrollo económico y la justicia social.

Ante la amenaza de la involución y el cierre de las economías, apostamos por el avance y la apertura del mundo. https://t.co/Qq3yDQVSj3",3445,1087,897,121820,302,0,0,1,0.128,positive
1894830041248473521,2,February,Wed Feb 26 19:21:00 +0000 2025,"Hoy he hablado con @LulaOficial, @GabrielBoric, @petrogustavo y @OrsiYamandu sobre los peligros que plantean para nuestras democracias la desinformación y las campañas de injerencia extranjeras. 

Nuestros países van a trabajar juntos para garantizar unas redes sociales libres de https://t.co/SzDjGHFFat",8304,2439,3125,725945,304,0,4,1,0.0,neutral
1894765608220156020,2,February,Wed Feb 26 15:04:58 +0000 2025,"Frente a la involución que nos rodea, progreso.

España vuelve a brillar con luz propia en materia de igualdad de género.

 ¡Avanzamos!",1600,556,1016,144293,135,0,0,0,0.0,neutral
1894745465364553845,2,February,Wed Feb 26 13:44:56 +0000 2025,"Esta mañana me he reunido con el @eucopresident, @vonderleyen y todos los Estados miembros para impulsar la creación de un espacio europeo de seguridad y defensa y preparar el próximo Consejo Europeo.

Ucrania, España y el mundo necesitan una Europa fuerte y unida. Y se la vamos https://t.co/MyZ96SY8Ns",1760,527,640,78156,303,0,2,1,0.0,neutral
1894666918805524521,2,February,Wed Feb 26 08:32:49 +0000 2025,"No hay color entre su potencial gobierno de coalición y este gobierno de coalición.

Cada vez que Abascal se hace fotos fuera, quien se retrata es usted, señor Feijóo.

Rompa con aquellos que quieren romper con Europa.

Rompa con la ultraderecha, como hace la derecha alemana. https://t.co/9agDD4tHwz",3868,1169,1321,164029,300,0,0,1,-0.296,negative
1894431389635715330,2,February,Tue Feb 25 16:56:54 +0000 2025,"¡Qué grande eres, @JesusCalleja!

¡Deseando que nos cuentes la experiencia! ¡Te atreves con todo!",3515,441,1214,589943,97,0,1,0,0.0,neutral
1894100129646293103,2,February,Mon Feb 24 19:00:36 +0000 2025,"Ucrania, España está contigo. https://t.co/fp7leVNI9D",22234,2051,3370,1128614,53,0,0,1,0.0,neutral
1894076295606128658,2,February,Mon Feb 24 17:25:53 +0000 2025,"Con el primer ministro de Canadá, @JustinTrudeau, reafirmamos en Kyiv nuestro apoyo a Ucrania y la necesidad de que participe en las negociaciones de paz.

También hemos abordado la importancia de seguir ampliando nuestra relación comercial, y la necesidad de seguir defendiendo https://t.co/cbSeKGq0zd",4996,1047,938,177405,302,0,1,1,0.0,neutral
1893974276803371108,2,February,Mon Feb 24 10:40:30 +0000 2025,"Ucrania debe ganar una paz justa y duradera. De ello dependen la libertad, la seguridad y el futuro de todos los europeos y europeas.

Por eso acabo de anunciar en Kyiv que España enviará un nuevo paquete de ayuda militar por valor de 1.000 millones de euros al pueblo ucraniano. https://t.co/f7a7BKiIbi",4557,1075,1994,829864,303,0,0,1,0.0,neutral
1893931765275759092,2,February,Mon Feb 24 07:51:35 +0000 2025,"Felicidades a @_FriedrichMerz por la victoria electoral de anoche en Alemania.

Una Europa fuerte requiere que trabajemos unidos para afrontar retos comunes. Más competitividad, autonomía estratégica y transición ecológica y digital.",1804,364,654,160296,233,0,1,0,0.0,neutral
1893913314591171040,2,February,Mon Feb 24 06:38:16 +0000 2025,"España está con Ucrania.

Tres años después del inicio de la agresión rusa, nuestro compromiso con el pueblo ucraniano sigue intacto. Ya en Kyiv, para participar en la Cumbre Internacional de apoyo a Ucrania. https://t.co/vpv5uaTZPL",8911,1345,1629,377411,232,0,0,1,0.0,neutral
1893643723482771518,2,February,Sun Feb 23 12:47:00 +0000 2025,"A los de la motosierra: 

Que no les gusta el feminismo, pues toma Pacto de Estado contra la Violencia de Género.

Que no les gusta la reforma laboral, pues reducimos la jornada laboral.

Que no les gusta Europa, pues más Europa. https://t.co/g4XaVRQJ1k",7788,1712,3357,712781,253,0,0,1,-0.6808,negative
1893641205684298162,2,February,Sun Feb 23 12:37:00 +0000 2025,"Hoy hay elecciones en Alemania. 

Y en ninguna ecuación de gobernabilidad entrará la ultraderecha.

Esa es la diferencia entre la derecha española y la alemana. Entre una derecha moderada y una derecha tutelada por la ultraderecha.

Aquí, lo que dice Abascal va a misa. https://t.co/51vg4xTRkv",4229,962,1966,777362,293,0,0,1,0.0,neutral
1893638265850237373,2,February,Sun Feb 23 12:25:19 +0000 2025,"Nunca ha habido tantos recursos para blindar los servicios públicos. Y nunca ha habido un proceso privatizador como el que impulsa Moreno Bonilla.

En 2026 pasaremos del verbo privatizar al verbo blindar.

@mjmonteroc será una extraordinaria presidenta de Andalucía. https://t.co/ZOcZIkiEfm",2355,815,947,115399,290,0,1,1,0.5859,positive
1893276104913289505,2,February,Sat Feb 22 12:26:13 +0000 2025,"Hay quien llama dictador a @ZelenskyyUa. Recordemos que es un presidente elegido con el voto de los ucranianos y ucranianas.

Y si hay alguien que ha luchado por la democracia en Rusia, ese no ha sido Putin.

Ha sido Navalny, que pagó esa lucha por la democracia con su vida. https://t.co/XUF5MuzR5B",5003,1253,2074,453464,299,0,1,1,0.4145,positive
1893273534606049314,2,February,Sat Feb 22 12:16:00 +0000 2025,"Su lema no es todo por la patria, es todo por la pasta.

La internacional ultraderechista es como la criptomoneda de Milei, una estafa piramidal.

Su objetivo es hacer ruido mientras hacen negocio con lo público.

Frente a su motosierra, nosotros tenemos el BOE. https://t.co/uIhIPDWJgr",5118,1599,1898,276777,286,0,0,1,-0.296,negative
1893270802415411370,2,February,Sat Feb 22 12:05:09 +0000 2025,"La historia volverá a ser muy dura con los colaboracionistas del s. XXI, como lo fue con los del s. XX.

Sr. Feijóo, no se puede ser europeísta por la mañana, y acostarse con la ultraderecha por la noche. https://t.co/8pUA3PCYld",3233,999,1221,143494,228,0,0,1,-0.296,negative
1895201985416306881,2,February,Thu Feb 27 19:58:59 +0000 2025,"Frente a los bulos, los datos:

🇪🇸 España mejora su puntuación, sube dos puestos en el ranking global, y se consolida como una de las democracias más plenas del mundo según @TheEconomist.

https://t.co/GSTu85I08V https://t.co/QXYqjymkLU",6535,1840,2952,818050,236,0,1,2,0.0,neutral
1895192270728565067,2,February,Thu Feb 27 19:20:22 +0000 2025,"No muere una mujer, a una mujer la matan.

No es un calentón, es una agresión.

No es un divorcio duro, es violencia machista.

La lucha contra la #ViolenciaDeGénero no es una lucha de las mujeres contra los hombres. Es una lucha por la dignidad del género humano.

#VivasSinMiedo https://t.co/JXJOh2iUuW",7838,2154,1639,1013117,304,2,0,1,-0.7783,negative
1895111742700622278,2,February,Thu Feb 27 14:00:23 +0000 2025,"Gracias a @ITPAero por impulsar la autonomía estratégica de nuestro país y de la UE en el sector aeroespacial, donde España tiene tanto que ofrecer.

Estaremos a vuestro lado, apostando por la sostenibilidad para reforzar la cohesión territorial y la reindustrialización. https://t.co/veKsuP40Dt",1220,387,320,49913,295,0,1,1,0.0,neutral
1895090660014788959,2,February,Thu Feb 27 12:36:37 +0000 2025,"La Unión Europea no se creó contra nadie. Se creó a favor del multilateralismo y el entendimiento entre países, la paz, el desarrollo económico y la justicia social.

Ante la amenaza de la involución y el cierre de las economías, apostamos por el avance y la apertura del mundo. https://t.co/Qq3yDQVSj3",3445,1087,897,121820,302,0,0,1,0.128,positive
1894830041248473521,2,February,Wed Feb 26 19:21:00 +0000 2025,"Hoy he hablado con @LulaOficial, @GabrielBoric, @petrogustavo y @OrsiYamandu sobre los peligros que plantean para nuestras democracias la desinformación y las campañas de injerencia extranjeras. 

Nuestros países van a trabajar juntos para garantizar unas redes sociales libres de https://t.co/SzDjGHFFat",8304,2439,3125,725945,304,0,4,1,0.0,neutral
1894765608220156020,2,February,Wed Feb 26 15:04:58 +0000 2025,"Frente a la involución que nos rodea, progreso.

España vuelve a brillar con luz propia en materia de igualdad de género.

 ¡Avanzamos!",1600,546,1016,144293,135,0,0,0,0.0,neutral
1894745465364553845,2,February,Wed Feb 26 13:44:56 +0000 2025,"Esta mañana me he reunido con el @eucopresident, @vonderleyen y todos los Estados miembros para impulsar la creación de un espacio europeo de seguridad y defensa y preparar el próximo Consejo Europeo.

Ucrania, España y el mundo necesitan una Europa fuerte y unida. Y se la vamos https://t.co/MyZ96SY8Ns",1760,527,640,78156,303,0,2,1,0.0,neutral
1894666918805524521,2,February,Wed Feb 26 08:32:49 +0000 2025,"No hay color entre su potencial gobierno de coalición y este gobierno de coalición.

Cada vez que Abascal se hace fotos fuera, quien se retrata es usted, señor Feijóo.

Rompa con aquellos que quieren romper con Europa.

Rompa con la ultraderecha, como hace la derecha alemana. https://t.co/9agDD4tHwz",3867,1167,1321,164030,300,0,0,1,-0.296,negative
1894431389635715330,2,February,Tue Feb 25 16:56:54 +0000 2025,"¡Qué grande eres, @JesusCalleja!

¡Deseando que nos cuentes la experiencia! ¡Te atreves con todo!",3514,438,1214,589943,97,0,1,0,0.0,neutral
1894100129646293103,2,February,Mon Feb 24 19:00:36 +0000 2025,"Ucrania, España está contigo. https://t.co/fp7leVNI9D",22234,2050,3370,1128615,53,0,0,1,0.0,neutral
1894076295606128658,2,February,Mon Feb 24 17:25:53 +0000 2025,"Con el primer ministro de Canadá, @JustinTrudeau, reafirmamos en Kyiv nuestro apoyo a Ucrania y la necesidad de que participe en las negociaciones de paz.

También hemos abordado la importancia de seguir ampliando nuestra relación comercial, y la necesidad de seguir defendiendo https://t.co/cbSeKGq0zd",4995,1047,938,177405,302,0,1,1,0.0,neutral
1893974276803371108,2,February,Mon Feb 24 10:40:30 +0000 2025,"Ucrania debe ganar una paz justa y duradera. De ello dependen la libertad, la seguridad y el futuro de todos los europeos y europeas.

Por eso acabo de anunciar en Kyiv que España enviará un nuevo paquete de ayuda militar por valor de 1.000 millones de euros al pueblo ucraniano. https://t.co/f7a7BKiIbi",4557,1075,1994,829865,303,0,0,1,0.0,neutral
1893931765275759092,2,February,Mon Feb 24 07:51:35 +0000 2025,"Felicidades a @_FriedrichMerz por la victoria electoral de anoche en Alemania.

Una Europa fuerte requiere que trabajemos unidos para afrontar retos comunes. Más competitividad, autonomía estratégica y transición ecológica y digital.",1803,364,654,160297,233,0,1,0,0.0,neutral
1893913314591171040,2,February,Mon Feb 24 06:38:16 +0000 2025,"España está con Ucrania.

Tres años después del inicio de la agresión rusa, nuestro compromiso con el pueblo ucraniano sigue intacto. Ya en Kyiv, para participar en la Cumbre Internacional de apoyo a Ucrania. https://t.co/vpv5uaTZPL",8910,1344,1629,377412,232,0,0,1,0.0,neutral
1893643723482771518,2,February,Sun Feb 23 12:47:00 +0000 2025,"A los de la motosierra: 

Que no les gusta el feminismo, pues toma Pacto de Estado contra la Violencia de Género.

Que no les gusta la reforma laboral, pues reducimos la jornada laboral.

Que no les gusta Europa, pues más Europa. https://t.co/g4XaVRQJ1k",7787,1712,3357,712782,253,0,0,1,-0.6808,negative
1893641205684298162,2,February,Sun Feb 23 12:37:00 +0000 2025,"Hoy hay elecciones en Alemania. 

Y en ninguna ecuación de gobernabilidad entrará la ultraderecha.

Esa es la diferencia entre la derecha española y la alemana. Entre una derecha moderada y una derecha tutelada por la ultraderecha.

Aquí, lo que dice Abascal va a misa. https://t.co/51vg4xTRkv",4228,962,1966,777363,293,0,0,1,0.0,neutral
1893638265850237373,2,February,Sun Feb 23 12:25:19 +0000 2025,"Nunca ha habido tantos recursos para blindar los servicios públicos. Y nunca ha habido un proceso privatizador como el que impulsa Moreno Bonilla.

En 2026 pasaremos del verbo privatizar al verbo blindar.

@mjmonteroc será una extraordinaria presidenta de Andalucía. https://t.co/ZOcZIkiEfm",2355,815,947,115400,290,0,1,1,0.5859,positive
1893276104913289505,2,February,Sat Feb 22 12:26:13 +0000 2025,"Hay quien llama dictador a @ZelenskyyUa. Recordemos que es un presidente elegido con el voto de los ucranianos y ucranianas.

Y si hay alguien que ha luchado por la democracia en Rusia, ese no ha sido Putin.

Ha sido Navalny, que pagó esa lucha por la democracia con su vida. https://t.co/XUF5MuzR5B",5003,1253,2074,453465,299,0,1,1,0.4145,positive
1893273534606049314,2,February,Sat Feb 22 12:16:00 +0000 2025,"Su lema no es todo por la patria, es todo por la pasta.

La internacional ultraderechista es como la criptomoneda de Milei, una estafa piramidal.

Su objetivo es hacer ruido mientras hacen negocio con lo público.

Frente a su motosierra, nosotros tenemos el BOE. https://t.co/uIhIPDWJgr",5116,1597,1898,276777,286,0,0,1,-0.296,negative
1893270802415411370,2,February,Sat Feb 22 12:05:09 +0000 2025,"La historia volverá a ser muy dura con los colaboracionistas del s. XXI, como lo fue con los del s. XX.

Sr. Feijóo, no se puede ser europeísta por la mañana, y acostarse con la ultraderecha por la noche. https://t.co/8pUA3PCYld",3233,997,1221,143494,228,0,0,1,-0.296,negative
1895201985416306881,2,February,Thu Feb 27 19:58:59 +0000 2025,"Frente a los bulos, los datos:

🇪🇸 España mejora su puntuación, sube dos puestos en el ranking global, y se consolida como una de las democracias más plenas del mundo según @TheEconomist.

https://t.co/GSTu85I08V https://t.co/QXYqjymkLU",6535,1839,2952,818048,236,0,1,2,0.0,neutral
1895192270728565067,2,February,Thu Feb 27 19:20:22 +0000 2025,"No muere una mujer, a una mujer la matan.

No es un calentón, es una agresión.

No es un divorcio duro, es violencia machista.

La lucha contra la #ViolenciaDeGénero no es una lucha de las mujeres contra los hombres. Es una lucha por la dignidad del género humano.

#VivasSinMiedo https://t.co/JXJOh2iUuW",7838,2154,1639,1013115,304,2,0,1,-0.7783,negative
1895111742700622278,2,February,Thu Feb 27 14:00:23 +0000 2025,"Gracias a @ITPAero por impulsar la autonomía estratégica de nuestro país y de la UE en el sector aeroespacial, donde España tiene tanto que ofrecer.

Estaremos a vuestro lado, apostando por la sostenibilidad para reforzar la cohesión territorial y la reindustrialización. https://t.co/veKsuP40Dt",1220,387,320,49912,295,0,1,1,0.0,neutral
1895090660014788959,2,February,Thu Feb 27 12:36:37 +0000 2025,"La Unión Europea no se creó contra nadie. Se creó a favor del multilateralismo y el entendimiento entre países, la paz, el desarrollo económico y la justicia social.

Ante la amenaza de la involución y el cierre de las economías, apostamos por el avance y la apertura del mundo. https://t.co/Qq3yDQVSj3",3445,1087,897,121820,302,0,0,1,0.128,positive
1894830041248473521,2,February,Wed Feb 26 19:21:00 +0000 2025,"Hoy he hablado con @LulaOficial, @GabrielBoric, @petrogustavo y @OrsiYamandu sobre los peligros que plantean para nuestras democracias la desinformación y las campañas de injerencia extranjeras. 

Nuestros países van a trabajar juntos para garantizar unas redes sociales libres de https://t.co/SzDjGHFFat",8304,2439,3125,725945,304,0,4,1,0.0,neutral
1894765608220156020,2,February,Wed Feb 26 15:04:58 +0000 2025,"Frente a la involución que nos rodea, progreso.

España vuelve a brillar con luz propia en materia de igualdad de género.

 ¡Avanzamos!",1600,556,1016,144293,135,0,0,0,0.0,neutral
1894745465364553845,2,February,Wed Feb 26 13:44:56 +0000 2025,"Esta mañana me he reunido con el @eucopresident, @vonderleyen y todos los Estados miembros para impulsar la creación de un espacio europeo de seguridad y defensa y preparar el próximo Consejo Europeo.

Ucrania, España y el mundo necesitan una Europa fuerte y unida. Y se la vamos https://t.co/MyZ96SY8Ns",1760,527,640,78156,303,0,2,1,0.0,neutral
1894666918805524521,2,February,Wed Feb 26 08:32:49 +0000 2025,"No hay color entre su potencial gobierno de coalición y este gobierno de coalición.

Cada vez que Abascal se hace fotos fuera, quien se retrata es usted, señor Feijóo.

Rompa con aquellos que quieren romper con Europa.

Rompa con la ultraderecha, como hace la derecha alemana. https://t.co/9agDD4tHwz",3868,1169,1321,164029,300,0,0,1,-0.296,negative
1894431389635715330,2,February,Tue Feb 25 16:56:54 +0000 2025,"¡Qué grande eres, @JesusCalleja!

¡Deseando que nos cuentes la experiencia! ¡Te atreves con todo!",3515,441,1214,589943,97,0,1,0,0.0,neutral
1894100129646293103,2,February,Mon Feb 24 19:00:36 +0000 2025,"Ucrania, España está contigo. https://t.co/fp7leVNI9D",22234,2051,3370,1128614,53,0,0,1,0.0,neutral
1894076295606128658,2,February,Mon Feb 24 17:25:53 +0000 2025,"Con el primer ministro de Canadá, @JustinTrudeau, reafirmamos en Kyiv nuestro apoyo a Ucrania y la necesidad de que participe en las negociaciones de paz.

También hemos abordado la importancia de seguir ampliando nuestra relación comercial, y la necesidad de seguir defendiendo https://t.co/cbSeKGq0zd",4996,1047,938,177405,302,0,1,1,0.0,neutral
1893974276803371108,2,February,Mon Feb 24 10:40:30 +0000 2025,"Ucrania debe ganar una paz justa y duradera. De ello dependen la libertad, la seguridad y el futuro de todos los europeos y europeas.

Por eso acabo de anunciar en Kyiv que España enviará un nuevo paquete de ayuda militar por valor de 1.000 millones de euros al pueblo ucraniano. https://t.co/f7a7BKiIbi",4557,1075,1994,829864,303,0,0,1,0.0,neutral
1893931765275759092,2,February,Mon Feb 24 07:51:35 +0000 2025,"Felicidades a @_FriedrichMerz por la victoria electoral de anoche en Alemania.

Una Europa fuerte requiere que trabajemos unidos para afrontar retos comunes. Más competitividad, autonomía estratégica y transición ecológica y digital.",1804,364,654,160296,233,0,1,0,0.0,neutral
1893913314591171040,2,February,Mon Feb 24 06:38:16 +0000 2025,"España está con Ucrania.

Tres años después del inicio de la agresión rusa, nuestro compromiso con el pueblo ucraniano sigue intacto. Ya en Kyiv, para participar en la Cumbre Internacional de apoyo a Ucrania. https://t.co/vpv5uaTZPL",8911,1345,1629,377411,232,0,0,1,0.0,neutral
1893643723482771518,2,February,Sun Feb 23 12:47:00 +0000 2025,"A los de la motosierra: 

Que no les gusta el feminismo, pues toma Pacto de Estado contra la Violencia de Género.

Que no les gusta la reforma laboral, pues reducimos la jornada laboral.

Que no les gusta Europa, pues más Europa. https://t.co/g4XaVRQJ1k",7788,1712,3357,712781,253,0,0,1,-0.6808,negative
1893641205684298162,2,February,Sun Feb 23 12:37:00 +0000 2025,"Hoy hay elecciones en Alemania. 

Y en ninguna ecuación de gobernabilidad entrará la ultraderecha.

Esa es la diferencia entre la derecha española y la alemana. Entre una derecha moderada y una derecha tutelada por la ultraderecha.

Aquí, lo que dice Abascal va a misa. https://t.co/51vg4xTRkv",4229,962,1966,777362,293,0,0,1,0.0,neutral
1893638265850237373,2,February,Sun Feb 23 12:25:19 +0000 2025,"Nunca ha habido tantos recursos para blindar los servicios públicos. Y nunca ha habido un proceso privatizador como el que impulsa Moreno Bonilla.

En 2026 pasaremos del verbo privatizar al verbo blindar.

@mjmonteroc será una extraordinaria presidenta de Andalucía. https://t.co/ZOcZIkiEfm",2355,815,947,115399,290,0,1,1,0.5859,positive
1893276104913289505,2,February,Sat Feb 22 12:26:13 +0000 2025,"Hay quien llama dictador a @ZelenskyyUa. Recordemos que es un presidente elegido con el voto de los ucranianos y ucranianas.

Y si hay alguien que ha luchado por la democracia en Rusia, ese no ha sido Putin.

Ha sido Navalny, que pagó esa lucha por la democracia con su vida. https://t.co/XUF5MuzR5B",5003,1253,2074,453464,299,0,1,1,0.4145,positive
1893273534606049314,2,February,Sat Feb 22 12:16:00 +0000 2025,"Su lema no es todo por la patria, es todo por la pasta.

La internacional ultraderechista es como la criptomoneda de Milei, una estafa piramidal.

Su objetivo es hacer ruido mientras hacen negocio con lo público.

Frente a su motosierra, nosotros tenemos el BOE. https://t.co/uIhIPDWJgr",5118,1599,1898,276777,286,0,0,1,-0.296,negative
1893270802415411370,2,February,Sat Feb 22 12:05:09 +0000 2025,"La historia volverá a ser muy dura con los colaboracionistas del s. XXI, como lo fue con los del s. XX.

Sr. Feijóo, no se puede ser europeísta por la mañana, y acostarse con la ultraderecha por la noche. https://t.co/8pUA3PCYld",3233,999,1221,143494,228,0,0,1,-0.296,negative
1895201985416306881,2,February,Thu Feb 27 19:58:59 +0000 2025,"Frente a los bulos, los datos:

🇪🇸 España mejora su puntuación, sube dos puestos en el ranking global, y se consolida como una de las democracias más plenas del mundo según @TheEconomist.

https://t.co/GSTu85I08V https://t.co/QXYqjymkLU",6535,1839,2952,818048,236,0,1,2,0.0,neutral
1895192270728565067,2,February,Thu Feb 27 19:20:22 +0000 2025,"No muere una mujer, a una mujer la matan.

No es un calentón, es una agresión.

No es un divorcio duro, es violencia machista.

La lucha contra la #ViolenciaDeGénero no es una lucha de las mujeres contra los hombres. Es una lucha por la dignidad del género humano.

#VivasSinMiedo https://t.co/JXJOh2iUuW",7838,2154,1639,1013115,304,2,0,1,-0.7783,negative
1895111742700622278,2,February,Thu Feb 27 14:00:23 +0000 2025,"Gracias a @ITPAero por impulsar la autonomía estratégica de nuestro país y de la UE en el sector aeroespacial, donde España tiene tanto que ofrecer.

Estaremos a vuestro lado, apostando por la sostenibilidad para reforzar la cohesión territorial y la reindustrialización. https://t.co/veKsuP40Dt",1220,387,320,49912,295,0,1,1,0.0,neutral
1895090660014788959,2,February,Thu Feb 27 12:36:37 +0000 2025,"La Unión Europea no se creó contra nadie. Se creó a favor del multilateralismo y el entendimiento entre países, la paz, el desarrollo económico y la justicia social.

Ante la amenaza de la involución y el cierre de las economías, apostamos por el avance y la apertura del mundo. https://t.co/Qq3yDQVSj3",3445,1087,897,121820,302,0,0,1,0.128,positive
1894830041248473521,2,February,Wed Feb 26 19:21:00 +0000 2025,"Hoy he hablado con @LulaOficial, @GabrielBoric, @petrogustavo y @OrsiYamandu sobre los peligros que plantean para nuestras democracias la desinformación y las campañas de injerencia extranjeras. 

Nuestros países van a trabajar juntos para garantizar unas redes sociales libres de https://t.co/SzDjGHFFat",8304,2439,3125,725945,304,0,4,1,0.0,neutral
1894765608220156020,2,February,Wed Feb 26 15:04:58 +0000 2025,"Frente a la involución que nos rodea, progreso.

España vuelve a brillar con luz propia en materia de igualdad de género.

 ¡Avanzamos!",1600,556,1016,144293,135,0,0,0,0.0,neutral
1894745465364553845,2,February,Wed Feb 26 13:44:56 +0000 2025,"Esta mañana me he reunido con el @eucopresident, @vonderleyen y todos los Estados miembros para impulsar la creación de un espacio europeo de seguridad y defensa y preparar el próximo Consejo Europeo.

Ucrania, España y el mundo necesitan una Europa fuerte y unida. Y se la vamos https://t.co/MyZ96SY8Ns",1760,527,640,78156,303,0,2,1,0.0,neutral
1894666918805524521,2,February,Wed Feb 26 08:32:49 +0000 2025,"No hay color entre su potencial gobierno de coalición y este gobierno de coalición.

Cada vez que Abascal se hace fotos fuera, quien se retrata es usted, señor Feijóo.

Rompa con aquellos que quieren romper con Europa.

Rompa con la ultraderecha, como hace la derecha alemana. https://t.co/9agDD4tHwz",3868,1169,1321,164029,300,0,0,1,-0.296,negative
1894431389635715330,2,February,Tue Feb 25 16:56:54 +0000 2025,"¡Qué grande eres, @JesusCalleja!

¡Deseando que nos cuentes la experiencia! ¡Te atreves con todo!",3515,441,1214,589943,97,0,1,0,0.0,neutral
1894100129646293103,2,February,Mon Feb 24 19:00:36 +0000 2025,"Ucrania, España está contigo. https://t.co/fp7leVNI9D",22234,2051,3370,1128614,53,0,0,1,0.0,neutral
1894076295606128658,2,February,Mon Feb 24 17:25:53 +0000 2025,"Con el primer ministro de Canadá, @JustinTrudeau, reafirmamos en Kyiv nuestro apoyo a Ucrania y la necesidad de que participe en las negociaciones de paz.

También hemos abordado la importancia de seguir ampliando nuestra relación comercial, y la necesidad de seguir defendiendo https://t.co/cbSeKGq0zd",4996,1047,938,177405,302,0,1,1,0.0,neutral
1893974276803371108,2,February,Mon Feb 24 10:40:30 +0000 2025,"Ucrania debe ganar una paz justa y duradera. De ello dependen la libertad, la seguridad y el futuro de todos los europeos y europeas.

Por eso acabo de anunciar en Kyiv que España enviará un nuevo paquete de ayuda militar por valor de 1.000 millones de euros al pueblo ucraniano. https://t.co/f7a7BKiIbi",4557,1075,1994,829864,303,0,0,1,0.0,neutral
1893931765275759092,2,February,Mon Feb 24 07:51:35 +0000 2025,"Felicidades a @_FriedrichMerz por la victoria electoral de anoche en Alemania.

Una Europa fuerte requiere que trabajemos unidos para afrontar retos comunes. Más competitividad, autonomía estratégica y transición ecológica y digital.",1804,364,654,160296,233,0,1,0,0.0,neutral
1893913314591171040,2,February,Mon Feb 24 06:38:16 +0000 2025,"España está con Ucrania.

Tres años después del inicio de la agresión rusa, nuestro compromiso con el pueblo ucraniano sigue intacto. Ya en Kyiv, para participar en la Cumbre Internacional de apoyo a Ucrania. https://t.co/vpv5uaTZPL",8911,1345,1629,377411,232,0,0,1,0.0,neutral
1893643723482771518,2,February,Sun Feb 23 12:47:00 +0000 2025,"A los de la motosierra: 

Que no les gusta el feminismo, pues toma Pacto de Estado contra la Violencia de Género.

Que no les gusta la reforma laboral, pues reducimos la jornada laboral.

Que no les gusta Europa, pues más Europa. https://t.co/g4XaVRQJ1k",7788,1712,3357,712781,253,0,0,1,-0.6808,negative
1893641205684298162,2,February,Sun Feb 23 12:37:00 +0000 2025,"Hoy hay elecciones en Alemania. 

Y en ninguna ecuación de gobernabilidad entrará la ultraderecha.

Esa es la diferencia entre la derecha española y la alemana. Entre una derecha moderada y una derecha tutelada por la ultraderecha.

Aquí, lo que dice Abascal va a misa. https://t.co/51vg4xTRkv",4229,962,1966,777362,293,0,0,1,0.0,neutral
1893638265850237373,2,February,Sun Feb 23 12:25:19 +0000 2025,"Nunca ha habido tantos recursos para blindar los servicios públicos. Y nunca ha habido un proceso privatizador como el que impulsa Moreno Bonilla.

En 2026 pasaremos del verbo privatizar al verbo blindar.

@mjmonteroc será una extraordinaria presidenta de Andalucía. https://t.co/ZOcZIkiEfm",2355,815,947,115399,290,0,1,1,0.5859,positive
1893276104913289505,2,February,Sat Feb 22 12:26:13 +0000 2025,"Hay quien llama dictador a @ZelenskyyUa. Recordemos que es un presidente elegido con el voto de los ucranianos y ucranianas.

Y si hay alguien que ha luchado por la democracia en Rusia, ese no ha sido Putin.

Ha sido Navalny, que pagó esa lucha por la democracia con su vida. https://t.co/XUF5MuzR5B",5003,1253,2074,453464,299,0,1,1,0.4145,positive
1893273534606049314,2,February,Sat Feb 22 12:16:00 +0000 2025,"Su lema no es todo por la patria, es todo por la pasta.

La internacional ultraderechista es como la criptomoneda de Milei, una estafa piramidal.

Su objetivo es hacer ruido mientras hacen negocio con lo público.

Frente a su motosierra, nosotros tenemos el BOE. https://t.co/uIhIPDWJgr",5118,1599,1898,276777,286,0,0,1,-0.296,negative
1893270802415411370,2,February,Sat Feb 22 12:05:09 +0000 2025,"La historia volverá a ser muy dura con los colaboracionistas del s. XXI, como lo fue con los del s. XX.

Sr. Feijóo, no se puede ser europeísta por la mañana, y acostarse con la ultraderecha por la noche. https://t.co/8pUA3PCYld",3233,999,1221,143494,228,0,0,1,-0.296,negative
1895201985416306881,2,February,Thu Feb 27 19:58:59 +0000 2025,"Frente a los bulos, los datos:

🇪🇸 España mejora su puntuación, sube dos puestos en el ranking global, y se consolida como una de las democracias más plenas del mundo según @TheEconomist.

https://t.co/GSTu85I08V https://t.co/QXYqjymkLU",6535,1840,2952,818050,236,0,1,2,0.0,neutral
1895192270728565067,2,February,Thu Feb 27 19:20:22 +0000 2025,"No muere una mujer, a una mujer la matan.

No es un calentón, es una agresión.

No es un divorcio duro, es violencia machista.

La lucha contra la #ViolenciaDeGénero no es una lucha de las mujeres contra los hombres. Es una lucha por la dignidad del género humano.

#VivasSinMiedo https://t.co/JXJOh2iUuW",7838,2154,1639,1013117,304,2,0,1,-0.7783,negative
1895111742700622278,2,February,Thu Feb 27 14:00:23 +0000 2025,"Gracias a @ITPAero por impulsar la autonomía estratégica de nuestro país y de la UE en el sector aeroespacial, donde España tiene tanto que ofrecer.

Estaremos a vuestro lado, apostando por la sostenibilidad para reforzar la cohesión territorial y la reindustrialización. https://t.co/veKsuP40Dt",1220,387,320,49913,295,0,1,1,0.0,neutral
1895090660014788959,2,February,Thu Feb 27 12:36:37 +0000 2025,"La Unión Europea no se creó contra nadie. Se creó a favor del multilateralismo y el entendimiento entre países, la paz, el desarrollo económico y la justicia social.

Ante la amenaza de la involución y el cierre de las economías, apostamos por el avance y la apertura del mundo. https://t.co/Qq3yDQVSj3",3445,1087,897,121820,302,0,0,1,0.128,positive
1894830041248473521,2,February,Wed Feb 26 19:21:00 +0000 2025,"Hoy he hablado con @LulaOficial, @GabrielBoric, @petrogustavo y @OrsiYamandu sobre los peligros que plantean para nuestras democracias la desinformación y las campañas de injerencia extranjeras. 

Nuestros países van a trabajar juntos para garantizar unas redes sociales libres de https://t.co/SzDjGHFFat",8304,2439,3125,725945,304,0,4,1,0.0,neutral
1894765608220156020,2,February,Wed Feb 26 15:04:58 +0000 2025,"Frente a la involución que nos rodea, progreso.

España vuelve a brillar con luz propia en materia de igualdad de género.

 ¡Avanzamos!",1600,546,1016,144293,135,0,0,0,0.0,neutral
1894745465364553845,2,February,Wed Feb 26 13:44:56 +0000 2025,"Esta mañana me he reunido con el @eucopresident, @vonderleyen y todos los Estados miembros para impulsar la creación de un espacio europeo de seguridad y defensa y preparar el próximo Consejo Europeo.

Ucrania, España y el mundo necesitan una Europa fuerte y unida. Y se la vamos https://t.co/MyZ96SY8Ns",1760,527,640,78156,303,0,2,1,0.0,neutral
1894666918805524521,2,February,Wed Feb 26 08:32:49 +0000 2025,"No hay color entre su potencial gobierno de coalición y este gobierno de coalición.

Cada vez que Abascal se hace fotos fuera, quien se retrata es usted, señor Feijóo.

Rompa con aquellos que quieren romper con Europa.

Rompa con la ultraderecha, como hace la derecha alemana. https://t.co/9agDD4tHwz",3867,1167,1321,164030,300,0,0,1,-0.296,negative
1894431389635715330,2,February,Tue Feb 25 16:56:54 +0000 2025,"¡Qué grande eres, @JesusCalleja!

¡Deseando que nos cuentes la experiencia! ¡Te atreves con todo!",3514,438,1214,589943,97,0,1,0,0.0,neutral
1894100129646293103,2,February,Mon Feb 24 19:00:36 +0000 2025,"Ucrania, España está contigo. https://t.co/fp7leVNI9D",22234,2050,3370,1128615,53,0,0,1,0.0,neutral
1894076295606128658,2,February,Mon Feb 24 17:25:53 +0000 2025,"Con el primer ministro de Canadá, @JustinTrudeau, reafirmamos en Kyiv nuestro apoyo a Ucrania y la necesidad de que participe en las negociaciones de paz.

También hemos abordado la importancia de seguir ampliando nuestra relación comercial, y la necesidad de seguir defendiendo https://t.co/cbSeKGq0zd",4995,1047,938,177405,302,0,1,1,0.0,neutral
1893974276803371108,2,February,Mon Feb 24 10:40:30 +0000 2025,"Ucrania debe ganar una paz justa y duradera. De ello dependen la libertad, la seguridad y el futuro de todos los europeos y europeas.

Por eso acabo de anunciar en Kyiv que España enviará un nuevo paquete de ayuda militar por valor de 1.000 millones de euros al pueblo ucraniano. https://t.co/f7a7BKiIbi",4557,1075,1994,829865,303,0,0,1,0.0,neutral
1893931765275759092,2,February,Mon Feb 24 07:51:35 +0000 2025,"Felicidades a @_FriedrichMerz por la victoria electoral de anoche en Alemania.

Una Europa fuerte requiere que trabajemos unidos para afrontar retos comunes. Más competitividad, autonomía estratégica y transición ecológica y digital.",1803,364,654,160297,233,0,1,0,0.0,neutral
1893913314591171040,2,February,Mon Feb 24 06:38:16 +0000 2025,"España está con Ucrania.

Tres años después del inicio de la agresión rusa, nuestro compromiso con el pueblo ucraniano sigue intacto. Ya en Kyiv, para participar en la Cumbre Internacional de apoyo a Ucrania. https://t.co/vpv5uaTZPL",8910,1344,1629,377412,232,0,0,1,0.0,neutral
1893643723482771518,2,February,Sun Feb 23 12:47:00 +0000 2025,"A los de la motosierra: 

Que no les gusta el feminismo, pues toma Pacto de Estado contra la Violencia de Género.

Que no les gusta la reforma laboral, pues reducimos la jornada laboral.

Que no les gusta Europa, pues más Europa. https://t.co/g4XaVRQJ1k",7787,1712,3357,712782,253,0,0,1,-0.6808,negative
1893641205684298162,2,February,Sun Feb 23 12:37:00 +0000 2025,"Hoy hay elecciones en Alemania. 

Y en ninguna ecuación de gobernabilidad entrará la ultraderecha.

Esa es la diferencia entre la derecha española y la alemana. Entre una derecha moderada y una derecha tutelada por la ultraderecha.

Aquí, lo que dice Abascal va a misa. https://t.co/51vg4xTRkv",4228,962,1966,777363,293,0,0,1,0.0,neutral
1893638265850237373,2,February,Sun Feb 23 12:25:19 +0000 2025,"Nunca ha habido tantos recursos para blindar los servicios públicos. Y nunca ha habido un proceso privatizador como el que impulsa Moreno Bonilla.

En 2026 pasaremos del verbo privatizar al verbo blindar.

@mjmonteroc será una extraordinaria presidenta de Andalucía. https://t.co/ZOcZIkiEfm",2355,815,947,115400,290,0,1,1,0.5859,positive
1893276104913289505,2,February,Sat Feb 22 12:26:13 +0000 2025,"Hay quien llama dictador a @ZelenskyyUa. Recordemos que es un presidente elegido con el voto de los ucranianos y ucranianas.

Y si hay alguien que ha luchado por la democracia en Rusia, ese no ha sido Putin.

Ha sido Navalny, que pagó esa lucha por la democracia con su vida. https://t.co/XUF5MuzR5B",5003,1253,2074,453465,299,0,1,1,0.4145,positive
1893273534606049314,2,February,Sat Feb 22 12:16:00 +0000 2025,"Su lema no es todo por la patria, es todo por la pasta.

La internacional ultraderechista es como la criptomoneda de Milei, una estafa piramidal.

Su objetivo es hacer ruido mientras hacen negocio con lo público.

Frente a su motosierra, nosotros tenemos el BOE. https://t.co/uIhIPDWJgr",5116,1597,1898,276777,286,0,0,1,-0.296,negative
1893270802415411370,2,February,Sat Feb 22 12:05:09 +0000 2025,"La historia volverá a ser muy dura con los colaboracionistas del s. XXI, como lo fue con los del s. XX.

Sr. Feijóo, no se puede ser europeísta por la mañana, y acostarse con la ultraderecha por la noche. https://t.co/8pUA3PCYld",3233,997,1221,143494,228,0,0,1,-0.296,negative
1895201985416306881,2,February,Thu Feb 27 19:58:59 +0000 2025,"Frente a los bulos, los datos:

🇪🇸 España mejora su puntuación, sube dos puestos en el ranking global, y se consolida como una de las democracias más plenas del mundo según @TheEconomist.

https://t.co/GSTu85I08V https://t.co/QXYqjymkLU",6535,1839,2952,818048,236,0,1,2,0.0,neutral
1895192270728565067,2,February,Thu Feb 27 19:20:22 +0000 2025,"No muere una mujer, a una mujer la matan.

No es un calentón, es una agresión.

No es un divorcio duro, es violencia machista.

La lucha contra la #ViolenciaDeGénero no es una lucha de las mujeres contra los hombres. Es una lucha por la dignidad del género humano.

#VivasSinMiedo https://t.co/JXJOh2iUuW",7838,2154,1639,1013115,304,2,0,1,-0.7783,negative
1895111742700622278,2,February,Thu Feb 27 14:00:23 +0000 2025,"Gracias a @ITPAero por impulsar la autonomía estratégica de nuestro país y de la UE en el sector aeroespacial, donde España tiene tanto que ofrecer.

Estaremos a vuestro lado, apostando por la sostenibilidad para reforzar la cohesión territorial y la reindustrialización. https://t.co/veKsuP40Dt",1220,387,320,49912,295,0,1,1,0.0,neutral
1895090660014788959,2,February,Thu Feb 27 12:36:37 +0000 2025,"La Unión Europea no se creó contra nadie. Se creó a favor del multilateralismo y el entendimiento entre países, la paz, el desarrollo económico y la justicia social.

Ante la amenaza de la involución y el cierre de las economías, apostamos por el avance y la apertura del mundo. https://t.co/Qq3yDQVSj3",3445,1087,897,121820,302,0,0,1,0.128,positive
1894830041248473521,2,February,Wed Feb 26 19:21:00 +0000 2025,"Hoy he hablado con @LulaOficial, @GabrielBoric, @petrogustavo y @OrsiYamandu sobre los peligros que plantean para nuestras democracias la desinformación y las campañas de injerencia extranjeras. 

Nuestros países van a trabajar juntos para garantizar unas redes sociales libres de https://t.co/SzDjGHFFat",8304,2439,3125,725945,304,0,4,1,0.0,neutral
1894765608220156020,2,February,Wed Feb 26 15:04:58 +0000 2025,"Frente a la involución que nos rodea, progreso.

España vuelve a brillar con luz propia en materia de igualdad de género.

 ¡Avanzamos!",1600,556,1016,144293,135,0,0,0,0.0,neutral
1894745465364553845,2,February,Wed Feb 26 13:44:56 +0000 2025,"Esta mañana me he reunido con el @eucopresident, @vonderleyen y todos los Estados miembros para impulsar la creación de un espacio europeo de seguridad y defensa y preparar el próximo Consejo Europeo.

Ucrania, España y el mundo necesitan una Europa fuerte y unida. Y se la vamos https://t.co/MyZ96SY8Ns",1760,527,640,78156,303,0,2,1,0.0,neutral
1894666918805524521,2,February,Wed Feb 26 08:32:49 +0000 2025,"No hay color entre su potencial gobierno de coalición y este gobierno de coalición.

Cada vez que Abascal se hace fotos fuera, quien se retrata es usted, señor Feijóo.

Rompa con aquellos que quieren romper con Europa.

Rompa con la ultraderecha, como hace la derecha alemana. https://t.co/9agDD4tHwz",3868,1169,1321,164029,300,0,0,1,-0.296,negative
1894431389635715330,2,February,Tue Feb 25 16:56:54 +0000 2025,"¡Qué grande eres, @JesusCalleja!

¡Deseando que nos cuentes la experiencia! ¡Te atreves con todo!",3515,441,1214,589943,97,0,1,0,0.0,neutral
1894100129646293103,2,February,Mon Feb 24 19:00:36 +0000 2025,"Ucrania, España está contigo. https://t.co/fp7leVNI9D",22234,2051,3370,1128614,53,0,0,1,0.0,neutral
1894076295606128658,2,February,Mon Feb 24 17:25:53 +0000 2025,"Con el primer ministro de Canadá, @JustinTrudeau, reafirmamos en Kyiv nuestro apoyo a Ucrania y la necesidad de que participe en las negociaciones de paz.

También hemos abordado la importancia de seguir ampliando nuestra relación comercial, y la necesidad de seguir defendiendo https://t.co/cbSeKGq0zd",4996,1047,938,177405,302,0,1,1,0.0,neutral
1893974276803371108,2,February,Mon Feb 24 10:40:30 +0000 2025,"Ucrania debe ganar una paz justa y duradera. De ello dependen la libertad, la seguridad y el futuro de todos los europeos y europeas.

Por eso acabo de anunciar en Kyiv que España enviará un nuevo paquete de ayuda militar por valor de 1.000 millones de euros al pueblo ucraniano. https://t.co/f7a7BKiIbi",4557,1075,1994,829864,303,0,0,1,0.0,neutral
1893931765275759092,2,February,Mon Feb 24 07:51:35 +0000 2025,"Felicidades a @_FriedrichMerz por la victoria electoral de anoche en Alemania.

Una Europa fuerte requiere que trabajemos unidos para afrontar retos comunes. Más competitividad, autonomía estratégica y transición ecológica y digital.",1804,364,654,160296,233,0,1,0,0.0,neutral
1893913314591171040,2,February,Mon Feb 24 06:38:16 +0000 2025,"España está con Ucrania.

Tres años después del inicio de la agresión rusa, nuestro compromiso con el pueblo ucraniano sigue intacto. Ya en Kyiv, para participar en la Cumbre Internacional de apoyo a Ucrania. https://t.co/vpv5uaTZPL",8911,1345,1629,377411,232,0,0,1,0.0,neutral
1893643723482771518,2,February,Sun Feb 23 12:47:00 +0000 2025,"A los de la motosierra: 

Que no les gusta el feminismo, pues toma Pacto de Estado contra la Violencia de Género.

Que no les gusta la reforma laboral, pues reducimos la jornada laboral.

Que no les gusta Europa, pues más Europa. https://t.co/g4XaVRQJ1k",7788,1712,3357,712781,253,0,0,1,-0.6808,negative
1893641205684298162,2,February,Sun Feb 23 12:37:00 +0000 2025,"Hoy hay elecciones en Alemania. 

Y en ninguna ecuación de gobernabilidad entrará la ultraderecha.

Esa es la diferencia entre la derecha española y la alemana. Entre una derecha moderada y una derecha tutelada por la ultraderecha.

Aquí, lo que dice Abascal va a misa. https://t.co/51vg4xTRkv",4229,962,1966,777362,293,0,0,1,0.0,neutral
1893638265850237373,2,February,Sun Feb 23 12:25:19 +0000 2025,"Nunca ha habido tantos recursos para blindar los servicios públicos. Y nunca ha habido un proceso privatizador como el que impulsa Moreno Bonilla.

En 2026 pasaremos del verbo privatizar al verbo blindar.

@mjmonteroc será una extraordinaria presidenta de Andalucía. https://t.co/ZOcZIkiEfm",2355,815,947,115399,290,0,1,1,0.5859,positive
1893276104913289505,2,February,Sat Feb 22 12:26:13 +0000 2025,"Hay quien llama dictador a @ZelenskyyUa. Recordemos que es un presidente elegido con el voto de los ucranianos y ucranianas.

Y si hay alguien que ha luchado por la democracia en Rusia, ese no ha sido Putin.

Ha sido Navalny, que pagó esa lucha por la democracia con su vida. https://t.co/XUF5MuzR5B",5003,1253,2074,453464,299,0,1,1,0.4145,positive
1893273534606049314,2,February,Sat Feb 22 12:16:00 +0000 2025,"Su lema no es todo por la patria, es todo por la pasta.

La internacional ultraderechista es como la criptomoneda de Milei, una estafa piramidal.

Su objetivo es hacer ruido mientras hacen negocio con lo público.

Frente a su motosierra, nosotros tenemos el BOE. https://t.co/uIhIPDWJgr",5118,1599,1898,276777,286,0,0,1,-0.296,negative
1893270802415411370,2,February,Sat Feb 22 12:05:09 +0000 2025,"La historia volverá a ser muy dura con los colaboracionistas del s. XXI, como lo fue con los del s. XX.

Sr. Feijóo, no se puede ser europeísta por la mañana, y acostarse con la ultraderecha por la noche. https://t.co/8pUA3PCYld",3233,999,1221,143494,228,0,0,1,-0.296,negative
1895201985416306881,2,February,Thu Feb 27 19:58:59 +0000 2025,"Frente a los bulos, los datos:

🇪🇸 España mejora su puntuación, sube dos puestos en el ranking global, y se consolida como una de las democracias más plenas del mundo según @TheEconomist.

https://t.co/GSTu85I08V https://t.co/QXYqjymkLU",6535,1840,2952,818050,236,0,1,2,0.0,neutral
1895192270728565067,2,February,Thu Feb 27 19:20:22 +0000 2025,"No muere una mujer, a una mujer la matan.

No es un calentón, es una agresión.

No es un divorcio duro, es violencia machista.

La lucha contra la #ViolenciaDeGénero no es una lucha de las mujeres contra los hombres. Es una lucha por la dignidad del género humano.

#VivasSinMiedo https://t.co/JXJOh2iUuW",7838,2154,1639,1013117,304,2,0,1,-0.7783,negative
1895111742700622278,2,February,Thu Feb 27 14:00:23 +0000 2025,"Gracias a @ITPAero por impulsar la autonomía estratégica de nuestro país y de la UE en el sector aeroespacial, donde España tiene tanto que ofrecer.

Estaremos a vuestro lado, apostando por la sostenibilidad para reforzar la cohesión territorial y la reindustrialización. https://t.co/veKsuP40Dt",1220,387,320,49913,295,0,1,1,0.0,neutral
1895090660014788959,2,February,Thu Feb 27 12:36:37 +0000 2025,"La Unión Europea no se creó contra nadie. Se creó a favor del multilateralismo y el entendimiento entre países, la paz, el desarrollo económico y la justicia social.

Ante la amenaza de la involución y el cierre de las economías, apostamos por el avance y la apertura del mundo. https://t.co/Qq3yDQVSj3",3445,1087,897,121820,302,0,0,1,0.128,positive
1894830041248473521,2,February,Wed Feb 26 19:21:00 +0000 2025,"Hoy he hablado con @LulaOficial, @GabrielBoric, @petrogustavo y @OrsiYamandu sobre los peligros que plantean para nuestras democracias la desinformación y las campañas de injerencia extranjeras. 

Nuestros países van a trabajar juntos para garantizar unas redes sociales libres de https://t.co/SzDjGHFFat",8304,2439,3125,725945,304,0,4,1,0.0,neutral
1894765608220156020,2,February,Wed Feb 26 15:04:58 +0000 2025,"Frente a la involución que nos rodea, progreso.

España vuelve a brillar con luz propia en materia de igualdad de género.

 ¡Avanzamos!",1600,546,1016,144293,135,0,0,0,0.0,neutral
1894745465364553845,2,February,Wed Feb 26 13:44:56 +0000 2025,"Esta mañana me he reunido con el @eucopresident, @vonderleyen y todos los Estados miembros para impulsar la creación de un espacio europeo de seguridad y defensa y preparar el próximo Consejo Europeo.

Ucrania, España y el mundo necesitan una Europa fuerte y unida. Y se la vamos https://t.co/MyZ96SY8Ns",1760,527,640,78156,303,0,2,1,0.0,neutral
1894666918805524521,2,February,Wed Feb 26 08:32:49 +0000 2025,"No hay color entre su potencial gobierno de coalición y este gobierno de coalición.

Cada vez que Abascal se hace fotos fuera, quien se retrata es usted, señor Feijóo.

Rompa con aquellos que quieren romper con Europa.

Rompa con la ultraderecha, como hace la derecha alemana. https://t.co/9agDD4tHwz",3867,1167,1321,164030,300,0,0,1,-0.296,negative
1894431389635715330,2,February,Tue Feb 25 16:56:54 +0000 2025,"¡Qué grande eres, @JesusCalleja!

¡Deseando que nos cuentes la experiencia! ¡Te atreves con todo!",3514,438,1214,589943,97,0,1,0,0.0,neutral
1894100129646293103,2,February,Mon Feb 24 19:00:36 +0000 2025,"Ucrania, España está contigo. https://t.co/fp7leVNI9D",22234,2050,3370,1128615,53,0,0,1,0.0,neutral
1894076295606128658,2,February,Mon Feb 24 17:25:53 +0000 2025,"Con el primer ministro de Canadá, @JustinTrudeau, reafirmamos en Kyiv nuestro apoyo a Ucrania y la necesidad de que participe en las negociaciones de paz.

También hemos abordado la importancia de seguir ampliando nuestra relación comercial, y la necesidad de seguir defendiendo https://t.co/cbSeKGq0zd",4995,1047,938,177405,302,0,1,1,0.0,neutral
1893974276803371108,2,February,Mon Feb 24 10:40:30 +0000 2025,"Ucrania debe ganar una paz justa y duradera. De ello dependen la libertad, la seguridad y el futuro de todos los europeos y europeas.

Por eso acabo de anunciar en Kyiv que España enviará un nuevo paquete de ayuda militar por valor de 1.000 millones de euros al pueblo ucraniano. https://t.co/f7a7BKiIbi",4557,1075,1994,829865,303,0,0,1,0.0,neutral
1893931765275759092,2,February,Mon Feb 24 07:51:35 +0000 2025,"Felicidades a @_FriedrichMerz por la victoria electoral de anoche en Alemania.

Una Europa fuerte requiere que trabajemos unidos para afrontar retos comunes. Más competitividad, autonomía estratégica y transición ecológica y digital.",1803,364,654,160297,233,0,1,0,0.0,neutral
1893913314591171040,2,February,Mon Feb 24 06:38:16 +0000 2025,"España está con Ucrania.

Tres años después del inicio de la agresión rusa, nuestro compromiso con el pueblo ucraniano sigue intacto. Ya en Kyiv, para participar en la Cumbre Internacional de apoyo a Ucrania. https://t.co/vpv5uaTZPL",8910,1344,1629,377412,232,0,0,1,0.0,neutral
1893643723482771518,2,February,Sun Feb 23 12:47:00 +0000 2025,"A los de la motosierra: 

Que no les gusta el feminismo, pues toma Pacto de Estado contra la Violencia de Género.

Que no les gusta la reforma laboral, pues reducimos la jornada laboral.

Que no les gusta Europa, pues más Europa. https://t.co/g4XaVRQJ1k",7787,1712,3357,712782,253,0,0,1,-0.6808,negative
1893641205684298162,2,February,Sun Feb 23 12:37:00 +0000 2025,"Hoy hay elecciones en Alemania. 

Y en ninguna ecuación de gobernabilidad entrará la ultraderecha.

Esa es la diferencia entre la derecha española y la alemana. Entre una derecha moderada y una derecha tutelada por la ultraderecha.

Aquí, lo que dice Abascal va a misa. https://t.co/51vg4xTRkv",4228,962,1966,777363,293,0,0,1,0.0,neutral
1893638265850237373,2,February,Sun Feb 23 12:25:19 +0000 2025,"Nunca ha habido tantos recursos para blindar los servicios públicos. Y nunca ha habido un proceso privatizador como el que impulsa Moreno Bonilla.

En 2026 pasaremos del verbo privatizar al verbo blindar.

@mjmonteroc será una extraordinaria presidenta de Andalucía. https://t.co/ZOcZIkiEfm",2355,815,947,115400,290,0,1,1,0.5859,positive
1893276104913289505,2,February,Sat Feb 22 12:26:13 +0000 2025,"Hay quien llama dictador a @ZelenskyyUa. Recordemos que es un presidente elegido con el voto de los ucranianos y ucranianas.

Y si hay alguien que ha luchado por la democracia en Rusia, ese no ha sido Putin.

Ha sido Navalny, que pagó esa lucha por la democracia con su vida. https://t.co/XUF5MuzR5B",5003,1253,2074,453465,299,0,1,1,0.4145,positive
1893273534606049314,2,February,Sat Feb 22 12:16:00 +0000 2025,"Su lema no es todo por la patria, es todo por la pasta.

La internacional ultraderechista es como la criptomoneda de Milei, una estafa piramidal.

Su objetivo es hacer ruido mientras hacen negocio con lo público.

Frente a su motosierra, nosotros tenemos el BOE. https://t.co/uIhIPDWJgr",5116,1597,1898,276777,286,0,0,1,-0.296,negative
1893270802415411370,2,February,Sat Feb 22 12:05:09 +0000 2025,"La historia volverá a ser muy dura con los colaboracionistas del s. XXI, como lo fue con los del s. XX.

Sr. Feijóo, no se puede ser europeísta por la mañana, y acostarse con la ultraderecha por la noche. https://t.co/8pUA3PCYld",3233,997,1221,143494,228,0,0,1,-0.296,negative
1895201985416306881,2,February,Thu Feb 27 19:58:59 +0000 2025,"Frente a los bulos, los datos:

🇪🇸 España mejora su puntuación, sube dos puestos en el ranking global, y se consolida como una de las democracias más plenas del mundo según @TheEconomist.

https://t.co/GSTu85I08V https://t.co/QXYqjymkLU",6535,1839,2952,818048,236,0,1,2,0.0,neutral
1895192270728565067,2,February,Thu Feb 27 19:20:22 +0000 2025,"No muere una mujer, a una mujer la matan.

No es un calentón, es una agresión.

No es un divorcio duro, es violencia machista.

La lucha contra la #ViolenciaDeGénero no es una lucha de las mujeres contra los hombres. Es una lucha por la dignidad del género humano.

#VivasSinMiedo https://t.co/JXJOh2iUuW",7838,2154,1639,1013115,304,2,0,1,-0.7783,negative
1895111742700622278,2,February,Thu Feb 27 14:00:23 +0000 2025,"Gracias a @ITPAero por impulsar la autonomía estratégica de nuestro país y de la UE en el sector aeroespacial, donde España tiene tanto que ofrecer.

Estaremos a vuestro lado, apostando por la sostenibilidad para reforzar la cohesión territorial y la reindustrialización. https://t.co/veKsuP40Dt",1220,387,320,49912,295,0,1,1,0.0,neutral
1895090660014788959,2,February,Thu Feb 27 12:36:37 +0000 2025,"La Unión Europea no se creó contra nadie. Se creó a favor del multilateralismo y el entendimiento entre países, la paz, el desarrollo económico y la justicia social.

Ante la amenaza de la involución y el cierre de las economías, apostamos por el avance y la apertura del mundo. https://t.co/Qq3yDQVSj3",3445,1087,897,121820,302,0,0,1,0.128,positive
1894830041248473521,2,February,Wed Feb 26 19:21:00 +0000 2025,"Hoy he hablado con @LulaOficial, @GabrielBoric, @petrogustavo y @OrsiYamandu sobre los peligros que plantean para nuestras democracias la desinformación y las campañas de injerencia extranjeras. 

Nuestros países van a trabajar juntos para garantizar unas redes sociales libres de https://t.co/SzDjGHFFat",8304,2439,3125,725945,304,0,4,1,0.0,neutral
1894765608220156020,2,February,Wed Feb 26 15:04:58 +0000 2025,"Frente a la involución que nos rodea, progreso.

España vuelve a brillar con luz propia en materia de igualdad de género.

 ¡Avanzamos!",1600,556,1016,144293,135,0,0,0,0.0,neutral
1894745465364553845,2,February,Wed Feb 26 13:44:56 +0000 2025,"Esta mañana me he reunido con el @eucopresident, @vonderleyen y todos los Estados miembros para impulsar la creación de un espacio europeo de seguridad y defensa y preparar el próximo Consejo Europeo.

Ucrania, España y el mundo necesitan una Europa fuerte y unida. Y se la vamos https://t.co/MyZ96SY8Ns",1760,527,640,78156,303,0,2,1,0.0,neutral
1894666918805524521,2,February,Wed Feb 26 08:32:49 +0000 2025,"No hay color entre su potencial gobierno de coalición y este gobierno de coalición.

Cada vez que Abascal se hace fotos fuera, quien se retrata es usted, señor Feijóo.

Rompa con aquellos que quieren romper con Europa.

Rompa con la ultraderecha, como hace la derecha alemana. https://t.co/9agDD4tHwz",3868,1169,1321,164029,300,0,0,1,-0.296,negative
1894431389635715330,2,February,Tue Feb 25 16:56:54 +0000 2025,"¡Qué grande eres, @JesusCalleja!

¡Deseando que nos cuentes la experiencia! ¡Te atreves con todo!",3515,441,1214,589943,97,0,1,0,0.0,neutral
1894100129646293103,2,February,Mon Feb 24 19:00:36 +0000 2025,"Ucrania, España está contigo. https://t.co/fp7leVNI9D",22234,2051,3370,1128614,53,0,0,1,0.0,neutral
1894076295606128658,2,February,Mon Feb 24 17:25:53 +0000 2025,"Con el primer ministro de Canadá, @JustinTrudeau, reafirmamos en Kyiv nuestro apoyo a Ucrania y la necesidad de que participe en las negociaciones de paz.

También hemos abordado la importancia de seguir ampliando nuestra relación comercial, y la necesidad de seguir defendiendo https://t.co/cbSeKGq0zd",4996,1047,938,177405,302,0,1,1,0.0,neutral
1893974276803371108,2,February,Mon Feb 24 10:40:30 +0000 2025,"Ucrania debe ganar una paz justa y duradera. De ello dependen la libertad, la seguridad y el futuro de todos los europeos y europeas.

Por eso acabo de anunciar en Kyiv que España enviará un nuevo paquete de ayuda militar por valor de 1.000 millones de euros al pueblo ucraniano. https://t.co/f7a7BKiIbi",4557,1075,1994,829864,303,0,0,1,0.0,neutral
1893931765275759092,2,February,Mon Feb 24 07:51:35 +0000 2025,"Felicidades a @_FriedrichMerz por la victoria electoral de anoche en Alemania.

Una Europa fuerte requiere que trabajemos unidos para afrontar retos comunes. Más competitividad, autonomía estratégica y transición ecológica y digital.",1804,364,654,160296,233,0,1,0,0.0,neutral
1893913314591171040,2,February,Mon Feb 24 06:38:16 +0000 2025,"España está con Ucrania.

Tres años después del inicio de la agresión rusa, nuestro compromiso con el pueblo ucraniano sigue intacto. Ya en Kyiv, para participar en la Cumbre Internacional de apoyo a Ucrania. https://t.co/vpv5uaTZPL",8911,1345,1629,377411,232,0,0,1,0.0,neutral
1893643723482771518,2,February,Sun Feb 23 12:47:00 +0000 2025,"A los de la motosierra: 

Que no les gusta el feminismo, pues toma Pacto de Estado contra la Violencia de Género.

Que no les gusta la reforma laboral, pues reducimos la jornada laboral.

Que no les gusta Europa, pues más Europa. https://t.co/g4XaVRQJ1k",7788,1712,3357,712781,253,0,0,1,-0.6808,negative
1893641205684298162,2,February,Sun Feb 23 12:37:00 +0000 2025,"Hoy hay elecciones en Alemania. 

Y en ninguna ecuación de gobernabilidad entrará la ultraderecha.

Esa es la diferencia entre la derecha española y la alemana. Entre una derecha moderada y una derecha tutelada por la ultraderecha.

Aquí, lo que dice Abascal va a misa. https://t.co/51vg4xTRkv",4229,962,1966,777362,293,0,0,1,0.0,neutral
1893638265850237373,2,February,Sun Feb 23 12:25:19 +0000 2025,"Nunca ha habido tantos recursos para blindar los servicios públicos. Y nunca ha habido un proceso privatizador como el que impulsa Moreno Bonilla.

En 2026 pasaremos del verbo privatizar al verbo blindar.

@mjmonteroc será una extraordinaria presidenta de Andalucía. https://t.co/ZOcZIkiEfm",2355,815,947,115399,290,0,1,1,0.5859,positive
1893276104913289505,2,February,Sat Feb 22 12:26:13 +0000 2025,"Hay quien llama dictador a @ZelenskyyUa. Recordemos que es un presidente elegido con el voto de los ucranianos y ucranianas.

Y si hay alguien que ha luchado por la democracia en Rusia, ese no ha sido Putin.

Ha sido Navalny, que pagó esa lucha por la democracia con su vida. https://t.co/XUF5MuzR5B",5003,1253,2074,453464,299,0,1,1,0.4145,positive
1893273534606049314,2,February,Sat Feb 22 12:16:00 +0000 2025,"Su lema no es todo por la patria, es todo por la pasta.

La internacional ultraderechista es como la criptomoneda de Milei, una estafa piramidal.

Su objetivo es hacer ruido mientras hacen negocio con lo público.

Frente a su motosierra, nosotros tenemos el BOE. https://t.co/uIhIPDWJgr",5118,1599,1898,276777,286,0,0,1,-0.296,negative
1893270802415411370,2,February,Sat Feb 22 12:05:09 +0000 2025,"La historia volverá a ser muy dura con los colaboracionistas del s. XXI, como lo fue con los del s. XX.

Sr. Feijóo, no se puede ser europeísta por la mañana, y acostarse con la ultraderecha por la noche. https://t.co/8pUA3PCYld",3233,999,1221,143494,228,0,0,1,-0.296,negative
1895201985416306881,2,February,Thu Feb 27 19:58:59 +0000 2025,"Frente a los bulos, los datos:

🇪🇸 España mejora su puntuación, sube dos puestos en el ranking global, y se consolida como una de las democracias más plenas del mundo según @TheEconomist.

https://t.co/GSTu85I08V https://t.co/QXYqjymkLU",6535,1839,2952,818048,236,0,1,2,0.0,neutral
1895192270728565067,2,February,Thu Feb 27 19:20:22 +0000 2025,"No muere una mujer, a una mujer la matan.

No es un calentón, es una agresión.

No es un divorcio duro, es violencia machista.

La lucha contra la #ViolenciaDeGénero no es una lucha de las mujeres contra los hombres. Es una lucha por la dignidad del género humano.

#VivasSinMiedo https://t.co/JXJOh2iUuW",7838,2154,1639,1013115,304,2,0,1,-0.7783,negative
1895111742700622278,2,February,Thu Feb 27 14:00:23 +0000 2025,"Gracias a @ITPAero por impulsar la autonomía estratégica de nuestro país y de la UE en el sector aeroespacial, donde España tiene tanto que ofrecer.

Estaremos a vuestro lado, apostando por la sostenibilidad para reforzar la cohesión territorial y la reindustrialización. https://t.co/veKsuP40Dt",1220,387,320,49912,295,0,1,1,0.0,neutral
1895090660014788959,2,February,Thu Feb 27 12:36:37 +0000 2025,"La Unión Europea no se creó contra nadie. Se creó a favor del multilateralismo y el entendimiento entre países, la paz, el desarrollo económico y la justicia social.

Ante la amenaza de la involución y el cierre de las economías, apostamos por el avance y la apertura del mundo. https://t.co/Qq3yDQVSj3",3445,1087,897,121820,302,0,0,1,0.128,positive
1894830041248473521,2,February,Wed Feb 26 19:21:00 +0000 2025,"Hoy he hablado con @LulaOficial, @GabrielBoric, @petrogustavo y @OrsiYamandu sobre los peligros que plantean para nuestras democracias la desinformación y las campañas de injerencia extranjeras. 

Nuestros países van a trabajar juntos para garantizar unas redes sociales libres de https://t.co/SzDjGHFFat",8304,2439,3125,725945,304,0,4,1,0.0,neutral
1894765608220156020,2,February,Wed Feb 26 15:04:58 +0000 2025,"Frente a la involución que nos rodea, progreso.

España vuelve a brillar con luz propia en materia de igualdad de género.

 ¡Avanzamos!",1600,556,1016,144293,135,0,0,0,0.0,neutral
1894745465364553845,2,February,Wed Feb 26 13:44:56 +0000 2025,"Esta mañana me he reunido con el @eucopresident, @vonderleyen y todos los Estados miembros para impulsar la creación de un espacio europeo de seguridad y defensa y preparar el próximo Consejo Europeo.

Ucrania, España y el mundo necesitan una Europa fuerte y unida. Y se la vamos https://t.co/MyZ96SY8Ns",1760,527,640,78156,303,0,2,1,0.0,neutral
1894666918805524521,2,February,Wed Feb 26 08:32:49 +0000 2025,"No hay color entre su potencial gobierno de coalición y este gobierno de coalición.

Cada vez que Abascal se hace fotos fuera, quien se retrata es usted, señor Feijóo.

Rompa con aquellos que quieren romper con Europa.

Rompa con la ultraderecha, como hace la derecha alemana. https://t.co/9agDD4tHwz",3868,1169,1321,164029,300,0,0,1,-0.296,negative
1894431389635715330,2,February,Tue Feb 25 16:56:54 +0000 2025,"¡Qué grande eres, @JesusCalleja!

¡Deseando que nos cuentes la experiencia! ¡Te atreves con todo!",3515,441,1214,589943,97,0,1,0,0.0,neutral
1894100129646293103,2,February,Mon Feb 24 19:00:36 +0000 2025,"Ucrania, España está contigo. https://t.co/fp7leVNI9D",22234,2051,3370,1128614,53,0,0,1,0.0,neutral
1894076295606128658,2,February,Mon Feb 24 17:25:53 +0000 2025,"Con el primer ministro de Canadá, @JustinTrudeau, reafirmamos en Kyiv nuestro apoyo a Ucrania y la necesidad de que participe en las negociaciones de paz.

También hemos abordado la importancia de seguir ampliando nuestra relación comercial, y la necesidad de seguir defendiendo https://t.co/cbSeKGq0zd",4996,1047,938,177405,302,0,1,1,0.0,neutral
1893974276803371108,2,February,Mon Feb 24 10:40:30 +0000 2025,"Ucrania debe ganar una paz justa y duradera. De ello dependen la libertad, la seguridad y el futuro de todos los europeos y europeas.

Por eso acabo de anunciar en Kyiv que España enviará un nuevo paquete de ayuda militar por valor de 1.000 millones de euros al pueblo ucraniano. https://t.co/f7a7BKiIbi",4557,1075,1994,829864,303,0,0,1,0.0,neutral
1893931765275759092,2,February,Mon Feb 24 07:51:35 +0000 2025,"Felicidades a @_FriedrichMerz por la victoria electoral de anoche en Alemania.

Una Europa fuerte requiere que trabajemos unidos para afrontar retos comunes. Más competitividad, autonomía estratégica y transición ecológica y digital.",1804,364,654,160296,233,0,1,0,0.0,neutral
1893913314591171040,2,February,Mon Feb 24 06:38:16 +0000 2025,"España está con Ucrania.

Tres años después del inicio de la agresión rusa, nuestro compromiso con el pueblo ucraniano sigue intacto. Ya en Kyiv, para participar en la Cumbre Internacional de apoyo a Ucrania. https://t.co/vpv5uaTZPL",8911,1345,1629,377411,232,0,0,1,0.0,neutral
1893643723482771518,2,February,Sun Feb 23 12:47:00 +0000 2025,"A los de la motosierra: 

Que no les gusta el feminismo, pues toma Pacto de Estado contra la Violencia de Género.

Que no les gusta la reforma laboral, pues reducimos la jornada laboral.

Que no les gusta Europa, pues más Europa. https://t.co/g4XaVRQJ1k",7788,1712,3357,712781,253,0,0,1,-0.6808,negative
1893641205684298162,2,February,Sun Feb 23 12:37:00 +0000 2025,"Hoy hay elecciones en Alemania. 

Y en ninguna ecuación de gobernabilidad entrará la ultraderecha.

Esa es la diferencia entre la derecha española y la alemana. Entre una derecha moderada y una derecha tutelada por la ultraderecha.

Aquí, lo que dice Abascal va a misa. https://t.co/51vg4xTRkv",4229,962,1966,777362,293,0,0,1,0.0,neutral
1893638265850237373,2,February,Sun Feb 23 12:25:19 +0000 2025,"Nunca ha habido tantos recursos para blindar los servicios públicos. Y nunca ha habido un proceso privatizador como el que impulsa Moreno Bonilla.

En 2026 pasaremos del verbo privatizar al verbo blindar.

@mjmonteroc será una extraordinaria presidenta de Andalucía. https://t.co/ZOcZIkiEfm",2355,815,947,115399,290,0,1,1,0.5859,positive
1893276104913289505,2,February,Sat Feb 22 12:26:13 +0000 2025,"Hay quien llama dictador a @ZelenskyyUa. Recordemos que es un presidente elegido con el voto de los ucranianos y ucranianas.

Y si hay alguien que ha luchado por la democracia en Rusia, ese no ha sido Putin.

Ha sido Navalny, que pagó esa lucha por la democracia con su vida. https://t.co/XUF5MuzR5B",5003,1253,2074,453464,299,0,1,1,0.4145,positive
1893273534606049314,2,February,Sat Feb 22 12:16:00 +0000 2025,"Su lema no es todo por la patria, es todo por la pasta.

La internacional ultraderechista es como la criptomoneda de Milei, una estafa piramidal.

Su objetivo es hacer ruido mientras hacen negocio con lo público.

Frente a su motosierra, nosotros tenemos el BOE. https://t.co/uIhIPDWJgr",5118,1599,1898,276777,286,0,0,1,-0.296,negative
1893270802415411370,2,February,Sat Feb 22 12:05:09 +0000 2025,"La historia volverá a ser muy dura con los colaboracionistas del s. XXI, como lo fue con los del s. XX.

Sr. Feijóo, no se puede ser europeísta por la mañana, y acostarse con la ultraderecha por la noche. https://t.co/8pUA3PCYld",3233,999,1221,143494,228,0,0,1,-0.296,negative
1906067193986437447,3,March,Sat Mar 29 19:33:26 +0000 2025,"Mi solidaridad y la de todo el Gobierno de España con el pueblo de Tailandia y Myanmar ante la terrible tragedia provocada por el terremoto que ha sacudido la zona.

Mi cariño para todas las víctimas y familiares.",3172,546,1230,230401,213,0,0,0,-0.1779,negative
1905606413834973421,3,March,Fri Mar 28 13:02:28 +0000 2025,No vamos a permitir que ningún gobierno controlado por la ultraderecha negacionista ponga en riesgo un solo euro de los fondos europeos. https://t.co/3t3gP9w4Rp,2701,840,2247,153570,160,0,0,1,-0.296,negative
1905579316278104428,3,March,Fri Mar 28 11:14:47 +0000 2025,"¡Un dato magnífico!

Demuestra un acierto claro de la política económica y energética del Gobierno de España.",2038,639,889,159300,109,0,0,0,0.0,neutral
1905565846388306023,3,March,Fri Mar 28 10:21:16 +0000 2025,"Hago una llamada a la Administración estadounidense a que recapacite y dialogue con la Comisión Europea.

Vuelvo a ser claro: si se nos imponen estos aranceles, responderemos con decisión.

Europa se defenderá. 

Con rapidez, con proporcionalidad y con unidad. https://t.co/V0R9MhXS71",3943,1034,2833,467997,284,0,0,1,0.296,positive
1905232843556474941,3,March,Thu Mar 27 12:18:02 +0000 2025,"Crecimiento, cohesión y consolidación de cuentas.

¡Seguimos!",2207,735,969,128871,61,0,0,0,0.0,neutral
1905187635133591872,3,March,Thu Mar 27 09:18:23 +0000 2025,"Volvemos a París para reafirmar nuestro apoyo inquebrantable al pueblo ucraniano.

Reconocemos cada esfuerzo para ganar la paz que Ucrania merece. Una paz que debe ser justa y duradera.

Europa formará parte de la solución. https://t.co/j2USP5fRSF",5077,792,1462,249896,247,0,0,1,0.0,neutral
1904922172629397774,3,March,Wed Mar 26 15:43:32 +0000 2025,"Estoy encantado de que usted sea el jefe de la oposición, señor Feijóo. https://t.co/aobVl83VZo",5731,1480,1720,250306,95,0,0,1,0.0,neutral
1904831795465453807,3,March,Wed Mar 26 09:44:24 +0000 2025,"Los europeos debemos ser más fuertes. Con más unidad.

Es hora de fortalecer las instituciones comunitarias con más agilidad, transparencia y ambición.

Para que la UE actúe como un verdadero bloque, con una sola voz y con toda su fuerza. https://t.co/0BVTPUZIrv",1076,411,775,67659,262,0,0,1,0.0,neutral
1904828844298711426,3,March,Wed Mar 26 09:32:41 +0000 2025,"Le pedimos al Gobierno de Estados Unidos que recapacite, que dialogue, que construya puentes.

Porque si no lo hace, los europeos tendremos que defendernos.

No queremos ninguna guerra comercial. Pero estamos preparados para librarla. https://t.co/53etJkiRlg",2414,695,1828,191052,258,0,0,1,-0.5267,negative
1904826084962582549,3,March,Wed Mar 26 09:21:43 +0000 2025,"Los mismos de siempre vuelven a la carga y hablan de elegir entre la seguridad y el bienestar de la gente.

Les demostraremos que se puede hacer ambas cosas.

Aumentaremos la inversión en seguridad y defensa, sin tocar un céntimo del gasto social o medioambiental. https://t.co/jDz24yIUvh",1952,698,1301,85796,288,0,0,1,-0.5574,negative
1904821653927780537,3,March,Wed Mar 26 09:04:06 +0000 2025,"La posición del Gobierno de España es clara y contundente: Europa debe comprometerse aún más en la resolución de los grandes desafíos globales.

Solo así preservaremos la PAZ en el mundo. Con solidaridad y diplomacia. https://t.co/f3rjwPLKNr",1127,442,653,52633,241,0,0,1,0.0,neutral
1904547306902368641,3,March,Tue Mar 25 14:53:57 +0000 2025,"Hoy he hablado con el rey de Jordania, @KingAbdullahII, y con el presidente de Egipto, @AlsisiOfficial, sobre la terrible situación en Gaza.

Pedimos el restablecimiento inmediato del alto el fuego y la vuelta a la mesa de negociaciones para lograr la paz y la estabilidad en la",3006,699,1779,166586,278,0,2,0,-0.4767,negative
1903802118412149158,3,March,Sun Mar 23 13:32:50 +0000 2025,"Ángel Víctor Torres es uno de los servidores públicos más brillantes y comprometidos que he conocido en mi vida. Pero sobre todo es una persona generosa y afectuosa, de una calidad humana inmensa. 

Mucho ánimo, querido amigo. Estamos todos contigo 💪🏻♥️

#TorresParaRato",5291,1102,1219,283731,270,1,0,0,0.6369,positive
1903760173040021652,3,March,Sun Mar 23 10:46:10 +0000 2025,"Mi solidaridad con todos los ciudadanos y ciudadanas de Talavera de la Reina tras la rotura de todo un símbolo de la ciudad.

Contad con el Gobierno de España para la reconstrucción del puente romano. Protegeremos el patrimonio de todos.",5506,897,3181,2256905,237,0,0,0,0.0,neutral
1903501930971693357,3,March,Sat Mar 22 17:40:00 +0000 2025,"No podemos hablar de un mundo en orden si no se respeta el derecho internacional humanitario.

España está siendo coherente. En Ucrania y en Gaza.

Estamos en el lado correcto de la historia. https://t.co/bWMPwjCfrb",2650,721,1395,167588,215,0,0,1,-0.5267,negative
1903499904888041587,3,March,Sat Mar 22 17:31:57 +0000 2025,"El 'Pacto del Ventorro' une la negligencia de Mazón con el negacionismo de Abascal, y Feijóo quiere ampliarlo a todo el territorio del país.

Pero no necesitamos ni la negligencia de unos ni el negacionismo de otros.

Lo que necesitamos son POLÍTICAS DE PROGRESO. https://t.co/5gI2gzpjtD",3219,1019,941,116622,287,0,0,1,-0.296,negative
1903416370445820356,3,March,Sat Mar 22 12:00:01 +0000 2025,"Cuando llegue el momento, en 2027, seamos conscientes de lo que nos estamos jugando como sociedad.

Una mayoría a favor de los derechos o de la motosierra.

Una mayoría del progreso y de la ciencia o del negacionismo.

Una mayoría de más Europa o menos Europa. https://t.co/nI6yh4Kdlx",3059,937,1962,238991,284,0,0,1,0.4019,positive
1903412082848227395,3,March,Sat Mar 22 11:42:58 +0000 2025,"El PP no ha votado en contra de una ley.

Han votado en contra de reforzar la sanidad y la salud pública en nuestro país.

Para los asuntos de Estado, se necesita una oposición de Estado. Y este PP ni ha estado, ni está, ni se le espera en los asuntos de Estado. https://t.co/LVAfRD6o5y",4011,1372,1157,128951,286,0,0,1,0.0936,positive
1903406163309322665,3,March,Sat Mar 22 11:19:27 +0000 2025,"Tenemos una derecha tutelada, secuestrada por la ultraderecha. Una derecha que claudica en el 'Pacto del Ventorro'.

Eso es lo que tenemos enfrente.

Mientras, España de nuevo será la economía avanzada que más crezca en 2025. https://t.co/jHcoi2G9rt",3009,944,2087,220652,249,0,0,1,0.0,neutral
1917272358827475381,4,April,Tue Apr 29 17:38:46 +0000 2025,"He mantenido una reunión de urgencia con los operadores privados del sector eléctrico. Les he agradecido su labor en la pronta recuperación del suministro, y les he pedido que colaboren con el Gobierno y los organismos independientes para identificar las causas del incidente. https://t.co/IMVzJYcsnQ",6980,1446,3570,807408,300,0,0,1,0.0,neutral
1917196175947505967,4,April,Tue Apr 29 12:36:02 +0000 2025,"Quiero reconocer y agradecer la extraordinaria labor de nuestros servidores públicos de todas las Administraciones. 

Cumplieron con creces con su deber. 

Y para ello, contaron con la complicidad de una gran sociedad que volvió a demostrar madurez, responsabilidad y civismo. https://t.co/J3Xf1aQvwz",8189,1653,1546,258928,300,0,0,1,0.0,neutral
1917189932059123909,4,April,Tue Apr 29 12:11:14 +0000 2025,"Nuestras prioridades son claras:

- Consolidar el restablecimiento de nuestro sistema eléctrico al 100%.

- Descubrir qué ha pasado.

Adoptaremos las medidas necesarias para que no vuelva a pasar y exigiremos las responsabilidades pertinentes a los operadores privados. https://t.co/hjiZF0yYiW",4973,1131,2330,451760,293,0,0,1,0.0516,positive
1917182392248275144,4,April,Tue Apr 29 11:41:16 +0000 2025,"España ha superado ya lo peor de la crisis y va camino firme de recuperar la plena normalidad.

El sistema ha reaccionado con agilidad. Los actores públicos y privados han actuado con eficacia. Y la coordinación entre Administraciones ha sido buena y leal. https://t.co/M0GiF0kiNO",5224,1090,1697,437630,280,0,0,1,0.2732,positive
1917106832033894614,4,April,Tue Apr 29 06:41:01 +0000 2025,"Tras una noche intensa, se ha logrado restablecer el 99,95% de demanda energética atendida y el 100% de las subestaciones de la red de transportes están repuestas.

En unos minutos volveremos a reunirnos en el Consejo de Seguridad Nacional para analizar la situación actual.",27748,3190,3532,2264889,274,0,0,0,0.34,positive
1916993809893802134,4,April,Mon Apr 28 23:11:54 +0000 2025,"Esta noche he acudido de nuevo a la sede central de Red Eléctrica.

Será una noche larga. Estamos trabajando sin descanso para restablecer el suministro.

Gracias a todos los trabajadores que están volcados en recuperar la normalidad. https://t.co/bXP9o0uGL5",11168,1627,2748,2263140,258,0,0,1,-0.5574,negative
1916979835882102948,4,April,Mon Apr 28 22:16:23 +0000 2025,"Casi el 50% del suministro nacional se ha restablecido.

Los ciudadanos deben saber que todos los recursos del Estado están siendo movilizados para recuperar la normalidad del suministro cuanto antes.

Se va a trabajar a destajo, durante toda la noche. Con profesionalidad y https://t.co/kxp1RjpSjG",6172,1038,1301,683317,298,0,0,1,0.34,positive
1916904976732848279,4,April,Mon Apr 28 17:18:55 +0000 2025,"Todavía no tenemos información concluyente sobre los motivos de este corte.

Pido a la ciudadanía, al igual que hemos hecho en crisis pasadas, que se informen por los canales oficiales. Es mejor no especular.

Ahora debemos centrarnos en lo más importante, que es devolver la",3087,557,657,360313,275,0,0,0,-0.8176,negative
1916903068492275989,4,April,Mon Apr 28 17:11:20 +0000 2025,"Red Eléctrica está trabajando para determinar las causas de esta caída del suministro eléctrico y solucionar el problema lo antes posible.

España cuenta con mecanismos para afrontar este tipo de situaciones.

Una vez más, apelo a la ciudadanía para colaborar con todas las https://t.co/0RHbEWpHt7",9165,1515,3430,1935264,297,0,0,1,0.0,neutral
1916794561772265788,4,April,Mon Apr 28 10:00:10 +0000 2025,"Todo mi cariño para la familia y amigos de la mujer asesinada en La Rioja víctima de la #ViolenciaMachista.

Reiteramos nuestra condena y rechazo ante cada asesinato. Hago un nuevo llamamiento a la unidad y firmeza para acabar con esta violencia estructural. 
#NiUnaMenos",1700,253,902,1005448,271,2,0,0,0.296,positive
1916585094107562117,4,April,Sun Apr 27 20:07:49 +0000 2025,"Profundamente consternado por el trágico atropello masivo durante el festival de la comunidad filipino-canadiense en Vancouver, que ha dejado numerosas víctimas mortales y heridos.

Mis más sentidas condolencias a las víctimas y familiares en este momento de dolor.",3582,519,986,728811,265,0,0,0,0.6808,positive
1916266112607727687,4,April,Sat Apr 26 23:00:18 +0000 2025,"Final eléctrica de la #CopadelRey. De las que hacen afición.

Enhorabuena al @FCBarcelona_es y a todos los culés.",16513,2064,2085,9676184,113,1,1,0,0.0,neutral
1915845563980865880,4,April,Fri Apr 25 19:09:11 +0000 2025,"Frente a la violencia y el odio, responderemos con memoria, respeto y justicia.

El PSOE seguirá reivindicando el derecho a recordar y honrar a quienes lucharon por la democracia. Un abrazo a los compañeros y compañeras del @PSOECantabria.",3857,1111,1417,248098,239,0,1,0,0.0,neutral
1915717043178942753,4,April,Fri Apr 25 10:38:30 +0000 2025,"Toda mi solidaridad y cariño para la familia de la mujer asesinada en Huelva. 

Un nuevo caso de #ViolenciaMachista que debe hacernos reaccionar a todos, desde todas las instituciones, desde las aulas, en el trabajo o en nuestro barrio: PAREMOS esta violencia estructural.",1617,459,832,130454,272,1,0,0,0.0,neutral
1915356550429811028,4,April,Thu Apr 24 10:46:01 +0000 2025,"Lanzamos el PERTE de la Industrialización de la Vivienda con una inversión pública de 1.300 M€ en 10 años.

Una herramienta fundamental para situar a España a la vanguardia. Tenemos las empresas y la ambición.

Construiremos más y mejor vivienda, más rápido y más asequible. https://t.co/6cW6YKG3dI",2386,875,2206,313073,298,0,0,1,0.0,neutral
1914939008993370506,4,April,Wed Apr 23 07:06:52 +0000 2025,"Feliz 23 de abril a todos los lectores y lectoras.

También a los que escriben, a las librerías y a todo el sector del libro.

Hoy celebramos juntos la literatura, las historias y la palabra.

Feliz #DíadelLibro.
Y bona Diada de Sant Jordi a tothom! 🌹 https://t.co/SISYnf2L4u",2792,678,1090,134980,275,1,0,1,0.0,neutral
1914931051152973867,4,April,Wed Apr 23 06:35:14 +0000 2025,"Castilla y León es una tierra plural, llena de historia, rica en cultura y patrimonio que desea seguir avanzando.

Estamos a vuestro lado por un futuro lleno de oportunidades.

Feliz #DíaDeCastillaYLeón. https://t.co/J7DK1cMNO0",967,301,458,78530,227,1,0,1,0.0,neutral
1914929940266471879,4,April,Wed Apr 23 06:30:50 +0000 2025,"Aragón celebra hoy su día. Una jornada donde mostrar orgullo del pasado y presente y determinación para alcanzar un futuro de prosperidad.

Tenacidad, solidaridad y rasmia os sobran.

Feliz día, aragoneses y aragonesas.
¡Feliz #SanJorge! https://t.co/Tez0f7NZnR",935,254,258,46104,261,1,0,1,0.0,neutral
1914770211947135206,4,April,Tue Apr 22 19:56:07 +0000 2025,"España tiene una economía saneada y dinámica.

La principal meta del Gobierno de España siempre ha sido, y seguirá siendo, hacer que los españoles y las españolas vivan mejor.

Crear riqueza y repartirla.

¡Seguimos!
https://t.co/GX4rHLvP6s",3992,1178,2532,248804,240,0,0,1,0.4003,positive
1928375336510570734,5,May,Fri May 30 08:58:02 +0000 2025,"No hay palabras que puedan acompañar en este dolor.

La violencia vicaria es la violencia más cruel ejercida con el único objetivo de destrozar la vida de una mujer para siempre.

Todo mi cariño para esa madre que ha visto como asesinaban a su hija en Bilbao y a toda su familia.",7058,1177,1681,389837,279,0,0,0,-0.5574,negative
1928351769475555457,5,May,Fri May 30 07:24:23 +0000 2025,"La inflación se modera en mayo y se sitúa por debajo del nivel de referencia del 2%. Aunamos crecimiento y contención de precios, pese a la incertidumbre internacional.

Frente a los del NO a todo, España avanza y el Gobierno funciona.

Seguimos adelante.
https://t.co/Dr4VYm6Qmx",5014,1379,2688,362243,279,0,0,1,-0.4466,negative
1928342753554882689,5,May,Fri May 30 06:48:33 +0000 2025,"Canarias es mar y horizonte, diversidad y raíz.

Una tierra que acoge, que cuida todo aquello que la hace única y que avanza con la fuerza de su gente.

Con desafíos por delante, pero también con un futuro lleno de oportunidades.

¡Feliz #DíaDeCanarias! https://t.co/rTU2G0jDGC",1959,422,1074,169012,277,1,0,1,0.0,neutral
1928057969041887640,5,May,Thu May 29 11:56:56 +0000 2025,"Un placer recibir hoy a mi amigo, el PM Robert Golob, con quien hace un año, España tomó la decisión de reconocer al Estado de Palestina. 

Eslovenia es un socio estratégico, con el que trabajamos en la UE para contar con un presupuesto a la altura de nuestra ambición. https://t.co/Kux3kmbPGD",3919,869,1311,149533,293,0,0,1,0.0,neutral
1928028039633670415,5,May,Thu May 29 09:58:00 +0000 2025,"El Ingreso Mínimo Vital es mucho más que una ayuda económica.

Es un faro de esperanza para romper el círculo de la exclusión social. 

Es una política vital para los que la necesitan ahora, pero que nos protege e interpela a todos y que cambia a mejor la vida de mucha gente. https://t.co/7rIfF5TS3G",2832,840,2059,173124,300,0,0,1,0.5267,positive
1928024798413607026,5,May,Thu May 29 09:45:07 +0000 2025,"Actuamos para garantizar el derecho a una vivienda digna para las familias muy desfavorecidas.

La sociedad tuTECHO destinará 5 M€ para ofrecer vivienda digna a más de 2.000 beneficiarios y combatir el sinhogarismo en España. https://t.co/LCASw1JCsW",1724,569,1987,157252,249,0,0,1,0.0,neutral
1928001754123153467,5,May,Thu May 29 08:13:33 +0000 2025,"Hoy nos deja el exministro Juan Manuel Eguiagaray.

Fue un político solvente, serio y conciliador. 

Un hombre de Estado que dedicó su vida al servicio público y uno de los artífices de la España plural y diversa que hoy disfrutamos.

Un cariñoso abrazo a su familia y amigos.",1556,330,873,128012,276,0,0,0,0.0,neutral
1927714692752977994,5,May,Wed May 28 13:12:52 +0000 2025,"Un placer reunirme con mi compañera y amiga @Teresaribera para seguir impulsando la agenda verde europea.

Tecnologías limpias, descarbonización y reindustrialización serán claves para la seguridad y el futuro económico de la UE.

Europa debe llegar fuerte a la COP30. https://t.co/Xk0HI0PwFC",2525,658,1740,132403,292,0,1,1,0.0,neutral
1927694975841562992,5,May,Wed May 28 11:54:31 +0000 2025,"El drama vivido en El Hierro debería conmovernos a todos. Vidas perdidas en un intento desesperado de encontrar un futuro mejor.

Debemos estar a la altura. Es una cuestión de humanidad.

Mi solidaridad y cariño para las víctimas y sus familias y todo mi apoyo a quienes trabajan",6031,1203,2427,540207,279,0,0,0,0.0,neutral
1927680322004472151,5,May,Wed May 28 10:56:17 +0000 2025,"Acabo de mantener una fructífera reunión de trabajo con @vonderleyen. Hemos hablado de la guerra comercial, de la necesidad de aumentar las interconexiones eléctricas entre la Península Ibérica y el resto Europa y de la importancia de desplegar una política de vivienda ambiciosa https://t.co/QYCHKlugQl",3967,1021,1732,328216,303,0,1,1,0.0,neutral
1927620897059344855,5,May,Wed May 28 07:00:09 +0000 2025,"Un año después de reconocer a Palestina como Estado, el dolor en Gaza es insoportable.

España seguirá alzando la voz, con más fuerza que nunca, para terminar con la masacre de la que el mundo es hoy testigo.",23904,4306,3284,970117,208,0,0,0,0.0,neutral
1927406760500891942,5,May,Tue May 27 16:49:15 +0000 2025,"Un sentido abrazo a la familia y seres queridos de la mujer asesinada en Cáceres.

Seguiremos trabajando por cada víctima de esta violencia estructural. Por todas las mujeres, sus derechos y su libertad.

Solo desde la unidad erradicaremos la #ViolenciaDeGénero.

#NiUnaMenos",1702,469,777,125111,275,2,0,0,0.0,neutral
1927301269523243126,5,May,Tue May 27 09:50:04 +0000 2025,"¡Qué alegría tenerte de nuevo en el Consejo de Ministros, querido @avtorresp!

Tu energía es contagiosa. Seguimos con fuerza e ilusión. https://t.co/URjXva3GkG",3059,662,1091,224630,159,0,1,1,0.0,neutral
1926968606429946290,5,May,Mon May 26 11:48:11 +0000 2025,"Ponemos en marcha una ayuda directa de 100€ para que los menores de 16 años con problemas de visión puedan adquirir gafas o lentillas.

Que un niño pueda ver bien la pizarra de su colegio NO puede depender del bolsillo de su familia.

Equidad en salud y mismas oportunidades. https://t.co/HwJ13gfbLI",5013,1261,2835,570894,299,0,0,1,-0.4466,negative
1926206746617430108,5,May,Sat May 24 09:20:50 +0000 2025,"Los valores e ideales socialistas son aquellos en los que la gente puede depositar sus esperanzas.

Por eso debemos estar preparados.

Redoblemos nuestros esfuerzos, compañeros y compañeras de la @Soc_Intl. Renovemos nuestro entusiasmo.

Luchemos. Seamos fuertes. https://t.co/Whkp8hkvWl",4379,1122,2761,238663,287,0,1,1,0.0,neutral
1926201027566375213,5,May,Sat May 24 08:58:06 +0000 2025,"La situación actual en Gaza es inaceptable y no vamos a permanecer callados.

La indiferencia no es una opción. Ya basta.

Seguiremos alzando nuestra voz contra la flagrante violación del derecho internacional y del derecho internacional humanitario. https://t.co/G7r8FuA5WO",7837,1930,2137,373378,274,0,0,1,-0.5267,negative
1925620130936946753,5,May,Thu May 22 18:29:50 +0000 2025,"Hoy he conocido a Pepito Vicent, de Catarroja. Sabiduría ciclista, memoria viva de Fausto Coppi, manos artesanas que llevan 70 años arreglando bicicletas.

Cuando la DANA arrasó su taller, su historia me conmovió. ¡Qué alegría verlo recuperar su lugar en el mundo! https://t.co/FJYbWkuXMU",5839,1227,1702,259041,288,0,0,1,0.0,neutral
1925573096859119944,5,May,Thu May 22 15:22:56 +0000 2025,"Hoy me he reunido en Valencia con las víctimas de la DANA. He escuchado su dolor, su fuerza y su dignidad.

Les he transmitido que el Gobierno seguirá a su lado, como desde el primer día.

Nuestro compromiso es firme: justicia, reparación y prevención.

No os fallaremos. https://t.co/PMwkMKVlUY",6730,1594,3757,496198,295,0,0,1,-0.296,negative
1925523722481361363,5,May,Thu May 22 12:06:44 +0000 2025,"ITV Ice Makers es más que una empresa: es la historia de una familia que, tras perderlo todo por la DANA, hoy vuelve a producir gracias al esfuerzo colectivo y al compromiso de lo público.

Reconstruir es esto: no dejar a nadie atrás. https://t.co/aximZZBsGL",2573,761,984,158969,258,0,0,1,-0.296,negative
1928375336510570734,5,May,Fri May 30 08:58:02 +0000 2025,"No hay palabras que puedan acompañar en este dolor.

La violencia vicaria es la violencia más cruel ejercida con el único objetivo de destrozar la vida de una mujer para siempre.

Todo mi cariño para esa madre que ha visto como asesinaban a su hija en Bilbao y a toda su familia.",7058,1177,1681,389838,279,0,0,0,-0.5574,negative
1928351769475555457,5,May,Fri May 30 07:24:23 +0000 2025,"La inflación se modera en mayo y se sitúa por debajo del nivel de referencia del 2%. Aunamos crecimiento y contención de precios, pese a la incertidumbre internacional.

Frente a los del NO a todo, España avanza y el Gobierno funciona.

Seguimos adelante.
https://t.co/Dr4VYm6Qmx",5012,1379,2688,362244,279,0,0,1,-0.4466,negative
1928342753554882689,5,May,Fri May 30 06:48:33 +0000 2025,"Canarias es mar y horizonte, diversidad y raíz.

Una tierra que acoge, que cuida todo aquello que la hace única y que avanza con la fuerza de su gente.

Con desafíos por delante, pero también con un futuro lleno de oportunidades.

¡Feliz #DíaDeCanarias! https://t.co/rTU2G0jDGC",1959,422,1074,169011,277,1,0,1,0.0,neutral
1928057969041887640,5,May,Thu May 29 11:56:56 +0000 2025,"Un placer recibir hoy a mi amigo, el PM Robert Golob, con quien hace un año, España tomó la decisión de reconocer al Estado de Palestina. 

Eslovenia es un socio estratégico, con el que trabajamos en la UE para contar con un presupuesto a la altura de nuestra ambición. https://t.co/Kux3kmbPGD",3918,868,1311,149532,293,0,0,1,0.0,neutral
1928028039633670415,5,May,Thu May 29 09:58:00 +0000 2025,"El Ingreso Mínimo Vital es mucho más que una ayuda económica.

Es un faro de esperanza para romper el círculo de la exclusión social. 

Es una política vital para los que la necesitan ahora, pero que nos protege e interpela a todos y que cambia a mejor la vida de mucha gente. https://t.co/7rIfF5TS3G",2830,839,2059,173124,300,0,0,1,0.5267,positive
1928024798413607026,5,May,Thu May 29 09:45:07 +0000 2025,"Actuamos para garantizar el derecho a una vivienda digna para las familias muy desfavorecidas.

La sociedad tuTECHO destinará 5 M€ para ofrecer vivienda digna a más de 2.000 beneficiarios y combatir el sinhogarismo en España. https://t.co/LCASw1JCsW",1724,569,1987,157252,249,0,0,1,0.0,neutral
1928001754123153467,5,May,Thu May 29 08:13:33 +0000 2025,"Hoy nos deja el exministro Juan Manuel Eguiagaray.

Fue un político solvente, serio y conciliador. 

Un hombre de Estado que dedicó su vida al servicio público y uno de los artífices de la España plural y diversa que hoy disfrutamos.

Un cariñoso abrazo a su familia y amigos.",1556,329,873,128011,276,0,0,0,0.0,neutral
1927714692752977994,5,May,Wed May 28 13:12:52 +0000 2025,"Un placer reunirme con mi compañera y amiga @Teresaribera para seguir impulsando la agenda verde europea.

Tecnologías limpias, descarbonización y reindustrialización serán claves para la seguridad y el futuro económico de la UE.

Europa debe llegar fuerte a la COP30. https://t.co/Xk0HI0PwFC",2525,658,1740,132403,292,0,1,1,0.0,neutral
1927694975841562992,5,May,Wed May 28 11:54:31 +0000 2025,"El drama vivido en El Hierro debería conmovernos a todos. Vidas perdidas en un intento desesperado de encontrar un futuro mejor.

Debemos estar a la altura. Es una cuestión de humanidad.

Mi solidaridad y cariño para las víctimas y sus familias y todo mi apoyo a quienes trabajan",6031,1202,2427,540207,279,0,0,0,0.0,neutral
1927680322004472151,5,May,Wed May 28 10:56:17 +0000 2025,"Acabo de mantener una fructífera reunión de trabajo con @vonderleyen. Hemos hablado de la guerra comercial, de la necesidad de aumentar las interconexiones eléctricas entre la Península Ibérica y el resto Europa y de la importancia de desplegar una política de vivienda ambiciosa https://t.co/QYCHKlugQl",3967,1021,1732,328215,303,0,1,1,0.0,neutral
1927620897059344855,5,May,Wed May 28 07:00:09 +0000 2025,"Un año después de reconocer a Palestina como Estado, el dolor en Gaza es insoportable.

España seguirá alzando la voz, con más fuerza que nunca, para terminar con la masacre de la que el mundo es hoy testigo.",23903,4306,3284,970116,208,0,0,0,0.0,neutral
1927406760500891942,5,May,Tue May 27 16:49:15 +0000 2025,"Un sentido abrazo a la familia y seres queridos de la mujer asesinada en Cáceres.

Seguiremos trabajando por cada víctima de esta violencia estructural. Por todas las mujeres, sus derechos y su libertad.

Solo desde la unidad erradicaremos la #ViolenciaDeGénero.

#NiUnaMenos",1702,465,777,125111,275,2,0,0,0.0,neutral
1927301269523243126,5,May,Tue May 27 09:50:04 +0000 2025,"¡Qué alegría tenerte de nuevo en el Consejo de Ministros, querido @avtorresp!

Tu energía es contagiosa. Seguimos con fuerza e ilusión. https://t.co/URjXva3GkG",3059,662,1091,224630,159,0,1,1,0.0,neutral
1926968606429946290,5,May,Mon May 26 11:48:11 +0000 2025,"Ponemos en marcha una ayuda directa de 100€ para que los menores de 16 años con problemas de visión puedan adquirir gafas o lentillas.

Que un niño pueda ver bien la pizarra de su colegio NO puede depender del bolsillo de su familia.

Equidad en salud y mismas oportunidades. https://t.co/HwJ13gfbLI",5013,1261,2835,570893,299,0,0,1,-0.4466,negative
1926206746617430108,5,May,Sat May 24 09:20:50 +0000 2025,"Los valores e ideales socialistas son aquellos en los que la gente puede depositar sus esperanzas.

Por eso debemos estar preparados.

Redoblemos nuestros esfuerzos, compañeros y compañeras de la @Soc_Intl. Renovemos nuestro entusiasmo.

Luchemos. Seamos fuertes. https://t.co/Whkp8hkvWl",4379,1122,2761,238662,287,0,1,1,0.0,neutral
1926201027566375213,5,May,Sat May 24 08:58:06 +0000 2025,"La situación actual en Gaza es inaceptable y no vamos a permanecer callados.

La indiferencia no es una opción. Ya basta.

Seguiremos alzando nuestra voz contra la flagrante violación del derecho internacional y del derecho internacional humanitario. https://t.co/G7r8FuA5WO",7840,1930,2137,373377,274,0,0,1,-0.5267,negative
1925620130936946753,5,May,Thu May 22 18:29:50 +0000 2025,"Hoy he conocido a Pepito Vicent, de Catarroja. Sabiduría ciclista, memoria viva de Fausto Coppi, manos artesanas que llevan 70 años arreglando bicicletas.

Cuando la DANA arrasó su taller, su historia me conmovió. ¡Qué alegría verlo recuperar su lugar en el mundo! https://t.co/FJYbWkuXMU",5839,1227,1702,259042,288,0,0,1,0.0,neutral
1925573096859119944,5,May,Thu May 22 15:22:56 +0000 2025,"Hoy me he reunido en Valencia con las víctimas de la DANA. He escuchado su dolor, su fuerza y su dignidad.

Les he transmitido que el Gobierno seguirá a su lado, como desde el primer día.

Nuestro compromiso es firme: justicia, reparación y prevención.

No os fallaremos. https://t.co/PMwkMKVlUY",6730,1594,3757,496199,295,0,0,1,-0.296,negative
1925523722481361363,5,May,Thu May 22 12:06:44 +0000 2025,"ITV Ice Makers es más que una empresa: es la historia de una familia que, tras perderlo todo por la DANA, hoy vuelve a producir gracias al esfuerzo colectivo y al compromiso de lo público.

Reconstruir es esto: no dejar a nadie atrás. https://t.co/aximZZBsGL",2572,761,984,158970,258,0,0,1,-0.296,negative
1928375336510570734,5,May,Fri May 30 08:58:02 +0000 2025,"No hay palabras que puedan acompañar en este dolor.

La violencia vicaria es la violencia más cruel ejercida con el único objetivo de destrozar la vida de una mujer para siempre.

Todo mi cariño para esa madre que ha visto como asesinaban a su hija en Bilbao y a toda su familia.",7058,1177,1681,389838,279,0,0,0,-0.5574,negative
1928351769475555457,5,May,Fri May 30 07:24:23 +0000 2025,"La inflación se modera en mayo y se sitúa por debajo del nivel de referencia del 2%. Aunamos crecimiento y contención de precios, pese a la incertidumbre internacional.

Frente a los del NO a todo, España avanza y el Gobierno funciona.

Seguimos adelante.
https://t.co/Dr4VYm6Qmx",5012,1379,2688,362244,279,0,0,1,-0.4466,negative
1928342753554882689,5,May,Fri May 30 06:48:33 +0000 2025,"Canarias es mar y horizonte, diversidad y raíz.

Una tierra que acoge, que cuida todo aquello que la hace única y que avanza con la fuerza de su gente.

Con desafíos por delante, pero también con un futuro lleno de oportunidades.

¡Feliz #DíaDeCanarias! https://t.co/rTU2G0jDGC",1959,422,1074,169011,277,1,0,1,0.0,neutral
1928057969041887640,5,May,Thu May 29 11:56:56 +0000 2025,"Un placer recibir hoy a mi amigo, el PM Robert Golob, con quien hace un año, España tomó la decisión de reconocer al Estado de Palestina. 

Eslovenia es un socio estratégico, con el que trabajamos en la UE para contar con un presupuesto a la altura de nuestra ambición. https://t.co/Kux3kmbPGD",3918,868,1311,149532,293,0,0,1,0.0,neutral
1928028039633670415,5,May,Thu May 29 09:58:00 +0000 2025,"El Ingreso Mínimo Vital es mucho más que una ayuda económica.

Es un faro de esperanza para romper el círculo de la exclusión social. 

Es una política vital para los que la necesitan ahora, pero que nos protege e interpela a todos y que cambia a mejor la vida de mucha gente. https://t.co/7rIfF5TS3G",2830,839,2059,173124,300,0,0,1,0.5267,positive
1928024798413607026,5,May,Thu May 29 09:45:07 +0000 2025,"Actuamos para garantizar el derecho a una vivienda digna para las familias muy desfavorecidas.

La sociedad tuTECHO destinará 5 M€ para ofrecer vivienda digna a más de 2.000 beneficiarios y combatir el sinhogarismo en España. https://t.co/LCASw1JCsW",1724,569,1987,157252,249,0,0,1,0.0,neutral
1928001754123153467,5,May,Thu May 29 08:13:33 +0000 2025,"Hoy nos deja el exministro Juan Manuel Eguiagaray.

Fue un político solvente, serio y conciliador. 

Un hombre de Estado que dedicó su vida al servicio público y uno de los artífices de la España plural y diversa que hoy disfrutamos.

Un cariñoso abrazo a su familia y amigos.",1556,329,873,128011,276,0,0,0,0.0,neutral
1927714692752977994,5,May,Wed May 28 13:12:52 +0000 2025,"Un placer reunirme con mi compañera y amiga @Teresaribera para seguir impulsando la agenda verde europea.

Tecnologías limpias, descarbonización y reindustrialización serán claves para la seguridad y el futuro económico de la UE.

Europa debe llegar fuerte a la COP30. https://t.co/Xk0HI0PwFC",2525,658,1740,132403,292,0,1,1,0.0,neutral
1927694975841562992,5,May,Wed May 28 11:54:31 +0000 2025,"El drama vivido en El Hierro debería conmovernos a todos. Vidas perdidas en un intento desesperado de encontrar un futuro mejor.

Debemos estar a la altura. Es una cuestión de humanidad.

Mi solidaridad y cariño para las víctimas y sus familias y todo mi apoyo a quienes trabajan",6031,1202,2427,540207,279,0,0,0,0.0,neutral
1927680322004472151,5,May,Wed May 28 10:56:17 +0000 2025,"Acabo de mantener una fructífera reunión de trabajo con @vonderleyen. Hemos hablado de la guerra comercial, de la necesidad de aumentar las interconexiones eléctricas entre la Península Ibérica y el resto Europa y de la importancia de desplegar una política de vivienda ambiciosa https://t.co/QYCHKlugQl",3967,1021,1732,328215,303,0,1,1,0.0,neutral
1927620897059344855,5,May,Wed May 28 07:00:09 +0000 2025,"Un año después de reconocer a Palestina como Estado, el dolor en Gaza es insoportable.

España seguirá alzando la voz, con más fuerza que nunca, para terminar con la masacre de la que el mundo es hoy testigo.",23903,4306,3284,970116,208,0,0,0,0.0,neutral
1927406760500891942,5,May,Tue May 27 16:49:15 +0000 2025,"Un sentido abrazo a la familia y seres queridos de la mujer asesinada en Cáceres.

Seguiremos trabajando por cada víctima de esta violencia estructural. Por todas las mujeres, sus derechos y su libertad.

Solo desde la unidad erradicaremos la #ViolenciaDeGénero.

#NiUnaMenos",1702,465,777,125111,275,2,0,0,0.0,neutral
1927301269523243126,5,May,Tue May 27 09:50:04 +0000 2025,"¡Qué alegría tenerte de nuevo en el Consejo de Ministros, querido @avtorresp!

Tu energía es contagiosa. Seguimos con fuerza e ilusión. https://t.co/URjXva3GkG",3059,662,1091,224630,159,0,1,1,0.0,neutral
1926968606429946290,5,May,Mon May 26 11:48:11 +0000 2025,"Ponemos en marcha una ayuda directa de 100€ para que los menores de 16 años con problemas de visión puedan adquirir gafas o lentillas.

Que un niño pueda ver bien la pizarra de su colegio NO puede depender del bolsillo de su familia.

Equidad en salud y mismas oportunidades. https://t.co/HwJ13gfbLI",5013,1261,2835,570893,299,0,0,1,-0.4466,negative
1926206746617430108,5,May,Sat May 24 09:20:50 +0000 2025,"Los valores e ideales socialistas son aquellos en los que la gente puede depositar sus esperanzas.

Por eso debemos estar preparados.

Redoblemos nuestros esfuerzos, compañeros y compañeras de la @Soc_Intl. Renovemos nuestro entusiasmo.

Luchemos. Seamos fuertes. https://t.co/Whkp8hkvWl",4379,1122,2761,238662,287,0,1,1,0.0,neutral
1926201027566375213,5,May,Sat May 24 08:58:06 +0000 2025,"La situación actual en Gaza es inaceptable y no vamos a permanecer callados.

La indiferencia no es una opción. Ya basta.

Seguiremos alzando nuestra voz contra la flagrante violación del derecho internacional y del derecho internacional humanitario. https://t.co/G7r8FuA5WO",7840,1930,2137,373377,274,0,0,1,-0.5267,negative
1925620130936946753,5,May,Thu May 22 18:29:50 +0000 2025,"Hoy he conocido a Pepito Vicent, de Catarroja. Sabiduría ciclista, memoria viva de Fausto Coppi, manos artesanas que llevan 70 años arreglando bicicletas.

Cuando la DANA arrasó su taller, su historia me conmovió. ¡Qué alegría verlo recuperar su lugar en el mundo! https://t.co/FJYbWkuXMU",5839,1227,1702,259042,288,0,0,1,0.0,neutral
1925573096859119944,5,May,Thu May 22 15:22:56 +0000 2025,"Hoy me he reunido en Valencia con las víctimas de la DANA. He escuchado su dolor, su fuerza y su dignidad.

Les he transmitido que el Gobierno seguirá a su lado, como desde el primer día.

Nuestro compromiso es firme: justicia, reparación y prevención.

No os fallaremos. https://t.co/PMwkMKVlUY",6730,1594,3757,496199,295,0,0,1,-0.296,negative
1925523722481361363,5,May,Thu May 22 12:06:44 +0000 2025,"ITV Ice Makers es más que una empresa: es la historia de una familia que, tras perderlo todo por la DANA, hoy vuelve a producir gracias al esfuerzo colectivo y al compromiso de lo público.

Reconstruir es esto: no dejar a nadie atrás. https://t.co/aximZZBsGL",2572,761,984,158970,258,0,0,1,-0.296,negative
1928375336510570734,5,May,Fri May 30 08:58:02 +0000 2025,"No hay palabras que puedan acompañar en este dolor.

La violencia vicaria es la violencia más cruel ejercida con el único objetivo de destrozar la vida de una mujer para siempre.

Todo mi cariño para esa madre que ha visto como asesinaban a su hija en Bilbao y a toda su familia.",7058,1177,1681,389838,279,0,0,0,-0.5574,negative
1928351769475555457,5,May,Fri May 30 07:24:23 +0000 2025,"La inflación se modera en mayo y se sitúa por debajo del nivel de referencia del 2%. Aunamos crecimiento y contención de precios, pese a la incertidumbre internacional.

Frente a los del NO a todo, España avanza y el Gobierno funciona.

Seguimos adelante.
https://t.co/Dr4VYm6Qmx",5012,1379,2688,362244,279,0,0,1,-0.4466,negative
1928342753554882689,5,May,Fri May 30 06:48:33 +0000 2025,"Canarias es mar y horizonte, diversidad y raíz.

Una tierra que acoge, que cuida todo aquello que la hace única y que avanza con la fuerza de su gente.

Con desafíos por delante, pero también con un futuro lleno de oportunidades.

¡Feliz #DíaDeCanarias! https://t.co/rTU2G0jDGC",1959,422,1074,169011,277,1,0,1,0.0,neutral
1928057969041887640,5,May,Thu May 29 11:56:56 +0000 2025,"Un placer recibir hoy a mi amigo, el PM Robert Golob, con quien hace un año, España tomó la decisión de reconocer al Estado de Palestina. 

Eslovenia es un socio estratégico, con el que trabajamos en la UE para contar con un presupuesto a la altura de nuestra ambición. https://t.co/Kux3kmbPGD",3918,868,1311,149532,293,0,0,1,0.0,neutral
1928028039633670415,5,May,Thu May 29 09:58:00 +0000 2025,"El Ingreso Mínimo Vital es mucho más que una ayuda económica.

Es un faro de esperanza para romper el círculo de la exclusión social. 

Es una política vital para los que la necesitan ahora, pero que nos protege e interpela a todos y que cambia a mejor la vida de mucha gente. https://t.co/7rIfF5TS3G",2830,839,2059,173124,300,0,0,1,0.5267,positive
1928024798413607026,5,May,Thu May 29 09:45:07 +0000 2025,"Actuamos para garantizar el derecho a una vivienda digna para las familias muy desfavorecidas.

La sociedad tuTECHO destinará 5 M€ para ofrecer vivienda digna a más de 2.000 beneficiarios y combatir el sinhogarismo en España. https://t.co/LCASw1JCsW",1724,569,1987,157252,249,0,0,1,0.0,neutral
1928001754123153467,5,May,Thu May 29 08:13:33 +0000 2025,"Hoy nos deja el exministro Juan Manuel Eguiagaray.

Fue un político solvente, serio y conciliador. 

Un hombre de Estado que dedicó su vida al servicio público y uno de los artífices de la España plural y diversa que hoy disfrutamos.

Un cariñoso abrazo a su familia y amigos.",1556,329,873,128011,276,0,0,0,0.0,neutral
1927714692752977994,5,May,Wed May 28 13:12:52 +0000 2025,"Un placer reunirme con mi compañera y amiga @Teresaribera para seguir impulsando la agenda verde europea.

Tecnologías limpias, descarbonización y reindustrialización serán claves para la seguridad y el futuro económico de la UE.

Europa debe llegar fuerte a la COP30. https://t.co/Xk0HI0PwFC",2525,658,1740,132403,292,0,1,1,0.0,neutral
1927694975841562992,5,May,Wed May 28 11:54:31 +0000 2025,"El drama vivido en El Hierro debería conmovernos a todos. Vidas perdidas en un intento desesperado de encontrar un futuro mejor.

Debemos estar a la altura. Es una cuestión de humanidad.

Mi solidaridad y cariño para las víctimas y sus familias y todo mi apoyo a quienes trabajan",6031,1202,2427,540207,279,0,0,0,0.0,neutral
1927680322004472151,5,May,Wed May 28 10:56:17 +0000 2025,"Acabo de mantener una fructífera reunión de trabajo con @vonderleyen. Hemos hablado de la guerra comercial, de la necesidad de aumentar las interconexiones eléctricas entre la Península Ibérica y el resto Europa y de la importancia de desplegar una política de vivienda ambiciosa https://t.co/QYCHKlugQl",3967,1021,1732,328215,303,0,1,1,0.0,neutral
1927620897059344855,5,May,Wed May 28 07:00:09 +0000 2025,"Un año después de reconocer a Palestina como Estado, el dolor en Gaza es insoportable.

España seguirá alzando la voz, con más fuerza que nunca, para terminar con la masacre de la que el mundo es hoy testigo.",23903,4306,3284,970116,208,0,0,0,0.0,neutral
1927406760500891942,5,May,Tue May 27 16:49:15 +0000 2025,"Un sentido abrazo a la familia y seres queridos de la mujer asesinada en Cáceres.

Seguiremos trabajando por cada víctima de esta violencia estructural. Por todas las mujeres, sus derechos y su libertad.

Solo desde la unidad erradicaremos la #ViolenciaDeGénero.

#NiUnaMenos",1702,465,777,125111,275,2,0,0,0.0,neutral
1927301269523243126,5,May,Tue May 27 09:50:04 +0000 2025,"¡Qué alegría tenerte de nuevo en el Consejo de Ministros, querido @avtorresp!

Tu energía es contagiosa. Seguimos con fuerza e ilusión. https://t.co/URjXva3GkG",3059,662,1091,224630,159,0,1,1,0.0,neutral
1926968606429946290,5,May,Mon May 26 11:48:11 +0000 2025,"Ponemos en marcha una ayuda directa de 100€ para que los menores de 16 años con problemas de visión puedan adquirir gafas o lentillas.

Que un niño pueda ver bien la pizarra de su colegio NO puede depender del bolsillo de su familia.

Equidad en salud y mismas oportunidades. https://t.co/HwJ13gfbLI",5013,1261,2835,570893,299,0,0,1,-0.4466,negative
1926206746617430108,5,May,Sat May 24 09:20:50 +0000 2025,"Los valores e ideales socialistas son aquellos en los que la gente puede depositar sus esperanzas.

Por eso debemos estar preparados.

Redoblemos nuestros esfuerzos, compañeros y compañeras de la @Soc_Intl. Renovemos nuestro entusiasmo.

Luchemos. Seamos fuertes. https://t.co/Whkp8hkvWl",4379,1122,2761,238662,287,0,1,1,0.0,neutral
1926201027566375213,5,May,Sat May 24 08:58:06 +0000 2025,"La situación actual en Gaza es inaceptable y no vamos a permanecer callados.

La indiferencia no es una opción. Ya basta.

Seguiremos alzando nuestra voz contra la flagrante violación del derecho internacional y del derecho internacional humanitario. https://t.co/G7r8FuA5WO",7840,1930,2137,373377,274,0,0,1,-0.5267,negative
1925620130936946753,5,May,Thu May 22 18:29:50 +0000 2025,"Hoy he conocido a Pepito Vicent, de Catarroja. Sabiduría ciclista, memoria viva de Fausto Coppi, manos artesanas que llevan 70 años arreglando bicicletas.

Cuando la DANA arrasó su taller, su historia me conmovió. ¡Qué alegría verlo recuperar su lugar en el mundo! https://t.co/FJYbWkuXMU",5839,1227,1702,259042,288,0,0,1,0.0,neutral
1925573096859119944,5,May,Thu May 22 15:22:56 +0000 2025,"Hoy me he reunido en Valencia con las víctimas de la DANA. He escuchado su dolor, su fuerza y su dignidad.

Les he transmitido que el Gobierno seguirá a su lado, como desde el primer día.

Nuestro compromiso es firme: justicia, reparación y prevención.

No os fallaremos. https://t.co/PMwkMKVlUY",6730,1594,3757,496199,295,0,0,1,-0.296,negative
1925523722481361363,5,May,Thu May 22 12:06:44 +0000 2025,"ITV Ice Makers es más que una empresa: es la historia de una familia que, tras perderlo todo por la DANA, hoy vuelve a producir gracias al esfuerzo colectivo y al compromiso de lo público.

Reconstruir es esto: no dejar a nadie atrás. https://t.co/aximZZBsGL",2572,761,984,158970,258,0,0,1,-0.296,negative
1928375336510570734,5,May,Fri May 30 08:58:02 +0000 2025,"No hay palabras que puedan acompañar en este dolor.

La violencia vicaria es la violencia más cruel ejercida con el único objetivo de destrozar la vida de una mujer para siempre.

Todo mi cariño para esa madre que ha visto como asesinaban a su hija en Bilbao y a toda su familia.",7058,1177,1681,389837,279,0,0,0,-0.5574,negative
1928351769475555457,5,May,Fri May 30 07:24:23 +0000 2025,"La inflación se modera en mayo y se sitúa por debajo del nivel de referencia del 2%. Aunamos crecimiento y contención de precios, pese a la incertidumbre internacional.

Frente a los del NO a todo, España avanza y el Gobierno funciona.

Seguimos adelante.
https://t.co/Dr4VYm6Qmx",5014,1379,2688,362243,279,0,0,1,-0.4466,negative
1928342753554882689,5,May,Fri May 30 06:48:33 +0000 2025,"Canarias es mar y horizonte, diversidad y raíz.

Una tierra que acoge, que cuida todo aquello que la hace única y que avanza con la fuerza de su gente.

Con desafíos por delante, pero también con un futuro lleno de oportunidades.

¡Feliz #DíaDeCanarias! https://t.co/rTU2G0jDGC",1959,422,1074,169012,277,1,0,1,0.0,neutral
1928057969041887640,5,May,Thu May 29 11:56:56 +0000 2025,"Un placer recibir hoy a mi amigo, el PM Robert Golob, con quien hace un año, España tomó la decisión de reconocer al Estado de Palestina. 

Eslovenia es un socio estratégico, con el que trabajamos en la UE para contar con un presupuesto a la altura de nuestra ambición. https://t.co/Kux3kmbPGD",3919,869,1311,149533,293,0,0,1,0.0,neutral
1928028039633670415,5,May,Thu May 29 09:58:00 +0000 2025,"El Ingreso Mínimo Vital es mucho más que una ayuda económica.

Es un faro de esperanza para romper el círculo de la exclusión social. 

Es una política vital para los que la necesitan ahora, pero que nos protege e interpela a todos y que cambia a mejor la vida de mucha gente. https://t.co/7rIfF5TS3G",2832,840,2059,173124,300,0,0,1,0.5267,positive
1928024798413607026,5,May,Thu May 29 09:45:07 +0000 2025,"Actuamos para garantizar el derecho a una vivienda digna para las familias muy desfavorecidas.

La sociedad tuTECHO destinará 5 M€ para ofrecer vivienda digna a más de 2.000 beneficiarios y combatir el sinhogarismo en España. https://t.co/LCASw1JCsW",1724,569,1987,157252,249,0,0,1,0.0,neutral
1928001754123153467,5,May,Thu May 29 08:13:33 +0000 2025,"Hoy nos deja el exministro Juan Manuel Eguiagaray.

Fue un político solvente, serio y conciliador. 

Un hombre de Estado que dedicó su vida al servicio público y uno de los artífices de la España plural y diversa que hoy disfrutamos.

Un cariñoso abrazo a su familia y amigos.",1556,330,873,128012,276,0,0,0,0.0,neutral
1927714692752977994,5,May,Wed May 28 13:12:52 +0000 2025,"Un placer reunirme con mi compañera y amiga @Teresaribera para seguir impulsando la agenda verde europea.

Tecnologías limpias, descarbonización y reindustrialización serán claves para la seguridad y el futuro económico de la UE.

Europa debe llegar fuerte a la COP30. https://t.co/Xk0HI0PwFC",2525,658,1740,132403,292,0,1,1,0.0,neutral
1927694975841562992,5,May,Wed May 28 11:54:31 +0000 2025,"El drama vivido en El Hierro debería conmovernos a todos. Vidas perdidas en un intento desesperado de encontrar un futuro mejor.

Debemos estar a la altura. Es una cuestión de humanidad.

Mi solidaridad y cariño para las víctimas y sus familias y todo mi apoyo a quienes trabajan",6031,1203,2427,540207,279,0,0,0,0.0,neutral
1927680322004472151,5,May,Wed May 28 10:56:17 +0000 2025,"Acabo de mantener una fructífera reunión de trabajo con @vonderleyen. Hemos hablado de la guerra comercial, de la necesidad de aumentar las interconexiones eléctricas entre la Península Ibérica y el resto Europa y de la importancia de desplegar una política de vivienda ambiciosa https://t.co/QYCHKlugQl",3967,1021,1732,328216,303,0,1,1,0.0,neutral
1927620897059344855,5,May,Wed May 28 07:00:09 +0000 2025,"Un año después de reconocer a Palestina como Estado, el dolor en Gaza es insoportable.

España seguirá alzando la voz, con más fuerza que nunca, para terminar con la masacre de la que el mundo es hoy testigo.",23904,4306,3284,970117,208,0,0,0,0.0,neutral
1927406760500891942,5,May,Tue May 27 16:49:15 +0000 2025,"Un sentido abrazo a la familia y seres queridos de la mujer asesinada en Cáceres.

Seguiremos trabajando por cada víctima de esta violencia estructural. Por todas las mujeres, sus derechos y su libertad.

Solo desde la unidad erradicaremos la #ViolenciaDeGénero.

#NiUnaMenos",1702,469,777,125111,275,2,0,0,0.0,neutral
1927301269523243126,5,May,Tue May 27 09:50:04 +0000 2025,"¡Qué alegría tenerte de nuevo en el Consejo de Ministros, querido @avtorresp!

Tu energía es contagiosa. Seguimos con fuerza e ilusión. https://t.co/URjXva3GkG",3059,662,1091,224630,159,0,1,1,0.0,neutral
1926968606429946290,5,May,Mon May 26 11:48:11 +0000 2025,"Ponemos en marcha una ayuda directa de 100€ para que los menores de 16 años con problemas de visión puedan adquirir gafas o lentillas.

Que un niño pueda ver bien la pizarra de su colegio NO puede depender del bolsillo de su familia.

Equidad en salud y mismas oportunidades. https://t.co/HwJ13gfbLI",5013,1261,2835,570894,299,0,0,1,-0.4466,negative
1926206746617430108,5,May,Sat May 24 09:20:50 +0000 2025,"Los valores e ideales socialistas son aquellos en los que la gente puede depositar sus esperanzas.

Por eso debemos estar preparados.

Redoblemos nuestros esfuerzos, compañeros y compañeras de la @Soc_Intl. Renovemos nuestro entusiasmo.

Luchemos. Seamos fuertes. https://t.co/Whkp8hkvWl",4379,1122,2761,238663,287,0,1,1,0.0,neutral
1926201027566375213,5,May,Sat May 24 08:58:06 +0000 2025,"La situación actual en Gaza es inaceptable y no vamos a permanecer callados.

La indiferencia no es una opción. Ya basta.

Seguiremos alzando nuestra voz contra la flagrante violación del derecho internacional y del derecho internacional humanitario. https://t.co/G7r8FuA5WO",7837,1930,2137,373378,274,0,0,1,-0.5267,negative
1925620130936946753,5,May,Thu May 22 18:29:50 +0000 2025,"Hoy he conocido a Pepito Vicent, de Catarroja. Sabiduría ciclista, memoria viva de Fausto Coppi, manos artesanas que llevan 70 años arreglando bicicletas.

Cuando la DANA arrasó su taller, su historia me conmovió. ¡Qué alegría verlo recuperar su lugar en el mundo! https://t.co/FJYbWkuXMU",5839,1227,1702,259041,288,0,0,1,0.0,neutral
1925573096859119944,5,May,Thu May 22 15:22:56 +0000 2025,"Hoy me he reunido en Valencia con las víctimas de la DANA. He escuchado su dolor, su fuerza y su dignidad.

Les he transmitido que el Gobierno seguirá a su lado, como desde el primer día.

Nuestro compromiso es firme: justicia, reparación y prevención.

No os fallaremos. https://t.co/PMwkMKVlUY",6730,1594,3757,496198,295,0,0,1,-0.296,negative
1925523722481361363,5,May,Thu May 22 12:06:44 +0000 2025,"ITV Ice Makers es más que una empresa: es la historia de una familia que, tras perderlo todo por la DANA, hoy vuelve a producir gracias al esfuerzo colectivo y al compromiso de lo público.

Reconstruir es esto: no dejar a nadie atrás. https://t.co/aximZZBsGL",2573,761,984,158969,258,0,0,1,-0.296,negative
1939390792893665638,6,June,Sun Jun 29 18:29:31 +0000 2025,"He agradecido al presidente del @BancoMundial, Ajay Banga, su compromiso con la Conferencia de Sevilla #FFD4 y el apoyo a las iniciativas de alivio a la deuda.

Hemos tratado la importancia del multilateralismo, de la creación de empleo local y su relación con las migraciones. https://t.co/YSWmz2LWT4",2183,613,693,102404,301,1,1,1,0.0,neutral
1939350776377233430,6,June,Sun Jun 29 15:50:31 +0000 2025,"La Conferencia de Sevilla es la oportunidad de mostrar que seguimos luchando por un mundo mejor. Para las personas, para el planeta y para el futuro.

Juntos, podemos reforzar la confianza en el sistema multilateral y sus instituciones.

#GlobalCitizenNOW https://t.co/QkUm83bdPj",3682,985,1541,168430,279,1,0,1,0.0,neutral
1939334167101157648,6,June,Sun Jun 29 14:44:31 +0000 2025,"Recién llegado a Sevilla para participar en la #FFD4, me he reunido con @JoseRaulMulino, presidente de Panamá.

Hemos reafirmado nuestro compromiso con el multilateralismo y nuestro deseo de seguir profundizando nuestras relaciones bilaterales. https://t.co/ajcwm3qLCB",2462,564,939,136119,268,1,1,1,0.0,neutral
1938852605536440725,6,June,Sat Jun 28 06:50:57 +0000 2025,"Hoy celebramos que somos una sociedad más justa, diversa e igualitaria.

Hace 20 años que España aprobó el matrimonio igualitario y no vamos a dar ni un paso atrás.

Con orgullo, memoria y agradecimiento a quienes lo hicieron posible. 

#Orgullo2025 🏳️‍🌈 https://t.co/vivWxGEqDi",14888,3022,2001,435563,278,1,0,1,-0.296,negative
1938561845226254619,6,June,Fri Jun 27 11:35:35 +0000 2025,"Tu gestión, tu compromiso y tu trabajo te avalan, Carlos. 

Sería un honor y un orgullo para nuestro país y nuestro Gobierno que presidieras el Eurogrupo, que debe jugar un papel aún más fuerte en estos momentos. 

Por una Europa más próspera, unida y sostenible.",9135,2001,1646,593404,263,0,0,0,0.4939,positive
1938366956463088106,6,June,Thu Jun 26 22:41:10 +0000 2025,"Hemos condenado los atentados de Hamás y hemos exigido la liberación de los rehenes desde el primer día.

Pero, con la misma determinación, tenemos que decirle al gobierno del primer ministro Netanyahu: basta ya.

Tenemos la obligación moral de salvar vidas en Gaza y Cisjordania. https://t.co/gB2UbH9sYT",16401,3788,2020,467818,304,0,0,1,0.0,neutral
1938359585464516937,6,June,Thu Jun 26 22:11:52 +0000 2025,"Ser europeísta es, ante todo, defender lo que es justo.

Es cumplir con nuestras obligaciones en la OTAN, pero también con la vacunación infantil en países en desarrollo. 

Ser europeísta y atlantista es mandar tropas a países del Este, sin recortar pensiones en España. https://t.co/Po1icVLjnI",4941,1198,1403,183568,294,0,0,1,-0.4939,negative
1938178790951211150,6,June,Thu Jun 26 10:13:28 +0000 2025,"Ante la violación constante de derechos humanos de Israel, Europa debe actuar.

Hoy defenderé en Bruselas que Europa suspenda inmediatamente el Acuerdo de Asociación con Israel. https://t.co/iYLaAkS9Ag",21307,4765,2989,665576,201,0,0,1,0.0,neutral
1938168573886661086,6,June,Thu Jun 26 09:32:52 +0000 2025,"En las últimas 48h, cinco mujeres y un niño han sido asesinados, víctimas de la violencia machista.

Vivimos una emergencia nacional y debemos actuar frente a ella.

Todo el compromiso del Gobierno y del conjunto de la sociedad española para extirpar esta violencia estructural. https://t.co/7896LACEg2",4755,1158,1497,165548,302,0,0,1,0.0,neutral
1937954496724033974,6,June,Wed Jun 25 19:22:12 +0000 2025,"Profundamente consternado por el asesinato de una mujer y su hijo en Algemesí.

La violencia vicaria es la cara más vil del machismo. No podemos tolerarlo.

Pido la máxima unidad de toda la sociedad para parar este horror.

Mi cariño y mi pésame a la familia de las víctimas.",3308,572,1117,355873,275,0,0,0,-0.7096,negative
1937934193477943771,6,June,Wed Jun 25 18:01:31 +0000 2025,"Nuestro compromiso con el sistema multilateral y el sistema global de salud es absoluto.

España está dispuesta a dar un paso al frente.

Vamos a aumentar nuestra contribución a @gavi aún más: un 30% más que en el periodo anterior, hasta los 130 M€ para el periodo 2026-2030. https://t.co/gqXFQ9IATa",4156,990,1367,351509,299,0,1,1,0.0,neutral
1937871244994437587,6,June,Wed Jun 25 13:51:23 +0000 2025,"España está firmemente comprometida con los objetivos de capacidad y los cumplirá en tiempo y forma. 

Hoy, alcanzamos un acuerdo satisfactorio para todos y que defiende el multilateralismo.

Nuestro país seguirá siendo una pieza clave de la arquitectura de la seguridad europea. https://t.co/gMChPm32XO",5171,1161,2002,298318,303,0,0,1,0.0,neutral
1937805487665226098,6,June,Wed Jun 25 09:30:05 +0000 2025,"España es y seguirá siendo un actor clave de la arquitectura de defensa europea y transatlántica. 

Ese es nuestro compromiso y así lo trasladaré hoy en la Cumbre de la OTAN. https://t.co/MnfAaDMQ0d",4194,909,2128,309325,198,0,0,1,0.0,neutral
1937528764545876274,6,June,Tue Jun 24 15:10:29 +0000 2025,"Todo mi cariño para la familia y amigos de la mujer asesinada por violencia de género en Madrid.

Solo juntos, como sociedad, podemos poner freno a esta violencia estructural contra las mujeres.

No descansaremos hasta conseguirlo. #NiUnaMás.",3312,598,1529,431057,242,1,0,0,-0.296,negative
1937125549916229666,6,June,Mon Jun 23 12:28:15 +0000 2025,"Este Orgullo reivindicamos todo lo que nos queda por conquistar, pero también lo que hacemos por los que no pueden alzar la voz en sus países.

España es vuestra casa.

Aquí no se retrocede. Se avanza.

Aquí se vive con orgullo. Orgullo de país y orgullo de su gente. https://t.co/LB0z03v6vK",4958,1288,2455,259631,291,0,0,1,-0.5267,negative
1937122566591721778,6,June,Mon Jun 23 12:16:24 +0000 2025,"Hoy celebramos 20 años de la legalización del matrimonio igualitario.

Ese día España se convirtió en un país más libre, más justo.

Ganó la libertad de decir “sí, quiero”. De ser libre para no pedir perdón por quien uno es, ni permiso para hacer lo que uno quiera.

Con orgullo. https://t.co/LjkYuV5yza",13153,2374,1660,662072,303,0,0,1,-0.296,negative
1936860509829271639,6,June,Sun Jun 22 18:55:05 +0000 2025,"@NunezFeijoo Toma, Alberto.

Que alguien te la traduzca. A ver si eso aclara tus dudas. https://t.co/Dg5D9nrl2t",34662,6455,6416,10568153,111,0,1,1,0.0,neutral
1936832952408678618,6,June,Sun Jun 22 17:05:35 +0000 2025,"España ha logrado un acuerdo histórico con la OTAN que le permitirá seguir siendo un miembro clave de la Alianza y contribuir de forma proporcional a sus capacidades, sin tener que aumentar su gasto en defensa, ni alcanzar el 5% del PIB.

Tenemos que proteger Europa. Pero también https://t.co/jYc2Ilneaw",11112,2520,5141,2299328,304,0,0,1,-0.296,negative
1936755188838039734,6,June,Sun Jun 22 11:56:34 +0000 2025,"Oriente Medio está al borde del abismo. Es urgente hacer un llamamiento a la contención y a la desescalada, a la diplomacia y al diálogo. Lamentamos la pérdida de vidas civiles en este conflicto. 

Irán no debe acceder nunca al arma nuclear, pero la estabilidad en la región solo",12342,2036,5486,1546100,279,0,0,0,-0.296,negative
1936691700724113753,6,June,Sun Jun 22 07:44:18 +0000 2025,"Siempre igual: estrategia de deslegitimar los resultados electorales y, por ende, al Gobierno de España.

Solo les vale la democracia si son ellos los que gobiernan. https://t.co/i0peKH0oJe",17319,4058,7593,1472987,189,0,0,1,0.0,neutral
1939390792893665638,6,June,Sun Jun 29 18:29:31 +0000 2025,"He agradecido al presidente del @BancoMundial, Ajay Banga, su compromiso con la Conferencia de Sevilla #FFD4 y el apoyo a las iniciativas de alivio a la deuda.

Hemos tratado la importancia del multilateralismo, de la creación de empleo local y su relación con las migraciones. https://t.co/YSWmz2LWT4",2183,613,693,102404,301,1,1,1,0.0,neutral
1939350776377233430,6,June,Sun Jun 29 15:50:31 +0000 2025,"La Conferencia de Sevilla es la oportunidad de mostrar que seguimos luchando por un mundo mejor. Para las personas, para el planeta y para el futuro.

Juntos, podemos reforzar la confianza en el sistema multilateral y sus instituciones.

#GlobalCitizenNOW https://t.co/QkUm83bdPj",3682,985,1541,168430,279,1,0,1,0.0,neutral
1939334167101157648,6,June,Sun Jun 29 14:44:31 +0000 2025,"Recién llegado a Sevilla para participar en la #FFD4, me he reunido con @JoseRaulMulino, presidente de Panamá.

Hemos reafirmado nuestro compromiso con el multilateralismo y nuestro deseo de seguir profundizando nuestras relaciones bilaterales. https://t.co/ajcwm3qLCB",2462,564,939,136119,268,1,1,1,0.0,neutral
1938852605536440725,6,June,Sat Jun 28 06:50:57 +0000 2025,"Hoy celebramos que somos una sociedad más justa, diversa e igualitaria.

Hace 20 años que España aprobó el matrimonio igualitario y no vamos a dar ni un paso atrás.

Con orgullo, memoria y agradecimiento a quienes lo hicieron posible. 

#Orgullo2025 🏳️‍🌈 https://t.co/vivWxGEqDi",14888,3022,2001,435563,278,1,0,1,-0.296,negative
1938561845226254619,6,June,Fri Jun 27 11:35:35 +0000 2025,"Tu gestión, tu compromiso y tu trabajo te avalan, Carlos. 

Sería un honor y un orgullo para nuestro país y nuestro Gobierno que presidieras el Eurogrupo, que debe jugar un papel aún más fuerte en estos momentos. 

Por una Europa más próspera, unida y sostenible.",9135,2001,1646,593404,263,0,0,0,0.4939,positive
1938366956463088106,6,June,Thu Jun 26 22:41:10 +0000 2025,"Hemos condenado los atentados de Hamás y hemos exigido la liberación de los rehenes desde el primer día.

Pero, con la misma determinación, tenemos que decirle al gobierno del primer ministro Netanyahu: basta ya.

Tenemos la obligación moral de salvar vidas en Gaza y Cisjordania. https://t.co/gB2UbH9sYT",16401,3788,2020,467818,304,0,0,1,0.0,neutral
1938359585464516937,6,June,Thu Jun 26 22:11:52 +0000 2025,"Ser europeísta es, ante todo, defender lo que es justo.

Es cumplir con nuestras obligaciones en la OTAN, pero también con la vacunación infantil en países en desarrollo. 

Ser europeísta y atlantista es mandar tropas a países del Este, sin recortar pensiones en España. https://t.co/Po1icVLjnI",4941,1198,1403,183568,294,0,0,1,-0.4939,negative
1938178790951211150,6,June,Thu Jun 26 10:13:28 +0000 2025,"Ante la violación constante de derechos humanos de Israel, Europa debe actuar.

Hoy defenderé en Bruselas que Europa suspenda inmediatamente el Acuerdo de Asociación con Israel. https://t.co/iYLaAkS9Ag",21307,4765,2989,665576,201,0,0,1,0.0,neutral
1938168573886661086,6,June,Thu Jun 26 09:32:52 +0000 2025,"En las últimas 48h, cinco mujeres y un niño han sido asesinados, víctimas de la violencia machista.

Vivimos una emergencia nacional y debemos actuar frente a ella.

Todo el compromiso del Gobierno y del conjunto de la sociedad española para extirpar esta violencia estructural. https://t.co/7896LACEg2",4755,1158,1497,165548,302,0,0,1,0.0,neutral
1937954496724033974,6,June,Wed Jun 25 19:22:12 +0000 2025,"Profundamente consternado por el asesinato de una mujer y su hijo en Algemesí.

La violencia vicaria es la cara más vil del machismo. No podemos tolerarlo.

Pido la máxima unidad de toda la sociedad para parar este horror.

Mi cariño y mi pésame a la familia de las víctimas.",3308,572,1117,355873,275,0,0,0,-0.7096,negative
1937934193477943771,6,June,Wed Jun 25 18:01:31 +0000 2025,"Nuestro compromiso con el sistema multilateral y el sistema global de salud es absoluto.

España está dispuesta a dar un paso al frente.

Vamos a aumentar nuestra contribución a @gavi aún más: un 30% más que en el periodo anterior, hasta los 130 M€ para el periodo 2026-2030. https://t.co/gqXFQ9IATa",4156,990,1367,351509,299,0,1,1,0.0,neutral
1937871244994437587,6,June,Wed Jun 25 13:51:23 +0000 2025,"España está firmemente comprometida con los objetivos de capacidad y los cumplirá en tiempo y forma. 

Hoy, alcanzamos un acuerdo satisfactorio para todos y que defiende el multilateralismo.

Nuestro país seguirá siendo una pieza clave de la arquitectura de la seguridad europea. https://t.co/gMChPm32XO",5171,1161,2002,298318,303,0,0,1,0.0,neutral
1937805487665226098,6,June,Wed Jun 25 09:30:05 +0000 2025,"España es y seguirá siendo un actor clave de la arquitectura de defensa europea y transatlántica. 

Ese es nuestro compromiso y así lo trasladaré hoy en la Cumbre de la OTAN. https://t.co/MnfAaDMQ0d",4194,909,2128,309325,198,0,0,1,0.0,neutral
1937528764545876274,6,June,Tue Jun 24 15:10:29 +0000 2025,"Todo mi cariño para la familia y amigos de la mujer asesinada por violencia de género en Madrid.

Solo juntos, como sociedad, podemos poner freno a esta violencia estructural contra las mujeres.

No descansaremos hasta conseguirlo. #NiUnaMás.",3312,598,1529,431057,242,1,0,0,-0.296,negative
1937125549916229666,6,June,Mon Jun 23 12:28:15 +0000 2025,"Este Orgullo reivindicamos todo lo que nos queda por conquistar, pero también lo que hacemos por los que no pueden alzar la voz en sus países.

España es vuestra casa.

Aquí no se retrocede. Se avanza.

Aquí se vive con orgullo. Orgullo de país y orgullo de su gente. https://t.co/LB0z03v6vK",4958,1288,2455,259631,291,0,0,1,-0.5267,negative
1937122566591721778,6,June,Mon Jun 23 12:16:24 +0000 2025,"Hoy celebramos 20 años de la legalización del matrimonio igualitario.

Ese día España se convirtió en un país más libre, más justo.

Ganó la libertad de decir “sí, quiero”. De ser libre para no pedir perdón por quien uno es, ni permiso para hacer lo que uno quiera.

Con orgullo. https://t.co/LjkYuV5yza",13153,2374,1660,662072,303,0,0,1,-0.296,negative
1936860509829271639,6,June,Sun Jun 22 18:55:05 +0000 2025,"@NunezFeijoo Toma, Alberto.

Que alguien te la traduzca. A ver si eso aclara tus dudas. https://t.co/Dg5D9nrl2t",34662,6455,6416,10568153,111,0,1,1,0.0,neutral
1936832952408678618,6,June,Sun Jun 22 17:05:35 +0000 2025,"España ha logrado un acuerdo histórico con la OTAN que le permitirá seguir siendo un miembro clave de la Alianza y contribuir de forma proporcional a sus capacidades, sin tener que aumentar su gasto en defensa, ni alcanzar el 5% del PIB.

Tenemos que proteger Europa. Pero también https://t.co/jYc2Ilneaw",11112,2520,5141,2299328,304,0,0,1,-0.296,negative
1936755188838039734,6,June,Sun Jun 22 11:56:34 +0000 2025,"Oriente Medio está al borde del abismo. Es urgente hacer un llamamiento a la contención y a la desescalada, a la diplomacia y al diálogo. Lamentamos la pérdida de vidas civiles en este conflicto. 

Irán no debe acceder nunca al arma nuclear, pero la estabilidad en la región solo",12342,2036,5486,1546100,279,0,0,0,-0.296,negative
1936691700724113753,6,June,Sun Jun 22 07:44:18 +0000 2025,"Siempre igual: estrategia de deslegitimar los resultados electorales y, por ende, al Gobierno de España.

Solo les vale la democracia si son ellos los que gobiernan. https://t.co/i0peKH0oJe",17319,4058,7593,1472987,189,0,0,1,0.0,neutral
1939390792893665638,6,June,Sun Jun 29 18:29:31 +0000 2025,"He agradecido al presidente del @BancoMundial, Ajay Banga, su compromiso con la Conferencia de Sevilla #FFD4 y el apoyo a las iniciativas de alivio a la deuda.

Hemos tratado la importancia del multilateralismo, de la creación de empleo local y su relación con las migraciones. https://t.co/YSWmz2LWT4",2183,613,693,102404,301,1,1,1,0.0,neutral
1939350776377233430,6,June,Sun Jun 29 15:50:31 +0000 2025,"La Conferencia de Sevilla es la oportunidad de mostrar que seguimos luchando por un mundo mejor. Para las personas, para el planeta y para el futuro.

Juntos, podemos reforzar la confianza en el sistema multilateral y sus instituciones.

#GlobalCitizenNOW https://t.co/QkUm83bdPj",3682,985,1541,168430,279,1,0,1,0.0,neutral
1939334167101157648,6,June,Sun Jun 29 14:44:31 +0000 2025,"Recién llegado a Sevilla para participar en la #FFD4, me he reunido con @JoseRaulMulino, presidente de Panamá.

Hemos reafirmado nuestro compromiso con el multilateralismo y nuestro deseo de seguir profundizando nuestras relaciones bilaterales. https://t.co/ajcwm3qLCB",2462,564,939,136119,268,1,1,1,0.0,neutral
1938852605536440725,6,June,Sat Jun 28 06:50:57 +0000 2025,"Hoy celebramos que somos una sociedad más justa, diversa e igualitaria.

Hace 20 años que España aprobó el matrimonio igualitario y no vamos a dar ni un paso atrás.

Con orgullo, memoria y agradecimiento a quienes lo hicieron posible. 

#Orgullo2025 🏳️‍🌈 https://t.co/vivWxGEqDi",14888,3022,2001,435563,278,1,0,1,-0.296,negative
1938561845226254619,6,June,Fri Jun 27 11:35:35 +0000 2025,"Tu gestión, tu compromiso y tu trabajo te avalan, Carlos. 

Sería un honor y un orgullo para nuestro país y nuestro Gobierno que presidieras el Eurogrupo, que debe jugar un papel aún más fuerte en estos momentos. 

Por una Europa más próspera, unida y sostenible.",9135,2001,1646,593404,263,0,0,0,0.4939,positive
1938366956463088106,6,June,Thu Jun 26 22:41:10 +0000 2025,"Hemos condenado los atentados de Hamás y hemos exigido la liberación de los rehenes desde el primer día.

Pero, con la misma determinación, tenemos que decirle al gobierno del primer ministro Netanyahu: basta ya.

Tenemos la obligación moral de salvar vidas en Gaza y Cisjordania. https://t.co/gB2UbH9sYT",16401,3788,2020,467818,304,0,0,1,0.0,neutral
1938359585464516937,6,June,Thu Jun 26 22:11:52 +0000 2025,"Ser europeísta es, ante todo, defender lo que es justo.

Es cumplir con nuestras obligaciones en la OTAN, pero también con la vacunación infantil en países en desarrollo. 

Ser europeísta y atlantista es mandar tropas a países del Este, sin recortar pensiones en España. https://t.co/Po1icVLjnI",4941,1198,1403,183568,294,0,0,1,-0.4939,negative
1938178790951211150,6,June,Thu Jun 26 10:13:28 +0000 2025,"Ante la violación constante de derechos humanos de Israel, Europa debe actuar.

Hoy defenderé en Bruselas que Europa suspenda inmediatamente el Acuerdo de Asociación con Israel. https://t.co/iYLaAkS9Ag",21307,4765,2989,665576,201,0,0,1,0.0,neutral
1938168573886661086,6,June,Thu Jun 26 09:32:52 +0000 2025,"En las últimas 48h, cinco mujeres y un niño han sido asesinados, víctimas de la violencia machista.

Vivimos una emergencia nacional y debemos actuar frente a ella.

Todo el compromiso del Gobierno y del conjunto de la sociedad española para extirpar esta violencia estructural. https://t.co/7896LACEg2",4755,1158,1497,165548,302,0,0,1,0.0,neutral
1937954496724033974,6,June,Wed Jun 25 19:22:12 +0000 2025,"Profundamente consternado por el asesinato de una mujer y su hijo en Algemesí.

La violencia vicaria es la cara más vil del machismo. No podemos tolerarlo.

Pido la máxima unidad de toda la sociedad para parar este horror.

Mi cariño y mi pésame a la familia de las víctimas.",3308,572,1117,355873,275,0,0,0,-0.7096,negative
1937934193477943771,6,June,Wed Jun 25 18:01:31 +0000 2025,"Nuestro compromiso con el sistema multilateral y el sistema global de salud es absoluto.

España está dispuesta a dar un paso al frente.

Vamos a aumentar nuestra contribución a @gavi aún más: un 30% más que en el periodo anterior, hasta los 130 M€ para el periodo 2026-2030. https://t.co/gqXFQ9IATa",4156,990,1367,351509,299,0,1,1,0.0,neutral
1937871244994437587,6,June,Wed Jun 25 13:51:23 +0000 2025,"España está firmemente comprometida con los objetivos de capacidad y los cumplirá en tiempo y forma. 

Hoy, alcanzamos un acuerdo satisfactorio para todos y que defiende el multilateralismo.

Nuestro país seguirá siendo una pieza clave de la arquitectura de la seguridad europea. https://t.co/gMChPm32XO",5171,1161,2002,298318,303,0,0,1,0.0,neutral
1937805487665226098,6,June,Wed Jun 25 09:30:05 +0000 2025,"España es y seguirá siendo un actor clave de la arquitectura de defensa europea y transatlántica. 

Ese es nuestro compromiso y así lo trasladaré hoy en la Cumbre de la OTAN. https://t.co/MnfAaDMQ0d",4194,909,2128,309325,198,0,0,1,0.0,neutral
1937528764545876274,6,June,Tue Jun 24 15:10:29 +0000 2025,"Todo mi cariño para la familia y amigos de la mujer asesinada por violencia de género en Madrid.

Solo juntos, como sociedad, podemos poner freno a esta violencia estructural contra las mujeres.

No descansaremos hasta conseguirlo. #NiUnaMás.",3312,598,1529,431057,242,1,0,0,-0.296,negative
1937125549916229666,6,June,Mon Jun 23 12:28:15 +0000 2025,"Este Orgullo reivindicamos todo lo que nos queda por conquistar, pero también lo que hacemos por los que no pueden alzar la voz en sus países.

España es vuestra casa.

Aquí no se retrocede. Se avanza.

Aquí se vive con orgullo. Orgullo de país y orgullo de su gente. https://t.co/LB0z03v6vK",4958,1288,2455,259631,291,0,0,1,-0.5267,negative
1937122566591721778,6,June,Mon Jun 23 12:16:24 +0000 2025,"Hoy celebramos 20 años de la legalización del matrimonio igualitario.

Ese día España se convirtió en un país más libre, más justo.

Ganó la libertad de decir “sí, quiero”. De ser libre para no pedir perdón por quien uno es, ni permiso para hacer lo que uno quiera.

Con orgullo. https://t.co/LjkYuV5yza",13153,2374,1660,662072,303,0,0,1,-0.296,negative
1936860509829271639,6,June,Sun Jun 22 18:55:05 +0000 2025,"@NunezFeijoo Toma, Alberto.

Que alguien te la traduzca. A ver si eso aclara tus dudas. https://t.co/Dg5D9nrl2t",34662,6455,6416,10568153,111,0,1,1,0.0,neutral
1936832952408678618,6,June,Sun Jun 22 17:05:35 +0000 2025,"España ha logrado un acuerdo histórico con la OTAN que le permitirá seguir siendo un miembro clave de la Alianza y contribuir de forma proporcional a sus capacidades, sin tener que aumentar su gasto en defensa, ni alcanzar el 5% del PIB.

Tenemos que proteger Europa. Pero también https://t.co/jYc2Ilneaw",11112,2520,5141,2299328,304,0,0,1,-0.296,negative
1936755188838039734,6,June,Sun Jun 22 11:56:34 +0000 2025,"Oriente Medio está al borde del abismo. Es urgente hacer un llamamiento a la contención y a la desescalada, a la diplomacia y al diálogo. Lamentamos la pérdida de vidas civiles en este conflicto. 

Irán no debe acceder nunca al arma nuclear, pero la estabilidad en la región solo",12342,2036,5486,1546100,279,0,0,0,-0.296,negative
1936691700724113753,6,June,Sun Jun 22 07:44:18 +0000 2025,"Siempre igual: estrategia de deslegitimar los resultados electorales y, por ende, al Gobierno de España.

Solo les vale la democracia si son ellos los que gobiernan. https://t.co/i0peKH0oJe",17319,4058,7593,1472987,189,0,0,1,0.0,neutral
1939390792893665638,6,June,Sun Jun 29 18:29:31 +0000 2025,"He agradecido al presidente del @BancoMundial, Ajay Banga, su compromiso con la Conferencia de Sevilla #FFD4 y el apoyo a las iniciativas de alivio a la deuda.

Hemos tratado la importancia del multilateralismo, de la creación de empleo local y su relación con las migraciones. https://t.co/YSWmz2LWT4",2183,613,693,102404,301,1,1,1,0.0,neutral
1939350776377233430,6,June,Sun Jun 29 15:50:31 +0000 2025,"La Conferencia de Sevilla es la oportunidad de mostrar que seguimos luchando por un mundo mejor. Para las personas, para el planeta y para el futuro.

Juntos, podemos reforzar la confianza en el sistema multilateral y sus instituciones.

#GlobalCitizenNOW https://t.co/QkUm83bdPj",3682,985,1541,168430,279,1,0,1,0.0,neutral
1939334167101157648,6,June,Sun Jun 29 14:44:31 +0000 2025,"Recién llegado a Sevilla para participar en la #FFD4, me he reunido con @JoseRaulMulino, presidente de Panamá.

Hemos reafirmado nuestro compromiso con el multilateralismo y nuestro deseo de seguir profundizando nuestras relaciones bilaterales. https://t.co/ajcwm3qLCB",2462,564,939,136119,268,1,1,1,0.0,neutral
1938852605536440725,6,June,Sat Jun 28 06:50:57 +0000 2025,"Hoy celebramos que somos una sociedad más justa, diversa e igualitaria.

Hace 20 años que España aprobó el matrimonio igualitario y no vamos a dar ni un paso atrás.

Con orgullo, memoria y agradecimiento a quienes lo hicieron posible. 

#Orgullo2025 🏳️‍🌈 https://t.co/vivWxGEqDi",14888,3022,2001,435563,278,1,0,1,-0.296,negative
1938561845226254619,6,June,Fri Jun 27 11:35:35 +0000 2025,"Tu gestión, tu compromiso y tu trabajo te avalan, Carlos. 

Sería un honor y un orgullo para nuestro país y nuestro Gobierno que presidieras el Eurogrupo, que debe jugar un papel aún más fuerte en estos momentos. 

Por una Europa más próspera, unida y sostenible.",9135,2001,1646,593404,263,0,0,0,0.4939,positive
1938366956463088106,6,June,Thu Jun 26 22:41:10 +0000 2025,"Hemos condenado los atentados de Hamás y hemos exigido la liberación de los rehenes desde el primer día.

Pero, con la misma determinación, tenemos que decirle al gobierno del primer ministro Netanyahu: basta ya.

Tenemos la obligación moral de salvar vidas en Gaza y Cisjordania. https://t.co/gB2UbH9sYT",16401,3788,2020,467818,304,0,0,1,0.0,neutral
1938359585464516937,6,June,Thu Jun 26 22:11:52 +0000 2025,"Ser europeísta es, ante todo, defender lo que es justo.

Es cumplir con nuestras obligaciones en la OTAN, pero también con la vacunación infantil en países en desarrollo. 

Ser europeísta y atlantista es mandar tropas a países del Este, sin recortar pensiones en España. https://t.co/Po1icVLjnI",4941,1198,1403,183568,294,0,0,1,-0.4939,negative
1938178790951211150,6,June,Thu Jun 26 10:13:28 +0000 2025,"Ante la violación constante de derechos humanos de Israel, Europa debe actuar.

Hoy defenderé en Bruselas que Europa suspenda inmediatamente el Acuerdo de Asociación con Israel. https://t.co/iYLaAkS9Ag",21307,4765,2989,665576,201,0,0,1,0.0,neutral
1938168573886661086,6,June,Thu Jun 26 09:32:52 +0000 2025,"En las últimas 48h, cinco mujeres y un niño han sido asesinados, víctimas de la violencia machista.

Vivimos una emergencia nacional y debemos actuar frente a ella.

Todo el compromiso del Gobierno y del conjunto de la sociedad española para extirpar esta violencia estructural. https://t.co/7896LACEg2",4755,1158,1497,165548,302,0,0,1,0.0,neutral
1937954496724033974,6,June,Wed Jun 25 19:22:12 +0000 2025,"Profundamente consternado por el asesinato de una mujer y su hijo en Algemesí.

La violencia vicaria es la cara más vil del machismo. No podemos tolerarlo.

Pido la máxima unidad de toda la sociedad para parar este horror.

Mi cariño y mi pésame a la familia de las víctimas.",3308,572,1117,355873,275,0,0,0,-0.7096,negative
1937934193477943771,6,June,Wed Jun 25 18:01:31 +0000 2025,"Nuestro compromiso con el sistema multilateral y el sistema global de salud es absoluto.

España está dispuesta a dar un paso al frente.

Vamos a aumentar nuestra contribución a @gavi aún más: un 30% más que en el periodo anterior, hasta los 130 M€ para el periodo 2026-2030. https://t.co/gqXFQ9IATa",4156,990,1367,351509,299,0,1,1,0.0,neutral
1937871244994437587,6,June,Wed Jun 25 13:51:23 +0000 2025,"España está firmemente comprometida con los objetivos de capacidad y los cumplirá en tiempo y forma. 

Hoy, alcanzamos un acuerdo satisfactorio para todos y que defiende el multilateralismo.

Nuestro país seguirá siendo una pieza clave de la arquitectura de la seguridad europea. https://t.co/gMChPm32XO",5171,1161,2002,298318,303,0,0,1,0.0,neutral
1937805487665226098,6,June,Wed Jun 25 09:30:05 +0000 2025,"España es y seguirá siendo un actor clave de la arquitectura de defensa europea y transatlántica. 

Ese es nuestro compromiso y así lo trasladaré hoy en la Cumbre de la OTAN. https://t.co/MnfAaDMQ0d",4194,909,2128,309325,198,0,0,1,0.0,neutral
1937528764545876274,6,June,Tue Jun 24 15:10:29 +0000 2025,"Todo mi cariño para la familia y amigos de la mujer asesinada por violencia de género en Madrid.

Solo juntos, como sociedad, podemos poner freno a esta violencia estructural contra las mujeres.

No descansaremos hasta conseguirlo. #NiUnaMás.",3312,598,1529,431057,242,1,0,0,-0.296,negative
1937125549916229666,6,June,Mon Jun 23 12:28:15 +0000 2025,"Este Orgullo reivindicamos todo lo que nos queda por conquistar, pero también lo que hacemos por los que no pueden alzar la voz en sus países.

España es vuestra casa.

Aquí no se retrocede. Se avanza.

Aquí se vive con orgullo. Orgullo de país y orgullo de su gente. https://t.co/LB0z03v6vK",4958,1288,2455,259631,291,0,0,1,-0.5267,negative
1937122566591721778,6,June,Mon Jun 23 12:16:24 +0000 2025,"Hoy celebramos 20 años de la legalización del matrimonio igualitario.

Ese día España se convirtió en un país más libre, más justo.

Ganó la libertad de decir “sí, quiero”. De ser libre para no pedir perdón por quien uno es, ni permiso para hacer lo que uno quiera.

Con orgullo. https://t.co/LjkYuV5yza",13153,2374,1660,662072,303,0,0,1,-0.296,negative
1936860509829271639,6,June,Sun Jun 22 18:55:05 +0000 2025,"@NunezFeijoo Toma, Alberto.

Que alguien te la traduzca. A ver si eso aclara tus dudas. https://t.co/Dg5D9nrl2t",34662,6455,6416,10568153,111,0,1,1,0.0,neutral
1936832952408678618,6,June,Sun Jun 22 17:05:35 +0000 2025,"España ha logrado un acuerdo histórico con la OTAN que le permitirá seguir siendo un miembro clave de la Alianza y contribuir de forma proporcional a sus capacidades, sin tener que aumentar su gasto en defensa, ni alcanzar el 5% del PIB.

Tenemos que proteger Europa. Pero también https://t.co/jYc2Ilneaw",11112,2520,5141,2299328,304,0,0,1,-0.296,negative
1936755188838039734,6,June,Sun Jun 22 11:56:34 +0000 2025,"Oriente Medio está al borde del abismo. Es urgente hacer un llamamiento a la contención y a la desescalada, a la diplomacia y al diálogo. Lamentamos la pérdida de vidas civiles en este conflicto. 

Irán no debe acceder nunca al arma nuclear, pero la estabilidad en la región solo",12342,2036,5486,1546100,279,0,0,0,-0.296,negative
1936691700724113753,6,June,Sun Jun 22 07:44:18 +0000 2025,"Siempre igual: estrategia de deslegitimar los resultados electorales y, por ende, al Gobierno de España.

Solo les vale la democracia si son ellos los que gobiernan. https://t.co/i0peKH0oJe",17319,4058,7593,1472987,189,0,0,1,0.0,neutral
1939390792893665638,6,June,Sun Jun 29 18:29:31 +0000 2025,"He agradecido al presidente del @BancoMundial, Ajay Banga, su compromiso con la Conferencia de Sevilla #FFD4 y el apoyo a las iniciativas de alivio a la deuda.

Hemos tratado la importancia del multilateralismo, de la creación de empleo local y su relación con las migraciones. https://t.co/YSWmz2LWT4",2183,613,693,102404,301,1,1,1,0.0,neutral
1939350776377233430,6,June,Sun Jun 29 15:50:31 +0000 2025,"La Conferencia de Sevilla es la oportunidad de mostrar que seguimos luchando por un mundo mejor. Para las personas, para el planeta y para el futuro.

Juntos, podemos reforzar la confianza en el sistema multilateral y sus instituciones.

#GlobalCitizenNOW https://t.co/QkUm83bdPj",3682,985,1541,168430,279,1,0,1,0.0,neutral
1939334167101157648,6,June,Sun Jun 29 14:44:31 +0000 2025,"Recién llegado a Sevilla para participar en la #FFD4, me he reunido con @JoseRaulMulino, presidente de Panamá.

Hemos reafirmado nuestro compromiso con el multilateralismo y nuestro deseo de seguir profundizando nuestras relaciones bilaterales. https://t.co/ajcwm3qLCB",2462,564,939,136119,268,1,1,1,0.0,neutral
1938852605536440725,6,June,Sat Jun 28 06:50:57 +0000 2025,"Hoy celebramos que somos una sociedad más justa, diversa e igualitaria.

Hace 20 años que España aprobó el matrimonio igualitario y no vamos a dar ni un paso atrás.

Con orgullo, memoria y agradecimiento a quienes lo hicieron posible. 

#Orgullo2025 🏳️‍🌈 https://t.co/vivWxGEqDi",14888,3022,2001,435563,278,1,0,1,-0.296,negative
1938561845226254619,6,June,Fri Jun 27 11:35:35 +0000 2025,"Tu gestión, tu compromiso y tu trabajo te avalan, Carlos. 

Sería un honor y un orgullo para nuestro país y nuestro Gobierno que presidieras el Eurogrupo, que debe jugar un papel aún más fuerte en estos momentos. 

Por una Europa más próspera, unida y sostenible.",9135,2001,1646,593404,263,0,0,0,0.4939,positive
1938366956463088106,6,June,Thu Jun 26 22:41:10 +0000 2025,"Hemos condenado los atentados de Hamás y hemos exigido la liberación de los rehenes desde el primer día.

Pero, con la misma determinación, tenemos que decirle al gobierno del primer ministro Netanyahu: basta ya.

Tenemos la obligación moral de salvar vidas en Gaza y Cisjordania. https://t.co/gB2UbH9sYT",16401,3788,2020,467818,304,0,0,1,0.0,neutral
1938359585464516937,6,June,Thu Jun 26 22:11:52 +0000 2025,"Ser europeísta es, ante todo, defender lo que es justo.

Es cumplir con nuestras obligaciones en la OTAN, pero también con la vacunación infantil en países en desarrollo. 

Ser europeísta y atlantista es mandar tropas a países del Este, sin recortar pensiones en España. https://t.co/Po1icVLjnI",4941,1198,1403,183568,294,0,0,1,-0.4939,negative
1938178790951211150,6,June,Thu Jun 26 10:13:28 +0000 2025,"Ante la violación constante de derechos humanos de Israel, Europa debe actuar.

Hoy defenderé en Bruselas que Europa suspenda inmediatamente el Acuerdo de Asociación con Israel. https://t.co/iYLaAkS9Ag",21307,4765,2989,665576,201,0,0,1,0.0,neutral
1938168573886661086,6,June,Thu Jun 26 09:32:52 +0000 2025,"En las últimas 48h, cinco mujeres y un niño han sido asesinados, víctimas de la violencia machista.

Vivimos una emergencia nacional y debemos actuar frente a ella.

Todo el compromiso del Gobierno y del conjunto de la sociedad española para extirpar esta violencia estructural. https://t.co/7896LACEg2",4755,1158,1497,165548,302,0,0,1,0.0,neutral
1937954496724033974,6,June,Wed Jun 25 19:22:12 +0000 2025,"Profundamente consternado por el asesinato de una mujer y su hijo en Algemesí.

La violencia vicaria es la cara más vil del machismo. No podemos tolerarlo.

Pido la máxima unidad de toda la sociedad para parar este horror.

Mi cariño y mi pésame a la familia de las víctimas.",3308,572,1117,355873,275,0,0,0,-0.7096,negative
1937934193477943771,6,June,Wed Jun 25 18:01:31 +0000 2025,"Nuestro compromiso con el sistema multilateral y el sistema global de salud es absoluto.

España está dispuesta a dar un paso al frente.

Vamos a aumentar nuestra contribución a @gavi aún más: un 30% más que en el periodo anterior, hasta los 130 M€ para el periodo 2026-2030. https://t.co/gqXFQ9IATa",4156,990,1367,351509,299,0,1,1,0.0,neutral
1937871244994437587,6,June,Wed Jun 25 13:51:23 +0000 2025,"España está firmemente comprometida con los objetivos de capacidad y los cumplirá en tiempo y forma. 

Hoy, alcanzamos un acuerdo satisfactorio para todos y que defiende el multilateralismo.

Nuestro país seguirá siendo una pieza clave de la arquitectura de la seguridad europea. https://t.co/gMChPm32XO",5171,1161,2002,298318,303,0,0,1,0.0,neutral
1937805487665226098,6,June,Wed Jun 25 09:30:05 +0000 2025,"España es y seguirá siendo un actor clave de la arquitectura de defensa europea y transatlántica. 

Ese es nuestro compromiso y así lo trasladaré hoy en la Cumbre de la OTAN. https://t.co/MnfAaDMQ0d",4194,909,2128,309325,198,0,0,1,0.0,neutral
1937528764545876274,6,June,Tue Jun 24 15:10:29 +0000 2025,"Todo mi cariño para la familia y amigos de la mujer asesinada por violencia de género en Madrid.

Solo juntos, como sociedad, podemos poner freno a esta violencia estructural contra las mujeres.

No descansaremos hasta conseguirlo. #NiUnaMás.",3312,598,1529,431057,242,1,0,0,-0.296,negative
1937125549916229666,6,June,Mon Jun 23 12:28:15 +0000 2025,"Este Orgullo reivindicamos todo lo que nos queda por conquistar, pero también lo que hacemos por los que no pueden alzar la voz en sus países.

España es vuestra casa.

Aquí no se retrocede. Se avanza.

Aquí se vive con orgullo. Orgullo de país y orgullo de su gente. https://t.co/LB0z03v6vK",4958,1288,2455,259631,291,0,0,1,-0.5267,negative
1937122566591721778,6,June,Mon Jun 23 12:16:24 +0000 2025,"Hoy celebramos 20 años de la legalización del matrimonio igualitario.

Ese día España se convirtió en un país más libre, más justo.

Ganó la libertad de decir “sí, quiero”. De ser libre para no pedir perdón por quien uno es, ni permiso para hacer lo que uno quiera.

Con orgullo. https://t.co/LjkYuV5yza",13153,2374,1660,662072,303,0,0,1,-0.296,negative
1936860509829271639,6,June,Sun Jun 22 18:55:05 +0000 2025,"@NunezFeijoo Toma, Alberto.

Que alguien te la traduzca. A ver si eso aclara tus dudas. https://t.co/Dg5D9nrl2t",34662,6455,6416,10568153,111,0,1,1,0.0,neutral
1936832952408678618,6,June,Sun Jun 22 17:05:35 +0000 2025,"España ha logrado un acuerdo histórico con la OTAN que le permitirá seguir siendo un miembro clave de la Alianza y contribuir de forma proporcional a sus capacidades, sin tener que aumentar su gasto en defensa, ni alcanzar el 5% del PIB.

Tenemos que proteger Europa. Pero también https://t.co/jYc2Ilneaw",11112,2520,5141,2299328,304,0,0,1,-0.296,negative
1936755188838039734,6,June,Sun Jun 22 11:56:34 +0000 2025,"Oriente Medio está al borde del abismo. Es urgente hacer un llamamiento a la contención y a la desescalada, a la diplomacia y al diálogo. Lamentamos la pérdida de vidas civiles en este conflicto. 

Irán no debe acceder nunca al arma nuclear, pero la estabilidad en la región solo",12342,2036,5486,1546100,279,0,0,0,-0.296,negative
1936691700724113753,6,June,Sun Jun 22 07:44:18 +0000 2025,"Siempre igual: estrategia de deslegitimar los resultados electorales y, por ende, al Gobierno de España.

Solo les vale la democracia si son ellos los que gobiernan. https://t.co/i0peKH0oJe",17319,4058,7593,1472987,189,0,0,1,0.0,neutral
1950483901354246517,7,July,Wed Jul 30 09:09:34 +0000 2025,"Permanecemos atentos a la evolución de los incendios en las provincias de Ávila y Cáceres.

Estamos en situación de riesgo extremo. Por favor, no lo olvidemos. 

Toda mi solidaridad con los vecinos afectados y el agradecimiento a los servicios desplegados para su extinción.",2298,485,998,145382,274,0,0,0,0.128,positive
1950267307416052027,7,July,Tue Jul 29 18:48:54 +0000 2025,"He conversado con S.M el Rey sobre la buena situación económica que atraviesa España. 

Los datos de crecimiento económico, los más de 22 millones de ocupados y la estabilidad laboral demuestran el dinamismo y el vigor de nuestra economía. https://t.co/eu3vw532Ba",5635,1359,3492,512921,263,0,0,1,0.2732,positive
1950097971095207991,7,July,Tue Jul 29 07:36:02 +0000 2025,"Esta noche se ha movilizado a la @UMEgob para colaborar en la extinción del incendio que afecta a un paraje de enorme riqueza.

Estamos muy pendientes de la evolución de este fuego en Mombeltrán y varios municipios del Barranco de las Cinco Villas en Ávila.

Mucha precaución.",2279,538,746,144755,276,0,1,0,0.34,positive
1950092768107200798,7,July,Tue Jul 29 07:15:21 +0000 2025,"El PIB acelera y crece un 0,7% en el segundo trimestre.

España AVANZA. Y su ciudadanía lo hace con ella.",4601,1320,1791,602302,105,0,0,0,0.0,neutral
1949798263340609834,7,July,Mon Jul 28 11:45:06 +0000 2025,"España es un país que mejora año tras año en la mayoría de indicadores y que es contemplada en medio mundo como un modelo de éxito a seguir.

En los próximos dos años seguiremos impulsando una agenda social, económica y medioambiental ambiciosa y progresista.

España avanza. https://t.co/Y7I2GK299u",2668,808,1720,214580,299,0,0,1,0.0,neutral
1949794537481605468,7,July,Mon Jul 28 11:30:17 +0000 2025,"Detener la hambruna en Gaza es un imperativo moral, político y humanitario.

El Gobierno prepara ya un envío de alimento para la Franja.

Pero la única solución verdadera es que Netanyahu active un alto el fuego, abra el corredor humanitario terrestre y acabe con esta barbarie. https://t.co/NPhs5f4gRG",10672,3204,1548,249153,302,0,0,1,0.4019,positive
1949790284981649711,7,July,Mon Jul 28 11:13:23 +0000 2025,"Les anuncio que mañana aprobaremos una ampliación histórica de los permisos de nacimiento y cuidados.

Los ciudadanos podrán disfrutar de 3 semanas más de permisos retribuidos para cuidar a sus hijos e hijas.

Frente a los recortes de unos, la ampliación de derechos de otros. https://t.co/Ox17R5IhsE",9760,1967,2527,945078,300,0,0,1,0.0,neutral
1949546105005301846,7,July,Sun Jul 27 19:03:06 +0000 2025,"Campeonas, siempre.

Nuestra @SEFutbolFem, ejemplo y orgullo de España.",8784,1160,1310,483558,71,0,1,0,0.0,neutral
1948636629528444946,7,July,Fri Jul 25 06:49:11 +0000 2025,"“A liberdade é a única reserva coa que contan os pobos para crearen o seu futuro”, escribió Castelao.

Hoy, 25 de julio, celebramos una tierra que enriquece nuestro país con su identidad, su cultura y su lengua.

¡Feliz Día de Galicia!
Feliz #25deXullo. https://t.co/S80n6xt2OH",5083,781,1479,318718,277,1,0,1,0.0,neutral
1948479910340952378,7,July,Thu Jul 24 20:26:26 +0000 2025,"Celebro que Francia se sume a España y otros países europeos en su reconocimiento del Estado de Palestina. 

Entre todos debemos proteger lo que Netanyahu está tratando de destruir. La solución de los dos Estados es la única solución.",19306,4352,1839,652475,234,0,0,0,0.0,neutral
1948397747716935980,7,July,Thu Jul 24 14:59:57 +0000 2025,"¡Equipazo! 

¡Enhorabuena, CAMPEONES!

Brutal el partido que habéis hecho.",3271,502,544,161397,74,0,0,0,-0.6892,negative
1948284898256564409,7,July,Thu Jul 24 07:31:31 +0000 2025,"España vuelve a batir récords de empleo.

Por primera vez, superamos los 22 millones de personas ocupadas.

La economía española avanza con fuerza y lo hace creando empleo de calidad.

¡Seguimos!",8526,2499,2158,573159,195,0,0,0,0.0,neutral
1948074575209656612,7,July,Wed Jul 23 17:35:46 +0000 2025,"España y Paraguay comparten fuertes vínculos que hemos estrechado más con esta visita.

El presidente @SantiPenap y yo estamos convencidos de que el Acuerdo UE-Mercosur impulsará las oportunidades económicas a ambos lados del Atlántico y, singularmente, para nuestros países. https://t.co/8d7me32nw0",1598,474,760,53251,299,0,1,1,0.0,neutral
1947761528897241135,7,July,Tue Jul 22 20:51:50 +0000 2025,"La historia de Lucía Topolansky es el relato mismo de la fortaleza inquebrantable. Conversar con ella es abrazar el compromiso de una mujer que ha entregado su vida por un mundo mejor. 

Recordamos a Pepe Mujica en su casa, espejo fiel de una política vivida con el corazón https://t.co/3G42BnmfBs",7609,1585,1124,217264,297,0,0,1,0.34,positive
1947715225681031433,7,July,Tue Jul 22 17:47:51 +0000 2025,"La relación entre España y Uruguay es muy estrecha, y hoy nos acercamos todavía más con la firma de seis acuerdos y una declaración conjunta que refleja nuestros valores compartidos.

Gracias presidente @OrsiYamandu por tu hospitalidad y tu compromiso. https://t.co/TJp04Cu17e",3253,714,733,106623,276,0,1,1,0.0,neutral
1947679139114225705,7,July,Tue Jul 22 15:24:27 +0000 2025,"En Uruguay hay más de cien empresas españolas creando riqueza y empleo, lo que convierte a España en el primer país por inversión acumulada en esta tierra hermana.

He animado a las compañías de los dos países a seguir estrechando lazos en favor de la prosperidad compartida. https://t.co/Su3Sz3Y0XW",3078,758,756,156903,299,0,0,1,0.4019,positive
1947553630023766290,7,July,Tue Jul 22 07:05:43 +0000 2025,"¡Espectacular, Iris!",4575,663,503,191985,20,0,0,0,0.0,neutral
1947427510263624074,7,July,Mon Jul 21 22:44:34 +0000 2025,La principal causa común que vamos a tener en el siglo XXI es que este siglo será de las mujeres o no será. https://t.co/jAGuiVb5w5,6328,1586,4280,679903,131,0,0,1,-0.296,negative
1947348861665567061,7,July,Mon Jul 21 17:32:03 +0000 2025,"Los gobiernos progresistas encabezamos la respuesta ante la internacional reaccionaria que nos quiere llevar al pasado.

La esperanza reposa en políticas que fortalecen la democracia, combaten la desinformación y reducen la desigualdad. https://t.co/xwtkkLqHxt",7037,1854,1970,170716,260,0,0,1,0.0,neutral
1947300383417634957,7,July,Mon Jul 21 14:19:25 +0000 2025,"Gracias, presidente @GabrielBoric, por tu acogida.

Ya en Chile. Hoy, los líderes de cinco países expresaremos nuestro compromiso con la democracia y el multilateralismo ante la involución en libertades y derechos de la que el mundo es testigo.
#DemocraciaSiempre https://t.co/m9Y6lJVJSy",12398,2538,1649,240174,287,1,1,1,0.0,neutral
1950483901354246517,7,July,Wed Jul 30 09:09:34 +0000 2025,"Permanecemos atentos a la evolución de los incendios en las provincias de Ávila y Cáceres.

Estamos en situación de riesgo extremo. Por favor, no lo olvidemos. 

Toda mi solidaridad con los vecinos afectados y el agradecimiento a los servicios desplegados para su extinción.",2298,485,998,145382,274,0,0,0,0.128,positive
1950267307416052027,7,July,Tue Jul 29 18:48:54 +0000 2025,"He conversado con S.M el Rey sobre la buena situación económica que atraviesa España. 

Los datos de crecimiento económico, los más de 22 millones de ocupados y la estabilidad laboral demuestran el dinamismo y el vigor de nuestra economía. https://t.co/eu3vw532Ba",5634,1359,3492,512921,263,0,0,1,0.2732,positive
1950097971095207991,7,July,Tue Jul 29 07:36:02 +0000 2025,"Esta noche se ha movilizado a la @UMEgob para colaborar en la extinción del incendio que afecta a un paraje de enorme riqueza.

Estamos muy pendientes de la evolución de este fuego en Mombeltrán y varios municipios del Barranco de las Cinco Villas en Ávila.

Mucha precaución.",2278,538,746,144755,276,0,1,0,0.34,positive
1950092768107200798,7,July,Tue Jul 29 07:15:21 +0000 2025,"El PIB acelera y crece un 0,7% en el segundo trimestre.

España AVANZA. Y su ciudadanía lo hace con ella.",4601,1320,1791,602301,105,0,0,0,0.0,neutral
1949798263340609834,7,July,Mon Jul 28 11:45:06 +0000 2025,"España es un país que mejora año tras año en la mayoría de indicadores y que es contemplada en medio mundo como un modelo de éxito a seguir.

En los próximos dos años seguiremos impulsando una agenda social, económica y medioambiental ambiciosa y progresista.

España avanza. https://t.co/Y7I2GK299u",2668,808,1720,214580,299,0,0,1,0.0,neutral
1949794537481605468,7,July,Mon Jul 28 11:30:17 +0000 2025,"Detener la hambruna en Gaza es un imperativo moral, político y humanitario.

El Gobierno prepara ya un envío de alimento para la Franja.

Pero la única solución verdadera es que Netanyahu active un alto el fuego, abra el corredor humanitario terrestre y acabe con esta barbarie. https://t.co/NPhs5f4gRG",10672,3204,1548,249154,302,0,0,1,0.4019,positive
1949790284981649711,7,July,Mon Jul 28 11:13:23 +0000 2025,"Les anuncio que mañana aprobaremos una ampliación histórica de los permisos de nacimiento y cuidados.

Los ciudadanos podrán disfrutar de 3 semanas más de permisos retribuidos para cuidar a sus hijos e hijas.

Frente a los recortes de unos, la ampliación de derechos de otros. https://t.co/Ox17R5IhsE",9760,1967,2527,945078,300,0,0,1,0.0,neutral
1949546105005301846,7,July,Sun Jul 27 19:03:06 +0000 2025,"Campeonas, siempre.

Nuestra @SEFutbolFem, ejemplo y orgullo de España.",8784,1160,1310,483557,71,0,1,0,0.0,neutral
1948636629528444946,7,July,Fri Jul 25 06:49:11 +0000 2025,"“A liberdade é a única reserva coa que contan os pobos para crearen o seu futuro”, escribió Castelao.

Hoy, 25 de julio, celebramos una tierra que enriquece nuestro país con su identidad, su cultura y su lengua.

¡Feliz Día de Galicia!
Feliz #25deXullo. https://t.co/S80n6xt2OH",5083,781,1479,318718,277,1,0,1,0.0,neutral
1948479910340952378,7,July,Thu Jul 24 20:26:26 +0000 2025,"Celebro que Francia se sume a España y otros países europeos en su reconocimiento del Estado de Palestina. 

Entre todos debemos proteger lo que Netanyahu está tratando de destruir. La solución de los dos Estados es la única solución.",19306,4352,1839,652476,234,0,0,0,0.0,neutral
1948397747716935980,7,July,Thu Jul 24 14:59:57 +0000 2025,"¡Equipazo! 

¡Enhorabuena, CAMPEONES!

Brutal el partido que habéis hecho.",3271,502,544,161398,74,0,0,0,-0.6892,negative
1948284898256564409,7,July,Thu Jul 24 07:31:31 +0000 2025,"España vuelve a batir récords de empleo.

Por primera vez, superamos los 22 millones de personas ocupadas.

La economía española avanza con fuerza y lo hace creando empleo de calidad.

¡Seguimos!",8526,2499,2158,573160,195,0,0,0,0.0,neutral
1948074575209656612,7,July,Wed Jul 23 17:35:46 +0000 2025,"España y Paraguay comparten fuertes vínculos que hemos estrechado más con esta visita.

El presidente @SantiPenap y yo estamos convencidos de que el Acuerdo UE-Mercosur impulsará las oportunidades económicas a ambos lados del Atlántico y, singularmente, para nuestros países. https://t.co/8d7me32nw0",1598,474,760,53251,299,0,1,1,0.0,neutral
1947761528897241135,7,July,Tue Jul 22 20:51:50 +0000 2025,"La historia de Lucía Topolansky es el relato mismo de la fortaleza inquebrantable. Conversar con ella es abrazar el compromiso de una mujer que ha entregado su vida por un mundo mejor. 

Recordamos a Pepe Mujica en su casa, espejo fiel de una política vivida con el corazón https://t.co/3G42BnmfBs",7610,1585,1124,217263,297,0,0,1,0.34,positive
1947715225681031433,7,July,Tue Jul 22 17:47:51 +0000 2025,"La relación entre España y Uruguay es muy estrecha, y hoy nos acercamos todavía más con la firma de seis acuerdos y una declaración conjunta que refleja nuestros valores compartidos.

Gracias presidente @OrsiYamandu por tu hospitalidad y tu compromiso. https://t.co/TJp04Cu17e",3251,714,733,106623,276,0,1,1,0.0,neutral
1947679139114225705,7,July,Tue Jul 22 15:24:27 +0000 2025,"En Uruguay hay más de cien empresas españolas creando riqueza y empleo, lo que convierte a España en el primer país por inversión acumulada en esta tierra hermana.

He animado a las compañías de los dos países a seguir estrechando lazos en favor de la prosperidad compartida. https://t.co/Su3Sz3Y0XW",3077,758,756,156904,299,0,0,1,0.4019,positive
1947553630023766290,7,July,Tue Jul 22 07:05:43 +0000 2025,"¡Espectacular, Iris!",4575,663,503,191985,20,0,0,0,0.0,neutral
1947427510263624074,7,July,Mon Jul 21 22:44:34 +0000 2025,La principal causa común que vamos a tener en el siglo XXI es que este siglo será de las mujeres o no será. https://t.co/jAGuiVb5w5,6327,1586,4280,679903,131,0,0,1,-0.296,negative
1947348861665567061,7,July,Mon Jul 21 17:32:03 +0000 2025,"Los gobiernos progresistas encabezamos la respuesta ante la internacional reaccionaria que nos quiere llevar al pasado.

La esperanza reposa en políticas que fortalecen la democracia, combaten la desinformación y reducen la desigualdad. https://t.co/xwtkkLqHxt",7039,1855,1970,170715,260,0,0,1,0.0,neutral
1947300383417634957,7,July,Mon Jul 21 14:19:25 +0000 2025,"Gracias, presidente @GabrielBoric, por tu acogida.

Ya en Chile. Hoy, los líderes de cinco países expresaremos nuestro compromiso con la democracia y el multilateralismo ante la involución en libertades y derechos de la que el mundo es testigo.
#DemocraciaSiempre https://t.co/m9Y6lJVJSy",12398,2539,1649,240175,287,1,1,1,0.0,neutral
1950483901354246517,7,July,Wed Jul 30 09:09:34 +0000 2025,"Permanecemos atentos a la evolución de los incendios en las provincias de Ávila y Cáceres.

Estamos en situación de riesgo extremo. Por favor, no lo olvidemos. 

Toda mi solidaridad con los vecinos afectados y el agradecimiento a los servicios desplegados para su extinción.",2298,485,998,145382,274,0,0,0,0.128,positive
1950267307416052027,7,July,Tue Jul 29 18:48:54 +0000 2025,"He conversado con S.M el Rey sobre la buena situación económica que atraviesa España. 

Los datos de crecimiento económico, los más de 22 millones de ocupados y la estabilidad laboral demuestran el dinamismo y el vigor de nuestra economía. https://t.co/eu3vw532Ba",5634,1359,3492,512921,263,0,0,1,0.2732,positive
1950097971095207991,7,July,Tue Jul 29 07:36:02 +0000 2025,"Esta noche se ha movilizado a la @UMEgob para colaborar en la extinción del incendio que afecta a un paraje de enorme riqueza.

Estamos muy pendientes de la evolución de este fuego en Mombeltrán y varios municipios del Barranco de las Cinco Villas en Ávila.

Mucha precaución.",2278,538,746,144755,276,0,1,0,0.34,positive
1950092768107200798,7,July,Tue Jul 29 07:15:21 +0000 2025,"El PIB acelera y crece un 0,7% en el segundo trimestre.

España AVANZA. Y su ciudadanía lo hace con ella.",4601,1320,1791,602301,105,0,0,0,0.0,neutral
1949798263340609834,7,July,Mon Jul 28 11:45:06 +0000 2025,"España es un país que mejora año tras año en la mayoría de indicadores y que es contemplada en medio mundo como un modelo de éxito a seguir.

En los próximos dos años seguiremos impulsando una agenda social, económica y medioambiental ambiciosa y progresista.

España avanza. https://t.co/Y7I2GK299u",2668,808,1720,214580,299,0,0,1,0.0,neutral
1949794537481605468,7,July,Mon Jul 28 11:30:17 +0000 2025,"Detener la hambruna en Gaza es un imperativo moral, político y humanitario.

El Gobierno prepara ya un envío de alimento para la Franja.

Pero la única solución verdadera es que Netanyahu active un alto el fuego, abra el corredor humanitario terrestre y acabe con esta barbarie. https://t.co/NPhs5f4gRG",10672,3204,1548,249154,302,0,0,1,0.4019,positive
1949790284981649711,7,July,Mon Jul 28 11:13:23 +0000 2025,"Les anuncio que mañana aprobaremos una ampliación histórica de los permisos de nacimiento y cuidados.

Los ciudadanos podrán disfrutar de 3 semanas más de permisos retribuidos para cuidar a sus hijos e hijas.

Frente a los recortes de unos, la ampliación de derechos de otros. https://t.co/Ox17R5IhsE",9760,1967,2527,945078,300,0,0,1,0.0,neutral
1949546105005301846,7,July,Sun Jul 27 19:03:06 +0000 2025,"Campeonas, siempre.

Nuestra @SEFutbolFem, ejemplo y orgullo de España.",8784,1160,1310,483557,71,0,1,0,0.0,neutral
1948636629528444946,7,July,Fri Jul 25 06:49:11 +0000 2025,"“A liberdade é a única reserva coa que contan os pobos para crearen o seu futuro”, escribió Castelao.

Hoy, 25 de julio, celebramos una tierra que enriquece nuestro país con su identidad, su cultura y su lengua.

¡Feliz Día de Galicia!
Feliz #25deXullo. https://t.co/S80n6xt2OH",5083,781,1479,318718,277,1,0,1,0.0,neutral
1948479910340952378,7,July,Thu Jul 24 20:26:26 +0000 2025,"Celebro que Francia se sume a España y otros países europeos en su reconocimiento del Estado de Palestina. 

Entre todos debemos proteger lo que Netanyahu está tratando de destruir. La solución de los dos Estados es la única solución.",19306,4352,1839,652476,234,0,0,0,0.0,neutral
1948397747716935980,7,July,Thu Jul 24 14:59:57 +0000 2025,"¡Equipazo! 

¡Enhorabuena, CAMPEONES!

Brutal el partido que habéis hecho.",3271,502,544,161398,74,0,0,0,-0.6892,negative
1948284898256564409,7,July,Thu Jul 24 07:31:31 +0000 2025,"España vuelve a batir récords de empleo.

Por primera vez, superamos los 22 millones de personas ocupadas.

La economía española avanza con fuerza y lo hace creando empleo de calidad.

¡Seguimos!",8526,2499,2158,573160,195,0,0,0,0.0,neutral
1948074575209656612,7,July,Wed Jul 23 17:35:46 +0000 2025,"España y Paraguay comparten fuertes vínculos que hemos estrechado más con esta visita.

El presidente @SantiPenap y yo estamos convencidos de que el Acuerdo UE-Mercosur impulsará las oportunidades económicas a ambos lados del Atlántico y, singularmente, para nuestros países. https://t.co/8d7me32nw0",1598,474,760,53251,299,0,1,1,0.0,neutral
1947761528897241135,7,July,Tue Jul 22 20:51:50 +0000 2025,"La historia de Lucía Topolansky es el relato mismo de la fortaleza inquebrantable. Conversar con ella es abrazar el compromiso de una mujer que ha entregado su vida por un mundo mejor. 

Recordamos a Pepe Mujica en su casa, espejo fiel de una política vivida con el corazón https://t.co/3G42BnmfBs",7610,1585,1124,217263,297,0,0,1,0.34,positive
1947715225681031433,7,July,Tue Jul 22 17:47:51 +0000 2025,"La relación entre España y Uruguay es muy estrecha, y hoy nos acercamos todavía más con la firma de seis acuerdos y una declaración conjunta que refleja nuestros valores compartidos.

Gracias presidente @OrsiYamandu por tu hospitalidad y tu compromiso. https://t.co/TJp04Cu17e",3251,714,733,106623,276,0,1,1,0.0,neutral
1947679139114225705,7,July,Tue Jul 22 15:24:27 +0000 2025,"En Uruguay hay más de cien empresas españolas creando riqueza y empleo, lo que convierte a España en el primer país por inversión acumulada en esta tierra hermana.

He animado a las compañías de los dos países a seguir estrechando lazos en favor de la prosperidad compartida. https://t.co/Su3Sz3Y0XW",3077,758,756,156904,299,0,0,1,0.4019,positive
1947553630023766290,7,July,Tue Jul 22 07:05:43 +0000 2025,"¡Espectacular, Iris!",4575,663,503,191985,20,0,0,0,0.0,neutral
1947427510263624074,7,July,Mon Jul 21 22:44:34 +0000 2025,La principal causa común que vamos a tener en el siglo XXI es que este siglo será de las mujeres o no será. https://t.co/jAGuiVb5w5,6327,1586,4280,679903,131,0,0,1,-0.296,negative
1947348861665567061,7,July,Mon Jul 21 17:32:03 +0000 2025,"Los gobiernos progresistas encabezamos la respuesta ante la internacional reaccionaria que nos quiere llevar al pasado.

La esperanza reposa en políticas que fortalecen la democracia, combaten la desinformación y reducen la desigualdad. https://t.co/xwtkkLqHxt",7039,1855,1970,170715,260,0,0,1,0.0,neutral
1947300383417634957,7,July,Mon Jul 21 14:19:25 +0000 2025,"Gracias, presidente @GabrielBoric, por tu acogida.

Ya en Chile. Hoy, los líderes de cinco países expresaremos nuestro compromiso con la democracia y el multilateralismo ante la involución en libertades y derechos de la que el mundo es testigo.
#DemocraciaSiempre https://t.co/m9Y6lJVJSy",12398,2539,1649,240175,287,1,1,1,0.0,neutral
1950483901354246517,7,July,Wed Jul 30 09:09:34 +0000 2025,"Permanecemos atentos a la evolución de los incendios en las provincias de Ávila y Cáceres.

Estamos en situación de riesgo extremo. Por favor, no lo olvidemos. 

Toda mi solidaridad con los vecinos afectados y el agradecimiento a los servicios desplegados para su extinción.",2298,485,998,145382,274,0,0,0,0.128,positive
1950267307416052027,7,July,Tue Jul 29 18:48:54 +0000 2025,"He conversado con S.M el Rey sobre la buena situación económica que atraviesa España. 

Los datos de crecimiento económico, los más de 22 millones de ocupados y la estabilidad laboral demuestran el dinamismo y el vigor de nuestra economía. https://t.co/eu3vw532Ba",5634,1359,3492,512921,263,0,0,1,0.2732,positive
1950097971095207991,7,July,Tue Jul 29 07:36:02 +0000 2025,"Esta noche se ha movilizado a la @UMEgob para colaborar en la extinción del incendio que afecta a un paraje de enorme riqueza.

Estamos muy pendientes de la evolución de este fuego en Mombeltrán y varios municipios del Barranco de las Cinco Villas en Ávila.

Mucha precaución.",2278,538,746,144755,276,0,1,0,0.34,positive
1950092768107200798,7,July,Tue Jul 29 07:15:21 +0000 2025,"El PIB acelera y crece un 0,7% en el segundo trimestre.

España AVANZA. Y su ciudadanía lo hace con ella.",4601,1320,1791,602301,105,0,0,0,0.0,neutral
1949798263340609834,7,July,Mon Jul 28 11:45:06 +0000 2025,"España es un país que mejora año tras año en la mayoría de indicadores y que es contemplada en medio mundo como un modelo de éxito a seguir.

En los próximos dos años seguiremos impulsando una agenda social, económica y medioambiental ambiciosa y progresista.

España avanza. https://t.co/Y7I2GK299u",2668,808,1720,214580,299,0,0,1,0.0,neutral
1949794537481605468,7,July,Mon Jul 28 11:30:17 +0000 2025,"Detener la hambruna en Gaza es un imperativo moral, político y humanitario.

El Gobierno prepara ya un envío de alimento para la Franja.

Pero la única solución verdadera es que Netanyahu active un alto el fuego, abra el corredor humanitario terrestre y acabe con esta barbarie. https://t.co/NPhs5f4gRG",10672,3204,1548,249154,302,0,0,1,0.4019,positive
1949790284981649711,7,July,Mon Jul 28 11:13:23 +0000 2025,"Les anuncio que mañana aprobaremos una ampliación histórica de los permisos de nacimiento y cuidados.

Los ciudadanos podrán disfrutar de 3 semanas más de permisos retribuidos para cuidar a sus hijos e hijas.

Frente a los recortes de unos, la ampliación de derechos de otros. https://t.co/Ox17R5IhsE",9760,1967,2527,945078,300,0,0,1,0.0,neutral
1949546105005301846,7,July,Sun Jul 27 19:03:06 +0000 2025,"Campeonas, siempre.

Nuestra @SEFutbolFem, ejemplo y orgullo de España.",8784,1160,1310,483557,71,0,1,0,0.0,neutral
1948636629528444946,7,July,Fri Jul 25 06:49:11 +0000 2025,"“A liberdade é a única reserva coa que contan os pobos para crearen o seu futuro”, escribió Castelao.

Hoy, 25 de julio, celebramos una tierra que enriquece nuestro país con su identidad, su cultura y su lengua.

¡Feliz Día de Galicia!
Feliz #25deXullo. https://t.co/S80n6xt2OH",5083,781,1479,318718,277,1,0,1,0.0,neutral
1948479910340952378,7,July,Thu Jul 24 20:26:26 +0000 2025,"Celebro que Francia se sume a España y otros países europeos en su reconocimiento del Estado de Palestina. 

Entre todos debemos proteger lo que Netanyahu está tratando de destruir. La solución de los dos Estados es la única solución.",19305,4352,1839,652476,234,0,0,0,0.0,neutral
1948397747716935980,7,July,Thu Jul 24 14:59:57 +0000 2025,"¡Equipazo! 

¡Enhorabuena, CAMPEONES!

Brutal el partido que habéis hecho.",3271,502,544,161398,74,0,0,0,-0.6892,negative
1948284898256564409,7,July,Thu Jul 24 07:31:31 +0000 2025,"España vuelve a batir récords de empleo.

Por primera vez, superamos los 22 millones de personas ocupadas.

La economía española avanza con fuerza y lo hace creando empleo de calidad.

¡Seguimos!",8526,2499,2158,573160,195,0,0,0,0.0,neutral
1948074575209656612,7,July,Wed Jul 23 17:35:46 +0000 2025,"España y Paraguay comparten fuertes vínculos que hemos estrechado más con esta visita.

El presidente @SantiPenap y yo estamos convencidos de que el Acuerdo UE-Mercosur impulsará las oportunidades económicas a ambos lados del Atlántico y, singularmente, para nuestros países. https://t.co/8d7me32nw0",1598,474,760,53251,299,0,1,1,0.0,neutral
1947761528897241135,7,July,Tue Jul 22 20:51:50 +0000 2025,"La historia de Lucía Topolansky es el relato mismo de la fortaleza inquebrantable. Conversar con ella es abrazar el compromiso de una mujer que ha entregado su vida por un mundo mejor. 

Recordamos a Pepe Mujica en su casa, espejo fiel de una política vivida con el corazón https://t.co/3G42BnmfBs",7610,1585,1124,217263,297,0,0,1,0.34,positive
1947715225681031433,7,July,Tue Jul 22 17:47:51 +0000 2025,"La relación entre España y Uruguay es muy estrecha, y hoy nos acercamos todavía más con la firma de seis acuerdos y una declaración conjunta que refleja nuestros valores compartidos.

Gracias presidente @OrsiYamandu por tu hospitalidad y tu compromiso. https://t.co/TJp04Cu17e",3251,714,733,106623,276,0,1,1,0.0,neutral
1947679139114225705,7,July,Tue Jul 22 15:24:27 +0000 2025,"En Uruguay hay más de cien empresas españolas creando riqueza y empleo, lo que convierte a España en el primer país por inversión acumulada en esta tierra hermana.

He animado a las compañías de los dos países a seguir estrechando lazos en favor de la prosperidad compartida. https://t.co/Su3Sz3Y0XW",3077,758,756,156904,299,0,0,1,0.4019,positive
1947553630023766290,7,July,Tue Jul 22 07:05:43 +0000 2025,"¡Espectacular, Iris!",4575,663,503,191985,20,0,0,0,0.0,neutral
1947427510263624074,7,July,Mon Jul 21 22:44:34 +0000 2025,La principal causa común que vamos a tener en el siglo XXI es que este siglo será de las mujeres o no será. https://t.co/jAGuiVb5w5,6326,1586,4280,679903,131,0,0,1,-0.296,negative
1947348861665567061,7,July,Mon Jul 21 17:32:03 +0000 2025,"Los gobiernos progresistas encabezamos la respuesta ante la internacional reaccionaria que nos quiere llevar al pasado.

La esperanza reposa en políticas que fortalecen la democracia, combaten la desinformación y reducen la desigualdad. https://t.co/xwtkkLqHxt",7039,1855,1970,170715,260,0,0,1,0.0,neutral
1947300383417634957,7,July,Mon Jul 21 14:19:25 +0000 2025,"Gracias, presidente @GabrielBoric, por tu acogida.

Ya en Chile. Hoy, los líderes de cinco países expresaremos nuestro compromiso con la democracia y el multilateralismo ante la involución en libertades y derechos de la que el mundo es testigo.
#DemocraciaSiempre https://t.co/m9Y6lJVJSy",12398,2539,1649,240175,287,1,1,1,0.0,neutral
1950483901354246517,7,July,Wed Jul 30 09:09:34 +0000 2025,"Permanecemos atentos a la evolución de los incendios en las provincias de Ávila y Cáceres.

Estamos en situación de riesgo extremo. Por favor, no lo olvidemos. 

Toda mi solidaridad con los vecinos afectados y el agradecimiento a los servicios desplegados para su extinción.",2298,485,998,145382,274,0,0,0,0.128,positive
1950267307416052027,7,July,Tue Jul 29 18:48:54 +0000 2025,"He conversado con S.M el Rey sobre la buena situación económica que atraviesa España. 

Los datos de crecimiento económico, los más de 22 millones de ocupados y la estabilidad laboral demuestran el dinamismo y el vigor de nuestra economía. https://t.co/eu3vw532Ba",5635,1359,3492,512921,263,0,0,1,0.2732,positive
1950097971095207991,7,July,Tue Jul 29 07:36:02 +0000 2025,"Esta noche se ha movilizado a la @UMEgob para colaborar en la extinción del incendio que afecta a un paraje de enorme riqueza.

Estamos muy pendientes de la evolución de este fuego en Mombeltrán y varios municipios del Barranco de las Cinco Villas en Ávila.

Mucha precaución.",2279,538,746,144755,276,0,1,0,0.34,positive
1950092768107200798,7,July,Tue Jul 29 07:15:21 +0000 2025,"El PIB acelera y crece un 0,7% en el segundo trimestre.

España AVANZA. Y su ciudadanía lo hace con ella.",4601,1320,1791,602302,105,0,0,0,0.0,neutral
1949798263340609834,7,July,Mon Jul 28 11:45:06 +0000 2025,"España es un país que mejora año tras año en la mayoría de indicadores y que es contemplada en medio mundo como un modelo de éxito a seguir.

En los próximos dos años seguiremos impulsando una agenda social, económica y medioambiental ambiciosa y progresista.

España avanza. https://t.co/Y7I2GK299u",2668,808,1720,214580,299,0,0,1,0.0,neutral
1949794537481605468,7,July,Mon Jul 28 11:30:17 +0000 2025,"Detener la hambruna en Gaza es un imperativo moral, político y humanitario.

El Gobierno prepara ya un envío de alimento para la Franja.

Pero la única solución verdadera es que Netanyahu active un alto el fuego, abra el corredor humanitario terrestre y acabe con esta barbarie. https://t.co/NPhs5f4gRG",10672,3204,1548,249153,302,0,0,1,0.4019,positive
1949790284981649711,7,July,Mon Jul 28 11:13:23 +0000 2025,"Les anuncio que mañana aprobaremos una ampliación histórica de los permisos de nacimiento y cuidados.

Los ciudadanos podrán disfrutar de 3 semanas más de permisos retribuidos para cuidar a sus hijos e hijas.

Frente a los recortes de unos, la ampliación de derechos de otros. https://t.co/Ox17R5IhsE",9760,1967,2527,945078,300,0,0,1,0.0,neutral
1949546105005301846,7,July,Sun Jul 27 19:03:06 +0000 2025,"Campeonas, siempre.

Nuestra @SEFutbolFem, ejemplo y orgullo de España.",8784,1160,1310,483558,71,0,1,0,0.0,neutral
1948636629528444946,7,July,Fri Jul 25 06:49:11 +0000 2025,"“A liberdade é a única reserva coa que contan os pobos para crearen o seu futuro”, escribió Castelao.

Hoy, 25 de julio, celebramos una tierra que enriquece nuestro país con su identidad, su cultura y su lengua.

¡Feliz Día de Galicia!
Feliz #25deXullo. https://t.co/S80n6xt2OH",5083,781,1479,318718,277,1,0,1,0.0,neutral
1948479910340952378,7,July,Thu Jul 24 20:26:26 +0000 2025,"Celebro que Francia se sume a España y otros países europeos en su reconocimiento del Estado de Palestina. 

Entre todos debemos proteger lo que Netanyahu está tratando de destruir. La solución de los dos Estados es la única solución.",19305,4352,1839,652475,234,0,0,0,0.0,neutral
1948397747716935980,7,July,Thu Jul 24 14:59:57 +0000 2025,"¡Equipazo! 

¡Enhorabuena, CAMPEONES!

Brutal el partido que habéis hecho.",3271,502,544,161397,74,0,0,0,-0.6892,negative
1948284898256564409,7,July,Thu Jul 24 07:31:31 +0000 2025,"España vuelve a batir récords de empleo.

Por primera vez, superamos los 22 millones de personas ocupadas.

La economía española avanza con fuerza y lo hace creando empleo de calidad.

¡Seguimos!",8526,2499,2158,573159,195,0,0,0,0.0,neutral
1948074575209656612,7,July,Wed Jul 23 17:35:46 +0000 2025,"España y Paraguay comparten fuertes vínculos que hemos estrechado más con esta visita.

El presidente @SantiPenap y yo estamos convencidos de que el Acuerdo UE-Mercosur impulsará las oportunidades económicas a ambos lados del Atlántico y, singularmente, para nuestros países. https://t.co/8d7me32nw0",1598,474,760,53251,299,0,1,1,0.0,neutral
1947761528897241135,7,July,Tue Jul 22 20:51:50 +0000 2025,"La historia de Lucía Topolansky es el relato mismo de la fortaleza inquebrantable. Conversar con ella es abrazar el compromiso de una mujer que ha entregado su vida por un mundo mejor. 

Recordamos a Pepe Mujica en su casa, espejo fiel de una política vivida con el corazón https://t.co/3G42BnmfBs",7609,1585,1124,217264,297,0,0,1,0.34,positive
1947715225681031433,7,July,Tue Jul 22 17:47:51 +0000 2025,"La relación entre España y Uruguay es muy estrecha, y hoy nos acercamos todavía más con la firma de seis acuerdos y una declaración conjunta que refleja nuestros valores compartidos.

Gracias presidente @OrsiYamandu por tu hospitalidad y tu compromiso. https://t.co/TJp04Cu17e",3253,714,733,106623,276,0,1,1,0.0,neutral
1947679139114225705,7,July,Tue Jul 22 15:24:27 +0000 2025,"En Uruguay hay más de cien empresas españolas creando riqueza y empleo, lo que convierte a España en el primer país por inversión acumulada en esta tierra hermana.

He animado a las compañías de los dos países a seguir estrechando lazos en favor de la prosperidad compartida. https://t.co/Su3Sz3Y0XW",3078,758,756,156903,299,0,0,1,0.4019,positive
1947553630023766290,7,July,Tue Jul 22 07:05:43 +0000 2025,"¡Espectacular, Iris!",4575,663,503,191985,20,0,0,0,0.0,neutral
1947427510263624074,7,July,Mon Jul 21 22:44:34 +0000 2025,La principal causa común que vamos a tener en el siglo XXI es que este siglo será de las mujeres o no será. https://t.co/jAGuiVb5w5,6327,1586,4280,679903,131,0,0,1,-0.296,negative
1947348861665567061,7,July,Mon Jul 21 17:32:03 +0000 2025,"Los gobiernos progresistas encabezamos la respuesta ante la internacional reaccionaria que nos quiere llevar al pasado.

La esperanza reposa en políticas que fortalecen la democracia, combaten la desinformación y reducen la desigualdad. https://t.co/xwtkkLqHxt",7037,1854,1970,170716,260,0,0,1,0.0,neutral
1947300383417634957,7,July,Mon Jul 21 14:19:25 +0000 2025,"Gracias, presidente @GabrielBoric, por tu acogida.

Ya en Chile. Hoy, los líderes de cinco países expresaremos nuestro compromiso con la democracia y el multilateralismo ante la involución en libertades y derechos de la que el mundo es testigo.
#DemocraciaSiempre https://t.co/m9Y6lJVJSy",12398,2538,1649,240174,287,1,1,1,0.0,neutral
1961814283785834931,8,August,Sat Aug 30 15:32:28 +0000 2025,"Defender España es defender la vida.

Nuestro apoyo y reconocimiento a Open Arms y a quienes salvan vidas en el mar.",23987,4164,5829,1916807,116,0,0,0,0.2023,positive
1961739477547712680,8,August,Sat Aug 30 10:35:13 +0000 2025,"He hablado con el presidente Abbas para expresarle el firme apoyo de España tras la injusta revocación de los visados a los delegados palestinos en la próxima semana de alto nivel de la ONU.

Palestina tiene derecho a hacer oír su voz en Naciones Unidas y en todos los foros",14279,3465,2398,523585,274,0,0,0,0.0,neutral
1960988683370156462,8,August,Thu Aug 28 08:51:50 +0000 2025,"Cada agresión de Rusia en esta guerra injusta es un nuevo golpe contra la paz.

El ataque a una misión diplomática es una nueva violación flagrante del derecho internacional.

Toda mi solidaridad con el personal de la @EUDelegationUA en Kyiv, las víctimas y el pueblo ucraniano.",2431,700,1201,306387,278,0,1,0,0.0,neutral
1960084398285754797,8,August,Mon Aug 25 20:58:31 +0000 2025,"Nos deja José María Sánchez Silva, teniente coronel y referente de libertad y derechos.

Con coraje, abrió camino hacia una España más justa e igualitaria. Siempre recordaremos su ejemplo.

Un abrazo a sus seres queridos.",3688,688,752,190641,221,0,0,0,0.0,neutral
1959937484512448629,8,August,Mon Aug 25 11:14:44 +0000 2025,"Recibo impactado la noticia del fallecimiento de Verónica Echegui, una actriz con un talento y una humildad enormes que se marcha demasiado joven.

Mi abrazo sincero en estos momentos tan duros para toda la familia y amigos.
https://t.co/bZQ6d4SSHa",13122,1553,909,633140,248,0,0,1,0.0,neutral
1959582704254754850,8,August,Sun Aug 24 11:44:58 +0000 2025,"Felicidades al pueblo ucraniano y a su presidente, @ZelenskyyUa, que hoy celebran su Día de la Independencia. 

España seguirá estando al lado de Ucrania, el tiempo que sea necesario, en defensa de su libertad y soberanía.

Unidos por una paz justa y duradera.",3535,724,1022,427319,260,0,1,0,0.0,neutral
1958864104300351588,8,August,Fri Aug 22 12:09:31 +0000 2025,"Unidos contra la Emergencia Climática. 

La próxima Conferencia de Presidentes debe servir para unir a todas las instituciones, autonomías y diputaciones, para hacer frente a una situación que nos interpela a todos. 

Desde este mismo martes, convocaremos la Comisión https://t.co/98scohkTCS",3606,997,2483,193763,291,0,0,1,0.0,neutral
1958862020129787914,8,August,Fri Aug 22 12:01:14 +0000 2025,"Quiero felicitar a @VirBarcones y a @proteccioncivil por su labor al pie del cañón todos estos días.

Todos los efectivos al alcance del Estado han sido desplegados para combatir los incendios.

Gracias a la solidaridad de las CC.AA. y de los países que están con nuestro país. https://t.co/rwqejlqixO",7828,2124,1183,214600,301,0,2,1,0.0,neutral
1958610072457588962,8,August,Thu Aug 21 19:20:05 +0000 2025,"Estamos siendo testigos de la mejor Europa. La que nos protege frente a la adversidad.

Así se lo he trasladado a @vonderleyen con quien he hablado de la necesidad de seguir apostando por el Mecanismo Europeo de protección civil. Contaremos con su ayuda para recuperarnos también.",5850,1478,2511,421889,280,0,1,0,0.0,neutral
1957780143927169106,8,August,Tue Aug 19 12:22:14 +0000 2025,"Lealtad institucional, corresponsabilidad y solidaridad entre territorios frente a los incendios.

El Gobierno de España ha estado desde el primer momento y seguiremos estando para reconstruir los territorios afectados.

A la ciudadanía: no bajemos la guardia. https://t.co/NBRdPEnJaZ",6279,1769,2812,195367,284,0,0,1,0.0516,positive
1957777818806268097,8,August,Tue Aug 19 12:13:00 +0000 2025,"El próximo martes en el Gobierno aprobaremos las ayudas para las zonas golpeadas por los incendios.

Estaremos al lado de sus vecinos en la recuperación y reconstrucción. https://t.co/KFczp2B8pS",3624,974,2185,307858,194,0,0,1,0.0,neutral
1957495342041055632,8,August,Mon Aug 18 17:30:32 +0000 2025,"Hoy, en el Cabildo de Lanzarote, me he reunido con el presidente de Canarias, @FClavijoBatlle, junto al ministro @avtorresp.

Hemos abordado la agenda canaria y la gestión del reto migratorio, con el compromiso de seguir trabajando juntos. https://t.co/qqLtm9XbSN",2560,628,1271,130308,263,0,2,1,0.0,neutral
1957336691792117988,8,August,Mon Aug 18 07:00:07 +0000 2025,"Tristeza y desolación.

Todo mi cariño para la familia, amigos y compañeros del conductor fallecido en la extinción del incendio forestal en Espinoso de Compludo y mi deseo de recuperación para la persona que ha resultado herida.

No olvidaremos vuestra labor y entrega.",5598,957,1732,330995,270,0,0,0,0.0516,positive
1957066543419793601,8,August,Sun Aug 17 13:06:39 +0000 2025,"Proponemos un gran Pacto de Estado frente a la Emergencia Climática.

Lo que está sucediendo nos interpela a todas las Administraciones Públicas, a los Grupos Parlamentarios y al conjunto del país.

Debemos responder de la mano de la Ciencia a la aceleración del cambio climático. https://t.co/SbgzJqy78S",7090,1843,6192,2775243,304,0,0,1,0.0,neutral
1957060344938897862,8,August,Sun Aug 17 12:42:01 +0000 2025,"En nombre del Gobierno, nuestras condolencias a las familias de las personas que han perdido la vida, a los heridos y a todas la personas afectadas por los incendios que asolan nuestro país.

Gracias a todos los servidores públicos por su profesionalidad, entrega y dedicación. https://t.co/BcXqbOoGyN",5502,1384,1353,146493,301,0,0,1,0.0,neutral
1956386276359143737,8,August,Fri Aug 15 16:03:30 +0000 2025,"Todo mi ánimo y fuerza a los cuatro miembros heridos de la @UMEgob en el incendio de Yeres, en León, y a sus familias.

Les agradezco su esfuerzo y dedicación y espero que se recuperen pronto.",3507,903,1177,222664,192,0,1,0,0.0,neutral
1956343499445420362,8,August,Fri Aug 15 13:13:32 +0000 2025,"Recibimos con gran pesar la noticia del fallecimiento de Javier Lambán.

Su trayectoria y compromiso dejan una huella imborrable.

Mis condolencias a su familia y seres queridos.",5221,853,3189,942970,178,0,0,0,0.0,neutral
1956271112486076698,8,August,Fri Aug 15 08:25:53 +0000 2025,"Hoy volverá a ser un día muy duro, con riesgo extremo de nuevos incendios.

El Gobierno sigue volcado con todos los recursos para frenar el fuego.

Gracias, siempre, a los que lucháis en primera línea para protegernos.",4497,1114,2867,880113,218,0,0,0,0.0,neutral
1955982707420205172,8,August,Thu Aug 14 13:19:52 +0000 2025,"Siempre agradecidos a quienes lo dais todo por salvar vidas, hogares y naturaleza. 

Sigamos extremando la precaución.",3330,872,1495,276280,118,0,0,0,0.0,neutral
1961814283785834931,8,August,Sat Aug 30 15:32:28 +0000 2025,"Defender España es defender la vida.

Nuestro apoyo y reconocimiento a Open Arms y a quienes salvan vidas en el mar.",23988,4164,5829,1916807,116,0,0,0,0.2023,positive
1961739477547712680,8,August,Sat Aug 30 10:35:13 +0000 2025,"He hablado con el presidente Abbas para expresarle el firme apoyo de España tras la injusta revocación de los visados a los delegados palestinos en la próxima semana de alto nivel de la ONU.

Palestina tiene derecho a hacer oír su voz en Naciones Unidas y en todos los foros",14278,3464,2398,523584,274,0,0,0,0.0,neutral
1960988683370156462,8,August,Thu Aug 28 08:51:50 +0000 2025,"Cada agresión de Rusia en esta guerra injusta es un nuevo golpe contra la paz.

El ataque a una misión diplomática es una nueva violación flagrante del derecho internacional.

Toda mi solidaridad con el personal de la @EUDelegationUA en Kyiv, las víctimas y el pueblo ucraniano.",2431,700,1201,306387,278,0,1,0,0.0,neutral
1960084398285754797,8,August,Mon Aug 25 20:58:31 +0000 2025,"Nos deja José María Sánchez Silva, teniente coronel y referente de libertad y derechos.

Con coraje, abrió camino hacia una España más justa e igualitaria. Siempre recordaremos su ejemplo.

Un abrazo a sus seres queridos.",3688,688,752,190640,221,0,0,0,0.0,neutral
1959937484512448629,8,August,Mon Aug 25 11:14:44 +0000 2025,"Recibo impactado la noticia del fallecimiento de Verónica Echegui, una actriz con un talento y una humildad enormes que se marcha demasiado joven.

Mi abrazo sincero en estos momentos tan duros para toda la familia y amigos.
https://t.co/bZQ6d4SSHa",13122,1553,909,633138,248,0,0,1,0.0,neutral
1959582704254754850,8,August,Sun Aug 24 11:44:58 +0000 2025,"Felicidades al pueblo ucraniano y a su presidente, @ZelenskyyUa, que hoy celebran su Día de la Independencia. 

España seguirá estando al lado de Ucrania, el tiempo que sea necesario, en defensa de su libertad y soberanía.

Unidos por una paz justa y duradera.",3536,724,1022,427320,260,0,1,0,0.0,neutral
1958864104300351588,8,August,Fri Aug 22 12:09:31 +0000 2025,"Unidos contra la Emergencia Climática. 

La próxima Conferencia de Presidentes debe servir para unir a todas las instituciones, autonomías y diputaciones, para hacer frente a una situación que nos interpela a todos. 

Desde este mismo martes, convocaremos la Comisión https://t.co/98scohkTCS",3606,997,2483,193763,291,0,0,1,0.0,neutral
1958862020129787914,8,August,Fri Aug 22 12:01:14 +0000 2025,"Quiero felicitar a @VirBarcones y a @proteccioncivil por su labor al pie del cañón todos estos días.

Todos los efectivos al alcance del Estado han sido desplegados para combatir los incendios.

Gracias a la solidaridad de las CC.AA. y de los países que están con nuestro país. https://t.co/rwqejlqixO",7828,2124,1183,214600,301,0,2,1,0.0,neutral
1958610072457588962,8,August,Thu Aug 21 19:20:05 +0000 2025,"Estamos siendo testigos de la mejor Europa. La que nos protege frente a la adversidad.

Así se lo he trasladado a @vonderleyen con quien he hablado de la necesidad de seguir apostando por el Mecanismo Europeo de protección civil. Contaremos con su ayuda para recuperarnos también.",5850,1478,2511,421888,280,0,1,0,0.0,neutral
1957780143927169106,8,August,Tue Aug 19 12:22:14 +0000 2025,"Lealtad institucional, corresponsabilidad y solidaridad entre territorios frente a los incendios.

El Gobierno de España ha estado desde el primer momento y seguiremos estando para reconstruir los territorios afectados.

A la ciudadanía: no bajemos la guardia. https://t.co/NBRdPEnJaZ",6279,1769,2812,195366,284,0,0,1,0.0516,positive
1957777818806268097,8,August,Tue Aug 19 12:13:00 +0000 2025,"El próximo martes en el Gobierno aprobaremos las ayudas para las zonas golpeadas por los incendios.

Estaremos al lado de sus vecinos en la recuperación y reconstrucción. https://t.co/KFczp2B8pS",3624,974,2185,307857,194,0,0,1,0.0,neutral
1957495342041055632,8,August,Mon Aug 18 17:30:32 +0000 2025,"Hoy, en el Cabildo de Lanzarote, me he reunido con el presidente de Canarias, @FClavijoBatlle, junto al ministro @avtorresp.

Hemos abordado la agenda canaria y la gestión del reto migratorio, con el compromiso de seguir trabajando juntos. https://t.co/qqLtm9XbSN",2560,628,1271,130307,263,0,2,1,0.0,neutral
1957336691792117988,8,August,Mon Aug 18 07:00:07 +0000 2025,"Tristeza y desolación.

Todo mi cariño para la familia, amigos y compañeros del conductor fallecido en la extinción del incendio forestal en Espinoso de Compludo y mi deseo de recuperación para la persona que ha resultado herida.

No olvidaremos vuestra labor y entrega.",5597,957,1732,330994,270,0,0,0,0.0516,positive
1957066543419793601,8,August,Sun Aug 17 13:06:39 +0000 2025,"Proponemos un gran Pacto de Estado frente a la Emergencia Climática.

Lo que está sucediendo nos interpela a todas las Administraciones Públicas, a los Grupos Parlamentarios y al conjunto del país.

Debemos responder de la mano de la Ciencia a la aceleración del cambio climático. https://t.co/SbgzJqy78S",7090,1842,6192,2775243,304,0,0,1,0.0,neutral
1957060344938897862,8,August,Sun Aug 17 12:42:01 +0000 2025,"En nombre del Gobierno, nuestras condolencias a las familias de las personas que han perdido la vida, a los heridos y a todas la personas afectadas por los incendios que asolan nuestro país.

Gracias a todos los servidores públicos por su profesionalidad, entrega y dedicación. https://t.co/BcXqbOoGyN",5502,1384,1353,146493,301,0,0,1,0.0,neutral
1956386276359143737,8,August,Fri Aug 15 16:03:30 +0000 2025,"Todo mi ánimo y fuerza a los cuatro miembros heridos de la @UMEgob en el incendio de Yeres, en León, y a sus familias.

Les agradezco su esfuerzo y dedicación y espero que se recuperen pronto.",3507,903,1177,222664,192,0,1,0,0.0,neutral
1956343499445420362,8,August,Fri Aug 15 13:13:32 +0000 2025,"Recibimos con gran pesar la noticia del fallecimiento de Javier Lambán.

Su trayectoria y compromiso dejan una huella imborrable.

Mis condolencias a su familia y seres queridos.",5221,853,3189,942970,178,0,0,0,0.0,neutral
1956271112486076698,8,August,Fri Aug 15 08:25:53 +0000 2025,"Hoy volverá a ser un día muy duro, con riesgo extremo de nuevos incendios.

El Gobierno sigue volcado con todos los recursos para frenar el fuego.

Gracias, siempre, a los que lucháis en primera línea para protegernos.",4497,1114,2867,880113,218,0,0,0,0.0,neutral
1955982707420205172,8,August,Thu Aug 14 13:19:52 +0000 2025,"Siempre agradecidos a quienes lo dais todo por salvar vidas, hogares y naturaleza. 

Sigamos extremando la precaución.",3331,872,1495,276279,118,0,0,0,0.0,neutral
1961814283785834931,8,August,Sat Aug 30 15:32:28 +0000 2025,"Defender España es defender la vida.

Nuestro apoyo y reconocimiento a Open Arms y a quienes salvan vidas en el mar.",23987,4164,5829,1916807,116,0,0,0,0.2023,positive
1961739477547712680,8,August,Sat Aug 30 10:35:13 +0000 2025,"He hablado con el presidente Abbas para expresarle el firme apoyo de España tras la injusta revocación de los visados a los delegados palestinos en la próxima semana de alto nivel de la ONU.

Palestina tiene derecho a hacer oír su voz en Naciones Unidas y en todos los foros",14279,3465,2398,523585,274,0,0,0,0.0,neutral
1960988683370156462,8,August,Thu Aug 28 08:51:50 +0000 2025,"Cada agresión de Rusia en esta guerra injusta es un nuevo golpe contra la paz.

El ataque a una misión diplomática es una nueva violación flagrante del derecho internacional.

Toda mi solidaridad con el personal de la @EUDelegationUA en Kyiv, las víctimas y el pueblo ucraniano.",2431,700,1201,306387,278,0,1,0,0.0,neutral
1960084398285754797,8,August,Mon Aug 25 20:58:31 +0000 2025,"Nos deja José María Sánchez Silva, teniente coronel y referente de libertad y derechos.

Con coraje, abrió camino hacia una España más justa e igualitaria. Siempre recordaremos su ejemplo.

Un abrazo a sus seres queridos.",3688,688,752,190641,221,0,0,0,0.0,neutral
1959937484512448629,8,August,Mon Aug 25 11:14:44 +0000 2025,"Recibo impactado la noticia del fallecimiento de Verónica Echegui, una actriz con un talento y una humildad enormes que se marcha demasiado joven.

Mi abrazo sincero en estos momentos tan duros para toda la familia y amigos.
https://t.co/bZQ6d4SSHa",13122,1553,909,633140,248,0,0,1,0.0,neutral
1959582704254754850,8,August,Sun Aug 24 11:44:58 +0000 2025,"Felicidades al pueblo ucraniano y a su presidente, @ZelenskyyUa, que hoy celebran su Día de la Independencia. 

España seguirá estando al lado de Ucrania, el tiempo que sea necesario, en defensa de su libertad y soberanía.

Unidos por una paz justa y duradera.",3535,724,1022,427319,260,0,1,0,0.0,neutral
1958864104300351588,8,August,Fri Aug 22 12:09:31 +0000 2025,"Unidos contra la Emergencia Climática. 

La próxima Conferencia de Presidentes debe servir para unir a todas las instituciones, autonomías y diputaciones, para hacer frente a una situación que nos interpela a todos. 

Desde este mismo martes, convocaremos la Comisión https://t.co/98scohkTCS",3606,997,2483,193763,291,0,0,1,0.0,neutral
1958862020129787914,8,August,Fri Aug 22 12:01:14 +0000 2025,"Quiero felicitar a @VirBarcones y a @proteccioncivil por su labor al pie del cañón todos estos días.

Todos los efectivos al alcance del Estado han sido desplegados para combatir los incendios.

Gracias a la solidaridad de las CC.AA. y de los países que están con nuestro país. https://t.co/rwqejlqixO",7828,2124,1183,214600,301,0,2,1,0.0,neutral
1958610072457588962,8,August,Thu Aug 21 19:20:05 +0000 2025,"Estamos siendo testigos de la mejor Europa. La que nos protege frente a la adversidad.

Así se lo he trasladado a @vonderleyen con quien he hablado de la necesidad de seguir apostando por el Mecanismo Europeo de protección civil. Contaremos con su ayuda para recuperarnos también.",5850,1478,2511,421889,280,0,1,0,0.0,neutral
1957780143927169106,8,August,Tue Aug 19 12:22:14 +0000 2025,"Lealtad institucional, corresponsabilidad y solidaridad entre territorios frente a los incendios.

El Gobierno de España ha estado desde el primer momento y seguiremos estando para reconstruir los territorios afectados.

A la ciudadanía: no bajemos la guardia. https://t.co/NBRdPEnJaZ",6279,1769,2812,195367,284,0,0,1,0.0516,positive
1957777818806268097,8,August,Tue Aug 19 12:13:00 +0000 2025,"El próximo martes en el Gobierno aprobaremos las ayudas para las zonas golpeadas por los incendios.

Estaremos al lado de sus vecinos en la recuperación y reconstrucción. https://t.co/KFczp2B8pS",3624,974,2185,307858,194,0,0,1,0.0,neutral
1957495342041055632,8,August,Mon Aug 18 17:30:32 +0000 2025,"Hoy, en el Cabildo de Lanzarote, me he reunido con el presidente de Canarias, @FClavijoBatlle, junto al ministro @avtorresp.

Hemos abordado la agenda canaria y la gestión del reto migratorio, con el compromiso de seguir trabajando juntos. https://t.co/qqLtm9XbSN",2560,628,1271,130308,263,0,2,1,0.0,neutral
1957336691792117988,8,August,Mon Aug 18 07:00:07 +0000 2025,"Tristeza y desolación.

Todo mi cariño para la familia, amigos y compañeros del conductor fallecido en la extinción del incendio forestal en Espinoso de Compludo y mi deseo de recuperación para la persona que ha resultado herida.

No olvidaremos vuestra labor y entrega.",5598,957,1732,330995,270,0,0,0,0.0516,positive
1957066543419793601,8,August,Sun Aug 17 13:06:39 +0000 2025,"Proponemos un gran Pacto de Estado frente a la Emergencia Climática.

Lo que está sucediendo nos interpela a todas las Administraciones Públicas, a los Grupos Parlamentarios y al conjunto del país.

Debemos responder de la mano de la Ciencia a la aceleración del cambio climático. https://t.co/SbgzJqy78S",7090,1843,6192,2775243,304,0,0,1,0.0,neutral
1957060344938897862,8,August,Sun Aug 17 12:42:01 +0000 2025,"En nombre del Gobierno, nuestras condolencias a las familias de las personas que han perdido la vida, a los heridos y a todas la personas afectadas por los incendios que asolan nuestro país.

Gracias a todos los servidores públicos por su profesionalidad, entrega y dedicación. https://t.co/BcXqbOoGyN",5502,1384,1353,146493,301,0,0,1,0.0,neutral
1956386276359143737,8,August,Fri Aug 15 16:03:30 +0000 2025,"Todo mi ánimo y fuerza a los cuatro miembros heridos de la @UMEgob en el incendio de Yeres, en León, y a sus familias.

Les agradezco su esfuerzo y dedicación y espero que se recuperen pronto.",3507,903,1177,222664,192,0,1,0,0.0,neutral
1956343499445420362,8,August,Fri Aug 15 13:13:32 +0000 2025,"Recibimos con gran pesar la noticia del fallecimiento de Javier Lambán.

Su trayectoria y compromiso dejan una huella imborrable.

Mis condolencias a su familia y seres queridos.",5221,853,3189,942970,178,0,0,0,0.0,neutral
1956271112486076698,8,August,Fri Aug 15 08:25:53 +0000 2025,"Hoy volverá a ser un día muy duro, con riesgo extremo de nuevos incendios.

El Gobierno sigue volcado con todos los recursos para frenar el fuego.

Gracias, siempre, a los que lucháis en primera línea para protegernos.",4497,1114,2867,880113,218,0,0,0,0.0,neutral
1955982707420205172,8,August,Thu Aug 14 13:19:52 +0000 2025,"Siempre agradecidos a quienes lo dais todo por salvar vidas, hogares y naturaleza. 

Sigamos extremando la precaución.",3330,872,1495,276280,118,0,0,0,0.0,neutral
1961814283785834931,8,August,Sat Aug 30 15:32:28 +0000 2025,"Defender España es defender la vida.

Nuestro apoyo y reconocimiento a Open Arms y a quienes salvan vidas en el mar.",23987,4164,5829,1916807,116,0,0,0,0.2023,positive
1961739477547712680,8,August,Sat Aug 30 10:35:13 +0000 2025,"He hablado con el presidente Abbas para expresarle el firme apoyo de España tras la injusta revocación de los visados a los delegados palestinos en la próxima semana de alto nivel de la ONU.

Palestina tiene derecho a hacer oír su voz en Naciones Unidas y en todos los foros",14279,3465,2398,523585,274,0,0,0,0.0,neutral
1960988683370156462,8,August,Thu Aug 28 08:51:50 +0000 2025,"Cada agresión de Rusia en esta guerra injusta es un nuevo golpe contra la paz.

El ataque a una misión diplomática es una nueva violación flagrante del derecho internacional.

Toda mi solidaridad con el personal de la @EUDelegationUA en Kyiv, las víctimas y el pueblo ucraniano.",2431,700,1201,306387,278,0,1,0,0.0,neutral
1960084398285754797,8,August,Mon Aug 25 20:58:31 +0000 2025,"Nos deja José María Sánchez Silva, teniente coronel y referente de libertad y derechos.

Con coraje, abrió camino hacia una España más justa e igualitaria. Siempre recordaremos su ejemplo.

Un abrazo a sus seres queridos.",3688,688,752,190641,221,0,0,0,0.0,neutral
1959937484512448629,8,August,Mon Aug 25 11:14:44 +0000 2025,"Recibo impactado la noticia del fallecimiento de Verónica Echegui, una actriz con un talento y una humildad enormes que se marcha demasiado joven.

Mi abrazo sincero en estos momentos tan duros para toda la familia y amigos.
https://t.co/bZQ6d4SSHa",13122,1553,909,633140,248,0,0,1,0.0,neutral
1959582704254754850,8,August,Sun Aug 24 11:44:58 +0000 2025,"Felicidades al pueblo ucraniano y a su presidente, @ZelenskyyUa, que hoy celebran su Día de la Independencia. 

España seguirá estando al lado de Ucrania, el tiempo que sea necesario, en defensa de su libertad y soberanía.

Unidos por una paz justa y duradera.",3535,724,1022,427319,260,0,1,0,0.0,neutral
1958864104300351588,8,August,Fri Aug 22 12:09:31 +0000 2025,"Unidos contra la Emergencia Climática. 

La próxima Conferencia de Presidentes debe servir para unir a todas las instituciones, autonomías y diputaciones, para hacer frente a una situación que nos interpela a todos. 

Desde este mismo martes, convocaremos la Comisión https://t.co/98scohkTCS",3606,997,2483,193763,291,0,0,1,0.0,neutral
1958862020129787914,8,August,Fri Aug 22 12:01:14 +0000 2025,"Quiero felicitar a @VirBarcones y a @proteccioncivil por su labor al pie del cañón todos estos días.

Todos los efectivos al alcance del Estado han sido desplegados para combatir los incendios.

Gracias a la solidaridad de las CC.AA. y de los países que están con nuestro país. https://t.co/rwqejlqixO",7828,2124,1183,214600,301,0,2,1,0.0,neutral
1958610072457588962,8,August,Thu Aug 21 19:20:05 +0000 2025,"Estamos siendo testigos de la mejor Europa. La que nos protege frente a la adversidad.

Así se lo he trasladado a @vonderleyen con quien he hablado de la necesidad de seguir apostando por el Mecanismo Europeo de protección civil. Contaremos con su ayuda para recuperarnos también.",5850,1478,2511,421889,280,0,1,0,0.0,neutral
1957780143927169106,8,August,Tue Aug 19 12:22:14 +0000 2025,"Lealtad institucional, corresponsabilidad y solidaridad entre territorios frente a los incendios.

El Gobierno de España ha estado desde el primer momento y seguiremos estando para reconstruir los territorios afectados.

A la ciudadanía: no bajemos la guardia. https://t.co/NBRdPEnJaZ",6279,1769,2812,195367,284,0,0,1,0.0516,positive
1957777818806268097,8,August,Tue Aug 19 12:13:00 +0000 2025,"El próximo martes en el Gobierno aprobaremos las ayudas para las zonas golpeadas por los incendios.

Estaremos al lado de sus vecinos en la recuperación y reconstrucción. https://t.co/KFczp2B8pS",3624,974,2185,307858,194,0,0,1,0.0,neutral
1957495342041055632,8,August,Mon Aug 18 17:30:32 +0000 2025,"Hoy, en el Cabildo de Lanzarote, me he reunido con el presidente de Canarias, @FClavijoBatlle, junto al ministro @avtorresp.

Hemos abordado la agenda canaria y la gestión del reto migratorio, con el compromiso de seguir trabajando juntos. https://t.co/qqLtm9XbSN",2560,628,1271,130308,263,0,2,1,0.0,neutral
1957336691792117988,8,August,Mon Aug 18 07:00:07 +0000 2025,"Tristeza y desolación.

Todo mi cariño para la familia, amigos y compañeros del conductor fallecido en la extinción del incendio forestal en Espinoso de Compludo y mi deseo de recuperación para la persona que ha resultado herida.

No olvidaremos vuestra labor y entrega.",5598,957,1732,330995,270,0,0,0,0.0516,positive
1957066543419793601,8,August,Sun Aug 17 13:06:39 +0000 2025,"Proponemos un gran Pacto de Estado frente a la Emergencia Climática.

Lo que está sucediendo nos interpela a todas las Administraciones Públicas, a los Grupos Parlamentarios y al conjunto del país.

Debemos responder de la mano de la Ciencia a la aceleración del cambio climático. https://t.co/SbgzJqy78S",7090,1843,6192,2775243,304,0,0,1,0.0,neutral
1957060344938897862,8,August,Sun Aug 17 12:42:01 +0000 2025,"En nombre del Gobierno, nuestras condolencias a las familias de las personas que han perdido la vida, a los heridos y a todas la personas afectadas por los incendios que asolan nuestro país.

Gracias a todos los servidores públicos por su profesionalidad, entrega y dedicación. https://t.co/BcXqbOoGyN",5502,1384,1353,146493,301,0,0,1,0.0,neutral
1956386276359143737,8,August,Fri Aug 15 16:03:30 +0000 2025,"Todo mi ánimo y fuerza a los cuatro miembros heridos de la @UMEgob en el incendio de Yeres, en León, y a sus familias.

Les agradezco su esfuerzo y dedicación y espero que se recuperen pronto.",3507,903,1177,222664,192,0,1,0,0.0,neutral
1956343499445420362,8,August,Fri Aug 15 13:13:32 +0000 2025,"Recibimos con gran pesar la noticia del fallecimiento de Javier Lambán.

Su trayectoria y compromiso dejan una huella imborrable.

Mis condolencias a su familia y seres queridos.",5221,853,3189,942970,178,0,0,0,0.0,neutral
1956271112486076698,8,August,Fri Aug 15 08:25:53 +0000 2025,"Hoy volverá a ser un día muy duro, con riesgo extremo de nuevos incendios.

El Gobierno sigue volcado con todos los recursos para frenar el fuego.

Gracias, siempre, a los que lucháis en primera línea para protegernos.",4497,1114,2867,880113,218,0,0,0,0.0,neutral
1955982707420205172,8,August,Thu Aug 14 13:19:52 +0000 2025,"Siempre agradecidos a quienes lo dais todo por salvar vidas, hogares y naturaleza. 

Sigamos extremando la precaución.",3330,872,1495,276280,118,0,0,0,0.0,neutral
1972789740073017360,9,September,Mon Sep 29 22:25:01 +0000 2025,"España da la bienvenida a la propuesta de paz para Gaza impulsada por EEUU.

Hay que poner punto final a tanto sufrimiento.

Es la hora de que cese la violencia, se produzca la inmediata liberación de todos los rehenes y se dé acceso a la ayuda humanitaria para la población",5092,1003,3526,2442420,274,0,0,0,0.0,neutral
1972756311424348412,9,September,Mon Sep 29 20:12:11 +0000 2025,"Defender la libertad de expresión es defender la esencia misma de la democracia.

Alcemos la voz contra cualquier intento de anularla. Porque, si eso ocurre, si perdemos nuestra libertad de discrepar sin miedo a las represalias, estaremos sembrando la semilla de la tiranía. https://t.co/sRns6s7eLa",4733,1288,1725,131873,298,0,0,1,-0.4215,negative
1972717825966907641,9,September,Mon Sep 29 17:39:15 +0000 2025,"La Barcelona New Economy Week es un escaparate de talento emprendedor e innovador.

Hoy en @DFactoryBCN he podido conocer proyectos que marcan el camino de la industria 4.0.

Salud, movilidad, sostenibilidad, digitalización... Innovación en estado puro.

El futuro ya está aquí. https://t.co/Bm2ZbV1n8f",1326,424,304,41285,302,0,1,1,0.0,neutral
1972709886015201552,9,September,Mon Sep 29 17:07:42 +0000 2025,"El esfuerzo diario en los Centros de Alto Rendimiento convierte el talento en élite.

Hoy ha sido un auténtico placer visitar el @CARSantCugat y charlar con quienes con su dedicación y constancia llevan al deporte español a las cimas más altas.

Sois un orgullo para España. https://t.co/LuqkllieI8",1762,404,142,34811,298,0,1,1,0.34,positive
1972628170949149126,9,September,Mon Sep 29 11:43:00 +0000 2025,"El resultado de las elecciones legislativas en Moldavia es una prueba de la vocación europea de su sociedad.

A pesar de las múltiples injerencias, el pueblo moldavo ha votado con madurez democrática y comprometido con la libertad.

El futuro próspero de Moldavia es dentro de",2501,553,728,177153,276,0,0,0,0.34,positive
1972625249268125821,9,September,Mon Sep 29 11:31:23 +0000 2025,"Barcelona da hoy la bienvenida a Mondiacult 2025.

La cultura no es un lujo, sino una necesidad tan vital como el aire limpio o la igualdad.

Es diálogo, compromiso y frente a quienes la reducen a simple entretenimiento, es también libertad, dignidad y paz. https://t.co/ZuRKal8aGu",2632,773,620,53643,281,0,0,1,0.0,neutral
1972262090690945489,9,September,Sun Sep 28 11:28:19 +0000 2025,"Mucha precaución ante las fuertes lluvias previstas por @AEMET_Esp.

Sigamos en todo momento las indicaciones de Protección Civil y los servicios de emergencia.",6847,1466,1504,557716,160,0,1,0,0.0,neutral
1972202352691368221,9,September,Sun Sep 28 07:30:57 +0000 2025,"¡Campeonísimo!

Ejemplo de esfuerzo, superación y lucha por ser el mejor, Marc Márquez logra su noveno título mundial.

Enhorabuena, @marcmarquez93.",4259,509,450,271145,148,0,1,0,0.0,neutral
1971593668344918043,9,September,Fri Sep 26 15:12:15 +0000 2025,"Frente a los desafíos de nuestro tiempo, España y Canadá reafirman su voz común en defensa de la democracia y del multilateralismo.

En mi encuentro con @MarkJCarney nos hemos comprometido a impulsar las relaciones económicas bilaterales, con la UE y con otros socios comerciales. https://t.co/HhJOX14U6g",3118,806,817,73113,304,0,1,1,0.0,neutral
1971582503652872381,9,September,Fri Sep 26 14:27:53 +0000 2025,"Querido @AlboMP. Ha sido un placer verte en Londres.

Nuestros gobiernos comparten prioridades como la transición verde, la vivienda y los servicios públicos fuertes.

Australia es un socio clave de España, con la misma visión del orden mundial basado en reglas. https://t.co/do7E6C2FXF",3492,921,525,89761,286,0,1,1,0.34,positive
1971578461744418843,9,September,Fri Sep 26 14:11:50 +0000 2025,"Un placer conversar con @jacindaardern en la Global Progress Action Summit sobre el futuro del multilateralismo.

Los gobiernos progresistas vamos a liderar su transformación. Y lo haremos con coherencia. 

Defendemos con la misma convicción la causa de Palestina y la de Ucrania. https://t.co/fNm9S0aK7C",3858,971,741,164954,304,0,1,1,0.4215,positive
1971301316593959357,9,September,Thu Sep 25 19:50:33 +0000 2025,"El auge de la Inteligencia Artificial es imparable, pero no puede ser ingobernable. 

Gobernémosla juntos, con @UN en el centro.

Ahí es donde encontrarán a España para afrontar este reto global. https://t.co/KNogZ3Y63c",3810,913,1238,150172,219,0,1,1,-0.296,negative
1971273993614237814,9,September,Thu Sep 25 18:01:59 +0000 2025,"Nos reunimos con el presidente de @FIFAcom, Gianni Infantino, para seguir dando forma al Mundial 2030.

España, Portugal y Marruecos caminamos juntos hacia un evento que será un canto a la unión, a la diversidad y al poder del deporte para tender puentes. https://t.co/uhRTjOcTDK",4466,860,782,156174,279,0,1,1,0.0,neutral
1970999269172625715,9,September,Wed Sep 24 23:50:19 +0000 2025,"Hoy recordamos con cariño al gran Pepe Mujica, un hombre ejemplar y político admirable.

Su vida nos demostró que los principios firmes y el compromiso social son fundamentales. 

Mantengamos vivo su legado de la mejor manera posible:
recordando que la política es cuidar la vida, https://t.co/6nOBBmfZB2",8198,1991,1099,119447,304,0,0,1,0.5574,positive
1970954215099858981,9,September,Wed Sep 24 20:51:18 +0000 2025,"España se adherirá a la Iniciativa Global para la Integridad de la Información sobre Cambio Climático.

Se trata de salvar vidas. https://t.co/M4czehVng0",3398,832,902,70671,153,0,0,1,0.0,neutral
1970938311356117383,9,September,Wed Sep 24 19:48:06 +0000 2025,"España es ejemplo de que crecer y repartir no están enfrentados. Se puede defender el legítimo interés nacional y fortalecer los lazos comerciales.

Nuestro país avanza y queremos contribuir a que Europa y el mundo también avance.

Hagámoslo juntos. https://t.co/b25sQ2XhMp",3191,802,681,70661,273,0,0,1,-0.2023,negative
1970936567234433173,9,September,Wed Sep 24 19:41:10 +0000 2025,"Querido @ZelenskyyUa, ha sido un placer volver a verte en Naciones Unidas.

Tienes mi compromiso. España continuará apoyando a Ucrania mientras sea necesario: tiene que prevalecer el derecho internacional. https://t.co/7orpGcO4YW",4567,882,697,136124,229,0,1,1,0.34,positive
1970920065533898892,9,September,Wed Sep 24 18:35:36 +0000 2025,"El Gobierno de España exige que se cumpla la ley internacional y que se respete el derecho de sus ciudadanos a navegar por el Mediterráneo en condiciones de seguridad. 

Mañana mismo zarpará desde Cartagena un buque de acción marítima equipado con todos los medios por si fuese https://t.co/FRR6FNMRBV",29540,8377,3807,3206861,301,0,0,1,0.0,neutral
1970892624690282591,9,September,Wed Sep 24 16:46:33 +0000 2025,"Hoy, junto a @LulaOficial, @GabrielBoric, @petrogustavo y @OrsiYamandu, defendemos más democracia frente a las mentiras y el retroceso.

Nuestro compromiso es firme. Por ello, España acogerá en 2026 una nueva edición de esta iniciativa en Defensa de la Democracia. https://t.co/WL17Os0GQz",13633,3285,1358,307918,288,0,4,1,0.0,neutral
1972789740073017360,9,September,Mon Sep 29 22:25:01 +0000 2025,"España da la bienvenida a la propuesta de paz para Gaza impulsada por EEUU.

Hay que poner punto final a tanto sufrimiento.

Es la hora de que cese la violencia, se produzca la inmediata liberación de todos los rehenes y se dé acceso a la ayuda humanitaria para la población",5091,1003,3526,2442420,274,0,0,0,0.0,neutral
1972756311424348412,9,September,Mon Sep 29 20:12:11 +0000 2025,"Defender la libertad de expresión es defender la esencia misma de la democracia.

Alcemos la voz contra cualquier intento de anularla. Porque, si eso ocurre, si perdemos nuestra libertad de discrepar sin miedo a las represalias, estaremos sembrando la semilla de la tiranía. https://t.co/sRns6s7eLa",4733,1287,1725,131872,298,0,0,1,-0.4215,negative
1972717825966907641,9,September,Mon Sep 29 17:39:15 +0000 2025,"La Barcelona New Economy Week es un escaparate de talento emprendedor e innovador.

Hoy en @DFactoryBCN he podido conocer proyectos que marcan el camino de la industria 4.0.

Salud, movilidad, sostenibilidad, digitalización... Innovación en estado puro.

El futuro ya está aquí. https://t.co/Bm2ZbV1n8f",1326,424,304,41285,302,0,1,1,0.0,neutral
1972709886015201552,9,September,Mon Sep 29 17:07:42 +0000 2025,"El esfuerzo diario en los Centros de Alto Rendimiento convierte el talento en élite.

Hoy ha sido un auténtico placer visitar el @CARSantCugat y charlar con quienes con su dedicación y constancia llevan al deporte español a las cimas más altas.

Sois un orgullo para España. https://t.co/LuqkllieI8",1762,404,142,34811,298,0,1,1,0.34,positive
1972628170949149126,9,September,Mon Sep 29 11:43:00 +0000 2025,"El resultado de las elecciones legislativas en Moldavia es una prueba de la vocación europea de su sociedad.

A pesar de las múltiples injerencias, el pueblo moldavo ha votado con madurez democrática y comprometido con la libertad.

El futuro próspero de Moldavia es dentro de",2500,553,728,177152,276,0,0,0,0.34,positive
1972625249268125821,9,September,Mon Sep 29 11:31:23 +0000 2025,"Barcelona da hoy la bienvenida a Mondiacult 2025.

La cultura no es un lujo, sino una necesidad tan vital como el aire limpio o la igualdad.

Es diálogo, compromiso y frente a quienes la reducen a simple entretenimiento, es también libertad, dignidad y paz. https://t.co/ZuRKal8aGu",2632,774,620,53642,281,0,0,1,0.0,neutral
1972262090690945489,9,September,Sun Sep 28 11:28:19 +0000 2025,"Mucha precaución ante las fuertes lluvias previstas por @AEMET_Esp.

Sigamos en todo momento las indicaciones de Protección Civil y los servicios de emergencia.",6846,1466,1504,557715,160,0,1,0,0.0,neutral
1972202352691368221,9,September,Sun Sep 28 07:30:57 +0000 2025,"¡Campeonísimo!

Ejemplo de esfuerzo, superación y lucha por ser el mejor, Marc Márquez logra su noveno título mundial.

Enhorabuena, @marcmarquez93.",4259,509,450,271145,148,0,1,0,0.0,neutral
1971593668344918043,9,September,Fri Sep 26 15:12:15 +0000 2025,"Frente a los desafíos de nuestro tiempo, España y Canadá reafirman su voz común en defensa de la democracia y del multilateralismo.

En mi encuentro con @MarkJCarney nos hemos comprometido a impulsar las relaciones económicas bilaterales, con la UE y con otros socios comerciales. https://t.co/HhJOX14U6g",3118,804,817,73115,304,0,1,1,0.0,neutral
1971582503652872381,9,September,Fri Sep 26 14:27:53 +0000 2025,"Querido @AlboMP. Ha sido un placer verte en Londres.

Nuestros gobiernos comparten prioridades como la transición verde, la vivienda y los servicios públicos fuertes.

Australia es un socio clave de España, con la misma visión del orden mundial basado en reglas. https://t.co/do7E6C2FXF",3492,921,525,89761,286,0,1,1,0.34,positive
1971578461744418843,9,September,Fri Sep 26 14:11:50 +0000 2025,"Un placer conversar con @jacindaardern en la Global Progress Action Summit sobre el futuro del multilateralismo.

Los gobiernos progresistas vamos a liderar su transformación. Y lo haremos con coherencia. 

Defendemos con la misma convicción la causa de Palestina y la de Ucrania. https://t.co/fNm9S0aK7C",3858,971,741,164954,304,0,1,1,0.4215,positive
1971301316593959357,9,September,Thu Sep 25 19:50:33 +0000 2025,"El auge de la Inteligencia Artificial es imparable, pero no puede ser ingobernable. 

Gobernémosla juntos, con @UN en el centro.

Ahí es donde encontrarán a España para afrontar este reto global. https://t.co/KNogZ3Y63c",3810,913,1238,150172,219,0,1,1,-0.296,negative
1971273993614237814,9,September,Thu Sep 25 18:01:59 +0000 2025,"Nos reunimos con el presidente de @FIFAcom, Gianni Infantino, para seguir dando forma al Mundial 2030.

España, Portugal y Marruecos caminamos juntos hacia un evento que será un canto a la unión, a la diversidad y al poder del deporte para tender puentes. https://t.co/uhRTjOcTDK",4466,860,782,156174,279,0,1,1,0.0,neutral
1970999269172625715,9,September,Wed Sep 24 23:50:19 +0000 2025,"Hoy recordamos con cariño al gran Pepe Mujica, un hombre ejemplar y político admirable.

Su vida nos demostró que los principios firmes y el compromiso social son fundamentales. 

Mantengamos vivo su legado de la mejor manera posible:
recordando que la política es cuidar la vida, https://t.co/6nOBBmfZB2",8198,1990,1099,119447,304,0,0,1,0.5574,positive
1970954215099858981,9,September,Wed Sep 24 20:51:18 +0000 2025,"España se adherirá a la Iniciativa Global para la Integridad de la Información sobre Cambio Climático.

Se trata de salvar vidas. https://t.co/M4czehVng0",3398,831,902,70670,153,0,0,1,0.0,neutral
1970938311356117383,9,September,Wed Sep 24 19:48:06 +0000 2025,"España es ejemplo de que crecer y repartir no están enfrentados. Se puede defender el legítimo interés nacional y fortalecer los lazos comerciales.

Nuestro país avanza y queremos contribuir a que Europa y el mundo también avance.

Hagámoslo juntos. https://t.co/b25sQ2XhMp",3191,802,681,70660,273,0,0,1,-0.2023,negative
1970936567234433173,9,September,Wed Sep 24 19:41:10 +0000 2025,"Querido @ZelenskyyUa, ha sido un placer volver a verte en Naciones Unidas.

Tienes mi compromiso. España continuará apoyando a Ucrania mientras sea necesario: tiene que prevalecer el derecho internacional. https://t.co/7orpGcO4YW",4567,882,697,136123,229,0,1,1,0.34,positive
1970920065533898892,9,September,Wed Sep 24 18:35:36 +0000 2025,"El Gobierno de España exige que se cumpla la ley internacional y que se respete el derecho de sus ciudadanos a navegar por el Mediterráneo en condiciones de seguridad. 

Mañana mismo zarpará desde Cartagena un buque de acción marítima equipado con todos los medios por si fuese https://t.co/FRR6FNMRBV",29542,8376,3807,3206861,301,0,0,1,0.0,neutral
1970892624690282591,9,September,Wed Sep 24 16:46:33 +0000 2025,"Hoy, junto a @LulaOficial, @GabrielBoric, @petrogustavo y @OrsiYamandu, defendemos más democracia frente a las mentiras y el retroceso.

Nuestro compromiso es firme. Por ello, España acogerá en 2026 una nueva edición de esta iniciativa en Defensa de la Democracia. https://t.co/WL17Os0GQz",13632,3283,1358,307919,288,0,4,1,0.0,neutral
1972789740073017360,9,September,Mon Sep 29 22:25:01 +0000 2025,"España da la bienvenida a la propuesta de paz para Gaza impulsada por EEUU.

Hay que poner punto final a tanto sufrimiento.

Es la hora de que cese la violencia, se produzca la inmediata liberación de todos los rehenes y se dé acceso a la ayuda humanitaria para la población",5092,1003,3526,2442420,274,0,0,0,0.0,neutral
1972756311424348412,9,September,Mon Sep 29 20:12:11 +0000 2025,"Defender la libertad de expresión es defender la esencia misma de la democracia.

Alcemos la voz contra cualquier intento de anularla. Porque, si eso ocurre, si perdemos nuestra libertad de discrepar sin miedo a las represalias, estaremos sembrando la semilla de la tiranía. https://t.co/sRns6s7eLa",4733,1289,1725,131873,298,0,0,1,-0.4215,negative
1972717825966907641,9,September,Mon Sep 29 17:39:15 +0000 2025,"La Barcelona New Economy Week es un escaparate de talento emprendedor e innovador.

Hoy en @DFactoryBCN he podido conocer proyectos que marcan el camino de la industria 4.0.

Salud, movilidad, sostenibilidad, digitalización... Innovación en estado puro.

El futuro ya está aquí. https://t.co/Bm2ZbV1n8f",1326,425,304,41285,302,0,1,1,0.0,neutral
1972709886015201552,9,September,Mon Sep 29 17:07:42 +0000 2025,"El esfuerzo diario en los Centros de Alto Rendimiento convierte el talento en élite.

Hoy ha sido un auténtico placer visitar el @CARSantCugat y charlar con quienes con su dedicación y constancia llevan al deporte español a las cimas más altas.

Sois un orgullo para España. https://t.co/LuqkllieI8",1762,405,142,34811,298,0,1,1,0.34,positive
1972628170949149126,9,September,Mon Sep 29 11:43:00 +0000 2025,"El resultado de las elecciones legislativas en Moldavia es una prueba de la vocación europea de su sociedad.

A pesar de las múltiples injerencias, el pueblo moldavo ha votado con madurez democrática y comprometido con la libertad.

El futuro próspero de Moldavia es dentro de",2501,553,728,177153,276,0,0,0,0.34,positive
1972625249268125821,9,September,Mon Sep 29 11:31:23 +0000 2025,"Barcelona da hoy la bienvenida a Mondiacult 2025.

La cultura no es un lujo, sino una necesidad tan vital como el aire limpio o la igualdad.

Es diálogo, compromiso y frente a quienes la reducen a simple entretenimiento, es también libertad, dignidad y paz. https://t.co/ZuRKal8aGu",2632,774,620,53643,281,0,0,1,0.0,neutral
1972262090690945489,9,September,Sun Sep 28 11:28:19 +0000 2025,"Mucha precaución ante las fuertes lluvias previstas por @AEMET_Esp.

Sigamos en todo momento las indicaciones de Protección Civil y los servicios de emergencia.",6847,1466,1504,557716,160,0,1,0,0.0,neutral
1972202352691368221,9,September,Sun Sep 28 07:30:57 +0000 2025,"¡Campeonísimo!

Ejemplo de esfuerzo, superación y lucha por ser el mejor, Marc Márquez logra su noveno título mundial.

Enhorabuena, @marcmarquez93.",4259,509,450,271145,148,0,1,0,0.0,neutral
1971593668344918043,9,September,Fri Sep 26 15:12:15 +0000 2025,"Frente a los desafíos de nuestro tiempo, España y Canadá reafirman su voz común en defensa de la democracia y del multilateralismo.

En mi encuentro con @MarkJCarney nos hemos comprometido a impulsar las relaciones económicas bilaterales, con la UE y con otros socios comerciales. https://t.co/HhJOX14U6g",3119,808,817,73113,304,0,1,1,0.0,neutral
1971582503652872381,9,September,Fri Sep 26 14:27:53 +0000 2025,"Querido @AlboMP. Ha sido un placer verte en Londres.

Nuestros gobiernos comparten prioridades como la transición verde, la vivienda y los servicios públicos fuertes.

Australia es un socio clave de España, con la misma visión del orden mundial basado en reglas. https://t.co/do7E6C2FXF",3493,922,525,89761,286,0,1,1,0.34,positive
1971578461744418843,9,September,Fri Sep 26 14:11:50 +0000 2025,"Un placer conversar con @jacindaardern en la Global Progress Action Summit sobre el futuro del multilateralismo.

Los gobiernos progresistas vamos a liderar su transformación. Y lo haremos con coherencia. 

Defendemos con la misma convicción la causa de Palestina y la de Ucrania. https://t.co/fNm9S0aK7C",3858,972,741,164954,304,0,1,1,0.4215,positive
1971301316593959357,9,September,Thu Sep 25 19:50:33 +0000 2025,"El auge de la Inteligencia Artificial es imparable, pero no puede ser ingobernable. 

Gobernémosla juntos, con @UN en el centro.

Ahí es donde encontrarán a España para afrontar este reto global. https://t.co/KNogZ3Y63c",3810,913,1238,150172,219,0,1,1,-0.296,negative
1971273993614237814,9,September,Thu Sep 25 18:01:59 +0000 2025,"Nos reunimos con el presidente de @FIFAcom, Gianni Infantino, para seguir dando forma al Mundial 2030.

España, Portugal y Marruecos caminamos juntos hacia un evento que será un canto a la unión, a la diversidad y al poder del deporte para tender puentes. https://t.co/uhRTjOcTDK",4467,861,782,156174,279,0,1,1,0.0,neutral
1970999269172625715,9,September,Wed Sep 24 23:50:19 +0000 2025,"Hoy recordamos con cariño al gran Pepe Mujica, un hombre ejemplar y político admirable.

Su vida nos demostró que los principios firmes y el compromiso social son fundamentales. 

Mantengamos vivo su legado de la mejor manera posible:
recordando que la política es cuidar la vida, https://t.co/6nOBBmfZB2",8198,1992,1099,119447,304,0,0,1,0.5574,positive
1970954215099858981,9,September,Wed Sep 24 20:51:18 +0000 2025,"España se adherirá a la Iniciativa Global para la Integridad de la Información sobre Cambio Climático.

Se trata de salvar vidas. https://t.co/M4czehVng0",3399,834,902,70671,153,0,0,1,0.0,neutral
1970938311356117383,9,September,Wed Sep 24 19:48:06 +0000 2025,"España es ejemplo de que crecer y repartir no están enfrentados. Se puede defender el legítimo interés nacional y fortalecer los lazos comerciales.

Nuestro país avanza y queremos contribuir a que Europa y el mundo también avance.

Hagámoslo juntos. https://t.co/b25sQ2XhMp",3192,803,681,70661,273,0,0,1,-0.2023,negative
1970936567234433173,9,September,Wed Sep 24 19:41:10 +0000 2025,"Querido @ZelenskyyUa, ha sido un placer volver a verte en Naciones Unidas.

Tienes mi compromiso. España continuará apoyando a Ucrania mientras sea necesario: tiene que prevalecer el derecho internacional. https://t.co/7orpGcO4YW",4567,882,697,136124,229,0,1,1,0.34,positive
1970920065533898892,9,September,Wed Sep 24 18:35:36 +0000 2025,"El Gobierno de España exige que se cumpla la ley internacional y que se respete el derecho de sus ciudadanos a navegar por el Mediterráneo en condiciones de seguridad. 

Mañana mismo zarpará desde Cartagena un buque de acción marítima equipado con todos los medios por si fuese https://t.co/FRR6FNMRBV",29542,8380,3807,3206866,301,0,0,1,0.0,neutral
1970892624690282591,9,September,Wed Sep 24 16:46:33 +0000 2025,"Hoy, junto a @LulaOficial, @GabrielBoric, @petrogustavo y @OrsiYamandu, defendemos más democracia frente a las mentiras y el retroceso.

Nuestro compromiso es firme. Por ello, España acogerá en 2026 una nueva edición de esta iniciativa en Defensa de la Democracia. https://t.co/WL17Os0GQz",13634,3287,1358,307918,288,0,4,1,0.0,neutral
1972789740073017360,9,September,Mon Sep 29 22:25:01 +0000 2025,"España da la bienvenida a la propuesta de paz para Gaza impulsada por EEUU.

Hay que poner punto final a tanto sufrimiento.

Es la hora de que cese la violencia, se produzca la inmediata liberación de todos los rehenes y se dé acceso a la ayuda humanitaria para la población",5091,1003,3526,2442420,274,0,0,0,0.0,neutral
1972756311424348412,9,September,Mon Sep 29 20:12:11 +0000 2025,"Defender la libertad de expresión es defender la esencia misma de la democracia.

Alcemos la voz contra cualquier intento de anularla. Porque, si eso ocurre, si perdemos nuestra libertad de discrepar sin miedo a las represalias, estaremos sembrando la semilla de la tiranía. https://t.co/sRns6s7eLa",4733,1288,1725,131872,298,0,0,1,-0.4215,negative
1972717825966907641,9,September,Mon Sep 29 17:39:15 +0000 2025,"La Barcelona New Economy Week es un escaparate de talento emprendedor e innovador.

Hoy en @DFactoryBCN he podido conocer proyectos que marcan el camino de la industria 4.0.

Salud, movilidad, sostenibilidad, digitalización... Innovación en estado puro.

El futuro ya está aquí. https://t.co/Bm2ZbV1n8f",1326,425,304,41285,302,0,1,1,0.0,neutral
1972709886015201552,9,September,Mon Sep 29 17:07:42 +0000 2025,"El esfuerzo diario en los Centros de Alto Rendimiento convierte el talento en élite.

Hoy ha sido un auténtico placer visitar el @CARSantCugat y charlar con quienes con su dedicación y constancia llevan al deporte español a las cimas más altas.

Sois un orgullo para España. https://t.co/LuqkllieI8",1762,405,142,34811,298,0,1,1,0.34,positive
1972628170949149126,9,September,Mon Sep 29 11:43:00 +0000 2025,"El resultado de las elecciones legislativas en Moldavia es una prueba de la vocación europea de su sociedad.

A pesar de las múltiples injerencias, el pueblo moldavo ha votado con madurez democrática y comprometido con la libertad.

El futuro próspero de Moldavia es dentro de",2500,553,728,177152,276,0,0,0,0.34,positive
1972625249268125821,9,September,Mon Sep 29 11:31:23 +0000 2025,"Barcelona da hoy la bienvenida a Mondiacult 2025.

La cultura no es un lujo, sino una necesidad tan vital como el aire limpio o la igualdad.

Es diálogo, compromiso y frente a quienes la reducen a simple entretenimiento, es también libertad, dignidad y paz. https://t.co/ZuRKal8aGu",2632,775,620,53642,281,0,0,1,0.0,neutral
1972262090690945489,9,September,Sun Sep 28 11:28:19 +0000 2025,"Mucha precaución ante las fuertes lluvias previstas por @AEMET_Esp.

Sigamos en todo momento las indicaciones de Protección Civil y los servicios de emergencia.",6846,1466,1504,557715,160,0,1,0,0.0,neutral
1972202352691368221,9,September,Sun Sep 28 07:30:57 +0000 2025,"¡Campeonísimo!

Ejemplo de esfuerzo, superación y lucha por ser el mejor, Marc Márquez logra su noveno título mundial.

Enhorabuena, @marcmarquez93.",4259,509,450,271145,148,0,1,0,0.0,neutral
1971593668344918043,9,September,Fri Sep 26 15:12:15 +0000 2025,"Frente a los desafíos de nuestro tiempo, España y Canadá reafirman su voz común en defensa de la democracia y del multilateralismo.

En mi encuentro con @MarkJCarney nos hemos comprometido a impulsar las relaciones económicas bilaterales, con la UE y con otros socios comerciales. https://t.co/HhJOX14U6g",3119,806,817,73115,304,0,1,1,0.0,neutral
1971582503652872381,9,September,Fri Sep 26 14:27:53 +0000 2025,"Querido @AlboMP. Ha sido un placer verte en Londres.

Nuestros gobiernos comparten prioridades como la transición verde, la vivienda y los servicios públicos fuertes.

Australia es un socio clave de España, con la misma visión del orden mundial basado en reglas. https://t.co/do7E6C2FXF",3493,922,525,89761,286,0,1,1,0.34,positive
1971578461744418843,9,September,Fri Sep 26 14:11:50 +0000 2025,"Un placer conversar con @jacindaardern en la Global Progress Action Summit sobre el futuro del multilateralismo.

Los gobiernos progresistas vamos a liderar su transformación. Y lo haremos con coherencia. 

Defendemos con la misma convicción la causa de Palestina y la de Ucrania. https://t.co/fNm9S0aK7C",3858,972,741,164954,304,0,1,1,0.4215,positive
1971301316593959357,9,September,Thu Sep 25 19:50:33 +0000 2025,"El auge de la Inteligencia Artificial es imparable, pero no puede ser ingobernable. 

Gobernémosla juntos, con @UN en el centro.

Ahí es donde encontrarán a España para afrontar este reto global. https://t.co/KNogZ3Y63c",3810,913,1238,150172,219,0,1,1,-0.296,negative
1971273993614237814,9,September,Thu Sep 25 18:01:59 +0000 2025,"Nos reunimos con el presidente de @FIFAcom, Gianni Infantino, para seguir dando forma al Mundial 2030.

España, Portugal y Marruecos caminamos juntos hacia un evento que será un canto a la unión, a la diversidad y al poder del deporte para tender puentes. https://t.co/uhRTjOcTDK",4467,861,782,156174,279,0,1,1,0.0,neutral
1970999269172625715,9,September,Wed Sep 24 23:50:19 +0000 2025,"Hoy recordamos con cariño al gran Pepe Mujica, un hombre ejemplar y político admirable.

Su vida nos demostró que los principios firmes y el compromiso social son fundamentales. 

Mantengamos vivo su legado de la mejor manera posible:
recordando que la política es cuidar la vida, https://t.co/6nOBBmfZB2",8198,1991,1099,119447,304,0,0,1,0.5574,positive
1970954215099858981,9,September,Wed Sep 24 20:51:18 +0000 2025,"España se adherirá a la Iniciativa Global para la Integridad de la Información sobre Cambio Climático.

Se trata de salvar vidas. https://t.co/M4czehVng0",3399,833,902,70670,153,0,0,1,0.0,neutral
1970938311356117383,9,September,Wed Sep 24 19:48:06 +0000 2025,"España es ejemplo de que crecer y repartir no están enfrentados. Se puede defender el legítimo interés nacional y fortalecer los lazos comerciales.

Nuestro país avanza y queremos contribuir a que Europa y el mundo también avance.

Hagámoslo juntos. https://t.co/b25sQ2XhMp",3192,803,681,70660,273,0,0,1,-0.2023,negative
1970936567234433173,9,September,Wed Sep 24 19:41:10 +0000 2025,"Querido @ZelenskyyUa, ha sido un placer volver a verte en Naciones Unidas.

Tienes mi compromiso. España continuará apoyando a Ucrania mientras sea necesario: tiene que prevalecer el derecho internacional. https://t.co/7orpGcO4YW",4567,882,697,136123,229,0,1,1,0.34,positive
1970920065533898892,9,September,Wed Sep 24 18:35:36 +0000 2025,"El Gobierno de España exige que se cumpla la ley internacional y que se respete el derecho de sus ciudadanos a navegar por el Mediterráneo en condiciones de seguridad. 

Mañana mismo zarpará desde Cartagena un buque de acción marítima equipado con todos los medios por si fuese https://t.co/FRR6FNMRBV",29544,8379,3807,3206866,301,0,0,1,0.0,neutral
1970892624690282591,9,September,Wed Sep 24 16:46:33 +0000 2025,"Hoy, junto a @LulaOficial, @GabrielBoric, @petrogustavo y @OrsiYamandu, defendemos más democracia frente a las mentiras y el retroceso.

Nuestro compromiso es firme. Por ello, España acogerá en 2026 una nueva edición de esta iniciativa en Defensa de la Democracia. https://t.co/WL17Os0GQz",13633,3285,1358,307919,288,0,4,1,0.0,neutral
1972789740073017360,9,September,Mon Sep 29 22:25:01 +0000 2025,"España da la bienvenida a la propuesta de paz para Gaza impulsada por EEUU.

Hay que poner punto final a tanto sufrimiento.

Es la hora de que cese la violencia, se produzca la inmediata liberación de todos los rehenes y se dé acceso a la ayuda humanitaria para la población",5091,1003,3526,2442420,274,0,0,0,0.0,neutral
1972756311424348412,9,September,Mon Sep 29 20:12:11 +0000 2025,"Defender la libertad de expresión es defender la esencia misma de la democracia.

Alcemos la voz contra cualquier intento de anularla. Porque, si eso ocurre, si perdemos nuestra libertad de discrepar sin miedo a las represalias, estaremos sembrando la semilla de la tiranía. https://t.co/sRns6s7eLa",4733,1288,1725,131872,298,0,0,1,-0.4215,negative
1972717825966907641,9,September,Mon Sep 29 17:39:15 +0000 2025,"La Barcelona New Economy Week es un escaparate de talento emprendedor e innovador.

Hoy en @DFactoryBCN he podido conocer proyectos que marcan el camino de la industria 4.0.

Salud, movilidad, sostenibilidad, digitalización... Innovación en estado puro.

El futuro ya está aquí. https://t.co/Bm2ZbV1n8f",1326,425,304,41285,302,0,1,1,0.0,neutral
1972709886015201552,9,September,Mon Sep 29 17:07:42 +0000 2025,"El esfuerzo diario en los Centros de Alto Rendimiento convierte el talento en élite.

Hoy ha sido un auténtico placer visitar el @CARSantCugat y charlar con quienes con su dedicación y constancia llevan al deporte español a las cimas más altas.

Sois un orgullo para España. https://t.co/LuqkllieI8",1762,405,142,34811,298,0,1,1,0.34,positive
1972628170949149126,9,September,Mon Sep 29 11:43:00 +0000 2025,"El resultado de las elecciones legislativas en Moldavia es una prueba de la vocación europea de su sociedad.

A pesar de las múltiples injerencias, el pueblo moldavo ha votado con madurez democrática y comprometido con la libertad.

El futuro próspero de Moldavia es dentro de",2500,553,728,177152,276,0,0,0,0.34,positive
1972625249268125821,9,September,Mon Sep 29 11:31:23 +0000 2025,"Barcelona da hoy la bienvenida a Mondiacult 2025.

La cultura no es un lujo, sino una necesidad tan vital como el aire limpio o la igualdad.

Es diálogo, compromiso y frente a quienes la reducen a simple entretenimiento, es también libertad, dignidad y paz. https://t.co/ZuRKal8aGu",2632,775,620,53642,281,0,0,1,0.0,neutral
1972262090690945489,9,September,Sun Sep 28 11:28:19 +0000 2025,"Mucha precaución ante las fuertes lluvias previstas por @AEMET_Esp.

Sigamos en todo momento las indicaciones de Protección Civil y los servicios de emergencia.",6846,1466,1504,557715,160,0,1,0,0.0,neutral
1972202352691368221,9,September,Sun Sep 28 07:30:57 +0000 2025,"¡Campeonísimo!

Ejemplo de esfuerzo, superación y lucha por ser el mejor, Marc Márquez logra su noveno título mundial.

Enhorabuena, @marcmarquez93.",4259,509,450,271145,148,0,1,0,0.0,neutral
1971593668344918043,9,September,Fri Sep 26 15:12:15 +0000 2025,"Frente a los desafíos de nuestro tiempo, España y Canadá reafirman su voz común en defensa de la democracia y del multilateralismo.

En mi encuentro con @MarkJCarney nos hemos comprometido a impulsar las relaciones económicas bilaterales, con la UE y con otros socios comerciales. https://t.co/HhJOX14U6g",3119,806,817,73115,304,0,1,1,0.0,neutral
1971582503652872381,9,September,Fri Sep 26 14:27:53 +0000 2025,"Querido @AlboMP. Ha sido un placer verte en Londres.

Nuestros gobiernos comparten prioridades como la transición verde, la vivienda y los servicios públicos fuertes.

Australia es un socio clave de España, con la misma visión del orden mundial basado en reglas. https://t.co/do7E6C2FXF",3493,922,525,89761,286,0,1,1,0.34,positive
1971578461744418843,9,September,Fri Sep 26 14:11:50 +0000 2025,"Un placer conversar con @jacindaardern en la Global Progress Action Summit sobre el futuro del multilateralismo.

Los gobiernos progresistas vamos a liderar su transformación. Y lo haremos con coherencia. 

Defendemos con la misma convicción la causa de Palestina y la de Ucrania. https://t.co/fNm9S0aK7C",3858,972,741,164954,304,0,1,1,0.4215,positive
1971301316593959357,9,September,Thu Sep 25 19:50:33 +0000 2025,"El auge de la Inteligencia Artificial es imparable, pero no puede ser ingobernable. 

Gobernémosla juntos, con @UN en el centro.

Ahí es donde encontrarán a España para afrontar este reto global. https://t.co/KNogZ3Y63c",3810,913,1238,150172,219,0,1,1,-0.296,negative
1971273993614237814,9,September,Thu Sep 25 18:01:59 +0000 2025,"Nos reunimos con el presidente de @FIFAcom, Gianni Infantino, para seguir dando forma al Mundial 2030.

España, Portugal y Marruecos caminamos juntos hacia un evento que será un canto a la unión, a la diversidad y al poder del deporte para tender puentes. https://t.co/uhRTjOcTDK",4467,861,782,156174,279,0,1,1,0.0,neutral
1970999269172625715,9,September,Wed Sep 24 23:50:19 +0000 2025,"Hoy recordamos con cariño al gran Pepe Mujica, un hombre ejemplar y político admirable.

Su vida nos demostró que los principios firmes y el compromiso social son fundamentales. 

Mantengamos vivo su legado de la mejor manera posible:
recordando que la política es cuidar la vida, https://t.co/6nOBBmfZB2",8198,1991,1099,119447,304,0,0,1,0.5574,positive
1970954215099858981,9,September,Wed Sep 24 20:51:18 +0000 2025,"España se adherirá a la Iniciativa Global para la Integridad de la Información sobre Cambio Climático.

Se trata de salvar vidas. https://t.co/M4czehVng0",3399,833,902,70670,153,0,0,1,0.0,neutral
1970938311356117383,9,September,Wed Sep 24 19:48:06 +0000 2025,"España es ejemplo de que crecer y repartir no están enfrentados. Se puede defender el legítimo interés nacional y fortalecer los lazos comerciales.

Nuestro país avanza y queremos contribuir a que Europa y el mundo también avance.

Hagámoslo juntos. https://t.co/b25sQ2XhMp",3192,803,681,70660,273,0,0,1,-0.2023,negative
1970936567234433173,9,September,Wed Sep 24 19:41:10 +0000 2025,"Querido @ZelenskyyUa, ha sido un placer volver a verte en Naciones Unidas.

Tienes mi compromiso. España continuará apoyando a Ucrania mientras sea necesario: tiene que prevalecer el derecho internacional. https://t.co/7orpGcO4YW",4567,882,697,136123,229,0,1,1,0.34,positive
1970920065533898892,9,September,Wed Sep 24 18:35:36 +0000 2025,"El Gobierno de España exige que se cumpla la ley internacional y que se respete el derecho de sus ciudadanos a navegar por el Mediterráneo en condiciones de seguridad. 

Mañana mismo zarpará desde Cartagena un buque de acción marítima equipado con todos los medios por si fuese https://t.co/FRR6FNMRBV",29544,8379,3807,3206866,301,0,0,1,0.0,neutral
1970892624690282591,9,September,Wed Sep 24 16:46:33 +0000 2025,"Hoy, junto a @LulaOficial, @GabrielBoric, @petrogustavo y @OrsiYamandu, defendemos más democracia frente a las mentiras y el retroceso.

Nuestro compromiso es firme. Por ello, España acogerá en 2026 una nueva edición de esta iniciativa en Defensa de la Democracia. https://t.co/WL17Os0GQz",13633,3285,1358,307919,288,0,4,1,0.0,neutral
1972789740073017360,9,September,Mon Sep 29 22:25:01 +0000 2025,"España da la bienvenida a la propuesta de paz para Gaza impulsada por EEUU.

Hay que poner punto final a tanto sufrimiento.

Es la hora de que cese la violencia, se produzca la inmediata liberación de todos los rehenes y se dé acceso a la ayuda humanitaria para la población",5091,1003,3526,2442420,274,0,0,0,0.0,neutral
1972756311424348412,9,September,Mon Sep 29 20:12:11 +0000 2025,"Defender la libertad de expresión es defender la esencia misma de la democracia.

Alcemos la voz contra cualquier intento de anularla. Porque, si eso ocurre, si perdemos nuestra libertad de discrepar sin miedo a las represalias, estaremos sembrando la semilla de la tiranía. https://t.co/sRns6s7eLa",4733,1288,1725,131872,298,0,0,1,-0.4215,negative
1972717825966907641,9,September,Mon Sep 29 17:39:15 +0000 2025,"La Barcelona New Economy Week es un escaparate de talento emprendedor e innovador.

Hoy en @DFactoryBCN he podido conocer proyectos que marcan el camino de la industria 4.0.

Salud, movilidad, sostenibilidad, digitalización... Innovación en estado puro.

El futuro ya está aquí. https://t.co/Bm2ZbV1n8f",1326,425,304,41285,302,0,1,1,0.0,neutral
1972709886015201552,9,September,Mon Sep 29 17:07:42 +0000 2025,"El esfuerzo diario en los Centros de Alto Rendimiento convierte el talento en élite.

Hoy ha sido un auténtico placer visitar el @CARSantCugat y charlar con quienes con su dedicación y constancia llevan al deporte español a las cimas más altas.

Sois un orgullo para España. https://t.co/LuqkllieI8",1762,405,142,34811,298,0,1,1,0.34,positive
1972628170949149126,9,September,Mon Sep 29 11:43:00 +0000 2025,"El resultado de las elecciones legislativas en Moldavia es una prueba de la vocación europea de su sociedad.

A pesar de las múltiples injerencias, el pueblo moldavo ha votado con madurez democrática y comprometido con la libertad.

El futuro próspero de Moldavia es dentro de",2500,553,728,177152,276,0,0,0,0.34,positive
1972625249268125821,9,September,Mon Sep 29 11:31:23 +0000 2025,"Barcelona da hoy la bienvenida a Mondiacult 2025.

La cultura no es un lujo, sino una necesidad tan vital como el aire limpio o la igualdad.

Es diálogo, compromiso y frente a quienes la reducen a simple entretenimiento, es también libertad, dignidad y paz. https://t.co/ZuRKal8aGu",2632,775,620,53642,281,0,0,1,0.0,neutral
1972262090690945489,9,September,Sun Sep 28 11:28:19 +0000 2025,"Mucha precaución ante las fuertes lluvias previstas por @AEMET_Esp.

Sigamos en todo momento las indicaciones de Protección Civil y los servicios de emergencia.",6846,1466,1504,557715,160,0,1,0,0.0,neutral
1972202352691368221,9,September,Sun Sep 28 07:30:57 +0000 2025,"¡Campeonísimo!

Ejemplo de esfuerzo, superación y lucha por ser el mejor, Marc Márquez logra su noveno título mundial.

Enhorabuena, @marcmarquez93.",4259,509,450,271145,148,0,1,0,0.0,neutral
1971593668344918043,9,September,Fri Sep 26 15:12:15 +0000 2025,"Frente a los desafíos de nuestro tiempo, España y Canadá reafirman su voz común en defensa de la democracia y del multilateralismo.

En mi encuentro con @MarkJCarney nos hemos comprometido a impulsar las relaciones económicas bilaterales, con la UE y con otros socios comerciales. https://t.co/HhJOX14U6g",3119,806,817,73115,304,0,1,1,0.0,neutral
1971582503652872381,9,September,Fri Sep 26 14:27:53 +0000 2025,"Querido @AlboMP. Ha sido un placer verte en Londres.

Nuestros gobiernos comparten prioridades como la transición verde, la vivienda y los servicios públicos fuertes.

Australia es un socio clave de España, con la misma visión del orden mundial basado en reglas. https://t.co/do7E6C2FXF",3493,922,525,89761,286,0,1,1,0.34,positive
1971578461744418843,9,September,Fri Sep 26 14:11:50 +0000 2025,"Un placer conversar con @jacindaardern en la Global Progress Action Summit sobre el futuro del multilateralismo.

Los gobiernos progresistas vamos a liderar su transformación. Y lo haremos con coherencia. 

Defendemos con la misma convicción la causa de Palestina y la de Ucrania. https://t.co/fNm9S0aK7C",3858,972,741,164954,304,0,1,1,0.4215,positive
1971301316593959357,9,September,Thu Sep 25 19:50:33 +0000 2025,"El auge de la Inteligencia Artificial es imparable, pero no puede ser ingobernable. 

Gobernémosla juntos, con @UN en el centro.

Ahí es donde encontrarán a España para afrontar este reto global. https://t.co/KNogZ3Y63c",3810,913,1238,150172,219,0,1,1,-0.296,negative
1971273993614237814,9,September,Thu Sep 25 18:01:59 +0000 2025,"Nos reunimos con el presidente de @FIFAcom, Gianni Infantino, para seguir dando forma al Mundial 2030.

España, Portugal y Marruecos caminamos juntos hacia un evento que será un canto a la unión, a la diversidad y al poder del deporte para tender puentes. https://t.co/uhRTjOcTDK",4467,861,782,156174,279,0,1,1,0.0,neutral
1970999269172625715,9,September,Wed Sep 24 23:50:19 +0000 2025,"Hoy recordamos con cariño al gran Pepe Mujica, un hombre ejemplar y político admirable.

Su vida nos demostró que los principios firmes y el compromiso social son fundamentales. 

Mantengamos vivo su legado de la mejor manera posible:
recordando que la política es cuidar la vida, https://t.co/6nOBBmfZB2",8198,1991,1099,119447,304,0,0,1,0.5574,positive
1970954215099858981,9,September,Wed Sep 24 20:51:18 +0000 2025,"España se adherirá a la Iniciativa Global para la Integridad de la Información sobre Cambio Climático.

Se trata de salvar vidas. https://t.co/M4czehVng0",3399,833,902,70670,153,0,0,1,0.0,neutral
1970938311356117383,9,September,Wed Sep 24 19:48:06 +0000 2025,"España es ejemplo de que crecer y repartir no están enfrentados. Se puede defender el legítimo interés nacional y fortalecer los lazos comerciales.

Nuestro país avanza y queremos contribuir a que Europa y el mundo también avance.

Hagámoslo juntos. https://t.co/b25sQ2XhMp",3192,803,681,70660,273,0,0,1,-0.2023,negative
1970936567234433173,9,September,Wed Sep 24 19:41:10 +0000 2025,"Querido @ZelenskyyUa, ha sido un placer volver a verte en Naciones Unidas.

Tienes mi compromiso. España continuará apoyando a Ucrania mientras sea necesario: tiene que prevalecer el derecho internacional. https://t.co/7orpGcO4YW",4567,882,697,136123,229,0,1,1,0.34,positive
1970920065533898892,9,September,Wed Sep 24 18:35:36 +0000 2025,"El Gobierno de España exige que se cumpla la ley internacional y que se respete el derecho de sus ciudadanos a navegar por el Mediterráneo en condiciones de seguridad. 

Mañana mismo zarpará desde Cartagena un buque de acción marítima equipado con todos los medios por si fuese https://t.co/FRR6FNMRBV",29544,8379,3807,3206866,301,0,0,1,0.0,neutral
1970892624690282591,9,September,Wed Sep 24 16:46:33 +0000 2025,"Hoy, junto a @LulaOficial, @GabrielBoric, @petrogustavo y @OrsiYamandu, defendemos más democracia frente a las mentiras y el retroceso.

Nuestro compromiso es firme. Por ello, España acogerá en 2026 una nueva edición de esta iniciativa en Defensa de la Democracia. https://t.co/WL17Os0GQz",13633,3285,1358,307919,288,0,4,1,0.0,neutral
1972789740073017360,9,September,Mon Sep 29 22:25:01 +0000 2025,"España da la bienvenida a la propuesta de paz para Gaza impulsada por EEUU.

Hay que poner punto final a tanto sufrimiento.

Es la hora de que cese la violencia, se produzca la inmediata liberación de todos los rehenes y se dé acceso a la ayuda humanitaria para la población",5092,1003,3526,2442420,274,0,0,0,0.0,neutral
1972756311424348412,9,September,Mon Sep 29 20:12:11 +0000 2025,"Defender la libertad de expresión es defender la esencia misma de la democracia.

Alcemos la voz contra cualquier intento de anularla. Porque, si eso ocurre, si perdemos nuestra libertad de discrepar sin miedo a las represalias, estaremos sembrando la semilla de la tiranía. https://t.co/sRns6s7eLa",4733,1289,1725,131873,298,0,0,1,-0.4215,negative
1972717825966907641,9,September,Mon Sep 29 17:39:15 +0000 2025,"La Barcelona New Economy Week es un escaparate de talento emprendedor e innovador.

Hoy en @DFactoryBCN he podido conocer proyectos que marcan el camino de la industria 4.0.

Salud, movilidad, sostenibilidad, digitalización... Innovación en estado puro.

El futuro ya está aquí. https://t.co/Bm2ZbV1n8f",1326,425,304,41285,302,0,1,1,0.0,neutral
1972709886015201552,9,September,Mon Sep 29 17:07:42 +0000 2025,"El esfuerzo diario en los Centros de Alto Rendimiento convierte el talento en élite.

Hoy ha sido un auténtico placer visitar el @CARSantCugat y charlar con quienes con su dedicación y constancia llevan al deporte español a las cimas más altas.

Sois un orgullo para España. https://t.co/LuqkllieI8",1762,405,142,34811,298,0,1,1,0.34,positive
1972628170949149126,9,September,Mon Sep 29 11:43:00 +0000 2025,"El resultado de las elecciones legislativas en Moldavia es una prueba de la vocación europea de su sociedad.

A pesar de las múltiples injerencias, el pueblo moldavo ha votado con madurez democrática y comprometido con la libertad.

El futuro próspero de Moldavia es dentro de",2501,553,728,177153,276,0,0,0,0.34,positive
1972625249268125821,9,September,Mon Sep 29 11:31:23 +0000 2025,"Barcelona da hoy la bienvenida a Mondiacult 2025.

La cultura no es un lujo, sino una necesidad tan vital como el aire limpio o la igualdad.

Es diálogo, compromiso y frente a quienes la reducen a simple entretenimiento, es también libertad, dignidad y paz. https://t.co/ZuRKal8aGu",2632,774,620,53643,281,0,0,1,0.0,neutral
1972262090690945489,9,September,Sun Sep 28 11:28:19 +0000 2025,"Mucha precaución ante las fuertes lluvias previstas por @AEMET_Esp.

Sigamos en todo momento las indicaciones de Protección Civil y los servicios de emergencia.",6847,1466,1504,557716,160,0,1,0,0.0,neutral
1972202352691368221,9,September,Sun Sep 28 07:30:57 +0000 2025,"¡Campeonísimo!

Ejemplo de esfuerzo, superación y lucha por ser el mejor, Marc Márquez logra su noveno título mundial.

Enhorabuena, @marcmarquez93.",4259,509,450,271145,148,0,1,0,0.0,neutral
1971593668344918043,9,September,Fri Sep 26 15:12:15 +0000 2025,"Frente a los desafíos de nuestro tiempo, España y Canadá reafirman su voz común en defensa de la democracia y del multilateralismo.

En mi encuentro con @MarkJCarney nos hemos comprometido a impulsar las relaciones económicas bilaterales, con la UE y con otros socios comerciales. https://t.co/HhJOX14U6g",3119,808,817,73113,304,0,1,1,0.0,neutral
1971582503652872381,9,September,Fri Sep 26 14:27:53 +0000 2025,"Querido @AlboMP. Ha sido un placer verte en Londres.

Nuestros gobiernos comparten prioridades como la transición verde, la vivienda y los servicios públicos fuertes.

Australia es un socio clave de España, con la misma visión del orden mundial basado en reglas. https://t.co/do7E6C2FXF",3493,922,525,89761,286,0,1,1,0.34,positive
1971578461744418843,9,September,Fri Sep 26 14:11:50 +0000 2025,"Un placer conversar con @jacindaardern en la Global Progress Action Summit sobre el futuro del multilateralismo.

Los gobiernos progresistas vamos a liderar su transformación. Y lo haremos con coherencia. 

Defendemos con la misma convicción la causa de Palestina y la de Ucrania. https://t.co/fNm9S0aK7C",3858,972,741,164954,304,0,1,1,0.4215,positive
1971301316593959357,9,September,Thu Sep 25 19:50:33 +0000 2025,"El auge de la Inteligencia Artificial es imparable, pero no puede ser ingobernable. 

Gobernémosla juntos, con @UN en el centro.

Ahí es donde encontrarán a España para afrontar este reto global. https://t.co/KNogZ3Y63c",3810,913,1238,150172,219,0,1,1,-0.296,negative
1971273993614237814,9,September,Thu Sep 25 18:01:59 +0000 2025,"Nos reunimos con el presidente de @FIFAcom, Gianni Infantino, para seguir dando forma al Mundial 2030.

España, Portugal y Marruecos caminamos juntos hacia un evento que será un canto a la unión, a la diversidad y al poder del deporte para tender puentes. https://t.co/uhRTjOcTDK",4467,861,782,156174,279,0,1,1,0.0,neutral
1970999269172625715,9,September,Wed Sep 24 23:50:19 +0000 2025,"Hoy recordamos con cariño al gran Pepe Mujica, un hombre ejemplar y político admirable.

Su vida nos demostró que los principios firmes y el compromiso social son fundamentales. 

Mantengamos vivo su legado de la mejor manera posible:
recordando que la política es cuidar la vida, https://t.co/6nOBBmfZB2",8198,1992,1099,119447,304,0,0,1,0.5574,positive
1970954215099858981,9,September,Wed Sep 24 20:51:18 +0000 2025,"España se adherirá a la Iniciativa Global para la Integridad de la Información sobre Cambio Climático.

Se trata de salvar vidas. https://t.co/M4czehVng0",3399,834,902,70671,153,0,0,1,0.0,neutral
1970938311356117383,9,September,Wed Sep 24 19:48:06 +0000 2025,"España es ejemplo de que crecer y repartir no están enfrentados. Se puede defender el legítimo interés nacional y fortalecer los lazos comerciales.

Nuestro país avanza y queremos contribuir a que Europa y el mundo también avance.

Hagámoslo juntos. https://t.co/b25sQ2XhMp",3192,803,681,70661,273,0,0,1,-0.2023,negative
1970936567234433173,9,September,Wed Sep 24 19:41:10 +0000 2025,"Querido @ZelenskyyUa, ha sido un placer volver a verte en Naciones Unidas.

Tienes mi compromiso. España continuará apoyando a Ucrania mientras sea necesario: tiene que prevalecer el derecho internacional. https://t.co/7orpGcO4YW",4567,882,697,136124,229,0,1,1,0.34,positive
1970920065533898892,9,September,Wed Sep 24 18:35:36 +0000 2025,"El Gobierno de España exige que se cumpla la ley internacional y que se respete el derecho de sus ciudadanos a navegar por el Mediterráneo en condiciones de seguridad. 

Mañana mismo zarpará desde Cartagena un buque de acción marítima equipado con todos los medios por si fuese https://t.co/FRR6FNMRBV",29542,8380,3807,3206866,301,0,0,1,0.0,neutral
1970892624690282591,9,September,Wed Sep 24 16:46:33 +0000 2025,"Hoy, junto a @LulaOficial, @GabrielBoric, @petrogustavo y @OrsiYamandu, defendemos más democracia frente a las mentiras y el retroceso.

Nuestro compromiso es firme. Por ello, España acogerá en 2026 una nueva edición de esta iniciativa en Defensa de la Democracia. https://t.co/WL17Os0GQz",13634,3287,1358,307918,288,0,4,1,0.0,neutral
1972789740073017360,9,September,Mon Sep 29 22:25:01 +0000 2025,"España da la bienvenida a la propuesta de paz para Gaza impulsada por EEUU.

Hay que poner punto final a tanto sufrimiento.

Es la hora de que cese la violencia, se produzca la inmediata liberación de todos los rehenes y se dé acceso a la ayuda humanitaria para la población",5091,1003,3526,2442420,274,0,0,0,0.0,neutral
1972756311424348412,9,September,Mon Sep 29 20:12:11 +0000 2025,"Defender la libertad de expresión es defender la esencia misma de la democracia.

Alcemos la voz contra cualquier intento de anularla. Porque, si eso ocurre, si perdemos nuestra libertad de discrepar sin miedo a las represalias, estaremos sembrando la semilla de la tiranía. https://t.co/sRns6s7eLa",4733,1288,1725,131872,298,0,0,1,-0.4215,negative
1972717825966907641,9,September,Mon Sep 29 17:39:15 +0000 2025,"La Barcelona New Economy Week es un escaparate de talento emprendedor e innovador.

Hoy en @DFactoryBCN he podido conocer proyectos que marcan el camino de la industria 4.0.

Salud, movilidad, sostenibilidad, digitalización... Innovación en estado puro.

El futuro ya está aquí. https://t.co/Bm2ZbV1n8f",1326,425,304,41285,302,0,1,1,0.0,neutral
1972709886015201552,9,September,Mon Sep 29 17:07:42 +0000 2025,"El esfuerzo diario en los Centros de Alto Rendimiento convierte el talento en élite.

Hoy ha sido un auténtico placer visitar el @CARSantCugat y charlar con quienes con su dedicación y constancia llevan al deporte español a las cimas más altas.

Sois un orgullo para España. https://t.co/LuqkllieI8",1762,405,142,34811,298,0,1,1,0.34,positive
1972628170949149126,9,September,Mon Sep 29 11:43:00 +0000 2025,"El resultado de las elecciones legislativas en Moldavia es una prueba de la vocación europea de su sociedad.

A pesar de las múltiples injerencias, el pueblo moldavo ha votado con madurez democrática y comprometido con la libertad.

El futuro próspero de Moldavia es dentro de",2500,553,728,177152,276,0,0,0,0.34,positive
1972625249268125821,9,September,Mon Sep 29 11:31:23 +0000 2025,"Barcelona da hoy la bienvenida a Mondiacult 2025.

La cultura no es un lujo, sino una necesidad tan vital como el aire limpio o la igualdad.

Es diálogo, compromiso y frente a quienes la reducen a simple entretenimiento, es también libertad, dignidad y paz. https://t.co/ZuRKal8aGu",2632,775,620,53642,281,0,0,1,0.0,neutral
1972262090690945489,9,September,Sun Sep 28 11:28:19 +0000 2025,"Mucha precaución ante las fuertes lluvias previstas por @AEMET_Esp.

Sigamos en todo momento las indicaciones de Protección Civil y los servicios de emergencia.",6846,1466,1504,557715,160,0,1,0,0.0,neutral
1972202352691368221,9,September,Sun Sep 28 07:30:57 +0000 2025,"¡Campeonísimo!

Ejemplo de esfuerzo, superación y lucha por ser el mejor, Marc Márquez logra su noveno título mundial.

Enhorabuena, @marcmarquez93.",4259,509,450,271145,148,0,1,0,0.0,neutral
1971593668344918043,9,September,Fri Sep 26 15:12:15 +0000 2025,"Frente a los desafíos de nuestro tiempo, España y Canadá reafirman su voz común en defensa de la democracia y del multilateralismo.

En mi encuentro con @MarkJCarney nos hemos comprometido a impulsar las relaciones económicas bilaterales, con la UE y con otros socios comerciales. https://t.co/HhJOX14U6g",3119,806,817,73115,304,0,1,1,0.0,neutral
1971582503652872381,9,September,Fri Sep 26 14:27:53 +0000 2025,"Querido @AlboMP. Ha sido un placer verte en Londres.

Nuestros gobiernos comparten prioridades como la transición verde, la vivienda y los servicios públicos fuertes.

Australia es un socio clave de España, con la misma visión del orden mundial basado en reglas. https://t.co/do7E6C2FXF",3493,922,525,89761,286,0,1,1,0.34,positive
1971578461744418843,9,September,Fri Sep 26 14:11:50 +0000 2025,"Un placer conversar con @jacindaardern en la Global Progress Action Summit sobre el futuro del multilateralismo.

Los gobiernos progresistas vamos a liderar su transformación. Y lo haremos con coherencia. 

Defendemos con la misma convicción la causa de Palestina y la de Ucrania. https://t.co/fNm9S0aK7C",3858,972,741,164954,304,0,1,1,0.4215,positive
1971301316593959357,9,September,Thu Sep 25 19:50:33 +0000 2025,"El auge de la Inteligencia Artificial es imparable, pero no puede ser ingobernable. 

Gobernémosla juntos, con @UN en el centro.

Ahí es donde encontrarán a España para afrontar este reto global. https://t.co/KNogZ3Y63c",3810,913,1238,150172,219,0,1,1,-0.296,negative
1971273993614237814,9,September,Thu Sep 25 18:01:59 +0000 2025,"Nos reunimos con el presidente de @FIFAcom, Gianni Infantino, para seguir dando forma al Mundial 2030.

España, Portugal y Marruecos caminamos juntos hacia un evento que será un canto a la unión, a la diversidad y al poder del deporte para tender puentes. https://t.co/uhRTjOcTDK",4467,861,782,156174,279,0,1,1,0.0,neutral
1970999269172625715,9,September,Wed Sep 24 23:50:19 +0000 2025,"Hoy recordamos con cariño al gran Pepe Mujica, un hombre ejemplar y político admirable.

Su vida nos demostró que los principios firmes y el compromiso social son fundamentales. 

Mantengamos vivo su legado de la mejor manera posible:
recordando que la política es cuidar la vida, https://t.co/6nOBBmfZB2",8198,1991,1099,119447,304,0,0,1,0.5574,positive
1970954215099858981,9,September,Wed Sep 24 20:51:18 +0000 2025,"España se adherirá a la Iniciativa Global para la Integridad de la Información sobre Cambio Climático.

Se trata de salvar vidas. https://t.co/M4czehVng0",3399,833,902,70670,153,0,0,1,0.0,neutral
1970938311356117383,9,September,Wed Sep 24 19:48:06 +0000 2025,"España es ejemplo de que crecer y repartir no están enfrentados. Se puede defender el legítimo interés nacional y fortalecer los lazos comerciales.

Nuestro país avanza y queremos contribuir a que Europa y el mundo también avance.

Hagámoslo juntos. https://t.co/b25sQ2XhMp",3192,803,681,70660,273,0,0,1,-0.2023,negative
1970936567234433173,9,September,Wed Sep 24 19:41:10 +0000 2025,"Querido @ZelenskyyUa, ha sido un placer volver a verte en Naciones Unidas.

Tienes mi compromiso. España continuará apoyando a Ucrania mientras sea necesario: tiene que prevalecer el derecho internacional. https://t.co/7orpGcO4YW",4567,882,697,136123,229,0,1,1,0.34,positive
1970920065533898892,9,September,Wed Sep 24 18:35:36 +0000 2025,"El Gobierno de España exige que se cumpla la ley internacional y que se respete el derecho de sus ciudadanos a navegar por el Mediterráneo en condiciones de seguridad. 

Mañana mismo zarpará desde Cartagena un buque de acción marítima equipado con todos los medios por si fuese https://t.co/FRR6FNMRBV",29544,8379,3807,3206866,301,0,0,1,0.0,neutral
1970892624690282591,9,September,Wed Sep 24 16:46:33 +0000 2025,"Hoy, junto a @LulaOficial, @GabrielBoric, @petrogustavo y @OrsiYamandu, defendemos más democracia frente a las mentiras y el retroceso.

Nuestro compromiso es firme. Por ello, España acogerá en 2026 una nueva edición de esta iniciativa en Defensa de la Democracia. https://t.co/WL17Os0GQz",13633,3285,1358,307919,288,0,4,1,0.0,neutral
1972789740073017360,9,September,Mon Sep 29 22:25:01 +0000 2025,"España da la bienvenida a la propuesta de paz para Gaza impulsada por EEUU.

Hay que poner punto final a tanto sufrimiento.

Es la hora de que cese la violencia, se produzca la inmediata liberación de todos los rehenes y se dé acceso a la ayuda humanitaria para la población",5092,1003,3526,2442420,274,0,0,0,0.0,neutral
1972756311424348412,9,September,Mon Sep 29 20:12:11 +0000 2025,"Defender la libertad de expresión es defender la esencia misma de la democracia.

Alcemos la voz contra cualquier intento de anularla. Porque, si eso ocurre, si perdemos nuestra libertad de discrepar sin miedo a las represalias, estaremos sembrando la semilla de la tiranía. https://t.co/sRns6s7eLa",4733,1289,1725,131873,298,0,0,1,-0.4215,negative
1972717825966907641,9,September,Mon Sep 29 17:39:15 +0000 2025,"La Barcelona New Economy Week es un escaparate de talento emprendedor e innovador.

Hoy en @DFactoryBCN he podido conocer proyectos que marcan el camino de la industria 4.0.

Salud, movilidad, sostenibilidad, digitalización... Innovación en estado puro.

El futuro ya está aquí. https://t.co/Bm2ZbV1n8f",1326,425,304,41285,302,0,1,1,0.0,neutral
1972709886015201552,9,September,Mon Sep 29 17:07:42 +0000 2025,"El esfuerzo diario en los Centros de Alto Rendimiento convierte el talento en élite.

Hoy ha sido un auténtico placer visitar el @CARSantCugat y charlar con quienes con su dedicación y constancia llevan al deporte español a las cimas más altas.

Sois un orgullo para España. https://t.co/LuqkllieI8",1762,405,142,34811,298,0,1,1,0.34,positive
1972628170949149126,9,September,Mon Sep 29 11:43:00 +0000 2025,"El resultado de las elecciones legislativas en Moldavia es una prueba de la vocación europea de su sociedad.

A pesar de las múltiples injerencias, el pueblo moldavo ha votado con madurez democrática y comprometido con la libertad.

El futuro próspero de Moldavia es dentro de",2501,553,728,177153,276,0,0,0,0.34,positive
1972625249268125821,9,September,Mon Sep 29 11:31:23 +0000 2025,"Barcelona da hoy la bienvenida a Mondiacult 2025.

La cultura no es un lujo, sino una necesidad tan vital como el aire limpio o la igualdad.

Es diálogo, compromiso y frente a quienes la reducen a simple entretenimiento, es también libertad, dignidad y paz. https://t.co/ZuRKal8aGu",2632,774,620,53643,281,0,0,1,0.0,neutral
1972262090690945489,9,September,Sun Sep 28 11:28:19 +0000 2025,"Mucha precaución ante las fuertes lluvias previstas por @AEMET_Esp.

Sigamos en todo momento las indicaciones de Protección Civil y los servicios de emergencia.",6847,1466,1504,557716,160,0,1,0,0.0,neutral
1972202352691368221,9,September,Sun Sep 28 07:30:57 +0000 2025,"¡Campeonísimo!

Ejemplo de esfuerzo, superación y lucha por ser el mejor, Marc Márquez logra su noveno título mundial.

Enhorabuena, @marcmarquez93.",4259,509,450,271145,148,0,1,0,0.0,neutral
1971593668344918043,9,September,Fri Sep 26 15:12:15 +0000 2025,"Frente a los desafíos de nuestro tiempo, España y Canadá reafirman su voz común en defensa de la democracia y del multilateralismo.

En mi encuentro con @MarkJCarney nos hemos comprometido a impulsar las relaciones económicas bilaterales, con la UE y con otros socios comerciales. https://t.co/HhJOX14U6g",3119,808,817,73113,304,0,1,1,0.0,neutral
1971582503652872381,9,September,Fri Sep 26 14:27:53 +0000 2025,"Querido @AlboMP. Ha sido un placer verte en Londres.

Nuestros gobiernos comparten prioridades como la transición verde, la vivienda y los servicios públicos fuertes.

Australia es un socio clave de España, con la misma visión del orden mundial basado en reglas. https://t.co/do7E6C2FXF",3493,922,525,89761,286,0,1,1,0.34,positive
1971578461744418843,9,September,Fri Sep 26 14:11:50 +0000 2025,"Un placer conversar con @jacindaardern en la Global Progress Action Summit sobre el futuro del multilateralismo.

Los gobiernos progresistas vamos a liderar su transformación. Y lo haremos con coherencia. 

Defendemos con la misma convicción la causa de Palestina y la de Ucrania. https://t.co/fNm9S0aK7C",3858,972,741,164954,304,0,1,1,0.4215,positive
1971301316593959357,9,September,Thu Sep 25 19:50:33 +0000 2025,"El auge de la Inteligencia Artificial es imparable, pero no puede ser ingobernable. 

Gobernémosla juntos, con @UN en el centro.

Ahí es donde encontrarán a España para afrontar este reto global. https://t.co/KNogZ3Y63c",3810,913,1238,150172,219,0,1,1,-0.296,negative
1971273993614237814,9,September,Thu Sep 25 18:01:59 +0000 2025,"Nos reunimos con el presidente de @FIFAcom, Gianni Infantino, para seguir dando forma al Mundial 2030.

España, Portugal y Marruecos caminamos juntos hacia un evento que será un canto a la unión, a la diversidad y al poder del deporte para tender puentes. https://t.co/uhRTjOcTDK",4467,861,782,156174,279,0,1,1,0.0,neutral
1970999269172625715,9,September,Wed Sep 24 23:50:19 +0000 2025,"Hoy recordamos con cariño al gran Pepe Mujica, un hombre ejemplar y político admirable.

Su vida nos demostró que los principios firmes y el compromiso social son fundamentales. 

Mantengamos vivo su legado de la mejor manera posible:
recordando que la política es cuidar la vida, https://t.co/6nOBBmfZB2",8198,1992,1099,119447,304,0,0,1,0.5574,positive
1970954215099858981,9,September,Wed Sep 24 20:51:18 +0000 2025,"España se adherirá a la Iniciativa Global para la Integridad de la Información sobre Cambio Climático.

Se trata de salvar vidas. https://t.co/M4czehVng0",3399,834,902,70671,153,0,0,1,0.0,neutral
1970938311356117383,9,September,Wed Sep 24 19:48:06 +0000 2025,"España es ejemplo de que crecer y repartir no están enfrentados. Se puede defender el legítimo interés nacional y fortalecer los lazos comerciales.

Nuestro país avanza y queremos contribuir a que Europa y el mundo también avance.

Hagámoslo juntos. https://t.co/b25sQ2XhMp",3192,803,681,70661,273,0,0,1,-0.2023,negative
1970936567234433173,9,September,Wed Sep 24 19:41:10 +0000 2025,"Querido @ZelenskyyUa, ha sido un placer volver a verte en Naciones Unidas.

Tienes mi compromiso. España continuará apoyando a Ucrania mientras sea necesario: tiene que prevalecer el derecho internacional. https://t.co/7orpGcO4YW",4567,882,697,136124,229,0,1,1,0.34,positive
1970920065533898892,9,September,Wed Sep 24 18:35:36 +0000 2025,"El Gobierno de España exige que se cumpla la ley internacional y que se respete el derecho de sus ciudadanos a navegar por el Mediterráneo en condiciones de seguridad. 

Mañana mismo zarpará desde Cartagena un buque de acción marítima equipado con todos los medios por si fuese https://t.co/FRR6FNMRBV",29542,8380,3807,3206866,301,0,0,1,0.0,neutral
1970892624690282591,9,September,Wed Sep 24 16:46:33 +0000 2025,"Hoy, junto a @LulaOficial, @GabrielBoric, @petrogustavo y @OrsiYamandu, defendemos más democracia frente a las mentiras y el retroceso.

Nuestro compromiso es firme. Por ello, España acogerá en 2026 una nueva edición de esta iniciativa en Defensa de la Democracia. https://t.co/WL17Os0GQz",13634,3287,1358,307918,288,0,4,1,0.0,neutral
1972789740073017360,9,September,Mon Sep 29 22:25:01 +0000 2025,"España da la bienvenida a la propuesta de paz para Gaza impulsada por EEUU.

Hay que poner punto final a tanto sufrimiento.

Es la hora de que cese la violencia, se produzca la inmediata liberación de todos los rehenes y se dé acceso a la ayuda humanitaria para la población",5091,1003,3526,2442420,274,0,0,0,0.0,neutral
1972756311424348412,9,September,Mon Sep 29 20:12:11 +0000 2025,"Defender la libertad de expresión es defender la esencia misma de la democracia.

Alcemos la voz contra cualquier intento de anularla. Porque, si eso ocurre, si perdemos nuestra libertad de discrepar sin miedo a las represalias, estaremos sembrando la semilla de la tiranía. https://t.co/sRns6s7eLa",4733,1288,1725,131872,298,0,0,1,-0.4215,negative
1972717825966907641,9,September,Mon Sep 29 17:39:15 +0000 2025,"La Barcelona New Economy Week es un escaparate de talento emprendedor e innovador.

Hoy en @DFactoryBCN he podido conocer proyectos que marcan el camino de la industria 4.0.

Salud, movilidad, sostenibilidad, digitalización... Innovación en estado puro.

El futuro ya está aquí. https://t.co/Bm2ZbV1n8f",1326,425,304,41285,302,0,1,1,0.0,neutral
1972709886015201552,9,September,Mon Sep 29 17:07:42 +0000 2025,"El esfuerzo diario en los Centros de Alto Rendimiento convierte el talento en élite.

Hoy ha sido un auténtico placer visitar el @CARSantCugat y charlar con quienes con su dedicación y constancia llevan al deporte español a las cimas más altas.

Sois un orgullo para España. https://t.co/LuqkllieI8",1762,405,142,34811,298,0,1,1,0.34,positive
1972628170949149126,9,September,Mon Sep 29 11:43:00 +0000 2025,"El resultado de las elecciones legislativas en Moldavia es una prueba de la vocación europea de su sociedad.

A pesar de las múltiples injerencias, el pueblo moldavo ha votado con madurez democrática y comprometido con la libertad.

El futuro próspero de Moldavia es dentro de",2500,553,728,177152,276,0,0,0,0.34,positive
1972625249268125821,9,September,Mon Sep 29 11:31:23 +0000 2025,"Barcelona da hoy la bienvenida a Mondiacult 2025.

La cultura no es un lujo, sino una necesidad tan vital como el aire limpio o la igualdad.

Es diálogo, compromiso y frente a quienes la reducen a simple entretenimiento, es también libertad, dignidad y paz. https://t.co/ZuRKal8aGu",2632,775,620,53642,281,0,0,1,0.0,neutral
1972262090690945489,9,September,Sun Sep 28 11:28:19 +0000 2025,"Mucha precaución ante las fuertes lluvias previstas por @AEMET_Esp.

Sigamos en todo momento las indicaciones de Protección Civil y los servicios de emergencia.",6846,1466,1504,557715,160,0,1,0,0.0,neutral
1972202352691368221,9,September,Sun Sep 28 07:30:57 +0000 2025,"¡Campeonísimo!

Ejemplo de esfuerzo, superación y lucha por ser el mejor, Marc Márquez logra su noveno título mundial.

Enhorabuena, @marcmarquez93.",4259,509,450,271145,148,0,1,0,0.0,neutral
1971593668344918043,9,September,Fri Sep 26 15:12:15 +0000 2025,"Frente a los desafíos de nuestro tiempo, España y Canadá reafirman su voz común en defensa de la democracia y del multilateralismo.

En mi encuentro con @MarkJCarney nos hemos comprometido a impulsar las relaciones económicas bilaterales, con la UE y con otros socios comerciales. https://t.co/HhJOX14U6g",3119,806,817,73115,304,0,1,1,0.0,neutral
1971582503652872381,9,September,Fri Sep 26 14:27:53 +0000 2025,"Querido @AlboMP. Ha sido un placer verte en Londres.

Nuestros gobiernos comparten prioridades como la transición verde, la vivienda y los servicios públicos fuertes.

Australia es un socio clave de España, con la misma visión del orden mundial basado en reglas. https://t.co/do7E6C2FXF",3493,922,525,89761,286,0,1,1,0.34,positive
1971578461744418843,9,September,Fri Sep 26 14:11:50 +0000 2025,"Un placer conversar con @jacindaardern en la Global Progress Action Summit sobre el futuro del multilateralismo.

Los gobiernos progresistas vamos a liderar su transformación. Y lo haremos con coherencia. 

Defendemos con la misma convicción la causa de Palestina y la de Ucrania. https://t.co/fNm9S0aK7C",3858,972,741,164954,304,0,1,1,0.4215,positive
1971301316593959357,9,September,Thu Sep 25 19:50:33 +0000 2025,"El auge de la Inteligencia Artificial es imparable, pero no puede ser ingobernable. 

Gobernémosla juntos, con @UN en el centro.

Ahí es donde encontrarán a España para afrontar este reto global. https://t.co/KNogZ3Y63c",3810,913,1238,150172,219,0,1,1,-0.296,negative
1971273993614237814,9,September,Thu Sep 25 18:01:59 +0000 2025,"Nos reunimos con el presidente de @FIFAcom, Gianni Infantino, para seguir dando forma al Mundial 2030.

España, Portugal y Marruecos caminamos juntos hacia un evento que será un canto a la unión, a la diversidad y al poder del deporte para tender puentes. https://t.co/uhRTjOcTDK",4467,861,782,156174,279,0,1,1,0.0,neutral
1970999269172625715,9,September,Wed Sep 24 23:50:19 +0000 2025,"Hoy recordamos con cariño al gran Pepe Mujica, un hombre ejemplar y político admirable.

Su vida nos demostró que los principios firmes y el compromiso social son fundamentales. 

Mantengamos vivo su legado de la mejor manera posible:
recordando que la política es cuidar la vida, https://t.co/6nOBBmfZB2",8198,1991,1099,119447,304,0,0,1,0.5574,positive
1970954215099858981,9,September,Wed Sep 24 20:51:18 +0000 2025,"España se adherirá a la Iniciativa Global para la Integridad de la Información sobre Cambio Climático.

Se trata de salvar vidas. https://t.co/M4czehVng0",3399,833,902,70670,153,0,0,1,0.0,neutral
1970938311356117383,9,September,Wed Sep 24 19:48:06 +0000 2025,"España es ejemplo de que crecer y repartir no están enfrentados. Se puede defender el legítimo interés nacional y fortalecer los lazos comerciales.

Nuestro país avanza y queremos contribuir a que Europa y el mundo también avance.

Hagámoslo juntos. https://t.co/b25sQ2XhMp",3192,803,681,70660,273,0,0,1,-0.2023,negative
1970936567234433173,9,September,Wed Sep 24 19:41:10 +0000 2025,"Querido @ZelenskyyUa, ha sido un placer volver a verte en Naciones Unidas.

Tienes mi compromiso. España continuará apoyando a Ucrania mientras sea necesario: tiene que prevalecer el derecho internacional. https://t.co/7orpGcO4YW",4567,882,697,136123,229,0,1,1,0.34,positive
1970920065533898892,9,September,Wed Sep 24 18:35:36 +0000 2025,"El Gobierno de España exige que se cumpla la ley internacional y que se respete el derecho de sus ciudadanos a navegar por el Mediterráneo en condiciones de seguridad. 

Mañana mismo zarpará desde Cartagena un buque de acción marítima equipado con todos los medios por si fuese https://t.co/FRR6FNMRBV",29544,8379,3807,3206866,301,0,0,1,0.0,neutral
1970892624690282591,9,September,Wed Sep 24 16:46:33 +0000 2025,"Hoy, junto a @LulaOficial, @GabrielBoric, @petrogustavo y @OrsiYamandu, defendemos más democracia frente a las mentiras y el retroceso.

Nuestro compromiso es firme. Por ello, España acogerá en 2026 una nueva edición de esta iniciativa en Defensa de la Democracia. https://t.co/WL17Os0GQz",13633,3285,1358,307919,288,0,4,1,0.0,neutral
1983982376922575259,10,October,Thu Oct 30 19:40:33 +0000 2025,"LO DE LAS GAFAS.

https://t.co/rwBFv1mZMv",18216,2587,2787,8807432,41,0,0,1,0.0,neutral
1983452553451815153,10,October,Wed Oct 29 08:35:14 +0000 2025,"Un año despúes, nuestro homenaje a las víctimas de la DANA y a la gente que aún está reconstruyendo su vida.

A los miles de voluntarios y trabajadores públicos, ejemplo de solidaridad y compromiso que nos definen como sociedad.

Hoy y siempre, nuestro recuerdo y respeto. https://t.co/e4GZN5fM81",6288,1641,3384,283583,296,0,0,1,0.0,neutral
1983139298061812125,10,October,Tue Oct 28 11:50:28 +0000 2025,"Mi más sincero pésame y todo mi cariño a la familia y amigos de la mujer asesinada en Murcia. 

No nos vamos a callar nunca ante la violencia contra las mujeres. 

Unidad y firmeza ante el terrorismo machista. 

#NiUnaMenos",2668,580,690,313359,223,1,0,0,-0.296,negative
1982424230755963228,10,October,Sun Oct 26 12:29:02 +0000 2025,"Ayuso y su insumisión, Moreno Bonilla y sus cribados, Mañueco y sus incendios, Mazón… 

¿Y alguién sabe dónde está Feijóo?

Al frente del PP no hay ha nadie al volante. https://t.co/Li8TRT35lB",6496,1867,2546,196046,192,0,0,1,-0.5,negative
1982418543137231098,10,October,Sun Oct 26 12:06:26 +0000 2025,"Hace un año, la negligencia de Mazón causó una auténtica tragedia.

La gestión que hizo la Generalitat Valenciana en la DANA fue negligente.

Pero el apoyo que le prestan, un año después, Feijóo y Abascal es INDECENTE. https://t.co/5wntOXe1OE",11304,2740,5418,1670530,242,0,0,1,0.0,neutral
1982415867720921263,10,October,Sun Oct 26 11:55:49 +0000 2025,"Recortes, mala gestión y mentiras.

El Partido Popular siempre sigue el mismo patrón. https://t.co/xxC2IPBKpO",3113,930,1881,96930,109,0,0,1,0.4215,positive
1981796491720261957,10,October,Fri Oct 24 18:54:38 +0000 2025,"Los Premios Princesa de Asturias demuestran la fuerza del pensamiento, la cultura y la ciencia como motores de transformación social.
‌
Felicidades a todos los galardonados y galardonadas, cuyo ejemplo ilumina el camino hacia una sociedad más justa, libre, moderna y solidaria. https://t.co/RGOLXjeObD",2193,510,532,87737,301,0,0,1,0.0,neutral
1981757278597570956,10,October,Fri Oct 24 16:18:49 +0000 2025,"La Coalición de Voluntarios para Ucrania nos hemos reunido para reforzar nuestro compromiso común.

España seguirá al lado de Ucrania con apoyo militar, formación y ayuda humanitaria hasta lograr una paz justa y duradera. https://t.co/4jJa0oAdMU",1941,545,915,83451,245,0,0,1,0.0,neutral
1981648544038523032,10,October,Fri Oct 24 09:06:44 +0000 2025,"80 años después del nacimiento de Naciones Unidas, su labor por la paz, los derechos humanos y la justicia global sigue siendo imprescindible.

España seguirá defendiendo el multilateralismo y el derecho internacional para afrontar los desafíos conjuntos.

#UNDay https://t.co/xR6My15g0g",1368,508,672,51142,287,1,0,1,0.0,neutral
1981625112483799545,10,October,Fri Oct 24 07:33:38 +0000 2025,"Hoy, España vuelve a demostrar su fortaleza con un nuevo récord de ocupación: 22,4 millones de personas trabajando.

Más estabilidad, más oportunidades, más futuro.

Seguimos avanzando.",4914,1202,1850,924624,185,0,0,0,0.0,neutral
1981470141410906382,10,October,Thu Oct 23 21:17:50 +0000 2025,"Hoy tenemos un horizonte de esperanza en Oriente Próximo.

Una oportunidad para alcanzar la paz.

El último fin debe ser la coexistencia de dos Estados, Israel y Palestina, que puedan vivir en paz y seguridad. https://t.co/xuwSXqmCLc",1820,517,694,74941,233,0,0,1,0.0,neutral
1981277146279493758,10,October,Thu Oct 23 08:30:56 +0000 2025,"Hoy pediré a los líderes europeos más ambición ante un problema que afecta a toda Europa: la vivienda.

Con más medidas para frenar la especulación, gestionar las zonas tensionadas y un paquete de financiación para impulsar más vivienda pública, sostenible y asequible. https://t.co/twBotSDWu5",4142,1222,3190,574544,293,0,0,1,0.0,neutral
1981099578964516967,10,October,Wed Oct 22 20:45:21 +0000 2025,"Participo en Bruselas en la cena de líderes con el presidente @AlsisiOfficial.

Egipto es un socio esencial para la estabilidad regional y un actor clave en los esfuerzos de diálogo.

Juntos, Europa y Egipto seguiremos trabajando por la paz y la prosperidad del Mediterráneo. https://t.co/M9Bsp3UvIL",3655,965,944,136289,299,0,1,1,0.0,neutral
1980933214589116779,10,October,Wed Oct 22 09:44:16 +0000 2025,"Decimos adiós a Francisco Sánchez, pionero de la astrofísica española.

Convirtió los cielos de Canarias en un balcón único para descubrir estrellas.

Nos deja en herencia los cielos de esas islas que tanto amó: el mejor lugar de la Tierra desde el que explorar el universo.

DEP.",2587,605,298,98189,280,0,0,0,0.0,neutral
1980904782442426473,10,October,Wed Oct 22 07:51:18 +0000 2025,"Este Gobierno gobierna y aprueba medidas para mejorar la vida de la gente.

Usted, señor Feijóo, renuncia a hacer una oposición útil y a poner orden en el PP.

De hecho, está a un tris de renunciar a ser el jefe de la oposición y ceder sus escaños al señor Abascal. https://t.co/vygJd6KqFT",5469,1551,2296,136436,289,0,0,1,0.0,neutral
1980706263580188774,10,October,Tue Oct 21 18:42:27 +0000 2025,"Se confirma hoy una segunda víctima mortal de la violencia machista. Todo mi cariño y mis condolencias para la familia y amigos de la mujer asesinada en Madrid.

Con la fuerza y unidad de todas las instituciones, de toda la sociedad, debemos erradicar la #ViolenciaDeGénero.",1453,402,486,135949,274,1,0,0,0.0,neutral
1980686909971300554,10,October,Tue Oct 21 17:25:33 +0000 2025,"He hablado con @Rodrigo_PazP para felicitarlo por su triunfo electoral y expresarle el compromiso de España con Bolivia. 

En esta nueva etapa, reafirmamos nuestra voluntad de seguir fortaleciendo una relación basada en la cooperación, la amistad y el respeto mutuo.",834,213,290,44466,266,0,1,0,0.0,neutral
1980654141052776543,10,October,Tue Oct 21 15:15:20 +0000 2025,"España seguirá apoyando a Ucrania hasta que se alcance una paz justa y duradera.

Continuaremos entregando ayuda coordinados con Ucrania para asegurar que es lo que necesita en cada momento.

Así se lo he trasladado al presidente @ZelenskyyUa en nuestra conversación telefónica.",1460,394,729,133460,278,0,1,0,0.0,neutral
1980637784692965474,10,October,Tue Oct 21 14:10:20 +0000 2025,"Me he reunido hoy con el consejero delegado de @Roche, a quien he felicitado por la fabricación en España, junto a Rovi, de un nuevo medicamento para la diabetes y la obesidad.

Un impulso a la innovación biomédica y la industria farmacéutica que tendrá un impacto económico de https://t.co/Rna5kHYQNq",3312,792,534,104912,301,0,1,1,0.0,neutral
1980569042181071210,10,October,Tue Oct 21 09:37:11 +0000 2025,"Todo mi cariño a la familia y amigos de la mujer asesinada en Gipuzkoa.

Es tarea de todos y todas acabar con la violencia machista.

Unidad y firmeza hasta alcanzar una sociedad libre de esta violencia estructural que tanto dolor provoca. 

#NiUnaMenos",1473,401,387,113578,253,1,0,0,0.0,neutral
1983982376922575259,10,October,Thu Oct 30 19:40:33 +0000 2025,"LO DE LAS GAFAS.

https://t.co/rwBFv1mZMv",18216,2587,2787,8807432,41,0,0,1,0.0,neutral
1983452553451815153,10,October,Wed Oct 29 08:35:14 +0000 2025,"Un año despúes, nuestro homenaje a las víctimas de la DANA y a la gente que aún está reconstruyendo su vida.

A los miles de voluntarios y trabajadores públicos, ejemplo de solidaridad y compromiso que nos definen como sociedad.

Hoy y siempre, nuestro recuerdo y respeto. https://t.co/e4GZN5fM81",6288,1641,3384,283583,296,0,0,1,0.0,neutral
1983139298061812125,10,October,Tue Oct 28 11:50:28 +0000 2025,"Mi más sincero pésame y todo mi cariño a la familia y amigos de la mujer asesinada en Murcia. 

No nos vamos a callar nunca ante la violencia contra las mujeres. 

Unidad y firmeza ante el terrorismo machista. 

#NiUnaMenos",2668,580,690,313359,223,1,0,0,-0.296,negative
1982424230755963228,10,October,Sun Oct 26 12:29:02 +0000 2025,"Ayuso y su insumisión, Moreno Bonilla y sus cribados, Mañueco y sus incendios, Mazón… 

¿Y alguién sabe dónde está Feijóo?

Al frente del PP no hay ha nadie al volante. https://t.co/Li8TRT35lB",6496,1867,2546,196046,192,0,0,1,-0.5,negative
1982418543137231098,10,October,Sun Oct 26 12:06:26 +0000 2025,"Hace un año, la negligencia de Mazón causó una auténtica tragedia.

La gestión que hizo la Generalitat Valenciana en la DANA fue negligente.

Pero el apoyo que le prestan, un año después, Feijóo y Abascal es INDECENTE. https://t.co/5wntOXe1OE",11304,2740,5418,1670530,242,0,0,1,0.0,neutral
1982415867720921263,10,October,Sun Oct 26 11:55:49 +0000 2025,"Recortes, mala gestión y mentiras.

El Partido Popular siempre sigue el mismo patrón. https://t.co/xxC2IPBKpO",3113,930,1881,96930,109,0,0,1,0.4215,positive
1981796491720261957,10,October,Fri Oct 24 18:54:38 +0000 2025,"Los Premios Princesa de Asturias demuestran la fuerza del pensamiento, la cultura y la ciencia como motores de transformación social.
‌
Felicidades a todos los galardonados y galardonadas, cuyo ejemplo ilumina el camino hacia una sociedad más justa, libre, moderna y solidaria. https://t.co/RGOLXjeObD",2193,510,532,87737,301,0,0,1,0.0,neutral
1981757278597570956,10,October,Fri Oct 24 16:18:49 +0000 2025,"La Coalición de Voluntarios para Ucrania nos hemos reunido para reforzar nuestro compromiso común.

España seguirá al lado de Ucrania con apoyo militar, formación y ayuda humanitaria hasta lograr una paz justa y duradera. https://t.co/4jJa0oAdMU",1941,545,915,83451,245,0,0,1,0.0,neutral
1981648544038523032,10,October,Fri Oct 24 09:06:44 +0000 2025,"80 años después del nacimiento de Naciones Unidas, su labor por la paz, los derechos humanos y la justicia global sigue siendo imprescindible.

España seguirá defendiendo el multilateralismo y el derecho internacional para afrontar los desafíos conjuntos.

#UNDay https://t.co/xR6My15g0g",1368,508,672,51142,287,1,0,1,0.0,neutral
1981625112483799545,10,October,Fri Oct 24 07:33:38 +0000 2025,"Hoy, España vuelve a demostrar su fortaleza con un nuevo récord de ocupación: 22,4 millones de personas trabajando.

Más estabilidad, más oportunidades, más futuro.

Seguimos avanzando.",4914,1202,1850,924624,185,0,0,0,0.0,neutral
1981470141410906382,10,October,Thu Oct 23 21:17:50 +0000 2025,"Hoy tenemos un horizonte de esperanza en Oriente Próximo.

Una oportunidad para alcanzar la paz.

El último fin debe ser la coexistencia de dos Estados, Israel y Palestina, que puedan vivir en paz y seguridad. https://t.co/xuwSXqmCLc",1820,517,694,74941,233,0,0,1,0.0,neutral
1981277146279493758,10,October,Thu Oct 23 08:30:56 +0000 2025,"Hoy pediré a los líderes europeos más ambición ante un problema que afecta a toda Europa: la vivienda.

Con más medidas para frenar la especulación, gestionar las zonas tensionadas y un paquete de financiación para impulsar más vivienda pública, sostenible y asequible. https://t.co/twBotSDWu5",4142,1222,3190,574544,293,0,0,1,0.0,neutral
1981099578964516967,10,October,Wed Oct 22 20:45:21 +0000 2025,"Participo en Bruselas en la cena de líderes con el presidente @AlsisiOfficial.

Egipto es un socio esencial para la estabilidad regional y un actor clave en los esfuerzos de diálogo.

Juntos, Europa y Egipto seguiremos trabajando por la paz y la prosperidad del Mediterráneo. https://t.co/M9Bsp3UvIL",3655,965,944,136289,299,0,1,1,0.0,neutral
1980933214589116779,10,October,Wed Oct 22 09:44:16 +0000 2025,"Decimos adiós a Francisco Sánchez, pionero de la astrofísica española.

Convirtió los cielos de Canarias en un balcón único para descubrir estrellas.

Nos deja en herencia los cielos de esas islas que tanto amó: el mejor lugar de la Tierra desde el que explorar el universo.

DEP.",2587,605,298,98189,280,0,0,0,0.0,neutral
1980904782442426473,10,October,Wed Oct 22 07:51:18 +0000 2025,"Este Gobierno gobierna y aprueba medidas para mejorar la vida de la gente.

Usted, señor Feijóo, renuncia a hacer una oposición útil y a poner orden en el PP.

De hecho, está a un tris de renunciar a ser el jefe de la oposición y ceder sus escaños al señor Abascal. https://t.co/vygJd6KqFT",5469,1551,2296,136436,289,0,0,1,0.0,neutral
1980706263580188774,10,October,Tue Oct 21 18:42:27 +0000 2025,"Se confirma hoy una segunda víctima mortal de la violencia machista. Todo mi cariño y mis condolencias para la familia y amigos de la mujer asesinada en Madrid.

Con la fuerza y unidad de todas las instituciones, de toda la sociedad, debemos erradicar la #ViolenciaDeGénero.",1453,402,486,135949,274,1,0,0,0.0,neutral
1980686909971300554,10,October,Tue Oct 21 17:25:33 +0000 2025,"He hablado con @Rodrigo_PazP para felicitarlo por su triunfo electoral y expresarle el compromiso de España con Bolivia. 

En esta nueva etapa, reafirmamos nuestra voluntad de seguir fortaleciendo una relación basada en la cooperación, la amistad y el respeto mutuo.",834,213,290,44466,266,0,1,0,0.0,neutral
1980654141052776543,10,October,Tue Oct 21 15:15:20 +0000 2025,"España seguirá apoyando a Ucrania hasta que se alcance una paz justa y duradera.

Continuaremos entregando ayuda coordinados con Ucrania para asegurar que es lo que necesita en cada momento.

Así se lo he trasladado al presidente @ZelenskyyUa en nuestra conversación telefónica.",1460,394,729,133460,278,0,1,0,0.0,neutral
1980637784692965474,10,October,Tue Oct 21 14:10:20 +0000 2025,"Me he reunido hoy con el consejero delegado de @Roche, a quien he felicitado por la fabricación en España, junto a Rovi, de un nuevo medicamento para la diabetes y la obesidad.

Un impulso a la innovación biomédica y la industria farmacéutica que tendrá un impacto económico de https://t.co/Rna5kHYQNq",3312,792,534,104912,301,0,1,1,0.0,neutral
1980569042181071210,10,October,Tue Oct 21 09:37:11 +0000 2025,"Todo mi cariño a la familia y amigos de la mujer asesinada en Gipuzkoa.

Es tarea de todos y todas acabar con la violencia machista.

Unidad y firmeza hasta alcanzar una sociedad libre de esta violencia estructural que tanto dolor provoca. 

#NiUnaMenos",1473,401,387,113578,253,1,0,0,0.0,neutral
1994746120548028577,11,November,Sat Nov 29 12:31:50 +0000 2025,"Se cumplen 26 años del fallecimiento de Carmen Díez de Rivera, una figura clave en la Transición española y la primera mujer jefa de Gabinete de un presidente de Gobierno.

En memoria de su legado, el Gobierno le reconocerá con la Encomienda de la Orden Española de Carlos III. https://t.co/nPYefA5Lgt",4038,895,791,259985,301,0,0,1,0.0,neutral
1994714740669493296,11,November,Sat Nov 29 10:27:08 +0000 2025,"Dependerá de nosotros reconstruir el mundo que la derecha y la extrema derecha están destruyendo.

Con salarios dignos, con viviendas asequibles y con más derechos

La izquierda es la única brújula que aún apunta hacia un norte de dignidad, igualdad y justicia. https://t.co/hay1iDY2qw",7065,2007,6715,1992374,285,0,0,1,0.0,neutral
1994671098491748507,11,November,Sat Nov 29 07:33:43 +0000 2025,"En este Día Internacional de Solidaridad con el Pueblo Palestino, honramos la resiliencia de un pueblo que nunca ha renunciado a la esperanza.

España estará a su lado con humanidad y con la firme convicción de que la solución de los dos Estados es imprescindible para que la paz",4014,1025,1147,119248,279,0,0,0,0.34,positive
1994373463625314730,11,November,Fri Nov 28 11:51:02 +0000 2025,"Mi más sentido pésame y mi cariño para las familias de las dos mujeres asesinadas en Málaga por la #ViolenciadeGénero.

Debemos eliminar esta sinrazón desde cada esfera de nuestra sociedad. Firmes, sin dar ni un paso atrás, unidos y unidas.

Llama al 016, #NiUnaMás.",2718,703,895,210765,266,2,0,0,-0.5574,negative
1994075472683008363,11,November,Thu Nov 27 16:06:55 +0000 2025,"Reforzar las condiciones de quienes trabajan en el empleo público es reforzar nuestro Estado del bienestar y garantizar derechos para toda la ciudadanía.

El acuerdo alcanzado hoy es un triunfo de la voluntad de diálogo y un ejemplo de consenso para mejorar la vida de la gente. https://t.co/4N76Bvqa27",2795,841,2724,160946,302,0,0,1,0.0,neutral
1994032161771626501,11,November,Thu Nov 27 13:14:49 +0000 2025,"Es un honor recibir al presidente de Alemania, Frank-Walter Steinmeier.

Su visita a España honra la defensa común de la democracia en Europa y deja patente la sintonía y colaboración entre nuestros países. https://t.co/S3YOIBU1zo",3200,816,1032,109212,230,0,0,1,0.4939,positive
1993703672208089591,11,November,Wed Nov 26 15:29:31 +0000 2025,"Me he reunido con el secretario general de la @OECD, @MathiasCormann, al que he felicitado por su reelección.

Hemos analizado el informe sobre España, que revisa al alza las previsiones de nuestro país, el refuerzo del multilateralismo y cómo fortalecer nuestra cooperación. https://t.co/gl5c36sm9C",1441,401,734,53143,299,0,2,1,0.0,neutral
1993609673149403518,11,November,Wed Nov 26 09:16:00 +0000 2025,"La izquierda no pide ni permiso ni perdón para gobernar.

Ahí están los resultados de la gestión de este Gobierno: 22 millones de personas ocupadas, creciendo lo que no crece otra economía en Europa y reduciendo el déficit y la deuda pública. https://t.co/8G9xQC8G36",6535,1951,2082,121016,266,0,0,1,-0.5267,negative
1993607237252816982,11,November,Wed Nov 26 09:06:19 +0000 2025,"Entre la mentira y la verdad, este Gobierno va a estar siempre con la verdad.

El tiempo pondrá las cosas en su sitio. https://t.co/qGROxlDAZe",5014,1423,5293,319497,142,0,0,1,0.0,neutral
1993356875338072446,11,November,Tue Nov 25 16:31:28 +0000 2025,"He participado en la reunión de la Coalición de Voluntarios para reforzar nuestro apoyo a Ucrania. 

Estamos en un momento decisivo para lograr una paz justa y duradera. 

La unidad y el compromiso son más importantes que nunca. Sigamos trabajando juntos. https://t.co/tmxn3AsAJ1",1548,420,772,49325,279,0,0,1,0.0,neutral
1993339796039909867,11,November,Tue Nov 25 15:23:36 +0000 2025,"El Tribunal de Justicia de la Unión Europea acaba de dictaminar que todos los países de la UE deberán reconocer el matrimonio entre personas del mismo sexo.

De Madrid a Berlín, de Atenas a Budapest. Un 'sí, quiero' que cruza el continente.

Frente al odio, amor y libertad.",16606,2915,881,322364,274,0,0,0,0.6124,positive
1993280130643640484,11,November,Tue Nov 25 11:26:31 +0000 2025,"Bravo, Oriol Pla y todo el equipo de '#SeAcabó: Diario de las campeonas', habéis hecho historia en los Emmy Internacional.

¡Orgullosos de vosotros, de nuestro cine español y de nuestra cultura!",3579,568,228,111386,194,1,0,0,0.0,neutral
1993226612461212156,11,November,Tue Nov 25 07:53:51 +0000 2025,"España ha avanzado mucho en la lucha contra la violencia hacia las mujeres.

Pero la violencia machista sigue entre nosotros, también aquí, en las redes sociales.

Este 25N sigamos reivindicando la igualdad, no como un slogan, sino como una responsabilidad colectiva.

#NiUnaMenos https://t.co/LQCTmspAlv",5509,1353,1083,172903,304,1,0,1,0.0516,positive
1993037410364801116,11,November,Mon Nov 24 19:22:02 +0000 2025,"He reafirmado con el presidente de Kenia, @WilliamsRuto, la voluntad  de España de impulsar nuestra relación económica y comercial. 

Las empresas españolas ya operan en sectores clave y el Acuerdo UE–Kenia puede dar un nuevo impulso para generar prosperidad y atraer inversiones. https://t.co/5kDmIuSO8E",1161,319,645,77060,304,0,1,1,0.0,neutral
1993021578100060238,11,November,Mon Nov 24 18:19:07 +0000 2025,"Acabo de hablar con @ZelenskyyUa sobre las negociaciones en Ginebra para mostrarle mi apoyo en estos momentos tan críticos.

Tras casi cuatro años de guerra, nuestra determinación sigue siendo firme. Apoyamos una paz que respete la soberanía del pueblo ucraniano, pues solo así",2021,510,597,111883,277,0,1,0,0.0,neutral
1992997096954511368,11,November,Mon Nov 24 16:41:50 +0000 2025,"Un placer reunirme con el presidente de Sudáfrica, @CyrilRamaphosa, a quien he felicitado por el éxito del #G20 en Johannesburgo.

Avanzamos para consolidar una alianza fuerte y capaz de afrontar los grandes retos globales: desigualdad, conflictos y sostenibilidad climática. https://t.co/peq7EZOF0O",1045,320,398,32291,299,1,1,1,0.0,neutral
1992974580827168854,11,November,Mon Nov 24 15:12:22 +0000 2025,"Con el presidente del Banco Africano para el Desarrollo, Sidi Ould Tah, abordamos la necesidad de movilizar más capital público y privado para el desarrollo del continente, en el marco del Compromiso de Sevilla.

España quiere reforzar su compromiso y vinculación con @AfDB_Group. https://t.co/n51jYRqnEe",1078,321,688,193164,304,0,1,1,0.0,neutral
1992951778510328127,11,November,Mon Nov 24 13:41:45 +0000 2025,"Angola es hoy el centro del diálogo entre África y Europa.

Más de 80 países reunidos trabajando por la seguridad, la prosperidad y el desarrollo sostenible.

España siempre ha mirado a África con compromiso, apostando por una alianza estratégica y de futuro compartido. https://t.co/tRGiipREY9",1954,570,923,60312,294,0,0,1,0.34,positive
1992572671822041349,11,November,Sun Nov 23 12:35:19 +0000 2025,"Renunciar al multilateralismo sería un error histórico.

Por eso, España seguirá impulsando un sistema internacional más fuerte, más justo y más eficaz.

Solo juntos podremos responder a los grandes desafíos de nuestro tiempo. https://t.co/J70XHix2yL",2473,703,1210,69708,250,0,0,1,-0.4019,negative
1992251332149776815,11,November,Sat Nov 22 15:18:26 +0000 2025,"En un momento tan crítico para la seguridad de Europa, los líderes europeos hemos reafirmado en el G20 nuestro rotundo apoyo a Ucrania.

La paz en Ucrania debe ser justa, duradera y sostenible. 

Europa no fallará al pueblo ucraniano. https://t.co/73qoCa2rxD",4158,1029,1232,417338,258,0,0,1,-0.296,negative
1994746120548028577,11,November,Sat Nov 29 12:31:50 +0000 2025,"Se cumplen 26 años del fallecimiento de Carmen Díez de Rivera, una figura clave en la Transición española y la primera mujer jefa de Gabinete de un presidente de Gobierno.

En memoria de su legado, el Gobierno le reconocerá con la Encomienda de la Orden Española de Carlos III. https://t.co/nPYefA5Lgt",4038,895,791,259983,301,0,0,1,0.0,neutral
1994714740669493296,11,November,Sat Nov 29 10:27:08 +0000 2025,"Dependerá de nosotros reconstruir el mundo que la derecha y la extrema derecha están destruyendo.

Con salarios dignos, con viviendas asequibles y con más derechos

La izquierda es la única brújula que aún apunta hacia un norte de dignidad, igualdad y justicia. https://t.co/hay1iDY2qw",7065,2007,6715,1992372,285,0,0,1,0.0,neutral
1994671098491748507,11,November,Sat Nov 29 07:33:43 +0000 2025,"En este Día Internacional de Solidaridad con el Pueblo Palestino, honramos la resiliencia de un pueblo que nunca ha renunciado a la esperanza.

España estará a su lado con humanidad y con la firme convicción de que la solución de los dos Estados es imprescindible para que la paz",4014,1025,1147,119248,279,0,0,0,0.34,positive
1994373463625314730,11,November,Fri Nov 28 11:51:02 +0000 2025,"Mi más sentido pésame y mi cariño para las familias de las dos mujeres asesinadas en Málaga por la #ViolenciadeGénero.

Debemos eliminar esta sinrazón desde cada esfera de nuestra sociedad. Firmes, sin dar ni un paso atrás, unidos y unidas.

Llama al 016, #NiUnaMás.",2718,703,895,210765,266,2,0,0,-0.5574,negative
1994075472683008363,11,November,Thu Nov 27 16:06:55 +0000 2025,"Reforzar las condiciones de quienes trabajan en el empleo público es reforzar nuestro Estado del bienestar y garantizar derechos para toda la ciudadanía.

El acuerdo alcanzado hoy es un triunfo de la voluntad de diálogo y un ejemplo de consenso para mejorar la vida de la gente. https://t.co/4N76Bvqa27",2795,841,2724,160945,302,0,0,1,0.0,neutral
1994032161771626501,11,November,Thu Nov 27 13:14:49 +0000 2025,"Es un honor recibir al presidente de Alemania, Frank-Walter Steinmeier.

Su visita a España honra la defensa común de la democracia en Europa y deja patente la sintonía y colaboración entre nuestros países. https://t.co/S3YOIBU1zo",3200,816,1032,109211,230,0,0,1,0.4939,positive
1993703672208089591,11,November,Wed Nov 26 15:29:31 +0000 2025,"Me he reunido con el secretario general de la @OECD, @MathiasCormann, al que he felicitado por su reelección.

Hemos analizado el informe sobre España, que revisa al alza las previsiones de nuestro país, el refuerzo del multilateralismo y cómo fortalecer nuestra cooperación. https://t.co/gl5c36sm9C",1441,401,734,53142,299,0,2,1,0.0,neutral
1993609673149403518,11,November,Wed Nov 26 09:16:00 +0000 2025,"La izquierda no pide ni permiso ni perdón para gobernar.

Ahí están los resultados de la gestión de este Gobierno: 22 millones de personas ocupadas, creciendo lo que no crece otra economía en Europa y reduciendo el déficit y la deuda pública. https://t.co/8G9xQC8G36",6536,1951,2082,121017,266,0,0,1,-0.5267,negative
1993607237252816982,11,November,Wed Nov 26 09:06:19 +0000 2025,"Entre la mentira y la verdad, este Gobierno va a estar siempre con la verdad.

El tiempo pondrá las cosas en su sitio. https://t.co/qGROxlDAZe",5014,1423,5293,319497,142,0,0,1,0.0,neutral
1993356875338072446,11,November,Tue Nov 25 16:31:28 +0000 2025,"He participado en la reunión de la Coalición de Voluntarios para reforzar nuestro apoyo a Ucrania. 

Estamos en un momento decisivo para lograr una paz justa y duradera. 

La unidad y el compromiso son más importantes que nunca. Sigamos trabajando juntos. https://t.co/tmxn3AsAJ1",1548,420,772,49325,279,0,0,1,0.0,neutral
1993339796039909867,11,November,Tue Nov 25 15:23:36 +0000 2025,"El Tribunal de Justicia de la Unión Europea acaba de dictaminar que todos los países de la UE deberán reconocer el matrimonio entre personas del mismo sexo.

De Madrid a Berlín, de Atenas a Budapest. Un 'sí, quiero' que cruza el continente.

Frente al odio, amor y libertad.",16606,2915,881,322364,274,0,0,0,0.6124,positive
1993280130643640484,11,November,Tue Nov 25 11:26:31 +0000 2025,"Bravo, Oriol Pla y todo el equipo de '#SeAcabó: Diario de las campeonas', habéis hecho historia en los Emmy Internacional.

¡Orgullosos de vosotros, de nuestro cine español y de nuestra cultura!",3579,568,228,111386,194,1,0,0,0.0,neutral
1993226612461212156,11,November,Tue Nov 25 07:53:51 +0000 2025,"España ha avanzado mucho en la lucha contra la violencia hacia las mujeres.

Pero la violencia machista sigue entre nosotros, también aquí, en las redes sociales.

Este 25N sigamos reivindicando la igualdad, no como un slogan, sino como una responsabilidad colectiva.

#NiUnaMenos https://t.co/LQCTmspAlv",5509,1352,1083,172903,304,1,0,1,0.0516,positive
1993037410364801116,11,November,Mon Nov 24 19:22:02 +0000 2025,"He reafirmado con el presidente de Kenia, @WilliamsRuto, la voluntad  de España de impulsar nuestra relación económica y comercial. 

Las empresas españolas ya operan en sectores clave y el Acuerdo UE–Kenia puede dar un nuevo impulso para generar prosperidad y atraer inversiones. https://t.co/5kDmIuSO8E",1161,319,645,77060,304,0,1,1,0.0,neutral
1993021578100060238,11,November,Mon Nov 24 18:19:07 +0000 2025,"Acabo de hablar con @ZelenskyyUa sobre las negociaciones en Ginebra para mostrarle mi apoyo en estos momentos tan críticos.

Tras casi cuatro años de guerra, nuestra determinación sigue siendo firme. Apoyamos una paz que respete la soberanía del pueblo ucraniano, pues solo así",2021,510,597,111883,277,0,1,0,0.0,neutral
1992997096954511368,11,November,Mon Nov 24 16:41:50 +0000 2025,"Un placer reunirme con el presidente de Sudáfrica, @CyrilRamaphosa, a quien he felicitado por el éxito del #G20 en Johannesburgo.

Avanzamos para consolidar una alianza fuerte y capaz de afrontar los grandes retos globales: desigualdad, conflictos y sostenibilidad climática. https://t.co/peq7EZOF0O",1045,320,398,32291,299,1,1,1,0.0,neutral
1992974580827168854,11,November,Mon Nov 24 15:12:22 +0000 2025,"Con el presidente del Banco Africano para el Desarrollo, Sidi Ould Tah, abordamos la necesidad de movilizar más capital público y privado para el desarrollo del continente, en el marco del Compromiso de Sevilla.

España quiere reforzar su compromiso y vinculación con @AfDB_Group. https://t.co/n51jYRqnEe",1078,321,688,193164,304,0,1,1,0.0,neutral
1992951778510328127,11,November,Mon Nov 24 13:41:45 +0000 2025,"Angola es hoy el centro del diálogo entre África y Europa.

Más de 80 países reunidos trabajando por la seguridad, la prosperidad y el desarrollo sostenible.

España siempre ha mirado a África con compromiso, apostando por una alianza estratégica y de futuro compartido. https://t.co/tRGiipREY9",1954,570,923,60312,294,0,0,1,0.34,positive
1992572671822041349,11,November,Sun Nov 23 12:35:19 +0000 2025,"Renunciar al multilateralismo sería un error histórico.

Por eso, España seguirá impulsando un sistema internacional más fuerte, más justo y más eficaz.

Solo juntos podremos responder a los grandes desafíos de nuestro tiempo. https://t.co/J70XHix2yL",2473,703,1210,69708,250,0,0,1,-0.4019,negative
1992251332149776815,11,November,Sat Nov 22 15:18:26 +0000 2025,"En un momento tan crítico para la seguridad de Europa, los líderes europeos hemos reafirmado en el G20 nuestro rotundo apoyo a Ucrania.

La paz en Ucrania debe ser justa, duradera y sostenible. 

Europa no fallará al pueblo ucraniano. https://t.co/73qoCa2rxD",4157,1029,1232,417338,258,0,0,1,-0.296,negative
1994746120548028577,11,November,Sat Nov 29 12:31:50 +0000 2025,"Se cumplen 26 años del fallecimiento de Carmen Díez de Rivera, una figura clave en la Transición española y la primera mujer jefa de Gabinete de un presidente de Gobierno.

En memoria de su legado, el Gobierno le reconocerá con la Encomienda de la Orden Española de Carlos III. https://t.co/nPYefA5Lgt",4038,895,791,259985,301,0,0,1,0.0,neutral
1994714740669493296,11,November,Sat Nov 29 10:27:08 +0000 2025,"Dependerá de nosotros reconstruir el mundo que la derecha y la extrema derecha están destruyendo.

Con salarios dignos, con viviendas asequibles y con más derechos

La izquierda es la única brújula que aún apunta hacia un norte de dignidad, igualdad y justicia. https://t.co/hay1iDY2qw",7065,2007,6715,1992374,285,0,0,1,0.0,neutral
1994671098491748507,11,November,Sat Nov 29 07:33:43 +0000 2025,"En este Día Internacional de Solidaridad con el Pueblo Palestino, honramos la resiliencia de un pueblo que nunca ha renunciado a la esperanza.

España estará a su lado con humanidad y con la firme convicción de que la solución de los dos Estados es imprescindible para que la paz",4014,1025,1147,119248,279,0,0,0,0.34,positive
1994373463625314730,11,November,Fri Nov 28 11:51:02 +0000 2025,"Mi más sentido pésame y mi cariño para las familias de las dos mujeres asesinadas en Málaga por la #ViolenciadeGénero.

Debemos eliminar esta sinrazón desde cada esfera de nuestra sociedad. Firmes, sin dar ni un paso atrás, unidos y unidas.

Llama al 016, #NiUnaMás.",2718,703,895,210765,266,2,0,0,-0.5574,negative
1994075472683008363,11,November,Thu Nov 27 16:06:55 +0000 2025,"Reforzar las condiciones de quienes trabajan en el empleo público es reforzar nuestro Estado del bienestar y garantizar derechos para toda la ciudadanía.

El acuerdo alcanzado hoy es un triunfo de la voluntad de diálogo y un ejemplo de consenso para mejorar la vida de la gente. https://t.co/4N76Bvqa27",2795,841,2724,160946,302,0,0,1,0.0,neutral
1994032161771626501,11,November,Thu Nov 27 13:14:49 +0000 2025,"Es un honor recibir al presidente de Alemania, Frank-Walter Steinmeier.

Su visita a España honra la defensa común de la democracia en Europa y deja patente la sintonía y colaboración entre nuestros países. https://t.co/S3YOIBU1zo",3200,816,1032,109212,230,0,0,1,0.4939,positive
1993703672208089591,11,November,Wed Nov 26 15:29:31 +0000 2025,"Me he reunido con el secretario general de la @OECD, @MathiasCormann, al que he felicitado por su reelección.

Hemos analizado el informe sobre España, que revisa al alza las previsiones de nuestro país, el refuerzo del multilateralismo y cómo fortalecer nuestra cooperación. https://t.co/gl5c36sm9C",1441,401,734,53143,299,0,2,1,0.0,neutral
1993609673149403518,11,November,Wed Nov 26 09:16:00 +0000 2025,"La izquierda no pide ni permiso ni perdón para gobernar.

Ahí están los resultados de la gestión de este Gobierno: 22 millones de personas ocupadas, creciendo lo que no crece otra economía en Europa y reduciendo el déficit y la deuda pública. https://t.co/8G9xQC8G36",6535,1951,2082,121016,266,0,0,1,-0.5267,negative
1993607237252816982,11,November,Wed Nov 26 09:06:19 +0000 2025,"Entre la mentira y la verdad, este Gobierno va a estar siempre con la verdad.

El tiempo pondrá las cosas en su sitio. https://t.co/qGROxlDAZe",5014,1423,5293,319497,142,0,0,1,0.0,neutral
1993356875338072446,11,November,Tue Nov 25 16:31:28 +0000 2025,"He participado en la reunión de la Coalición de Voluntarios para reforzar nuestro apoyo a Ucrania. 

Estamos en un momento decisivo para lograr una paz justa y duradera. 

La unidad y el compromiso son más importantes que nunca. Sigamos trabajando juntos. https://t.co/tmxn3AsAJ1",1548,420,772,49325,279,0,0,1,0.0,neutral
1993339796039909867,11,November,Tue Nov 25 15:23:36 +0000 2025,"El Tribunal de Justicia de la Unión Europea acaba de dictaminar que todos los países de la UE deberán reconocer el matrimonio entre personas del mismo sexo.

De Madrid a Berlín, de Atenas a Budapest. Un 'sí, quiero' que cruza el continente.

Frente al odio, amor y libertad.",16606,2915,881,322364,274,0,0,0,0.6124,positive
1993280130643640484,11,November,Tue Nov 25 11:26:31 +0000 2025,"Bravo, Oriol Pla y todo el equipo de '#SeAcabó: Diario de las campeonas', habéis hecho historia en los Emmy Internacional.

¡Orgullosos de vosotros, de nuestro cine español y de nuestra cultura!",3579,568,228,111386,194,1,0,0,0.0,neutral
1993226612461212156,11,November,Tue Nov 25 07:53:51 +0000 2025,"España ha avanzado mucho en la lucha contra la violencia hacia las mujeres.

Pero la violencia machista sigue entre nosotros, también aquí, en las redes sociales.

Este 25N sigamos reivindicando la igualdad, no como un slogan, sino como una responsabilidad colectiva.

#NiUnaMenos https://t.co/LQCTmspAlv",5509,1353,1083,172903,304,1,0,1,0.0516,positive
1993037410364801116,11,November,Mon Nov 24 19:22:02 +0000 2025,"He reafirmado con el presidente de Kenia, @WilliamsRuto, la voluntad  de España de impulsar nuestra relación económica y comercial. 

Las empresas españolas ya operan en sectores clave y el Acuerdo UE–Kenia puede dar un nuevo impulso para generar prosperidad y atraer inversiones. https://t.co/5kDmIuSO8E",1161,319,645,77060,304,0,1,1,0.0,neutral
1993021578100060238,11,November,Mon Nov 24 18:19:07 +0000 2025,"Acabo de hablar con @ZelenskyyUa sobre las negociaciones en Ginebra para mostrarle mi apoyo en estos momentos tan críticos.

Tras casi cuatro años de guerra, nuestra determinación sigue siendo firme. Apoyamos una paz que respete la soberanía del pueblo ucraniano, pues solo así",2021,510,597,111883,277,0,1,0,0.0,neutral
1992997096954511368,11,November,Mon Nov 24 16:41:50 +0000 2025,"Un placer reunirme con el presidente de Sudáfrica, @CyrilRamaphosa, a quien he felicitado por el éxito del #G20 en Johannesburgo.

Avanzamos para consolidar una alianza fuerte y capaz de afrontar los grandes retos globales: desigualdad, conflictos y sostenibilidad climática. https://t.co/peq7EZOF0O",1045,320,398,32291,299,1,1,1,0.0,neutral
1992974580827168854,11,November,Mon Nov 24 15:12:22 +0000 2025,"Con el presidente del Banco Africano para el Desarrollo, Sidi Ould Tah, abordamos la necesidad de movilizar más capital público y privado para el desarrollo del continente, en el marco del Compromiso de Sevilla.

España quiere reforzar su compromiso y vinculación con @AfDB_Group. https://t.co/n51jYRqnEe",1078,321,688,193164,304,0,1,1,0.0,neutral
1992951778510328127,11,November,Mon Nov 24 13:41:45 +0000 2025,"Angola es hoy el centro del diálogo entre África y Europa.

Más de 80 países reunidos trabajando por la seguridad, la prosperidad y el desarrollo sostenible.

España siempre ha mirado a África con compromiso, apostando por una alianza estratégica y de futuro compartido. https://t.co/tRGiipREY9",1954,570,923,60312,294,0,0,1,0.34,positive
1992572671822041349,11,November,Sun Nov 23 12:35:19 +0000 2025,"Renunciar al multilateralismo sería un error histórico.

Por eso, España seguirá impulsando un sistema internacional más fuerte, más justo y más eficaz.

Solo juntos podremos responder a los grandes desafíos de nuestro tiempo. https://t.co/J70XHix2yL",2473,703,1210,69708,250,0,0,1,-0.4019,negative
1992251332149776815,11,November,Sat Nov 22 15:18:26 +0000 2025,"En un momento tan crítico para la seguridad de Europa, los líderes europeos hemos reafirmado en el G20 nuestro rotundo apoyo a Ucrania.

La paz en Ucrania debe ser justa, duradera y sostenible. 

Europa no fallará al pueblo ucraniano. https://t.co/73qoCa2rxD",4158,1029,1232,417338,258,0,0,1,-0.296,negative
1994746120548028577,11,November,Sat Nov 29 12:31:50 +0000 2025,"Se cumplen 26 años del fallecimiento de Carmen Díez de Rivera, una figura clave en la Transición española y la primera mujer jefa de Gabinete de un presidente de Gobierno.

En memoria de su legado, el Gobierno le reconocerá con la Encomienda de la Orden Española de Carlos III. https://t.co/nPYefA5Lgt",4038,895,791,259983,301,0,0,1,0.0,neutral
1994714740669493296,11,November,Sat Nov 29 10:27:08 +0000 2025,"Dependerá de nosotros reconstruir el mundo que la derecha y la extrema derecha están destruyendo.

Con salarios dignos, con viviendas asequibles y con más derechos

La izquierda es la única brújula que aún apunta hacia un norte de dignidad, igualdad y justicia. https://t.co/hay1iDY2qw",7065,2007,6715,1992372,285,0,0,1,0.0,neutral
1994671098491748507,11,November,Sat Nov 29 07:33:43 +0000 2025,"En este Día Internacional de Solidaridad con el Pueblo Palestino, honramos la resiliencia de un pueblo que nunca ha renunciado a la esperanza.

España estará a su lado con humanidad y con la firme convicción de que la solución de los dos Estados es imprescindible para que la paz",4014,1025,1147,119248,279,0,0,0,0.34,positive
1994373463625314730,11,November,Fri Nov 28 11:51:02 +0000 2025,"Mi más sentido pésame y mi cariño para las familias de las dos mujeres asesinadas en Málaga por la #ViolenciadeGénero.

Debemos eliminar esta sinrazón desde cada esfera de nuestra sociedad. Firmes, sin dar ni un paso atrás, unidos y unidas.

Llama al 016, #NiUnaMás.",2718,703,895,210765,266,2,0,0,-0.5574,negative
1994075472683008363,11,November,Thu Nov 27 16:06:55 +0000 2025,"Reforzar las condiciones de quienes trabajan en el empleo público es reforzar nuestro Estado del bienestar y garantizar derechos para toda la ciudadanía.

El acuerdo alcanzado hoy es un triunfo de la voluntad de diálogo y un ejemplo de consenso para mejorar la vida de la gente. https://t.co/4N76Bvqa27",2795,841,2724,160945,302,0,0,1,0.0,neutral
1994032161771626501,11,November,Thu Nov 27 13:14:49 +0000 2025,"Es un honor recibir al presidente de Alemania, Frank-Walter Steinmeier.

Su visita a España honra la defensa común de la democracia en Europa y deja patente la sintonía y colaboración entre nuestros países. https://t.co/S3YOIBU1zo",3200,816,1032,109211,230,0,0,1,0.4939,positive
1993703672208089591,11,November,Wed Nov 26 15:29:31 +0000 2025,"Me he reunido con el secretario general de la @OECD, @MathiasCormann, al que he felicitado por su reelección.

Hemos analizado el informe sobre España, que revisa al alza las previsiones de nuestro país, el refuerzo del multilateralismo y cómo fortalecer nuestra cooperación. https://t.co/gl5c36sm9C",1441,401,734,53142,299,0,2,1,0.0,neutral
1993609673149403518,11,November,Wed Nov 26 09:16:00 +0000 2025,"La izquierda no pide ni permiso ni perdón para gobernar.

Ahí están los resultados de la gestión de este Gobierno: 22 millones de personas ocupadas, creciendo lo que no crece otra economía en Europa y reduciendo el déficit y la deuda pública. https://t.co/8G9xQC8G36",6536,1951,2082,121017,266,0,0,1,-0.5267,negative
1993607237252816982,11,November,Wed Nov 26 09:06:19 +0000 2025,"Entre la mentira y la verdad, este Gobierno va a estar siempre con la verdad.

El tiempo pondrá las cosas en su sitio. https://t.co/qGROxlDAZe",5014,1423,5293,319497,142,0,0,1,0.0,neutral
1993356875338072446,11,November,Tue Nov 25 16:31:28 +0000 2025,"He participado en la reunión de la Coalición de Voluntarios para reforzar nuestro apoyo a Ucrania. 

Estamos en un momento decisivo para lograr una paz justa y duradera. 

La unidad y el compromiso son más importantes que nunca. Sigamos trabajando juntos. https://t.co/tmxn3AsAJ1",1548,420,772,49325,279,0,0,1,0.0,neutral
1993339796039909867,11,November,Tue Nov 25 15:23:36 +0000 2025,"El Tribunal de Justicia de la Unión Europea acaba de dictaminar que todos los países de la UE deberán reconocer el matrimonio entre personas del mismo sexo.

De Madrid a Berlín, de Atenas a Budapest. Un 'sí, quiero' que cruza el continente.

Frente al odio, amor y libertad.",16606,2915,881,322364,274,0,0,0,0.6124,positive
1993280130643640484,11,November,Tue Nov 25 11:26:31 +0000 2025,"Bravo, Oriol Pla y todo el equipo de '#SeAcabó: Diario de las campeonas', habéis hecho historia en los Emmy Internacional.

¡Orgullosos de vosotros, de nuestro cine español y de nuestra cultura!",3579,568,228,111386,194,1,0,0,0.0,neutral
1993226612461212156,11,November,Tue Nov 25 07:53:51 +0000 2025,"España ha avanzado mucho en la lucha contra la violencia hacia las mujeres.

Pero la violencia machista sigue entre nosotros, también aquí, en las redes sociales.

Este 25N sigamos reivindicando la igualdad, no como un slogan, sino como una responsabilidad colectiva.

#NiUnaMenos https://t.co/LQCTmspAlv",5509,1352,1083,172903,304,1,0,1,0.0516,positive
1993037410364801116,11,November,Mon Nov 24 19:22:02 +0000 2025,"He reafirmado con el presidente de Kenia, @WilliamsRuto, la voluntad  de España de impulsar nuestra relación económica y comercial. 

Las empresas españolas ya operan en sectores clave y el Acuerdo UE–Kenia puede dar un nuevo impulso para generar prosperidad y atraer inversiones. https://t.co/5kDmIuSO8E",1161,319,645,77060,304,0,1,1,0.0,neutral
1993021578100060238,11,November,Mon Nov 24 18:19:07 +0000 2025,"Acabo de hablar con @ZelenskyyUa sobre las negociaciones en Ginebra para mostrarle mi apoyo en estos momentos tan críticos.

Tras casi cuatro años de guerra, nuestra determinación sigue siendo firme. Apoyamos una paz que respete la soberanía del pueblo ucraniano, pues solo así",2021,510,597,111883,277,0,1,0,0.0,neutral
1992997096954511368,11,November,Mon Nov 24 16:41:50 +0000 2025,"Un placer reunirme con el presidente de Sudáfrica, @CyrilRamaphosa, a quien he felicitado por el éxito del #G20 en Johannesburgo.

Avanzamos para consolidar una alianza fuerte y capaz de afrontar los grandes retos globales: desigualdad, conflictos y sostenibilidad climática. https://t.co/peq7EZOF0O",1045,320,398,32291,299,1,1,1,0.0,neutral
1992974580827168854,11,November,Mon Nov 24 15:12:22 +0000 2025,"Con el presidente del Banco Africano para el Desarrollo, Sidi Ould Tah, abordamos la necesidad de movilizar más capital público y privado para el desarrollo del continente, en el marco del Compromiso de Sevilla.

España quiere reforzar su compromiso y vinculación con @AfDB_Group. https://t.co/n51jYRqnEe",1078,321,688,193164,304,0,1,1,0.0,neutral
1992951778510328127,11,November,Mon Nov 24 13:41:45 +0000 2025,"Angola es hoy el centro del diálogo entre África y Europa.

Más de 80 países reunidos trabajando por la seguridad, la prosperidad y el desarrollo sostenible.

España siempre ha mirado a África con compromiso, apostando por una alianza estratégica y de futuro compartido. https://t.co/tRGiipREY9",1954,570,923,60312,294,0,0,1,0.34,positive
1992572671822041349,11,November,Sun Nov 23 12:35:19 +0000 2025,"Renunciar al multilateralismo sería un error histórico.

Por eso, España seguirá impulsando un sistema internacional más fuerte, más justo y más eficaz.

Solo juntos podremos responder a los grandes desafíos de nuestro tiempo. https://t.co/J70XHix2yL",2473,703,1210,69708,250,0,0,1,-0.4019,negative
1992251332149776815,11,November,Sat Nov 22 15:18:26 +0000 2025,"En un momento tan crítico para la seguridad de Europa, los líderes europeos hemos reafirmado en el G20 nuestro rotundo apoyo a Ucrania.

La paz en Ucrania debe ser justa, duradera y sostenible. 

Europa no fallará al pueblo ucraniano. https://t.co/73qoCa2rxD",4157,1029,1232,417338,258,0,0,1,-0.296,negative
2005958428699603008,12,December,Tue Dec 30 11:05:32 +0000 2025,"Nos deja Francisco Fernández Marugán, socialista de convicciones firmes y exdefensor del Pueblo.

Fue siempre un ejemplo de servicio público, integridad y compromiso con la ciudadanía. Hizo país, hizo partido. 

Un cariñoso abrazo a su familia y amigos.",2221,514,612,125390,253,0,0,0,0.0,neutral
2005306200901235192,12,December,Sun Dec 28 15:53:49 +0000 2025,"Máxima precaución ante las fuertes lluvias y el temporal que azota distintos puntos del país.

Quiero agradecer la labor de todos los servicios de emergencia que trabajan por la seguridad de la ciudadanía.

Infórmate en @AEMET_Esp y consulta siempre fuentes oficiales.",3266,854,1134,231220,268,0,1,0,0.0,neutral
2004847294903103900,12,December,Sat Dec 27 09:30:18 +0000 2025,"2025 ha sido un gran año, también en la música.

Esta es mi playlist de estos doce meses donde se cuelan canciones que siempre me acompañan.
https://t.co/6MdcALV18a",5713,765,1886,1943409,164,0,0,1,0.34,positive
2004262819081211981,12,December,Thu Dec 25 18:47:48 +0000 2025,"Felicidades al nuevo presidente electo de Honduras, Nasry Asfura.

España seguirá fortaleciendo la cooperación entre nuestros países para impulsar el desarrollo y las oportunidades. 🇪🇸 🇭🇳",2289,346,833,209140,187,0,0,0,0.0,neutral
2003747419788399103,12,December,Wed Dec 24 08:39:47 +0000 2025,"En nombre de todos los españoles, y del Gobierno de España, deseo unas felices fiestas y toda clase de éxitos a nuestros militares en misiones en el exterior.

Que este 2026 traiga la paz a tantos rincones del mundo necesitados de ella. Esa paz que vosotros construís día a día. https://t.co/lV2ieBVwuF",6047,1307,3436,277503,302,0,0,1,0.3612,positive
2003432652439962067,12,December,Tue Dec 23 11:49:00 +0000 2025,"Respetar la soberanía e integridad territorial es central para la UE y para todas las naciones del mundo.

La seguridad en el Ártico es una prioridad en la que buscamos trabajar con aliados y socios.

Trasladamos nuestra plena solidaridad con Dinamarca y el pueblo de Groenlandia.",4805,1166,1260,247153,280,0,0,0,0.0,neutral
2003029022125568251,12,December,Mon Dec 22 09:05:08 +0000 2025,"La nueva ministra de @educaciongob será @milagrostolon, y @SaizElma, portavoz del Gobierno.

Dos grandes mujeres que asumen nuevas responsabilidades en esta legislatura.

Afrontamos esta etapa con energía y dispuestos a pelear cada iniciativa con voluntad de diálogo y humildad. https://t.co/8EdLjKT276",2634,693,1835,264755,302,0,3,1,0.0,neutral
2002863911264219541,12,December,Sun Dec 21 22:09:02 +0000 2025,"Enhorabuena a @MGuardiolaM por su resultado en las elecciones de Extremadura.

Felicidades a @magallardomir por el gran trabajo realizado y gracias a quienes han confiado en el @psoeex.

Nuestro partido será siempre garante de los servicios públicos, la igualdad y el progreso.",4105,718,2801,713591,277,0,3,0,0.0,neutral
2002092083360706768,12,December,Fri Dec 19 19:02:04 +0000 2025,"Sigamos reforzando los pilares del Estado del bienestar, con más alcaldes y alcaldesas socialistas, con más presidentes socialistas en Gobiernos autonómicos.

Todos a votar socialistas. ¡A ganar y a gobernar!

#VotaPSOE🌹 https://t.co/T7ZnqpcLN3",2236,732,1811,82078,244,1,0,1,0.0,neutral
2002087903678071147,12,December,Fri Dec 19 18:45:27 +0000 2025,"María Guardiola tapa sus casos de abusos inventando pucherazos.

Ayuso dice que en España no se puede hablar, y ella no para de insultar.

Moreno Bonilla diciendo que no es machista.

Y Feijóo dice que los andaluces no saben contar.

¡Qué paciencia hay que tener con esta derecha! https://t.co/cUFUDilpRR",8898,2633,2382,266337,304,0,0,1,-0.7959,negative
2002080872107802643,12,December,Fri Dec 19 18:17:31 +0000 2025,"Es el PP de siempre.

Solo les valen los resultados electorales cuando ganan. Y si no, es un pucherazo.

Vamos a ganarles el 21 de diciembre, con el voto de las extremeñas y extremeños, votando al único partido que puede hacer frente al Partido Popular y a Vox: el @PSOE. https://t.co/xMWJjYPAGx",3187,955,1595,91392,295,0,1,1,0.4215,positive
2001846108234883403,12,December,Fri Dec 19 02:44:39 +0000 2025,"La UE proporcionará, de forma urgente e inmediata, un préstamo de 90.000 M€ para los 2 próximos años financiado mediante deuda conjunta.

Debemos apoyar a Ucrania por razones morales, de justicia y de legalidad internacional. https://t.co/aaSw79o1co",1733,508,1847,437624,249,0,0,1,0.0,neutral
2001649232655364343,12,December,Thu Dec 18 13:42:20 +0000 2025,"En Bruselas, he trasladado al presidente @ZelenskyyUa el compromiso de España con la soberanía de Ucrania y con su futuro dentro de la UE.

Es fundamental asegurar un apoyo financiero europeo sólido y sostenible. https://t.co/9sS93ZRrpy",1546,484,1216,129175,236,0,1,1,0.0,neutral
2001600281667076488,12,December,Thu Dec 18 10:27:49 +0000 2025,"Empezamos el último Consejo Europeo del año. 

Europa necesita unidad para avanzar, coherencia para defender nuestros compromisos y acción para fortalecer la Unión Europea. https://t.co/IstAn2ohvV",1714,592,809,41816,196,0,0,1,0.1027,positive
2001386774258491530,12,December,Wed Dec 17 20:19:25 +0000 2025,"Ampliarnos es completarnos. Así lo he defendido hoy en la Cumbre UE-Balcanes Occidentales en Bruselas.

Es, además, una apuesta estratégica por la paz, la seguridad y la prosperidad.

Los Balcanes Occidentales forman parte de nuestra familia europea y su futuro está en la UE. https://t.co/1Mi3uInm5A",1874,563,495,52784,300,0,0,1,0.0,neutral
2001273924915757552,12,December,Wed Dec 17 12:51:00 +0000 2025,"El Pacto de Estado Frente a la Emergencia Climática es un escudo para España.

La emergencia climática no espera. La historia no absolverá la inacción. Está en juego el futuro de quienes vendrán después.

Hagámoslo juntos, antes de que sea demasiado tarde. https://t.co/eem7Qwckle",1909,692,1245,104935,280,0,0,1,-0.5267,negative
2001269693374415005,12,December,Wed Dec 17 12:34:11 +0000 2025,"Cuidar el campo es también proteger vidas, hogares y pueblos enteros.

El Gobierno va a financiar los planes municipales contra inundaciones en los municipios de menos de 5.000 habitantes y, además, destinará 20 M€ para sus planes contra incendios. https://t.co/ZYQJ0jUR45",2346,851,691,46567,272,0,0,1,0.0,neutral
2001208723738378280,12,December,Wed Dec 17 08:31:55 +0000 2025,"Si no actuamos, Europa corre el riesgo de convertirse en un refugio sin hogares.

La verdadera medida de nuestra unión no está solo en los tratados sino en asegurar que todas las personas vivan con dignidad.

Mi reflexión en @POLITICOEurope:
https://t.co/ujqnJN7be4",2351,773,1304,168711,265,0,1,1,-0.7906,negative
2000942782731698181,12,December,Tue Dec 16 14:55:09 +0000 2025,"Gracias, Pilar, por tu trabajo y dedicación.

Tu compromiso con el servicio público y tu esfuerzo por mejorar la vida de la gente es un ejemplo para todos y todas.

Contigo, gana Aragón.",3512,668,1127,190510,186,0,0,0,0.0,neutral
