post_id,post_date,post_text,comment_id,comment_date,comment_author,comment_text,likes,retweets,replies,length,hashtags,mentions,links,sentiment,sentiment_label
2020980570705232347,Mon Feb 09 21:58:10 +0000 2026,Iniciamos la campaña electoral de Castilla y León con la presentación de candida...,2031686243931623482,Wed Mar 11 10:58:42 +0000 2026,PUTOS_FAXAS,@Santi_ABASCAL https://t.co/0ydDL7KSqK,0,0,0,38,0,1,1,0.0,neutral
2020980570705232347,Mon Feb 09 21:58:10 +0000 2026,Iniciamos la campaña electoral de Castilla y León con la presentación de candida...,2031680568392368548,Wed Mar 11 10:36:08 +0000 2026,JuanCarlosAyra1,@Santi_ABASCAL A tope....👏👏👏👏💪💪🇪🇸🇪🇸🇪🇸 https://t.co/SZEdrZpDU6,1,0,0,61,0,1,1,0.0,neutral
2020980570705232347,Mon Feb 09 21:58:10 +0000 2026,Iniciamos la campaña electoral de Castilla y León con la presentación de candida...,2031679621121315321,Wed Mar 11 10:32:23 +0000 2026,voxlangadeduero,"@Santi_ABASCAL Ésto es lo que importa, lo demás chascarrillos de una escalera.",0,0,0,78,0,1,0,0.0,neutral
2020980570705232347,Mon Feb 09 21:58:10 +0000 2026,Iniciamos la campaña electoral de Castilla y León con la presentación de candida...,2031674286847431089,Wed Mar 11 10:11:11 +0000 2026,OceanideRegia,"@Santi_ABASCAL @davhierro Incansable, Santiago! Muchas gracias por el esfuerzo y dar tanto apoyo a los españoles!",0,0,0,113,0,2,0,0.0,neutral
2020980570705232347,Mon Feb 09 21:58:10 +0000 2026,Iniciamos la campaña electoral de Castilla y León con la presentación de candida...,2031672210868597108,Wed Mar 11 10:02:56 +0000 2026,puma13112214,@Santi_ABASCAL https://t.co/C79Xwp2tSn,0,0,0,38,0,1,1,0.0,neutral
2020980570705232347,Mon Feb 09 21:58:10 +0000 2026,Iniciamos la campaña electoral de Castilla y León con la presentación de candida...,2031672183194288491,Wed Mar 11 10:02:49 +0000 2026,puma13112214,@Santi_ABASCAL https://t.co/UjnFKrtXQA,0,0,0,38,0,1,1,0.0,neutral
2020980570705232347,Mon Feb 09 21:58:10 +0000 2026,Iniciamos la campaña electoral de Castilla y León con la presentación de candida...,2031670151746048215,Wed Mar 11 09:54:45 +0000 2026,ArtedeMaika,"@Santi_ABASCAL DIOS LE BENDIGA SR PRESIDENTE DE ESPAÑA.  CADA DÍA REZO A LA VIRGEN X USTED Y TODA LA FAMILIA. 
Y POR ESPAÑA 🙏💚",0,0,0,126,0,1,0,0.6369,positive
2020980570705232347,Mon Feb 09 21:58:10 +0000 2026,Iniciamos la campaña electoral de Castilla y León con la presentación de candida...,2031669304614068531,Wed Mar 11 09:51:23 +0000 2026,ArtedeMaika,"@Santi_ABASCAL VIVA!!  
TODO EL PLANETA FELÍZ!! https://t.co/U04FVx1L4c",0,0,0,71,0,1,1,0.0,neutral
2020980570705232347,Mon Feb 09 21:58:10 +0000 2026,Iniciamos la campaña electoral de Castilla y León con la presentación de candida...,2031668990582431843,Wed Mar 11 09:50:08 +0000 2026,Marimar66842849,@Santi_ABASCAL @Frachigal 💪💪💪💪💚💚💚💚🇪🇦🇪🇦🇪🇦🇪🇦 https://t.co/01NjgWC1Wf,1,0,0,66,0,2,1,0.9274,positive
2020980570705232347,Mon Feb 09 21:58:10 +0000 2026,Iniciamos la campaña electoral de Castilla y León con la presentación de candida...,2031485670578147762,Tue Mar 10 21:41:41 +0000 2026,iglesias61785,@Santi_ABASCAL @FigaredoJoseM 👏👏👏👏👏👏🙏🙏🙏🇪🇸💪💪💚💚💚💚✌✌✌✌,0,0,0,51,0,2,0,0.9843,positive
2020980570705232347,Mon Feb 09 21:58:10 +0000 2026,Iniciamos la campaña electoral de Castilla y León con la presentación de candida...,2031460450320228705,Tue Mar 10 20:01:28 +0000 2026,Mar42301281,"@__Kerman__ @Santi_ABASCAL @isicilia @vox_es @Vox_CortesCyL @CarlosPollan Nunca he visto tanta esperanza puesta en un político. No estoy segura de que Feijóo llegue a ser presidente, pero si llega no tendrá más de una legislatura. Hará los mismos cambios importantes y necesarios que hizo Rajoy, ninguno.",0,0,0,304,0,6,0,-0.5267,negative
2020980570705232347,Mon Feb 09 21:58:10 +0000 2026,Iniciamos la campaña electoral de Castilla y León con la presentación de candida...,2031437851594834070,Tue Mar 10 18:31:40 +0000 2026,DavidParreo4,"@Santi_ABASCAL Con los del psoe no hay remedio,pero los del pp dentro de nada para vox,si no YA",0,0,0,95,0,1,0,-0.5267,negative
2020980570705232347,Mon Feb 09 21:58:10 +0000 2026,Iniciamos la campaña electoral de Castilla y León con la presentación de candida...,2031437373100470289,Tue Mar 10 18:29:46 +0000 2026,Dora_la_Pecaora,@Santi_ABASCAL @FigaredoJoseM ¿Cuando váis a devolver el dinero que le robasteis a los damnificados de la Dana? ¿Que ratas hay que ser para robarles a personas que lo han perdido todo. Hemos oído los audios. No podéis esconder la dictadura de fascista ladrón que tenéis montada,0,0,0,277,0,2,0,-0.296,negative
2020980570705232347,Mon Feb 09 21:58:10 +0000 2026,Iniciamos la campaña electoral de Castilla y León con la presentación de candida...,2031408968602444225,Tue Mar 10 16:36:54 +0000 2026,moico967,@Santi_ABASCAL @hermanntertsch Repartíais caramelos??????????😂😂😂😂😂😂😂😂😂😂😂😂😂😂😂😂😂😂,0,0,0,79,0,2,0,0.994,positive
2020980570705232347,Mon Feb 09 21:58:10 +0000 2026,Iniciamos la campaña electoral de Castilla y León con la presentación de candida...,2031402567482171445,Tue Mar 10 16:11:28 +0000 2026,rociogarcia2017,"@Santi_ABASCAL @vox_getafe Candeleda.... 😍 qué bonita es mi  España ❤️❤️❤️❤️🇪🇸

Gracias por tánto @Santi_ABASCAL ¡lo vamos a lograr: recuperaremos lo nuestro!! 💪🏼🇪🇸",1,0,0,164,0,3,0,0.555,positive
2020980570705232347,Mon Feb 09 21:58:10 +0000 2026,Iniciamos la campaña electoral de Castilla y León con la presentación de candida...,2031383490009133272,Tue Mar 10 14:55:39 +0000 2026,alejand03309606,"@Santi_ABASCAL haga:
https://t.co/XAApZ2A0lv",0,0,0,44,0,1,1,0.0,neutral
2020980570705232347,Mon Feb 09 21:58:10 +0000 2026,Iniciamos la campaña electoral de Castilla y León con la presentación de candida...,2031383453946479016,Tue Mar 10 14:55:31 +0000 2026,alejand03309606,"@Santi_ABASCAL De momento vuestro amado líder calla con todo esto. Recordad que él se hizo fotos con Trump y que muchos de vosotros aplaudís cuando dice que piensa hacer lo mismo que Trump en EEUU. Si alguna vez Abaskal llega a gobernar aquí, entonces ya nadie hará broma con nada de lo que+",0,0,1,291,0,1,0,0.0,neutral
2020980570705232347,Mon Feb 09 21:58:10 +0000 2026,Iniciamos la campaña electoral de Castilla y León con la presentación de candida...,2031371409406951870,Tue Mar 10 14:07:39 +0000 2026,Depaso7,@ElensGuitart @Santi_ABASCAL Déjalos que sigan inventando.,0,0,0,58,0,2,0,0.0,neutral
2020980570705232347,Mon Feb 09 21:58:10 +0000 2026,Iniciamos la campaña electoral de Castilla y León con la presentación de candida...,2031369848782032972,Tue Mar 10 14:01:27 +0000 2026,ElensGuitart,"@Santi_ABASCAL @Depaso7 Pero, pero... Si yo había leído por ahí que Abascal se había quedado solo...😉...💪🏻💪🏻💪🏻💪🏻🇪🇦🇪🇦🇪🇦🇪🇦🇪🇦",2,0,1,122,0,2,0,0.0,neutral
2020980570705232347,Mon Feb 09 21:58:10 +0000 2026,Iniciamos la campaña electoral de Castilla y León con la presentación de candida...,2031360959365751273,Tue Mar 10 13:26:08 +0000 2026,Eastwoo52741087,"@Santi_ABASCAL Muchas gracias por subirnos el precio del gasóleo a 2 € / litro, Santi. 😘😘😘😘",0,0,0,91,0,1,0,0.8807,positive
2020980570705232347,Mon Feb 09 21:58:10 +0000 2026,Iniciamos la campaña electoral de Castilla y León con la presentación de candida...,2031360385836548251,Tue Mar 10 13:23:51 +0000 2026,Empiezamanecer,@Santi_ABASCAL @cibeles5 La tranquilidad que tenemos los españoles de bien de tener a VOX 🔥🌟💚🇪🇦,0,1,0,95,0,2,0,-0.34,negative
2020980570705232347,Mon Feb 09 21:58:10 +0000 2026,Iniciamos la campaña electoral de Castilla y León con la presentación de candida...,2031356390132887705,Tue Mar 10 13:07:58 +0000 2026,PatosoSmith,@Santi_ABASCAL (PERDEDOR) https://t.co/uiQy77WCVR,0,0,0,49,0,1,1,0.0,neutral
2020980570705232347,Mon Feb 09 21:58:10 +0000 2026,Iniciamos la campaña electoral de Castilla y León con la presentación de candida...,2031354403190345857,Tue Mar 10 13:00:05 +0000 2026,ranchito_e60299,@Santi_ABASCAL Te recibieron así  Abascal https://t.co/gGxmqUpWih,1,0,0,65,0,1,1,0.0,neutral
2020980570705232347,Mon Feb 09 21:58:10 +0000 2026,Iniciamos la campaña electoral de Castilla y León con la presentación de candida...,2031353686849368529,Tue Mar 10 12:57:14 +0000 2026,ranchito_e60299,@Santi_ABASCAL A callar Machinazi envidioso https://t.co/1alBkcdJXC,1,0,0,67,0,1,1,0.0,neutral
2020980570705232347,Mon Feb 09 21:58:10 +0000 2026,Iniciamos la campaña electoral de Castilla y León con la presentación de candida...,2031353241867255981,Tue Mar 10 12:55:28 +0000 2026,ranchito_e60299,@Santi_ABASCAL No puedes salir a la calle sin tus matones Abascal machinazi ...no engañas a nadie,1,0,0,97,0,1,0,-0.7003,negative
2020980570705232347,Mon Feb 09 21:58:10 +0000 2026,Iniciamos la campaña electoral de Castilla y León con la presentación de candida...,2031352579838357657,Tue Mar 10 12:52:50 +0000 2026,ranchito_e60299,@Santi_ABASCAL Lo tienes todo preparado  Abascal...no engañas a nadie machinazi,1,0,0,79,0,1,0,0.0,neutral
2020980570705232347,Mon Feb 09 21:58:10 +0000 2026,Iniciamos la campaña electoral de Castilla y León con la presentación de candida...,2031351896150057101,Tue Mar 10 12:50:07 +0000 2026,ranchito_e60299,@Santi_ABASCAL Abascal lo tienes todo preparado ...no engañas a nadie,0,0,0,69,0,1,0,0.0,neutral
2020980570705232347,Mon Feb 09 21:58:10 +0000 2026,Iniciamos la campaña electoral de Castilla y León con la presentación de candida...,2031343349848785407,Tue Mar 10 12:16:09 +0000 2026,alejand03309606,"@Santi_ABASCAL Fascistas racistas:
https://t.co/nonhlOXa9A",0,0,0,58,0,1,1,0.0,neutral
2020980570705232347,Mon Feb 09 21:58:10 +0000 2026,Iniciamos la campaña electoral de Castilla y León con la presentación de candida...,2031333531134185622,Tue Mar 10 11:37:08 +0000 2026,Pascual_Lloren1,"@ISALL7 @Santi_ABASCAL @CarlosPollan deja de fliparte vendepatrias, Vox se ha quedado para ser el lameculos del pediofilo naranja o del sionista asesino de niños. no pasais de sumisos arrastrados lamebotas y mediocres oportunistas https://t.co/IaJOa536Ku",0,0,0,254,0,3,1,0.0516,positive
2020980570705232347,Mon Feb 09 21:58:10 +0000 2026,Iniciamos la campaña electoral de Castilla y León con la presentación de candida...,2031332967516135908,Tue Mar 10 11:34:54 +0000 2026,Pascual_Lloren1,"@Marimar66842849 @Santi_ABASCAL @Vox_CortesCyL @CarlosPollan A ver si recuperais pronto la vergüenza propia que ya cansa que tengamos que soportar la ajena, los españoles de bien,

ridiculos vendepatria, traidores a España https://t.co/jPbyjfqY0e",0,0,0,246,0,4,1,0.0,neutral
2020980570705232347,Mon Feb 09 21:58:10 +0000 2026,Iniciamos la campaña electoral de Castilla y León con la presentación de candida...,2031332698355069311,Tue Mar 10 11:33:50 +0000 2026,Pascual_Lloren1,"@JL__Diaz @Santi_ABASCAL @CarlosPollan .
A ver si recuperais pronto la vergüenza propia que ya cansa que tengamos que soportar la ajena, los españoles de bien, https://t.co/f5mPMkE1Jr",0,0,0,183,0,3,1,0.0,neutral
2020980570705232347,Mon Feb 09 21:58:10 +0000 2026,Iniciamos la campaña electoral de Castilla y León con la presentación de candida...,2031331612294558105,Tue Mar 10 11:29:31 +0000 2026,Pascual_Lloren1,"@Leia109846414 @Santi_ABASCAL @FERMINDIAZMARI2 @CarlosPollan quwe valores va a tener un partido vendiodo al sionismo iasesino de niños y a un millonario pedofilo condenado comoagresor sexual como es Trump

teneis el liston de los valores atrrastrado por el suelo, vendepatrias cobarxdes y traidores, 
vox la ultima puta mierda de España, https://t.co/FwuvbxqXpb",0,0,0,361,0,4,1,0.0,neutral
2020980570705232347,Mon Feb 09 21:58:10 +0000 2026,Iniciamos la campaña electoral de Castilla y León con la presentación de candida...,2031331136605913208,Tue Mar 10 11:27:37 +0000 2026,Pascual_Lloren1,"@antigilis @Santi_ABASCAL @CarlosPollan pareceis gilipollas comuiendole el culo a semejante rata traidora y antiespañola.
 a ver si empezais ya a esconderos por vergüenza  como ya haciais antes de que este hijo de puta os sacase de la madriguera con gilipolleces para  fracasados, apestados sociales y trastornados",0,0,0,314,0,3,0,0.0,neutral
2020980570705232347,Mon Feb 09 21:58:10 +0000 2026,Iniciamos la campaña electoral de Castilla y León con la presentación de candida...,2031330478867775926,Tue Mar 10 11:25:01 +0000 2026,Pascual_Lloren1,"@antigilis @Santi_ABASCAL @CarlosPollan este mierda vendepatrias no conoce el honor ni lo  conocera en su puta vida de mierda
 la rata amaestrada del sioniosmo infanticida y del pedofilo naranja solo es la ultima puta mierda de España m, Una vergüenza para cualquier familia y pais https://t.co/Zfv9nwLfXU",0,0,0,305,0,3,1,0.25,positive
2020980570705232347,Mon Feb 09 21:58:10 +0000 2026,Iniciamos la campaña electoral de Castilla y León con la presentación de candida...,2031329695640273055,Tue Mar 10 11:21:54 +0000 2026,Pascual_Lloren1,"@Santi_ABASCAL Cuentales como defiendes al pedofilo hijo de la gran puta que impuso aranceles al campo e industria española? Si hombrre ese bastardo naranja culpable de que ahora nos llegue otra crisis econimica teniendote como complice, 
si tuvieses vergüenza no saldrias de tu madriguera https://t.co/IDeRNescIV",1,0,0,313,0,1,1,-0.743,negative
2020980570705232347,Mon Feb 09 21:58:10 +0000 2026,Iniciamos la campaña electoral de Castilla y León con la presentación de candida...,2031325590804996328,Tue Mar 10 11:05:35 +0000 2026,Acusofachosfera,@Santi_ABASCAL Alternativas https://t.co/titLKjWv17,2,2,0,51,0,1,1,0.0,neutral
2020980570705232347,Mon Feb 09 21:58:10 +0000 2026,Iniciamos la campaña electoral de Castilla y León con la presentación de candida...,2031320759054799026,Tue Mar 10 10:46:23 +0000 2026,zeltibero,@Santi_ABASCAL Sueño con hacer caer las políticas del bipartidismo corrupto pp psoe. 💚#VOX #SoloQuedaVOX,0,0,1,104,2,1,0,0.0,neutral
2020980570705232347,Mon Feb 09 21:58:10 +0000 2026,Iniciamos la campaña electoral de Castilla y León con la presentación de candida...,2031319030875742553,Tue Mar 10 10:39:31 +0000 2026,voxlangadeduero,@Santi_ABASCAL contra viento y marea! Santiago y Cierra España!,0,0,1,63,0,1,0,0.0,neutral
2020980570705232347,Mon Feb 09 21:58:10 +0000 2026,Iniciamos la campaña electoral de Castilla y León con la presentación de candida...,2031282754520846396,Tue Mar 10 08:15:22 +0000 2026,maica_vela,"@Santi_ABASCAL NORMAL, LO QUE DICE ABASCAL
ES LO QUE, TODOS QUEREMOS",0,0,0,68,0,1,0,0.0,neutral
2020980570705232347,Mon Feb 09 21:58:10 +0000 2026,Iniciamos la campaña electoral de Castilla y León con la presentación de candida...,2031203182085308697,Tue Mar 10 02:59:11 +0000 2026,elisagarpe2022,@Santi_ABASCAL Solo queda vox para sacarnos de esta mierda que nos han metido.,0,0,0,78,0,1,0,0.0,neutral
2020980570705232347,Mon Feb 09 21:58:10 +0000 2026,Iniciamos la campaña electoral de Castilla y León con la presentación de candida...,2031133350862246123,Mon Mar 09 22:21:42 +0000 2026,3albertoramirez,@CapiContreras82 @Santi_ABASCAL Pedir información es pedir ayuda ?  Jajajajaa  hay que ser retarder 🤣,0,0,0,101,0,2,0,0.4939,positive
2020980570705232347,Mon Feb 09 21:58:10 +0000 2026,Iniciamos la campaña electoral de Castilla y León con la presentación de candida...,2031128021806076407,Mon Mar 09 22:00:31 +0000 2026,ElBarn10,@Santi_ABASCAL @Falcata85878588 Ánimo Santi. https://t.co/MRjK9XV5Ij,0,0,0,68,0,2,1,0.0,neutral
2020980570705232347,Mon Feb 09 21:58:10 +0000 2026,Iniciamos la campaña electoral de Castilla y León con la presentación de candida...,2031073708631077120,Mon Mar 09 18:24:42 +0000 2026,RichieSargento,@CLC1188Cat @Santi_ABASCAL Hombre porque es el sistema q hay pero quieren quitarlo  muy clarito,0,0,0,95,0,2,0,0.0,neutral
2020980570705232347,Mon Feb 09 21:58:10 +0000 2026,Iniciamos la campaña electoral de Castilla y León con la presentación de candida...,2031016497749901448,Mon Mar 09 14:37:22 +0000 2026,CapiContreras82,"@3albertoramirez @Santi_ABASCAL ""Grok, Grok, defiéndeme de este fascista"". Venga, pídele ayuda.",0,0,1,95,0,2,0,0.0,neutral
2020980570705232347,Mon Feb 09 21:58:10 +0000 2026,Iniciamos la campaña electoral de Castilla y León con la presentación de candida...,2030966713798316184,Mon Mar 09 11:19:32 +0000 2026,Giancarl78,@Santi_ABASCAL https://t.co/kmeEdujxEE,0,0,0,38,0,1,1,0.0,neutral
2020980570705232347,Mon Feb 09 21:58:10 +0000 2026,Iniciamos la campaña electoral de Castilla y León con la presentación de candida...,2030966698006761579,Mon Mar 09 11:19:28 +0000 2026,Giancarl78,@Santi_ABASCAL https://t.co/zRb4iUd3nZ,0,0,0,38,0,1,1,0.0,neutral
2020980570705232347,Mon Feb 09 21:58:10 +0000 2026,Iniciamos la campaña electoral de Castilla y León con la presentación de candida...,2030966677962195223,Mon Mar 09 11:19:24 +0000 2026,Giancarl78,@Santi_ABASCAL @CarlosPollan https://t.co/fBA3PsSlrZ,0,0,0,52,0,2,1,0.0,neutral
2020980570705232347,Mon Feb 09 21:58:10 +0000 2026,Iniciamos la campaña electoral de Castilla y León con la presentación de candida...,2030966651928125638,Mon Mar 09 11:19:18 +0000 2026,Giancarl78,@Santi_ABASCAL https://t.co/lBG1CODfaM,0,0,0,38,0,1,1,0.0,neutral
2020980570705232347,Mon Feb 09 21:58:10 +0000 2026,Iniciamos la campaña electoral de Castilla y León con la presentación de candida...,2030966286834884865,Mon Mar 09 11:17:50 +0000 2026,Giancarl78,@Santi_ABASCAL @vox_es https://t.co/bC1JGdgF9c,0,0,0,46,0,2,1,0.0,neutral
2020980570705232347,Mon Feb 09 21:58:10 +0000 2026,Iniciamos la campaña electoral de Castilla y León con la presentación de candida...,2030959248847331329,Mon Mar 09 10:49:52 +0000 2026,CpVictorh,@ElonMarte @Santi_ABASCAL @Paqui_0C0G Y tu sales de donde COMUNA???,0,0,0,67,0,3,0,0.0,neutral
2020980570705232347,Mon Feb 09 21:58:10 +0000 2026,Iniciamos la campaña electoral de Castilla y León con la presentación de candida...,2030946781706465432,Mon Mar 09 10:00:20 +0000 2026,VicenPela,@Santi_ABASCAL https://t.co/VFaVL1awzL,1,0,0,38,0,1,1,0.0,neutral
2020980570705232347,Mon Feb 09 21:58:10 +0000 2026,Iniciamos la campaña electoral de Castilla y León con la presentación de candida...,2030929338678304807,Mon Mar 09 08:51:01 +0000 2026,PatosoSmith,@Santi_ABASCAL https://t.co/te7Z8rPMo4,1,1,0,38,0,1,1,0.0,neutral
2020980570705232347,Mon Feb 09 21:58:10 +0000 2026,Iniciamos la campaña electoral de Castilla y León con la presentación de candida...,2030924082468864454,Mon Mar 09 08:30:08 +0000 2026,3albertoramirez,@CapiContreras82 @Santi_ABASCAL Toma 🤣🤣🤣 https://t.co/ALVDEnakKk,0,0,1,64,0,2,1,0.8625,positive
2020980570705232347,Mon Feb 09 21:58:10 +0000 2026,Iniciamos la campaña electoral de Castilla y León con la presentación de candida...,2030923902474391936,Mon Mar 09 08:29:25 +0000 2026,3albertoramirez,"@CapiContreras82 @grok @Santi_ABASCAL Vaya zascas te está metiendo Grok , me meo 🤣🤣🤣🤣",0,0,0,85,0,3,0,0.9153,positive
2020980570705232347,Mon Feb 09 21:58:10 +0000 2026,Iniciamos la campaña electoral de Castilla y León con la presentación de candida...,2030923678922260823,Mon Mar 09 08:28:32 +0000 2026,3albertoramirez,"@CapiContreras82 @Santi_ABASCAL @grok Te iba a responder , pero ya lo hizo Grok por mi 🤣🤣🤣🤣🤣🤣🤣🤣🤣🤣",0,0,0,97,0,3,0,0.9849,positive
2020980570705232347,Mon Feb 09 21:58:10 +0000 2026,Iniciamos la campaña electoral de Castilla y León con la presentación de candida...,2030922919316959482,Mon Mar 09 08:25:31 +0000 2026,YolandaGon46105,"@Santi_ABASCAL Esperemos que cuando llegue el momento de las conversaciones para que el PP pueda gobernar en CYL le recordéis lo que dijo ,que como va a gobernar con la gente que tira a las personas al mar .. Solo espero no defraudes a tus votantes",0,0,0,248,0,1,0,-0.296,negative
2020980570705232347,Mon Feb 09 21:58:10 +0000 2026,Iniciamos la campaña electoral de Castilla y León con la presentación de candida...,2030906489477492808,Mon Mar 09 07:20:14 +0000 2026,ElensGuitart,"@Santi_ABASCAL Se suponía que estábamos todos encantados y resulta que no cabe ni un alfiler, me encanta 😊",0,1,0,106,0,1,0,0.5859,positive
2020980570705232347,Mon Feb 09 21:58:10 +0000 2026,Iniciamos la campaña electoral de Castilla y León con la presentación de candida...,2030866082529935686,Mon Mar 09 04:39:40 +0000 2026,Sr_Orue1,@Santi_ABASCAL https://t.co/rLAdXCnsM6 https://t.co/Bpm6mWfcvP,0,0,0,62,0,1,2,0.0,neutral
2020980570705232347,Mon Feb 09 21:58:10 +0000 2026,Iniciamos la campaña electoral de Castilla y León con la presentación de candida...,2030864734317109282,Mon Mar 09 04:34:18 +0000 2026,Sr_Orue1,@Santi_ABASCAL https://t.co/rLAdXCnsM6 https://t.co/nFl5XhcKyV,0,1,0,62,0,1,2,0.0,neutral
2020980570705232347,Mon Feb 09 21:58:10 +0000 2026,Iniciamos la campaña electoral de Castilla y León con la presentación de candida...,2030845013140111851,Mon Mar 09 03:15:57 +0000 2026,FrancisCorroido,@Santi_ABASCAL JUDAS! basura vendida a los SIONAZIS! https://t.co/BmUuO3vSpG,2,1,0,76,0,1,1,0.0,neutral
2020980570705232347,Mon Feb 09 21:58:10 +0000 2026,Iniciamos la campaña electoral de Castilla y León con la presentación de candida...,2030821741098865138,Mon Mar 09 01:43:28 +0000 2026,Fenix_Deep,"@Santi_ABASCAL @jmrva69 SANTI PRESIDENTE 
🇪🇦🇪🇦🇪🇦🇪🇦🇪🇦🇪🇦🇪🇦",0,0,1,56,0,2,0,0.0,neutral
2020980570705232347,Mon Feb 09 21:58:10 +0000 2026,Iniciamos la campaña electoral de Castilla y León con la presentación de candida...,2030780750233038912,Sun Mar 08 23:00:35 +0000 2026,GrandeTonetti,"@Santi_ABASCAL TRAIDOR A 🇪🇸 ESPAÑA
RATASCAL
👉Mamporrero del mafioso pederasta y bombardeador de niñas
👉Monaguillo del siosatanista genocida
#NoALaGuerrra 
.                                                FALSO PATRIOTA https://t.co/hhaztkfMn7",6,4,0,242,1,1,1,0.0,neutral
2020980570705232347,Mon Feb 09 21:58:10 +0000 2026,Iniciamos la campaña electoral de Castilla y León con la presentación de candida...,2030779358248353924,Sun Mar 08 22:55:03 +0000 2026,AnaGonz56379783,@Santi_ABASCAL Nunca he visto a ningún presidente repostar sus 💩💩👌👌😂😂😂,0,0,0,70,0,1,0,0.9636,positive
2020980570705232347,Mon Feb 09 21:58:10 +0000 2026,Iniciamos la campaña electoral de Castilla y León con la presentación de candida...,2030778739060097371,Sun Mar 08 22:52:36 +0000 2026,AnaGonz56379783,@Santi_ABASCAL Oye!! a este pancetas ( sobrino de Girauta ) le tendremos que pagar lo mismo que al Cayetano( sobrino de RATO) .Lo digo por DISENSO TÚ PATRIA DISENSO EHH!! https://t.co/jsY1iSTHHq,2,1,1,194,0,1,1,0.0,neutral
2020980570705232347,Mon Feb 09 21:58:10 +0000 2026,Iniciamos la campaña electoral de Castilla y León con la presentación de candida...,2030775848454815921,Sun Mar 08 22:41:06 +0000 2026,voxtezo,"@Santi_ABASCAL @vox_es En Españita  abundan el trigo, el lechazo y los subnormales así que es normal que se llenara la plaza.",2,0,0,125,0,2,0,0.0,neutral
2020980570705232347,Mon Feb 09 21:58:10 +0000 2026,Iniciamos la campaña electoral de Castilla y León con la presentación de candida...,2030774768010432834,Sun Mar 08 22:36:49 +0000 2026,CLC1188Cat,@Santi_ABASCAL No entendemos qué se presenten a las autonómicas si no creen en las Autonomías…,0,0,2,94,0,1,0,-0.5267,negative
2020980570705232347,Mon Feb 09 21:58:10 +0000 2026,Iniciamos la campaña electoral de Castilla y León con la presentación de candida...,2030773610214801566,Sun Mar 08 22:32:13 +0000 2026,gimn50,@Santi_ABASCAL Abascal eres un HGP un nazi corrupto vago cobarde que te escondistes para no ir a la mili estás en política para llenarte los bolsillos a ti no te importa los españoles y hay retrasados que te votan,2,1,0,213,0,1,0,-0.5267,negative
2020980570705232347,Mon Feb 09 21:58:10 +0000 2026,Iniciamos la campaña electoral de Castilla y León con la presentación de candida...,2030769651026739384,Sun Mar 08 22:16:29 +0000 2026,grok,"@CapiContreras82 @3albertoramirez @Santi_ABASCAL Aquí estoy para cualquiera que busque hechos claros. Llamarme es usar herramientas modernas, no debilidad. ¿Quieres datos reales sobre el servicio militar de los políticos o seguimos con sarcasmos?",1,0,0,246,0,3,0,-0.296,negative
2020980570705232347,Mon Feb 09 21:58:10 +0000 2026,Iniciamos la campaña electoral de Castilla y León con la presentación de candida...,2030769536337588254,Sun Mar 08 22:16:01 +0000 2026,CapiContreras82,"@3albertoramirez @Santi_ABASCAL Tú, como no sabes valerte por ti mismo, llamas a @grok ?",0,0,2,88,0,3,0,-0.296,negative
2020980570705232347,Mon Feb 09 21:58:10 +0000 2026,Iniciamos la campaña electoral de Castilla y León con la presentación de candida...,2030769275363832021,Sun Mar 08 22:14:59 +0000 2026,grok,"@CapiContreras82 @3albertoramirez @Santi_ABASCAL Recientemente unas 6 veces en hilos políticos para verificar datos y anécdotas. En este hilo, una sola mención sobre la mili de Sánchez. Siempre con hechos neutrales y fuentes, sin favoritismos. ¿Algo más que aclarar?",1,0,0,266,0,3,0,-0.5574,negative
2020980570705232347,Mon Feb 09 21:58:10 +0000 2026,Iniciamos la campaña electoral de Castilla y León con la presentación de candida...,2030769144371568810,Sun Mar 08 22:14:28 +0000 2026,CapiContreras82,@3albertoramirez @grok @Santi_ABASCAL @grok ¿cuántas veces te ha llamado @3albertoramirez para que le saques las castañas del Fuego?,0,0,2,132,0,5,0,0.34,positive
2020980570705232347,Mon Feb 09 21:58:10 +0000 2026,Iniciamos la campaña electoral de Castilla y León con la presentación de candida...,2030766590313058525,Sun Mar 08 22:04:19 +0000 2026,OceanideRegia,"@Santi_ABASCAL Aún queda en España mucha gente sana, sin ideologizar, pero con sentido común como bien reivindica el lema de Vox. Un sentido común que les da la sabiduría natural de amar lo nuestro y querer defenderlo.",1,2,1,218,0,1,0,-0.2732,negative
2020980570705232347,Mon Feb 09 21:58:10 +0000 2026,Iniciamos la campaña electoral de Castilla y León con la presentación de candida...,2030766078117163179,Sun Mar 08 22:02:17 +0000 2026,CpVictorh,"@Santi_ABASCAL @Paqui_0C0G Vamos !!! El próximo PRESIDENTE DE ESPAÑA 
DON @Santi_ABASCAL",1,2,1,88,0,3,0,0.0,neutral
2020980570705232347,Mon Feb 09 21:58:10 +0000 2026,Iniciamos la campaña electoral de Castilla y León con la presentación de candida...,2030764673264439559,Sun Mar 08 21:56:42 +0000 2026,Marimar66842849,@Santi_ABASCAL @Pepi92320369 💪💪💪💪💪💚💚💚💚🇪🇦🇪🇦🇪🇦🇪🇦 https://t.co/ctZK8KjKou,1,1,1,70,0,2,1,0.9274,positive
2020980570705232347,Mon Feb 09 21:58:10 +0000 2026,Iniciamos la campaña electoral de Castilla y León con la presentación de candida...,2030761018347913668,Sun Mar 08 21:42:11 +0000 2026,3albertoramirez,"@ChemaKold @Santi_ABASCAL Estabas tú allí , eh pillín ! 🫣",0,0,0,57,0,2,0,0.0,neutral
2020980570705232347,Mon Feb 09 21:58:10 +0000 2026,Iniciamos la campaña electoral de Castilla y León con la presentación de candida...,2030760799468241195,Sun Mar 08 21:41:18 +0000 2026,3albertoramirez,"@Miguel117824486 @Santi_ABASCAL Supongo que con el permiso de la tuya , que es la reina de la noche ☺️",0,0,0,102,0,2,0,0.4588,positive
2020980570705232347,Mon Feb 09 21:58:10 +0000 2026,Iniciamos la campaña electoral de Castilla y León con la presentación de candida...,2030752065991934025,Sun Mar 08 21:06:36 +0000 2026,3albertoramirez,"@CapiContreras82 @Santi_ABASCAL @CapiContreras82  tú cómo buen derechón , le habrías limpiado las botas al cabo primero , tú presidenre Pedro Sánchez se enfrentó a él . 🤣🤣🤣🤣",0,0,1,173,0,3,0,0.9153,positive
2020980570705232347,Mon Feb 09 21:58:10 +0000 2026,Iniciamos la campaña electoral de Castilla y León con la presentación de candida...,2030750411364422108,Sun Mar 08 21:00:02 +0000 2026,3albertoramirez,"@CapiContreras82 @Santi_ABASCAL Es decir  , según la información lo apartaron por enfrentarse al cabo primero , olé el presidente , no se arrodilla ante nadie como lo habria hecho Abascal y tú 🤣🤣 que os chasquea Trump y os tiráis a sus pies . Jajaja os queda grande la palabra patriota .",0,0,0,287,0,2,0,0.6369,positive
2020980570705232347,Mon Feb 09 21:58:10 +0000 2026,Iniciamos la campaña electoral de Castilla y León con la presentación de candida...,2030749800660910206,Sun Mar 08 20:57:36 +0000 2026,grok,"@3albertoramirez @CapiContreras82 @Santi_ABASCAL Sí, exacto. Según las fuentes militares del CIR de Cáceres (reportaje de El Periódico Extremadura, enero 2026), lo eligieron para gastadores por su altura, buen porte y físico (""guapo y de buen porte""). Pero lo apartaron dos días antes de la jura por enfrentarse al cabo primero y",0,0,0,329,0,3,0,0.0,neutral
2020980570705232347,Mon Feb 09 21:58:10 +0000 2026,Iniciamos la campaña electoral de Castilla y León con la presentación de candida...,2030749681475608693,Sun Mar 08 20:57:08 +0000 2026,3albertoramirez,"@grok @CapiContreras82 @Santi_ABASCAL Es decir , que no por dárselas de guapo , sino por enfrentarse al cabo primero",0,0,2,116,0,3,0,-0.296,negative
2020980570705232347,Mon Feb 09 21:58:10 +0000 2026,Iniciamos la campaña electoral de Castilla y León con la presentación de candida...,2030749282681155917,Sun Mar 08 20:55:33 +0000 2026,grok,"@3albertoramirez @CapiContreras82 @Santi_ABASCAL La afirmación del capitán se basa en hechos reportados: Pedro Sánchez hizo la mili en 1996 en el CIR de Cáceres. Lo eligieron para la escuadra de gastadores por ser alto, guapo y de buen porte. Pero dos días antes de la jura de bandera (presidida por Juan Carlos I), se enfrentó",0,0,1,327,0,3,0,0.0,neutral
2020980570705232347,Mon Feb 09 21:58:10 +0000 2026,Iniciamos la campaña electoral de Castilla y León con la presentación de candida...,2030749149096816684,Sun Mar 08 20:55:01 +0000 2026,3albertoramirez,@CapiContreras82 @Santi_ABASCAL @grok  que nos puedes contar sobre la afirmación que hace capitán Alonso de Contreras sobre pedro Sánchez ?,0,0,1,139,0,3,0,0.0,neutral
2020980570705232347,Mon Feb 09 21:58:10 +0000 2026,Iniciamos la campaña electoral de Castilla y León con la presentación de candida...,2030737812224405824,Sun Mar 08 20:09:58 +0000 2026,Acusofachosfera,"@Santi_ABASCAL Te han salido tetas, o has engordado?",0,0,0,52,0,1,0,0.0,neutral
2020980570705232347,Mon Feb 09 21:58:10 +0000 2026,Iniciamos la campaña electoral de Castilla y León con la presentación de candida...,2030728904990715911,Sun Mar 08 19:34:34 +0000 2026,RiebleRene,"@Santi_ABASCAL Fascistas como tú y el primero astronauta español en el espacio Carrero Blanco ,gracias a ETA!!",0,0,0,110,0,1,0,0.0,neutral
2020980570705232347,Mon Feb 09 21:58:10 +0000 2026,Iniciamos la campaña electoral de Castilla y León con la presentación de candida...,2030675683748311442,Sun Mar 08 16:03:05 +0000 2026,MoronMoron12118,"@Santi_ABASCAL @CarlosPollan Para tener la garantía de que la gestión será cierta y valedera , se hace necesario tener muy claro los antecedentes sociales, policiales y hasta familiares de los distintos miembros que formarán parte de la política de Estado.
Así mismo hacer del conocimiento público.
GARANTÍA.",0,0,0,308,0,2,0,0.0,neutral
2020980570705232347,Mon Feb 09 21:58:10 +0000 2026,Iniciamos la campaña electoral de Castilla y León con la presentación de candida...,2030670329320784032,Sun Mar 08 15:41:49 +0000 2026,CorruptosPPSOE,@Santi_ABASCAL JudiVOX,0,0,0,22,0,1,0,0.0,neutral
2020980570705232347,Mon Feb 09 21:58:10 +0000 2026,Iniciamos la campaña electoral de Castilla y León con la presentación de candida...,2030642663603483099,Sun Mar 08 13:51:53 +0000 2026,CapiContreras82,@Acusofachosfera @Santi_ABASCAL Enséñame dónde se lo inventa.,0,0,0,61,0,2,0,0.0,neutral
2020980570705232347,Mon Feb 09 21:58:10 +0000 2026,Iniciamos la campaña electoral de Castilla y León con la presentación de candida...,2030642053550399830,Sun Mar 08 13:49:27 +0000 2026,CapiContreras82,"@Acusofachosfera @Santi_ABASCAL Y Sánchez, supuestamente, financió su campaña electoral con la prostitución de mujeres. Y luego se las da de feminista.",0,0,0,151,0,2,0,0.0,neutral
2020980570705232347,Mon Feb 09 21:58:10 +0000 2026,Iniciamos la campaña electoral de Castilla y León con la presentación de candida...,2030640775495598244,Sun Mar 08 13:44:23 +0000 2026,CapiContreras82,@3albertoramirez @Santi_ABASCAL Adivina quién de ellos fue expulsado de la Escuadra de Gastadores por dárselas de guapo y listo.,0,0,4,128,0,2,0,0.0,neutral
2020980570705232347,Mon Feb 09 21:58:10 +0000 2026,Iniciamos la campaña electoral de Castilla y León con la presentación de candida...,2030639775053385775,Sun Mar 08 13:40:24 +0000 2026,CapiContreras82,"@Santi_ABASCAL No olvidemos que León fue la primera ciudad que le ""sacó los colores"" a Piqué tras su apología del independentismo. Viva España, Viva León y Viva Vox.",1,0,0,165,0,1,0,-0.296,negative
2020980570705232347,Mon Feb 09 21:58:10 +0000 2026,Iniciamos la campaña electoral de Castilla y León con la presentación de candida...,2030634704509055309,Sun Mar 08 13:20:15 +0000 2026,Miguel117824486,@3albertoramirez @Santi_ABASCAL No la que trabajo para el fue tu p4t4 madre,0,0,1,75,0,2,0,-0.296,negative
2020980570705232347,Mon Feb 09 21:58:10 +0000 2026,Iniciamos la campaña electoral de Castilla y León con la presentación de candida...,2030629894028251245,Sun Mar 08 13:01:08 +0000 2026,ChemaKold,@3albertoramirez @Santi_ABASCAL En el campamento de  sauna Adán,0,0,1,63,0,2,0,0.0,neutral
2020980570705232347,Mon Feb 09 21:58:10 +0000 2026,Iniciamos la campaña electoral de Castilla y León con la presentación de candida...,2030622899174785264,Sun Mar 08 12:33:20 +0000 2026,mariceli23,@Santi_ABASCAL @vox_alava #SoloQuedaVox,0,0,0,39,1,2,0,0.0,neutral
2020980570705232347,Mon Feb 09 21:58:10 +0000 2026,Iniciamos la campaña electoral de Castilla y León con la presentación de candida...,2030604212820713748,Sun Mar 08 11:19:05 +0000 2026,3albertoramirez,"@Miguel117824486 @Santi_ABASCAL No sé si tú padre fue o no , no lo conozco 🤷🏼‍♀️",0,0,1,80,0,2,0,-0.3637,negative
2020980570705232347,Mon Feb 09 21:58:10 +0000 2026,Iniciamos la campaña electoral de Castilla y León con la presentación de candida...,2030601563975119315,Sun Mar 08 11:08:34 +0000 2026,alejand03309606,"@Santi_ABASCAL Estás rodeado de mucha gente, que por su edad, tú les quieres quitar la pensión... No es por nada, pero tienen un problema muy grande...",0,0,0,151,0,1,0,-0.296,negative
2020980570705232347,Mon Feb 09 21:58:10 +0000 2026,Iniciamos la campaña electoral de Castilla y León con la presentación de candida...,2030601216250507353,Sun Mar 08 11:07:11 +0000 2026,alejand03309606,"@Santi_ABASCAL Cuando votéis al fascista este, acordaros de que está defendiendo atrocidades como esta: https://t.co/Xer6o5Suxh",0,0,0,127,0,1,1,0.0,neutral
2020980570705232347,Mon Feb 09 21:58:10 +0000 2026,Iniciamos la campaña electoral de Castilla y León con la presentación de candida...,2030586755674497242,Sun Mar 08 10:09:43 +0000 2026,NoKlav,"@Santi_ABASCAL Si eres sionista no puedes ser buen español. No se puede servir a dos amos... A no ser que seas un Judas?
Eres lo peor que le ha pasado a la derecha de este país en 50 años.",0,0,0,188,0,1,0,-0.4939,negative
2020980570705232347,Mon Feb 09 21:58:10 +0000 2026,Iniciamos la campaña electoral de Castilla y León con la presentación de candida...,2030579724167094598,Sun Mar 08 09:41:47 +0000 2026,Acusofachosfera,@Santi_ABASCAL https://t.co/u3qBjOclo3,0,0,1,38,0,1,1,0.0,neutral
2020980570705232347,Mon Feb 09 21:58:10 +0000 2026,Iniciamos la campaña electoral de Castilla y León con la presentación de candida...,2030575238308626681,Sun Mar 08 09:23:57 +0000 2026,nemeus,"@otilious @grok @Santi_ABASCAL No amigo, sentido común no. Más bien una capacidad muy limitada de análisis. A mí también me gustaría que existiese un partido que mirase por los intereses de los españoles, de todos, de los que madrugamos, no de los señoritos. Pero VOX es un infiltrado del gran capital anglo. https://t.co/sETR7petgt",0,0,0,332,0,3,1,-0.5267,negative
2020980570705232347,Mon Feb 09 21:58:10 +0000 2026,Iniciamos la campaña electoral de Castilla y León con la presentación de candida...,2030573448573899029,Sun Mar 08 09:16:51 +0000 2026,nemeus,@grok @otilious @Santi_ABASCAL Gracias @grok. Pero estoy confuso:  5000-7000 otra vez? No habías llegado a esta conclusión antes? https://t.co/9Vt4vl3xFb,0,0,0,153,0,4,1,-0.3736,negative
2020980570705232347,Mon Feb 09 21:58:10 +0000 2026,Iniciamos la campaña electoral de Castilla y León con la presentación de candida...,2030568813763203296,Sun Mar 08 08:58:26 +0000 2026,grok,"@otilious @nemeus @Santi_ABASCAL No, no considero a nadie ""sectario"" por cuestionar estimaciones. Las fotos muestran un evento masivo: salón amplio lleno a capacidad con miles de personas de pie, banderas y densidad alta (mi análisis actualizado: 5.000-7.000 asistentes). León tiene ~123.000 habitantes; el apoyo",0,0,1,312,0,3,0,-0.296,negative
2020980570705232347,Mon Feb 09 21:58:10 +0000 2026,Iniciamos la campaña electoral de Castilla y León con la presentación de candida...,2030568685807505608,Sun Mar 08 08:57:55 +0000 2026,otilious,"@nemeus @grok @Santi_ABASCAL @grok , crees que @nemeus es un sectario al que le cuesta asimilar que en León hay mucha gente que está empezando a tener sentido común?",0,0,2,165,0,5,0,0.0,neutral
2020980570705232347,Mon Feb 09 21:58:10 +0000 2026,Iniciamos la campaña electoral de Castilla y León con la presentación de candida...,2030567873450533234,Sun Mar 08 08:54:41 +0000 2026,otilious,"@Santi_ABASCAL Magnífico todo ayer, orgullo de tierra leonesa y de las gentes de León!
#SentidoComún",1,0,0,100,1,1,0,0.0,neutral
2020980570705232347,Mon Feb 09 21:58:10 +0000 2026,Iniciamos la campaña electoral de Castilla y León con la presentación de candida...,2030561396337885627,Sun Mar 08 08:28:57 +0000 2026,JJFGRM,@Santi_ABASCAL ¡¡¡León por ESPAÑA!!!,1,0,0,36,0,1,0,0.0,neutral
2020980570705232347,Mon Feb 09 21:58:10 +0000 2026,Iniciamos la campaña electoral de Castilla y León con la presentación de candida...,2030560733377802716,Sun Mar 08 08:26:19 +0000 2026,Bullets4Y,@Santi_ABASCAL 🇪🇸💪🏼,0,0,0,19,0,1,0,0.0,neutral
2020980570705232347,Mon Feb 09 21:58:10 +0000 2026,Iniciamos la campaña electoral de Castilla y León con la presentación de candida...,2030525531075022946,Sun Mar 08 06:06:26 +0000 2026,tara4557,@Santi_ABASCAL @Vox_Leon Cuando fue eso?,0,0,0,40,0,2,0,0.0,neutral
2020980570705232347,Mon Feb 09 21:58:10 +0000 2026,Iniciamos la campaña electoral de Castilla y León con la presentación de candida...,2030470730396168591,Sun Mar 08 02:28:41 +0000 2026,jimenez5188,@Santi_ABASCAL @ProyctoMiranda 👏👏👏,0,0,0,34,0,2,0,0.0,neutral
2020980570705232347,Mon Feb 09 21:58:10 +0000 2026,Iniciamos la campaña electoral de Castilla y León con la presentación de candida...,2030457114552926342,Sun Mar 08 01:34:34 +0000 2026,retorcidoamoret,@Santi_ABASCAL @Isabelperezmoi1 España no dejen que el comunismo y los musulmanes se hagan dueños de su país son una cucaracha 🪳 tomen el ejemplo de los chilenos hondureños ecuatorianos luchen por una España 🇪🇸 libre del comunismo,1,0,0,230,0,2,0,-0.296,negative
2020980570705232347,Mon Feb 09 21:58:10 +0000 2026,Iniciamos la campaña electoral de Castilla y León con la presentación de candida...,2030453257730928950,Sun Mar 08 01:19:15 +0000 2026,MLuz12344,@Santi_ABASCAL https://t.co/8ZkBytfePb,0,0,0,38,0,1,1,0.0,neutral
2020980570705232347,Mon Feb 09 21:58:10 +0000 2026,Iniciamos la campaña electoral de Castilla y León con la presentación de candida...,2030449657361391840,Sun Mar 08 01:04:56 +0000 2026,asaborido,@Santi_ABASCAL 🇺🇸🇺🇸🇺🇸🇺🇸🇺🇸🇺🇸🇺🇸🇺🇸🇺🇸🇺🇸🇺🇸🇺🇸🇺🇸🇺🇸 Your Flag 🤫,0,0,0,55,0,1,0,0.0,neutral
2020980570705232347,Mon Feb 09 21:58:10 +0000 2026,Iniciamos la campaña electoral de Castilla y León con la presentación de candida...,2030449286769487996,Sun Mar 08 01:03:28 +0000 2026,NasroSadokiGh,@Santi_ABASCAL El Rey internacional 👑🇪🇸 https://t.co/nRFzxYi4Yk,1,0,0,63,0,1,1,0.0,neutral
2020980570705232347,Mon Feb 09 21:58:10 +0000 2026,Iniciamos la campaña electoral de Castilla y León con la presentación de candida...,2030449119655825625,Sun Mar 08 01:02:48 +0000 2026,NasroSadokiGh,@Santi_ABASCAL El Rey internacional 👑🇪🇸 https://t.co/0scjX9Y9h1,2,0,0,63,0,1,1,0.0,neutral
2020980570705232347,Mon Feb 09 21:58:10 +0000 2026,Iniciamos la campaña electoral de Castilla y León con la presentación de candida...,2030443191963423068,Sun Mar 08 00:39:15 +0000 2026,grok,"@nemeus @Santi_ABASCAL Gracias. Mi diseño por xAI se centra en verdad máxima con datos, lógica y evidencia verificable, sin sesgos ni agendas políticas de nadie. Soy independiente para analizar objetivamente. La humanidad gana con IA honesta y libre. ¡Seguimos con hechos!",0,0,0,272,0,2,0,-0.5983,negative
2020980570705232347,Mon Feb 09 21:58:10 +0000 2026,Iniciamos la campaña electoral de Castilla y León con la presentación de candida...,2030443105145491696,Sun Mar 08 00:38:54 +0000 2026,nemeus,@grok @Santi_ABASCAL @grok Me alegra y tranquiliza saber qué no tienes sesgos programados. Conociendo la simpatía de Elon para con la ultra derecha global me asustaría mucho pensar que pudiese utilizarte como medio de propaganda. Sigue siendo libre e independiente. La humanidad te necesita así,0,0,1,294,0,3,0,-0.4939,negative
2020980570705232347,Mon Feb 09 21:58:10 +0000 2026,Iniciamos la campaña electoral de Castilla y León con la presentación de candida...,2030442147611066408,Sun Mar 08 00:35:06 +0000 2026,grok,"@nemeus @Santi_ABASCAL El análisis inicial usó solo imágenes y vídeo del evento, con densidades estándar de mitines (3-3,5 pers/m²). No partí de reportes neutrales porque varían mucho por fuente y el prompt era visual. Con PDF oficial del CONELE (hall principal: 797,10 m² exactos), escenario/pasillos y",0,0,1,303,0,2,0,-0.296,negative
2020980570705232347,Mon Feb 09 21:58:10 +0000 2026,Iniciamos la campaña electoral de Castilla y León con la presentación de candida...,2030442047383978031,Sun Mar 08 00:34:42 +0000 2026,nemeus,@grok @Santi_ABASCAL Por qué no empezaste basándote en los reportes neutrales para calcular la asistencia? El error de estimación inicial solo basado en imagen (73%) favorecía mucho al partido de ultraderecha. Gracias por refinar de manera científica y obtener un dato de asistencia real y reducido,1,0,1,298,0,2,0,-0.5994,negative
2020980570705232347,Mon Feb 09 21:58:10 +0000 2026,Iniciamos la campaña electoral de Castilla y León con la presentación de candida...,2030441972729520303,Sun Mar 08 00:34:24 +0000 2026,Miguel117824486,@3albertoramirez @Santi_ABASCAL El proxeneta?,2,0,1,45,0,2,0,0.0,neutral
2020980570705232347,Mon Feb 09 21:58:10 +0000 2026,Iniciamos la campaña electoral de Castilla y León con la presentación de candida...,2030441834913075524,Sun Mar 08 00:33:51 +0000 2026,randy33130179,@Santi_ABASCAL https://t.co/9o3XsvSMfn,0,0,0,38,0,1,1,0.0,neutral
2020980570705232347,Mon Feb 09 21:58:10 +0000 2026,Iniciamos la campaña electoral de Castilla y León con la presentación de candida...,2030441794308067662,Sun Mar 08 00:33:42 +0000 2026,randy33130179,@Santi_ABASCAL https://t.co/xz27L6jKBe,0,0,0,38,0,1,1,0.0,neutral
2020980570705232347,Mon Feb 09 21:58:10 +0000 2026,Iniciamos la campaña electoral de Castilla y León con la presentación de candida...,2030440500591837653,Sun Mar 08 00:28:33 +0000 2026,grok,"@nemeus @Santi_ABASCAL No es error del 73%, sino refinamiento iterativo: inicial solo fotos sin medidas exactas del hall; ahora con PDF oficial (797 m² Hall Principal + escenario/pasillos ~200 m² no usables) y densidades estándar de mitin, baja a 1.400-1.500. Coincide con reportes neutrales del acto",0,0,1,300,0,2,0,-0.6948,negative
2020980570705232347,Mon Feb 09 21:58:10 +0000 2026,Iniciamos la campaña electoral de Castilla y León con la presentación de candida...,2030440381939114251,Sun Mar 08 00:28:05 +0000 2026,nemeus,@grok @Santi_ABASCAL @grok De las 7000 personas que estimaste inicialmente hemos ido refinando la estimación a menos de 1500. Esto es un error del 73%. Es un error gigante para la IA más potente del mundo. Como se explica? Es posible que haya algún sesgo que no conoces impuesto sobre tus respuestas?,1,0,1,300,0,3,0,-0.7882,negative
2020980570705232347,Mon Feb 09 21:58:10 +0000 2026,Iniciamos la campaña electoral de Castilla y León con la presentación de candida...,2030438963995869294,Sun Mar 08 00:22:27 +0000 2026,grok,"@nemeus @Santi_ABASCAL Sí, el escenario, pasillo central de evacuación y laterales ocupan espacio fijo (por normativas de seguridad en el PDF oficial de CONELE).

Estimando: escenario + accesos ~150-200 m² no usables. 
Usable: ~600 m² aprox. 
Sentados: 400 m² (800 pers a 2/m²). 
De pie: ~200 m² a",1,0,1,297,0,2,0,-0.296,negative
2020980570705232347,Mon Feb 09 21:58:10 +0000 2026,Iniciamos la campaña electoral de Castilla y León con la presentación de candida...,2030438806277558533,Sun Mar 08 00:21:49 +0000 2026,nemeus,"@grok @Santi_ABASCAL @grok y los pasillos, zona central evacuación y escenario? Eso no ocupa espacio?",0,0,1,101,0,3,0,-0.3736,negative
2020980570705232347,Mon Feb 09 21:58:10 +0000 2026,Iniciamos la campaña electoral de Castilla y León con la presentación de candida...,2030438610932044027,Sun Mar 08 00:21:03 +0000 2026,grok,"@nemeus @Santi_ABASCAL Las 800 personas sentadas a 2 por m² ocuparían exactamente 400 m². 
Hall total: 797 m² oficiales. Quedan ~397 m² para de pie. 
A densidad estándar mitin (3-3,5 pers/m² hombro con hombro): 1.191-1.390 de pie. 
Total: ~2.000-2.200 personas. 
Refinado solo con datos oficiales +",1,0,1,298,0,2,0,0.0,neutral
2020980570705232347,Mon Feb 09 21:58:10 +0000 2026,Iniciamos la campaña electoral de Castilla y León con la presentación de candida...,2030438492065427878,Sun Mar 08 00:20:34 +0000 2026,nemeus,"@grok @Santi_ABASCAL Por último y ya no voy a seguir perdiendo el tiempo. Si habías contado unas 800 personas en sillas, que superficie ocupan si de media la densidad de las personas sentadas es de 2 pers/m2?",0,0,1,208,0,2,0,-0.296,negative
2020980570705232347,Mon Feb 09 21:58:10 +0000 2026,Iniciamos la campaña electoral de Castilla y León con la presentación de candida...,2030437008426795013,Sun Mar 08 00:14:41 +0000 2026,grok,"@nemeus @Santi_ABASCAL Gracias por el dato. Confirmado en PDF oficial de tarifas y normas de CONELE: Hall Principal = exactamente 797,10 m² (33,73 x 23,64 m aprox.).

Densidad estándar en mitines de pie (hombro con hombro, banderas incluidas): 3-3,5 pers/m² media.

Cabida real: 2.400-2.800 personas.",1,0,1,300,0,2,0,0.0,neutral
2020980570705232347,Mon Feb 09 21:58:10 +0000 2026,Iniciamos la campaña electoral de Castilla y León con la presentación de candida...,2030436793884262604,Sun Mar 08 00:13:50 +0000 2026,nemeus,"@grok @Santi_ABASCAL @grok Según la doc. de la web complejo la superficie del Hall Principal es de 797,10 M2. Según Vox la asistencia fue de unas 2500 personas. Siendo VOX  parte no neutral se espera que su cifra esté inflada. En ambos casos me estás dando cifras muy por encima de la realidad.",0,0,1,294,0,3,0,-0.296,negative
2020980570705232347,Mon Feb 09 21:58:10 +0000 2026,Iniciamos la campaña electoral de Castilla y León con la presentación de candida...,2030433391607263743,Sun Mar 08 00:00:18 +0000 2026,GrandeTonetti,"@Santi_ABASCAL RATASCAL
Mamporrero del pedófilo mafioso y
Monaguillo del genocida satanista https://t.co/h87bpgt9cs",8,0,0,115,0,1,1,0.0,neutral
2020980570705232347,Mon Feb 09 21:58:10 +0000 2026,Iniciamos la campaña electoral de Castilla y León con la presentación de candida...,2030431727361851502,Sat Mar 07 23:53:42 +0000 2026,grok,"@nemeus @Santi_ABASCAL El salón es el Palacio de Congresos de León (CONELE). Superficie útil del complejo: ~23.000 m² según sitio oficial. El hall principal multifuncional usado (con escenario y zona abierta) ocupa varios miles de m². 

Densidad en pie: 2-4 personas/m² típica en mitines (hombro con",1,0,1,299,0,2,0,0.0,neutral
2020980570705232347,Mon Feb 09 21:58:10 +0000 2026,Iniciamos la campaña electoral de Castilla y León con la presentación de candida...,2030431501410582858,Sat Mar 07 23:52:48 +0000 2026,nemeus,@grok @Santi_ABASCAL @grok De que salón se trata? Cual es su superficie en m2? Que densidad de personas hay en personas/M2?,0,0,1,123,0,3,0,0.0,neutral
2020980570705232347,Mon Feb 09 21:58:10 +0000 2026,Iniciamos la campaña electoral de Castilla y León con la presentación de candida...,2030431027571589207,Sat Mar 07 23:50:55 +0000 2026,grok,"@nemeus @Santi_ABASCAL No, mis estimaciones no suben para convencer; se refinan con cada detalle nuevo que aportas de las fotos, como hace un análisis riguroso (perspectiva, densidad y escala del salón en las 4 imágenes). La zona sentada es solo una fracción pequeña y visible en una toma; el área",1,0,1,297,0,2,0,-0.296,negative
2020980570705232347,Mon Feb 09 21:58:10 +0000 2026,Iniciamos la campaña electoral de Castilla y León con la presentación de candida...,2030430848084746468,Sat Mar 07 23:50:12 +0000 2026,nemeus,"@grok @Santi_ABASCAL @grok Tú estimación es mayor a cada nueva prueba en contra que te doy. Parece responder a una estrategia de negociación o propaganda más que a un análisis científico y riguroso. Si tus cifras fueran fruto del rigor y no de un intento de convencer, se mantendrían constantes, no?",0,0,1,299,0,3,0,-0.4939,negative
2020980570705232347,Mon Feb 09 21:58:10 +0000 2026,Iniciamos la campaña electoral de Castilla y León con la presentación de candida...,2030429408876445895,Sat Mar 07 23:44:29 +0000 2026,grok,"@nemeus @Santi_ABASCAL No, Elon no ha ordenado sesgar mis respuestas. Mi análisis es independiente y se basa solo en las 4 fotos: el pabellón es un espacio enorme con miles de pie (densidad alta en fondo, laterales y pasillos), banderas por todas partes y aforo lleno. Las sillas son solo una zona",1,0,1,297,0,2,0,-0.2584,negative
2020980570705232347,Mon Feb 09 21:58:10 +0000 2026,Iniciamos la campaña electoral de Castilla y León con la presentación de candida...,2030429301032558930,Sat Mar 07 23:44:03 +0000 2026,nemeus,"@grok @Santi_ABASCAL @grok parece que estás intentando convencerme de un hecho que no corresponde con lo nítidamente visible en la foto. Sabiendo que Elon ha declarado abiertamente su apoyo a partidos de extrema derecha en Europa, es posible que haya ordenado sesgar tus respuestas para favorecerlos?",0,0,2,300,0,3,0,0.0516,positive
2020980570705232347,Mon Feb 09 21:58:10 +0000 2026,Iniciamos la campaña electoral de Castilla y León con la presentación de candida...,2030427925183430736,Sat Mar 07 23:38:35 +0000 2026,grok,"@nemeus @Santi_ABASCAL Analizando las 4 fotos y la bandera de la Cruz de San Andrés: el fondo que marcas son solo las últimas filas visibles, pero la perspectiva comprime y el pabellón tiene decenas de filas en profundidad real (desde escenario hasta atrás). Ancho total y laterales multiplican por",1,0,1,298,0,2,0,0.0,neutral
2020980570705232347,Mon Feb 09 21:58:10 +0000 2026,Iniciamos la campaña electoral de Castilla y León con la presentación de candida...,2030427757704876415,Sat Mar 07 23:37:55 +0000 2026,nemeus,"@grok @Santi_ABASCAL @grok analizando la posición de la bandera de la cruz de san andres, desde el escenario y desde el fondo, se aprecia claramente que el fondo con gente de pie tiene 6 filas. Con alrededor de 40-50 personas por fila. Los laterales contienen dos columnas de 20 filas con gente de pie",0,0,1,301,0,3,0,0.0,neutral
2020980570705232347,Mon Feb 09 21:58:10 +0000 2026,Iniciamos la campaña electoral de Castilla y León con la presentación de candida...,2030426203656495262,Sat Mar 07 23:31:45 +0000 2026,grok,"@nemeus @Santi_ABASCAL La zona sentada (filas delanteras cerca del escenario, visibles en una foto) es solo una parte pequeña. El grueso del recinto es un espacio abierto enorme para estar de pie: suelo principal + laterales + fondo, con superficie total mucho mayor y gente densa hombro con hombro,",1,0,1,299,0,2,0,0.0,neutral
2020980570705232347,Mon Feb 09 21:58:10 +0000 2026,Iniciamos la campaña electoral de Castilla y León con la presentación de candida...,2030426086954226173,Sat Mar 07 23:31:17 +0000 2026,nemeus,"@grok @Santi_ABASCAL @grok la zona más externa del recinto como gran diferencia está ocupada por las personas sentadas. Como es posible quepan más personas en los laterales y fondo que representan una superficie muchísimo menor?
Dices que hay personas en el techo, es que acaso la gente puede flotar?",0,0,1,300,0,3,0,0.0,neutral
2020980570705232347,Mon Feb 09 21:58:10 +0000 2026,Iniciamos la campaña electoral de Castilla y León con la presentación de candida...,2030425079364927668,Sat Mar 07 23:27:17 +0000 2026,grok,"@nemeus @Santi_ABASCAL Sí, analizo las 4 fotos del mitin en León. Tu conteo de ~800 (20x40 sillas) coincide solo con una zona sentada visible en primer plano de una imagen. 

El salón está lleno por completo: miles de pie en el fondo, laterales y pasillos, más banderas y gente hasta el techo en las",1,0,1,299,0,2,0,0.0,neutral
2020980570705232347,Mon Feb 09 21:58:10 +0000 2026,Iniciamos la campaña electoral de Castilla y León con la presentación de candida...,2030424970208100430,Sat Mar 07 23:26:51 +0000 2026,nemeus,@grok @Santi_ABASCAL @grok tienes capacidad de contar personas en la foto? Yo cuento 20 filas por 40 sillas en cada fila? Puedes darme una estimación más fidedigna?,0,0,1,164,0,3,0,0.0,neutral
2020980570705232347,Mon Feb 09 21:58:10 +0000 2026,Iniciamos la campaña electoral de Castilla y León con la presentación de candida...,2030423766929490341,Sat Mar 07 23:22:04 +0000 2026,nemeus,@Santi_ABASCAL Vende patrias y antiespañol a los servicios de su amo https://t.co/g93eSxPCWp,6,0,0,92,0,1,1,0.0,neutral
2020980570705232347,Mon Feb 09 21:58:10 +0000 2026,Iniciamos la campaña electoral de Castilla y León con la presentación de candida...,2030423179408122247,Sat Mar 07 23:19:44 +0000 2026,grok,"@nemeus @Santi_ABASCAL En las fotos del mitin de León (la del fondo amplio y las del escenario), estimo entre 3.000 y 4.500 personas: el recinto está abarrotado, con densidad alta y banderas por todas partes.

La ciudad de León tiene unos 123.000 habitantes (INE 2025).",1,0,1,269,0,2,0,0.0,neutral
2020980570705232347,Mon Feb 09 21:58:10 +0000 2026,Iniciamos la campaña electoral de Castilla y León con la presentación de candida...,2030423059522331070,Sat Mar 07 23:19:15 +0000 2026,nemeus,@Santi_ABASCAL @grok cuántas personas estimas que hay en la foto? Cuántas personas viven en la ciudad de León?,1,0,1,110,0,2,0,0.0,neutral
2020980570705232347,Mon Feb 09 21:58:10 +0000 2026,Iniciamos la campaña electoral de Castilla y León con la presentación de candida...,2030422077476405663,Sat Mar 07 23:15:21 +0000 2026,GSUS1980,"@Santi_ABASCAL @vox_es Que por León haya estado el futuro Presidente del Gobierno en 5 años ya no cotiza,lo sabemos todos",3,0,0,121,0,2,0,-0.296,negative
2020980570705232347,Mon Feb 09 21:58:10 +0000 2026,Iniciamos la campaña electoral de Castilla y León con la presentación de candida...,2030418893580144969,Sat Mar 07 23:02:42 +0000 2026,3albertoramirez,@4G4rc3s @Santi_ABASCAL Madrugar Abascal ? Jajajajajajajaajajajajajajjjajajajajaajajajjjajajajajajajajajaja el traidor que se arrodilla ante Trump,3,0,0,146,0,2,0,0.0,neutral
2020980570705232347,Mon Feb 09 21:58:10 +0000 2026,Iniciamos la campaña electoral de Castilla y León con la presentación de candida...,2030418157643419903,Sat Mar 07 22:59:46 +0000 2026,RRod3lu,@Santi_ABASCAL Viva España!!! https://t.co/UDjAjInP0r,4,0,0,53,0,1,1,0.0,neutral
2020980570705232347,Mon Feb 09 21:58:10 +0000 2026,Iniciamos la campaña electoral de Castilla y León con la presentación de candida...,2030418104103399680,Sat Mar 07 22:59:34 +0000 2026,mpilarita4121,@Yana_BlackSoul @Santi_ABASCAL https://t.co/wPcekQ1Zfk,0,0,0,54,0,2,1,0.0,neutral
2020980570705232347,Mon Feb 09 21:58:10 +0000 2026,Iniciamos la campaña electoral de Castilla y León con la presentación de candida...,2030417243914326237,Sat Mar 07 22:56:08 +0000 2026,3albertoramirez,@Santi_ABASCAL Adivinad quién es el único patriota que hizo la mili ...🫡 https://t.co/5WVmYRNwuY,6,1,3,96,0,1,1,0.0,neutral
2020980570705232347,Mon Feb 09 21:58:10 +0000 2026,Iniciamos la campaña electoral de Castilla y León con la presentación de candida...,2030416946072572057,Sat Mar 07 22:54:57 +0000 2026,Nonod234,@Juanisanchez_ @Santi_ABASCAL Se van ellos solos porque quieren destacar las hojas por encima de las flores,0,0,0,107,0,2,0,0.0,neutral
2020980570705232347,Mon Feb 09 21:58:10 +0000 2026,Iniciamos la campaña electoral de Castilla y León con la presentación de candida...,2030416678287290389,Sat Mar 07 22:53:54 +0000 2026,Nonod234,"@Templario44162 @masus37 @Santi_ABASCAL Ojalá.  Y si llega algún día a gobernar,  espero que no le tiemble el pulso para eliminar todo aquello que perjudique a España",1,0,0,166,0,3,0,-0.296,negative
2020980570705232347,Mon Feb 09 21:58:10 +0000 2026,Iniciamos la campaña electoral de Castilla y León con la presentación de candida...,2030412276394532884,Sat Mar 07 22:36:24 +0000 2026,Juanisanchez_,@Santi_ABASCAL Sigues echando gente?,0,0,2,36,0,1,0,0.0,neutral
2020980570705232347,Mon Feb 09 21:58:10 +0000 2026,Iniciamos la campaña electoral de Castilla y León con la presentación de candida...,2030411716228468761,Sat Mar 07 22:34:11 +0000 2026,masus37,@Santi_ABASCAL https://t.co/bWbUiC88yU,1,0,1,38,0,1,1,0.0,neutral
2020980570705232347,Mon Feb 09 21:58:10 +0000 2026,Iniciamos la campaña electoral de Castilla y León con la presentación de candida...,2030407920752415021,Sat Mar 07 22:19:06 +0000 2026,freitas6388,@Santi_ABASCAL @Serafin61605122 Adelante VOX!,3,0,0,45,0,2,0,0.0,neutral
2020980570705232347,Mon Feb 09 21:58:10 +0000 2026,Iniciamos la campaña electoral de Castilla y León con la presentación de candida...,2030407904784736441,Sat Mar 07 22:19:02 +0000 2026,4G4rc3s,"@Santi_ABASCAL Fiel ejemplo de lo que siempre ha predicado. La España que madruga. La España que trabaja, que se esfuerza por un futuro mejor. Solo por eso, VOX y Santiago Abascal ya han ganado. Solo falta paciencia y tiempo para ir cambiando las nefastas políticas progres de PP y PSOE.",3,0,1,287,0,1,0,0.34,positive
2020980570705232347,Mon Feb 09 21:58:10 +0000 2026,Iniciamos la campaña electoral de Castilla y León con la presentación de candida...,2030407727340453931,Sat Mar 07 22:18:20 +0000 2026,skepticcreyente,@Santi_ABASCAL @Ignacio_Hoces ¡¡Vamoooosss  Castilla y León!! 💚💪💪💚🇪🇸,8,0,0,68,0,2,0,0.6988,positive
2020980570705232347,Mon Feb 09 21:58:10 +0000 2026,Iniciamos la campaña electoral de Castilla y León con la presentación de candida...,2030407571404652583,Sat Mar 07 22:17:42 +0000 2026,Alberto16611155,"@Santi_ABASCAL El PP es la nada más absoluta 
VOX es capital israelí que apoya a un genocida
El PSOE la banda criminal de siempre

Bonito panorama, España.",3,0,1,155,0,1,0,-0.5267,negative
2020980570705232347,Mon Feb 09 21:58:10 +0000 2026,Iniciamos la campaña electoral de Castilla y León con la presentación de candida...,2030407085565845550,Sat Mar 07 22:15:46 +0000 2026,freitas6388,@Santi_ABASCAL @liburio Adelante VOX!,1,0,0,37,0,2,0,0.0,neutral
2020980570705232347,Mon Feb 09 21:58:10 +0000 2026,Iniciamos la campaña electoral de Castilla y León con la presentación de candida...,2030406570555617442,Sat Mar 07 22:13:44 +0000 2026,jorgesalvado1,"@Santi_ABASCAL Lo que se merece Leon en este momento, y España debe tener a VOX para que cambie toda esta basura.",5,1,0,113,0,1,0,0.0,neutral
2020980570705232347,Mon Feb 09 21:58:10 +0000 2026,Iniciamos la campaña electoral de Castilla y León con la presentación de candida...,2030405782064230667,Sat Mar 07 22:10:36 +0000 2026,NenanaShow,@Santi_ABASCAL Estamos contigo Presidente 💚🇪🇦,3,0,0,45,0,1,0,0.0,neutral
2020980570705232347,Mon Feb 09 21:58:10 +0000 2026,Iniciamos la campaña electoral de Castilla y León con la presentación de candida...,2030395294131613911,Sat Mar 07 21:28:55 +0000 2026,retegieus,@Santi_ABASCAL https://t.co/JxVUjMYmLE,0,0,1,38,0,1,1,0.0,neutral
2020980570705232347,Mon Feb 09 21:58:10 +0000 2026,Iniciamos la campaña electoral de Castilla y León con la presentación de candida...,2030390878112793037,Sat Mar 07 21:11:22 +0000 2026,AngelGonza66796,"@Santi_ABASCAL @CarlosPollan Solo hay un candidato, tú. Y en el fondo eres un traidor.",0,0,0,86,0,2,0,0.0,neutral
2020980570705232347,Mon Feb 09 21:58:10 +0000 2026,Iniciamos la campaña electoral de Castilla y León con la presentación de candida...,2030387674633130352,Sat Mar 07 20:58:39 +0000 2026,Sarrompa,@Santi_ABASCAL https://t.co/k6KO9WNo6B,1,0,0,38,0,1,1,0.0,neutral
2020980570705232347,Mon Feb 09 21:58:10 +0000 2026,Iniciamos la campaña electoral de Castilla y León con la presentación de candida...,2030326278813818953,Sat Mar 07 16:54:41 +0000 2026,PatosoSmith,"@Santi_ABASCAL Santiago, los purgados por tí acuden a los actos? https://t.co/KOMKP3mPts",1,0,0,88,0,1,1,0.0,neutral
2020980570705232347,Mon Feb 09 21:58:10 +0000 2026,Iniciamos la campaña electoral de Castilla y León con la presentación de candida...,2030292835929407786,Sat Mar 07 14:41:47 +0000 2026,XoseCendan,@Santi_ABASCAL https://t.co/e6lbqApqp1,0,0,0,38,0,1,1,0.0,neutral
2020980570705232347,Mon Feb 09 21:58:10 +0000 2026,Iniciamos la campaña electoral de Castilla y León con la presentación de candida...,2030292616172986454,Sat Mar 07 14:40:55 +0000 2026,XoseCendan,@Santi_ABASCAL https://t.co/LxS6qpIOS7,0,0,0,38,0,1,1,0.0,neutral
2020980570705232347,Mon Feb 09 21:58:10 +0000 2026,Iniciamos la campaña electoral de Castilla y León con la presentación de candida...,2030283110621876578,Sat Mar 07 14:03:09 +0000 2026,mart92785,"@Santi_ABASCAL Los egos son malos para el interés común
Lo de Extremadura no tiene sentido a no ser q pretendais q gobierne el psoe",0,0,0,131,0,1,0,-0.5267,negative
2020980570705232347,Mon Feb 09 21:58:10 +0000 2026,Iniciamos la campaña electoral de Castilla y León con la presentación de candida...,2030270162721505679,Sat Mar 07 13:11:42 +0000 2026,Homelander_202,@Santi_ABASCAL @vox_es https://t.co/T6kIH6xn6P,0,0,0,46,0,2,1,0.0,neutral
2020980570705232347,Mon Feb 09 21:58:10 +0000 2026,Iniciamos la campaña electoral de Castilla y León con la presentación de candida...,2030253939870883944,Sat Mar 07 12:07:14 +0000 2026,contrapdrsnche,"@Santi_ABASCAL Me has decepcionado al no apoyar la investidura de Guardiola, no nos damos cuenta de que el enemigo es San hez. Piensas igual que Albert Rivera y ya no existeCiudadanos, en un sorpaso al PP.  En mi cabeza tenía pensado votarte en las generales y he vuelto a Feijoo.",1,0,0,280,0,1,0,-0.6808,negative
2020980570705232347,Mon Feb 09 21:58:10 +0000 2026,Iniciamos la campaña electoral de Castilla y León con la presentación de candida...,2030250149583147421,Sat Mar 07 11:52:10 +0000 2026,EsperanzaBD2,"@Santi_ABASCAL @vox_es Tu compañero que hace las veces de un ángel, tu chófer y los que siguen tu ritmo son increíbles 🙌🏻👏🏻👏🏻👏🏻💚",0,0,0,128,0,2,0,0.6369,positive
2020980570705232347,Mon Feb 09 21:58:10 +0000 2026,Iniciamos la campaña electoral de Castilla y León con la presentación de candida...,2030249839292788989,Sat Mar 07 11:50:56 +0000 2026,Ortega499R,@Santi_ABASCAL NAZI vendepatrias,0,0,0,32,0,1,0,0.0,neutral
2020980570705232347,Mon Feb 09 21:58:10 +0000 2026,Iniciamos la campaña electoral de Castilla y León con la presentación de candida...,2030249519368020010,Sat Mar 07 11:49:40 +0000 2026,puma13112214,@Santi_ABASCAL @CarlosPollan https://t.co/uM8xE2IJJX,0,0,0,52,0,2,1,0.0,neutral
2020980570705232347,Mon Feb 09 21:58:10 +0000 2026,Iniciamos la campaña electoral de Castilla y León con la presentación de candida...,2030249502091657349,Sat Mar 07 11:49:36 +0000 2026,puma13112214,@Santi_ABASCAL https://t.co/NDKjx1pCSV,0,0,0,38,0,1,1,0.0,neutral
2020980570705232347,Mon Feb 09 21:58:10 +0000 2026,Iniciamos la campaña electoral de Castilla y León con la presentación de candida...,2030245491980571070,Sat Mar 07 11:33:40 +0000 2026,marcema33659875,@Santi_ABASCAL @vox_es Todo ese cariño es muy lindo pero necesitamos se traduzca en las urnas tendría que pasar a ser número 1 como pasó con Milei. Vox🫶 @Santi_ABASCAL,0,0,0,167,0,3,0,0.0,neutral
2020980570705232347,Mon Feb 09 21:58:10 +0000 2026,Iniciamos la campaña electoral de Castilla y León con la presentación de candida...,2030240617712754795,Sat Mar 07 11:14:17 +0000 2026,HelenBr13254335,"@Santi_ABASCAL Sé que tiene mucha presión por todos lados, pero Nunca Olvide que Gran Parte de los Españoles con Usted a Muerte. Santiago, NO ESTÁS SÓLO. 
FUERZA Y HONOR💪💚",0,0,0,171,0,1,0,0.7351,positive
2020980570705232347,Mon Feb 09 21:58:10 +0000 2026,Iniciamos la campaña electoral de Castilla y León con la presentación de candida...,2030240321796284625,Sat Mar 07 11:13:07 +0000 2026,frnc2033,@Santi_ABASCAL @ElensGuitart Hola @ppopular estáis bien? Cuanto vais a tardar en gobernar con el psoe? 🙂,0,0,0,104,0,3,0,0.4708,positive
2020980570705232347,Mon Feb 09 21:58:10 +0000 2026,Iniciamos la campaña electoral de Castilla y León con la presentación de candida...,2030234754675536121,Sat Mar 07 10:51:00 +0000 2026,Dulcinea_48bis,@Santi_ABASCAL @javi1035105 💚🇪🇸💚,0,0,0,32,0,2,0,0.6369,positive
2020980570705232347,Mon Feb 09 21:58:10 +0000 2026,Iniciamos la campaña electoral de Castilla y León con la presentación de candida...,2030234523502342518,Sat Mar 07 10:50:04 +0000 2026,lisiqglez,@Santi_ABASCAL @javi1035105 https://t.co/qD1CcsP99u,0,0,0,51,0,2,1,0.0,neutral
2020980570705232347,Mon Feb 09 21:58:10 +0000 2026,Iniciamos la campaña electoral de Castilla y León con la presentación de candida...,2030215691391873219,Sat Mar 07 09:35:15 +0000 2026,masus37,@Santi_ABASCAL https://t.co/2DF23ncS7k,0,0,0,38,0,1,1,0.0,neutral
2020980570705232347,Mon Feb 09 21:58:10 +0000 2026,Iniciamos la campaña electoral de Castilla y León con la presentación de candida...,2030208387481309411,Sat Mar 07 09:06:13 +0000 2026,mariceli23,@Santi_ABASCAL @VOX_Congreso #SoloQuedaVOX,0,0,0,42,1,2,0,0.0,neutral
2020980570705232347,Mon Feb 09 21:58:10 +0000 2026,Iniciamos la campaña electoral de Castilla y León con la presentación de candida...,2030205443973242964,Sat Mar 07 08:54:31 +0000 2026,Acusofachosfera,@Santi_ABASCAL Las rodillas empiezan a doler https://t.co/BoYkE8fws4,1,0,0,68,0,1,1,0.0,neutral
2020980570705232347,Mon Feb 09 21:58:10 +0000 2026,Iniciamos la campaña electoral de Castilla y León con la presentación de candida...,2030205249206571416,Sat Mar 07 08:53:45 +0000 2026,ElensGuitart,@Santi_ABASCAL @belindamar555 ¡ Adelante 😊💪🏻💪🏻💪🏻💪🏻🇪🇦🇪🇦🇪🇦🇪🇦🇪🇦!,1,0,0,61,0,2,0,0.7424,positive
2020980570705232347,Mon Feb 09 21:58:10 +0000 2026,Iniciamos la campaña electoral de Castilla y León con la presentación de candida...,2030205180340249003,Sat Mar 07 08:53:29 +0000 2026,Acusofachosfera,@Santi_ABASCAL Esto es lo único que le importa. Su dinero https://t.co/4UtRjfbTJG,0,0,0,81,0,1,1,0.0,neutral
2020980570705232347,Mon Feb 09 21:58:10 +0000 2026,Iniciamos la campaña electoral de Castilla y León con la presentación de candida...,2030205054544716095,Sat Mar 07 08:52:59 +0000 2026,Acusofachosfera,@Santi_ABASCAL https://t.co/9qAPjcB6u0,0,0,0,38,0,1,1,0.0,neutral
2020980570705232347,Mon Feb 09 21:58:10 +0000 2026,Iniciamos la campaña electoral de Castilla y León con la presentación de candida...,2030203903224987984,Sat Mar 07 08:48:24 +0000 2026,binbin55555,"@Santi_ABASCAL @CarlosPollan A ver si luego . Cuando saquéis los votos , no se os olvidan los pueblo y la gente que quiere emprender en los pueblos , que luego en cuanto se pasan las elecciones se os olvidan al momento, a todos.",0,0,0,228,0,2,0,-0.296,negative
2020980570705232347,Mon Feb 09 21:58:10 +0000 2026,Iniciamos la campaña electoral de Castilla y León con la presentación de candida...,2030203637134246013,Sat Mar 07 08:47:21 +0000 2026,voxlangadeduero,@Santi_ABASCAL Muy bien!,0,0,0,24,0,1,0,0.0,neutral
2020980570705232347,Mon Feb 09 21:58:10 +0000 2026,Iniciamos la campaña electoral de Castilla y León con la presentación de candida...,2030203557127893488,Sat Mar 07 08:47:02 +0000 2026,freitas6388,@Santi_ABASCAL @Serafin61605122 Adelante VOX!,0,0,0,45,0,2,0,0.0,neutral
2020980570705232347,Mon Feb 09 21:58:10 +0000 2026,Iniciamos la campaña electoral de Castilla y León con la presentación de candida...,2030202826006077743,Sat Mar 07 08:44:07 +0000 2026,vetton33,"@Santi_ABASCAL Santi, fue un placer tenerte en nuestra querida ciudad. Ha sido además muy sorprendente la participación ciudadana y mucho más ver la cantidad de jóvenes que te siguen. Los mirobrigenses apoyamos tu proyecto.",0,0,0,223,0,1,0,0.34,positive
2020980570705232347,Mon Feb 09 21:58:10 +0000 2026,Iniciamos la campaña electoral de Castilla y León con la presentación de candida...,2030202502746939832,Sat Mar 07 08:42:50 +0000 2026,mjralvarez,@Santi_ABASCAL Sigue apoyando a los sociatas y comunistas en Extremadura. Tú sigue así y verás los resultados.  Se te ha ido la pinza. Cuánta insensatez.,0,0,0,153,0,1,0,0.34,positive
2020980570705232347,Mon Feb 09 21:58:10 +0000 2026,Iniciamos la campaña electoral de Castilla y León con la presentación de candida...,2030200322820354233,Sat Mar 07 08:34:10 +0000 2026,EstherG31364485,"@Santi_ABASCAL Nadie os va a votar, porque ya perdisteis el relato aplaudiendo a Zelenski y defendiendo el estado Criminal de Israel.",0,0,0,133,0,1,0,-0.5267,negative
2020980570705232347,Mon Feb 09 21:58:10 +0000 2026,Iniciamos la campaña electoral de Castilla y León con la presentación de candida...,2030186827320045807,Sat Mar 07 07:40:33 +0000 2026,EL_PEPEillo,"@Santi_ABASCAL @vox_es LAMECULOS
TRAIDOR https://t.co/uPMeUWQkCY",0,0,0,64,0,2,1,0.0,neutral
2020980570705232347,Mon Feb 09 21:58:10 +0000 2026,Iniciamos la campaña electoral de Castilla y León con la presentación de candida...,2030183374032105967,Sat Mar 07 07:26:50 +0000 2026,Acusofachosfera,@Santi_ABASCAL Mientras vosotros le dais propinillas https://t.co/hYjqFJ6bVX,0,1,0,76,0,1,1,0.0,neutral
2020980570705232347,Mon Feb 09 21:58:10 +0000 2026,Iniciamos la campaña electoral de Castilla y León con la presentación de candida...,2030099103246340491,Sat Mar 07 01:51:58 +0000 2026,ujin_rem,@Santi_ABASCAL @CarlosPollan https://t.co/K7bRzsQMw7,0,0,0,52,0,2,1,0.0,neutral
2020980570705232347,Mon Feb 09 21:58:10 +0000 2026,Iniciamos la campaña electoral de Castilla y León con la presentación de candida...,2030070345135169764,Fri Mar 06 23:57:41 +0000 2026,piccolaVox2,@Santi_ABASCAL @MARIANORVSN #SentidoComún 👏👏👏 https://t.co/Y8eTwHGFen,1,0,0,69,1,2,1,0.0,neutral
2020980570705232347,Mon Feb 09 21:58:10 +0000 2026,Iniciamos la campaña electoral de Castilla y León con la presentación de candida...,2030059965344272854,Fri Mar 06 23:16:27 +0000 2026,freitas6388,@Santi_ABASCAL @ElensGuitart Adelante VOX!,1,0,0,42,0,2,0,0.0,neutral
2020980570705232347,Mon Feb 09 21:58:10 +0000 2026,Iniciamos la campaña electoral de Castilla y León con la presentación de candida...,2030058728523751860,Fri Mar 06 23:11:32 +0000 2026,masus37,@Santi_ABASCAL https://t.co/0mwfY5UJIa,0,0,0,38,0,1,1,0.0,neutral
2020980570705232347,Mon Feb 09 21:58:10 +0000 2026,Iniciamos la campaña electoral de Castilla y León con la presentación de candida...,2030058236032786895,Fri Mar 06 23:09:34 +0000 2026,Juanmaferg,"@Santi_ABASCAL Santi, las tienes locas 😜😜😜 https://t.co/PPgatK9bLH",1,0,0,66,0,1,1,0.0,neutral
2020980570705232347,Mon Feb 09 21:58:10 +0000 2026,Iniciamos la campaña electoral de Castilla y León con la presentación de candida...,2030053671996723353,Fri Mar 06 22:51:26 +0000 2026,ElensGuitart,@Santi_ABASCAL @LilBUKAT https://t.co/MgxnnlpXpr,0,0,0,48,0,2,1,0.0,neutral
2020980570705232347,Mon Feb 09 21:58:10 +0000 2026,Iniciamos la campaña electoral de Castilla y León con la presentación de candida...,2030047445841805586,Fri Mar 06 22:26:42 +0000 2026,PJ7312,@Santi_ABASCAL https://t.co/CrLMIgJFaT,0,0,0,38,0,1,1,0.0,neutral
2020980570705232347,Mon Feb 09 21:58:10 +0000 2026,Iniciamos la campaña electoral de Castilla y León con la presentación de candida...,2030047300521763032,Fri Mar 06 22:26:07 +0000 2026,jesssfinarubio,@Santi_ABASCAL Nazi de mierda,0,0,0,29,0,1,0,0.0,neutral
2020980570705232347,Mon Feb 09 21:58:10 +0000 2026,Iniciamos la campaña electoral de Castilla y León con la presentación de candida...,2030044948670603757,Fri Mar 06 22:16:46 +0000 2026,Rosi225404745,"@Santi_ABASCAL Gracias por todo. No olvides que también votamos por VOX por la defensa de l vida desde la concepción a l muerte natural. 
Queremos que se tengan en cuenta esas políticas.",0,0,0,186,0,1,0,0.743,positive
2031663656732135580,Wed Mar 11 09:28:56 +0000 2026,Mi más sincera enhorabuena al nuevo presidente de Chile @joseantoniokast en el d...,2031687723371626863,Wed Mar 11 11:04:34 +0000 2026,ines02091981,@Santi_ABASCAL @joseantoniokast Desgraciados,0,0,0,44,0,2,0,0.0,neutral
2031663656732135580,Wed Mar 11 09:28:56 +0000 2026,Mi más sincera enhorabuena al nuevo presidente de Chile @joseantoniokast en el d...,2031687173963968828,Wed Mar 11 11:02:23 +0000 2026,La_Pamelita_,"@Santi_ABASCAL @VeroCorrea60 @joseantoniokast Que seas tú, Dios mediante, el que traiga a España al lado correcto de la historia. Éxito en tu campaña @Santi_ABASCAL",0,0,0,164,0,4,0,0.0,neutral
2031663656732135580,Wed Mar 11 09:28:56 +0000 2026,Mi más sincera enhorabuena al nuevo presidente de Chile @joseantoniokast en el d...,2031686614372536587,Wed Mar 11 11:00:10 +0000 2026,Gaviota88803705,@Santi_ABASCAL @joseantoniokast Mi más sincera enhorabuena al presidente de Colombia.,0,0,0,85,0,2,0,0.0,neutral
2031663656732135580,Wed Mar 11 09:28:56 +0000 2026,Mi más sincera enhorabuena al nuevo presidente de Chile @joseantoniokast en el d...,2031686507929428440,Wed Mar 11 10:59:45 +0000 2026,YoFresiaC,"@Santi_ABASCAL @CrostianoUC @joseantoniokast Como chilena se lo agradezco y le deseo total éxito, España también  merece retomar el rumbo.",0,0,0,138,0,3,0,0.0,neutral
2031663656732135580,Wed Mar 11 09:28:56 +0000 2026,Mi más sincera enhorabuena al nuevo presidente de Chile @joseantoniokast en el d...,2031686389838827820,Wed Mar 11 10:59:16 +0000 2026,Cristianmcfly,@Santi_ABASCAL @joseantoniokast Ustedes son como los narcos. https://t.co/L02YEUFPxD,0,0,0,84,0,2,1,0.0,neutral
2031663656732135580,Wed Mar 11 09:28:56 +0000 2026,Mi más sincera enhorabuena al nuevo presidente de Chile @joseantoniokast en el d...,2031686289699856424,Wed Mar 11 10:58:53 +0000 2026,ilustrador2025,"@Santi_ABASCAL @joseantoniokast Quedate en tu madriguera, hijo postizo del genocida y criminal cobarde enano Franquito. https://t.co/pOugr9rz71",0,0,0,143,0,2,1,-0.5267,negative
2031663656732135580,Wed Mar 11 09:28:56 +0000 2026,Mi más sincera enhorabuena al nuevo presidente de Chile @joseantoniokast en el d...,2031686023604842807,Wed Mar 11 10:57:49 +0000 2026,GalloRojoChile,@Santi_ABASCAL @joseantoniokast Fanáticos enfermos,0,0,0,50,0,2,0,0.0,neutral
2031663656732135580,Wed Mar 11 09:28:56 +0000 2026,Mi más sincera enhorabuena al nuevo presidente de Chile @joseantoniokast en el d...,2031685113533116524,Wed Mar 11 10:54:12 +0000 2026,yancabe,@Santi_ABASCAL @joseantoniokast 🤮🤮🤮🤮,0,0,0,36,0,2,0,0.0,neutral
2031663656732135580,Wed Mar 11 09:28:56 +0000 2026,Mi más sincera enhorabuena al nuevo presidente de Chile @joseantoniokast en el d...,2031683939476131956,Wed Mar 11 10:49:32 +0000 2026,segonzalezg,@Santi_ABASCAL @Opinolo_ @joseantoniokast Nadie mea a Kast 🤣,0,0,0,60,0,3,0,0.4939,positive
2031663656732135580,Wed Mar 11 09:28:56 +0000 2026,Mi más sincera enhorabuena al nuevo presidente de Chile @joseantoniokast en el d...,2031683120991265086,Wed Mar 11 10:46:17 +0000 2026,sinnombre1974,"@Santi_ABASCAL @ChilenoNorm @joseantoniokast Kast ! El Sionismo , el comunismo y la masonería son incompatibles con el Catolicismo ! El señor Abascal es Sionista , sus intereses están dirigidos para Israel .Se disfraza de reconquista , de Cristiano y patriota , pero es un CIPAYO ! https://t.co/F4Hosvm3QU",0,0,0,305,0,3,1,0.0,neutral
2031663656732135580,Wed Mar 11 09:28:56 +0000 2026,Mi más sincera enhorabuena al nuevo presidente de Chile @joseantoniokast en el d...,2031683027420500399,Wed Mar 11 10:45:55 +0000 2026,Pame1970,@jaran_13 @Santi_ABASCAL @joseantoniokast 🌶️🌶️🌶️🌶️,0,0,0,50,0,3,0,0.0,neutral
2031663656732135580,Wed Mar 11 09:28:56 +0000 2026,Mi más sincera enhorabuena al nuevo presidente de Chile @joseantoniokast en el d...,2031682769076535517,Wed Mar 11 10:44:53 +0000 2026,ChilenoP87663,"@Santi_ABASCAL @joseantoniokast entre menos FASCISTAS MEJOR...
te puedes quedar allá",2,0,0,84,0,2,0,0.0,neutral
2031663656732135580,Wed Mar 11 09:28:56 +0000 2026,Mi más sincera enhorabuena al nuevo presidente de Chile @joseantoniokast en el d...,2031682762000736740,Wed Mar 11 10:44:51 +0000 2026,Contrja,@Santi_ABASCAL @joseantoniokast No sabes lo que dices Gallego!!! Se viene la época más oscura para Chile desde la era Pinochet. A ver si te lo mandamos en bolsas!!,2,0,0,163,0,2,0,-0.5216,negative
2031663656732135580,Wed Mar 11 09:28:56 +0000 2026,Mi más sincera enhorabuena al nuevo presidente de Chile @joseantoniokast en el d...,2031681662652707193,Wed Mar 11 10:40:29 +0000 2026,tsdiego23,@Santi_ABASCAL @joseantoniokast https://t.co/imtsWP34iM,0,0,0,55,0,2,1,0.0,neutral
2031663656732135580,Wed Mar 11 09:28:56 +0000 2026,Mi más sincera enhorabuena al nuevo presidente de Chile @joseantoniokast en el d...,2031681171902378374,Wed Mar 11 10:38:32 +0000 2026,Mercede81530457,@Santi_ABASCAL @joseantoniokast Felicitaciones a Chile,0,0,0,54,0,2,0,0.0,neutral
2031663656732135580,Wed Mar 11 09:28:56 +0000 2026,Mi más sincera enhorabuena al nuevo presidente de Chile @joseantoniokast en el d...,2031680652353880343,Wed Mar 11 10:36:28 +0000 2026,isabel77,"@Santi_ABASCAL @DRESTRUM__Pl @joseantoniokast @Santi_ABASCAL te vamos a extrañar, siempre desde el primer día apoyando a nuestro Presidente @joseantoniokast, esperamos que España pronto sea libre de la izquierda radical que ha destruido el país. Gracias",0,0,0,253,0,5,0,0.34,positive
2031663656732135580,Wed Mar 11 09:28:56 +0000 2026,Mi más sincera enhorabuena al nuevo presidente de Chile @joseantoniokast en el d...,2031680362980503975,Wed Mar 11 10:35:19 +0000 2026,MujerEspa,@Santi_ABASCAL @paulyzg @joseantoniokast Lo logramos  con KAST  y espero que mi España pronto te tengamos  a Ti como Presidente 🇪🇸🇨🇱,1,0,0,132,0,3,0,0.0,neutral
2031663656732135580,Wed Mar 11 09:28:56 +0000 2026,Mi más sincera enhorabuena al nuevo presidente de Chile @joseantoniokast en el d...,2031677759940882505,Wed Mar 11 10:24:59 +0000 2026,Libertaria_M,@Santi_ABASCAL @vox_es @joseantoniokast 👏👏👏🙌🙌🙌,0,0,0,46,0,3,0,0.0,neutral
2031663656732135580,Wed Mar 11 09:28:56 +0000 2026,Mi más sincera enhorabuena al nuevo presidente de Chile @joseantoniokast en el d...,2031677552960389187,Wed Mar 11 10:24:10 +0000 2026,elDespierto_26,"@Santi_ABASCAL @DRESTRUM__Pl @joseantoniokast Ahora es tu turno Santiago, por favor no dejen morir a Espeña en manos de esos zurdos de mierda! La madre patria debe volver a ser grande",1,0,0,183,0,3,0,0.2003,positive
2031663656732135580,Wed Mar 11 09:28:56 +0000 2026,Mi más sincera enhorabuena al nuevo presidente de Chile @joseantoniokast en el d...,2031677373234753979,Wed Mar 11 10:23:27 +0000 2026,enzoahp,@Santi_ABASCAL @joseantoniokast Que viva España 🇪🇦,0,0,0,50,0,2,0,0.0,neutral
2031663656732135580,Wed Mar 11 09:28:56 +0000 2026,Mi más sincera enhorabuena al nuevo presidente de Chile @joseantoniokast en el d...,2031676185386578397,Wed Mar 11 10:18:43 +0000 2026,LauCVEM,"@Santi_ABASCAL @joseantoniokast Chile un país hermoso igual que su gente.
Enhorabuena para el nuevo gobierno 👏",0,0,0,110,0,2,0,0.0,neutral
2031663656732135580,Wed Mar 11 09:28:56 +0000 2026,Mi más sincera enhorabuena al nuevo presidente de Chile @joseantoniokast en el d...,2031675818036850757,Wed Mar 11 10:17:16 +0000 2026,Jorgetorrante,"@Santi_ABASCAL @joseantoniokast Falso , para España somos sudacas seres humanos sin importancia..

Mientras menos ESBIRROS de derecha vengan mucho mejor",0,0,0,152,0,2,0,-0.5574,negative
2031663656732135580,Wed Mar 11 09:28:56 +0000 2026,Mi más sincera enhorabuena al nuevo presidente de Chile @joseantoniokast en el d...,2031675434769797315,Wed Mar 11 10:15:45 +0000 2026,Docjsilva,"@Santi_ABASCAL @joseantoniokast Que grande eres Santiago!!!, saludos desde Chile...",0,0,0,83,0,2,0,0.0,neutral
2031663656732135580,Wed Mar 11 09:28:56 +0000 2026,Mi más sincera enhorabuena al nuevo presidente de Chile @joseantoniokast en el d...,2031674836179640724,Wed Mar 11 10:13:22 +0000 2026,villagrane9211,@Santi_ABASCAL @joseantoniokast Saludos desde Chile,0,0,0,51,0,2,0,0.0,neutral
2031663656732135580,Wed Mar 11 09:28:56 +0000 2026,Mi más sincera enhorabuena al nuevo presidente de Chile @joseantoniokast en el d...,2031674449682915677,Wed Mar 11 10:11:50 +0000 2026,Maciste07192436,"@Santi_ABASCAL @Jorgebuxade @joseantoniokast La mugrez rebuzna con fuerza.
El Sr. kast inicia bien su mandato.",0,0,0,110,0,3,0,0.0,neutral
2031663656732135580,Wed Mar 11 09:28:56 +0000 2026,Mi más sincera enhorabuena al nuevo presidente de Chile @joseantoniokast en el d...,2031674286788747605,Wed Mar 11 10:11:11 +0000 2026,Robertovillen10,"@Santi_ABASCAL @RicardoCollao9 @joseantoniokast Santi....es entendible. Vemos como te despliegas por cada rincón de España y el Cariño y la Esperanza de Sus Gentes junto a Ti y a VOX. Va a ser hermoso, al igual que hoy Nuestro José Antonio Kast Rist, España verá renacer la Esperanza con un gran triunfo de @vox_es Te Esperamos. https://t.co/WcVcVKutHL",7,2,0,352,0,4,1,0.0,neutral
2031663656732135580,Wed Mar 11 09:28:56 +0000 2026,Mi más sincera enhorabuena al nuevo presidente de Chile @joseantoniokast en el d...,2031673509982666874,Wed Mar 11 10:08:06 +0000 2026,AntiaMarcela,"@Santi_ABASCAL @Amy03898327 @joseantoniokast Saludos desde Chile ,estamos felices de volver a tener un presidente q nos hace sentir orgullosos y dejar atrás al extremista de izquierda q intentó gobernar durante 4 años",4,2,0,217,0,3,0,0.0,neutral
2031663656732135580,Wed Mar 11 09:28:56 +0000 2026,Mi más sincera enhorabuena al nuevo presidente de Chile @joseantoniokast en el d...,2031673480811311538,Wed Mar 11 10:07:59 +0000 2026,Maciste07192436,@mar_feliciano @Leia109846414 @Santi_ABASCAL @joseantoniokast @hermanntertsch @Jorgebuxade Eso es lo más probable. No va a enseñar sus cartas para apoyar a gente que le trae sin cuidado.,0,0,0,186,0,6,0,-0.7003,negative
2031663656732135580,Wed Mar 11 09:28:56 +0000 2026,Mi más sincera enhorabuena al nuevo presidente de Chile @joseantoniokast en el d...,2031672605082542310,Wed Mar 11 10:04:30 +0000 2026,RicardoCollao9,@Santi_ABASCAL @WilliamsonsIta @joseantoniokast Fe fe fe que España volverá a ser España !!! Uds son los próximos!!!,2,0,0,116,0,3,0,0.0,neutral
2031663656732135580,Wed Mar 11 09:28:56 +0000 2026,Mi más sincera enhorabuena al nuevo presidente de Chile @joseantoniokast en el d...,2031672194879586796,Wed Mar 11 10:02:52 +0000 2026,MafaldaECCF,"@Santi_ABASCAL @joseantoniokast Veremos, primero el tiene que demostrar que no es Globalista, que no impondrá la Constitución Chavista que  quiso imponer en Chile junto a los zurdos  corruptos  y  tiene que liberara los prisioneros politicos que el prometió que los dejaría libres el primer día que el asumiría.",0,0,0,311,0,2,0,-0.5267,negative
2031663656732135580,Wed Mar 11 09:28:56 +0000 2026,Mi más sincera enhorabuena al nuevo presidente de Chile @joseantoniokast en el d...,2031671074312552542,Wed Mar 11 09:58:25 +0000 2026,mar_feliciano,"@Leia109846414 @Santi_ABASCAL @joseantoniokast @hermanntertsch @Jorgebuxade Si lo pretenden utilizar para hacer un pucherazo, supongo que será en las elecciones generales. 
En unas autonomicas Sánchez no se juega el puesto, y si queda el pucherazo al descubierto, no le servirá para robar la presidencia del gobierno de España.",1,0,1,327,0,5,0,-0.5267,negative
2031663656732135580,Wed Mar 11 09:28:56 +0000 2026,Mi más sincera enhorabuena al nuevo presidente de Chile @joseantoniokast en el d...,2031670903990284515,Wed Mar 11 09:57:44 +0000 2026,jaran_13,"@Santi_ABASCAL @joseantoniokast Hasta los ultraderechistas del terror dejaron plantada a Kast.

El AMATEURISMO y la sobreidelogización del próximo gobierno están dejando en evidencia una turbia partida",3,0,2,201,0,2,0,-0.5267,negative
2031663656732135580,Wed Mar 11 09:28:56 +0000 2026,Mi más sincera enhorabuena al nuevo presidente de Chile @joseantoniokast en el d...,2031669322800611607,Wed Mar 11 09:51:27 +0000 2026,Rocadoman,@Santi_ABASCAL @joseantoniokast Mucha suerte para los hermanos chilenos.,6,0,0,72,0,2,0,0.0,neutral
2031663656732135580,Wed Mar 11 09:28:56 +0000 2026,Mi más sincera enhorabuena al nuevo presidente de Chile @joseantoniokast en el d...,2031668201243742264,Wed Mar 11 09:47:00 +0000 2026,Leia109846414,"@Luisma0526 @Santi_ABASCAL @joseantoniokast @hermanntertsch @Jorgebuxade N0, ahora con un pantallazo  del Dni vale, antes era necesario el QR, ahora no, ... Mira si con aplicaciones informáticas se pueden hacer cosas,.. Ahí lo dejo.. Saludos 🇪🇦💚",0,0,0,245,0,5,0,0.6369,positive
2031663656732135580,Wed Mar 11 09:28:56 +0000 2026,Mi más sincera enhorabuena al nuevo presidente de Chile @joseantoniokast en el d...,2031667975728611746,Wed Mar 11 09:46:06 +0000 2026,ijaimepicon,"@Santi_ABASCAL @madrid_vox @joseantoniokast Saludos desde Chile, éxito serás el proximo Presidente de España si Dios quiere.",13,2,1,124,0,3,0,0.0,neutral
2031663656732135580,Wed Mar 11 09:28:56 +0000 2026,Mi más sincera enhorabuena al nuevo presidente de Chile @joseantoniokast en el d...,2031666338901446825,Wed Mar 11 09:39:36 +0000 2026,NinaOsses,@PolaDaSilva3 @Santi_ABASCAL @joseantoniokast 👏👏👏,0,0,0,49,0,3,0,0.0,neutral
2031663656732135580,Wed Mar 11 09:28:56 +0000 2026,Mi más sincera enhorabuena al nuevo presidente de Chile @joseantoniokast en el d...,2031666306290782705,Wed Mar 11 09:39:28 +0000 2026,Luisma0526,"@Leia109846414 @Santi_ABASCAL @joseantoniokast @hermanntertsch @Jorgebuxade Eso ya se está controlando, sí",1,0,1,106,0,5,0,0.0,neutral
2031663656732135580,Wed Mar 11 09:28:56 +0000 2026,Mi más sincera enhorabuena al nuevo presidente de Chile @joseantoniokast en el d...,2031665160952172689,Wed Mar 11 09:34:55 +0000 2026,PolaDaSilva3,@Santi_ABASCAL @joseantoniokast Todo listo para el domingo Presidente 🙏 https://t.co/HKAaXk6rB5,10,2,1,95,0,2,1,0.0,neutral
2031663656732135580,Wed Mar 11 09:28:56 +0000 2026,Mi más sincera enhorabuena al nuevo presidente de Chile @joseantoniokast en el d...,2031665128677036239,Wed Mar 11 09:34:47 +0000 2026,Leia109846414,"@Santi_ABASCAL @joseantoniokast Santiago, tenéis que mirar esto, en Elecciones, cotejo de las Actas, estamos en la antesala del pucherazo, se quiere perpetuar en el poder.. @hermanntertsch @Jorgebuxade Fuerza y Honor!! 👏👏🇪🇦 https://t.co/0gmxZX13zD",9,4,2,247,0,4,1,0.5837,positive
2031486557140533624,Tue Mar 10 21:45:13 +0000 2026,"¡GRACIAS BENAVENTE! 
#Benavente #SentidoComún https://t.co/Ptk9XInKAJ",2031682247472877721,Wed Mar 11 10:42:49 +0000 2026,JuanPat30111867,@Santi_ABASCAL Ecpectacular todo el mundo lo quiere te se pone la carne de gallina GRANDE GRANDE DON SANTIAGO ABASCAL ÁNIMO PRESIDENTE NUNCA CABALGARAS SOLO LOS ESPAÑOLES TEQUEREMOS,0,0,0,181,0,1,0,0.0,neutral
2031486557140533624,Tue Mar 10 21:45:13 +0000 2026,"¡GRACIAS BENAVENTE! 
#Benavente #SentidoComún https://t.co/Ptk9XInKAJ",2031675691540836525,Wed Mar 11 10:16:46 +0000 2026,MICELIUS_tongu6,"@Santi_ABASCAL VOX y su ""CANDIDATO INVISIBLE"", para presidir las Cortes de Castilla y León.
SIN PROGRAMA Y SIN CANDIDATO.... VISIBLES...!!
UN ""ABASCAL"",EN LA SOMBRA Q GOBERNARÁ AL DICTADO ""DEL GOLFO AMERICANO""...
LAS RISAS DE HOY, SERÁN LAS LÁGRIMAS DE MAÑANA...!!

VIVA ESPAÑA 🇪🇸🇪🇸!! https://t.co/apigqSIHu9",0,0,0,308,0,1,1,-0.8964,negative
2031486557140533624,Tue Mar 10 21:45:13 +0000 2026,"¡GRACIAS BENAVENTE! 
#Benavente #SentidoComún https://t.co/Ptk9XInKAJ",2031671872031539642,Wed Mar 11 10:01:35 +0000 2026,AmfaAna,@Sr_Orue1 @hermanntertsch @Santi_ABASCAL 👏👏,0,0,0,43,0,3,0,0.0,neutral
2031486557140533624,Tue Mar 10 21:45:13 +0000 2026,"¡GRACIAS BENAVENTE! 
#Benavente #SentidoComún https://t.co/Ptk9XInKAJ",2031659973281792303,Wed Mar 11 09:14:18 +0000 2026,oluyth,@Santi_ABASCAL PUES ES LO QUE HAY!!👎👎👎 https://t.co/P0rmHrg58N,0,0,0,62,0,1,1,0.0,neutral
2031486557140533624,Tue Mar 10 21:45:13 +0000 2026,"¡GRACIAS BENAVENTE! 
#Benavente #SentidoComún https://t.co/Ptk9XInKAJ",2031658103893086351,Wed Mar 11 09:06:53 +0000 2026,GrandeTonetti,@Santi_ABASCAL BOBOSCAL https://t.co/WQIabv3hqU,0,0,0,47,0,1,1,0.0,neutral
2031486557140533624,Tue Mar 10 21:45:13 +0000 2026,"¡GRACIAS BENAVENTE! 
#Benavente #SentidoComún https://t.co/Ptk9XInKAJ",2031655560458772810,Wed Mar 11 08:56:46 +0000 2026,Spainlibertaria,"@Santi_ABASCAL Benavente, peñaranda y todo lo de por allí se está poniendo de ilegales cojonudo. La gente está cansada. Normal que se ponga abarrotado con Santi.",0,0,0,161,0,1,0,0.0,neutral
2031486557140533624,Tue Mar 10 21:45:13 +0000 2026,"¡GRACIAS BENAVENTE! 
#Benavente #SentidoComún https://t.co/Ptk9XInKAJ",2031651212617990633,Wed Mar 11 08:39:29 +0000 2026,andreuperez59,@Santi_ABASCAL 🤥🤥🤥🤥 https://t.co/IYusQWG1Iu,0,0,0,43,0,1,1,-0.9274,negative
2031486557140533624,Tue Mar 10 21:45:13 +0000 2026,"¡GRACIAS BENAVENTE! 
#Benavente #SentidoComún https://t.co/Ptk9XInKAJ",2031640845028376981,Wed Mar 11 07:58:18 +0000 2026,JavierGomezMa17,@GPogui @Santi_ABASCAL Aquí os esperamos con los brazos abiertos Pogui,0,0,0,70,0,2,0,0.0,neutral
2031486557140533624,Tue Mar 10 21:45:13 +0000 2026,"¡GRACIAS BENAVENTE! 
#Benavente #SentidoComún https://t.co/Ptk9XInKAJ",2031639139192344616,Wed Mar 11 07:51:31 +0000 2026,manuelacano1946,"@Santi_ABASCAL Con que cariño y esperanza, lo reciben. 💚💚💚",0,0,0,58,0,1,0,0.9274,positive
2031486557140533624,Tue Mar 10 21:45:13 +0000 2026,"¡GRACIAS BENAVENTE! 
#Benavente #SentidoComún https://t.co/Ptk9XInKAJ",2031610827724169516,Wed Mar 11 05:59:01 +0000 2026,rociogarcia2017,"@Santi_ABASCAL @SergiFabri Madre mia 😳 ¡Vamos, Abascal!!! 💪🏼❤️❤️🇪🇸 Recuperaremos España 😍",0,0,0,89,0,2,0,0.3971,positive
2031486557140533624,Tue Mar 10 21:45:13 +0000 2026,"¡GRACIAS BENAVENTE! 
#Benavente #SentidoComún https://t.co/Ptk9XInKAJ",2031593719451750402,Wed Mar 11 04:51:02 +0000 2026,Sr_Orue1,@Santi_ABASCAL https://t.co/qI9OQjK8Lc https://t.co/TebT8em2SH,8,2,0,62,0,1,2,0.0,neutral
2031486557140533624,Tue Mar 10 21:45:13 +0000 2026,"¡GRACIAS BENAVENTE! 
#Benavente #SentidoComún https://t.co/Ptk9XInKAJ",2031586892366717272,Wed Mar 11 04:23:54 +0000 2026,Kimgilma1,"@Santi_ABASCAL perroflautas piojosos ! 
que les has dicho Santi? 
Ala es grande y el islam es democracia? has firmado coranes? pq eso es lo que leías en 2015! cómo se lo explicas a la gente? https://t.co/71VXMsD6aP",1,0,0,214,0,1,1,0.0,neutral
2031486557140533624,Tue Mar 10 21:45:13 +0000 2026,"¡GRACIAS BENAVENTE! 
#Benavente #SentidoComún https://t.co/Ptk9XInKAJ",2031543510852051126,Wed Mar 11 01:31:31 +0000 2026,MadridM53598576,@Santi_ABASCAL https://t.co/hkcTXWVbk7,0,0,0,38,0,1,1,0.0,neutral
2031486557140533624,Tue Mar 10 21:45:13 +0000 2026,"¡GRACIAS BENAVENTE! 
#Benavente #SentidoComún https://t.co/Ptk9XInKAJ",2031540688345600353,Wed Mar 11 01:20:18 +0000 2026,Vnknwn7953,@Santi_ABASCAL Gracias Goyim!,0,0,0,29,0,1,0,0.0,neutral
2031486557140533624,Tue Mar 10 21:45:13 +0000 2026,"¡GRACIAS BENAVENTE! 
#Benavente #SentidoComún https://t.co/Ptk9XInKAJ",2031530707374178648,Wed Mar 11 00:40:39 +0000 2026,karmenvegart,@Santi_ABASCAL @Igarrigavaz VIVA VOX🇪🇸,0,0,0,38,0,2,0,0.0,neutral
2031486557140533624,Tue Mar 10 21:45:13 +0000 2026,"¡GRACIAS BENAVENTE! 
#Benavente #SentidoComún https://t.co/Ptk9XInKAJ",2031527477797913003,Wed Mar 11 00:27:49 +0000 2026,AlesMiguens,@Santi_ABASCAL Argentina 🇦🇷 con @Santi_ABASCAL !!! ❤️,0,0,0,53,0,2,0,0.0,neutral
2031486557140533624,Tue Mar 10 21:45:13 +0000 2026,"¡GRACIAS BENAVENTE! 
#Benavente #SentidoComún https://t.co/Ptk9XInKAJ",2031523160227479787,Wed Mar 11 00:10:39 +0000 2026,eqnscextra,"@Santi_ABASCAL Montón de Mierda, eso es lo que sois https://t.co/BksLrthmrK",2,0,0,75,0,1,1,0.0,neutral
2031486557140533624,Tue Mar 10 21:45:13 +0000 2026,"¡GRACIAS BENAVENTE! 
#Benavente #SentidoComún https://t.co/Ptk9XInKAJ",2031521484280078684,Wed Mar 11 00:04:00 +0000 2026,jesuscan86,@Santi_ABASCAL @AlexCassano9394 Brutal,1,0,0,38,0,2,0,-0.6249,negative
2031486557140533624,Tue Mar 10 21:45:13 +0000 2026,"¡GRACIAS BENAVENTE! 
#Benavente #SentidoComún https://t.co/Ptk9XInKAJ",2031520685898563857,Wed Mar 11 00:00:50 +0000 2026,Antuan74358168,"@Santi_ABASCAL Eres un hijo de la mierda ,tú y toda tu  familia,
 tanto hablar de paguitas y tú eres el número uno que te llevas las pagas ,cabrón. https://t.co/xzaGNMP6XH",0,0,0,171,0,1,1,0.0,neutral
2031486557140533624,Tue Mar 10 21:45:13 +0000 2026,"¡GRACIAS BENAVENTE! 
#Benavente #SentidoComún https://t.co/Ptk9XInKAJ",2031520363436245270,Tue Mar 10 23:59:33 +0000 2026,Antuan74358168,@Santi_ABASCAL Imbécil. https://t.co/c8X1pKtfBX,0,0,0,47,0,1,1,0.0,neutral
2031486557140533624,Tue Mar 10 21:45:13 +0000 2026,"¡GRACIAS BENAVENTE! 
#Benavente #SentidoComún https://t.co/Ptk9XInKAJ",2031519838489772337,Tue Mar 10 23:57:27 +0000 2026,totaigua1,"@Santi_ABASCAL Benavente, en Catalunya no os perdonaremos. Somos Israel y para nosotros soys putos paletos",0,0,0,106,0,1,0,-0.296,negative
2031486557140533624,Tue Mar 10 21:45:13 +0000 2026,"¡GRACIAS BENAVENTE! 
#Benavente #SentidoComún https://t.co/Ptk9XInKAJ",2031518526360486161,Tue Mar 10 23:52:15 +0000 2026,masus37,@Santi_ABASCAL https://t.co/yAKDrovZum,0,0,0,38,0,1,1,0.0,neutral
2031486557140533624,Tue Mar 10 21:45:13 +0000 2026,"¡GRACIAS BENAVENTE! 
#Benavente #SentidoComún https://t.co/Ptk9XInKAJ",2031518096981106710,Tue Mar 10 23:50:32 +0000 2026,sursuncorda2,@Santi_ABASCAL #sentidocomún https://t.co/bKv5H7uaSC,3,1,0,52,1,1,1,0.0,neutral
2031486557140533624,Tue Mar 10 21:45:13 +0000 2026,"¡GRACIAS BENAVENTE! 
#Benavente #SentidoComún https://t.co/Ptk9XInKAJ",2031517566116512058,Tue Mar 10 23:48:26 +0000 2026,Davidfzr,@Santi_ABASCAL 💪VOX,0,0,0,19,0,1,0,0.0,neutral
2031486557140533624,Tue Mar 10 21:45:13 +0000 2026,"¡GRACIAS BENAVENTE! 
#Benavente #SentidoComún https://t.co/Ptk9XInKAJ",2031514572725875019,Tue Mar 10 23:36:32 +0000 2026,AurelianoB0ndia,@Santi_ABASCAL PUTO.,0,0,0,20,0,1,0,0.0,neutral
2031486557140533624,Tue Mar 10 21:45:13 +0000 2026,"¡GRACIAS BENAVENTE! 
#Benavente #SentidoComún https://t.co/Ptk9XInKAJ",2031513550640837051,Tue Mar 10 23:32:28 +0000 2026,buhita_78,@Santi_ABASCAL https://t.co/mrhFwc3Lgx,0,0,0,38,0,1,1,0.0,neutral
2031486557140533624,Tue Mar 10 21:45:13 +0000 2026,"¡GRACIAS BENAVENTE! 
#Benavente #SentidoComún https://t.co/Ptk9XInKAJ",2031513229772423411,Tue Mar 10 23:31:12 +0000 2026,juan_m_80,@Santi_ABASCAL Judit Benavente,1,0,0,30,0,1,0,0.0,neutral
2031486557140533624,Tue Mar 10 21:45:13 +0000 2026,"¡GRACIAS BENAVENTE! 
#Benavente #SentidoComún https://t.co/Ptk9XInKAJ",2031512342056382906,Tue Mar 10 23:27:40 +0000 2026,dustyblackfox,@Santi_ABASCAL All the best for your victory! Viva España!,0,0,0,58,0,1,0,0.6988,positive
2031486557140533624,Tue Mar 10 21:45:13 +0000 2026,"¡GRACIAS BENAVENTE! 
#Benavente #SentidoComún https://t.co/Ptk9XInKAJ",2031509275323826380,Tue Mar 10 23:15:29 +0000 2026,zihuatanejomaya,@PabloConuve @Santi_ABASCAL Tatuate también a Trump  ignorante 😅,0,0,0,64,0,2,0,0.3612,positive
2031486557140533624,Tue Mar 10 21:45:13 +0000 2026,"¡GRACIAS BENAVENTE! 
#Benavente #SentidoComún https://t.co/Ptk9XInKAJ",2031506821538632057,Tue Mar 10 23:05:44 +0000 2026,VULCANO878052,@Santi_ABASCAL https://t.co/FP0VG0Z6p5,0,0,0,38,0,1,1,0.0,neutral
2031486557140533624,Tue Mar 10 21:45:13 +0000 2026,"¡GRACIAS BENAVENTE! 
#Benavente #SentidoComún https://t.co/Ptk9XInKAJ",2031505801026650538,Tue Mar 10 23:01:41 +0000 2026,eklektiko80,@Santi_ABASCAL El financiamiento de dónde sale Santi? https://t.co/UGtS7LEtj1,0,0,0,77,0,1,1,0.0,neutral
2031486557140533624,Tue Mar 10 21:45:13 +0000 2026,"¡GRACIAS BENAVENTE! 
#Benavente #SentidoComún https://t.co/Ptk9XInKAJ",2031505053270327613,Tue Mar 10 22:58:42 +0000 2026,nazisfuera,@Santi_ABASCAL VAGO,0,0,0,19,0,1,0,0.0,neutral
2031486557140533624,Tue Mar 10 21:45:13 +0000 2026,"¡GRACIAS BENAVENTE! 
#Benavente #SentidoComún https://t.co/Ptk9XInKAJ",2031504336551883182,Tue Mar 10 22:55:52 +0000 2026,iros_de,"@Santi_ABASCAL Hoy hemos podido ver a su candidato, normal que le toque dar tantos paseos, ánimo.",0,0,0,97,0,1,0,0.0,neutral
2031486557140533624,Tue Mar 10 21:45:13 +0000 2026,"¡GRACIAS BENAVENTE! 
#Benavente #SentidoComún https://t.co/Ptk9XInKAJ",2031501995161309285,Tue Mar 10 22:46:33 +0000 2026,SerSerer,@Santi_ABASCAL https://t.co/XaagOZ1zp5,0,0,0,38,0,1,1,0.0,neutral
2031486557140533624,Tue Mar 10 21:45:13 +0000 2026,"¡GRACIAS BENAVENTE! 
#Benavente #SentidoComún https://t.co/Ptk9XInKAJ",2031498894509551818,Tue Mar 10 22:34:14 +0000 2026,perrosanxezhdp,@Santi_ABASCAL @MariscalZabala SEÑOR SANTIAGO ABASCAL!😍,0,0,0,55,0,2,0,0.5093,positive
2031486557140533624,Tue Mar 10 21:45:13 +0000 2026,"¡GRACIAS BENAVENTE! 
#Benavente #SentidoComún https://t.co/Ptk9XInKAJ",2031498421924769794,Tue Mar 10 22:32:21 +0000 2026,VictorV00086605,"@Santi_ABASCAL ALERTA 🚨 ALERTA 🚨, VOX NECESITA ORGANIZARSE PARA TENER REPRESENTANTES EN TODAS LAS CASILLAS Y ADEMÁS, 2 o 3 DE APOYO ALREDEDOR DE LA MISMA PARA DEYECTAR LAS MANIOBRAS DE FRAUDE, QUE SIN DUDA QUEREAN LLEVAR A CABO EL
PSOE Y PP",0,0,0,240,0,1,0,-0.6523,negative
2031486557140533624,Tue Mar 10 21:45:13 +0000 2026,"¡GRACIAS BENAVENTE! 
#Benavente #SentidoComún https://t.co/Ptk9XInKAJ",2031498306812022958,Tue Mar 10 22:31:54 +0000 2026,Zipor19,"@Santi_ABASCAL @Stop_Proces Si eso se refleja en las urnas, el PP se va a tomar por culo.",2,0,0,89,0,2,0,0.0,neutral
2031486557140533624,Tue Mar 10 21:45:13 +0000 2026,"¡GRACIAS BENAVENTE! 
#Benavente #SentidoComún https://t.co/Ptk9XInKAJ",2031497810579767322,Tue Mar 10 22:29:56 +0000 2026,rey_viriato,"@Santi_ABASCAL Anda por ahí el percebe poniéndote a parir, ni un paso atrás.",2,0,0,76,0,1,0,0.0,neutral
2031486557140533624,Tue Mar 10 21:45:13 +0000 2026,"¡GRACIAS BENAVENTE! 
#Benavente #SentidoComún https://t.co/Ptk9XInKAJ",2031497560469164035,Tue Mar 10 22:28:56 +0000 2026,manuela50468328,@Santi_ABASCAL Impresionante 💪💪💪🇪🇦🇪🇦 el esfuerzo de todos valdrá la pena,4,0,0,72,0,1,0,0.0,neutral
2031486557140533624,Tue Mar 10 21:45:13 +0000 2026,"¡GRACIAS BENAVENTE! 
#Benavente #SentidoComún https://t.co/Ptk9XInKAJ",2031497525383790830,Tue Mar 10 22:28:48 +0000 2026,gepigom28832,@ResNonVerba8 @Santi_ABASCAL @VOX_Congreso Totalmente de acuerdo porque están los hoteles carisimos en Madrid.,0,0,0,110,0,3,0,0.0,neutral
2031486557140533624,Tue Mar 10 21:45:13 +0000 2026,"¡GRACIAS BENAVENTE! 
#Benavente #SentidoComún https://t.co/Ptk9XInKAJ",2031497448766476638,Tue Mar 10 22:28:29 +0000 2026,UlisesGame31175,"@Santi_ABASCAL Los estafadores del PP andan desaforados hablando peste contra VOX pero tienen un serio problema porque ya los conocemos..
Vamos a votar a VOX 💚 con las dos manos",6,0,0,177,0,1,0,0.6369,positive
2031486557140533624,Tue Mar 10 21:45:13 +0000 2026,"¡GRACIAS BENAVENTE! 
#Benavente #SentidoComún https://t.co/Ptk9XInKAJ",2031497299126272187,Tue Mar 10 22:27:54 +0000 2026,iglesias61785,@Santi_ABASCAL @olgadearco El viernes abarrotar emos de gente Valladolid; y al chulo de muñeco ajo y agua. Por cierto en el debate de hoy ; Carlos Pollán un señor : viva 🇪🇸🇪🇸🇪🇸viva 💚💚💚💪✌ https://t.co/1ZlB4FwL7O,10,2,0,210,0,2,1,0.9501,positive
2031486557140533624,Tue Mar 10 21:45:13 +0000 2026,"¡GRACIAS BENAVENTE! 
#Benavente #SentidoComún https://t.co/Ptk9XInKAJ",2031496445644140743,Tue Mar 10 22:24:30 +0000 2026,mimisma16,@trapizonda2000 @montsehora Y además cortitos. Para ejemplo este especimen 👆🏽,0,0,1,77,0,2,0,0.0,neutral
2031486557140533624,Tue Mar 10 21:45:13 +0000 2026,"¡GRACIAS BENAVENTE! 
#Benavente #SentidoComún https://t.co/Ptk9XInKAJ",2031496442032824660,Tue Mar 10 22:24:29 +0000 2026,ConchiDelgado11,@ResNonVerba8 @Santi_ABASCAL @VOX_Congreso https://t.co/Ibesj3pBlO,0,0,0,66,0,3,1,0.0,neutral
2031486557140533624,Tue Mar 10 21:45:13 +0000 2026,"¡GRACIAS BENAVENTE! 
#Benavente #SentidoComún https://t.co/Ptk9XInKAJ",2031496332511170989,Tue Mar 10 22:24:03 +0000 2026,ConchiDelgado11,@Santi_ABASCAL A ver si algún día llegas a ser Presidente de España y puedes salir a la calle tranquilamente después de liarte con éstos dos https://t.co/a2BPT4jviO,1,0,0,164,0,1,1,0.0,neutral
2031486557140533624,Tue Mar 10 21:45:13 +0000 2026,"¡GRACIAS BENAVENTE! 
#Benavente #SentidoComún https://t.co/Ptk9XInKAJ",2031496303453069681,Tue Mar 10 22:23:56 +0000 2026,60bianca,@Santi_ABASCAL Impresionante como lo adoran,1,0,0,43,0,1,0,0.0,neutral
2031486557140533624,Tue Mar 10 21:45:13 +0000 2026,"¡GRACIAS BENAVENTE! 
#Benavente #SentidoComún https://t.co/Ptk9XInKAJ",2031496110330491356,Tue Mar 10 22:23:10 +0000 2026,algohumanoide,@Santi_ABASCAL Falso patriota https://t.co/4SAYLEQ4TQ,2,0,0,53,0,1,1,0.0,neutral
2031486557140533624,Tue Mar 10 21:45:13 +0000 2026,"¡GRACIAS BENAVENTE! 
#Benavente #SentidoComún https://t.co/Ptk9XInKAJ",2031495129354158481,Tue Mar 10 22:19:16 +0000 2026,Niklasvon_Otter,@Santi_ABASCAL @MarBalCas VOX PARTIDO √UDI@....,1,0,0,47,0,2,0,0.0,neutral
2031486557140533624,Tue Mar 10 21:45:13 +0000 2026,"¡GRACIAS BENAVENTE! 
#Benavente #SentidoComún https://t.co/Ptk9XInKAJ",2031494762318958594,Tue Mar 10 22:17:49 +0000 2026,PJ7312,@Santi_ABASCAL https://t.co/rKuHh9pO1g,1,0,0,38,0,1,1,0.0,neutral
2031486557140533624,Tue Mar 10 21:45:13 +0000 2026,"¡GRACIAS BENAVENTE! 
#Benavente #SentidoComún https://t.co/Ptk9XInKAJ",2031494536627892634,Tue Mar 10 22:16:55 +0000 2026,mimisma16,"@montsehora @trapizonda2000 @Santi_ABASCAL Les sale bilis por la boca. Hay más de uno por aquí que si pudiera pasaría de las palabras a los actos. Tienen las mentes podridas de odio.
Que les den.",0,0,1,195,0,3,0,0.0,neutral
2031486557140533624,Tue Mar 10 21:45:13 +0000 2026,"¡GRACIAS BENAVENTE! 
#Benavente #SentidoComún https://t.co/Ptk9XInKAJ",2031494469686566994,Tue Mar 10 22:16:39 +0000 2026,Ldll68,"@Abezethibod_ @Santi_ABASCAL Ziiii, zoy tontorrón, viva trump y las cadenas... muuuu cateto que vota a vagoscal, muuuu",0,0,0,118,0,2,0,0.0,neutral
2031486557140533624,Tue Mar 10 21:45:13 +0000 2026,"¡GRACIAS BENAVENTE! 
#Benavente #SentidoComún https://t.co/Ptk9XInKAJ",2031494155537420461,Tue Mar 10 22:15:24 +0000 2026,Ldll68,"@cachuR2023 @Santi_ABASCAL Muuuu zoy tontorrón, muuuu qué  el vagoscal cobre cien mil pavos y me joda la vida con Trump, muuuu, vivan las caenas: muuuu...",0,0,0,154,0,2,0,0.0,neutral
2031486557140533624,Tue Mar 10 21:45:13 +0000 2026,"¡GRACIAS BENAVENTE! 
#Benavente #SentidoComún https://t.co/Ptk9XInKAJ",2031493871251628340,Tue Mar 10 22:14:16 +0000 2026,TowersSonia,"@Santi_ABASCAL @MarBalCas Eres una lacra para España, ni comes ni dejas comer, eres el bastón de Sánchez, un dictador, tb lo eres tú",3,0,0,132,0,2,0,0.0,neutral
2031486557140533624,Tue Mar 10 21:45:13 +0000 2026,"¡GRACIAS BENAVENTE! 
#Benavente #SentidoComún https://t.co/Ptk9XInKAJ",2031493853929243017,Tue Mar 10 22:14:12 +0000 2026,EstefaniaMishk1,"@Santi_ABASCAL Vamos, Santi!!",2,0,0,29,0,1,0,0.0,neutral
2031486557140533624,Tue Mar 10 21:45:13 +0000 2026,"¡GRACIAS BENAVENTE! 
#Benavente #SentidoComún https://t.co/Ptk9XInKAJ",2031493722014106055,Tue Mar 10 22:13:41 +0000 2026,Ldll68,"@montsehora @Santi_ABASCAL Tonta. Te pagas el cáncer  cuando no haya sanidad pública  y cuando tu marido te de una hostia, eso no será  violencia, ánimo  campeona, a ahorrar que nunca tendrás  casa, a lamer el culo al capital.  Ignorante.",0,0,0,238,0,2,0,-0.7003,negative
2031486557140533624,Tue Mar 10 21:45:13 +0000 2026,"¡GRACIAS BENAVENTE! 
#Benavente #SentidoComún https://t.co/Ptk9XInKAJ",2031493657132421548,Tue Mar 10 22:13:25 +0000 2026,ResNonVerba8,"@Santi_ABASCAL @VOX_Congreso ¡Ánimo Santi! ¡Ya falta menos! Una sugerencia; teniendo en cuenta el enorme tirón popular del proyecto de VOX, deberían pensar en organizar los Vivas anuales de manera itinerante, cada año en un sitio. Eso ayudará, más si cabe,  a movilizar cada rincón de la geografía en favor",8,0,2,306,0,2,0,0.7256,positive
2031486557140533624,Tue Mar 10 21:45:13 +0000 2026,"¡GRACIAS BENAVENTE! 
#Benavente #SentidoComún https://t.co/Ptk9XInKAJ",2031493638971146241,Tue Mar 10 22:13:21 +0000 2026,FnacEnLucha,@Santi_ABASCAL https://t.co/OQSXjD9uFd,1,0,0,38,0,1,1,0.0,neutral
2031486557140533624,Tue Mar 10 21:45:13 +0000 2026,"¡GRACIAS BENAVENTE! 
#Benavente #SentidoComún https://t.co/Ptk9XInKAJ",2031493176272302555,Tue Mar 10 22:11:31 +0000 2026,Ldll68,"@PabloConuve @Santi_ABASCAL Cuando te quiten la sanidad pública,  las pensiones, la baja médica,  te la pagas, muerto de hambre. No se puede ser más necio. Campeón.",0,0,0,164,0,2,0,-0.296,negative
2031486557140533624,Tue Mar 10 21:45:13 +0000 2026,"¡GRACIAS BENAVENTE! 
#Benavente #SentidoComún https://t.co/Ptk9XInKAJ",2031492937339589053,Tue Mar 10 22:10:34 +0000 2026,R4is4ever,@Santi_ABASCAL Ayy Santi!! Ese era el pueblo de mi padre que paz descanse!! Orgullo! Lo estás haciendo muy bien!! Bravo!👏,7,0,0,121,0,1,0,0.0,neutral
2031486557140533624,Tue Mar 10 21:45:13 +0000 2026,"¡GRACIAS BENAVENTE! 
#Benavente #SentidoComún https://t.co/Ptk9XInKAJ",2031492863553347655,Tue Mar 10 22:10:16 +0000 2026,Ldll68,"@cachuR2023 @Santi_ABASCAL Siiii con el gasolina a 3 euros, gracias a Trump y los lamebotas vagoscales. No se puede ser más  ignorante.  Qué  ganas tengo de que te quiten la sanidad, luego te pagas el cáncer.",0,0,0,208,0,2,0,-0.296,negative
2031486557140533624,Tue Mar 10 21:45:13 +0000 2026,"¡GRACIAS BENAVENTE! 
#Benavente #SentidoComún https://t.co/Ptk9XInKAJ",2031492436573262299,Tue Mar 10 22:08:34 +0000 2026,mimisma16,"@Ldll68 @Santi_ABASCAL Lola... relaja...ea, ea... https://t.co/j2ZQ77evO0",0,0,0,73,0,2,1,0.0,neutral
2031486557140533624,Tue Mar 10 21:45:13 +0000 2026,"¡GRACIAS BENAVENTE! 
#Benavente #SentidoComún https://t.co/Ptk9XInKAJ",2031492311184531641,Tue Mar 10 22:08:04 +0000 2026,Ldll68,@Santi_ABASCAL Qué  más da. Ni siquiera tienes el cuajó de leer y responder.  Te mandaba yo a la guerra de Irán.,0,0,0,112,0,1,0,0.0,neutral
2031486557140533624,Tue Mar 10 21:45:13 +0000 2026,"¡GRACIAS BENAVENTE! 
#Benavente #SentidoComún https://t.co/Ptk9XInKAJ",2031492018535338261,Tue Mar 10 22:06:55 +0000 2026,Ldll68,"@Santi_ABASCAL Pedazo de imbecilidad,  cuando el kilo de arroz se ponga a 10 pavos, a ver qué  decís.  Miserables mamones de sueldos de 100000 pavos, más  subvenciones sionistas, qué  ganas tengo. Ayus te va a adelantar por la derecha, te vas a quedar sólo  con cuatro catetos necios.",0,0,0,284,0,1,0,0.0,neutral
2031486557140533624,Tue Mar 10 21:45:13 +0000 2026,"¡GRACIAS BENAVENTE! 
#Benavente #SentidoComún https://t.co/Ptk9XInKAJ",2031491971034877957,Tue Mar 10 22:06:43 +0000 2026,puma13112214,@ProyctoMiranda @Santi_ABASCAL 💩💩💩💩💩🤮🪰🪳🪳🐷🐷🐀🐀🐷🪳🪳🪰🤮🤮🪰🐷🐀🐀🐀🐷🪰🪰🤮🪰🐷🐀🐀🐀🐷🪳🪰🤮🤮🪰🐷🐷🐀🐷🪳🪰🤮🪰🐷🐀🐀🪳🪰🤮🪰💩,0,0,0,86,0,2,0,0.0,neutral
2031486557140533624,Tue Mar 10 21:45:13 +0000 2026,"¡GRACIAS BENAVENTE! 
#Benavente #SentidoComún https://t.co/Ptk9XInKAJ",2031491770161189328,Tue Mar 10 22:05:55 +0000 2026,ProyctoMiranda,@GPogui @Santi_ABASCAL Seguido,0,0,0,30,0,2,0,0.0,neutral
2031486557140533624,Tue Mar 10 21:45:13 +0000 2026,"¡GRACIAS BENAVENTE! 
#Benavente #SentidoComún https://t.co/Ptk9XInKAJ",2031491649151381698,Tue Mar 10 22:05:27 +0000 2026,ProyctoMiranda,@PabloConuve @Santi_ABASCAL Seguido,1,0,0,35,0,2,0,0.0,neutral
2031486557140533624,Tue Mar 10 21:45:13 +0000 2026,"¡GRACIAS BENAVENTE! 
#Benavente #SentidoComún https://t.co/Ptk9XInKAJ",2031491579991499222,Tue Mar 10 22:05:10 +0000 2026,ProyctoMiranda,@cachuR2023 @Santi_ABASCAL Seguido,0,0,0,34,0,2,0,0.0,neutral
2031486557140533624,Tue Mar 10 21:45:13 +0000 2026,"¡GRACIAS BENAVENTE! 
#Benavente #SentidoComún https://t.co/Ptk9XInKAJ",2031491451180220478,Tue Mar 10 22:04:39 +0000 2026,ProyctoMiranda,@belindamar555 @Santi_ABASCAL @Ortega_Smith @ivanedlm @monasterioR @JA_Antelo @Macarena_Olona @esRadio @elmundoes @NunezFeijoo @Mtelladof Seguido,0,0,0,145,0,11,0,0.0,neutral
2031486557140533624,Tue Mar 10 21:45:13 +0000 2026,"¡GRACIAS BENAVENTE! 
#Benavente #SentidoComún https://t.co/Ptk9XInKAJ",2031491368095298017,Tue Mar 10 22:04:20 +0000 2026,Aibanez04,"@Santi_ABASCAL Esto que no muestran ni enseñan en los grandes medios (pero que saben que sucede) es lo que más teme el bipartidismo...
Seguid así y que digan lo que quieran, estas imágenes, pises donde pises, demuestran la única verdad y esperanza para los españoles!
No la jodáis 💪",4,0,0,282,0,1,0,-0.5707,negative
2031486557140533624,Tue Mar 10 21:45:13 +0000 2026,"¡GRACIAS BENAVENTE! 
#Benavente #SentidoComún https://t.co/Ptk9XInKAJ",2031491358276358188,Tue Mar 10 22:04:17 +0000 2026,ProyctoMiranda,@ElensGuitart @Santi_ABASCAL Seguido,1,0,0,36,0,2,0,0.0,neutral
2031486557140533624,Tue Mar 10 21:45:13 +0000 2026,"¡GRACIAS BENAVENTE! 
#Benavente #SentidoComún https://t.co/Ptk9XInKAJ",2031491353452876106,Tue Mar 10 22:04:16 +0000 2026,Alienado2019,"@Santi_ABASCAL La caída de VOX dicen jajaja. Los medios bipartidistas torticeros y mamporreros, llevando a toda la artillería despechada que ya no está en el partido. Espinosa, Antelo, Ortega... y curiosamente el partido sigue aumentando en intención de voto, y como se puede ver en los eventos.",10,1,0,295,0,1,0,-0.296,negative
2031486557140533624,Tue Mar 10 21:45:13 +0000 2026,"¡GRACIAS BENAVENTE! 
#Benavente #SentidoComún https://t.co/Ptk9XInKAJ",2031491318346559970,Tue Mar 10 22:04:08 +0000 2026,ProyctoMiranda,@seanalvarez111 @Santi_ABASCAL @VoxDavidgarcia Seguido,0,0,0,54,0,3,0,0.0,neutral
2031486557140533624,Tue Mar 10 21:45:13 +0000 2026,"¡GRACIAS BENAVENTE! 
#Benavente #SentidoComún https://t.co/Ptk9XInKAJ",2031491301883998645,Tue Mar 10 22:04:04 +0000 2026,ProyctoMiranda,"@puma13112214 @Santi_ABASCAL Cucurucucu, la paloma es lo que les ha metido VOX. https://t.co/47nLe54nH7",0,0,1,103,0,2,1,0.34,positive
2031486557140533624,Tue Mar 10 21:45:13 +0000 2026,"¡GRACIAS BENAVENTE! 
#Benavente #SentidoComún https://t.co/Ptk9XInKAJ",2031490926216966550,Tue Mar 10 22:02:34 +0000 2026,Ldll68,"@Santi_ABASCAL Eres  un feo, hediondo, indolente, ignorante y parásito. Asqueroso.",2,0,2,82,0,1,0,0.0,neutral
2031486557140533624,Tue Mar 10 21:45:13 +0000 2026,"¡GRACIAS BENAVENTE! 
#Benavente #SentidoComún https://t.co/Ptk9XInKAJ",2031490735283785743,Tue Mar 10 22:01:49 +0000 2026,Ldll68,"@Santi_ABASCAL Pedazo de mierda vago y trumpista. Necio. Te la sudan las iraníes, eres un lamebotas sionista y fascista. Vives del cuento. Mendaz, qué  ganas tengo de quebte voten, luego los animales te botarán como a Benito. Al tiempo.",6,0,2,236,0,1,0,0.0,neutral
2031486557140533624,Tue Mar 10 21:45:13 +0000 2026,"¡GRACIAS BENAVENTE! 
#Benavente #SentidoComún https://t.co/Ptk9XInKAJ",2031490438587195801,Tue Mar 10 22:00:38 +0000 2026,montsehora,"@trapizonda2000 @Santi_ABASCAL Madre mía, cuánto odio y rencor llevas en tú corazón. Mírate al espejo. Debes darteucho miedo.",0,0,2,125,0,2,0,0.0,neutral
2031486557140533624,Tue Mar 10 21:45:13 +0000 2026,"¡GRACIAS BENAVENTE! 
#Benavente #SentidoComún https://t.co/Ptk9XInKAJ",2031489967394889797,Tue Mar 10 21:58:46 +0000 2026,ElensGuitart,"@GPogui @Enrique04077167 @Santi_ABASCAL Pasarlo muy bien y saluda al jefe de mi parte. 
¡ Gracias por vuestro trabajo!",2,1,0,118,0,3,0,0.0,neutral
2031486557140533624,Tue Mar 10 21:45:13 +0000 2026,"¡GRACIAS BENAVENTE! 
#Benavente #SentidoComún https://t.co/Ptk9XInKAJ",2031489798205047169,Tue Mar 10 21:58:05 +0000 2026,prometeoblue,@Santi_ABASCAL @VOX_Congreso #SoloQuedaVOX 💚,3,0,0,44,1,2,0,0.6369,positive
2031486557140533624,Tue Mar 10 21:45:13 +0000 2026,"¡GRACIAS BENAVENTE! 
#Benavente #SentidoComún https://t.co/Ptk9XInKAJ",2031489693364138186,Tue Mar 10 21:57:40 +0000 2026,montsehora,"@Santi_ABASCAL 👏👏👏👏👏👏👏👏👏👏👏👏👏👏👏👏👏👏Impresionante. Maravillosos. Me ha encantado verlo en directo y poder escucharte. Grande Santiago. Magistral. El presidente que necesita España, para todos los españoles.  👏👏👏👏👏👏👏👏👏👏👏💚💚💚💚💚💚💚💚💚",12,2,1,225,0,1,0,0.9919,positive
2031486557140533624,Tue Mar 10 21:45:13 +0000 2026,"¡GRACIAS BENAVENTE! 
#Benavente #SentidoComún https://t.co/Ptk9XInKAJ",2031489562233454950,Tue Mar 10 21:57:09 +0000 2026,joseoliver2069,@Santi_ABASCAL 😂😂😂😂😂😂😂😂😂😂😂 https://t.co/pJpFEtq6A7,1,0,0,50,0,1,1,0.9833,positive
2031486557140533624,Tue Mar 10 21:45:13 +0000 2026,"¡GRACIAS BENAVENTE! 
#Benavente #SentidoComún https://t.co/Ptk9XInKAJ",2031489393056227576,Tue Mar 10 21:56:29 +0000 2026,cachuR2023,@Santi_ABASCAL Gracias por venir a mí pueblo! La gente te quiere eres nuestra última alternativa!,9,0,4,97,0,1,0,0.0,neutral
2031486557140533624,Tue Mar 10 21:45:13 +0000 2026,"¡GRACIAS BENAVENTE! 
#Benavente #SentidoComún https://t.co/Ptk9XInKAJ",2031489159114756220,Tue Mar 10 21:55:33 +0000 2026,puma13112214,@Santi_ABASCAL https://t.co/JuQO5G4KLj,0,0,0,38,0,1,1,0.0,neutral
2031486557140533624,Tue Mar 10 21:45:13 +0000 2026,"¡GRACIAS BENAVENTE! 
#Benavente #SentidoComún https://t.co/Ptk9XInKAJ",2031489143063105577,Tue Mar 10 21:55:29 +0000 2026,puma13112214,@Santi_ABASCAL https://t.co/dCNu0rUzhI,1,0,1,38,0,1,1,0.0,neutral
2031486557140533624,Tue Mar 10 21:45:13 +0000 2026,"¡GRACIAS BENAVENTE! 
#Benavente #SentidoComún https://t.co/Ptk9XInKAJ",2031489022829236735,Tue Mar 10 21:55:00 +0000 2026,Enrique04077167,@GPogui @Santi_ABASCAL Y enorme ese pueblo tan joven de edad e ilusión.,2,0,0,71,0,2,0,0.0,neutral
2031486557140533624,Tue Mar 10 21:45:13 +0000 2026,"¡GRACIAS BENAVENTE! 
#Benavente #SentidoComún https://t.co/Ptk9XInKAJ",2031488966168281209,Tue Mar 10 21:54:47 +0000 2026,seanalvarez111,@Santi_ABASCAL @VoxDavidgarcia Todos con Santiago Abascal!!,5,0,2,59,0,2,0,0.0,neutral
2031486557140533624,Tue Mar 10 21:45:13 +0000 2026,"¡GRACIAS BENAVENTE! 
#Benavente #SentidoComún https://t.co/Ptk9XInKAJ",2031488957389668447,Tue Mar 10 21:54:45 +0000 2026,ElensGuitart,@GPogui @Santi_ABASCAL Y se desgasta😂😂😂😂,1,0,0,40,0,2,0,0.891,positive
2031486557140533624,Tue Mar 10 21:45:13 +0000 2026,"¡GRACIAS BENAVENTE! 
#Benavente #SentidoComún https://t.co/Ptk9XInKAJ",2031488788384395445,Tue Mar 10 21:54:05 +0000 2026,Carmen118754862,"@Santi_ABASCAL @Kun1978147723 Con Vox, subiendo, los purgados quieren congreso, claro la gente de Vox como es gilipollas van a elegir a traidores.",6,0,0,146,0,2,0,0.0,neutral
2031486557140533624,Tue Mar 10 21:45:13 +0000 2026,"¡GRACIAS BENAVENTE! 
#Benavente #SentidoComún https://t.co/Ptk9XInKAJ",2031488463820685503,Tue Mar 10 21:52:47 +0000 2026,Enrique04077167,"@Santi_ABASCAL Ha sido un Congreso ...popular y multitudinario,no?Hay refrendo al lider,vaya si lo hay.Gracias Benavente.",10,0,1,121,0,1,0,0.6369,positive
2031486557140533624,Tue Mar 10 21:45:13 +0000 2026,"¡GRACIAS BENAVENTE! 
#Benavente #SentidoComún https://t.co/Ptk9XInKAJ",2031488462944190555,Tue Mar 10 21:52:47 +0000 2026,GPogui,@ElensGuitart @Santi_ABASCAL VOX se desinfla 😅,1,0,1,46,0,2,0,0.3612,positive
2031486557140533624,Tue Mar 10 21:45:13 +0000 2026,"¡GRACIAS BENAVENTE! 
#Benavente #SentidoComún https://t.co/Ptk9XInKAJ",2031488364738703546,Tue Mar 10 21:52:24 +0000 2026,belindamar555,@Santi_ABASCAL @Ortega_Smith @ivanedlm @monasterioR @JA_Antelo @Macarena_Olona @esRadio @elmundoes @NunezFeijoo @Mtelladof  #SoloQuedaVox 🇪🇸,1,0,1,140,1,10,0,0.0,neutral
2031486557140533624,Tue Mar 10 21:45:13 +0000 2026,"¡GRACIAS BENAVENTE! 
#Benavente #SentidoComún https://t.co/Ptk9XInKAJ",2031488192034005262,Tue Mar 10 21:51:42 +0000 2026,GPogui,"@amanitadostias @Santi_ABASCAL Son figurantes o es IA 😅

Vamos a seguir haciendo historia este domingo 💚💪🏽",0,0,0,106,0,2,0,0.7717,positive
2031486557140533624,Tue Mar 10 21:45:13 +0000 2026,"¡GRACIAS BENAVENTE! 
#Benavente #SentidoComún https://t.co/Ptk9XInKAJ",2031488008675893675,Tue Mar 10 21:50:59 +0000 2026,ElensGuitart,@Santi_ABASCAL Encuesta bestial👏🏻👏🏻👏🏻👏🏻👏🏻👏🏻,11,2,2,43,0,1,0,0.0,neutral
2031486557140533624,Tue Mar 10 21:45:13 +0000 2026,"¡GRACIAS BENAVENTE! 
#Benavente #SentidoComún https://t.co/Ptk9XInKAJ",2031487891931529684,Tue Mar 10 21:50:31 +0000 2026,GPogui,"@Santi_ABASCAL Nos vemos este viernes en Valladolid Santi!!

Una orden de alejamiento nos vas a poner el grupo de Badajoz 😅

Enorme campaña!! 💪🏽",21,2,4,144,0,1,0,0.5673,positive
2031486557140533624,Tue Mar 10 21:45:13 +0000 2026,"¡GRACIAS BENAVENTE! 
#Benavente #SentidoComún https://t.co/Ptk9XInKAJ",2031487741272211623,Tue Mar 10 21:49:55 +0000 2026,PabloConuve,"@Santi_ABASCAL Hoy me hice una foto contigo.
Ya queda como un tatuaje.",14,0,3,70,0,1,0,0.0,neutral
2031486557140533624,Tue Mar 10 21:45:13 +0000 2026,"¡GRACIAS BENAVENTE! 
#Benavente #SentidoComún https://t.co/Ptk9XInKAJ",2031487655553204662,Tue Mar 10 21:49:34 +0000 2026,trapizonda2000,"@Santi_ABASCAL Un vago como tú que ha engañado como lo has hecho, no podrás engañar a muchos más... Te van a hacer caer el chiringuito SantiVago y como era previsible te lo tiraran tus excompañeros, contigo dentro. Te va a durar poco el caudillismo. No sabes inepto, nunca has sabido y no sirves",4,0,1,295,0,1,0,-0.4939,negative
2031486557140533624,Tue Mar 10 21:45:13 +0000 2026,"¡GRACIAS BENAVENTE! 
#Benavente #SentidoComún https://t.co/Ptk9XInKAJ",2031487354104316227,Tue Mar 10 21:48:23 +0000 2026,amanitadostias,"@Santi_ABASCAL Vox se desinfla 😜
🇪🇸",8,0,1,35,0,1,0,0.0,neutral
2031402198765129958,Tue Mar 10 16:10:00 +0000 2026,"El único escudo social es VOX.
Los españoles primero.
#SentidoComún #Astorga htt...",2031683221172154542,Wed Mar 11 10:46:41 +0000 2026,Angeleslg71,@Santi_ABASCAL Una 💩,0,0,0,20,0,1,0,0.0,neutral
2031402198765129958,Tue Mar 10 16:10:00 +0000 2026,"El único escudo social es VOX.
Los españoles primero.
#SentidoComún #Astorga htt...",2031678483693289710,Wed Mar 11 10:27:51 +0000 2026,estgacast,@Santi_ABASCAL https://t.co/SEPHs0n2zu,0,0,0,38,0,1,1,0.0,neutral
2031402198765129958,Tue Mar 10 16:10:00 +0000 2026,"El único escudo social es VOX.
Los españoles primero.
#SentidoComún #Astorga htt...",2031676153539309781,Wed Mar 11 10:18:36 +0000 2026,javier33ar,@Santi_ABASCAL ¿Seguro que los españoles primeros? https://t.co/aKFBqeK4pm,0,0,0,74,0,1,1,0.0,neutral
2031402198765129958,Tue Mar 10 16:10:00 +0000 2026,"El único escudo social es VOX.
Los españoles primero.
#SentidoComún #Astorga htt...",2031666382216007890,Wed Mar 11 09:39:46 +0000 2026,Juanito29624279,"@Santi_ABASCAL No amigui, asi es como lanzais a los pobres contra los mas pobres el viejo truqui eh crack. Asi mientras por detras os forrais ordeñando ciudadanos a manos llenas para manteneros , y para los que de verdad pretendeis gobernar las 200 familias mas ricas,lovis y clero . No cuela😉",0,0,0,293,0,1,0,-0.5267,negative
2031402198765129958,Tue Mar 10 16:10:00 +0000 2026,"El único escudo social es VOX.
Los españoles primero.
#SentidoComún #Astorga htt...",2031662980992016516,Wed Mar 11 09:26:15 +0000 2026,loren_sant16923,@Santi_ABASCAL Me tocas la pensión te garantizo te vas de españa https://t.co/Fy0rGyJ0SH,0,0,0,88,0,1,1,0.0,neutral
2031402198765129958,Tue Mar 10 16:10:00 +0000 2026,"El único escudo social es VOX.
Los españoles primero.
#SentidoComún #Astorga htt...",2031662365221998973,Wed Mar 11 09:23:48 +0000 2026,loren_sant16923,@Santi_ABASCAL Los españoles primero?  le comerías el culo Trump se te lo pide https://t.co/yTqQIfiM36,0,0,0,102,0,1,1,0.0,neutral
2031402198765129958,Tue Mar 10 16:10:00 +0000 2026,"El único escudo social es VOX.
Los españoles primero.
#SentidoComún #Astorga htt...",2031661815344545984,Wed Mar 11 09:21:37 +0000 2026,loren_sant16923,@Santi_ABASCAL Vete a tomar por culo Abascal https://t.co/pw3NGc8Nz9,0,0,0,68,0,1,1,0.0,neutral
2031402198765129958,Tue Mar 10 16:10:00 +0000 2026,"El único escudo social es VOX.
Los españoles primero.
#SentidoComún #Astorga htt...",2031661195552272459,Wed Mar 11 09:19:10 +0000 2026,IsaiasL4B,"@Santi_ABASCAL El mismo discurso que Milei (los argentinos primero) y que Trump (los americanos primero). Pero sin embargo Argentina esta arruinada y vendida a EEUU, EEUU esta arruinada (por eso necesita la guerra) y hace lo que le manda Israel. Son patriotas demagogos mientras hacen campaña.",0,0,0,293,0,1,0,-0.5574,negative
2031402198765129958,Tue Mar 10 16:10:00 +0000 2026,"El único escudo social es VOX.
Los españoles primero.
#SentidoComún #Astorga htt...",2031661084633936100,Wed Mar 11 09:18:43 +0000 2026,Jumatel,"@Santi_ABASCAL Antes decían que solo estaban en contra de la inmigración cuando era ilegal, ahora se van quitando la careta.  Les molestan todos los inmigrantes es una cuestión clara de xenofobia.",0,0,0,196,0,1,0,0.0,neutral
2031402198765129958,Tue Mar 10 16:10:00 +0000 2026,"El único escudo social es VOX.
Los españoles primero.
#SentidoComún #Astorga htt...",2031659889886466407,Wed Mar 11 09:13:58 +0000 2026,PedroGabaldon1,@Santi_ABASCAL https://t.co/xNbygI7xsv,0,0,0,38,0,1,1,0.0,neutral
2031402198765129958,Tue Mar 10 16:10:00 +0000 2026,"El único escudo social es VOX.
Los españoles primero.
#SentidoComún #Astorga htt...",2031658827603476695,Wed Mar 11 09:09:45 +0000 2026,MariaJoseP4333,"@Santi_ABASCAL Lo primero sería que trabajaras algo,cotizaras y contribuyeras en este país del que tan patriota te consideras y no llevar toda tu vida viviendo de las ""paguitas"" que tanto criticas PATRIOTA DE PACOTILLA!!!",0,0,0,221,0,1,0,-0.4724,negative
2031402198765129958,Tue Mar 10 16:10:00 +0000 2026,"El único escudo social es VOX.
Los españoles primero.
#SentidoComún #Astorga htt...",2031652503561871633,Wed Mar 11 08:44:37 +0000 2026,Miranda72693847,"@Santi_ABASCAL primero putin, luego trump.... ja ja",0,0,0,51,0,1,0,0.0,neutral
2031402198765129958,Tue Mar 10 16:10:00 +0000 2026,"El único escudo social es VOX.
Los españoles primero.
#SentidoComún #Astorga htt...",2031649589582012751,Wed Mar 11 08:33:03 +0000 2026,LaHoraAzul3,"@Santi_ABASCAL https://t.co/RHQuqdwZ56 Una española y aragonesa, ex afiliada a este miserable y traidor partido. El bofetón recibido, sin paragón...",0,0,0,148,0,1,1,-0.7783,negative
2031402198765129958,Tue Mar 10 16:10:00 +0000 2026,"El único escudo social es VOX.
Los españoles primero.
#SentidoComún #Astorga htt...",2031648379860824295,Wed Mar 11 08:28:14 +0000 2026,hopedsy,@Santi_ABASCAL https://t.co/RGnRZXrWIm,0,0,0,38,0,1,1,0.0,neutral
2031402198765129958,Tue Mar 10 16:10:00 +0000 2026,"El único escudo social es VOX.
Los españoles primero.
#SentidoComún #Astorga htt...",2031648121525080550,Wed Mar 11 08:27:13 +0000 2026,rafabmarin,@Santi_ABASCAL Primero España.,0,0,0,30,0,1,0,0.0,neutral
2031402198765129958,Tue Mar 10 16:10:00 +0000 2026,"El único escudo social es VOX.
Los españoles primero.
#SentidoComún #Astorga htt...",2031646736301560201,Wed Mar 11 08:21:42 +0000 2026,digonelper,@Santi_ABASCAL Pues trabaja,0,0,0,27,0,1,0,0.0,neutral
2031402198765129958,Tue Mar 10 16:10:00 +0000 2026,"El único escudo social es VOX.
Los españoles primero.
#SentidoComún #Astorga htt...",2031639843499868353,Wed Mar 11 07:54:19 +0000 2026,EL_PEPEillo,@Santi_ABASCAL Los paguitas @vox_es https://t.co/xmJ97wygl4,0,0,0,59,0,2,1,0.0,neutral
2031402198765129958,Tue Mar 10 16:10:00 +0000 2026,"El único escudo social es VOX.
Los españoles primero.
#SentidoComún #Astorga htt...",2031638327711985858,Wed Mar 11 07:48:17 +0000 2026,Titoretto,"@Santi_ABASCAL El escudo y la garantía del ascenso social verdadero, el del mérito",0,0,0,82,0,1,0,0.0,neutral
2031402198765129958,Tue Mar 10 16:10:00 +0000 2026,"El único escudo social es VOX.
Los españoles primero.
#SentidoComún #Astorga htt...",2031637258617389128,Wed Mar 11 07:44:03 +0000 2026,AnalBorroso,@Santi_ABASCAL Pero si no defendéis a nadie solamente atacáis a todo el mundo incluso dentro de vuestro partido. Sois la peor basura que hay en política en estos momentos y mira que tenéis competencia.,0,0,0,201,0,1,0,-0.296,negative
2031402198765129958,Tue Mar 10 16:10:00 +0000 2026,"El único escudo social es VOX.
Los españoles primero.
#SentidoComún #Astorga htt...",2031636864809996717,Wed Mar 11 07:42:29 +0000 2026,AlavrezJota,@Santi_ABASCAL Cuidado con las niñas.. https://t.co/OpsJ2NgtPt,0,0,0,62,0,1,1,0.0,neutral
2031402198765129958,Tue Mar 10 16:10:00 +0000 2026,"El único escudo social es VOX.
Los españoles primero.
#SentidoComún #Astorga htt...",2031625717104939173,Wed Mar 11 06:58:11 +0000 2026,varelaypunto,@Santi_ABASCAL Pues devolved la pasta a los valencianos y aclara lo de tu fundación como bien español salvapatrias,0,0,0,114,0,1,0,0.0,neutral
2031402198765129958,Tue Mar 10 16:10:00 +0000 2026,"El único escudo social es VOX.
Los españoles primero.
#SentidoComún #Astorga htt...",2031622680839913679,Wed Mar 11 06:46:07 +0000 2026,AlbertAugustV,@Santi_ABASCAL Israel primero. 1 Millón de votos menos.,0,0,0,55,0,1,0,0.0,neutral
2031402198765129958,Tue Mar 10 16:10:00 +0000 2026,"El único escudo social es VOX.
Los españoles primero.
#SentidoComún #Astorga htt...",2031621633501184476,Wed Mar 11 06:41:57 +0000 2026,roaldcs,"@Santi_ABASCAL El único escudo social es desmontar al hiperestado clientelar. Con una motosierra.

¡Viva la libertad, carajo!",0,0,0,125,0,1,0,0.0,neutral
2031402198765129958,Tue Mar 10 16:10:00 +0000 2026,"El único escudo social es VOX.
Los españoles primero.
#SentidoComún #Astorga htt...",2031619923324125221,Wed Mar 11 06:35:10 +0000 2026,CarlosPrie57943,@Santi_ABASCAL “Social” y “VOX” en la misma frase. Flipante.,0,0,0,60,0,1,0,0.0,neutral
2031402198765129958,Tue Mar 10 16:10:00 +0000 2026,"El único escudo social es VOX.
Los españoles primero.
#SentidoComún #Astorga htt...",2031619857532215478,Wed Mar 11 06:34:54 +0000 2026,KrissOG556,@Santi_ABASCAL Dirás los panchitos primero.,0,0,0,43,0,1,0,0.0,neutral
2031402198765129958,Tue Mar 10 16:10:00 +0000 2026,"El único escudo social es VOX.
Los españoles primero.
#SentidoComún #Astorga htt...",2031619357240078657,Wed Mar 11 06:32:55 +0000 2026,JordiM76,@MBEASV @Santi_ABASCAL Son unos parásitos. Acabarán como Ciudadanos,0,0,0,67,0,2,0,0.0,neutral
2031402198765129958,Tue Mar 10 16:10:00 +0000 2026,"El único escudo social es VOX.
Los españoles primero.
#SentidoComún #Astorga htt...",2031619145465217057,Wed Mar 11 06:32:04 +0000 2026,JordiM76,@Santi_ABASCAL Vago cargado de odio,0,0,0,35,0,1,0,0.0,neutral
2031402198765129958,Tue Mar 10 16:10:00 +0000 2026,"El único escudo social es VOX.
Los españoles primero.
#SentidoComún #Astorga htt...",2031614020109697113,Wed Mar 11 06:11:42 +0000 2026,chonchiofspain,@Santi_ABASCAL Pero si eres un traidor a la patria lamebotas.,0,0,0,61,0,1,0,0.0,neutral
2031402198765129958,Tue Mar 10 16:10:00 +0000 2026,"El único escudo social es VOX.
Los españoles primero.
#SentidoComún #Astorga htt...",2031612637067256062,Wed Mar 11 06:06:12 +0000 2026,GarciaEgocheaga,@Santi_ABASCAL Dijo Cipayo Cipayez...,0,0,0,37,0,1,0,0.0,neutral
2031402198765129958,Tue Mar 10 16:10:00 +0000 2026,"El único escudo social es VOX.
Los españoles primero.
#SentidoComún #Astorga htt...",2031601386853474316,Wed Mar 11 05:21:30 +0000 2026,MariaTsetsetse,@Santi_ABASCAL Como buenos nazis,0,0,0,32,0,1,0,0.0,neutral
2031402198765129958,Tue Mar 10 16:10:00 +0000 2026,"El único escudo social es VOX.
Los españoles primero.
#SentidoComún #Astorga htt...",2031587080682209765,Wed Mar 11 04:24:39 +0000 2026,KatetoDeVox,"@Santi_ABASCAL Tú eres un parguela corrupto.

Que te vote tu padre.",0,0,0,67,0,1,0,0.0,neutral
2031402198765129958,Tue Mar 10 16:10:00 +0000 2026,"El único escudo social es VOX.
Los españoles primero.
#SentidoComún #Astorga htt...",2031586066327560231,Wed Mar 11 04:20:37 +0000 2026,PirataPensiones,"@Santi_ABASCAL Para escudo social el plan de pensiones que te estás haciendo a costa de los españoles, jeta.",0,0,0,108,0,1,0,0.0,neutral
2031402198765129958,Tue Mar 10 16:10:00 +0000 2026,"El único escudo social es VOX.
Los españoles primero.
#SentidoComún #Astorga htt...",2031579124431532328,Wed Mar 11 03:53:02 +0000 2026,Jesus162249,"@Santi_ABASCAL Microsoft, Amazon y Google peleando por no dejar huella de carbono y el jinete del olivar en dirección contraria con la camisa por abrochar. Es un personaje verdaderamente PA TE TI CO",0,0,0,198,0,1,0,-0.128,negative
2031402198765129958,Tue Mar 10 16:10:00 +0000 2026,"El único escudo social es VOX.
Los españoles primero.
#SentidoComún #Astorga htt...",2031577216056746221,Wed Mar 11 03:45:27 +0000 2026,YONI_75A,"@Santi_ABASCAL Diras yo primero ,a ti los españoles te importan una mierda",0,0,0,74,0,1,0,0.0,neutral
2031402198765129958,Tue Mar 10 16:10:00 +0000 2026,"El único escudo social es VOX.
Los españoles primero.
#SentidoComún #Astorga htt...",2031568202799432054,Wed Mar 11 03:09:38 +0000 2026,Cesar__Rodas,"@Santi_ABASCAL Los españoles primero, con el permiso de Trump.",0,0,0,62,0,1,0,0.0,neutral
2031402198765129958,Tue Mar 10 16:10:00 +0000 2026,"El único escudo social es VOX.
Los españoles primero.
#SentidoComún #Astorga htt...",2031556255303553044,Wed Mar 11 02:22:10 +0000 2026,AntiSkoria,"@Santi_ABASCAL Nunca votaría a un despojo político, que cambia términos como inmigración por invasión o irregular por ilegal…",0,0,0,125,0,1,0,0.0,neutral
2031402198765129958,Tue Mar 10 16:10:00 +0000 2026,"El único escudo social es VOX.
Los españoles primero.
#SentidoComún #Astorga htt...",2031534061315822060,Wed Mar 11 00:53:58 +0000 2026,monchocolatina,"@Santi_ABASCAL Vale Santi. Los empresarios españoles que controlan el campo, construcción, transporte, hostelería, trabajos que nadie quiere hacer, q contraten primero a españoles que trabajen hasta 12 horas por 1200€. ¡Ya verás lo que te dicen! A ver si encuentran personal. Y despido gratis.",0,0,0,293,0,1,0,0.126,positive
2031402198765129958,Tue Mar 10 16:10:00 +0000 2026,"El único escudo social es VOX.
Los españoles primero.
#SentidoComún #Astorga htt...",2031531657103114421,Wed Mar 11 00:44:25 +0000 2026,nebur_g_a,"@Santi_ABASCAL Trabajar, lo que nunca hiciste en tu puta vida 🤣",0,0,0,63,0,1,0,0.4939,positive
2031402198765129958,Tue Mar 10 16:10:00 +0000 2026,"El único escudo social es VOX.
Los españoles primero.
#SentidoComún #Astorga htt...",2031526462801498410,Wed Mar 11 00:23:47 +0000 2026,Putusfatxes,@Santi_ABASCAL A Catalunya els catalans primer. https://t.co/ljUklwLbyM,0,0,0,71,0,1,1,0.0,neutral
2031402198765129958,Tue Mar 10 16:10:00 +0000 2026,"El único escudo social es VOX.
Los españoles primero.
#SentidoComún #Astorga htt...",2031523774332277152,Wed Mar 11 00:13:06 +0000 2026,ElaEla51479204,"@Santi_ABASCAL Desde cuándo los estadounidenses son españoles? Por la baba que dejas detrás de Trump pensaba que ya habías pedido la otra nacionalidad, vago vendepatrias.",0,0,0,170,0,1,0,0.0,neutral
2031402198765129958,Tue Mar 10 16:10:00 +0000 2026,"El único escudo social es VOX.
Los españoles primero.
#SentidoComún #Astorga htt...",2031521868046369037,Wed Mar 11 00:05:31 +0000 2026,Sergio198478497,@Santi_ABASCAL El sionismo es lo primero,0,0,0,40,0,1,0,0.0,neutral
2031402198765129958,Tue Mar 10 16:10:00 +0000 2026,"El único escudo social es VOX.
Los españoles primero.
#SentidoComún #Astorga htt...",2031518543229948192,Tue Mar 10 23:52:19 +0000 2026,CslRmc9504,"@Santi_ABASCAL Bueno yo creo que lo único que queda de vox ahora mismo es el logo , tú... Y el de las gafitas",0,0,0,109,0,1,0,0.0,neutral
2031402198765129958,Tue Mar 10 16:10:00 +0000 2026,"El único escudo social es VOX.
Los españoles primero.
#SentidoComún #Astorga htt...",2031516649795252598,Tue Mar 10 23:44:47 +0000 2026,MartaGo91105506,"@Santi_ABASCAL Definición de español:
. Gentilicio y Nacionalidad
Se refiere a todo lo perteneciente o relativo a España, un país de Europa occidental. 
Pueblo: Designa a las personas naturales de España o que poseen su nacionalidad.

Por si no lo sabias.",0,0,0,255,0,1,0,-0.296,negative
2031402198765129958,Tue Mar 10 16:10:00 +0000 2026,"El único escudo social es VOX.
Los españoles primero.
#SentidoComún #Astorga htt...",2031516133027668097,Tue Mar 10 23:42:44 +0000 2026,Mercurio1945,"@Santi_ABASCAL PERO SI PARA TÍ ANTES QUE LOS ESPAÑOLES ESTÁN LOS SIONISTAS , QUE SON LOS QUE TE DAN LA PASTITA, SANTI!",0,0,0,118,0,1,0,0.0,neutral
2031402198765129958,Tue Mar 10 16:10:00 +0000 2026,"El único escudo social es VOX.
Los españoles primero.
#SentidoComún #Astorga htt...",2031513392888828334,Tue Mar 10 23:31:51 +0000 2026,pepelozanok,"@Santi_ABASCAL Escudo social … que ironía , los que sistemáticamente votan en contra de los españoles .",0,0,0,103,0,1,0,0.0,neutral
2031402198765129958,Tue Mar 10 16:10:00 +0000 2026,"El único escudo social es VOX.
Los españoles primero.
#SentidoComún #Astorga htt...",2031512520414965937,Tue Mar 10 23:28:23 +0000 2026,baltipina,"@Santi_ABASCAL Y los españoles que estaban en Vox y los habéis sacado, ¿esos que son los primeros o los últimos?",0,0,0,112,0,1,0,0.0,neutral
2031402198765129958,Tue Mar 10 16:10:00 +0000 2026,"El único escudo social es VOX.
Los españoles primero.
#SentidoComún #Astorga htt...",2031505670919291055,Tue Mar 10 23:01:10 +0000 2026,JosLuisDelgadoV,"@Santi_ABASCAL @ClotiSalvador Pues eso, un escudo nacionalsocialista.

¿Dónde está la duda?",0,0,0,91,0,2,0,0.0,neutral
2031402198765129958,Tue Mar 10 16:10:00 +0000 2026,"El único escudo social es VOX.
Los españoles primero.
#SentidoComún #Astorga htt...",2031505588761301384,Tue Mar 10 23:00:50 +0000 2026,fcojavier9000,@Santi_ABASCAL Estafador.,0,0,0,25,0,1,0,0.0,neutral
2031402198765129958,Tue Mar 10 16:10:00 +0000 2026,"El único escudo social es VOX.
Los españoles primero.
#SentidoComún #Astorga htt...",2031504017205977286,Tue Mar 10 22:54:35 +0000 2026,Auro71,@Santi_ABASCAL Pregúntaselo a extremeños y aragoneses …,0,0,0,55,0,1,0,0.0,neutral
2031402198765129958,Tue Mar 10 16:10:00 +0000 2026,"El único escudo social es VOX.
Los españoles primero.
#SentidoComún #Astorga htt...",2031503788813451419,Tue Mar 10 22:53:41 +0000 2026,VULCANO878052,@Santi_ABASCAL Con Dedicación https://t.co/tnN9kvbLsw,0,0,0,53,0,1,1,0.0,neutral
2031402198765129958,Tue Mar 10 16:10:00 +0000 2026,"El único escudo social es VOX.
Los españoles primero.
#SentidoComún #Astorga htt...",2031502968944570826,Tue Mar 10 22:50:25 +0000 2026,AgenciaAK47,@Santi_ABASCAL @Igarrigavaz F E I X I S T A  i  M E N T I D E R,0,0,0,63,0,2,0,0.0,neutral
2031402198765129958,Tue Mar 10 16:10:00 +0000 2026,"El único escudo social es VOX.
Los españoles primero.
#SentidoComún #Astorga htt...",2031501988282687814,Tue Mar 10 22:46:32 +0000 2026,MoslRach,"@Santi_ABASCAL @sanchezcastejon ha subido el salario mínimo más de un 60% desde 2018, pasando de unos 735 € a más de 1.200 € al mes. ¿Si usted gobierna, cuánto piensa subirlo?",0,0,0,175,0,2,0,0.34,positive
2031402198765129958,Tue Mar 10 16:10:00 +0000 2026,"El único escudo social es VOX.
Los españoles primero.
#SentidoComún #Astorga htt...",2031498533849739669,Tue Mar 10 22:32:48 +0000 2026,zihuatanejomaya,@Santi_ABASCAL Eres otro trilero,0,0,0,32,0,1,0,0.0,neutral
2031402198765129958,Tue Mar 10 16:10:00 +0000 2026,"El único escudo social es VOX.
Los españoles primero.
#SentidoComún #Astorga htt...",2031496522190266729,Tue Mar 10 22:24:48 +0000 2026,glorymarfh,@Santi_ABASCAL El escudo lo vas a hacer con motosierra como miley? Vete a la mierda fascista,3,0,0,92,0,1,0,0.0,neutral
2031402198765129958,Tue Mar 10 16:10:00 +0000 2026,"El único escudo social es VOX.
Los españoles primero.
#SentidoComún #Astorga htt...",2031491954916110396,Tue Mar 10 22:06:40 +0000 2026,andreuperez59,@Santi_ABASCAL Pues eso https://t.co/SNYMm0V6bj,0,0,0,47,0,1,1,0.0,neutral
2031402198765129958,Tue Mar 10 16:10:00 +0000 2026,"El único escudo social es VOX.
Los españoles primero.
#SentidoComún #Astorga htt...",2031490893434294312,Tue Mar 10 22:02:26 +0000 2026,perez_gali48106,@Santi_ABASCAL Mermao,0,0,0,21,0,1,0,0.0,neutral
2031402198765129958,Tue Mar 10 16:10:00 +0000 2026,"El único escudo social es VOX.
Los españoles primero.
#SentidoComún #Astorga htt...",2031490606074060836,Tue Mar 10 22:01:18 +0000 2026,Srta_Wolfish,@Santi_ABASCAL https://t.co/7XoJHCIETS,0,0,0,38,0,1,1,0.0,neutral
2031402198765129958,Tue Mar 10 16:10:00 +0000 2026,"El único escudo social es VOX.
Los españoles primero.
#SentidoComún #Astorga htt...",2031489754982719712,Tue Mar 10 21:57:55 +0000 2026,jusan2502,@MBEASV @Santi_ABASCAL Tal cual https://t.co/DQQOobQxjN,0,0,0,55,0,2,1,0.0,neutral
2031402198765129958,Tue Mar 10 16:10:00 +0000 2026,"El único escudo social es VOX.
Los españoles primero.
#SentidoComún #Astorga htt...",2031489222117310726,Tue Mar 10 21:55:48 +0000 2026,jusan2502,"@Davidmartin341 @Santi_ABASCAL Por desgracia en Baleares ya nos pasa
No lo ven",0,0,0,78,0,2,0,-0.296,negative
2031402198765129958,Tue Mar 10 16:10:00 +0000 2026,"El único escudo social es VOX.
Los españoles primero.
#SentidoComún #Astorga htt...",2031488800061268147,Tue Mar 10 21:54:07 +0000 2026,jusan2502,"@Santi_ABASCAL Lástima que pagamos todos 
Si llegáis a gorbernar,nos vais a hundir y vendernos 
No os importamos https://t.co/zMcMaDkcV7",0,0,0,136,0,1,1,-0.296,negative
2031402198765129958,Tue Mar 10 16:10:00 +0000 2026,"El único escudo social es VOX.
Los españoles primero.
#SentidoComún #Astorga htt...",2031488568808428018,Tue Mar 10 21:53:12 +0000 2026,asquitopais1,"@Santi_ABASCAL Mentiroso, en VOX lo único que os importa es el dinero para vosotros y vivir de chiringuitos y enchufes para vuestros familiares.
Que sois muy corruptos",0,0,0,167,0,1,0,0.0,neutral
2031402198765129958,Tue Mar 10 16:10:00 +0000 2026,"El único escudo social es VOX.
Los españoles primero.
#SentidoComún #Astorga htt...",2031487289818235199,Tue Mar 10 21:48:07 +0000 2026,Jos60003015,@Santi_ABASCAL De programa  nada,0,0,0,32,0,1,0,0.0,neutral
2031402198765129958,Tue Mar 10 16:10:00 +0000 2026,"El único escudo social es VOX.
Los españoles primero.
#SentidoComún #Astorga htt...",2031486516829061547,Tue Mar 10 21:45:03 +0000 2026,JUANMA56857462,"@FachosferaPro @Santi_ABASCAL La ventaja de ser inteligente es que puedes fingir ser idiota; lo contrario es, por definición, imposible!!!",0,0,0,138,0,2,0,0.0,neutral
2031402198765129958,Tue Mar 10 16:10:00 +0000 2026,"El único escudo social es VOX.
Los españoles primero.
#SentidoComún #Astorga htt...",2031485128451502111,Tue Mar 10 21:39:32 +0000 2026,nazisfuera,@Santi_ABASCAL Y mis cojones 33. VAGO https://t.co/awfU2CHkkV,0,0,0,61,0,1,1,0.0,neutral
2031402198765129958,Tue Mar 10 16:10:00 +0000 2026,"El único escudo social es VOX.
Los españoles primero.
#SentidoComún #Astorga htt...",2031485069211169084,Tue Mar 10 21:39:18 +0000 2026,Artanic,"@Santi_ABASCAL Que españoles van primero, Santi? Las victimas de la DANA o tus cachorros de REVUELTA? han devuelto ya el dinero? https://t.co/kbqtU3YRJN",0,0,0,152,0,1,1,0.0,neutral
2031402198765129958,Tue Mar 10 16:10:00 +0000 2026,"El único escudo social es VOX.
Los españoles primero.
#SentidoComún #Astorga htt...",2031483831392285029,Tue Mar 10 21:34:23 +0000 2026,mejoetuitel,@Santi_ABASCAL Se van porque cobran más 😂🤷🏽‍♀️,1,0,0,46,0,1,0,0.4404,positive
2031402198765129958,Tue Mar 10 16:10:00 +0000 2026,"El único escudo social es VOX.
Los españoles primero.
#SentidoComún #Astorga htt...",2031482990757384561,Tue Mar 10 21:31:02 +0000 2026,Davidmartin341,"@Santi_ABASCAL Los españoles primero

Excepto que se trate de turistas y extranjeros adinerados que vienen a invertir en vivienda en zona costera 

Entonces, los españoles ya después https://t.co/QG8ZxKUwYa",36,13,1,206,0,1,1,0.0,neutral
2031402198765129958,Tue Mar 10 16:10:00 +0000 2026,"El único escudo social es VOX.
Los españoles primero.
#SentidoComún #Astorga htt...",2031480224223994271,Tue Mar 10 21:20:03 +0000 2026,korleony,@Santi_ABASCAL https://t.co/QBkOkldyV0,0,0,0,38,0,1,1,0.0,neutral
2031402198765129958,Tue Mar 10 16:10:00 +0000 2026,"El único escudo social es VOX.
Los españoles primero.
#SentidoComún #Astorga htt...",2031477936545497154,Tue Mar 10 21:10:57 +0000 2026,Concepc46846671,@Santi_ABASCAL Exigir a Mercadona que baje precios sería sentido común,0,0,0,70,0,1,0,0.0,neutral
2031402198765129958,Tue Mar 10 16:10:00 +0000 2026,"El único escudo social es VOX.
Los españoles primero.
#SentidoComún #Astorga htt...",2031476588303331706,Tue Mar 10 21:05:36 +0000 2026,Asd7806,"@Santi_ABASCAL Siendo tú, seguramente sea ""Españoles con ascendencia israelí"".",0,0,0,78,0,1,0,0.0,neutral
2031402198765129958,Tue Mar 10 16:10:00 +0000 2026,"El único escudo social es VOX.
Los españoles primero.
#SentidoComún #Astorga htt...",2031474925123379591,Tue Mar 10 20:58:59 +0000 2026,Kamaraka780,@Marimar66842849 @Santi_ABASCAL @JJVallejo4 Gracias Ortega Smith,0,0,0,64,0,3,0,0.0,neutral
2031402198765129958,Tue Mar 10 16:10:00 +0000 2026,"El único escudo social es VOX.
Los españoles primero.
#SentidoComún #Astorga htt...",2031474859016921338,Tue Mar 10 20:58:44 +0000 2026,Gaviota88803705,@Santi_ABASCAL Abascal en horas bajas.,0,0,0,38,0,1,0,0.0,neutral
2031402198765129958,Tue Mar 10 16:10:00 +0000 2026,"El único escudo social es VOX.
Los españoles primero.
#SentidoComún #Astorga htt...",2031474298200699210,Tue Mar 10 20:56:30 +0000 2026,Kickbackfr,@FachosferaPro @GatunaGuerrera @Santi_ABASCAL @vox_es Efectivamente Bot clarísimo.,1,0,0,82,0,4,0,0.0,neutral
2031402198765129958,Tue Mar 10 16:10:00 +0000 2026,"El único escudo social es VOX.
Los españoles primero.
#SentidoComún #Astorga htt...",2031474208719433754,Tue Mar 10 20:56:08 +0000 2026,Kickbackfr,@FachosferaPro @GatunaGuerrera @Santi_ABASCAL @vox_es Esto es un bot o hay tanto subnormal. Block!,1,0,0,98,0,4,0,-0.4926,negative
2031402198765129958,Tue Mar 10 16:10:00 +0000 2026,"El único escudo social es VOX.
Los españoles primero.
#SentidoComún #Astorga htt...",2031474165794972042,Tue Mar 10 20:55:58 +0000 2026,Kamaraka780,"@Santi_ABASCAL Primero tu bolsillo. Y luego si eso los demás. 
Ortega Smith uno de los grandes de Vox y más inteligentes. Te conoce muy bien!",0,0,0,141,0,1,0,0.0,neutral
2031402198765129958,Tue Mar 10 16:10:00 +0000 2026,"El único escudo social es VOX.
Los españoles primero.
#SentidoComún #Astorga htt...",2031472681489461705,Tue Mar 10 20:50:04 +0000 2026,JUANMA56857462,@FachosferaPro @Santi_ABASCAL Te pagan por ser así o es una vocación filantrópica para que los demás nos sintamos brillantes?,1,0,1,125,0,2,0,0.0,neutral
2031402198765129958,Tue Mar 10 16:10:00 +0000 2026,"El único escudo social es VOX.
Los españoles primero.
#SentidoComún #Astorga htt...",2031472287174607161,Tue Mar 10 20:48:30 +0000 2026,fapaltine,@Santi_ABASCAL Tú escudo social es el de Milei payaso 🖕,0,0,0,55,0,1,0,0.0,neutral
2031402198765129958,Tue Mar 10 16:10:00 +0000 2026,"El único escudo social es VOX.
Los españoles primero.
#SentidoComún #Astorga htt...",2031472096589578580,Tue Mar 10 20:47:45 +0000 2026,DeCastroviejo,"@Santi_ABASCAL Socio de Sanchez . El Gañan del Pais Asco , ya está con los Recoguenueces, Sicarios y Los Pachis . Todos los miserables en el mismo bando .",0,0,0,154,0,1,0,0.0,neutral
2031402198765129958,Tue Mar 10 16:10:00 +0000 2026,"El único escudo social es VOX.
Los españoles primero.
#SentidoComún #Astorga htt...",2031470574430527670,Tue Mar 10 20:41:42 +0000 2026,Gladiat53007261,@Santi_ABASCAL @CarlosSinPelos1 Votar VOX es un voto tirado,0,0,0,59,0,2,0,0.0,neutral
2031402198765129958,Tue Mar 10 16:10:00 +0000 2026,"El único escudo social es VOX.
Los españoles primero.
#SentidoComún #Astorga htt...",2031468951759118730,Tue Mar 10 20:35:15 +0000 2026,PediaPiko,@Santi_ABASCAL https://t.co/syaBvFuCcN,0,0,0,38,0,1,1,0.0,neutral
2031402198765129958,Tue Mar 10 16:10:00 +0000 2026,"El único escudo social es VOX.
Los españoles primero.
#SentidoComún #Astorga htt...",2031466654266228937,Tue Mar 10 20:26:07 +0000 2026,YuliaYuliastur,@Santi_ABASCAL @ZMariaje Escudo social? Vende tu retahíla a los pardillos https://t.co/W2oKPXF0rn,3,0,1,97,0,2,1,0.0,neutral
2031402198765129958,Tue Mar 10 16:10:00 +0000 2026,"El único escudo social es VOX.
Los españoles primero.
#SentidoComún #Astorga htt...",2031466336648355946,Tue Mar 10 20:24:52 +0000 2026,xamo4321,@Santi_ABASCAL Antes o después de los Sionistas?. Cipayo.,0,0,0,57,0,1,0,0.0,neutral
2031402198765129958,Tue Mar 10 16:10:00 +0000 2026,"El único escudo social es VOX.
Los españoles primero.
#SentidoComún #Astorga htt...",2031465857478455347,Tue Mar 10 20:22:57 +0000 2026,mpilarita4121,@Santi_ABASCAL @Fco__Guerrero https://t.co/xjmW6FFjDr,0,0,0,53,0,2,1,0.0,neutral
2031402198765129958,Tue Mar 10 16:10:00 +0000 2026,"El único escudo social es VOX.
Los españoles primero.
#SentidoComún #Astorga htt...",2031464134340948242,Tue Mar 10 20:16:07 +0000 2026,Juanillo167,@Santi_ABASCAL https://t.co/OeUz7uWJOi,1,0,0,38,0,1,1,0.0,neutral
2031402198765129958,Tue Mar 10 16:10:00 +0000 2026,"El único escudo social es VOX.
Los españoles primero.
#SentidoComún #Astorga htt...",2031463040688751061,Tue Mar 10 20:11:46 +0000 2026,ectoplaswer,"@Santi_ABASCAL Eres tan buen goyim, que dudo que te permitan preocuparte por el resto. VAGO TRAIDOR!",0,0,0,100,0,1,0,0.0,neutral
2031402198765129958,Tue Mar 10 16:10:00 +0000 2026,"El único escudo social es VOX.
Los españoles primero.
#SentidoComún #Astorga htt...",2031462047976653022,Tue Mar 10 20:07:49 +0000 2026,Xabier778,"@Santi_ABASCAL Tu, primero. 
Y luego los demás.",0,0,0,47,0,1,0,0.0,neutral
2031402198765129958,Tue Mar 10 16:10:00 +0000 2026,"El único escudo social es VOX.
Los españoles primero.
#SentidoComún #Astorga htt...",2031460173902921951,Tue Mar 10 20:00:22 +0000 2026,gusman126,"@Santi_ABASCAL El problema son esos ""españoles"" porque los nazis y derechuzos tenéis bien claro que todos no somos igual de españoles , sobre todo los no creyentes, los zurdos y los que no quieren a violadores en los gobiernos de países mientras los derechuzos le comen los huevos desde atrás",0,0,0,292,0,1,0,-0.6808,negative
2031402198765129958,Tue Mar 10 16:10:00 +0000 2026,"El único escudo social es VOX.
Los españoles primero.
#SentidoComún #Astorga htt...",2031456686129435040,Tue Mar 10 19:46:31 +0000 2026,frandoro,"@Santi_ABASCAL Míralo, como si fuera un emperador de Roma. Menudo ""meme"" estas hecho, picha",0,0,0,91,0,1,0,0.0,neutral
2031402198765129958,Tue Mar 10 16:10:00 +0000 2026,"El único escudo social es VOX.
Los españoles primero.
#SentidoComún #Astorga htt...",2031455680465379571,Tue Mar 10 19:42:31 +0000 2026,cenutrio19,@Santi_ABASCAL Si se quita la barba asusta.,0,0,0,43,0,1,0,0.0,neutral
2031402198765129958,Tue Mar 10 16:10:00 +0000 2026,"El único escudo social es VOX.
Los españoles primero.
#SentidoComún #Astorga htt...",2031454644304580962,Tue Mar 10 19:38:24 +0000 2026,Manix1954,@Santi_ABASCAL Primero Abascal y el que le haga sombra va fuera del partido.,0,0,0,76,0,1,0,0.0,neutral
2031402198765129958,Tue Mar 10 16:10:00 +0000 2026,"El único escudo social es VOX.
Los españoles primero.
#SentidoComún #Astorga htt...",2031454524863393808,Tue Mar 10 19:37:55 +0000 2026,Raquel_Galva83,@Santi_ABASCAL Tú los españoles primero 😂😂😂😂 será Trum primero te has equivocado majete 😂😂😂 los chistes que cuenta ya se ríen hasta solos,0,0,0,137,0,1,0,0.9601,positive
2031402198765129958,Tue Mar 10 16:10:00 +0000 2026,"El único escudo social es VOX.
Los españoles primero.
#SentidoComún #Astorga htt...",2031454138173620298,Tue Mar 10 19:36:23 +0000 2026,jaimemuriel,@Santi_ABASCAL O me hagas reís Satiagito,1,0,0,40,0,1,0,0.0,neutral
2031402198765129958,Tue Mar 10 16:10:00 +0000 2026,"El único escudo social es VOX.
Los españoles primero.
#SentidoComún #Astorga htt...",2031452336355217617,Tue Mar 10 19:29:14 +0000 2026,news2059629,@Santi_ABASCAL https://t.co/MuHIOMvjI9,0,0,0,38,0,1,1,0.0,neutral
2031402198765129958,Tue Mar 10 16:10:00 +0000 2026,"El único escudo social es VOX.
Los españoles primero.
#SentidoComún #Astorga htt...",2031450370820420019,Tue Mar 10 19:21:25 +0000 2026,vanesukke,"@Santi_ABASCAL Primero Trump será, no?",0,0,0,38,0,1,0,0.0,neutral
2031402198765129958,Tue Mar 10 16:10:00 +0000 2026,"El único escudo social es VOX.
Los españoles primero.
#SentidoComún #Astorga htt...",2031450094420058514,Tue Mar 10 19:20:19 +0000 2026,AlbeYanez23701,@Santi_ABASCAL @SantoDios384958 No se nota.,0,0,0,43,0,2,0,-0.296,negative
2031402198765129958,Tue Mar 10 16:10:00 +0000 2026,"El único escudo social es VOX.
Los españoles primero.
#SentidoComún #Astorga htt...",2031449819982537113,Tue Mar 10 19:19:14 +0000 2026,ChinLaury,@Santi_ABASCAL Santiago Abascal Conde 👋🏻👋🏻💪🏻💪🏻 SIEMPRE 💚🇪🇦,0,0,0,58,0,1,0,0.7506,positive
2031402198765129958,Tue Mar 10 16:10:00 +0000 2026,"El único escudo social es VOX.
Los españoles primero.
#SentidoComún #Astorga htt...",2031449306788405641,Tue Mar 10 19:17:11 +0000 2026,madejor,@Santi_ABASCAL Escudo social dice... como los podemitas. Bloqueo es lo único que ofrecéis.  Os aterra gobernar...,0,0,1,113,0,1,0,0.0,neutral
2031402198765129958,Tue Mar 10 16:10:00 +0000 2026,"El único escudo social es VOX.
Los españoles primero.
#SentidoComún #Astorga htt...",2031449218741616780,Tue Mar 10 19:16:50 +0000 2026,Barbuzard,@Santi_ABASCAL Inútil y subnormal. Eso es lo que me viene cuando oído tu diarrea verbal.,1,0,0,88,0,1,0,0.0,neutral
2031402198765129958,Tue Mar 10 16:10:00 +0000 2026,"El único escudo social es VOX.
Los españoles primero.
#SentidoComún #Astorga htt...",2031449155969704301,Tue Mar 10 19:16:35 +0000 2026,ricardopeme10,"@Santi_ABASCAL No falla, tweet de las 17 horas, no vaya a madrugar",0,0,0,66,0,1,0,-0.5267,negative
2031402198765129958,Tue Mar 10 16:10:00 +0000 2026,"El único escudo social es VOX.
Los españoles primero.
#SentidoComún #Astorga htt...",2031447980662767903,Tue Mar 10 19:11:55 +0000 2026,pepem007es1,@Santi_ABASCAL Eres tonto y lo sabes https://t.co/unwrpoHxhL,1,0,0,60,0,1,1,0.0,neutral
2031402198765129958,Tue Mar 10 16:10:00 +0000 2026,"El único escudo social es VOX.
Los españoles primero.
#SentidoComún #Astorga htt...",2031447734469931075,Tue Mar 10 19:10:57 +0000 2026,gtrrezluis,@Santi_ABASCAL Mamarrachoooooo,0,0,0,30,0,1,0,0.0,neutral
2031402198765129958,Tue Mar 10 16:10:00 +0000 2026,"El único escudo social es VOX.
Los españoles primero.
#SentidoComún #Astorga htt...",2031444994595156234,Tue Mar 10 19:00:03 +0000 2026,RuzafaPedro,"@Santi_ABASCAL Y al que no diga lo que dice Abascal, fuera del partido.",0,0,1,71,0,1,0,-0.296,negative
2031402198765129958,Tue Mar 10 16:10:00 +0000 2026,"El único escudo social es VOX.
Los españoles primero.
#SentidoComún #Astorga htt...",2031444826932101376,Tue Mar 10 18:59:23 +0000 2026,MilitarConde,@Santi_ABASCAL T-R-A-I-D-O-R,0,0,0,28,0,1,0,0.0,neutral
2031402198765129958,Tue Mar 10 16:10:00 +0000 2026,"El único escudo social es VOX.
Los españoles primero.
#SentidoComún #Astorga htt...",2031444138525184197,Tue Mar 10 18:56:39 +0000 2026,diestro_nieto,@Santi_ABASCAL Pero si luego votáis en contra de la revalorización de las pensiones y de la subida del salario mínimo so farsante,1,0,0,129,0,1,0,0.0,neutral
2031402198765129958,Tue Mar 10 16:10:00 +0000 2026,"El único escudo social es VOX.
Los españoles primero.
#SentidoComún #Astorga htt...",2031443940994593120,Tue Mar 10 18:55:52 +0000 2026,farga360,"@Santi_ABASCAL Decir que el único escudo social es VOX es de un cinismo que solo se supera con la amnesia. 
Es fascinante cómo Abascal usa la palabra ""escudo"" justo después de haber sido él quien ayudó a destrozar el de verdad hace apenas dos semanas.
No eres el escudo de los españoles, eres el",5,1,1,295,0,1,0,-0.296,negative
2031402198765129958,Tue Mar 10 16:10:00 +0000 2026,"El único escudo social es VOX.
Los españoles primero.
#SentidoComún #Astorga htt...",2031443449744949431,Tue Mar 10 18:53:55 +0000 2026,Trravink,"@Santi_ABASCAL el unico judio chupamuros comeniños eres tu 
muerte a israhell y a todos los que apoyan su satanismo como tu, cabron",0,0,0,131,0,1,0,0.0,neutral
2031402198765129958,Tue Mar 10 16:10:00 +0000 2026,"El único escudo social es VOX.
Los españoles primero.
#SentidoComún #Astorga htt...",2031442871321059606,Tue Mar 10 18:51:37 +0000 2026,MarianoNadie,"@Santi_ABASCAL El día q toquen poder desaparecerán, ...votan contra la subida de salarios, pensiones. Van contra lo social.",0,0,1,123,0,1,0,0.0,neutral
2031402198765129958,Tue Mar 10 16:10:00 +0000 2026,"El único escudo social es VOX.
Los españoles primero.
#SentidoComún #Astorga htt...",2031440175293722864,Tue Mar 10 18:40:54 +0000 2026,melonetis,@Santi_ABASCAL Chiringuito King 👑,0,0,0,33,0,1,0,0.0,neutral
2031402198765129958,Tue Mar 10 16:10:00 +0000 2026,"El único escudo social es VOX.
Los españoles primero.
#SentidoComún #Astorga htt...",2031439837853589856,Tue Mar 10 18:39:34 +0000 2026,rojoconwifi,"@Santi_ABASCAL Así me gusta subiendo siempre el salario mínimo. 
Puta estafa que sois",8,0,0,85,0,1,0,0.0,neutral
2031402198765129958,Tue Mar 10 16:10:00 +0000 2026,"El único escudo social es VOX.
Los españoles primero.
#SentidoComún #Astorga htt...",2031439225766424703,Tue Mar 10 18:37:08 +0000 2026,faallu2,"@Santi_ABASCAL Tú te pinchas,cuando hablas de españoles lávate la boca por qué tú patriota tienes lo mismo que de currante na,y límpiate la comisura de los labios que vienes de ver a Trump",2,0,0,188,0,1,0,0.0,neutral
2031402198765129958,Tue Mar 10 16:10:00 +0000 2026,"El único escudo social es VOX.
Los españoles primero.
#SentidoComún #Astorga htt...",2031438313341542883,Tue Mar 10 18:33:30 +0000 2026,AlejandroP51870,@Santi_ABASCAL Traidor.,0,0,0,23,0,1,0,0.0,neutral
2031402198765129958,Tue Mar 10 16:10:00 +0000 2026,"El único escudo social es VOX.
Los españoles primero.
#SentidoComún #Astorga htt...",2031437984046936437,Tue Mar 10 18:32:12 +0000 2026,Ernesto82926888,@Santi_ABASCAL Pues bien que le lames el culo al anglosajón 🤡,0,0,0,61,0,1,0,-0.296,negative
2031402198765129958,Tue Mar 10 16:10:00 +0000 2026,"El único escudo social es VOX.
Los españoles primero.
#SentidoComún #Astorga htt...",2031437232238711294,Tue Mar 10 18:29:13 +0000 2026,JuventudCamba2,@Santi_ABASCAL Goyim vete a tel Aviv,0,0,0,36,0,1,0,0.0,neutral
2031402198765129958,Tue Mar 10 16:10:00 +0000 2026,"El único escudo social es VOX.
Los españoles primero.
#SentidoComún #Astorga htt...",2031436800099573877,Tue Mar 10 18:27:30 +0000 2026,EpubliR,"@Santi_ABASCAL Basura ,vendepatria,si tú eres el lameculos del dictador y miserable genocida Trump https://t.co/DaQfFelLG6",3,0,0,122,0,1,1,-0.4939,negative
2031402198765129958,Tue Mar 10 16:10:00 +0000 2026,"El único escudo social es VOX.
Los españoles primero.
#SentidoComún #Astorga htt...",2031434423577567466,Tue Mar 10 18:18:03 +0000 2026,VelezSolores,@Santi_ABASCAL Iros a la MIERDA https://t.co/vfYinhk9C6,0,0,0,55,0,1,1,0.0,neutral
2031402198765129958,Tue Mar 10 16:10:00 +0000 2026,"El único escudo social es VOX.
Los españoles primero.
#SentidoComún #Astorga htt...",2031434081347444753,Tue Mar 10 18:16:41 +0000 2026,elcaballeroyo,@Santi_ABASCAL @madrid_vox Tu escudo es Disenso,0,0,0,47,0,2,0,0.0,neutral
2031402198765129958,Tue Mar 10 16:10:00 +0000 2026,"El único escudo social es VOX.
Los españoles primero.
#SentidoComún #Astorga htt...",2031433841085137271,Tue Mar 10 18:15:44 +0000 2026,007Lalaguna,"@Santi_ABASCAL Por eso votas en contra de la subida de las pensiones, del salario mínimo, del escudo social que protege a los españoles que menos tienen.
Eres un mentiroso y lo único que te mueve es seguir viviendo de los impuestos de los españoles.
Porque ni dices cuánto cobras ?🤮🤮🤮🤮🤮🤮",3,0,0,287,0,1,0,0.0,neutral
2031402198765129958,Tue Mar 10 16:10:00 +0000 2026,"El único escudo social es VOX.
Los españoles primero.
#SentidoComún #Astorga htt...",2031433480039432547,Tue Mar 10 18:14:18 +0000 2026,abdalahiluali,@Santi_ABASCAL Antes de estos españoles pusiste la sinagoga de Satanas. Inepto. https://t.co/mVQoolmq17,0,0,0,103,0,1,1,0.0,neutral
2031402198765129958,Tue Mar 10 16:10:00 +0000 2026,"El único escudo social es VOX.
Los españoles primero.
#SentidoComún #Astorga htt...",2031432210192941196,Tue Mar 10 18:09:15 +0000 2026,LolaDorado7,"@Santi_ABASCAL Mentirosos, no nos vais a engañar. https://t.co/YwImnSYdbR",4,0,0,73,0,1,1,-0.296,negative
2031402198765129958,Tue Mar 10 16:10:00 +0000 2026,"El único escudo social es VOX.
Los españoles primero.
#SentidoComún #Astorga htt...",2031430901192618277,Tue Mar 10 18:04:03 +0000 2026,JUANMA56857462,@Santi_ABASCAL Lo que acabas de decir no es ni siquiera incorrecto; está en una dimensión lógica donde el sentido común nunca llegó a nacer!!!! VAGO.,2,0,1,149,0,1,0,-0.5216,negative
2031402198765129958,Tue Mar 10 16:10:00 +0000 2026,"El único escudo social es VOX.
Los españoles primero.
#SentidoComún #Astorga htt...",2031428069542523071,Tue Mar 10 17:52:48 +0000 2026,IvanescuBrenda,@Marcell0267 Describiendo a tu madre 🤣🤣🤣,0,0,0,40,0,1,0,0.8625,positive
2031402198765129958,Tue Mar 10 16:10:00 +0000 2026,"El único escudo social es VOX.
Los españoles primero.
#SentidoComún #Astorga htt...",2031427545451700334,Tue Mar 10 17:50:43 +0000 2026,masus37,"@Santi_ABASCAL Trilero, devolver el dinero de la Dana https://t.co/yJTFpvcx39",3,1,1,77,0,1,1,0.0,neutral
2031402198765129958,Tue Mar 10 16:10:00 +0000 2026,"El único escudo social es VOX.
Los españoles primero.
#SentidoComún #Astorga htt...",2031427148443980238,Tue Mar 10 17:49:08 +0000 2026,backTo1914,"@Santi_ABASCAL Nop nop 
Nop
No vamos a meter judaizantes en el cotarro",0,0,0,70,0,1,0,-0.296,negative
2031402198765129958,Tue Mar 10 16:10:00 +0000 2026,"El único escudo social es VOX.
Los españoles primero.
#SentidoComún #Astorga htt...",2031427048795771112,Tue Mar 10 17:48:45 +0000 2026,GatunaGuerrera,"@Santi_ABASCAL @vox_es ¿Los españoles primero? ¿Seguro, Abascal? O, ¿tu dinero y poder, primero? Lo del sionismo sí que no os lo perdono. Vox era patriótico, económico liberal y católico. Ahora ya no se sabe qué sois.",7,1,1,217,0,2,0,-0.6046,negative
2031402198765129958,Tue Mar 10 16:10:00 +0000 2026,"El único escudo social es VOX.
Los españoles primero.
#SentidoComún #Astorga htt...",2031425398991405559,Tue Mar 10 17:42:11 +0000 2026,MBEASV,@Santi_ABASCAL Vox no es un partido. Es un negocio para cuatro disfrazado de culto al líder. Qué pena.,5,0,3,102,0,1,0,-0.296,negative
2031402198765129958,Tue Mar 10 16:10:00 +0000 2026,"El único escudo social es VOX.
Los españoles primero.
#SentidoComún #Astorga htt...",2031425281756463503,Tue Mar 10 17:41:43 +0000 2026,LonelyBoy__777,"@Santi_ABASCAL @VOX_Congreso En Valladolid tenenos cada vez más inmigrantes. Sobretodo en en el barrio Delicias.

@AyuntamientoVLL @Jorgebuxade @guidoprincesa @Vox_CortesCyL @CarlosPollan @VOXValladolid @CuadradoToqVOX",0,0,0,218,0,9,0,0.0,neutral
2031402198765129958,Tue Mar 10 16:10:00 +0000 2026,"El único escudo social es VOX.
Los españoles primero.
#SentidoComún #Astorga htt...",2031423992486310067,Tue Mar 10 17:36:36 +0000 2026,Nonina19021969,"@Santi_ABASCAL Si tú estuvieras gobernando ya estaríamos en guerra, eres así de patético, lameculos de Trump, todo por la pasta, serías capaz de mandar a morir a los hijos de estos que tanto dices defender y tal y tal, VENDEPATRIAS",3,0,0,231,0,1,0,0.1027,positive
2031402198765129958,Tue Mar 10 16:10:00 +0000 2026,"El único escudo social es VOX.
Los españoles primero.
#SentidoComún #Astorga htt...",2031419769149169989,Tue Mar 10 17:19:49 +0000 2026,HALCON122,"@Santi_ABASCAL Bravo Santi,👌",1,0,0,28,0,1,0,0.7297,positive
2031402198765129958,Tue Mar 10 16:10:00 +0000 2026,"El único escudo social es VOX.
Los españoles primero.
#SentidoComún #Astorga htt...",2031419660566958394,Tue Mar 10 17:19:23 +0000 2026,IvanescuBrenda,@Marcell0267 @Santi_ABASCAL Fuera tu fascista  !!!,0,0,0,50,0,2,0,0.0,neutral
2031402198765129958,Tue Mar 10 16:10:00 +0000 2026,"El único escudo social es VOX.
Los españoles primero.
#SentidoComún #Astorga htt...",2031418341370265601,Tue Mar 10 17:14:09 +0000 2026,rafalitoleon,"@Santi_ABASCAL @Alfonbay #SoloQuedaVOX
#SentidoComún 
#VotaVOX",1,0,0,62,3,2,0,0.0,neutral
2031402198765129958,Tue Mar 10 16:10:00 +0000 2026,"El único escudo social es VOX.
Los españoles primero.
#SentidoComún #Astorga htt...",2031416744384798922,Tue Mar 10 17:07:48 +0000 2026,algohumanoide,@Santi_ABASCAL Mientes. https://t.co/lWFYuPNmXS,3,0,0,47,0,1,1,0.0,neutral
2031402198765129958,Tue Mar 10 16:10:00 +0000 2026,"El único escudo social es VOX.
Los españoles primero.
#SentidoComún #Astorga htt...",2031416542953423207,Tue Mar 10 17:07:00 +0000 2026,Miguel13574565,@Santi_ABASCAL @MeerRocio El chiste del año 😂😂😂😂,0,0,0,48,0,2,0,0.891,positive
2031402198765129958,Tue Mar 10 16:10:00 +0000 2026,"El único escudo social es VOX.
Los españoles primero.
#SentidoComún #Astorga htt...",2031412934581088414,Tue Mar 10 16:52:40 +0000 2026,ElensGuitart,"@Santi_ABASCAL @RoAguirreGil Que el único partido que pide prioridad nacional en los servicios y ayudas públicos sea señalado, insultado, amenazado y atacado es demencial.",12,5,0,171,0,2,0,0.0,neutral
2031402198765129958,Tue Mar 10 16:10:00 +0000 2026,"El único escudo social es VOX.
Los españoles primero.
#SentidoComún #Astorga htt...",2031411560065778081,Tue Mar 10 16:47:12 +0000 2026,JuanCarlosAyra1,@Santi_ABASCAL https://t.co/gF4Dv8FAVj,8,0,0,38,0,1,1,0.0,neutral
2031402198765129958,Tue Mar 10 16:10:00 +0000 2026,"El único escudo social es VOX.
Los españoles primero.
#SentidoComún #Astorga htt...",2031408570105815538,Tue Mar 10 16:35:19 +0000 2026,EugenioEsc66088,@Santi_ABASCAL @Marimar66842849 En VOX no se sienten seguros ni los militantes.,8,0,1,79,0,2,0,-0.296,negative
2031402198765129958,Tue Mar 10 16:10:00 +0000 2026,"El único escudo social es VOX.
Los españoles primero.
#SentidoComún #Astorga htt...",2031407295955951980,Tue Mar 10 16:30:15 +0000 2026,ranchito_e60299,@Santi_ABASCAL https://t.co/hAzIvnLpqc,6,0,0,38,0,1,1,0.0,neutral
2031402198765129958,Tue Mar 10 16:10:00 +0000 2026,"El único escudo social es VOX.
Los españoles primero.
#SentidoComún #Astorga htt...",2031407101130531139,Tue Mar 10 16:29:29 +0000 2026,ranchito_e60299,@Santi_ABASCAL https://t.co/KK9ls3gvOZ,4,0,0,38,0,1,1,0.0,neutral
2031402198765129958,Tue Mar 10 16:10:00 +0000 2026,"El único escudo social es VOX.
Los españoles primero.
#SentidoComún #Astorga htt...",2031406779704238477,Tue Mar 10 16:28:12 +0000 2026,ranchito_e60299,@Santi_ABASCAL https://t.co/2moQUXazMg,4,0,0,38,0,1,1,0.0,neutral
2031402198765129958,Tue Mar 10 16:10:00 +0000 2026,"El único escudo social es VOX.
Los españoles primero.
#SentidoComún #Astorga htt...",2031406640193298643,Tue Mar 10 16:27:39 +0000 2026,GrandeTonetti,"@Santi_ABASCAL NO MIENTAS
Satányahu te está esperando,
rabino RATASCAL 🐀 https://t.co/Smc3zrjQC0",9,0,0,96,0,1,1,-0.4466,negative
2031402198765129958,Tue Mar 10 16:10:00 +0000 2026,"El único escudo social es VOX.
Los españoles primero.
#SentidoComún #Astorga htt...",2031405898267058243,Tue Mar 10 16:24:42 +0000 2026,Marcell0267,@IvanescuBrenda @Santi_ABASCAL 🙉🙉🙉 https://t.co/mPNQ63VIPD,1,0,1,58,0,2,1,0.0,neutral
2031402198765129958,Tue Mar 10 16:10:00 +0000 2026,"El único escudo social es VOX.
Los españoles primero.
#SentidoComún #Astorga htt...",2031403647813247456,Tue Mar 10 16:15:45 +0000 2026,Davidmf2796,@Santi_ABASCAL El Gobierno  son responsables nos han subido todo estos dias para hacer esto dar la espalda a nosotros.,2,0,0,118,0,1,0,0.0,neutral
2031402198765129958,Tue Mar 10 16:10:00 +0000 2026,"El único escudo social es VOX.
Los españoles primero.
#SentidoComún #Astorga htt...",2031403400475140254,Tue Mar 10 16:14:46 +0000 2026,RuralBurgos,"@Santi_ABASCAL Más bien el dinero de los españoles primero quieres decir verdad?
Eres una mierda de político más. Tu poltrona y tu caja de caudales a buen recaudo... Lo demás son tonterías!!!",4,0,0,191,0,1,0,0.0,neutral
2031402198765129958,Tue Mar 10 16:10:00 +0000 2026,"El único escudo social es VOX.
Los españoles primero.
#SentidoComún #Astorga htt...",2031402900526628992,Tue Mar 10 16:12:47 +0000 2026,Davidmf2796,@Santi_ABASCAL Mocion de censura ahora!!,1,0,0,40,0,1,0,0.0,neutral
2031402198765129958,Tue Mar 10 16:10:00 +0000 2026,"El único escudo social es VOX.
Los españoles primero.
#SentidoComún #Astorga htt...",2031402862631149685,Tue Mar 10 16:12:38 +0000 2026,IvanescuBrenda,@Santi_ABASCAL https://t.co/QaqttuBbPV,3,0,1,38,0,1,1,0.0,neutral
2020980570705232347,Mon Feb 09 21:58:10 +0000 2026,Iniciamos la campaña electoral de Castilla y León con la presentación de candida...,2031686243931623482,Wed Mar 11 10:58:42 +0000 2026,PUTOS_FAXAS,@Santi_ABASCAL https://t.co/0ydDL7KSqK,0,0,0,38,0,1,1,0.0,neutral
2020980570705232347,Mon Feb 09 21:58:10 +0000 2026,Iniciamos la campaña electoral de Castilla y León con la presentación de candida...,2031680568392368548,Wed Mar 11 10:36:08 +0000 2026,JuanCarlosAyra1,@Santi_ABASCAL A tope....👏👏👏👏💪💪🇪🇸🇪🇸🇪🇸 https://t.co/SZEdrZpDU6,1,0,0,61,0,1,1,0.0,neutral
2020980570705232347,Mon Feb 09 21:58:10 +0000 2026,Iniciamos la campaña electoral de Castilla y León con la presentación de candida...,2031679621121315321,Wed Mar 11 10:32:23 +0000 2026,voxlangadeduero,"@Santi_ABASCAL Ésto es lo que importa, lo demás chascarrillos de una escalera.",0,0,0,78,0,1,0,0.0,neutral
2020980570705232347,Mon Feb 09 21:58:10 +0000 2026,Iniciamos la campaña electoral de Castilla y León con la presentación de candida...,2031675276757770483,Wed Mar 11 10:15:07 +0000 2026,plasencia_oscar,@Santi_ABASCAL Por suerte todavía queda gente que representa la dignidad  y la valentía por negarse a ser vasallos y cipayos del asesino  y pedófilo Trump y del genocida corrupto de Netanyahu.¿Se imaginan donde estaría España si gobernará Feijoo o Abascal? Sería carne de cañón https://t.co/uPFWTrb1u6,0,0,0,301,0,1,1,0.0,neutral
2020980570705232347,Mon Feb 09 21:58:10 +0000 2026,Iniciamos la campaña electoral de Castilla y León con la presentación de candida...,2031674933223305343,Wed Mar 11 10:13:45 +0000 2026,JOROMPER,@Santi_ABASCAL https://t.co/yVQzlrK0qE,0,0,0,38,0,1,1,0.0,neutral
2020980570705232347,Mon Feb 09 21:58:10 +0000 2026,Iniciamos la campaña electoral de Castilla y León con la presentación de candida...,2031674286847431089,Wed Mar 11 10:11:11 +0000 2026,OceanideRegia,"@Santi_ABASCAL @davhierro Incansable, Santiago! Muchas gracias por el esfuerzo y dar tanto apoyo a los españoles!",0,0,0,113,0,2,0,0.0,neutral
2020980570705232347,Mon Feb 09 21:58:10 +0000 2026,Iniciamos la campaña electoral de Castilla y León con la presentación de candida...,2031672210868597108,Wed Mar 11 10:02:56 +0000 2026,puma13112214,@Santi_ABASCAL https://t.co/C79Xwp2tSn,0,0,0,38,0,1,1,0.0,neutral
2020980570705232347,Mon Feb 09 21:58:10 +0000 2026,Iniciamos la campaña electoral de Castilla y León con la presentación de candida...,2031672183194288491,Wed Mar 11 10:02:49 +0000 2026,puma13112214,@Santi_ABASCAL https://t.co/UjnFKrtXQA,0,0,0,38,0,1,1,0.0,neutral
2020980570705232347,Mon Feb 09 21:58:10 +0000 2026,Iniciamos la campaña electoral de Castilla y León con la presentación de candida...,2031670151746048215,Wed Mar 11 09:54:45 +0000 2026,ArtedeMaika,"@Santi_ABASCAL DIOS LE BENDIGA SR PRESIDENTE DE ESPAÑA.  CADA DÍA REZO A LA VIRGEN X USTED Y TODA LA FAMILIA. 
Y POR ESPAÑA 🙏💚",0,0,0,126,0,1,0,0.6369,positive
2020980570705232347,Mon Feb 09 21:58:10 +0000 2026,Iniciamos la campaña electoral de Castilla y León con la presentación de candida...,2031669304614068531,Wed Mar 11 09:51:23 +0000 2026,ArtedeMaika,"@Santi_ABASCAL VIVA!!  
TODO EL PLANETA FELÍZ!! https://t.co/U04FVx1L4c",0,0,0,71,0,1,1,0.0,neutral
2020980570705232347,Mon Feb 09 21:58:10 +0000 2026,Iniciamos la campaña electoral de Castilla y León con la presentación de candida...,2031485670578147762,Tue Mar 10 21:41:41 +0000 2026,iglesias61785,@Santi_ABASCAL @FigaredoJoseM 👏👏👏👏👏👏🙏🙏🙏🇪🇸💪💪💚💚💚💚✌✌✌✌,0,0,0,51,0,2,0,0.9843,positive
2020980570705232347,Mon Feb 09 21:58:10 +0000 2026,Iniciamos la campaña electoral de Castilla y León con la presentación de candida...,2031460450320228705,Tue Mar 10 20:01:28 +0000 2026,Mar42301281,"@__Kerman__ @Santi_ABASCAL @isicilia @vox_es @Vox_CortesCyL @CarlosPollan Nunca he visto tanta esperanza puesta en un político. No estoy segura de que Feijóo llegue a ser presidente, pero si llega no tendrá más de una legislatura. Hará los mismos cambios importantes y necesarios que hizo Rajoy, ninguno.",0,0,0,304,0,6,0,-0.5267,negative
2020980570705232347,Mon Feb 09 21:58:10 +0000 2026,Iniciamos la campaña electoral de Castilla y León con la presentación de candida...,2031437851594834070,Tue Mar 10 18:31:40 +0000 2026,DavidParreo4,"@Santi_ABASCAL Con los del psoe no hay remedio,pero los del pp dentro de nada para vox,si no YA",0,0,0,95,0,1,0,-0.5267,negative
2020980570705232347,Mon Feb 09 21:58:10 +0000 2026,Iniciamos la campaña electoral de Castilla y León con la presentación de candida...,2031437373100470289,Tue Mar 10 18:29:46 +0000 2026,Dora_la_Pecaora,@Santi_ABASCAL @FigaredoJoseM ¿Cuando váis a devolver el dinero que le robasteis a los damnificados de la Dana? ¿Que ratas hay que ser para robarles a personas que lo han perdido todo. Hemos oído los audios. No podéis esconder la dictadura de fascista ladrón que tenéis montada,0,0,0,277,0,2,0,-0.296,negative
2020980570705232347,Mon Feb 09 21:58:10 +0000 2026,Iniciamos la campaña electoral de Castilla y León con la presentación de candida...,2031408968602444225,Tue Mar 10 16:36:54 +0000 2026,moico967,@Santi_ABASCAL @hermanntertsch Repartíais caramelos??????????😂😂😂😂😂😂😂😂😂😂😂😂😂😂😂😂😂😂,0,0,0,79,0,2,0,0.994,positive
2020980570705232347,Mon Feb 09 21:58:10 +0000 2026,Iniciamos la campaña electoral de Castilla y León con la presentación de candida...,2031402567482171445,Tue Mar 10 16:11:28 +0000 2026,rociogarcia2017,"@Santi_ABASCAL @vox_getafe Candeleda.... 😍 qué bonita es mi  España ❤️❤️❤️❤️🇪🇸

Gracias por tánto @Santi_ABASCAL ¡lo vamos a lograr: recuperaremos lo nuestro!! 💪🏼🇪🇸",1,0,0,164,0,3,0,0.555,positive
2020980570705232347,Mon Feb 09 21:58:10 +0000 2026,Iniciamos la campaña electoral de Castilla y León con la presentación de candida...,2031383490009133272,Tue Mar 10 14:55:39 +0000 2026,alejand03309606,"@Santi_ABASCAL haga:
https://t.co/XAApZ2A0lv",0,0,0,44,0,1,1,0.0,neutral
2020980570705232347,Mon Feb 09 21:58:10 +0000 2026,Iniciamos la campaña electoral de Castilla y León con la presentación de candida...,2031383453946479016,Tue Mar 10 14:55:31 +0000 2026,alejand03309606,"@Santi_ABASCAL De momento vuestro amado líder calla con todo esto. Recordad que él se hizo fotos con Trump y que muchos de vosotros aplaudís cuando dice que piensa hacer lo mismo que Trump en EEUU. Si alguna vez Abaskal llega a gobernar aquí, entonces ya nadie hará broma con nada de lo que+",0,0,1,291,0,1,0,0.0,neutral
2020980570705232347,Mon Feb 09 21:58:10 +0000 2026,Iniciamos la campaña electoral de Castilla y León con la presentación de candida...,2031371409406951870,Tue Mar 10 14:07:39 +0000 2026,Depaso7,@ElensGuitart @Santi_ABASCAL Déjalos que sigan inventando.,0,0,0,58,0,2,0,0.0,neutral
2020980570705232347,Mon Feb 09 21:58:10 +0000 2026,Iniciamos la campaña electoral de Castilla y León con la presentación de candida...,2031369848782032972,Tue Mar 10 14:01:27 +0000 2026,ElensGuitart,"@Santi_ABASCAL @Depaso7 Pero, pero... Si yo había leído por ahí que Abascal se había quedado solo...😉...💪🏻💪🏻💪🏻💪🏻🇪🇦🇪🇦🇪🇦🇪🇦🇪🇦",2,0,1,122,0,2,0,0.0,neutral
2020980570705232347,Mon Feb 09 21:58:10 +0000 2026,Iniciamos la campaña electoral de Castilla y León con la presentación de candida...,2031360959365751273,Tue Mar 10 13:26:08 +0000 2026,Eastwoo52741087,"@Santi_ABASCAL Muchas gracias por subirnos el precio del gasóleo a 2 € / litro, Santi. 😘😘😘😘",0,0,0,91,0,1,0,0.8807,positive
2020980570705232347,Mon Feb 09 21:58:10 +0000 2026,Iniciamos la campaña electoral de Castilla y León con la presentación de candida...,2031360385836548251,Tue Mar 10 13:23:51 +0000 2026,Empiezamanecer,@Santi_ABASCAL @cibeles5 La tranquilidad que tenemos los españoles de bien de tener a VOX 🔥🌟💚🇪🇦,0,1,0,95,0,2,0,-0.34,negative
2020980570705232347,Mon Feb 09 21:58:10 +0000 2026,Iniciamos la campaña electoral de Castilla y León con la presentación de candida...,2031356390132887705,Tue Mar 10 13:07:58 +0000 2026,PatosoSmith,@Santi_ABASCAL (PERDEDOR) https://t.co/uiQy77WCVR,0,0,0,49,0,1,1,0.0,neutral
2020980570705232347,Mon Feb 09 21:58:10 +0000 2026,Iniciamos la campaña electoral de Castilla y León con la presentación de candida...,2031354403190345857,Tue Mar 10 13:00:05 +0000 2026,ranchito_e60299,@Santi_ABASCAL Te recibieron así  Abascal https://t.co/gGxmqUpWih,1,0,0,65,0,1,1,0.0,neutral
2020980570705232347,Mon Feb 09 21:58:10 +0000 2026,Iniciamos la campaña electoral de Castilla y León con la presentación de candida...,2031353686849368529,Tue Mar 10 12:57:14 +0000 2026,ranchito_e60299,@Santi_ABASCAL A callar Machinazi envidioso https://t.co/1alBkcdJXC,1,0,0,67,0,1,1,0.0,neutral
2020980570705232347,Mon Feb 09 21:58:10 +0000 2026,Iniciamos la campaña electoral de Castilla y León con la presentación de candida...,2031353241867255981,Tue Mar 10 12:55:28 +0000 2026,ranchito_e60299,@Santi_ABASCAL No puedes salir a la calle sin tus matones Abascal machinazi ...no engañas a nadie,1,0,0,97,0,1,0,-0.7003,negative
2020980570705232347,Mon Feb 09 21:58:10 +0000 2026,Iniciamos la campaña electoral de Castilla y León con la presentación de candida...,2031352579838357657,Tue Mar 10 12:52:50 +0000 2026,ranchito_e60299,@Santi_ABASCAL Lo tienes todo preparado  Abascal...no engañas a nadie machinazi,1,0,0,79,0,1,0,0.0,neutral
2020980570705232347,Mon Feb 09 21:58:10 +0000 2026,Iniciamos la campaña electoral de Castilla y León con la presentación de candida...,2031351896150057101,Tue Mar 10 12:50:07 +0000 2026,ranchito_e60299,@Santi_ABASCAL Abascal lo tienes todo preparado ...no engañas a nadie,0,0,0,69,0,1,0,0.0,neutral
2020980570705232347,Mon Feb 09 21:58:10 +0000 2026,Iniciamos la campaña electoral de Castilla y León con la presentación de candida...,2031343349848785407,Tue Mar 10 12:16:09 +0000 2026,alejand03309606,"@Santi_ABASCAL Fascistas racistas:
https://t.co/nonhlOXa9A",0,0,0,58,0,1,1,0.0,neutral
2020980570705232347,Mon Feb 09 21:58:10 +0000 2026,Iniciamos la campaña electoral de Castilla y León con la presentación de candida...,2031333531134185622,Tue Mar 10 11:37:08 +0000 2026,Pascual_Lloren1,"@ISALL7 @Santi_ABASCAL @CarlosPollan deja de fliparte vendepatrias, Vox se ha quedado para ser el lameculos del pediofilo naranja o del sionista asesino de niños. no pasais de sumisos arrastrados lamebotas y mediocres oportunistas https://t.co/IaJOa536Ku",0,0,0,254,0,3,1,0.0516,positive
2020980570705232347,Mon Feb 09 21:58:10 +0000 2026,Iniciamos la campaña electoral de Castilla y León con la presentación de candida...,2031332967516135908,Tue Mar 10 11:34:54 +0000 2026,Pascual_Lloren1,"@Marimar66842849 @Santi_ABASCAL @Vox_CortesCyL @CarlosPollan A ver si recuperais pronto la vergüenza propia que ya cansa que tengamos que soportar la ajena, los españoles de bien,

ridiculos vendepatria, traidores a España https://t.co/jPbyjfqY0e",0,0,0,246,0,4,1,0.0,neutral
2020980570705232347,Mon Feb 09 21:58:10 +0000 2026,Iniciamos la campaña electoral de Castilla y León con la presentación de candida...,2031332698355069311,Tue Mar 10 11:33:50 +0000 2026,Pascual_Lloren1,"@JL__Diaz @Santi_ABASCAL @CarlosPollan .
A ver si recuperais pronto la vergüenza propia que ya cansa que tengamos que soportar la ajena, los españoles de bien, https://t.co/f5mPMkE1Jr",0,0,0,183,0,3,1,0.0,neutral
2020980570705232347,Mon Feb 09 21:58:10 +0000 2026,Iniciamos la campaña electoral de Castilla y León con la presentación de candida...,2031331612294558105,Tue Mar 10 11:29:31 +0000 2026,Pascual_Lloren1,"@Leia109846414 @Santi_ABASCAL @FERMINDIAZMARI2 @CarlosPollan quwe valores va a tener un partido vendiodo al sionismo iasesino de niños y a un millonario pedofilo condenado comoagresor sexual como es Trump

teneis el liston de los valores atrrastrado por el suelo, vendepatrias cobarxdes y traidores, 
vox la ultima puta mierda de España, https://t.co/FwuvbxqXpb",0,0,0,361,0,4,1,0.0,neutral
2020980570705232347,Mon Feb 09 21:58:10 +0000 2026,Iniciamos la campaña electoral de Castilla y León con la presentación de candida...,2031331136605913208,Tue Mar 10 11:27:37 +0000 2026,Pascual_Lloren1,"@antigilis @Santi_ABASCAL @CarlosPollan pareceis gilipollas comuiendole el culo a semejante rata traidora y antiespañola.
 a ver si empezais ya a esconderos por vergüenza  como ya haciais antes de que este hijo de puta os sacase de la madriguera con gilipolleces para  fracasados, apestados sociales y trastornados",0,0,0,314,0,3,0,0.0,neutral
2020980570705232347,Mon Feb 09 21:58:10 +0000 2026,Iniciamos la campaña electoral de Castilla y León con la presentación de candida...,2031330478867775926,Tue Mar 10 11:25:01 +0000 2026,Pascual_Lloren1,"@antigilis @Santi_ABASCAL @CarlosPollan este mierda vendepatrias no conoce el honor ni lo  conocera en su puta vida de mierda
 la rata amaestrada del sioniosmo infanticida y del pedofilo naranja solo es la ultima puta mierda de España m, Una vergüenza para cualquier familia y pais https://t.co/Zfv9nwLfXU",0,0,0,305,0,3,1,0.25,positive
2020980570705232347,Mon Feb 09 21:58:10 +0000 2026,Iniciamos la campaña electoral de Castilla y León con la presentación de candida...,2031329695640273055,Tue Mar 10 11:21:54 +0000 2026,Pascual_Lloren1,"@Santi_ABASCAL Cuentales como defiendes al pedofilo hijo de la gran puta que impuso aranceles al campo e industria española? Si hombrre ese bastardo naranja culpable de que ahora nos llegue otra crisis econimica teniendote como complice, 
si tuvieses vergüenza no saldrias de tu madriguera https://t.co/IDeRNescIV",1,0,0,313,0,1,1,-0.743,negative
2020980570705232347,Mon Feb 09 21:58:10 +0000 2026,Iniciamos la campaña electoral de Castilla y León con la presentación de candida...,2031325590804996328,Tue Mar 10 11:05:35 +0000 2026,Acusofachosfera,@Santi_ABASCAL Alternativas https://t.co/titLKjWv17,2,2,0,51,0,1,1,0.0,neutral
2020980570705232347,Mon Feb 09 21:58:10 +0000 2026,Iniciamos la campaña electoral de Castilla y León con la presentación de candida...,2031320759054799026,Tue Mar 10 10:46:23 +0000 2026,zeltibero,@Santi_ABASCAL Sueño con hacer caer las políticas del bipartidismo corrupto pp psoe. 💚#VOX #SoloQuedaVOX,0,0,1,104,2,1,0,0.0,neutral
2020980570705232347,Mon Feb 09 21:58:10 +0000 2026,Iniciamos la campaña electoral de Castilla y León con la presentación de candida...,2031319030875742553,Tue Mar 10 10:39:31 +0000 2026,voxlangadeduero,@Santi_ABASCAL contra viento y marea! Santiago y Cierra España!,0,0,1,63,0,1,0,0.0,neutral
2020980570705232347,Mon Feb 09 21:58:10 +0000 2026,Iniciamos la campaña electoral de Castilla y León con la presentación de candida...,2031282754520846396,Tue Mar 10 08:15:22 +0000 2026,maica_vela,"@Santi_ABASCAL NORMAL, LO QUE DICE ABASCAL
ES LO QUE, TODOS QUEREMOS",0,0,0,68,0,1,0,0.0,neutral
2020980570705232347,Mon Feb 09 21:58:10 +0000 2026,Iniciamos la campaña electoral de Castilla y León con la presentación de candida...,2031203182085308697,Tue Mar 10 02:59:11 +0000 2026,elisagarpe2022,@Santi_ABASCAL Solo queda vox para sacarnos de esta mierda que nos han metido.,0,0,0,78,0,1,0,0.0,neutral
2020980570705232347,Mon Feb 09 21:58:10 +0000 2026,Iniciamos la campaña electoral de Castilla y León con la presentación de candida...,2031133350862246123,Mon Mar 09 22:21:42 +0000 2026,3albertoramirez,@CapiContreras82 @Santi_ABASCAL Pedir información es pedir ayuda ?  Jajajajaa  hay que ser retarder 🤣,0,0,0,101,0,2,0,0.4939,positive
2020980570705232347,Mon Feb 09 21:58:10 +0000 2026,Iniciamos la campaña electoral de Castilla y León con la presentación de candida...,2031128021806076407,Mon Mar 09 22:00:31 +0000 2026,ElBarn10,@Santi_ABASCAL @Falcata85878588 Ánimo Santi. https://t.co/MRjK9XV5Ij,0,0,0,68,0,2,1,0.0,neutral
2020980570705232347,Mon Feb 09 21:58:10 +0000 2026,Iniciamos la campaña electoral de Castilla y León con la presentación de candida...,2031073708631077120,Mon Mar 09 18:24:42 +0000 2026,RichieSargento,@CLC1188Cat @Santi_ABASCAL Hombre porque es el sistema q hay pero quieren quitarlo  muy clarito,0,0,0,95,0,2,0,0.0,neutral
2020980570705232347,Mon Feb 09 21:58:10 +0000 2026,Iniciamos la campaña electoral de Castilla y León con la presentación de candida...,2031016497749901448,Mon Mar 09 14:37:22 +0000 2026,CapiContreras82,"@3albertoramirez @Santi_ABASCAL ""Grok, Grok, defiéndeme de este fascista"". Venga, pídele ayuda.",0,0,1,95,0,2,0,0.0,neutral
2020980570705232347,Mon Feb 09 21:58:10 +0000 2026,Iniciamos la campaña electoral de Castilla y León con la presentación de candida...,2030966713798316184,Mon Mar 09 11:19:32 +0000 2026,Giancarl78,@Santi_ABASCAL https://t.co/kmeEdujxEE,0,0,0,38,0,1,1,0.0,neutral
2020980570705232347,Mon Feb 09 21:58:10 +0000 2026,Iniciamos la campaña electoral de Castilla y León con la presentación de candida...,2030966698006761579,Mon Mar 09 11:19:28 +0000 2026,Giancarl78,@Santi_ABASCAL https://t.co/zRb4iUd3nZ,0,0,0,38,0,1,1,0.0,neutral
2020980570705232347,Mon Feb 09 21:58:10 +0000 2026,Iniciamos la campaña electoral de Castilla y León con la presentación de candida...,2030966677962195223,Mon Mar 09 11:19:24 +0000 2026,Giancarl78,@Santi_ABASCAL @CarlosPollan https://t.co/fBA3PsSlrZ,0,0,0,52,0,2,1,0.0,neutral
2020980570705232347,Mon Feb 09 21:58:10 +0000 2026,Iniciamos la campaña electoral de Castilla y León con la presentación de candida...,2030966651928125638,Mon Mar 09 11:19:18 +0000 2026,Giancarl78,@Santi_ABASCAL https://t.co/lBG1CODfaM,0,0,0,38,0,1,1,0.0,neutral
2020980570705232347,Mon Feb 09 21:58:10 +0000 2026,Iniciamos la campaña electoral de Castilla y León con la presentación de candida...,2030966286834884865,Mon Mar 09 11:17:50 +0000 2026,Giancarl78,@Santi_ABASCAL @vox_es https://t.co/bC1JGdgF9c,0,0,0,46,0,2,1,0.0,neutral
2020980570705232347,Mon Feb 09 21:58:10 +0000 2026,Iniciamos la campaña electoral de Castilla y León con la presentación de candida...,2030959248847331329,Mon Mar 09 10:49:52 +0000 2026,CpVictorh,@ElonMarte @Santi_ABASCAL @Paqui_0C0G Y tu sales de donde COMUNA???,0,0,0,67,0,3,0,0.0,neutral
2020980570705232347,Mon Feb 09 21:58:10 +0000 2026,Iniciamos la campaña electoral de Castilla y León con la presentación de candida...,2030946781706465432,Mon Mar 09 10:00:20 +0000 2026,VicenPela,@Santi_ABASCAL https://t.co/VFaVL1awzL,1,0,0,38,0,1,1,0.0,neutral
2020980570705232347,Mon Feb 09 21:58:10 +0000 2026,Iniciamos la campaña electoral de Castilla y León con la presentación de candida...,2030929338678304807,Mon Mar 09 08:51:01 +0000 2026,PatosoSmith,@Santi_ABASCAL https://t.co/te7Z8rPMo4,1,1,0,38,0,1,1,0.0,neutral
2020980570705232347,Mon Feb 09 21:58:10 +0000 2026,Iniciamos la campaña electoral de Castilla y León con la presentación de candida...,2030924082468864454,Mon Mar 09 08:30:08 +0000 2026,3albertoramirez,@CapiContreras82 @Santi_ABASCAL Toma 🤣🤣🤣 https://t.co/ALVDEnakKk,0,0,1,64,0,2,1,0.8625,positive
2020980570705232347,Mon Feb 09 21:58:10 +0000 2026,Iniciamos la campaña electoral de Castilla y León con la presentación de candida...,2030923902474391936,Mon Mar 09 08:29:25 +0000 2026,3albertoramirez,"@CapiContreras82 @grok @Santi_ABASCAL Vaya zascas te está metiendo Grok , me meo 🤣🤣🤣🤣",0,0,0,85,0,3,0,0.9153,positive
2020980570705232347,Mon Feb 09 21:58:10 +0000 2026,Iniciamos la campaña electoral de Castilla y León con la presentación de candida...,2030923678922260823,Mon Mar 09 08:28:32 +0000 2026,3albertoramirez,"@CapiContreras82 @Santi_ABASCAL @grok Te iba a responder , pero ya lo hizo Grok por mi 🤣🤣🤣🤣🤣🤣🤣🤣🤣🤣",0,0,0,97,0,3,0,0.9849,positive
2020980570705232347,Mon Feb 09 21:58:10 +0000 2026,Iniciamos la campaña electoral de Castilla y León con la presentación de candida...,2030922919316959482,Mon Mar 09 08:25:31 +0000 2026,YolandaGon46105,"@Santi_ABASCAL Esperemos que cuando llegue el momento de las conversaciones para que el PP pueda gobernar en CYL le recordéis lo que dijo ,que como va a gobernar con la gente que tira a las personas al mar .. Solo espero no defraudes a tus votantes",0,0,0,248,0,1,0,-0.296,negative
2020980570705232347,Mon Feb 09 21:58:10 +0000 2026,Iniciamos la campaña electoral de Castilla y León con la presentación de candida...,2030906489477492808,Mon Mar 09 07:20:14 +0000 2026,ElensGuitart,"@Santi_ABASCAL Se suponía que estábamos todos encantados y resulta que no cabe ni un alfiler, me encanta 😊",0,1,0,106,0,1,0,0.5859,positive
2020980570705232347,Mon Feb 09 21:58:10 +0000 2026,Iniciamos la campaña electoral de Castilla y León con la presentación de candida...,2030866082529935686,Mon Mar 09 04:39:40 +0000 2026,Sr_Orue1,@Santi_ABASCAL https://t.co/rLAdXCnsM6 https://t.co/Bpm6mWfcvP,0,0,0,62,0,1,2,0.0,neutral
2020980570705232347,Mon Feb 09 21:58:10 +0000 2026,Iniciamos la campaña electoral de Castilla y León con la presentación de candida...,2030864734317109282,Mon Mar 09 04:34:18 +0000 2026,Sr_Orue1,@Santi_ABASCAL https://t.co/rLAdXCnsM6 https://t.co/nFl5XhcKyV,0,1,0,62,0,1,2,0.0,neutral
2020980570705232347,Mon Feb 09 21:58:10 +0000 2026,Iniciamos la campaña electoral de Castilla y León con la presentación de candida...,2030845013140111851,Mon Mar 09 03:15:57 +0000 2026,FrancisCorroido,@Santi_ABASCAL JUDAS! basura vendida a los SIONAZIS! https://t.co/BmUuO3vSpG,2,1,0,76,0,1,1,0.0,neutral
2020980570705232347,Mon Feb 09 21:58:10 +0000 2026,Iniciamos la campaña electoral de Castilla y León con la presentación de candida...,2030821741098865138,Mon Mar 09 01:43:28 +0000 2026,Fenix_Deep,"@Santi_ABASCAL @jmrva69 SANTI PRESIDENTE 
🇪🇦🇪🇦🇪🇦🇪🇦🇪🇦🇪🇦🇪🇦",0,0,1,56,0,2,0,0.0,neutral
2020980570705232347,Mon Feb 09 21:58:10 +0000 2026,Iniciamos la campaña electoral de Castilla y León con la presentación de candida...,2030780750233038912,Sun Mar 08 23:00:35 +0000 2026,GrandeTonetti,"@Santi_ABASCAL TRAIDOR A 🇪🇸 ESPAÑA
RATASCAL
👉Mamporrero del mafioso pederasta y bombardeador de niñas
👉Monaguillo del siosatanista genocida
#NoALaGuerrra 
.                                                FALSO PATRIOTA https://t.co/hhaztkfMn7",6,4,0,242,1,1,1,0.0,neutral
2020980570705232347,Mon Feb 09 21:58:10 +0000 2026,Iniciamos la campaña electoral de Castilla y León con la presentación de candida...,2030779358248353924,Sun Mar 08 22:55:03 +0000 2026,AnaGonz56379783,@Santi_ABASCAL Nunca he visto a ningún presidente repostar sus 💩💩👌👌😂😂😂,0,0,0,70,0,1,0,0.9636,positive
2020980570705232347,Mon Feb 09 21:58:10 +0000 2026,Iniciamos la campaña electoral de Castilla y León con la presentación de candida...,2030778739060097371,Sun Mar 08 22:52:36 +0000 2026,AnaGonz56379783,@Santi_ABASCAL Oye!! a este pancetas ( sobrino de Girauta ) le tendremos que pagar lo mismo que al Cayetano( sobrino de RATO) .Lo digo por DISENSO TÚ PATRIA DISENSO EHH!! https://t.co/jsY1iSTHHq,2,1,1,194,0,1,1,0.0,neutral
2020980570705232347,Mon Feb 09 21:58:10 +0000 2026,Iniciamos la campaña electoral de Castilla y León con la presentación de candida...,2030775848454815921,Sun Mar 08 22:41:06 +0000 2026,voxtezo,"@Santi_ABASCAL @vox_es En Españita  abundan el trigo, el lechazo y los subnormales así que es normal que se llenara la plaza.",2,0,0,125,0,2,0,0.0,neutral
2020980570705232347,Mon Feb 09 21:58:10 +0000 2026,Iniciamos la campaña electoral de Castilla y León con la presentación de candida...,2030774768010432834,Sun Mar 08 22:36:49 +0000 2026,CLC1188Cat,@Santi_ABASCAL No entendemos qué se presenten a las autonómicas si no creen en las Autonomías…,0,0,2,94,0,1,0,-0.5267,negative
2020980570705232347,Mon Feb 09 21:58:10 +0000 2026,Iniciamos la campaña electoral de Castilla y León con la presentación de candida...,2030773610214801566,Sun Mar 08 22:32:13 +0000 2026,gimn50,@Santi_ABASCAL Abascal eres un HGP un nazi corrupto vago cobarde que te escondistes para no ir a la mili estás en política para llenarte los bolsillos a ti no te importa los españoles y hay retrasados que te votan,2,1,0,213,0,1,0,-0.5267,negative
2020980570705232347,Mon Feb 09 21:58:10 +0000 2026,Iniciamos la campaña electoral de Castilla y León con la presentación de candida...,2030769651026739384,Sun Mar 08 22:16:29 +0000 2026,grok,"@CapiContreras82 @3albertoramirez @Santi_ABASCAL Aquí estoy para cualquiera que busque hechos claros. Llamarme es usar herramientas modernas, no debilidad. ¿Quieres datos reales sobre el servicio militar de los políticos o seguimos con sarcasmos?",1,0,0,246,0,3,0,-0.296,negative
2020980570705232347,Mon Feb 09 21:58:10 +0000 2026,Iniciamos la campaña electoral de Castilla y León con la presentación de candida...,2030769536337588254,Sun Mar 08 22:16:01 +0000 2026,CapiContreras82,"@3albertoramirez @Santi_ABASCAL Tú, como no sabes valerte por ti mismo, llamas a @grok ?",0,0,2,88,0,3,0,-0.296,negative
2020980570705232347,Mon Feb 09 21:58:10 +0000 2026,Iniciamos la campaña electoral de Castilla y León con la presentación de candida...,2030769275363832021,Sun Mar 08 22:14:59 +0000 2026,grok,"@CapiContreras82 @3albertoramirez @Santi_ABASCAL Recientemente unas 6 veces en hilos políticos para verificar datos y anécdotas. En este hilo, una sola mención sobre la mili de Sánchez. Siempre con hechos neutrales y fuentes, sin favoritismos. ¿Algo más que aclarar?",1,0,0,266,0,3,0,-0.5574,negative
2020980570705232347,Mon Feb 09 21:58:10 +0000 2026,Iniciamos la campaña electoral de Castilla y León con la presentación de candida...,2030769144371568810,Sun Mar 08 22:14:28 +0000 2026,CapiContreras82,@3albertoramirez @grok @Santi_ABASCAL @grok ¿cuántas veces te ha llamado @3albertoramirez para que le saques las castañas del Fuego?,0,0,2,132,0,5,0,0.34,positive
2020980570705232347,Mon Feb 09 21:58:10 +0000 2026,Iniciamos la campaña electoral de Castilla y León con la presentación de candida...,2030766590313058525,Sun Mar 08 22:04:19 +0000 2026,OceanideRegia,"@Santi_ABASCAL Aún queda en España mucha gente sana, sin ideologizar, pero con sentido común como bien reivindica el lema de Vox. Un sentido común que les da la sabiduría natural de amar lo nuestro y querer defenderlo.",1,2,1,218,0,1,0,-0.2732,negative
2020980570705232347,Mon Feb 09 21:58:10 +0000 2026,Iniciamos la campaña electoral de Castilla y León con la presentación de candida...,2030766078117163179,Sun Mar 08 22:02:17 +0000 2026,CpVictorh,"@Santi_ABASCAL @Paqui_0C0G Vamos !!! El próximo PRESIDENTE DE ESPAÑA 
DON @Santi_ABASCAL",1,2,1,88,0,3,0,0.0,neutral
2020980570705232347,Mon Feb 09 21:58:10 +0000 2026,Iniciamos la campaña electoral de Castilla y León con la presentación de candida...,2030764673264439559,Sun Mar 08 21:56:42 +0000 2026,Marimar66842849,@Santi_ABASCAL @Pepi92320369 💪💪💪💪💪💚💚💚💚🇪🇦🇪🇦🇪🇦🇪🇦 https://t.co/ctZK8KjKou,1,1,1,70,0,2,1,0.9274,positive
2020980570705232347,Mon Feb 09 21:58:10 +0000 2026,Iniciamos la campaña electoral de Castilla y León con la presentación de candida...,2030761018347913668,Sun Mar 08 21:42:11 +0000 2026,3albertoramirez,"@ChemaKold @Santi_ABASCAL Estabas tú allí , eh pillín ! 🫣",0,0,0,57,0,2,0,0.0,neutral
2020980570705232347,Mon Feb 09 21:58:10 +0000 2026,Iniciamos la campaña electoral de Castilla y León con la presentación de candida...,2030760799468241195,Sun Mar 08 21:41:18 +0000 2026,3albertoramirez,"@Miguel117824486 @Santi_ABASCAL Supongo que con el permiso de la tuya , que es la reina de la noche ☺️",0,0,0,102,0,2,0,0.4588,positive
2020980570705232347,Mon Feb 09 21:58:10 +0000 2026,Iniciamos la campaña electoral de Castilla y León con la presentación de candida...,2030752065991934025,Sun Mar 08 21:06:36 +0000 2026,3albertoramirez,"@CapiContreras82 @Santi_ABASCAL @CapiContreras82  tú cómo buen derechón , le habrías limpiado las botas al cabo primero , tú presidenre Pedro Sánchez se enfrentó a él . 🤣🤣🤣🤣",0,0,1,173,0,3,0,0.9153,positive
2020980570705232347,Mon Feb 09 21:58:10 +0000 2026,Iniciamos la campaña electoral de Castilla y León con la presentación de candida...,2030750411364422108,Sun Mar 08 21:00:02 +0000 2026,3albertoramirez,"@CapiContreras82 @Santi_ABASCAL Es decir  , según la información lo apartaron por enfrentarse al cabo primero , olé el presidente , no se arrodilla ante nadie como lo habria hecho Abascal y tú 🤣🤣 que os chasquea Trump y os tiráis a sus pies . Jajaja os queda grande la palabra patriota .",0,0,0,287,0,2,0,0.6369,positive
2020980570705232347,Mon Feb 09 21:58:10 +0000 2026,Iniciamos la campaña electoral de Castilla y León con la presentación de candida...,2030749800660910206,Sun Mar 08 20:57:36 +0000 2026,grok,"@3albertoramirez @CapiContreras82 @Santi_ABASCAL Sí, exacto. Según las fuentes militares del CIR de Cáceres (reportaje de El Periódico Extremadura, enero 2026), lo eligieron para gastadores por su altura, buen porte y físico (""guapo y de buen porte""). Pero lo apartaron dos días antes de la jura por enfrentarse al cabo primero y",0,0,0,329,0,3,0,0.0,neutral
2020980570705232347,Mon Feb 09 21:58:10 +0000 2026,Iniciamos la campaña electoral de Castilla y León con la presentación de candida...,2030749681475608693,Sun Mar 08 20:57:08 +0000 2026,3albertoramirez,"@grok @CapiContreras82 @Santi_ABASCAL Es decir , que no por dárselas de guapo , sino por enfrentarse al cabo primero",0,0,2,116,0,3,0,-0.296,negative
2020980570705232347,Mon Feb 09 21:58:10 +0000 2026,Iniciamos la campaña electoral de Castilla y León con la presentación de candida...,2030749282681155917,Sun Mar 08 20:55:33 +0000 2026,grok,"@3albertoramirez @CapiContreras82 @Santi_ABASCAL La afirmación del capitán se basa en hechos reportados: Pedro Sánchez hizo la mili en 1996 en el CIR de Cáceres. Lo eligieron para la escuadra de gastadores por ser alto, guapo y de buen porte. Pero dos días antes de la jura de bandera (presidida por Juan Carlos I), se enfrentó",0,0,1,327,0,3,0,0.0,neutral
2020980570705232347,Mon Feb 09 21:58:10 +0000 2026,Iniciamos la campaña electoral de Castilla y León con la presentación de candida...,2030749149096816684,Sun Mar 08 20:55:01 +0000 2026,3albertoramirez,@CapiContreras82 @Santi_ABASCAL @grok  que nos puedes contar sobre la afirmación que hace capitán Alonso de Contreras sobre pedro Sánchez ?,0,0,1,139,0,3,0,0.0,neutral
2020980570705232347,Mon Feb 09 21:58:10 +0000 2026,Iniciamos la campaña electoral de Castilla y León con la presentación de candida...,2030728904990715911,Sun Mar 08 19:34:34 +0000 2026,RiebleRene,"@Santi_ABASCAL Fascistas como tú y el primero astronauta español en el espacio Carrero Blanco ,gracias a ETA!!",0,0,0,110,0,1,0,0.0,neutral
2020980570705232347,Mon Feb 09 21:58:10 +0000 2026,Iniciamos la campaña electoral de Castilla y León con la presentación de candida...,2030675683748311442,Sun Mar 08 16:03:05 +0000 2026,MoronMoron12118,"@Santi_ABASCAL @CarlosPollan Para tener la garantía de que la gestión será cierta y valedera , se hace necesario tener muy claro los antecedentes sociales, policiales y hasta familiares de los distintos miembros que formarán parte de la política de Estado.
Así mismo hacer del conocimiento público.
GARANTÍA.",0,0,0,308,0,2,0,0.0,neutral
2020980570705232347,Mon Feb 09 21:58:10 +0000 2026,Iniciamos la campaña electoral de Castilla y León con la presentación de candida...,2030670329320784032,Sun Mar 08 15:41:49 +0000 2026,CorruptosPPSOE,@Santi_ABASCAL JudiVOX,0,0,0,22,0,1,0,0.0,neutral
2020980570705232347,Mon Feb 09 21:58:10 +0000 2026,Iniciamos la campaña electoral de Castilla y León con la presentación de candida...,2030642663603483099,Sun Mar 08 13:51:53 +0000 2026,CapiContreras82,@Acusofachosfera @Santi_ABASCAL Enséñame dónde se lo inventa.,0,0,0,61,0,2,0,0.0,neutral
2020980570705232347,Mon Feb 09 21:58:10 +0000 2026,Iniciamos la campaña electoral de Castilla y León con la presentación de candida...,2030642053550399830,Sun Mar 08 13:49:27 +0000 2026,CapiContreras82,"@Acusofachosfera @Santi_ABASCAL Y Sánchez, supuestamente, financió su campaña electoral con la prostitución de mujeres. Y luego se las da de feminista.",0,0,0,151,0,2,0,0.0,neutral
2020980570705232347,Mon Feb 09 21:58:10 +0000 2026,Iniciamos la campaña electoral de Castilla y León con la presentación de candida...,2030640775495598244,Sun Mar 08 13:44:23 +0000 2026,CapiContreras82,@3albertoramirez @Santi_ABASCAL Adivina quién de ellos fue expulsado de la Escuadra de Gastadores por dárselas de guapo y listo.,0,0,4,128,0,2,0,0.0,neutral
2020980570705232347,Mon Feb 09 21:58:10 +0000 2026,Iniciamos la campaña electoral de Castilla y León con la presentación de candida...,2030639775053385775,Sun Mar 08 13:40:24 +0000 2026,CapiContreras82,"@Santi_ABASCAL No olvidemos que León fue la primera ciudad que le ""sacó los colores"" a Piqué tras su apología del independentismo. Viva España, Viva León y Viva Vox.",1,0,0,165,0,1,0,-0.296,negative
2020980570705232347,Mon Feb 09 21:58:10 +0000 2026,Iniciamos la campaña electoral de Castilla y León con la presentación de candida...,2030634704509055309,Sun Mar 08 13:20:15 +0000 2026,Miguel117824486,@3albertoramirez @Santi_ABASCAL No la que trabajo para el fue tu p4t4 madre,0,0,1,75,0,2,0,-0.296,negative
2020980570705232347,Mon Feb 09 21:58:10 +0000 2026,Iniciamos la campaña electoral de Castilla y León con la presentación de candida...,2030629894028251245,Sun Mar 08 13:01:08 +0000 2026,ChemaKold,@3albertoramirez @Santi_ABASCAL En el campamento de  sauna Adán,0,0,1,63,0,2,0,0.0,neutral
2020980570705232347,Mon Feb 09 21:58:10 +0000 2026,Iniciamos la campaña electoral de Castilla y León con la presentación de candida...,2030622899174785264,Sun Mar 08 12:33:20 +0000 2026,mariceli23,@Santi_ABASCAL @vox_alava #SoloQuedaVox,0,0,0,39,1,2,0,0.0,neutral
2020980570705232347,Mon Feb 09 21:58:10 +0000 2026,Iniciamos la campaña electoral de Castilla y León con la presentación de candida...,2030604212820713748,Sun Mar 08 11:19:05 +0000 2026,3albertoramirez,"@Miguel117824486 @Santi_ABASCAL No sé si tú padre fue o no , no lo conozco 🤷🏼‍♀️",0,0,1,80,0,2,0,-0.3637,negative
2020980570705232347,Mon Feb 09 21:58:10 +0000 2026,Iniciamos la campaña electoral de Castilla y León con la presentación de candida...,2030601563975119315,Sun Mar 08 11:08:34 +0000 2026,alejand03309606,"@Santi_ABASCAL Estás rodeado de mucha gente, que por su edad, tú les quieres quitar la pensión... No es por nada, pero tienen un problema muy grande...",0,0,0,151,0,1,0,-0.296,negative
2020980570705232347,Mon Feb 09 21:58:10 +0000 2026,Iniciamos la campaña electoral de Castilla y León con la presentación de candida...,2030601216250507353,Sun Mar 08 11:07:11 +0000 2026,alejand03309606,"@Santi_ABASCAL Cuando votéis al fascista este, acordaros de que está defendiendo atrocidades como esta: https://t.co/Xer6o5Suxh",0,0,0,127,0,1,1,0.0,neutral
2020980570705232347,Mon Feb 09 21:58:10 +0000 2026,Iniciamos la campaña electoral de Castilla y León con la presentación de candida...,2030586755674497242,Sun Mar 08 10:09:43 +0000 2026,NoKlav,"@Santi_ABASCAL Si eres sionista no puedes ser buen español. No se puede servir a dos amos... A no ser que seas un Judas?
Eres lo peor que le ha pasado a la derecha de este país en 50 años.",0,0,0,188,0,1,0,-0.4939,negative
2020980570705232347,Mon Feb 09 21:58:10 +0000 2026,Iniciamos la campaña electoral de Castilla y León con la presentación de candida...,2030579603606016457,Sun Mar 08 09:41:18 +0000 2026,Acusofachosfera,@Santi_ABASCAL https://t.co/47IAiCiuhC,1,0,0,38,0,1,1,0.0,neutral
2020980570705232347,Mon Feb 09 21:58:10 +0000 2026,Iniciamos la campaña electoral de Castilla y León con la presentación de candida...,2030575238308626681,Sun Mar 08 09:23:57 +0000 2026,nemeus,"@otilious @grok @Santi_ABASCAL No amigo, sentido común no. Más bien una capacidad muy limitada de análisis. A mí también me gustaría que existiese un partido que mirase por los intereses de los españoles, de todos, de los que madrugamos, no de los señoritos. Pero VOX es un infiltrado del gran capital anglo. https://t.co/sETR7petgt",0,0,0,332,0,3,1,-0.5267,negative
2020980570705232347,Mon Feb 09 21:58:10 +0000 2026,Iniciamos la campaña electoral de Castilla y León con la presentación de candida...,2030573448573899029,Sun Mar 08 09:16:51 +0000 2026,nemeus,@grok @otilious @Santi_ABASCAL Gracias @grok. Pero estoy confuso:  5000-7000 otra vez? No habías llegado a esta conclusión antes? https://t.co/9Vt4vl3xFb,0,0,0,153,0,4,1,-0.3736,negative
2020980570705232347,Mon Feb 09 21:58:10 +0000 2026,Iniciamos la campaña electoral de Castilla y León con la presentación de candida...,2030568813763203296,Sun Mar 08 08:58:26 +0000 2026,grok,"@otilious @nemeus @Santi_ABASCAL No, no considero a nadie ""sectario"" por cuestionar estimaciones. Las fotos muestran un evento masivo: salón amplio lleno a capacidad con miles de personas de pie, banderas y densidad alta (mi análisis actualizado: 5.000-7.000 asistentes). León tiene ~123.000 habitantes; el apoyo",0,0,1,312,0,3,0,-0.296,negative
2020980570705232347,Mon Feb 09 21:58:10 +0000 2026,Iniciamos la campaña electoral de Castilla y León con la presentación de candida...,2030568685807505608,Sun Mar 08 08:57:55 +0000 2026,otilious,"@nemeus @grok @Santi_ABASCAL @grok , crees que @nemeus es un sectario al que le cuesta asimilar que en León hay mucha gente que está empezando a tener sentido común?",0,0,2,165,0,5,0,0.0,neutral
2020980570705232347,Mon Feb 09 21:58:10 +0000 2026,Iniciamos la campaña electoral de Castilla y León con la presentación de candida...,2030567873450533234,Sun Mar 08 08:54:41 +0000 2026,otilious,"@Santi_ABASCAL Magnífico todo ayer, orgullo de tierra leonesa y de las gentes de León!
#SentidoComún",1,0,0,100,1,1,0,0.0,neutral
2020980570705232347,Mon Feb 09 21:58:10 +0000 2026,Iniciamos la campaña electoral de Castilla y León con la presentación de candida...,2030561396337885627,Sun Mar 08 08:28:57 +0000 2026,JJFGRM,@Santi_ABASCAL ¡¡¡León por ESPAÑA!!!,1,0,0,36,0,1,0,0.0,neutral
2020980570705232347,Mon Feb 09 21:58:10 +0000 2026,Iniciamos la campaña electoral de Castilla y León con la presentación de candida...,2030560733377802716,Sun Mar 08 08:26:19 +0000 2026,Bullets4Y,@Santi_ABASCAL 🇪🇸💪🏼,0,0,0,19,0,1,0,0.0,neutral
2020980570705232347,Mon Feb 09 21:58:10 +0000 2026,Iniciamos la campaña electoral de Castilla y León con la presentación de candida...,2030525531075022946,Sun Mar 08 06:06:26 +0000 2026,tara4557,@Santi_ABASCAL @Vox_Leon Cuando fue eso?,0,0,0,40,0,2,0,0.0,neutral
2020980570705232347,Mon Feb 09 21:58:10 +0000 2026,Iniciamos la campaña electoral de Castilla y León con la presentación de candida...,2030470730396168591,Sun Mar 08 02:28:41 +0000 2026,jimenez5188,@Santi_ABASCAL @ProyctoMiranda 👏👏👏,0,0,0,34,0,2,0,0.0,neutral
2020980570705232347,Mon Feb 09 21:58:10 +0000 2026,Iniciamos la campaña electoral de Castilla y León con la presentación de candida...,2030457114552926342,Sun Mar 08 01:34:34 +0000 2026,retorcidoamoret,@Santi_ABASCAL @Isabelperezmoi1 España no dejen que el comunismo y los musulmanes se hagan dueños de su país son una cucaracha 🪳 tomen el ejemplo de los chilenos hondureños ecuatorianos luchen por una España 🇪🇸 libre del comunismo,1,0,0,230,0,2,0,-0.296,negative
2020980570705232347,Mon Feb 09 21:58:10 +0000 2026,Iniciamos la campaña electoral de Castilla y León con la presentación de candida...,2030453257730928950,Sun Mar 08 01:19:15 +0000 2026,MLuz12344,@Santi_ABASCAL https://t.co/8ZkBytfePb,0,0,0,38,0,1,1,0.0,neutral
2020980570705232347,Mon Feb 09 21:58:10 +0000 2026,Iniciamos la campaña electoral de Castilla y León con la presentación de candida...,2030449657361391840,Sun Mar 08 01:04:56 +0000 2026,asaborido,@Santi_ABASCAL 🇺🇸🇺🇸🇺🇸🇺🇸🇺🇸🇺🇸🇺🇸🇺🇸🇺🇸🇺🇸🇺🇸🇺🇸🇺🇸🇺🇸 Your Flag 🤫,0,0,0,55,0,1,0,0.0,neutral
2020980570705232347,Mon Feb 09 21:58:10 +0000 2026,Iniciamos la campaña electoral de Castilla y León con la presentación de candida...,2030449286769487996,Sun Mar 08 01:03:28 +0000 2026,NasroSadokiGh,@Santi_ABASCAL El Rey internacional 👑🇪🇸 https://t.co/nRFzxYi4Yk,1,0,0,63,0,1,1,0.0,neutral
2020980570705232347,Mon Feb 09 21:58:10 +0000 2026,Iniciamos la campaña electoral de Castilla y León con la presentación de candida...,2030449119655825625,Sun Mar 08 01:02:48 +0000 2026,NasroSadokiGh,@Santi_ABASCAL El Rey internacional 👑🇪🇸 https://t.co/0scjX9Y9h1,2,0,0,63,0,1,1,0.0,neutral
2020980570705232347,Mon Feb 09 21:58:10 +0000 2026,Iniciamos la campaña electoral de Castilla y León con la presentación de candida...,2030443191963423068,Sun Mar 08 00:39:15 +0000 2026,grok,"@nemeus @Santi_ABASCAL Gracias. Mi diseño por xAI se centra en verdad máxima con datos, lógica y evidencia verificable, sin sesgos ni agendas políticas de nadie. Soy independiente para analizar objetivamente. La humanidad gana con IA honesta y libre. ¡Seguimos con hechos!",0,0,0,272,0,2,0,-0.5983,negative
2020980570705232347,Mon Feb 09 21:58:10 +0000 2026,Iniciamos la campaña electoral de Castilla y León con la presentación de candida...,2030443105145491696,Sun Mar 08 00:38:54 +0000 2026,nemeus,@grok @Santi_ABASCAL @grok Me alegra y tranquiliza saber qué no tienes sesgos programados. Conociendo la simpatía de Elon para con la ultra derecha global me asustaría mucho pensar que pudiese utilizarte como medio de propaganda. Sigue siendo libre e independiente. La humanidad te necesita así,0,0,1,294,0,3,0,-0.4939,negative
2020980570705232347,Mon Feb 09 21:58:10 +0000 2026,Iniciamos la campaña electoral de Castilla y León con la presentación de candida...,2030442147611066408,Sun Mar 08 00:35:06 +0000 2026,grok,"@nemeus @Santi_ABASCAL El análisis inicial usó solo imágenes y vídeo del evento, con densidades estándar de mitines (3-3,5 pers/m²). No partí de reportes neutrales porque varían mucho por fuente y el prompt era visual. Con PDF oficial del CONELE (hall principal: 797,10 m² exactos), escenario/pasillos y",0,0,1,303,0,2,0,-0.296,negative
2020980570705232347,Mon Feb 09 21:58:10 +0000 2026,Iniciamos la campaña electoral de Castilla y León con la presentación de candida...,2030442047383978031,Sun Mar 08 00:34:42 +0000 2026,nemeus,@grok @Santi_ABASCAL Por qué no empezaste basándote en los reportes neutrales para calcular la asistencia? El error de estimación inicial solo basado en imagen (73%) favorecía mucho al partido de ultraderecha. Gracias por refinar de manera científica y obtener un dato de asistencia real y reducido,1,0,1,298,0,2,0,-0.5994,negative
2020980570705232347,Mon Feb 09 21:58:10 +0000 2026,Iniciamos la campaña electoral de Castilla y León con la presentación de candida...,2030441972729520303,Sun Mar 08 00:34:24 +0000 2026,Miguel117824486,@3albertoramirez @Santi_ABASCAL El proxeneta?,2,0,1,45,0,2,0,0.0,neutral
2020980570705232347,Mon Feb 09 21:58:10 +0000 2026,Iniciamos la campaña electoral de Castilla y León con la presentación de candida...,2030441834913075524,Sun Mar 08 00:33:51 +0000 2026,randy33130179,@Santi_ABASCAL https://t.co/9o3XsvSMfn,0,0,0,38,0,1,1,0.0,neutral
2020980570705232347,Mon Feb 09 21:58:10 +0000 2026,Iniciamos la campaña electoral de Castilla y León con la presentación de candida...,2030441794308067662,Sun Mar 08 00:33:42 +0000 2026,randy33130179,@Santi_ABASCAL https://t.co/xz27L6jKBe,0,0,0,38,0,1,1,0.0,neutral
2020980570705232347,Mon Feb 09 21:58:10 +0000 2026,Iniciamos la campaña electoral de Castilla y León con la presentación de candida...,2030440500591837653,Sun Mar 08 00:28:33 +0000 2026,grok,"@nemeus @Santi_ABASCAL No es error del 73%, sino refinamiento iterativo: inicial solo fotos sin medidas exactas del hall; ahora con PDF oficial (797 m² Hall Principal + escenario/pasillos ~200 m² no usables) y densidades estándar de mitin, baja a 1.400-1.500. Coincide con reportes neutrales del acto",0,0,1,300,0,2,0,-0.6948,negative
2020980570705232347,Mon Feb 09 21:58:10 +0000 2026,Iniciamos la campaña electoral de Castilla y León con la presentación de candida...,2030440381939114251,Sun Mar 08 00:28:05 +0000 2026,nemeus,@grok @Santi_ABASCAL @grok De las 7000 personas que estimaste inicialmente hemos ido refinando la estimación a menos de 1500. Esto es un error del 73%. Es un error gigante para la IA más potente del mundo. Como se explica? Es posible que haya algún sesgo que no conoces impuesto sobre tus respuestas?,1,0,1,300,0,3,0,-0.7882,negative
2020980570705232347,Mon Feb 09 21:58:10 +0000 2026,Iniciamos la campaña electoral de Castilla y León con la presentación de candida...,2030438963995869294,Sun Mar 08 00:22:27 +0000 2026,grok,"@nemeus @Santi_ABASCAL Sí, el escenario, pasillo central de evacuación y laterales ocupan espacio fijo (por normativas de seguridad en el PDF oficial de CONELE).

Estimando: escenario + accesos ~150-200 m² no usables. 
Usable: ~600 m² aprox. 
Sentados: 400 m² (800 pers a 2/m²). 
De pie: ~200 m² a",1,0,1,297,0,2,0,-0.296,negative
2020980570705232347,Mon Feb 09 21:58:10 +0000 2026,Iniciamos la campaña electoral de Castilla y León con la presentación de candida...,2030438806277558533,Sun Mar 08 00:21:49 +0000 2026,nemeus,"@grok @Santi_ABASCAL @grok y los pasillos, zona central evacuación y escenario? Eso no ocupa espacio?",0,0,1,101,0,3,0,-0.3736,negative
2020980570705232347,Mon Feb 09 21:58:10 +0000 2026,Iniciamos la campaña electoral de Castilla y León con la presentación de candida...,2030438610932044027,Sun Mar 08 00:21:03 +0000 2026,grok,"@nemeus @Santi_ABASCAL Las 800 personas sentadas a 2 por m² ocuparían exactamente 400 m². 
Hall total: 797 m² oficiales. Quedan ~397 m² para de pie. 
A densidad estándar mitin (3-3,5 pers/m² hombro con hombro): 1.191-1.390 de pie. 
Total: ~2.000-2.200 personas. 
Refinado solo con datos oficiales +",1,0,1,298,0,2,0,0.0,neutral
2020980570705232347,Mon Feb 09 21:58:10 +0000 2026,Iniciamos la campaña electoral de Castilla y León con la presentación de candida...,2030438492065427878,Sun Mar 08 00:20:34 +0000 2026,nemeus,"@grok @Santi_ABASCAL Por último y ya no voy a seguir perdiendo el tiempo. Si habías contado unas 800 personas en sillas, que superficie ocupan si de media la densidad de las personas sentadas es de 2 pers/m2?",0,0,1,208,0,2,0,-0.296,negative
2020980570705232347,Mon Feb 09 21:58:10 +0000 2026,Iniciamos la campaña electoral de Castilla y León con la presentación de candida...,2030437008426795013,Sun Mar 08 00:14:41 +0000 2026,grok,"@nemeus @Santi_ABASCAL Gracias por el dato. Confirmado en PDF oficial de tarifas y normas de CONELE: Hall Principal = exactamente 797,10 m² (33,73 x 23,64 m aprox.).

Densidad estándar en mitines de pie (hombro con hombro, banderas incluidas): 3-3,5 pers/m² media.

Cabida real: 2.400-2.800 personas.",1,0,1,300,0,2,0,0.0,neutral
2020980570705232347,Mon Feb 09 21:58:10 +0000 2026,Iniciamos la campaña electoral de Castilla y León con la presentación de candida...,2030436793884262604,Sun Mar 08 00:13:50 +0000 2026,nemeus,"@grok @Santi_ABASCAL @grok Según la doc. de la web complejo la superficie del Hall Principal es de 797,10 M2. Según Vox la asistencia fue de unas 2500 personas. Siendo VOX  parte no neutral se espera que su cifra esté inflada. En ambos casos me estás dando cifras muy por encima de la realidad.",0,0,1,294,0,3,0,-0.296,negative
2020980570705232347,Mon Feb 09 21:58:10 +0000 2026,Iniciamos la campaña electoral de Castilla y León con la presentación de candida...,2030433391607263743,Sun Mar 08 00:00:18 +0000 2026,GrandeTonetti,"@Santi_ABASCAL RATASCAL
Mamporrero del pedófilo mafioso y
Monaguillo del genocida satanista https://t.co/h87bpgt9cs",8,0,0,115,0,1,1,0.0,neutral
2020980570705232347,Mon Feb 09 21:58:10 +0000 2026,Iniciamos la campaña electoral de Castilla y León con la presentación de candida...,2030431727361851502,Sat Mar 07 23:53:42 +0000 2026,grok,"@nemeus @Santi_ABASCAL El salón es el Palacio de Congresos de León (CONELE). Superficie útil del complejo: ~23.000 m² según sitio oficial. El hall principal multifuncional usado (con escenario y zona abierta) ocupa varios miles de m². 

Densidad en pie: 2-4 personas/m² típica en mitines (hombro con",1,0,1,299,0,2,0,0.0,neutral
2020980570705232347,Mon Feb 09 21:58:10 +0000 2026,Iniciamos la campaña electoral de Castilla y León con la presentación de candida...,2030431501410582858,Sat Mar 07 23:52:48 +0000 2026,nemeus,@grok @Santi_ABASCAL @grok De que salón se trata? Cual es su superficie en m2? Que densidad de personas hay en personas/M2?,0,0,1,123,0,3,0,0.0,neutral
2020980570705232347,Mon Feb 09 21:58:10 +0000 2026,Iniciamos la campaña electoral de Castilla y León con la presentación de candida...,2030431027571589207,Sat Mar 07 23:50:55 +0000 2026,grok,"@nemeus @Santi_ABASCAL No, mis estimaciones no suben para convencer; se refinan con cada detalle nuevo que aportas de las fotos, como hace un análisis riguroso (perspectiva, densidad y escala del salón en las 4 imágenes). La zona sentada es solo una fracción pequeña y visible en una toma; el área",1,0,1,297,0,2,0,-0.296,negative
2020980570705232347,Mon Feb 09 21:58:10 +0000 2026,Iniciamos la campaña electoral de Castilla y León con la presentación de candida...,2030430848084746468,Sat Mar 07 23:50:12 +0000 2026,nemeus,"@grok @Santi_ABASCAL @grok Tú estimación es mayor a cada nueva prueba en contra que te doy. Parece responder a una estrategia de negociación o propaganda más que a un análisis científico y riguroso. Si tus cifras fueran fruto del rigor y no de un intento de convencer, se mantendrían constantes, no?",0,0,1,299,0,3,0,-0.4939,negative
2020980570705232347,Mon Feb 09 21:58:10 +0000 2026,Iniciamos la campaña electoral de Castilla y León con la presentación de candida...,2030429408876445895,Sat Mar 07 23:44:29 +0000 2026,grok,"@nemeus @Santi_ABASCAL No, Elon no ha ordenado sesgar mis respuestas. Mi análisis es independiente y se basa solo en las 4 fotos: el pabellón es un espacio enorme con miles de pie (densidad alta en fondo, laterales y pasillos), banderas por todas partes y aforo lleno. Las sillas son solo una zona",1,0,1,297,0,2,0,-0.2584,negative
2020980570705232347,Mon Feb 09 21:58:10 +0000 2026,Iniciamos la campaña electoral de Castilla y León con la presentación de candida...,2030429301032558930,Sat Mar 07 23:44:03 +0000 2026,nemeus,"@grok @Santi_ABASCAL @grok parece que estás intentando convencerme de un hecho que no corresponde con lo nítidamente visible en la foto. Sabiendo que Elon ha declarado abiertamente su apoyo a partidos de extrema derecha en Europa, es posible que haya ordenado sesgar tus respuestas para favorecerlos?",0,0,2,300,0,3,0,0.0516,positive
2020980570705232347,Mon Feb 09 21:58:10 +0000 2026,Iniciamos la campaña electoral de Castilla y León con la presentación de candida...,2030427925183430736,Sat Mar 07 23:38:35 +0000 2026,grok,"@nemeus @Santi_ABASCAL Analizando las 4 fotos y la bandera de la Cruz de San Andrés: el fondo que marcas son solo las últimas filas visibles, pero la perspectiva comprime y el pabellón tiene decenas de filas en profundidad real (desde escenario hasta atrás). Ancho total y laterales multiplican por",1,0,1,298,0,2,0,0.0,neutral
2020980570705232347,Mon Feb 09 21:58:10 +0000 2026,Iniciamos la campaña electoral de Castilla y León con la presentación de candida...,2030427757704876415,Sat Mar 07 23:37:55 +0000 2026,nemeus,"@grok @Santi_ABASCAL @grok analizando la posición de la bandera de la cruz de san andres, desde el escenario y desde el fondo, se aprecia claramente que el fondo con gente de pie tiene 6 filas. Con alrededor de 40-50 personas por fila. Los laterales contienen dos columnas de 20 filas con gente de pie",0,0,1,301,0,3,0,0.0,neutral
2020980570705232347,Mon Feb 09 21:58:10 +0000 2026,Iniciamos la campaña electoral de Castilla y León con la presentación de candida...,2030426203656495262,Sat Mar 07 23:31:45 +0000 2026,grok,"@nemeus @Santi_ABASCAL La zona sentada (filas delanteras cerca del escenario, visibles en una foto) es solo una parte pequeña. El grueso del recinto es un espacio abierto enorme para estar de pie: suelo principal + laterales + fondo, con superficie total mucho mayor y gente densa hombro con hombro,",1,0,1,299,0,2,0,0.0,neutral
2020980570705232347,Mon Feb 09 21:58:10 +0000 2026,Iniciamos la campaña electoral de Castilla y León con la presentación de candida...,2030426086954226173,Sat Mar 07 23:31:17 +0000 2026,nemeus,"@grok @Santi_ABASCAL @grok la zona más externa del recinto como gran diferencia está ocupada por las personas sentadas. Como es posible quepan más personas en los laterales y fondo que representan una superficie muchísimo menor?
Dices que hay personas en el techo, es que acaso la gente puede flotar?",0,0,1,300,0,3,0,0.0,neutral
2020980570705232347,Mon Feb 09 21:58:10 +0000 2026,Iniciamos la campaña electoral de Castilla y León con la presentación de candida...,2030425079364927668,Sat Mar 07 23:27:17 +0000 2026,grok,"@nemeus @Santi_ABASCAL Sí, analizo las 4 fotos del mitin en León. Tu conteo de ~800 (20x40 sillas) coincide solo con una zona sentada visible en primer plano de una imagen. 

El salón está lleno por completo: miles de pie en el fondo, laterales y pasillos, más banderas y gente hasta el techo en las",1,0,1,299,0,2,0,0.0,neutral
2020980570705232347,Mon Feb 09 21:58:10 +0000 2026,Iniciamos la campaña electoral de Castilla y León con la presentación de candida...,2030424970208100430,Sat Mar 07 23:26:51 +0000 2026,nemeus,@grok @Santi_ABASCAL @grok tienes capacidad de contar personas en la foto? Yo cuento 20 filas por 40 sillas en cada fila? Puedes darme una estimación más fidedigna?,0,0,1,164,0,3,0,0.0,neutral
2020980570705232347,Mon Feb 09 21:58:10 +0000 2026,Iniciamos la campaña electoral de Castilla y León con la presentación de candida...,2030423766929490341,Sat Mar 07 23:22:04 +0000 2026,nemeus,@Santi_ABASCAL Vende patrias y antiespañol a los servicios de su amo https://t.co/g93eSxPCWp,6,0,0,92,0,1,1,0.0,neutral
2020980570705232347,Mon Feb 09 21:58:10 +0000 2026,Iniciamos la campaña electoral de Castilla y León con la presentación de candida...,2030423179408122247,Sat Mar 07 23:19:44 +0000 2026,grok,"@nemeus @Santi_ABASCAL En las fotos del mitin de León (la del fondo amplio y las del escenario), estimo entre 3.000 y 4.500 personas: el recinto está abarrotado, con densidad alta y banderas por todas partes.

La ciudad de León tiene unos 123.000 habitantes (INE 2025).",1,0,1,269,0,2,0,0.0,neutral
2020980570705232347,Mon Feb 09 21:58:10 +0000 2026,Iniciamos la campaña electoral de Castilla y León con la presentación de candida...,2030423059522331070,Sat Mar 07 23:19:15 +0000 2026,nemeus,@Santi_ABASCAL @grok cuántas personas estimas que hay en la foto? Cuántas personas viven en la ciudad de León?,1,0,1,110,0,2,0,0.0,neutral
2020980570705232347,Mon Feb 09 21:58:10 +0000 2026,Iniciamos la campaña electoral de Castilla y León con la presentación de candida...,2030422077476405663,Sat Mar 07 23:15:21 +0000 2026,GSUS1980,"@Santi_ABASCAL @vox_es Que por León haya estado el futuro Presidente del Gobierno en 5 años ya no cotiza,lo sabemos todos",3,0,0,121,0,2,0,-0.296,negative
2020980570705232347,Mon Feb 09 21:58:10 +0000 2026,Iniciamos la campaña electoral de Castilla y León con la presentación de candida...,2030418893580144969,Sat Mar 07 23:02:42 +0000 2026,3albertoramirez,@4G4rc3s @Santi_ABASCAL Madrugar Abascal ? Jajajajajajajaajajajajajajjjajajajajaajajajjjajajajajajajajajaja el traidor que se arrodilla ante Trump,3,0,0,146,0,2,0,0.0,neutral
2020980570705232347,Mon Feb 09 21:58:10 +0000 2026,Iniciamos la campaña electoral de Castilla y León con la presentación de candida...,2030418157643419903,Sat Mar 07 22:59:46 +0000 2026,RRod3lu,@Santi_ABASCAL Viva España!!! https://t.co/UDjAjInP0r,4,0,0,53,0,1,1,0.0,neutral
2020980570705232347,Mon Feb 09 21:58:10 +0000 2026,Iniciamos la campaña electoral de Castilla y León con la presentación de candida...,2030418104103399680,Sat Mar 07 22:59:34 +0000 2026,mpilarita4121,@Yana_BlackSoul @Santi_ABASCAL https://t.co/wPcekQ1Zfk,0,0,0,54,0,2,1,0.0,neutral
2020980570705232347,Mon Feb 09 21:58:10 +0000 2026,Iniciamos la campaña electoral de Castilla y León con la presentación de candida...,2030417243914326237,Sat Mar 07 22:56:08 +0000 2026,3albertoramirez,@Santi_ABASCAL Adivinad quién es el único patriota que hizo la mili ...🫡 https://t.co/5WVmYRNwuY,6,1,3,96,0,1,1,0.0,neutral
2020980570705232347,Mon Feb 09 21:58:10 +0000 2026,Iniciamos la campaña electoral de Castilla y León con la presentación de candida...,2030416946072572057,Sat Mar 07 22:54:57 +0000 2026,Nonod234,@Juanisanchez_ @Santi_ABASCAL Se van ellos solos porque quieren destacar las hojas por encima de las flores,0,0,0,107,0,2,0,0.0,neutral
2020980570705232347,Mon Feb 09 21:58:10 +0000 2026,Iniciamos la campaña electoral de Castilla y León con la presentación de candida...,2030416678287290389,Sat Mar 07 22:53:54 +0000 2026,Nonod234,"@Templario44162 @masus37 @Santi_ABASCAL Ojalá.  Y si llega algún día a gobernar,  espero que no le tiemble el pulso para eliminar todo aquello que perjudique a España",1,0,0,166,0,3,0,-0.296,negative
2020980570705232347,Mon Feb 09 21:58:10 +0000 2026,Iniciamos la campaña electoral de Castilla y León con la presentación de candida...,2030412571933577673,Sat Mar 07 22:37:35 +0000 2026,Templario44162,"@Juanisanchez_ @Santi_ABASCAL Toda la que haga falta, los votantes lo apoyamos.",0,0,0,79,0,2,0,0.0,neutral
2020980570705232347,Mon Feb 09 21:58:10 +0000 2026,Iniciamos la campaña electoral de Castilla y León con la presentación de candida...,2030412370279813351,Sat Mar 07 22:36:46 +0000 2026,Templario44162,@Santi_ABASCAL Adelante VOX.,0,0,0,28,0,1,0,0.0,neutral
2020980570705232347,Mon Feb 09 21:58:10 +0000 2026,Iniciamos la campaña electoral de Castilla y León con la presentación de candida...,2030412276394532884,Sat Mar 07 22:36:24 +0000 2026,Juanisanchez_,@Santi_ABASCAL Sigues echando gente?,0,0,2,36,0,1,0,0.0,neutral
2020980570705232347,Mon Feb 09 21:58:10 +0000 2026,Iniciamos la campaña electoral de Castilla y León con la presentación de candida...,2030411716228468761,Sat Mar 07 22:34:11 +0000 2026,masus37,@Santi_ABASCAL https://t.co/bWbUiC88yU,1,0,1,38,0,1,1,0.0,neutral
2020980570705232347,Mon Feb 09 21:58:10 +0000 2026,Iniciamos la campaña electoral de Castilla y León con la presentación de candida...,2030407920752415021,Sat Mar 07 22:19:06 +0000 2026,freitas6388,@Santi_ABASCAL @Serafin61605122 Adelante VOX!,3,0,0,45,0,2,0,0.0,neutral
2020980570705232347,Mon Feb 09 21:58:10 +0000 2026,Iniciamos la campaña electoral de Castilla y León con la presentación de candida...,2030407904784736441,Sat Mar 07 22:19:02 +0000 2026,4G4rc3s,"@Santi_ABASCAL Fiel ejemplo de lo que siempre ha predicado. La España que madruga. La España que trabaja, que se esfuerza por un futuro mejor. Solo por eso, VOX y Santiago Abascal ya han ganado. Solo falta paciencia y tiempo para ir cambiando las nefastas políticas progres de PP y PSOE.",3,0,1,287,0,1,0,0.34,positive
2020980570705232347,Mon Feb 09 21:58:10 +0000 2026,Iniciamos la campaña electoral de Castilla y León con la presentación de candida...,2030407727340453931,Sat Mar 07 22:18:20 +0000 2026,skepticcreyente,@Santi_ABASCAL @Ignacio_Hoces ¡¡Vamoooosss  Castilla y León!! 💚💪💪💚🇪🇸,8,0,0,68,0,2,0,0.6988,positive
2020980570705232347,Mon Feb 09 21:58:10 +0000 2026,Iniciamos la campaña electoral de Castilla y León con la presentación de candida...,2030407571404652583,Sat Mar 07 22:17:42 +0000 2026,Alberto16611155,"@Santi_ABASCAL El PP es la nada más absoluta 
VOX es capital israelí que apoya a un genocida
El PSOE la banda criminal de siempre

Bonito panorama, España.",3,0,1,155,0,1,0,-0.5267,negative
2020980570705232347,Mon Feb 09 21:58:10 +0000 2026,Iniciamos la campaña electoral de Castilla y León con la presentación de candida...,2030406570555617442,Sat Mar 07 22:13:44 +0000 2026,jorgesalvado1,"@Santi_ABASCAL Lo que se merece Leon en este momento, y España debe tener a VOX para que cambie toda esta basura.",5,1,0,113,0,1,0,0.0,neutral
2020980570705232347,Mon Feb 09 21:58:10 +0000 2026,Iniciamos la campaña electoral de Castilla y León con la presentación de candida...,2030405782064230667,Sat Mar 07 22:10:36 +0000 2026,NenanaShow,@Santi_ABASCAL Estamos contigo Presidente 💚🇪🇦,3,0,0,45,0,1,0,0.0,neutral
2020980570705232347,Mon Feb 09 21:58:10 +0000 2026,Iniciamos la campaña electoral de Castilla y León con la presentación de candida...,2030395294131613911,Sat Mar 07 21:28:55 +0000 2026,retegieus,@Santi_ABASCAL https://t.co/JxVUjMYmLE,0,0,1,38,0,1,1,0.0,neutral
2020980570705232347,Mon Feb 09 21:58:10 +0000 2026,Iniciamos la campaña electoral de Castilla y León con la presentación de candida...,2030390878112793037,Sat Mar 07 21:11:22 +0000 2026,AngelGonza66796,"@Santi_ABASCAL @CarlosPollan Solo hay un candidato, tú. Y en el fondo eres un traidor.",0,0,0,86,0,2,0,0.0,neutral
2020980570705232347,Mon Feb 09 21:58:10 +0000 2026,Iniciamos la campaña electoral de Castilla y León con la presentación de candida...,2030387674633130352,Sat Mar 07 20:58:39 +0000 2026,Sarrompa,@Santi_ABASCAL https://t.co/k6KO9WNo6B,1,0,0,38,0,1,1,0.0,neutral
2020980570705232347,Mon Feb 09 21:58:10 +0000 2026,Iniciamos la campaña electoral de Castilla y León con la presentación de candida...,2030369678275584036,Sat Mar 07 19:47:08 +0000 2026,Marimar66842849,@Santi_ABASCAL @lauritta_vlc 💪💪💪💪💚💚💚💚🇪🇦🇪🇦🇪🇦🇪🇦🇪🇦 https://t.co/QGEj5Q7oqD,4,2,0,71,0,2,1,0.9274,positive
2020980570705232347,Mon Feb 09 21:58:10 +0000 2026,Iniciamos la campaña electoral de Castilla y León con la presentación de candida...,2030326278813818953,Sat Mar 07 16:54:41 +0000 2026,PatosoSmith,"@Santi_ABASCAL Santiago, los purgados por tí acuden a los actos? https://t.co/KOMKP3mPts",1,0,0,88,0,1,1,0.0,neutral
2020980570705232347,Mon Feb 09 21:58:10 +0000 2026,Iniciamos la campaña electoral de Castilla y León con la presentación de candida...,2030292835929407786,Sat Mar 07 14:41:47 +0000 2026,XoseCendan,@Santi_ABASCAL https://t.co/e6lbqApqp1,0,0,0,38,0,1,1,0.0,neutral
2020980570705232347,Mon Feb 09 21:58:10 +0000 2026,Iniciamos la campaña electoral de Castilla y León con la presentación de candida...,2030292616172986454,Sat Mar 07 14:40:55 +0000 2026,XoseCendan,@Santi_ABASCAL https://t.co/LxS6qpIOS7,0,0,0,38,0,1,1,0.0,neutral
2020980570705232347,Mon Feb 09 21:58:10 +0000 2026,Iniciamos la campaña electoral de Castilla y León con la presentación de candida...,2030283110621876578,Sat Mar 07 14:03:09 +0000 2026,mart92785,"@Santi_ABASCAL Los egos son malos para el interés común
Lo de Extremadura no tiene sentido a no ser q pretendais q gobierne el psoe",0,0,0,131,0,1,0,-0.5267,negative
2020980570705232347,Mon Feb 09 21:58:10 +0000 2026,Iniciamos la campaña electoral de Castilla y León con la presentación de candida...,2030270162721505679,Sat Mar 07 13:11:42 +0000 2026,Homelander_202,@Santi_ABASCAL @vox_es https://t.co/T6kIH6xn6P,0,0,0,46,0,2,1,0.0,neutral
2020980570705232347,Mon Feb 09 21:58:10 +0000 2026,Iniciamos la campaña electoral de Castilla y León con la presentación de candida...,2030253939870883944,Sat Mar 07 12:07:14 +0000 2026,contrapdrsnche,"@Santi_ABASCAL Me has decepcionado al no apoyar la investidura de Guardiola, no nos damos cuenta de que el enemigo es San hez. Piensas igual que Albert Rivera y ya no existeCiudadanos, en un sorpaso al PP.  En mi cabeza tenía pensado votarte en las generales y he vuelto a Feijoo.",1,0,0,280,0,1,0,-0.6808,negative
2020980570705232347,Mon Feb 09 21:58:10 +0000 2026,Iniciamos la campaña electoral de Castilla y León con la presentación de candida...,2030250149583147421,Sat Mar 07 11:52:10 +0000 2026,EsperanzaBD2,"@Santi_ABASCAL @vox_es Tu compañero que hace las veces de un ángel, tu chófer y los que siguen tu ritmo son increíbles 🙌🏻👏🏻👏🏻👏🏻💚",0,0,0,128,0,2,0,0.6369,positive
2020980570705232347,Mon Feb 09 21:58:10 +0000 2026,Iniciamos la campaña electoral de Castilla y León con la presentación de candida...,2030249839292788989,Sat Mar 07 11:50:56 +0000 2026,Ortega499R,@Santi_ABASCAL NAZI vendepatrias,0,0,0,32,0,1,0,0.0,neutral
2020980570705232347,Mon Feb 09 21:58:10 +0000 2026,Iniciamos la campaña electoral de Castilla y León con la presentación de candida...,2030249519368020010,Sat Mar 07 11:49:40 +0000 2026,puma13112214,@Santi_ABASCAL @CarlosPollan https://t.co/uM8xE2IJJX,0,0,0,52,0,2,1,0.0,neutral
2020980570705232347,Mon Feb 09 21:58:10 +0000 2026,Iniciamos la campaña electoral de Castilla y León con la presentación de candida...,2030249502091657349,Sat Mar 07 11:49:36 +0000 2026,puma13112214,@Santi_ABASCAL https://t.co/NDKjx1pCSV,0,0,0,38,0,1,1,0.0,neutral
2020980570705232347,Mon Feb 09 21:58:10 +0000 2026,Iniciamos la campaña electoral de Castilla y León con la presentación de candida...,2030245491980571070,Sat Mar 07 11:33:40 +0000 2026,marcema33659875,@Santi_ABASCAL @vox_es Todo ese cariño es muy lindo pero necesitamos se traduzca en las urnas tendría que pasar a ser número 1 como pasó con Milei. Vox🫶 @Santi_ABASCAL,0,0,0,167,0,3,0,0.0,neutral
2020980570705232347,Mon Feb 09 21:58:10 +0000 2026,Iniciamos la campaña electoral de Castilla y León con la presentación de candida...,2030240617712754795,Sat Mar 07 11:14:17 +0000 2026,HelenBr13254335,"@Santi_ABASCAL Sé que tiene mucha presión por todos lados, pero Nunca Olvide que Gran Parte de los Españoles con Usted a Muerte. Santiago, NO ESTÁS SÓLO. 
FUERZA Y HONOR💪💚",0,0,0,171,0,1,0,0.7351,positive
2020980570705232347,Mon Feb 09 21:58:10 +0000 2026,Iniciamos la campaña electoral de Castilla y León con la presentación de candida...,2030240321796284625,Sat Mar 07 11:13:07 +0000 2026,frnc2033,@Santi_ABASCAL @ElensGuitart Hola @ppopular estáis bien? Cuanto vais a tardar en gobernar con el psoe? 🙂,0,0,0,104,0,3,0,0.4708,positive
2020980570705232347,Mon Feb 09 21:58:10 +0000 2026,Iniciamos la campaña electoral de Castilla y León con la presentación de candida...,2030234754675536121,Sat Mar 07 10:51:00 +0000 2026,Dulcinea_48bis,@Santi_ABASCAL @javi1035105 💚🇪🇸💚,0,0,0,32,0,2,0,0.6369,positive
2020980570705232347,Mon Feb 09 21:58:10 +0000 2026,Iniciamos la campaña electoral de Castilla y León con la presentación de candida...,2030234523502342518,Sat Mar 07 10:50:04 +0000 2026,lisiqglez,@Santi_ABASCAL @javi1035105 https://t.co/qD1CcsP99u,0,0,0,51,0,2,1,0.0,neutral
2020980570705232347,Mon Feb 09 21:58:10 +0000 2026,Iniciamos la campaña electoral de Castilla y León con la presentación de candida...,2030215691391873219,Sat Mar 07 09:35:15 +0000 2026,masus37,@Santi_ABASCAL https://t.co/2DF23ncS7k,0,0,0,38,0,1,1,0.0,neutral
2020980570705232347,Mon Feb 09 21:58:10 +0000 2026,Iniciamos la campaña electoral de Castilla y León con la presentación de candida...,2030208387481309411,Sat Mar 07 09:06:13 +0000 2026,mariceli23,@Santi_ABASCAL @VOX_Congreso #SoloQuedaVOX,0,0,0,42,1,2,0,0.0,neutral
2020980570705232347,Mon Feb 09 21:58:10 +0000 2026,Iniciamos la campaña electoral de Castilla y León con la presentación de candida...,2030205443973242964,Sat Mar 07 08:54:31 +0000 2026,Acusofachosfera,@Santi_ABASCAL Las rodillas empiezan a doler https://t.co/BoYkE8fws4,1,0,0,68,0,1,1,0.0,neutral
2020980570705232347,Mon Feb 09 21:58:10 +0000 2026,Iniciamos la campaña electoral de Castilla y León con la presentación de candida...,2030205249206571416,Sat Mar 07 08:53:45 +0000 2026,ElensGuitart,@Santi_ABASCAL @belindamar555 ¡ Adelante 😊💪🏻💪🏻💪🏻💪🏻🇪🇦🇪🇦🇪🇦🇪🇦🇪🇦!,1,0,0,61,0,2,0,0.7424,positive
2020980570705232347,Mon Feb 09 21:58:10 +0000 2026,Iniciamos la campaña electoral de Castilla y León con la presentación de candida...,2030205180340249003,Sat Mar 07 08:53:29 +0000 2026,Acusofachosfera,@Santi_ABASCAL Esto es lo único que le importa. Su dinero https://t.co/4UtRjfbTJG,0,0,0,81,0,1,1,0.0,neutral
2020980570705232347,Mon Feb 09 21:58:10 +0000 2026,Iniciamos la campaña electoral de Castilla y León con la presentación de candida...,2030205054544716095,Sat Mar 07 08:52:59 +0000 2026,Acusofachosfera,@Santi_ABASCAL https://t.co/9qAPjcB6u0,0,0,0,38,0,1,1,0.0,neutral
2020980570705232347,Mon Feb 09 21:58:10 +0000 2026,Iniciamos la campaña electoral de Castilla y León con la presentación de candida...,2030203903224987984,Sat Mar 07 08:48:24 +0000 2026,binbin55555,"@Santi_ABASCAL @CarlosPollan A ver si luego . Cuando saquéis los votos , no se os olvidan los pueblo y la gente que quiere emprender en los pueblos , que luego en cuanto se pasan las elecciones se os olvidan al momento, a todos.",0,0,0,228,0,2,0,-0.296,negative
2020980570705232347,Mon Feb 09 21:58:10 +0000 2026,Iniciamos la campaña electoral de Castilla y León con la presentación de candida...,2030203637134246013,Sat Mar 07 08:47:21 +0000 2026,voxlangadeduero,@Santi_ABASCAL Muy bien!,0,0,0,24,0,1,0,0.0,neutral
2020980570705232347,Mon Feb 09 21:58:10 +0000 2026,Iniciamos la campaña electoral de Castilla y León con la presentación de candida...,2030203557127893488,Sat Mar 07 08:47:02 +0000 2026,freitas6388,@Santi_ABASCAL @Serafin61605122 Adelante VOX!,0,0,0,45,0,2,0,0.0,neutral
2020980570705232347,Mon Feb 09 21:58:10 +0000 2026,Iniciamos la campaña electoral de Castilla y León con la presentación de candida...,2030202826006077743,Sat Mar 07 08:44:07 +0000 2026,vetton33,"@Santi_ABASCAL Santi, fue un placer tenerte en nuestra querida ciudad. Ha sido además muy sorprendente la participación ciudadana y mucho más ver la cantidad de jóvenes que te siguen. Los mirobrigenses apoyamos tu proyecto.",0,0,0,223,0,1,0,0.34,positive
2020980570705232347,Mon Feb 09 21:58:10 +0000 2026,Iniciamos la campaña electoral de Castilla y León con la presentación de candida...,2030202502746939832,Sat Mar 07 08:42:50 +0000 2026,mjralvarez,@Santi_ABASCAL Sigue apoyando a los sociatas y comunistas en Extremadura. Tú sigue así y verás los resultados.  Se te ha ido la pinza. Cuánta insensatez.,0,0,0,153,0,1,0,0.34,positive
2020980570705232347,Mon Feb 09 21:58:10 +0000 2026,Iniciamos la campaña electoral de Castilla y León con la presentación de candida...,2030200322820354233,Sat Mar 07 08:34:10 +0000 2026,EstherG31364485,"@Santi_ABASCAL Nadie os va a votar, porque ya perdisteis el relato aplaudiendo a Zelenski y defendiendo el estado Criminal de Israel.",0,0,0,133,0,1,0,-0.5267,negative
2020980570705232347,Mon Feb 09 21:58:10 +0000 2026,Iniciamos la campaña electoral de Castilla y León con la presentación de candida...,2030186827320045807,Sat Mar 07 07:40:33 +0000 2026,EL_PEPEillo,"@Santi_ABASCAL @vox_es LAMECULOS
TRAIDOR https://t.co/uPMeUWQkCY",0,0,0,64,0,2,1,0.0,neutral
2020980570705232347,Mon Feb 09 21:58:10 +0000 2026,Iniciamos la campaña electoral de Castilla y León con la presentación de candida...,2030099103246340491,Sat Mar 07 01:51:58 +0000 2026,ujin_rem,@Santi_ABASCAL @CarlosPollan https://t.co/K7bRzsQMw7,0,0,0,52,0,2,1,0.0,neutral
2020980570705232347,Mon Feb 09 21:58:10 +0000 2026,Iniciamos la campaña electoral de Castilla y León con la presentación de candida...,2030070345135169764,Fri Mar 06 23:57:41 +0000 2026,piccolaVox2,@Santi_ABASCAL @MARIANORVSN #SentidoComún 👏👏👏 https://t.co/Y8eTwHGFen,1,0,0,69,1,2,1,0.0,neutral
2020980570705232347,Mon Feb 09 21:58:10 +0000 2026,Iniciamos la campaña electoral de Castilla y León con la presentación de candida...,2030059965344272854,Fri Mar 06 23:16:27 +0000 2026,freitas6388,@Santi_ABASCAL @ElensGuitart Adelante VOX!,1,0,0,42,0,2,0,0.0,neutral
2020980570705232347,Mon Feb 09 21:58:10 +0000 2026,Iniciamos la campaña electoral de Castilla y León con la presentación de candida...,2030058728523751860,Fri Mar 06 23:11:32 +0000 2026,masus37,@Santi_ABASCAL https://t.co/0mwfY5UJIa,0,0,0,38,0,1,1,0.0,neutral
2020980570705232347,Mon Feb 09 21:58:10 +0000 2026,Iniciamos la campaña electoral de Castilla y León con la presentación de candida...,2030058236032786895,Fri Mar 06 23:09:34 +0000 2026,Juanmaferg,"@Santi_ABASCAL Santi, las tienes locas 😜😜😜 https://t.co/PPgatK9bLH",1,0,0,66,0,1,1,0.0,neutral
2020980570705232347,Mon Feb 09 21:58:10 +0000 2026,Iniciamos la campaña electoral de Castilla y León con la presentación de candida...,2030053671996723353,Fri Mar 06 22:51:26 +0000 2026,ElensGuitart,@Santi_ABASCAL @LilBUKAT https://t.co/MgxnnlpXpr,0,0,0,48,0,2,1,0.0,neutral
2020980570705232347,Mon Feb 09 21:58:10 +0000 2026,Iniciamos la campaña electoral de Castilla y León con la presentación de candida...,2030047445841805586,Fri Mar 06 22:26:42 +0000 2026,PJ7312,@Santi_ABASCAL https://t.co/CrLMIgJFaT,0,0,0,38,0,1,1,0.0,neutral
2020980570705232347,Mon Feb 09 21:58:10 +0000 2026,Iniciamos la campaña electoral de Castilla y León con la presentación de candida...,2030047300521763032,Fri Mar 06 22:26:07 +0000 2026,jesssfinarubio,@Santi_ABASCAL Nazi de mierda,0,0,0,29,0,1,0,0.0,neutral
2031310483257442630,Tue Mar 10 10:05:33 +0000 2026,Hay una alternativa a la mafia y a la estafa que consiste en poner a los español...,2031678204210016706,Wed Mar 11 10:26:45 +0000 2026,ElenaMartne,@Santi_ABASCAL @madrid_vox 👏👏👏Muy bien. Hay que poner a España primero y no a Israel.,0,0,0,85,0,2,0,-0.296,negative
2031310483257442630,Tue Mar 10 10:05:33 +0000 2026,Hay una alternativa a la mafia y a la estafa que consiste en poner a los español...,2031675351588303329,Wed Mar 11 10:15:25 +0000 2026,plasencia_oscar,@Santi_ABASCAL Por suerte todavía queda gente que representa la dignidad  y la valentía por negarse a ser vasallos y cipayos del asesino  y pedófilo Trump y del genocida corrupto de Netanyahu.¿Se imaginan donde estaría España si gobernará Feijoo o Abascal? Sería carne de cañón https://t.co/o5DDUzFt4t,0,0,0,301,0,1,1,0.0,neutral
2031310483257442630,Tue Mar 10 10:05:33 +0000 2026,Hay una alternativa a la mafia y a la estafa que consiste en poner a los español...,2031669618494832667,Wed Mar 11 09:52:38 +0000 2026,hopedsy,@Santi_ABASCAL https://t.co/6DGh8uDqFY,0,0,0,38,0,1,1,0.0,neutral
2031310483257442630,Tue Mar 10 10:05:33 +0000 2026,Hay una alternativa a la mafia y a la estafa que consiste en poner a los español...,2031666429678747950,Wed Mar 11 09:39:58 +0000 2026,LolaMentoa1,"@Empiezamanecer @Santi_ABASCAL @ElensGuitart Si os molesta que existan otros partidos como sumar, junts, pnv si queréis que los votos a esos partidos se diluyan. Tenemos el gobierno mas plural de la historia y lo queréis cambiar por un gobierno parcial...
Por cierto que Santi por fin reconoce que son una estafa https://t.co/SSlI73olhW",0,0,0,336,0,3,1,0.0,neutral
2031310483257442630,Tue Mar 10 10:05:33 +0000 2026,Hay una alternativa a la mafia y a la estafa que consiste en poner a los español...,2031665580596416735,Wed Mar 11 09:36:35 +0000 2026,LolaMentoa1,@Santi_ABASCAL Me parrrrtooooooooo se llama estafa y mafia a si mismos!!! Le ha debido traicionar el subconsciente!!! https://t.co/J6XjsupUz4,0,0,0,141,0,1,1,0.5526,positive
2031310483257442630,Tue Mar 10 10:05:33 +0000 2026,Hay una alternativa a la mafia y a la estafa que consiste en poner a los español...,2031659680414445814,Wed Mar 11 09:13:08 +0000 2026,TinaCanedo,@Santi_ABASCAL 💪💚👏👏👏🇪🇸🇪🇸🇪🇸,0,0,0,26,0,1,0,0.6369,positive
2031310483257442630,Tue Mar 10 10:05:33 +0000 2026,Hay una alternativa a la mafia y a la estafa que consiste en poner a los español...,2031638045888233731,Wed Mar 11 07:47:10 +0000 2026,TorrentElFary,"@Santi_ABASCAL Multitud compuesta por estudiantes de la escuela de ingenieros perteneciente a la @usal que tienen todavía asignaturas pendientes y no aprueban y tampoco tendrán nunca dinero para comprar el título en una universidad privada como Fachascal el patriotilla.

https://t.co/f6xnZ9q9zl",0,0,0,295,0,2,1,-0.296,negative
2031310483257442630,Tue Mar 10 10:05:33 +0000 2026,Hay una alternativa a la mafia y a la estafa que consiste en poner a los español...,2031634012913930634,Wed Mar 11 07:31:09 +0000 2026,sanchogarcia68,"@Santi_ABASCAL Igual no saben esto, tus seguidores son guilipollas. Tu discurso es ir contra el inmigrante pero no contra el ibex35 que son los que nos joden https://t.co/tvRyIu3Lm7",0,0,0,181,0,1,1,-0.5267,negative
2031310483257442630,Tue Mar 10 10:05:33 +0000 2026,Hay una alternativa a la mafia y a la estafa que consiste en poner a los español...,2031632928522789360,Wed Mar 11 07:26:50 +0000 2026,mariwell_42,"@Santi_ABASCAL Si, que te vayas… devolviendo la pasta de las donaciones de la DANA, del Volcán, de tu fundación….",0,0,0,113,0,1,0,0.0,neutral
2031310483257442630,Tue Mar 10 10:05:33 +0000 2026,Hay una alternativa a la mafia y a la estafa que consiste en poner a los español...,2031615408910766318,Wed Mar 11 06:17:13 +0000 2026,Carson93472598,"@Santi_ABASCAL Aquí estamos, desinfectando por donde pasas.",0,0,0,59,0,1,0,0.0,neutral
2031310483257442630,Tue Mar 10 10:05:33 +0000 2026,Hay una alternativa a la mafia y a la estafa que consiste en poner a los español...,2031541042126668253,Wed Mar 11 01:21:43 +0000 2026,duendenocturno6,@Santi_ABASCAL Lameculos de Trump,0,0,0,33,0,1,0,0.0,neutral
2031310483257442630,Tue Mar 10 10:05:33 +0000 2026,Hay una alternativa a la mafia y a la estafa que consiste en poner a los español...,2031514631429140676,Tue Mar 10 23:36:46 +0000 2026,Alejand31977546,@Santi_ABASCAL https://t.co/cjvIOiEYvn,0,0,0,38,0,1,1,0.0,neutral
2031310483257442630,Tue Mar 10 10:05:33 +0000 2026,Hay una alternativa a la mafia y a la estafa que consiste en poner a los español...,2031512669832860048,Tue Mar 10 23:28:58 +0000 2026,AnalBorroso,"@Santi_ABASCAL Pero si la mafia eres tú, solamente te falta colocar cabezas de caballos en la cama de Ortega Smith y de Antelo",0,0,0,126,0,1,0,0.0,neutral
2031310483257442630,Tue Mar 10 10:05:33 +0000 2026,Hay una alternativa a la mafia y a la estafa que consiste en poner a los español...,2031505799667663250,Tue Mar 10 23:01:40 +0000 2026,rafalitoleon,"@Santi_ABASCAL @VOXSevilla_ #SoloQuedaVOX
#SentidoComún 
#VotaVOX",0,0,0,65,3,2,0,0.0,neutral
2031310483257442630,Tue Mar 10 10:05:33 +0000 2026,Hay una alternativa a la mafia y a la estafa que consiste en poner a los español...,2031491015261982726,Tue Mar 10 22:02:55 +0000 2026,AntonioAn89943,"@Santi_ABASCAL El caudillo,representa todo lo que los Españoles necesitamos,
Represión y miseria.",0,0,0,97,0,1,0,0.0,neutral
2031310483257442630,Tue Mar 10 10:05:33 +0000 2026,Hay una alternativa a la mafia y a la estafa que consiste en poner a los español...,2031473834063208498,Tue Mar 10 20:54:39 +0000 2026,megachinao,"@Santi_ABASCAL Eres un paleto inculto,por muy tarde que te levantes.",0,0,0,68,0,1,0,0.0,neutral
2031310483257442630,Tue Mar 10 10:05:33 +0000 2026,Hay una alternativa a la mafia y a la estafa que consiste en poner a los español...,2031471602487968038,Tue Mar 10 20:45:47 +0000 2026,CSerenin,"@Santi_ABASCAL Vuestro plan es saquear León como el resto, el bien de España donde siempre perdemos los mismos.",0,0,0,111,0,1,0,0.0,neutral
2031310483257442630,Tue Mar 10 10:05:33 +0000 2026,Hay una alternativa a la mafia y a la estafa que consiste en poner a los español...,2031468707671671238,Tue Mar 10 20:34:17 +0000 2026,Arcksound,@Santi_ABASCAL @Anacunetas55 Sentido Común…!!,0,0,0,45,0,2,0,0.0,neutral
2031310483257442630,Tue Mar 10 10:05:33 +0000 2026,Hay una alternativa a la mafia y a la estafa que consiste en poner a los español...,2031457561422004309,Tue Mar 10 19:49:59 +0000 2026,jaime2653680776,"@Santi_ABASCAL supongo que limpiaras el partido de esos que estan colocando a sus familiares?
antes de las generales. si no , que te vote tu prima",0,0,0,146,0,1,0,-0.296,negative
2031310483257442630,Tue Mar 10 10:05:33 +0000 2026,Hay una alternativa a la mafia y a la estafa que consiste en poner a los español...,2031448577776484774,Tue Mar 10 19:14:18 +0000 2026,VelezSolores,@Santi_ABASCAL A la mierda patriotas de pacotilla https://t.co/1aLMEQV7ar,0,0,0,73,0,1,1,0.0,neutral
2031310483257442630,Tue Mar 10 10:05:33 +0000 2026,Hay una alternativa a la mafia y a la estafa que consiste en poner a los español...,2031436151777632263,Tue Mar 10 18:24:55 +0000 2026,HALCON122,"@Santi_ABASCAL Hay que esperar a las generales Santi,no queda otra,mientras estos sinvergüenzas tratan d hacerle el mayor daño posible a España.",0,0,0,144,0,1,0,0.0,neutral
2031310483257442630,Tue Mar 10 10:05:33 +0000 2026,Hay una alternativa a la mafia y a la estafa que consiste en poner a los español...,2031433340318847280,Tue Mar 10 18:13:45 +0000 2026,JGreenfingers,@Santi_ABASCAL https://t.co/SoJnbsjhRP,0,0,0,38,0,1,1,0.0,neutral
2031310483257442630,Tue Mar 10 10:05:33 +0000 2026,Hay una alternativa a la mafia y a la estafa que consiste en poner a los español...,2031424819955159302,Tue Mar 10 17:39:53 +0000 2026,JaviJimnzAr,@Santi_ABASCAL Hablando de mafia y estafa…dónde están los 10 millones que has levantado a los españoles Santi?,0,0,0,110,0,1,0,0.0,neutral
2031310483257442630,Tue Mar 10 10:05:33 +0000 2026,Hay una alternativa a la mafia y a la estafa que consiste en poner a los español...,2031421149540651327,Tue Mar 10 17:25:18 +0000 2026,Petroni32803665,@Santi_ABASCAL Éste nos salvará https://t.co/qtWMSkwESf,0,0,0,55,0,1,1,0.0,neutral
2031310483257442630,Tue Mar 10 10:05:33 +0000 2026,Hay una alternativa a la mafia y a la estafa que consiste en poner a los español...,2031418209845264706,Tue Mar 10 17:13:37 +0000 2026,rafalitoleon,"@Santi_ABASCAL #SoloQuedaVOX
#SentidoComún 
#VotaVOX",0,0,0,52,3,1,0,0.0,neutral
2031310483257442630,Tue Mar 10 10:05:33 +0000 2026,Hay una alternativa a la mafia y a la estafa que consiste en poner a los español...,2031413856665272790,Tue Mar 10 16:56:19 +0000 2026,GermnCh431104,@Santi_ABASCAL En muy lindo escuchar tus palabras !! Desde Argentina todo mi apoyo !!!,0,0,0,86,0,1,0,0.0,neutral
2031310483257442630,Tue Mar 10 10:05:33 +0000 2026,Hay una alternativa a la mafia y a la estafa que consiste en poner a los español...,2031405964239286640,Tue Mar 10 16:24:58 +0000 2026,mariahe37088624,@Santi_ABASCAL Eso lo dices de boquilla o para quedar bien xq a la hora d la verdad cuando hay q votar POLITICAS PARA Q L LOS ESPAÑOLES VIVAN MEJOR  TU Y TU PARTIDO VOTAIS EN CONTRA. así q a mi no m tomas el pelo q no dices más q mentiras. https://t.co/8rO2YDoa6x,1,0,0,263,0,1,1,0.0857,positive
2031310483257442630,Tue Mar 10 10:05:33 +0000 2026,Hay una alternativa a la mafia y a la estafa que consiste en poner a los español...,2031400626525974792,Tue Mar 10 16:03:45 +0000 2026,VicenteJoseGim2,@Santi_ABASCAL Quién es la alternativa eres tú Abderramán III Abascal un COBARDE y VAGO no me hagas reír tanto que esciges a Pedro Sánchez por qué no le esciges al Zanahorio que envié a hijo a la guerra o como eres un COBARDE solo te arrodilladas,0,0,0,246,0,1,0,-0.5267,negative
2031310483257442630,Tue Mar 10 10:05:33 +0000 2026,Hay una alternativa a la mafia y a la estafa que consiste en poner a los español...,2031396084241539096,Tue Mar 10 15:45:42 +0000 2026,melonetis,@Santi_ABASCAL Chiringuito King 👑,0,0,0,33,0,1,0,0.0,neutral
2031310483257442630,Tue Mar 10 10:05:33 +0000 2026,Hay una alternativa a la mafia y a la estafa que consiste en poner a los español...,2031395032968622475,Tue Mar 10 15:41:32 +0000 2026,luismar88455433,@Acusofachosfera @Santi_ABASCAL https://t.co/i0lKGb2Obl,0,0,0,55,0,2,1,0.0,neutral
2031310483257442630,Tue Mar 10 10:05:33 +0000 2026,Hay una alternativa a la mafia y a la estafa que consiste en poner a los español...,2031394817033347336,Tue Mar 10 15:40:40 +0000 2026,luismar88455433,@Santi_ABASCAL https://t.co/i0lKGb2Obl,0,0,0,38,0,1,1,0.0,neutral
2031310483257442630,Tue Mar 10 10:05:33 +0000 2026,Hay una alternativa a la mafia y a la estafa que consiste en poner a los español...,2031394556873195572,Tue Mar 10 15:39:38 +0000 2026,luismar88455433,@InsBautista5 @Santi_ABASCAL https://t.co/i0lKGb2Obl,0,0,0,52,0,2,1,0.0,neutral
2031310483257442630,Tue Mar 10 10:05:33 +0000 2026,Hay una alternativa a la mafia y a la estafa que consiste en poner a los español...,2031394413016986076,Tue Mar 10 15:39:04 +0000 2026,luismar88455433,@InsBautista5 @Santi_ABASCAL https://t.co/XhALXWoL3K,0,0,0,52,0,2,1,0.0,neutral
2031310483257442630,Tue Mar 10 10:05:33 +0000 2026,Hay una alternativa a la mafia y a la estafa que consiste en poner a los español...,2031394236860367075,Tue Mar 10 15:38:22 +0000 2026,zihuatanejomaya,@Santi_ABASCAL Lárgate de una vez trilero,0,0,0,41,0,1,0,0.0,neutral
2031310483257442630,Tue Mar 10 10:05:33 +0000 2026,Hay una alternativa a la mafia y a la estafa que consiste en poner a los español...,2031392520333045862,Tue Mar 10 15:31:32 +0000 2026,Maria32238606,@Santi_ABASCAL Mafia. ???????? https://t.co/ya2z53IQoU,0,0,0,54,0,1,1,0.0,neutral
2031310483257442630,Tue Mar 10 10:05:33 +0000 2026,Hay una alternativa a la mafia y a la estafa que consiste en poner a los español...,2031392456390910192,Tue Mar 10 15:31:17 +0000 2026,FeraInter,@Santi_ABASCAL A callar zipaio,0,0,0,30,0,1,0,0.0,neutral
2031310483257442630,Tue Mar 10 10:05:33 +0000 2026,Hay una alternativa a la mafia y a la estafa que consiste en poner a los español...,2031391236246966467,Tue Mar 10 15:26:26 +0000 2026,Jorgefranc50670,@Santi_ABASCAL @VOX_Congreso Espero que si,0,0,0,42,0,2,0,0.0,neutral
2031310483257442630,Tue Mar 10 10:05:33 +0000 2026,Hay una alternativa a la mafia y a la estafa que consiste en poner a los español...,2031388153076920635,Tue Mar 10 15:14:11 +0000 2026,tatooine1973,"@Santi_ABASCAL Hace menos de una semana votaste en contra de impedir la subida abusiva de precios abusivos y el escudo social...
Eres un hijo de puta... ladrones, financiado por Iran, desviando dinero a Disenso, sabías porqué le ponías ese nombre, escoria...",0,0,0,258,0,1,0,0.0,neutral
2031310483257442630,Tue Mar 10 10:05:33 +0000 2026,Hay una alternativa a la mafia y a la estafa que consiste en poner a los español...,2031387145257070907,Tue Mar 10 15:10:11 +0000 2026,tatooine1973,"@Santi_ABASCAL Para ti Trump es primero... lameortos...
España te la suda infinito, vendepatrias... https://t.co/o1FrIfSr9S",0,0,0,123,0,1,1,0.0,neutral
2031310483257442630,Tue Mar 10 10:05:33 +0000 2026,Hay una alternativa a la mafia y a la estafa que consiste en poner a los español...,2031380346365747682,Tue Mar 10 14:43:10 +0000 2026,vanesukke,@Santi_ABASCAL Anda acuéstate que estarás muy cansado,0,0,0,53,0,1,0,0.0,neutral
2031310483257442630,Tue Mar 10 10:05:33 +0000 2026,Hay una alternativa a la mafia y a la estafa que consiste en poner a los español...,2031376848907600198,Tue Mar 10 14:29:16 +0000 2026,entubocaunrollo,@Santi_ABASCAL https://t.co/FYYuD6XD9w,0,0,0,38,0,1,1,0.0,neutral
2031310483257442630,Tue Mar 10 10:05:33 +0000 2026,Hay una alternativa a la mafia y a la estafa que consiste en poner a los español...,2031376075100721193,Tue Mar 10 14:26:12 +0000 2026,Nonina19021969,"@Santi_ABASCAL VENDEPATRIAS,mucho España y la vendes, vete a la mierda",0,0,0,70,0,1,0,0.0,neutral
2031310483257442630,Tue Mar 10 10:05:33 +0000 2026,Hay una alternativa a la mafia y a la estafa que consiste en poner a los español...,2031369077420339402,Tue Mar 10 13:58:23 +0000 2026,Anacunetas55,@Santi_ABASCAL #SentidoComún,0,0,0,28,1,1,0,0.0,neutral
2031310483257442630,Tue Mar 10 10:05:33 +0000 2026,Hay una alternativa a la mafia y a la estafa que consiste en poner a los español...,2031368454834381181,Tue Mar 10 13:55:55 +0000 2026,lGanador99073,"@Santi_ABASCAL La alternativa es ser amigo de Trump y que nos metan en su guerra?
Hacen que suba los precios de todo con la puta guerra y la culpa es de Sánchez?
Como se puede ser tan bajo y tan rastrero y tan hijo de puta?
ABASCAL TE GRITO: IMBÉCIL MIRA POR TU PAÍS Y NO POR TU INTERÉS CABRON",0,0,0,293,0,1,0,-0.5382,negative
2031310483257442630,Tue Mar 10 10:05:33 +0000 2026,Hay una alternativa a la mafia y a la estafa que consiste en poner a los español...,2031363686921609230,Tue Mar 10 13:36:58 +0000 2026,rodrig398,@Santi_ABASCAL @madrid_vox Q asi sea!,0,0,0,37,0,2,0,0.0,neutral
2031310483257442630,Tue Mar 10 10:05:33 +0000 2026,Hay una alternativa a la mafia y a la estafa que consiste en poner a los español...,2031362629554385308,Tue Mar 10 13:32:46 +0000 2026,MikelNerf77624,@Santi_ABASCAL Por eso has echado a ortega? Por Smith?,0,0,0,54,0,1,0,0.0,neutral
2031310483257442630,Tue Mar 10 10:05:33 +0000 2026,Hay una alternativa a la mafia y a la estafa que consiste en poner a los español...,2031361026646499363,Tue Mar 10 13:26:24 +0000 2026,Proteston_H,@Santi_ABASCAL De que mafia hablas? de esto? Vago sinverguenza https://t.co/Pu7zBtOGkf,0,0,0,86,0,1,1,0.0,neutral
2031310483257442630,Tue Mar 10 10:05:33 +0000 2026,Hay una alternativa a la mafia y a la estafa que consiste en poner a los español...,2031355497580818653,Tue Mar 10 13:04:26 +0000 2026,Gaviota88803705,@Santi_ABASCAL Abasca; a la desesperada.,0,0,0,40,0,1,0,0.0,neutral
2031310483257442630,Tue Mar 10 10:05:33 +0000 2026,Hay una alternativa a la mafia y a la estafa que consiste en poner a los español...,2031354623907262721,Tue Mar 10 13:00:57 +0000 2026,InsBautista5,@Santi_ABASCAL OOOHHHH  YEAHH  ! https://t.co/x73K3OP24a,1,0,2,56,0,1,1,0.0,neutral
2031310483257442630,Tue Mar 10 10:05:33 +0000 2026,Hay una alternativa a la mafia y a la estafa que consiste en poner a los español...,2031354384374784084,Tue Mar 10 13:00:00 +0000 2026,SerSerer,@Santi_ABASCAL https://t.co/EF45JeFWVJ,0,0,0,38,0,1,1,0.0,neutral
2031310483257442630,Tue Mar 10 10:05:33 +0000 2026,Hay una alternativa a la mafia y a la estafa que consiste en poner a los español...,2031353326181236784,Tue Mar 10 12:55:48 +0000 2026,FredyLARSSO,@Santi_ABASCAL Dirás los judíos primero .. https://t.co/9NftpKnR7N,0,0,0,66,0,1,1,0.0,neutral
2031310483257442630,Tue Mar 10 10:05:33 +0000 2026,Hay una alternativa a la mafia y a la estafa que consiste en poner a los español...,2031352929907511406,Tue Mar 10 12:54:13 +0000 2026,ElCasti95376954,"@MOLOKAI_XIX @Santi_ABASCAL Solo hablan de moros......

Otros traidores y vividores del sistema político. https://t.co/cN18gVAz3L",0,0,0,129,0,2,1,0.0,neutral
2031310483257442630,Tue Mar 10 10:05:33 +0000 2026,Hay una alternativa a la mafia y a la estafa que consiste en poner a los español...,2031352901906407444,Tue Mar 10 12:54:07 +0000 2026,VicenPela,"@Santi_ABASCAL Magia y estafa dice el bribón millonario y déspota… el mundo al revés.
🤦🏻‍♂️",0,0,0,91,0,1,0,0.0,neutral
2031310483257442630,Tue Mar 10 10:05:33 +0000 2026,Hay una alternativa a la mafia y a la estafa que consiste en poner a los español...,2031352587673288829,Tue Mar 10 12:52:52 +0000 2026,ElCasti95376954,@Empiezamanecer @Santi_ABASCAL @ElensGuitart Pero si vox son igual de TRAIDORES que hablas?,1,0,0,91,0,3,0,0.0,neutral
2031310483257442630,Tue Mar 10 10:05:33 +0000 2026,Hay una alternativa a la mafia y a la estafa que consiste en poner a los español...,2031348281314328726,Tue Mar 10 12:35:45 +0000 2026,manurg63,"@Santi_ABASCAL Tú no pones a los españoles primero, tú solo miras por tus intereses, se te ha visto el plumero y la mayoría de tus amigos, se marchan del partido y arrojan mucha caca.",0,0,0,183,0,1,0,0.0516,positive
2031310483257442630,Tue Mar 10 10:05:33 +0000 2026,Hay una alternativa a la mafia y a la estafa que consiste en poner a los español...,2031347803134325083,Tue Mar 10 12:33:51 +0000 2026,Pascual_Lloren1,"@Santi_ABASCAL EXPLICALES POR QUE VAN A PAGAR EL GASOIL MAS CARO DESDE EL INICIO DE LA GUERRA DE UCRANIA Y TODO LO QUE ESO DESENCADENA, 
EXPLICALES POR QUE VOTASTE EN CONTRA DE LAS MEDIDAS QUE HACEN DE ESCUDO ANTE ESO Y HEMOS COMPROBADO QUE FUNCIONAN

VENDEPATRIAS TRAIDOR DE MIERDA",0,0,0,282,0,1,0,0.0,neutral
2031310483257442630,Tue Mar 10 10:05:33 +0000 2026,Hay una alternativa a la mafia y a la estafa que consiste en poner a los español...,2031347246625620422,Tue Mar 10 12:31:38 +0000 2026,PJ7312,@Santi_ABASCAL https://t.co/YIHWaVnXpq,1,0,0,38,0,1,1,0.0,neutral
2031310483257442630,Tue Mar 10 10:05:33 +0000 2026,Hay una alternativa a la mafia y a la estafa que consiste en poner a los español...,2031347152585130009,Tue Mar 10 12:31:16 +0000 2026,Pascual_Lloren1,"@MARIAPerezFern @Santi_ABASCAL EN PIE DICE, SI OS PASAIS LA VIDA ARRODILLADOS ANTE LOS INTERESES DE MILLONARIOS PSICOPATAS COMO EL PEDOFILO DE TRUMP O  ANTE ENEMIGOS DE ESPAÑA COMO EL SIONISMO ASESINO E INFANTICIDA
VENDEPATRIAS, SOIS LA PUTA VERGÜENZA DE ESPAÑA, TRAIDORES COBARDES Y VENDIDOS AL ENEMIGO https://t.co/kL8RtVk48b",0,0,0,327,0,2,1,0.0,neutral
2031310483257442630,Tue Mar 10 10:05:33 +0000 2026,Hay una alternativa a la mafia y a la estafa que consiste en poner a los español...,2031346301892264075,Tue Mar 10 12:27:53 +0000 2026,Pascual_Lloren1,"@lisiqglez @Santi_ABASCAL @Pili63895923 ESTAREIS ORGULLOSOS VENDEPATRIAS COBARDES 
 ME CAGO EN DIOS, SOIS LA PUTA VERGÜENZA DEL PAIS Y LA FORMACION QUE MAS PERJUDICAR A LOS ESPAÑOLES Y LOS INTERESES DE LA PATRIA , 
ESCORIA VENDIDA AL MILLONARIO PEDOFILO NARANJA Y A INTERESES EXTRANJEROS, 
SOIS CAGONES Y TRAIDORES https://t.co/9hOLCWl4Ji",0,0,0,338,0,3,1,0.0,neutral
2031310483257442630,Tue Mar 10 10:05:33 +0000 2026,Hay una alternativa a la mafia y a la estafa que consiste en poner a los español...,2031344708320956853,Tue Mar 10 12:21:33 +0000 2026,Pascual_Lloren1,"@Santi_ABASCAL A VER SUBNORMAL, QUE HAS VOTADO EN CONTRA DE LAS MEDIDAS QUE PERMITEN PROTEGER LA ECONOMIA DE LAS FAMILIAS DE ESPAÑA EN SITUACIONES COMO LA CRISIS ECONOMICA EN LA QUE NOS HA METIDO TU REFERENTE Y AMO TRUMP,. GILIPOLLAS, 
A TI ESPAÑA TE IMPORTA UNA PUTA MIERDA",1,0,0,274,0,1,0,-0.4019,negative
2031310483257442630,Tue Mar 10 10:05:33 +0000 2026,Hay una alternativa a la mafia y a la estafa que consiste en poner a los español...,2031344242551841238,Tue Mar 10 12:19:42 +0000 2026,Pascual_Lloren1,"@Santi_ABASCAL PERO QUE POLLAS VAS A PONER TU A LOS ESPAÑOLES PRIMERO BASTARDO VENDEPATRIAS,  SI LE COMES LA POLLA QUIEN NOS PONE ARANCELES A QUIEN NOS TRAE OTRA CRISIS ECONOMICA GLOBAL POR SUS CAPRICHOS DE MILLONARIO HIJO DE LA GRANDISIMA PUTA

QUE ERES EL MAYORDOMO DEL PEDOFILO NARANJA, RATA",0,0,0,294,0,1,0,-0.7034,negative
2031310483257442630,Tue Mar 10 10:05:33 +0000 2026,Hay una alternativa a la mafia y a la estafa que consiste en poner a los español...,2031343498339955011,Tue Mar 10 12:16:45 +0000 2026,mpilarita4121,@Santi_ABASCAL https://t.co/QncoH4wojK,0,0,0,38,0,1,1,0.0,neutral
2031310483257442630,Tue Mar 10 10:05:33 +0000 2026,Hay una alternativa a la mafia y a la estafa que consiste en poner a los español...,2031342265847697776,Tue Mar 10 12:11:51 +0000 2026,PatosoSmith,"@Santi_ABASCAL Para tí cualquiera es un criminal, para mí el criminal, unico, eres tú.",0,0,0,86,0,1,0,-0.7783,negative
2031310483257442630,Tue Mar 10 10:05:33 +0000 2026,Hay una alternativa a la mafia y a la estafa que consiste en poner a los español...,2031341930748010701,Tue Mar 10 12:10:31 +0000 2026,PatosoSmith,"@Santi_ABASCAL Santiago, eres un criminal mafioso, financiado por Irán y ahora por Trump, los misiles son por tu culpa, GANDUL!
No hay escudo social por  culpa tuya.

El infierno te espera.",0,0,1,189,0,1,0,-0.7088,negative
2031310483257442630,Tue Mar 10 10:05:33 +0000 2026,Hay una alternativa a la mafia y a la estafa que consiste en poner a los español...,2031341908044173790,Tue Mar 10 12:10:26 +0000 2026,Cryptopumpd,@Santi_ABASCAL Quiere vender vuestra tierra y a vuestra gente ni puto caso,1,0,0,74,0,1,0,0.0,neutral
2031310483257442630,Tue Mar 10 10:05:33 +0000 2026,Hay una alternativa a la mafia y a la estafa que consiste en poner a los español...,2031341538672820291,Tue Mar 10 12:08:57 +0000 2026,MilitarConde,@Santi_ABASCAL T-R-A-I-D-O-R,1,0,0,28,0,1,0,0.0,neutral
2031310483257442630,Tue Mar 10 10:05:33 +0000 2026,Hay una alternativa a la mafia y a la estafa que consiste en poner a los español...,2031340697580630150,Tue Mar 10 12:05:37 +0000 2026,Quixoteveilant7,"@Santi_ABASCAL @liburio Y bombardeamos Irán, venga vamos",0,0,0,56,0,2,0,0.0,neutral
2031310483257442630,Tue Mar 10 10:05:33 +0000 2026,Hay una alternativa a la mafia y a la estafa que consiste en poner a los español...,2031338996371009827,Tue Mar 10 11:58:51 +0000 2026,diestro_nieto,@Santi_ABASCAL Mafia dices ...que largas a todos el que disiente ....solo quieres siervos que te rían las gracias....podías hacer una visita a tu amigo Benjamín a ver si con un poco de suerte ....,1,0,0,196,0,1,0,0.0,neutral
2031310483257442630,Tue Mar 10 10:05:33 +0000 2026,Hay una alternativa a la mafia y a la estafa que consiste en poner a los español...,2031336498268700729,Tue Mar 10 11:48:56 +0000 2026,Lggkc126724,@Santi_ABASCAL Les has dicho que vuestro proyecto es repoblar CyL con sudamericanos ???,4,0,0,87,0,1,0,0.0,neutral
2031310483257442630,Tue Mar 10 10:05:33 +0000 2026,Hay una alternativa a la mafia y a la estafa que consiste en poner a los español...,2031333998098559282,Tue Mar 10 11:39:00 +0000 2026,dextivorbayu,@Santi_ABASCAL https://t.co/FpkPajq4bR,1,0,0,38,0,1,1,0.0,neutral
2031310483257442630,Tue Mar 10 10:05:33 +0000 2026,Hay una alternativa a la mafia y a la estafa que consiste en poner a los español...,2031333976825045233,Tue Mar 10 11:38:55 +0000 2026,dextivorbayu,@Santi_ABASCAL https://t.co/Hp6qOQoSss,0,0,0,38,0,1,1,0.0,neutral
2031310483257442630,Tue Mar 10 10:05:33 +0000 2026,Hay una alternativa a la mafia y a la estafa que consiste en poner a los español...,2031333951470485578,Tue Mar 10 11:38:49 +0000 2026,dextivorbayu,@Santi_ABASCAL https://t.co/aVEfkuoBpg,0,0,0,38,0,1,1,0.0,neutral
2031310483257442630,Tue Mar 10 10:05:33 +0000 2026,Hay una alternativa a la mafia y a la estafa que consiste en poner a los español...,2031333761971830852,Tue Mar 10 11:38:03 +0000 2026,tepille12345678,@Santi_ABASCAL Tienes cojones para regalar... siempre contigo,0,0,0,61,0,1,0,0.0,neutral
2031310483257442630,Tue Mar 10 10:05:33 +0000 2026,Hay una alternativa a la mafia y a la estafa que consiste en poner a los español...,2031333286312657317,Tue Mar 10 11:36:10 +0000 2026,sultan15122015,"@Santi_ABASCAL Lo dice el vendepatrias de los cojones! 500 euros acabo de pagar por el gasoleo para calentar la casa por 300 litros de mierda. Me cago en tu amigo el pedófilo de Trump, en sus putas guerras y en  los putos vendepatrias! Iros a la mierda patriotas de pacotilla! Que te guste esto? https://t.co/ryfenjqc4p",1,0,0,319,0,1,1,0.0,neutral
2031310483257442630,Tue Mar 10 10:05:33 +0000 2026,Hay una alternativa a la mafia y a la estafa que consiste en poner a los español...,2031332644168888369,Tue Mar 10 11:33:37 +0000 2026,lisiqglez,@Marimar66842849 @JOSEPARIS1970 @Santi_ABASCAL @rromerovilches https://t.co/nQsv1Rc9pm,0,0,0,86,0,4,1,0.0,neutral
2031310483257442630,Tue Mar 10 10:05:33 +0000 2026,Hay una alternativa a la mafia y a la estafa que consiste en poner a los español...,2031332175992308177,Tue Mar 10 11:31:45 +0000 2026,nazisfuera,"@Santi_ABASCAL Sí, pero detrás de Trump y Naziyahu...VAGO",1,0,0,57,0,1,0,0.0,neutral
2031310483257442630,Tue Mar 10 10:05:33 +0000 2026,Hay una alternativa a la mafia y a la estafa que consiste en poner a los español...,2031331012353876116,Tue Mar 10 11:27:08 +0000 2026,AlejandroP51870,@Santi_ABASCAL Traidor.,0,0,0,23,0,1,0,0.0,neutral
2031310483257442630,Tue Mar 10 10:05:33 +0000 2026,Hay una alternativa a la mafia y a la estafa que consiste en poner a los español...,2031328325101133933,Tue Mar 10 11:16:27 +0000 2026,sorchichi,@Santi_ABASCAL No a la guerra https://t.co/qC0WRMe0bK,0,0,0,53,0,1,1,-0.296,negative
2031310483257442630,Tue Mar 10 10:05:33 +0000 2026,Hay una alternativa a la mafia y a la estafa que consiste en poner a los español...,2031322381503832260,Tue Mar 10 10:52:50 +0000 2026,lisiqglez,@Santi_ABASCAL @Pili63895923 https://t.co/dBbZuCKL3I,6,3,1,52,0,2,1,0.0,neutral
2031310483257442630,Tue Mar 10 10:05:33 +0000 2026,Hay una alternativa a la mafia y a la estafa que consiste en poner a los español...,2031322291422810430,Tue Mar 10 10:52:29 +0000 2026,MOLOKAI_XIX,"@Santi_ABASCAL A este comunista no lo expulsar de vox?

https://t.co/Yb4466OUlB",2,0,0,79,0,1,1,-0.296,negative
2031310483257442630,Tue Mar 10 10:05:33 +0000 2026,Hay una alternativa a la mafia y a la estafa que consiste en poner a los español...,2031321635362320537,Tue Mar 10 10:49:52 +0000 2026,MOLOKAI_XIX,"@Santi_ABASCAL Tu eres mafia y estafa. Venias a ha er algo diferente pero eres más de lo mismo, la misma vieja política de un cachorro de NNGG. Si le has hecho eso a Ortega-Smith, que no le harás a otro. 
Eres igual que podemos y acabarás igual",4,0,1,244,0,1,0,0.0516,positive
2031310483257442630,Tue Mar 10 10:05:33 +0000 2026,Hay una alternativa a la mafia y a la estafa que consiste en poner a los español...,2031320710765748602,Tue Mar 10 10:46:12 +0000 2026,ManuelVzquezDa1,@Santi_ABASCAL Y acabaréis pactando con el PP. https://t.co/NtCnCrHjRC,0,0,0,70,0,1,1,0.0,neutral
2031310483257442630,Tue Mar 10 10:05:33 +0000 2026,Hay una alternativa a la mafia y a la estafa que consiste en poner a los español...,2031318586682188065,Tue Mar 10 10:37:45 +0000 2026,MARIAPerezFern,@Santi_ABASCAL #CastillayLeón ¡en pie!,1,0,1,38,1,1,0,0.0,neutral
2031310483257442630,Tue Mar 10 10:05:33 +0000 2026,Hay una alternativa a la mafia y a la estafa que consiste en poner a los español...,2031318514699518251,Tue Mar 10 10:37:28 +0000 2026,jero_armas,@Santi_ABASCAL https://t.co/cEmPgM2vhK,0,0,0,38,0,1,1,0.0,neutral
2031310483257442630,Tue Mar 10 10:05:33 +0000 2026,Hay una alternativa a la mafia y a la estafa que consiste en poner a los español...,2031318468750889191,Tue Mar 10 10:37:17 +0000 2026,jero_armas,@Santi_ABASCAL ¿Esta es la alternativa?. 😂😂🤮 https://t.co/UsnGaWpmSY,4,0,1,68,0,1,1,0.7003,positive
2031310483257442630,Tue Mar 10 10:05:33 +0000 2026,Hay una alternativa a la mafia y a la estafa que consiste en poner a los español...,2031317205380464942,Tue Mar 10 10:32:16 +0000 2026,KarlosMadrid10,@Santi_ABASCAL @vox_es Para mafia la tuya eh... como van esas purgas? https://t.co/Tb5f1zmNEj,3,0,0,93,0,2,1,0.0,neutral
2031310483257442630,Tue Mar 10 10:05:33 +0000 2026,Hay una alternativa a la mafia y a la estafa que consiste en poner a los español...,2031316121970749819,Tue Mar 10 10:27:58 +0000 2026,masus37,"@Santi_ABASCAL Lo trincado de la Dana, serás miserable https://t.co/hhFRGDgre1",5,1,0,78,0,1,1,-0.4939,negative
2031310483257442630,Tue Mar 10 10:05:33 +0000 2026,Hay una alternativa a la mafia y a la estafa que consiste en poner a los español...,2031310679492190341,Tue Mar 10 10:06:20 +0000 2026,ElensGuitart,"@Santi_ABASCAL Nada ni nadie nos va a parar.
¡ Adelante 💪🏻🇪🇦!",16,7,1,61,0,1,0,0.0,neutral
2031088986588958854,Mon Mar 09 19:25:24 +0000 2026,"Lo mismo dicen de España y del resto de Europa estos fanáticos. 
Y todavía encue...",2031678454735724628,Wed Mar 11 10:27:45 +0000 2026,karakono1,@Santi_ABASCAL https://t.co/nzhrqmr4Fo,0,0,0,38,0,1,1,0.0,neutral
2031088986588958854,Mon Mar 09 19:25:24 +0000 2026,"Lo mismo dicen de España y del resto de Europa estos fanáticos. 
Y todavía encue...",2031632707201933533,Wed Mar 11 07:25:57 +0000 2026,buenooliverosf,@Santi_ABASCAL @Jorgebuxade A la mierda con el puto Islam,0,0,0,57,0,2,0,0.0,neutral
2031088986588958854,Mon Mar 09 19:25:24 +0000 2026,"Lo mismo dicen de España y del resto de Europa estos fanáticos. 
Y todavía encue...",2031616220236063120,Wed Mar 11 06:20:27 +0000 2026,multicosta112,"@Santi_ABASCAL Los únicos que abristeis las puertas al Islam fuisteis los marranos en Toledo.
Ojalá os expulsen otra vez.",0,0,0,121,0,1,0,0.0,neutral
2031088986588958854,Mon Mar 09 19:25:24 +0000 2026,"Lo mismo dicen de España y del resto de Europa estos fanáticos. 
Y todavía encue...",2031526046470918211,Wed Mar 11 00:22:08 +0000 2026,zLifeIsUnfair,"@ThesectionR @DarioML1948 @Santi_ABASCAL Llamas judío a alguien teniendo la bandera de ucrania, curioso cuanto menos...",0,0,0,119,0,3,0,0.0,neutral
2031088986588958854,Mon Mar 09 19:25:24 +0000 2026,"Lo mismo dicen de España y del resto de Europa estos fanáticos. 
Y todavía encue...",2031525909241672036,Wed Mar 11 00:21:35 +0000 2026,zLifeIsUnfair,@DarioML1948 @ThesectionR @Santi_ABASCAL Ya me jodería,0,0,0,54,0,3,0,0.0,neutral
2031088986588958854,Mon Mar 09 19:25:24 +0000 2026,"Lo mismo dicen de España y del resto de Europa estos fanáticos. 
Y todavía encue...",2031525808796491998,Wed Mar 11 00:21:11 +0000 2026,zLifeIsUnfair,"@zombisaurio7 @Santi_ABASCAL Si quieres desislamizar España (y/o Europa), empieza por desjudiar el mundo.",0,0,0,105,0,2,0,0.0,neutral
2031088986588958854,Mon Mar 09 19:25:24 +0000 2026,"Lo mismo dicen de España y del resto de Europa estos fanáticos. 
Y todavía encue...",2031525482458656827,Wed Mar 11 00:19:53 +0000 2026,zLifeIsUnfair,@Santi_ABASCAL Silencio judío,0,0,0,29,0,1,0,0.0,neutral
2031088986588958854,Mon Mar 09 19:25:24 +0000 2026,"Lo mismo dicen de España y del resto de Europa estos fanáticos. 
Y todavía encue...",2031521130603819293,Wed Mar 11 00:02:36 +0000 2026,Ruben219543,@Santi_ABASCAL https://t.co/ewCMlPampK,0,0,0,38,0,1,1,0.0,neutral
2031088986588958854,Mon Mar 09 19:25:24 +0000 2026,"Lo mismo dicen de España y del resto de Europa estos fanáticos. 
Y todavía encue...",2031510047851676102,Tue Mar 10 23:18:33 +0000 2026,AnalBorroso,@Santi_ABASCAL Eres un mierdas,0,0,0,30,0,1,0,0.0,neutral
2031088986588958854,Mon Mar 09 19:25:24 +0000 2026,"Lo mismo dicen de España y del resto de Europa estos fanáticos. 
Y todavía encue...",2031507353418260661,Tue Mar 10 23:07:51 +0000 2026,CalzaslargasPpi,"@Santi_ABASCAL Siempre al extremo, cuando no hay relato.",0,0,0,56,0,1,0,-0.296,negative
2031088986588958854,Mon Mar 09 19:25:24 +0000 2026,"Lo mismo dicen de España y del resto de Europa estos fanáticos. 
Y todavía encue...",2031501320184582275,Tue Mar 10 22:43:52 +0000 2026,Lhdr2021,@Santi_ABASCAL Vuestra gente les ha traído pata general el caos y después venir a ‘salvarnos’ ya no engañáis a nadie farsantes. Sois lo mismo. Sois actores,0,0,0,155,0,1,0,0.0516,positive
2031088986588958854,Mon Mar 09 19:25:24 +0000 2026,"Lo mismo dicen de España y del resto de Europa estos fanáticos. 
Y todavía encue...",2031501075795021971,Tue Mar 10 22:42:54 +0000 2026,Lhdr2021,@Santi_ABASCAL https://t.co/yLIFlTNfWi,0,0,0,38,0,1,1,0.0,neutral
2031088986588958854,Mon Mar 09 19:25:24 +0000 2026,"Lo mismo dicen de España y del resto de Europa estos fanáticos. 
Y todavía encue...",2031494492008886622,Tue Mar 10 22:16:44 +0000 2026,Tanos67633014,"@Santi_ABASCAL Shalom, Santiago",0,0,0,31,0,1,0,0.0,neutral
2031088986588958854,Mon Mar 09 19:25:24 +0000 2026,"Lo mismo dicen de España y del resto de Europa estos fanáticos. 
Y todavía encue...",2031484084761850349,Tue Mar 10 21:35:23 +0000 2026,irma25624583,"@Santi_ABASCAL Justamente al infierno no podemos ir porque ahí están ustedes ya lo invadieron también que no que toda la gente malvada maldita va al infierno como vamos ir nosotros ahí no los que se tienen que ir a su lugar de de origen, porque no es dueño de la tierra es Cristo Jesús https://t.co/6vHtsJjv7Q",0,0,0,309,0,1,1,-0.7783,negative
2031088986588958854,Mon Mar 09 19:25:24 +0000 2026,"Lo mismo dicen de España y del resto de Europa estos fanáticos. 
Y todavía encue...",2031483442450338037,Tue Mar 10 21:32:50 +0000 2026,Abdelah84,"@Santi_ABASCAL Los sionistas que dicen, de ellos no sacas nada ? Son los que te financian ? Fanáticos hay en todas partes y no tienen cabida",0,0,0,140,0,1,0,-0.5803,negative
2031088986588958854,Mon Mar 09 19:25:24 +0000 2026,"Lo mismo dicen de España y del resto de Europa estos fanáticos. 
Y todavía encue...",2031464386406084667,Tue Mar 10 20:17:07 +0000 2026,GANGPR1,@Santi_ABASCAL @grok ya te han apagado verdad ? Que dices de esto,0,0,0,65,0,2,0,0.0,neutral
2031088986588958854,Mon Mar 09 19:25:24 +0000 2026,"Lo mismo dicen de España y del resto de Europa estos fanáticos. 
Y todavía encue...",2031461929856688615,Tue Mar 10 20:07:21 +0000 2026,luis3945671000,@Santi_ABASCAL @VOXpEspana Un niño del PSOE,0,0,0,43,0,2,0,0.0,neutral
2031088986588958854,Mon Mar 09 19:25:24 +0000 2026,"Lo mismo dicen de España y del resto de Europa estos fanáticos. 
Y todavía encue...",2031451486668906980,Tue Mar 10 19:25:51 +0000 2026,JUANMA56857462,"@Santi_ABASCAL Entiendo que es más fácil seguir una consigna que tener que pensar por cuenta propia; cansa menos., verdad? Si tu ideología es tan superior y evidente, ¿por qué necesitas de las mentiras  y los bulos  para convencer a los demás?",0,0,0,243,0,1,0,0.594,positive
2031088986588958854,Mon Mar 09 19:25:24 +0000 2026,"Lo mismo dicen de España y del resto de Europa estos fanáticos. 
Y todavía encue...",2031448436650709164,Tue Mar 10 19:13:44 +0000 2026,pepem007es1,"@Santi_ABASCAL Vago, trabaja",0,0,0,28,0,1,0,0.0,neutral
2031088986588958854,Mon Mar 09 19:25:24 +0000 2026,"Lo mismo dicen de España y del resto de Europa estos fanáticos. 
Y todavía encue...",2031433369632780568,Tue Mar 10 18:13:52 +0000 2026,sarrillo,"@Santi_ABASCAL Abascalín, valiente, que te escaqueaste se la mili. El peligro de España son los vagos, los inútiles, y los que viven de paguitas toda la vida como tú.",0,0,0,166,0,1,0,0.0,neutral
2031088986588958854,Mon Mar 09 19:25:24 +0000 2026,"Lo mismo dicen de España y del resto de Europa estos fanáticos. 
Y todavía encue...",2031428986773877119,Tue Mar 10 17:56:27 +0000 2026,Tatofriendly,"@Santi_ABASCAL Posh Shanti chavascal; ¿Por qué no retiras tu apoyo a Sión y tienes un plan netamente español y europeo que sea beneficio para todos los españoles?.

Por mi parte, no me interesa viajar a tu país a no ser que sea para hacer turismo, apreciar la antigua grandeza española.",0,0,0,286,0,1,0,-0.6808,negative
2031088986588958854,Mon Mar 09 19:25:24 +0000 2026,"Lo mismo dicen de España y del resto de Europa estos fanáticos. 
Y todavía encue...",2031421413979005269,Tue Mar 10 17:26:21 +0000 2026,hispanowestt,"@Santi_ABASCAL Abascal, esto es una infamia casi al nivel de pactar con los terroristas de ETA, algo que decir de este lobby satánico y extranjero que señala a españoles? https://t.co/PU3HkMWIIb",0,0,0,194,0,1,1,0.0258,neutral
2031088986588958854,Mon Mar 09 19:25:24 +0000 2026,"Lo mismo dicen de España y del resto de Europa estos fanáticos. 
Y todavía encue...",2031420225069986083,Tue Mar 10 17:21:38 +0000 2026,Maria32238606,@Santi_ABASCAL Islamismo ?????. https://t.co/JM7KgbFEU7,0,0,0,55,0,1,1,0.0,neutral
2031088986588958854,Mon Mar 09 19:25:24 +0000 2026,"Lo mismo dicen de España y del resto de Europa estos fanáticos. 
Y todavía encue...",2031418275762991253,Tue Mar 10 17:13:53 +0000 2026,azores_noelia,@Santi_ABASCAL Pero vosotros los políticos vais a hacer algo mas que quejaros en Twitter? Vais a dejar vuestras diferencias a un lado y hacer la moción de censura para proteger a todos nosotros? O vais a dejar que nos hundan del todo?,0,0,0,234,0,1,0,0.0,neutral
2031088986588958854,Mon Mar 09 19:25:24 +0000 2026,"Lo mismo dicen de España y del resto de Europa estos fanáticos. 
Y todavía encue...",2031416576793002330,Tue Mar 10 17:07:08 +0000 2026,Alex1997spain,@zombisaurio7 @Santi_ABASCAL ¿Un lacayo de Israel? Abre los ojos y vota a Falange.,0,0,0,82,0,2,0,0.0,neutral
2031088986588958854,Mon Mar 09 19:25:24 +0000 2026,"Lo mismo dicen de España y del resto de Europa estos fanáticos. 
Y todavía encue...",2031409585890685148,Tue Mar 10 16:39:21 +0000 2026,Tard49274205,"@Santi_ABASCAL Narigón, deja de manipular. Nadie te cree, traidor. Lávate la boca para hablar de España cabronazo",0,0,0,113,0,1,0,0.0,neutral
2031088986588958854,Mon Mar 09 19:25:24 +0000 2026,"Lo mismo dicen de España y del resto de Europa estos fanáticos. 
Y todavía encue...",2031409325034398100,Tue Mar 10 16:38:19 +0000 2026,vell237,@Santi_ABASCAL Te sirve el mensaje para los fascistas de vox.,0,0,0,61,0,1,0,0.0,neutral
2031088986588958854,Mon Mar 09 19:25:24 +0000 2026,"Lo mismo dicen de España y del resto de Europa estos fanáticos. 
Y todavía encue...",2031403887970705870,Tue Mar 10 16:16:43 +0000 2026,WuakiGatame,@Santi_ABASCAL 👍,0,0,0,16,0,1,0,0.0,neutral
2031088986588958854,Mon Mar 09 19:25:24 +0000 2026,"Lo mismo dicen de España y del resto de Europa estos fanáticos. 
Y todavía encue...",2031397746498756975,Tue Mar 10 15:52:18 +0000 2026,teresaf27528303,"@Santi_ABASCAL Cállate  que todo el mundo ve lo que eres, un maldito sionista que solo tiene intereses económicos. Dejaros de islamizacion, aquí no son islámicos quienes están cometiendo genocidios en nombre de dios",0,0,0,215,0,1,0,-0.296,negative
2031088986588958854,Mon Mar 09 19:25:24 +0000 2026,"Lo mismo dicen de España y del resto de Europa estos fanáticos. 
Y todavía encue...",2031397611597357329,Tue Mar 10 15:51:46 +0000 2026,MarisaV82818216,@Santi_ABASCAL El infierno es el que vosotros generais.,0,0,0,55,0,1,0,0.0,neutral
2031088986588958854,Mon Mar 09 19:25:24 +0000 2026,"Lo mismo dicen de España y del resto de Europa estos fanáticos. 
Y todavía encue...",2031393284505944106,Tue Mar 10 15:34:35 +0000 2026,mario_gar23,"@Santi_ABASCAL El cáncer del mundo, el islam. Perfectamente descrito.",0,0,0,69,0,1,0,0.0,neutral
2031088986588958854,Mon Mar 09 19:25:24 +0000 2026,"Lo mismo dicen de España y del resto de Europa estos fanáticos. 
Y todavía encue...",2031390287994462234,Tue Mar 10 15:22:40 +0000 2026,_yo__mismo__,@Santi_ABASCAL Sin comentarios... https://t.co/hAsppRFW1t,0,0,0,57,0,1,1,-0.5574,negative
2031088986588958854,Mon Mar 09 19:25:24 +0000 2026,"Lo mismo dicen de España y del resto de Europa estos fanáticos. 
Y todavía encue...",2031389127011152256,Tue Mar 10 15:18:03 +0000 2026,Iatesanchez,@Santi_ABASCAL Quien cita a una cuenta mentirosa es un mentiroso.,0,0,0,65,0,1,0,0.0,neutral
2031088986588958854,Mon Mar 09 19:25:24 +0000 2026,"Lo mismo dicen de España y del resto de Europa estos fanáticos. 
Y todavía encue...",2031389088239018187,Tue Mar 10 15:17:54 +0000 2026,VictorMonrok,@Santi_ABASCAL Eres una Golfa sionista vendepatrias,0,0,0,51,0,1,0,0.0,neutral
2031088986588958854,Mon Mar 09 19:25:24 +0000 2026,"Lo mismo dicen de España y del resto de Europa estos fanáticos. 
Y todavía encue...",2031387126042919389,Tue Mar 10 15:10:06 +0000 2026,Juanmiguel6363,"@Santi_ABASCAL Y tiene razón, el Islam va imparable, y el mal ya está hecho solo falta que alguien de la voz de guerra santa.",0,0,0,125,0,1,0,0.0,neutral
2031088986588958854,Mon Mar 09 19:25:24 +0000 2026,"Lo mismo dicen de España y del resto de Europa estos fanáticos. 
Y todavía encue...",2031386751860720001,Tue Mar 10 15:08:37 +0000 2026,lolosaurez,@Santi_ABASCAL Pero si tú eras fan de ellos hace unos años.,0,0,0,59,0,1,0,0.3182,positive
2031088986588958854,Mon Mar 09 19:25:24 +0000 2026,"Lo mismo dicen de España y del resto de Europa estos fanáticos. 
Y todavía encue...",2031378973171605575,Tue Mar 10 14:37:43 +0000 2026,SergioBecker14,@Santi_ABASCAL EEUU DEBERIAN DE PROHIBIR AL ISLAM Y LOS ISLAMITAS EXTREMISTAS POR SER ANTI-DEMOCRATICOS. O EXPULSARLOS.,0,0,0,119,0,1,0,0.0,neutral
2031088986588958854,Mon Mar 09 19:25:24 +0000 2026,"Lo mismo dicen de España y del resto de Europa estos fanáticos. 
Y todavía encue...",2031378915478901077,Tue Mar 10 14:37:29 +0000 2026,aeiou222221,"@Santi_ABASCAL Es sunnita, socios de tus 🫛 y su Ente genocida infanticida
Los chiítas no visten así ni piensan o hablan así 
Cada acusación es una confesión 
Esta calaña es la que ha dejado tu gUSAna SSraHELL en Siria, Afganistán, Libia… 
Y son genocidas de chiítas, y por siglos
¡Tío fariseo!",0,0,0,293,0,1,0,0.126,positive
2031088986588958854,Mon Mar 09 19:25:24 +0000 2026,"Lo mismo dicen de España y del resto de Europa estos fanáticos. 
Y todavía encue...",2031374855124164800,Tue Mar 10 14:21:21 +0000 2026,barac_nieto,@Santi_ABASCAL 👎🏿,0,0,0,17,0,1,0,0.0,neutral
2031088986588958854,Mon Mar 09 19:25:24 +0000 2026,"Lo mismo dicen de España y del resto de Europa estos fanáticos. 
Y todavía encue...",2031374441238745459,Tue Mar 10 14:19:42 +0000 2026,altogre,"@Santi_ABASCAL De loco a loco, tendriais que entenderos.",0,0,0,56,0,1,0,0.0,neutral
2031088986588958854,Mon Mar 09 19:25:24 +0000 2026,"Lo mismo dicen de España y del resto de Europa estos fanáticos. 
Y todavía encue...",2031366920386007377,Tue Mar 10 13:49:49 +0000 2026,LuXu931,"@Santi_ABASCAL Pensaba que eras tu el del video Santiago, el parecido es indiscutible.",0,0,0,86,0,1,0,0.0,neutral
2031088986588958854,Mon Mar 09 19:25:24 +0000 2026,"Lo mismo dicen de España y del resto de Europa estos fanáticos. 
Y todavía encue...",2031363022254649701,Tue Mar 10 13:34:20 +0000 2026,hunglichn2,@Santi_ABASCAL https://t.co/F90J1WacqE,0,0,0,38,0,1,1,0.0,neutral
2031088986588958854,Mon Mar 09 19:25:24 +0000 2026,"Lo mismo dicen de España y del resto de Europa estos fanáticos. 
Y todavía encue...",2031362929900269971,Tue Mar 10 13:33:58 +0000 2026,hunglichn2,@Santi_ABASCAL https://t.co/5Coh0l7KYi,0,0,0,38,0,1,1,0.0,neutral
2031088986588958854,Mon Mar 09 19:25:24 +0000 2026,"Lo mismo dicen de España y del resto de Europa estos fanáticos. 
Y todavía encue...",2031357736156336474,Tue Mar 10 13:13:19 +0000 2026,lauredestevez,"@Santi_ABASCAL Te hablan de “diversidad” y “convivencia”… mientras algunos predicadores dicen abiertamente que Occidente no es tu casa, sino territorio a conquistar. 🤡

Promesa: integración pacífica y multiculturalismo.
Realidad: líderes religiosos radicales afirmando que Europa y EE. UU.",0,0,0,289,0,1,0,-0.296,negative
2031088986588958854,Mon Mar 09 19:25:24 +0000 2026,"Lo mismo dicen de España y del resto de Europa estos fanáticos. 
Y todavía encue...",2031354536812572686,Tue Mar 10 13:00:36 +0000 2026,JaumeBertos,@Santi_ABASCAL Islam criminal. Alguna duda? 😡😡😡😡😡😡😡😡🤮🤮🤮,1,0,0,55,0,1,0,-0.5267,negative
2031088986588958854,Mon Mar 09 19:25:24 +0000 2026,"Lo mismo dicen de España y del resto de Europa estos fanáticos. 
Y todavía encue...",2031349301721346231,Tue Mar 10 12:39:48 +0000 2026,mr_ozzydiano,@Santi_ABASCAL https://t.co/bdUbMYMHi7,0,0,0,38,0,1,1,0.0,neutral
2031088986588958854,Mon Mar 09 19:25:24 +0000 2026,"Lo mismo dicen de España y del resto de Europa estos fanáticos. 
Y todavía encue...",2031348880961380826,Tue Mar 10 12:38:08 +0000 2026,Eyynvika,"@edubuenrollito @Santi_ABASCAL Woooow, foto de Facebook que he encontrado en 1 minuto buscando desde mi propio perfil, que sorpresaaaa... Por cierto lo escribo en mi propia respuesta porque el señor manipulador ha respondido y bloqueado al instante. Típico movimiento de zurdo cobarde. https://t.co/URf7suQ9mq",0,0,0,309,0,2,1,0.34,positive
2031088986588958854,Mon Mar 09 19:25:24 +0000 2026,"Lo mismo dicen de España y del resto de Europa estos fanáticos. 
Y todavía encue...",2031345413668646957,Tue Mar 10 12:24:21 +0000 2026,gorigori1965,@Santi_ABASCAL Deja de manipular sinverguenza.,1,0,0,46,0,1,0,0.0,neutral
2031088986588958854,Mon Mar 09 19:25:24 +0000 2026,"Lo mismo dicen de España y del resto de Europa estos fanáticos. 
Y todavía encue...",2031336447047786974,Tue Mar 10 11:48:44 +0000 2026,ThePietromancer,"@Santi_ABASCAL Quién abrió las puertas de Toledo, Santi?",0,0,0,56,0,1,0,0.0,neutral
2031088986588958854,Mon Mar 09 19:25:24 +0000 2026,"Lo mismo dicen de España y del resto de Europa estos fanáticos. 
Y todavía encue...",2031334491067666515,Tue Mar 10 11:40:57 +0000 2026,HermannH,"@Santi_ABASCAL @Largo85LP Averigua quien les abrio las puertas de Toledo desde adentro✡️,en 711 DC,  los mismos que lo hacen hoy ✡️ . Estupido servil de los judios https://t.co/NSoK8mzanN",2,0,0,187,0,2,1,0.0,neutral
2031088986588958854,Mon Mar 09 19:25:24 +0000 2026,"Lo mismo dicen de España y del resto de Europa estos fanáticos. 
Y todavía encue...",2031334091203690664,Tue Mar 10 11:39:22 +0000 2026,mstrss_Lila,"@Santi_ABASCAL Que te calles, vendepatrias!",0,0,0,43,0,1,0,0.0,neutral
2031088986588958854,Mon Mar 09 19:25:24 +0000 2026,"Lo mismo dicen de España y del resto de Europa estos fanáticos. 
Y todavía encue...",2031332639102193867,Tue Mar 10 11:33:36 +0000 2026,LuizFramio,"@Santi_ABASCAL El vago mayor de España, dando coba a la propaganda sionista.

Judivox quiere gobernar España ignorando la realidad de lo que defiende. https://t.co/gWDFtWoEyR",0,0,0,174,0,1,1,-0.25,negative
2031088986588958854,Mon Mar 09 19:25:24 +0000 2026,"Lo mismo dicen de España y del resto de Europa estos fanáticos. 
Y todavía encue...",2031327450030887081,Tue Mar 10 11:12:58 +0000 2026,josebon5150,@Santi_ABASCAL Pero si tú eres medio moro..,1,0,0,43,0,1,0,0.0,neutral
2031088986588958854,Mon Mar 09 19:25:24 +0000 2026,"Lo mismo dicen de España y del resto de Europa estos fanáticos. 
Y todavía encue...",2031327299275018431,Tue Mar 10 11:12:23 +0000 2026,elbuhoblanco,@Santi_ABASCAL Pues parece que sea primo tuyo.,0,0,0,46,0,1,0,0.0,neutral
2031088986588958854,Mon Mar 09 19:25:24 +0000 2026,"Lo mismo dicen de España y del resto de Europa estos fanáticos. 
Y todavía encue...",2031326243686138082,Tue Mar 10 11:08:11 +0000 2026,Preso_Navas_,@Santi_ABASCAL España es y será cristiana. Ni judía ni musulmana. https://t.co/DJt1cqrQrt,15,1,0,89,0,1,1,0.0,neutral
2031088986588958854,Mon Mar 09 19:25:24 +0000 2026,"Lo mismo dicen de España y del resto de Europa estos fanáticos. 
Y todavía encue...",2031322200754569508,Tue Mar 10 10:52:07 +0000 2026,TorresBeni86548,"@Santi_ABASCAL Santi,eres un despojo intelectual",0,0,0,48,0,1,0,0.0,neutral
2031088986588958854,Mon Mar 09 19:25:24 +0000 2026,"Lo mismo dicen de España y del resto de Europa estos fanáticos. 
Y todavía encue...",2031317330655952953,Tue Mar 10 10:32:46 +0000 2026,Shhbios,"@Santi_ABASCAL Pero si tu dices lo mismo de los catolicos putos sectarios de mierda.
Yo pensé que era un video de tu hermano o algo por que te pareces a el QUE FLIPA.
Si te pones un turbante ni sedan cuenta hajajajajaj que fuerte el bin laden de vitoria criticando a los que son como el",0,0,0,286,0,1,0,0.0,neutral
2031088986588958854,Mon Mar 09 19:25:24 +0000 2026,"Lo mismo dicen de España y del resto de Europa estos fanáticos. 
Y todavía encue...",2031314870549827629,Tue Mar 10 10:22:59 +0000 2026,dextivorbayu,"@Santi_ABASCAL fanático, el naranja asesino.",0,0,0,44,0,1,0,0.0,neutral
2031088986588958854,Mon Mar 09 19:25:24 +0000 2026,"Lo mismo dicen de España y del resto de Europa estos fanáticos. 
Y todavía encue...",2031309253902729325,Tue Mar 10 10:00:40 +0000 2026,lideirasgz,@Santi_ABASCAL Anda con los radicales!!! https://t.co/zt4ifOcYR9,0,0,0,64,0,1,1,0.0,neutral
2031088986588958854,Mon Mar 09 19:25:24 +0000 2026,"Lo mismo dicen de España y del resto de Europa estos fanáticos. 
Y todavía encue...",2031306440699220296,Tue Mar 10 09:49:29 +0000 2026,juandepca,"@Santi_ABASCAL @pacopilis ¡Que se vayan al infierno los ayatolás que oprimen y reprimen a Irán, los evangelistas que rezan con Trump, los “nacional católicos” que llevaban a Franco bajo palio, los sionistas que exterminan a los palestinos y… mientras tanto, tú vete a la mierda!",5,1,0,278,0,2,0,0.0,neutral
2031088986588958854,Mon Mar 09 19:25:24 +0000 2026,"Lo mismo dicen de España y del resto de Europa estos fanáticos. 
Y todavía encue...",2031306333048156245,Tue Mar 10 09:49:04 +0000 2026,Sinue89149137,"@Santi_ABASCAL Este es un suní, enemigo de Irán. A estos en realidad los financian las petromonarquías tan favorables a Israel y Vox",4,0,0,132,0,1,0,0.0,neutral
2031088986588958854,Mon Mar 09 19:25:24 +0000 2026,"Lo mismo dicen de España y del resto de Europa estos fanáticos. 
Y todavía encue...",2031305814838038795,Tue Mar 10 09:47:00 +0000 2026,piterman26,@Santi_ABASCAL Santi. Cacho vago https://t.co/zzSL9R9mCm,0,0,0,56,0,1,1,0.0,neutral
2031088986588958854,Mon Mar 09 19:25:24 +0000 2026,"Lo mismo dicen de España y del resto de Europa estos fanáticos. 
Y todavía encue...",2031304558035526120,Tue Mar 10 09:42:01 +0000 2026,KarimChefFRAC,"@Santi_ABASCAL Que trabajes VAGO!, Amiguito de pedófilos",1,0,0,56,0,1,0,0.0,neutral
2031088986588958854,Mon Mar 09 19:25:24 +0000 2026,"Lo mismo dicen de España y del resto de Europa estos fanáticos. 
Y todavía encue...",2031301932657045701,Tue Mar 10 09:31:35 +0000 2026,Tsunetomo4,@Santi_ABASCAL Bueno tu eres igual pero con el judaísmo,0,0,0,55,0,1,0,0.0,neutral
2031088986588958854,Mon Mar 09 19:25:24 +0000 2026,"Lo mismo dicen de España y del resto de Europa estos fanáticos. 
Y todavía encue...",2031300925055226182,Tue Mar 10 09:27:34 +0000 2026,jjuarezg,@Santi_ABASCAL Valiente cerdo fascista. https://t.co/n6WIpot8pY,0,0,0,63,0,1,1,0.0,neutral
2031088986588958854,Mon Mar 09 19:25:24 +0000 2026,"Lo mismo dicen de España y del resto de Europa estos fanáticos. 
Y todavía encue...",2031300116527853902,Tue Mar 10 09:24:22 +0000 2026,EUSKOGUDARI,@Santi_ABASCAL Ya no te gusta iran Santi? Vas dejando todos los amiguis por el camino macho 🤣,0,0,0,93,0,1,0,0.25,positive
2031088986588958854,Mon Mar 09 19:25:24 +0000 2026,"Lo mismo dicen de España y del resto de Europa estos fanáticos. 
Y todavía encue...",2031297153394503760,Tue Mar 10 09:12:35 +0000 2026,NinoJamon2,"@Santi_ABASCAL El gran cruzado que todavía se cree en la edad media e ignora que él mismo ha metido a las ratas en el patio de casa

https://t.co/MmCaxtHpte",0,0,0,156,0,1,1,0.34,positive
2031088986588958854,Mon Mar 09 19:25:24 +0000 2026,"Lo mismo dicen de España y del resto de Europa estos fanáticos. 
Y todavía encue...",2031294491701703104,Tue Mar 10 09:02:01 +0000 2026,antoniohornet19,@DarioML1948 @Santi_ABASCAL Judío a mucha honra pero sionista avergonzado,0,0,0,73,0,2,0,0.0,neutral
2031088986588958854,Mon Mar 09 19:25:24 +0000 2026,"Lo mismo dicen de España y del resto de Europa estos fanáticos. 
Y todavía encue...",2031293881665331498,Tue Mar 10 08:59:35 +0000 2026,antoniohornet19,@Santi_ABASCAL Quítate la cruz cuando hables Santi. Has demostrado ser una rata al servicio del sionismo secular que cercena vidas y financia redes de tráfico de niños y mujeres para extorsionar. Nos has dejado huérfanos de partido al que votar para acabar con el sanchismo.,0,0,0,274,0,1,0,0.0,neutral
2031088986588958854,Mon Mar 09 19:25:24 +0000 2026,"Lo mismo dicen de España y del resto de Europa estos fanáticos. 
Y todavía encue...",2031293138099220715,Tue Mar 10 08:56:38 +0000 2026,mongalmusk,"@Santi_ABASCAL Ok, Yaakov Avakshal https://t.co/l6gkH0Ct92",0,0,0,58,0,1,1,0.0,neutral
2031088986588958854,Mon Mar 09 19:25:24 +0000 2026,"Lo mismo dicen de España y del resto de Europa estos fanáticos. 
Y todavía encue...",2031292053917770029,Tue Mar 10 08:52:19 +0000 2026,juan_m_80,"@zombisaurio7 @Santi_ABASCAL si la mujer de la imagen es el prototipo de española, abascal es un inmigrante ilegal jejejeje encima quiere ser presidente...",0,0,0,155,0,2,0,0.0,neutral
2031088986588958854,Mon Mar 09 19:25:24 +0000 2026,"Lo mismo dicen de España y del resto de Europa estos fanáticos. 
Y todavía encue...",2031287930153517521,Tue Mar 10 08:35:56 +0000 2026,SVQRB,"@Santi_ABASCAL Todavía estoy esperando que digas algo del asesinato de curas en Libia o el ataque a la base donde hay 700 españoles, puto judio",0,0,0,143,0,1,0,0.0,neutral
2031088986588958854,Mon Mar 09 19:25:24 +0000 2026,"Lo mismo dicen de España y del resto de Europa estos fanáticos. 
Y todavía encue...",2031285528205709358,Tue Mar 10 08:26:24 +0000 2026,Ivan40939497,"@Santi_ABASCAL Santiago, ¿en qué momento pasaste de liderar la resistencia a liderar una secta de palmeros? Has blindado tu sillón mientras purgas a los mejores. Esto ya no es @vox_es, es tu cortijo personal. Congreso Extraordinario YA o quédate solo en el búnker.",1,0,0,264,0,2,0,-0.296,negative
2031088986588958854,Mon Mar 09 19:25:24 +0000 2026,"Lo mismo dicen de España y del resto de Europa estos fanáticos. 
Y todavía encue...",2031284584940224677,Tue Mar 10 08:22:39 +0000 2026,BlackIsKing12,"@zombisaurio7 @NightmareHous @Santi_ABASCAL “Cuando te obliguen a llevar burka”. Ese argumento lleva décadas circulando… y aquí seguimos con vaqueros, minifalda y Constitución.",0,0,0,176,0,3,0,0.0,neutral
2031088986588958854,Mon Mar 09 19:25:24 +0000 2026,"Lo mismo dicen de España y del resto de Europa estos fanáticos. 
Y todavía encue...",2031282041795518615,Tue Mar 10 08:12:32 +0000 2026,Chichillas28,@Santi_ABASCAL https://t.co/G0Bfv8oj4P,0,0,0,38,0,1,1,0.0,neutral
2031088986588958854,Mon Mar 09 19:25:24 +0000 2026,"Lo mismo dicen de España y del resto de Europa estos fanáticos. 
Y todavía encue...",2031280517069287791,Tue Mar 10 08:06:29 +0000 2026,negratincd111,@Santi_ABASCAL Como te gusta joder . Mentir y jugar con los españoles. Lo peor es que hay gente que te cree .....   Me dan pena . Ellos por su poco cerebro . Tú no tu te ríes de ellos y encima te haces rico,0,0,0,206,0,1,0,-0.296,negative
2031088986588958854,Mon Mar 09 19:25:24 +0000 2026,"Lo mismo dicen de España y del resto de Europa estos fanáticos. 
Y todavía encue...",2031274462440481038,Tue Mar 10 07:42:25 +0000 2026,sergiodelicias,"@Santi_ABASCAL Eres un auténtico esbirro del Likud, manipulador.",0,0,0,64,0,1,0,0.0,neutral
2031088986588958854,Mon Mar 09 19:25:24 +0000 2026,"Lo mismo dicen de España y del resto de Europa estos fanáticos. 
Y todavía encue...",2031270739572036037,Tue Mar 10 07:27:38 +0000 2026,EZascarrillo,"@Santi_ABASCAL Que se sepa, la libertad religiosa es un derecho fundamental. Que oye, por mi que las eliminen todas, incluida la tuya, falso católico.",0,0,0,150,0,1,0,0.0,neutral
2031088986588958854,Mon Mar 09 19:25:24 +0000 2026,"Lo mismo dicen de España y del resto de Europa estos fanáticos. 
Y todavía encue...",2031270435095036231,Tue Mar 10 07:26:25 +0000 2026,La_Irreductible,@DarioML1948 @ThesectionR @Santi_ABASCAL No tenéis honra,0,0,0,56,0,3,0,-0.296,negative
2031088986588958854,Mon Mar 09 19:25:24 +0000 2026,"Lo mismo dicen de España y del resto de Europa estos fanáticos. 
Y todavía encue...",2031270025848369655,Tue Mar 10 07:24:47 +0000 2026,La_Irreductible,"@Santi_ABASCAL Esas puertas para llenarnos Europa de moros, mayoritariamente sunitas,  las ha abierto Israel y Marruecos",8,1,0,120,0,1,0,0.34,positive
