tweet_id,username,politician,date,text,likes,retweets,replies,views,length,hashtags,mentions,links,sentiment,sentiment_label
1905364527622860854,gabrielrufian,Gabriel Rufian,Thu Mar 27 21:01:18 +0000 2025,"50.021 asesinados en Gaza.
15.607 tenían menos de 18 años. 
876 tenían menos de 1 año. 

Aquí están sus nombres. 

Así se 'defiende' Israel.

Estado genocida. https://t.co/7I4OwPJdN8",12532,4842,782,403111,182,0,0,1,0.0,neutral
1905308122563981587,gabrielrufian,Gabriel Rufian,Thu Mar 27 17:17:09 +0000 2025,"Merci per la difusió, @joanmariapique. https://t.co/FdHtxTEQ2t",1769,483,122,50647,62,0,1,1,0.0,neutral
1905297725702201509,gabrielrufian,Gabriel Rufian,Thu Mar 27 16:35:51 +0000 2025,"Gracias per la difusión, @RaholaOficial. https://t.co/MttS7cgz5l",7888,1870,458,254851,64,0,1,1,0.0,neutral
1905192757339001025,gabrielrufian,Gabriel Rufian,Thu Mar 27 09:38:44 +0000 2025,Feijóo i Junts. https://t.co/XZ0Py7wGFl,639,139,163,26812,39,0,0,1,0.0,neutral
1905173316748402797,gabrielrufian,Gabriel Rufian,Thu Mar 27 08:21:29 +0000 2025,Feijóo no puede gobernar (de momento). https://t.co/oB6yEqiBho,5450,1495,275,116028,62,0,0,1,-0.296,negative
1904963367413883115,gabrielrufian,Gabriel Rufian,Wed Mar 26 18:27:13 +0000 2025,Hoy se va un extraordinario orador y un gran tipo. https://t.co/F4xlIm6Vwd,6305,737,816,172301,74,0,0,1,0.0,neutral
1904863396291391917,gabrielrufian,Gabriel Rufian,Wed Mar 26 11:49:58 +0000 2025,Abderraman II https://t.co/VvNVTPV2LW,5322,1119,356,144352,37,0,0,1,0.0,neutral
1904849628895281287,gabrielrufian,Gabriel Rufian,Wed Mar 26 10:55:16 +0000 2025,La pregunta del millón. https://t.co/TNrq6S1wFV,7918,1766,374,254793,47,0,0,1,0.0,neutral
1904267087650132159,gabrielrufian,Gabriel Rufian,Mon Mar 24 20:20:27 +0000 2025,Cospedal no le dice la verdad ni al médico. https://t.co/aHyyEeeCSa,13768,3949,1314,374513,67,0,0,1,-0.296,negative
1902684240736555450,gabrielrufian,Gabriel Rufian,Thu Mar 20 11:30:47 +0000 2025,"NO a la Agencia de Salud Pública. 

PP
VOX 
JUNTS

Otra vez. https://t.co/PvuwoBntTx",15444,4604,1852,616908,84,0,0,1,-0.4466,negative
1902621394636013809,gabrielrufian,Gabriel Rufian,Thu Mar 20 07:21:04 +0000 2025,"Respondre a Junts sempre té un cost.

Polític, mediàtic i digital. 

Però mentre jo sigui portaveu d'ERC al Congrés se'ns respectarà i respondrem a cadascuna de les seves agressions.

Costi el que costi.

(Ja poden escriure els seus tuits i articles a sou, opinadors) https://t.co/00O5CY2cPN",3374,745,652,263139,291,0,0,1,0.0,neutral
1902286512051376377,gabrielrufian,Gabriel Rufian,Wed Mar 19 09:10:21 +0000 2025,"Fer rodes de premsa amb la bandera d'🇪🇸 ❌

Ficar amics a empreses d'🇪🇸 ✅ https://t.co/dSBNXhvxnD",3821,863,663,271925,96,0,0,1,0.0,neutral
1902273589446885662,gabrielrufian,Gabriel Rufian,Wed Mar 19 08:19:00 +0000 2025,🐀,695,113,724,400004,1,0,0,0,0.0,neutral
1901703397243335119,gabrielrufian,Gabriel Rufian,Mon Mar 17 18:33:16 +0000 2025,https://t.co/UQVIrP7jf4,68,15,11,3435,23,0,0,1,0.0,neutral
1901656478353592504,gabrielrufian,Gabriel Rufian,Mon Mar 17 15:26:50 +0000 2025,"‘Inundan cada rincón'.

O es bobo o es mala gente.

O probablemente es ambas cosas.",1767,368,129,43896,83,0,0,0,0.0,neutral
1901621107490230309,gabrielrufian,Gabriel Rufian,Mon Mar 17 13:06:17 +0000 2025,https://t.co/yrOysnUyir,1920,528,81,83454,23,0,0,1,0.0,neutral
1901547767454933180,gabrielrufian,Gabriel Rufian,Mon Mar 17 08:14:51 +0000 2025,Cal reconèixer la jeta que tenen. https://t.co/g7w64JN2T2,220,69,193,39281,57,0,0,1,0.0,neutral
1901349038013722646,gabrielrufian,Gabriel Rufian,Sun Mar 16 19:05:10 +0000 2025,Sobre ERC i pactar. https://t.co/RLkJsbwzOS,276,72,131,32396,43,0,0,1,0.0,neutral
1900495086112157741,gabrielrufian,Gabriel Rufian,Fri Mar 14 10:31:52 +0000 2025,'Comunicador’ 😂 https://t.co/DjP9j93XVu,148,33,143,64312,39,0,0,1,0.4404,positive
1900239210709475356,gabrielrufian,Gabriel Rufian,Thu Mar 13 17:35:07 +0000 2025,https://t.co/v5a674JzZp,9709,2363,1082,888331,23,0,0,1,0.0,neutral
1900090923037381034,gabrielrufian,Gabriel Rufian,Thu Mar 13 07:45:52 +0000 2025,"24h després, repeteixo.

Ets un miserable, @IsidreGavin. https://t.co/tki8XG84ZC",463,91,250,58075,80,0,1,1,-0.4939,negative
1899855072026038452,gabrielrufian,Gabriel Rufian,Wed Mar 12 16:08:41 +0000 2025,Diga-li al teu jefe que doni la cara ell. https://t.co/jqxETUXcJW,110,24,62,24109,65,0,0,1,0.0,neutral
1899813610488004808,gabrielrufian,Gabriel Rufian,Wed Mar 12 13:23:56 +0000 2025,Ets un miserable @IsidreGavin. https://t.co/oOstfsd6U8,1002,280,383,150195,54,0,1,1,-0.4939,negative
1899736700814831813,gabrielrufian,Gabriel Rufian,Wed Mar 12 08:18:19 +0000 2025,"Yo ya solo le pido a la vida salud y más gente en la tele como Marc Giró.

Valiente.

Genio. https://t.co/5iHx8AQLh5",25205,5352,1109,733590,116,0,0,1,0.0,neutral
1899523393726087223,gabrielrufian,Gabriel Rufian,Tue Mar 11 18:10:43 +0000 2025,Algoritmo y dopamina. https://t.co/q0mwhkG8iE,5750,1721,363,148196,45,0,0,1,0.0,neutral
1899087838504792288,gabrielrufian,Gabriel Rufian,Mon Mar 10 13:19:58 +0000 2025,"No son piulades des del sofà. 

Però fa temps que ho diem on s’ha dir i a qui s'ha de dir.

Passa-li al teu jefe perque també ho faci. https://t.co/M8FjM7ys4b",648,139,143,82640,158,0,0,1,-0.296,negative
1898660340289675554,gabrielrufian,Gabriel Rufian,Sun Mar 09 09:01:15 +0000 2025,Et poses el teu jersei de banderetes fet a la Xina amb la marca en italià i vas al ple a insultar a qui parli en valencià perquè tu ets molt espanyol. https://t.co/K4hLZFwT7w,6499,1315,403,219121,174,0,0,1,0.0,neutral
1897704352992669899,gabrielrufian,Gabriel Rufian,Thu Mar 06 17:42:30 +0000 2025,Dos noticias juntas se entienden mejor. https://t.co/9mZMIOJzkc,800,264,175,36140,63,0,0,1,0.0,neutral
1897620243591127436,gabrielrufian,Gabriel Rufian,Thu Mar 06 12:08:16 +0000 2025,"Aquí el enlace para quien quiera.

Agradezco mucho a @jordievole y a todo su equipo su trabajo y su respeto.

I demano perdó a la gent de la Torre de l’Espanyol. La vaig cagar i ho sento molt. És un poble extraordinari ple de bona gent i bondat. Aneu-hi!!
https://t.co/XkC3OV4Shu",1939,263,336,83865,279,0,1,1,0.0,neutral
1897566162432487867,gabrielrufian,Gabriel Rufian,Thu Mar 06 08:33:22 +0000 2025,Ayer vino M.Rajoy. https://t.co/VUbMTvPwAc,8178,1850,738,172818,42,0,0,1,0.0,neutral
1897287897637904808,gabrielrufian,Gabriel Rufian,Wed Mar 05 14:07:39 +0000 2025,Bárcenas Iscariote. https://t.co/yCGX5EWNiB,4399,1030,687,123056,43,0,0,1,0.0,neutral
1897283563382563071,gabrielrufian,Gabriel Rufian,Wed Mar 05 13:50:25 +0000 2025,Miguel…,894,61,123,109879,7,0,0,0,0.0,neutral
1897259362646979041,gabrielrufian,Gabriel Rufian,Wed Mar 05 12:14:16 +0000 2025,No tengo abogado dice. https://t.co/ZsQr70k7Ue,6478,1569,845,170173,46,0,0,1,-0.296,negative
1897199181682630810,gabrielrufian,Gabriel Rufian,Wed Mar 05 08:15:07 +0000 2025,🫂❤️ https://t.co/cMkCtUdi9C,7193,1647,137,294537,27,0,0,1,0.0,neutral
1896863850626252893,gabrielrufian,Gabriel Rufian,Tue Mar 04 10:02:38 +0000 2025,Zelenski debe ser de Chamberí. https://t.co/kqhslMAgdt,6992,1915,355,147478,54,0,0,1,0.0,neutral
1896845736471658549,gabrielrufian,Gabriel Rufian,Tue Mar 04 08:50:39 +0000 2025,"Sobre això:

1) La nostra feina no és criticar que Catalunya pugui tenir més competències, la nostra feina és assegurar-nos de que es fan servir bé. 

2) Esperem que Junts s’enrecordi de la Catalunya de tots de Pujol i no de la Catalunya per 4 d’Orriols.

3) Veurem com acaba.",385,77,393,124758,276,0,0,0,-0.2732,negative
1896487000271917176,gabrielrufian,Gabriel Rufian,Mon Mar 03 09:05:10 +0000 2025,❤️,5821,588,496,158087,2,0,0,0,0.0,neutral
1896154654809157887,gabrielrufian,Gabriel Rufian,Sun Mar 02 11:04:33 +0000 2025,https://t.co/vWBSoZBGMk,572,23,53,61873,23,0,0,1,0.0,neutral
1896138576531959996,gabrielrufian,Gabriel Rufian,Sun Mar 02 10:00:39 +0000 2025,Hoy me echan. https://t.co/1v3RUZ6HjG,8701,1214,1062,686084,37,0,0,1,0.0,neutral
1895760953763119499,gabrielrufian,Gabriel Rufian,Sat Mar 01 09:00:07 +0000 2025,https://t.co/xcCzhMC52C,1656,214,116,78918,23,0,0,1,0.0,neutral
1894816141286986030,gabrielrufian,Gabriel Rufian,Wed Feb 26 18:25:46 +0000 2025,"Cadascú treballa per qui treballa, Tony Blair. https://t.co/4QiLGwHJU4",115,32,108,31703,70,0,0,1,0.0,neutral
1894702897163555132,gabrielrufian,Gabriel Rufian,Wed Feb 26 10:55:47 +0000 2025,¿Puedo decir una cosa? https://t.co/ISEgcAPz2N,11889,3000,659,500798,46,0,0,1,0.0,neutral
1894651470651212073,gabrielrufian,Gabriel Rufian,Wed Feb 26 07:31:26 +0000 2025,"Dos noticias juntas se entienden mejor.

24h. https://t.co/7r4xqkhsTa",1484,559,253,70919,69,0,0,1,0.0,neutral
1894431121913336300,gabrielrufian,Gabriel Rufian,Tue Feb 25 16:55:50 +0000 2025,No falla. https://t.co/KnHUAsAXWT,211,39,78,35514,33,0,0,1,-0.296,negative
1894006313945891175,gabrielrufian,Gabriel Rufian,Mon Feb 24 12:47:48 +0000 2025,A canvi de res.,375,66,321,84562,15,0,0,0,0.0,neutral
1893991872390967693,gabrielrufian,Gabriel Rufian,Mon Feb 24 11:50:25 +0000 2025,"Junts va negociar per estalviar-li 2.000 milions d'€ en impostos a Repsol. 

ERC ha negociat per estalviar-li 17.000 milions d'€ en deute als catalans.

Cadascú treballa per qui treballa.

Seguim. https://t.co/e0aWUhV9hr",924,298,719,227344,220,0,0,1,0.34,positive
1893968109221929284,gabrielrufian,Gabriel Rufian,Mon Feb 24 10:16:00 +0000 2025,Avui veurem com acaba aquesta pallassada. https://t.co/XXNZhTY55S,285,52,119,41522,65,0,0,1,0.0,neutral
1892583366706319600,gabrielrufian,Gabriel Rufian,Thu Feb 20 14:33:31 +0000 2025,"Orriols és un fracàs nostre. 

I un triomf de l’espanyolisme.

Ni valents ni patriotes. https://t.co/stQrqyVNp8",531,129,766,96446,111,0,0,1,0.0,neutral
1892241248716534153,gabrielrufian,Gabriel Rufian,Wed Feb 19 15:54:04 +0000 2025,https://t.co/FDFuPcVpAV,949,165,75,76629,23,0,0,1,0.0,neutral
1892156486152798274,gabrielrufian,Gabriel Rufian,Wed Feb 19 10:17:15 +0000 2025,"Una cosa.

Hoy andarán por Madrid los aficionados del City. 

No les vayáis a decir FUCK OFF por mucho que en la tele lleven una semana diciendo que es HOLA BUENOS DÍAS QUÉ TAL.",26079,3149,1262,1050231,177,0,0,0,-0.7531,negative
1891900910634201410,gabrielrufian,Gabriel Rufian,Tue Feb 18 17:21:41 +0000 2025,¿Sin impuestos de qué va a vivir Abascal? https://t.co/OAHUBe0YCJ,10696,3391,2247,450306,65,0,0,1,0.0,neutral
1891505494725935515,gabrielrufian,Gabriel Rufian,Mon Feb 17 15:10:27 +0000 2025,"Junts li treu impostos a multinacionals i ERC avança en el traspàs de rodalies per dignificar el servei.

Cadascú treballa per qui treballa.

Seguim.
https://t.co/ccvPEqwnz1",375,125,409,65033,173,0,0,1,0.0,neutral
1891233371419787759,gabrielrufian,Gabriel Rufian,Sun Feb 16 21:09:07 +0000 2025,Vamosss,4205,240,103,210270,7,0,0,0,0.0,neutral
1890806517357510852,gabrielrufian,Gabriel Rufian,Sat Feb 15 16:52:57 +0000 2025,Munuera va estar más tiempo en la nevera que medio limón reseco.,8500,772,575,342791,64,0,0,0,0.0,neutral
1890796321239408990,gabrielrufian,Gabriel Rufian,Sat Feb 15 16:12:26 +0000 2025,Que qué robo al Madrid porque el árbitro sabe inglés.,8292,582,769,650087,53,0,0,0,0.0,neutral
1889732930156515507,gabrielrufian,Gabriel Rufian,Wed Feb 12 17:46:54 +0000 2025,Por favor. https://t.co/Yfb7pIKsD1,1710,346,158,45554,34,0,0,1,0.4019,positive
1889604763844485483,gabrielrufian,Gabriel Rufian,Wed Feb 12 09:17:37 +0000 2025,Woke https://t.co/a3huE16l1S,8283,2202,870,327307,28,0,0,1,0.0,neutral
1889327631360721009,gabrielrufian,Gabriel Rufian,Tue Feb 11 14:56:23 +0000 2025,"Las grandes energéticas ganaron 10.200 millones de € más en los primeros 9 meses del año pasado. 

Si cobras el SMI ganarás 30€ más este año.

Adivina quien pagaba un impuesto y ahora no lo hará y adivina quien no lo pagaba y ahora lo hará.",9362,3324,1295,466965,240,0,0,0,-0.5267,negative
1889306061821092156,gabrielrufian,Gabriel Rufian,Tue Feb 11 13:30:41 +0000 2025,22 meses en la cárcel por la cara. https://t.co/Dk24wsOPXc,1935,620,112,138829,58,0,0,1,0.0,neutral
1889265736360534322,gabrielrufian,Gabriel Rufian,Tue Feb 11 10:50:27 +0000 2025,"51 anys, 21 dies i tenir la força suficient per obligar al PSOE.

Tot això ha costat. 

Justícia i reparació.",554,173,116,35958,109,0,0,0,0.34,positive
1888153309468332199,gabrielrufian,Gabriel Rufian,Sat Feb 08 09:10:03 +0000 2025,43,1871,114,988,214578,2,0,0,0,0.0,neutral
1887882315814101498,gabrielrufian,Gabriel Rufian,Fri Feb 07 15:13:13 +0000 2025,Titelles de l'IBEX 35 https://t.co/uSNJJKSNur,237,41,43,17256,45,0,0,1,0.0,neutral
1887881994710704355,gabrielrufian,Gabriel Rufian,Fri Feb 07 15:11:57 +0000 2025,Dos notícies juntes s'entenen millor. https://t.co/EnBTWXp5gq,386,130,158,33095,61,0,0,1,0.0,neutral
1887558741475590537,gabrielrufian,Gabriel Rufian,Thu Feb 06 17:47:27 +0000 2025,Este tío es muy bueno. https://t.co/uV8Wj9FPUN,26450,8597,1614,806250,46,0,0,1,0.0,neutral
1887209155615723562,gabrielrufian,Gabriel Rufian,Wed Feb 05 18:38:20 +0000 2025,Independentista y de izquierdas. https://t.co/xj2ehVgGAv,1463,377,508,98419,56,0,0,1,0.0,neutral
1886487302614213098,gabrielrufian,Gabriel Rufian,Mon Feb 03 18:49:56 +0000 2025,https://t.co/RaFtF21TSQ,11179,1522,348,511105,23,0,0,1,0.0,neutral
1886470370707874078,gabrielrufian,Gabriel Rufian,Mon Feb 03 17:42:39 +0000 2025,"Está de moda ser facha.

Tenemos que intentar que vuelva a dar vergüenza. https://t.co/IKesNFK14e",9966,2710,2184,390022,97,0,0,1,0.0,neutral
1886089561484214460,gabrielrufian,Gabriel Rufian,Sun Feb 02 16:29:27 +0000 2025,https://t.co/ZRSC1lsxMx,526,162,91,41089,23,0,0,1,0.0,neutral
1886034059379241302,gabrielrufian,Gabriel Rufian,Sun Feb 02 12:48:55 +0000 2025,https://t.co/rwY8vq9aoA,1145,88,212,144356,23,0,0,1,0.0,neutral
1886026935471337817,gabrielrufian,Gabriel Rufian,Sun Feb 02 12:20:36 +0000 2025,"T'ho poso sense editar a veure si tira més, @aitorarriaga_b.

Ànims. https://t.co/Re5kATWjnH",342,93,67,63997,92,0,1,1,0.0,neutral
1885989938685972625,gabrielrufian,Gabriel Rufian,Sun Feb 02 09:53:36 +0000 2025,"2/02/1980. Fascistas de Fuerza Nueva secuestran, torturan y asesinan a Yolanda González. Tenía 19 años y era comunista.

Emilio Hellín, uno de sus asesinos confesos, fue instructor de la Policía Nacional de 2006 a 2011 y participó en la defensa de Cifuentes y Laura Borràs bajo el https://t.co/u4LmOzW4gO",13563,6552,921,614062,304,0,0,1,0.0,neutral
1885762750757876138,gabrielrufian,Gabriel Rufian,Sat Feb 01 18:50:50 +0000 2025,🤔 https://t.co/vHZGUj2R6I,1000,226,185,53039,25,0,0,1,0.0,neutral
1885751938224189793,gabrielrufian,Gabriel Rufian,Sat Feb 01 18:07:52 +0000 2025,"Hoy
21:45h
L6 Xplica https://t.co/nfOjG0R54R",497,82,246,63035,44,0,0,1,0.0,neutral
1884596822976377159,gabrielrufian,Gabriel Rufian,Wed Jan 29 13:37:51 +0000 2025,https://t.co/gFdUbWNKMT,8211,910,252,451852,23,0,0,1,0.0,neutral
1884581938918220237,gabrielrufian,Gabriel Rufian,Wed Jan 29 12:38:42 +0000 2025,"Que Junts s'ha petat una setmana d'ajudes per a milions de persones a canvi d’una PNL, separar qüestions fiscals per poder votar-les amb PP i VOX i una suposada negociació sobre immigració per poder anar fent el discurset orriolista, ho sap tothom, oi?",1493,365,719,110543,252,0,0,0,0.0,neutral
1884233782129299601,gabrielrufian,Gabriel Rufian,Tue Jan 28 13:35:15 +0000 2025,"És fum però és fum que ven a Catalunya. 

I és un mal missatge: fotre a la gent te premi.",381,57,223,96731,89,0,0,0,0.0,neutral
1884228623563120719,gabrielrufian,Gabriel Rufian,Tue Jan 28 13:14:45 +0000 2025,¿Y había que perder una semana para esto?,7664,1124,1255,588696,41,0,0,0,0.0,neutral
1884178703909109879,gabrielrufian,Gabriel Rufian,Tue Jan 28 09:56:24 +0000 2025,https://t.co/DiRGuJPwA5,263,48,36,28102,23,0,0,1,0.0,neutral
1884178077821067388,gabrielrufian,Gabriel Rufian,Tue Jan 28 09:53:54 +0000 2025,"Se han cargado la subida de las pensiones y la bonificación en transporte de millones de personas porque no sé qué de la UEFA.

Mañana será que es que hacía luna llena y ellos son más de luna menguante.

Sería gracioso si no fuera tan dañino. https://t.co/PP0Voj0b9R",8712,2398,937,536664,266,0,0,1,-0.34,negative
1883934076643729858,gabrielrufian,Gabriel Rufian,Mon Jan 27 17:44:20 +0000 2025,A ver si va a ser que Junts es más de derechas que la palanca de cambios. https://t.co/oPYj9OTDru,8349,2058,1364,244686,97,0,0,1,0.0,neutral
1883440988129296495,gabrielrufian,Gabriel Rufian,Sun Jan 26 09:04:58 +0000 2025,Es van passar tant de voltes que 5 dies després encara estan donant la turra.,1458,401,421,128117,77,0,0,0,0.0,neutral
1883078635453665377,gabrielrufian,Gabriel Rufian,Sat Jan 25 09:05:07 +0000 2025,"Una cosa. 

La derecha española y catalana llevan 72h repitiendo que votaron en contra del Ómnibus porque subía el IVA de la comida y el precio de la luz. 

Y eso es FALSO. 

El Decreto tiene 140 páginas y en NINGUNA se sube el IVA a la comida y en NINGUNA se sube el precio de la",24875,10479,2713,1471891,280,0,0,0,0.0,neutral
1882719918136930700,gabrielrufian,Gabriel Rufian,Fri Jan 24 09:19:42 +0000 2025,"Junts porta 44 tuits, 6 rondes d'entrevistes, 5 articles per encàrrec, 4 tertúlies i 3 vídeos del Sant Cristo Gros per intentar explicar el seu vot amb PP i VOX contra milions de persones de l'altre día.

Bueno, mira, ja no els surt tan barato.",5337,1460,915,238029,244,0,0,0,-0.296,negative
1882468199691878491,gabrielrufian,Gabriel Rufian,Thu Jan 23 16:39:28 +0000 2025,"Sobre el CNI, els Mossos i el 17A. https://t.co/Nyyjir5nrs",203,65,47,26380,58,0,0,1,0.0,neutral
1882065979976696278,gabrielrufian,Gabriel Rufian,Wed Jan 22 14:01:11 +0000 2025,"Dues coses:

1) Junts avui vota amb el PP però Junts avui també vota amb VOX. 

2) Junts avui 'no castiga a Sánchez’, Junts avui castiga a milions de pensionistes, a milions d'usuaris de transport públic i a milers d'afectats per la DANA.

Ho dic per si pel que sigui a Catalunya",10107,3208,1425,512914,279,0,0,0,0.0,neutral
1882039890441023683,gabrielrufian,Gabriel Rufian,Wed Jan 22 12:17:31 +0000 2025,"PP
VOX
JUNTS https://t.co/ptcRrnCBFo",8379,3175,1226,278485,36,0,0,1,0.0,neutral
1882021521268658593,gabrielrufian,Gabriel Rufian,Wed Jan 22 11:04:31 +0000 2025,"Traducció:

Era a les 10h i no han vingut. https://t.co/mVbIsjGdf8",2233,291,247,158715,66,0,0,1,-0.296,negative
1881994102809800723,gabrielrufian,Gabriel Rufian,Wed Jan 22 09:15:34 +0000 2025,"Esta cuenta ha perdido 6.000 seguidores en 48h.

Soy 0 conspiranoico pero fue justo después de llamar nazi al nazi de Musk.

Ergo:

1) La gente abandona la red social del nazi.

2) El nazi tiene un botón para echar a rojos.",20521,3835,3921,914512,223,0,0,0,0.34,positive
1881973652595577015,gabrielrufian,Gabriel Rufian,Wed Jan 22 07:54:18 +0000 2025,"De les últimes 48h.

Temps de recerca: 1'.

Pd. Algun dia sabrem qui et paga, troll. https://t.co/SQnFkofADr",191,24,117,50298,108,0,0,1,0.0,neutral
1881608298031358072,gabrielrufian,Gabriel Rufian,Tue Jan 21 07:42:31 +0000 2025,"No le digas nazi a Elon Musk solo por decir cosas nazis, apoyar a grupos nazis y hacer el saludo nazi que igual era porque no sé qué del corazón, porque no tienes ni idea de historia que el saludo romano era así y porque además mira que tú también tienes fotos con la mano",22697,4472,2560,1637949,272,0,0,0,-0.6808,negative
1881438447493337447,gabrielrufian,Gabriel Rufian,Mon Jan 20 20:27:35 +0000 2025,"O está pidiendo un taxi o es un nazi de mierda.

Lo que viene… https://t.co/EI0f1J3KDa",21564,5546,4383,1884842,86,0,0,1,0.0,neutral
1881317237929472472,gabrielrufian,Gabriel Rufian,Mon Jan 20 12:25:57 +0000 2025,"A veure si s'acaba el debat sobre els xarnegos i podem començar el de com Junts tornarà a votar aquesta setmana amb el PP i VOX contra un impost a les multinacionals energètiques. 

Això sí, en català i amb estelada.",3057,622,769,193834,216,0,0,0,0.0,neutral
1881255958938272200,gabrielrufian,Gabriel Rufian,Mon Jan 20 08:22:27 +0000 2025,"'No diguis xarnego que ja ningú ho diu'

Pd. Tinc 400 d'aquests cada dia. https://t.co/gjZHPKKbeC",743,102,472,137059,97,0,0,1,0.0,neutral
1881003528682082437,gabrielrufian,Gabriel Rufian,Sun Jan 19 15:39:23 +0000 2025,Doncs això.,1068,246,333,114460,11,0,0,0,0.0,neutral
1880898487094821101,gabrielrufian,Gabriel Rufian,Sun Jan 19 08:41:59 +0000 2025,"Si tens 2' mira això.

Meravellós.",1738,273,446,224810,34,0,0,0,0.0,neutral
1880728590498840971,gabrielrufian,Gabriel Rufian,Sat Jan 18 21:26:52 +0000 2025,"Abascal en USA.

Un móvil, el micrófono de la Nintendo Swicht de su primo y un señor con gabardina pero sin frío, por lo que sea. https://t.co/8lKtDOoWKq",13508,2651,2329,1324369,153,0,0,1,-0.5574,negative
1880214656951742512,gabrielrufian,Gabriel Rufian,Fri Jan 17 11:24:41 +0000 2025,"Avui deixo de ser regidor a Santa Coloma perque amb la què està caient (i caurà) toca centrar-se en la feina al Congreso.

Una campanya duríssima que ens va portar de ser la darrera força política a la ciutat a ser la 2ª i un any i mig de municipalisme on he après més que en 9 https://t.co/XQHB6UvBcE",413,86,495,122797,301,0,0,1,0.0,neutral
1879898810421260552,gabrielrufian,Gabriel Rufian,Thu Jan 16 14:29:37 +0000 2025,"Lo jodido no es que digan esto, lo jodido es que les votan tras decir esto.",18206,4185,1128,629338,75,0,0,0,-0.296,negative
1879843262724460799,gabrielrufian,Gabriel Rufian,Thu Jan 16 10:48:54 +0000 2025,Entrevista con @carmenmorodo para @larazon_es.,58,12,35,21020,46,0,2,0,0.0,neutral
1879544354525868199,gabrielrufian,Gabriel Rufian,Wed Jan 15 15:01:09 +0000 2025,Pues que sea a las 11h o Abascal no va.,12469,1558,867,344789,39,0,0,0,-0.296,negative
1905364527622860854,gabrielrufian,Gabriel Rufian,Thu Mar 27 21:01:18 +0000 2025,"50.021 asesinados en Gaza.
15.607 tenían menos de 18 años. 
876 tenían menos de 1 año. 

Aquí están sus nombres. 

Así se 'defiende' Israel.

Estado genocida. https://t.co/7I4OwPJdN8",12532,4842,782,403111,182,0,0,1,0.0,neutral
1905308122563981587,gabrielrufian,Gabriel Rufian,Thu Mar 27 17:17:09 +0000 2025,"Merci per la difusió, @joanmariapique. https://t.co/FdHtxTEQ2t",1769,483,122,50647,62,0,1,1,0.0,neutral
1905297725702201509,gabrielrufian,Gabriel Rufian,Thu Mar 27 16:35:51 +0000 2025,"Gracias per la difusión, @RaholaOficial. https://t.co/MttS7cgz5l",7888,1870,458,254851,64,0,1,1,0.0,neutral
1879080383800631636,gabrielrufian,Gabriel Rufian,Tue Jan 14 08:17:29 +0000 2025,"Imagina que el FBI hubiera contactado con los responsables del 11S antes del 11S o el MI6 con los responsables del 7J antes del 7J y los hubieran dejado ir.

¿Qué pensarías? 

Pues que o tienen algo que ver o que son unos inútiles.

Pues vista la documentación desclasificada del",2213,862,400,116260,279,0,0,0,0.0,neutral
1878791374209982758,gabrielrufian,Gabriel Rufian,Mon Jan 13 13:09:04 +0000 2025,"El Gobierno debería grabarse a fuego que por encima del derecho a enriquecerse de alguien con diez viviendas está el derecho de alguien a tener una vivienda digna.

Llegan tarde y se quedan cortos.

Habrá que ir más allá.",4506,1236,612,147663,221,0,0,0,0.0,neutral
1878772997513007242,gabrielrufian,Gabriel Rufian,Mon Jan 13 11:56:03 +0000 2025,#Infiltrats3Cat https://t.co/IrxKH8orC2,2197,832,143,60676,39,1,0,1,0.0,neutral
1877810005648302463,gabrielrufian,Gabriel Rufian,Fri Jan 10 20:09:28 +0000 2025,https://t.co/jNW9NwmEfk,28514,5459,408,859834,23,0,0,1,0.0,neutral
1876962484432838690,gabrielrufian,Gabriel Rufian,Wed Jan 08 12:01:43 +0000 2025,"Yolanda Díaz aplica la misma fórmula con el PSOE con la reducción de la jornada laboral que aplicó con ERC y Bildu con la Reforma Laboral:

Presión, intoxicación y unilateralidad. 

Olvida que:

1) Hay más actores.

2) Ya no tiene el apoyo mediático que tuvo. 

3) El PSOE le",2043,716,199,95647,275,0,0,0,-0.296,negative
1876930753075757256,gabrielrufian,Gabriel Rufian,Wed Jan 08 09:55:37 +0000 2025,"Diferentes perfiles, con diferentes banderas (y aparentemente con diferentes causas) defendiendo (unos en castellano y otros en catalán) el mismo fascismo, el mismo racismo y al mismo magnate.

Se llama plan.

Y se basa en una premisa muy clara: lo que uno siente es ya más",3177,963,830,222125,273,0,0,0,0.0,neutral
1876294750636310576,gabrielrufian,Gabriel Rufian,Mon Jan 06 15:48:23 +0000 2025,"Esto se debe decir.

Esto se debe denunciar.

Y contra esto se debe legislar.

O el bulo, la conspiración y el bullying revestido de incorrección política ganará. 

En Catalunya también.",6893,2103,2085,447100,186,0,0,0,-0.5994,negative
1875829653950390472,gabrielrufian,Gabriel Rufian,Sun Jan 05 09:00:15 +0000 2025,🎡 https://t.co/iXS9vbPHt0,8675,1067,1139,334433,25,0,0,1,0.0,neutral
1875305762312028179,gabrielrufian,Gabriel Rufian,Fri Jan 03 22:18:29 +0000 2025,Mañana Peinado llama a declarar al árbitro.,6044,876,490,285009,43,0,0,0,0.0,neutral
1875294056714240325,gabrielrufian,Gabriel Rufian,Fri Jan 03 21:31:59 +0000 2025,"¿Cómo quedaste en el Balón de Oro, Vini? https://t.co/aZIbbF5Eyg",25089,3025,2132,1321566,64,0,0,1,0.0,neutral
1875221490398019799,gabrielrufian,Gabriel Rufian,Fri Jan 03 16:43:37 +0000 2025,President. https://t.co/ACSS3MWx0n,1378,120,860,201486,34,0,0,1,0.0,neutral
1874730493847150841,gabrielrufian,Gabriel Rufian,Thu Jan 02 08:12:35 +0000 2025,"Canción asquerosa de alcalde borracho ✅
Estampita con la vaca del Grand Prinx ❌ https://t.co/eN2m84ILNG",11188,3783,369,207806,103,0,0,1,0.4588,positive
1874481512739147970,gabrielrufian,Gabriel Rufian,Wed Jan 01 15:43:13 +0000 2025,A ver si cuando acaben con lo de la estampita del Grand Prix tiene un rato para ofenderse también con la bombas de Israel.,28124,6920,1818,808096,122,0,0,0,0.4588,positive
1905364527622860854,gabrielrufian,Gabriel Rufian,Thu Mar 27 21:01:18 +0000 2025,"50.021 asesinados en Gaza.
15.607 tenían menos de 18 años. 
876 tenían menos de 1 año. 

Aquí están sus nombres. 

Así se 'defiende' Israel.

Estado genocida. https://t.co/7I4OwPJdN8",12532,4842,782,403111,182,0,0,1,0.0,neutral
1905308122563981587,gabrielrufian,Gabriel Rufian,Thu Mar 27 17:17:09 +0000 2025,"Merci per la difusió, @joanmariapique. https://t.co/FdHtxTEQ2t",1769,483,122,50647,62,0,1,1,0.0,neutral
1905297725702201509,gabrielrufian,Gabriel Rufian,Thu Mar 27 16:35:51 +0000 2025,"Gracias per la difusión, @RaholaOficial. https://t.co/MttS7cgz5l",7888,1870,458,254851,64,0,1,1,0.0,neutral
1905192757339001025,gabrielrufian,Gabriel Rufian,Thu Mar 27 09:38:44 +0000 2025,Feijóo i Junts. https://t.co/XZ0Py7wGFl,639,139,163,26812,39,0,0,1,0.0,neutral
1905173316748402797,gabrielrufian,Gabriel Rufian,Thu Mar 27 08:21:29 +0000 2025,Feijóo no puede gobernar (de momento). https://t.co/oB6yEqiBho,5450,1495,275,116028,62,0,0,1,-0.296,negative
1904963367413883115,gabrielrufian,Gabriel Rufian,Wed Mar 26 18:27:13 +0000 2025,Hoy se va un extraordinario orador y un gran tipo. https://t.co/F4xlIm6Vwd,6305,737,816,172301,74,0,0,1,0.0,neutral
1904863396291391917,gabrielrufian,Gabriel Rufian,Wed Mar 26 11:49:58 +0000 2025,Abderraman II https://t.co/VvNVTPV2LW,5322,1119,356,144352,37,0,0,1,0.0,neutral
1904849628895281287,gabrielrufian,Gabriel Rufian,Wed Mar 26 10:55:16 +0000 2025,La pregunta del millón. https://t.co/TNrq6S1wFV,7918,1766,374,254793,47,0,0,1,0.0,neutral
1904267087650132159,gabrielrufian,Gabriel Rufian,Mon Mar 24 20:20:27 +0000 2025,Cospedal no le dice la verdad ni al médico. https://t.co/aHyyEeeCSa,13768,3949,1314,374513,67,0,0,1,-0.296,negative
1902684240736555450,gabrielrufian,Gabriel Rufian,Thu Mar 20 11:30:47 +0000 2025,"NO a la Agencia de Salud Pública. 

PP
VOX 
JUNTS

Otra vez. https://t.co/PvuwoBntTx",15444,4604,1852,616908,84,0,0,1,-0.4466,negative
1902621394636013809,gabrielrufian,Gabriel Rufian,Thu Mar 20 07:21:04 +0000 2025,"Respondre a Junts sempre té un cost.

Polític, mediàtic i digital. 

Però mentre jo sigui portaveu d'ERC al Congrés se'ns respectarà i respondrem a cadascuna de les seves agressions.

Costi el que costi.

(Ja poden escriure els seus tuits i articles a sou, opinadors) https://t.co/00O5CY2cPN",3374,745,652,263139,291,0,0,1,0.0,neutral
1902286512051376377,gabrielrufian,Gabriel Rufian,Wed Mar 19 09:10:21 +0000 2025,"Fer rodes de premsa amb la bandera d'🇪🇸 ❌

Ficar amics a empreses d'🇪🇸 ✅ https://t.co/dSBNXhvxnD",3821,863,663,271925,96,0,0,1,0.0,neutral
1902273589446885662,gabrielrufian,Gabriel Rufian,Wed Mar 19 08:19:00 +0000 2025,🐀,695,113,724,400004,1,0,0,0,0.0,neutral
1901703397243335119,gabrielrufian,Gabriel Rufian,Mon Mar 17 18:33:16 +0000 2025,https://t.co/UQVIrP7jf4,68,15,11,3435,23,0,0,1,0.0,neutral
1901656478353592504,gabrielrufian,Gabriel Rufian,Mon Mar 17 15:26:50 +0000 2025,"‘Inundan cada rincón'.

O es bobo o es mala gente.

O probablemente es ambas cosas.",1767,368,129,43896,83,0,0,0,0.0,neutral
1901621107490230309,gabrielrufian,Gabriel Rufian,Mon Mar 17 13:06:17 +0000 2025,https://t.co/yrOysnUyir,1920,528,81,83454,23,0,0,1,0.0,neutral
1901547767454933180,gabrielrufian,Gabriel Rufian,Mon Mar 17 08:14:51 +0000 2025,Cal reconèixer la jeta que tenen. https://t.co/g7w64JN2T2,220,69,193,39281,57,0,0,1,0.0,neutral
1905364527622860854,gabrielrufian,Gabriel Rufian,Thu Mar 27 21:01:18 +0000 2025,"50.021 asesinados en Gaza.
15.607 tenían menos de 18 años. 
876 tenían menos de 1 año. 

Aquí están sus nombres. 

Así se 'defiende' Israel.

Estado genocida. https://t.co/7I4OwPJdN8",12532,4842,782,403111,182,0,0,1,0.0,neutral
1905308122563981587,gabrielrufian,Gabriel Rufian,Thu Mar 27 17:17:09 +0000 2025,"Merci per la difusió, @joanmariapique. https://t.co/FdHtxTEQ2t",1769,483,122,50647,62,0,1,1,0.0,neutral
1905297725702201509,gabrielrufian,Gabriel Rufian,Thu Mar 27 16:35:51 +0000 2025,"Gracias per la difusión, @RaholaOficial. https://t.co/MttS7cgz5l",7888,1870,458,254851,64,0,1,1,0.0,neutral
1905192757339001025,gabrielrufian,Gabriel Rufian,Thu Mar 27 09:38:44 +0000 2025,Feijóo i Junts. https://t.co/XZ0Py7wGFl,639,139,163,26812,39,0,0,1,0.0,neutral
1905173316748402797,gabrielrufian,Gabriel Rufian,Thu Mar 27 08:21:29 +0000 2025,Feijóo no puede gobernar (de momento). https://t.co/oB6yEqiBho,5450,1495,275,116028,62,0,0,1,-0.296,negative
1904963367413883115,gabrielrufian,Gabriel Rufian,Wed Mar 26 18:27:13 +0000 2025,Hoy se va un extraordinario orador y un gran tipo. https://t.co/F4xlIm6Vwd,6305,737,816,172301,74,0,0,1,0.0,neutral
1904863396291391917,gabrielrufian,Gabriel Rufian,Wed Mar 26 11:49:58 +0000 2025,Abderraman II https://t.co/VvNVTPV2LW,5322,1119,356,144352,37,0,0,1,0.0,neutral
1904849628895281287,gabrielrufian,Gabriel Rufian,Wed Mar 26 10:55:16 +0000 2025,La pregunta del millón. https://t.co/TNrq6S1wFV,7918,1766,374,254793,47,0,0,1,0.0,neutral
1904267087650132159,gabrielrufian,Gabriel Rufian,Mon Mar 24 20:20:27 +0000 2025,Cospedal no le dice la verdad ni al médico. https://t.co/aHyyEeeCSa,13768,3949,1314,374513,67,0,0,1,-0.296,negative
1902684240736555450,gabrielrufian,Gabriel Rufian,Thu Mar 20 11:30:47 +0000 2025,"NO a la Agencia de Salud Pública. 

PP
VOX 
JUNTS

Otra vez. https://t.co/PvuwoBntTx",15444,4604,1852,616908,84,0,0,1,-0.4466,negative
1902621394636013809,gabrielrufian,Gabriel Rufian,Thu Mar 20 07:21:04 +0000 2025,"Respondre a Junts sempre té un cost.

Polític, mediàtic i digital. 

Però mentre jo sigui portaveu d'ERC al Congrés se'ns respectarà i respondrem a cadascuna de les seves agressions.

Costi el que costi.

(Ja poden escriure els seus tuits i articles a sou, opinadors) https://t.co/00O5CY2cPN",3374,745,652,263139,291,0,0,1,0.0,neutral
1902286512051376377,gabrielrufian,Gabriel Rufian,Wed Mar 19 09:10:21 +0000 2025,"Fer rodes de premsa amb la bandera d'🇪🇸 ❌

Ficar amics a empreses d'🇪🇸 ✅ https://t.co/dSBNXhvxnD",3821,863,663,271925,96,0,0,1,0.0,neutral
1902273589446885662,gabrielrufian,Gabriel Rufian,Wed Mar 19 08:19:00 +0000 2025,🐀,695,113,724,400004,1,0,0,0,0.0,neutral
1901703397243335119,gabrielrufian,Gabriel Rufian,Mon Mar 17 18:33:16 +0000 2025,https://t.co/UQVIrP7jf4,68,15,11,3435,23,0,0,1,0.0,neutral
1901656478353592504,gabrielrufian,Gabriel Rufian,Mon Mar 17 15:26:50 +0000 2025,"‘Inundan cada rincón'.

O es bobo o es mala gente.

O probablemente es ambas cosas.",1767,368,129,43896,83,0,0,0,0.0,neutral
1901621107490230309,gabrielrufian,Gabriel Rufian,Mon Mar 17 13:06:17 +0000 2025,https://t.co/yrOysnUyir,1920,528,81,83454,23,0,0,1,0.0,neutral
1901547767454933180,gabrielrufian,Gabriel Rufian,Mon Mar 17 08:14:51 +0000 2025,Cal reconèixer la jeta que tenen. https://t.co/g7w64JN2T2,220,69,193,39281,57,0,0,1,0.0,neutral
1905364527622860854,gabrielrufian,Gabriel Rufian,Thu Mar 27 21:01:18 +0000 2025,"50.021 asesinados en Gaza.
15.607 tenían menos de 18 años. 
876 tenían menos de 1 año. 

Aquí están sus nombres. 

Así se 'defiende' Israel.

Estado genocida. https://t.co/7I4OwPJdN8",12532,4842,782,403111,182,0,0,1,0.0,neutral
1905308122563981587,gabrielrufian,Gabriel Rufian,Thu Mar 27 17:17:09 +0000 2025,"Merci per la difusió, @joanmariapique. https://t.co/FdHtxTEQ2t",1769,483,122,50647,62,0,1,1,0.0,neutral
1905297725702201509,gabrielrufian,Gabriel Rufian,Thu Mar 27 16:35:51 +0000 2025,"Gracias per la difusión, @RaholaOficial. https://t.co/MttS7cgz5l",7888,1870,458,254851,64,0,1,1,0.0,neutral
1905192757339001025,gabrielrufian,Gabriel Rufian,Thu Mar 27 09:38:44 +0000 2025,Feijóo i Junts. https://t.co/XZ0Py7wGFl,639,139,163,26812,39,0,0,1,0.0,neutral
1905173316748402797,gabrielrufian,Gabriel Rufian,Thu Mar 27 08:21:29 +0000 2025,Feijóo no puede gobernar (de momento). https://t.co/oB6yEqiBho,5450,1495,275,116028,62,0,0,1,-0.296,negative
1904963367413883115,gabrielrufian,Gabriel Rufian,Wed Mar 26 18:27:13 +0000 2025,Hoy se va un extraordinario orador y un gran tipo. https://t.co/F4xlIm6Vwd,6305,737,816,172301,74,0,0,1,0.0,neutral
1904863396291391917,gabrielrufian,Gabriel Rufian,Wed Mar 26 11:49:58 +0000 2025,Abderraman II https://t.co/VvNVTPV2LW,5322,1119,356,144352,37,0,0,1,0.0,neutral
1904849628895281287,gabrielrufian,Gabriel Rufian,Wed Mar 26 10:55:16 +0000 2025,La pregunta del millón. https://t.co/TNrq6S1wFV,7918,1766,374,254793,47,0,0,1,0.0,neutral
1904267087650132159,gabrielrufian,Gabriel Rufian,Mon Mar 24 20:20:27 +0000 2025,Cospedal no le dice la verdad ni al médico. https://t.co/aHyyEeeCSa,13768,3949,1314,374513,67,0,0,1,-0.296,negative
1902684240736555450,gabrielrufian,Gabriel Rufian,Thu Mar 20 11:30:47 +0000 2025,"NO a la Agencia de Salud Pública. 

PP
VOX 
JUNTS

Otra vez. https://t.co/PvuwoBntTx",15444,4604,1852,616908,84,0,0,1,-0.4466,negative
1902621394636013809,gabrielrufian,Gabriel Rufian,Thu Mar 20 07:21:04 +0000 2025,"Respondre a Junts sempre té un cost.

Polític, mediàtic i digital. 

Però mentre jo sigui portaveu d'ERC al Congrés se'ns respectarà i respondrem a cadascuna de les seves agressions.

Costi el que costi.

(Ja poden escriure els seus tuits i articles a sou, opinadors) https://t.co/00O5CY2cPN",3374,745,652,263139,291,0,0,1,0.0,neutral
1902286512051376377,gabrielrufian,Gabriel Rufian,Wed Mar 19 09:10:21 +0000 2025,"Fer rodes de premsa amb la bandera d'🇪🇸 ❌

Ficar amics a empreses d'🇪🇸 ✅ https://t.co/dSBNXhvxnD",3821,863,663,271925,96,0,0,1,0.0,neutral
1902273589446885662,gabrielrufian,Gabriel Rufian,Wed Mar 19 08:19:00 +0000 2025,🐀,695,113,724,400004,1,0,0,0,0.0,neutral
1901703397243335119,gabrielrufian,Gabriel Rufian,Mon Mar 17 18:33:16 +0000 2025,https://t.co/UQVIrP7jf4,68,15,11,3435,23,0,0,1,0.0,neutral
1901656478353592504,gabrielrufian,Gabriel Rufian,Mon Mar 17 15:26:50 +0000 2025,"‘Inundan cada rincón'.

O es bobo o es mala gente.

O probablemente es ambas cosas.",1767,368,129,43896,83,0,0,0,0.0,neutral
1901621107490230309,gabrielrufian,Gabriel Rufian,Mon Mar 17 13:06:17 +0000 2025,https://t.co/yrOysnUyir,1920,528,81,83454,23,0,0,1,0.0,neutral
1901547767454933180,gabrielrufian,Gabriel Rufian,Mon Mar 17 08:14:51 +0000 2025,Cal reconèixer la jeta que tenen. https://t.co/g7w64JN2T2,220,69,193,39281,57,0,0,1,0.0,neutral
1905364527622860854,gabrielrufian,Gabriel Rufian,Thu Mar 27 21:01:18 +0000 2025,"50.021 asesinados en Gaza.
15.607 tenían menos de 18 años. 
876 tenían menos de 1 año. 

Aquí están sus nombres. 

Así se 'defiende' Israel.

Estado genocida. https://t.co/7I4OwPJdN8",12532,4842,782,403111,182,0,0,1,0.0,neutral
1905308122563981587,gabrielrufian,Gabriel Rufian,Thu Mar 27 17:17:09 +0000 2025,"Merci per la difusió, @joanmariapique. https://t.co/FdHtxTEQ2t",1769,483,122,50647,62,0,1,1,0.0,neutral
1905297725702201509,gabrielrufian,Gabriel Rufian,Thu Mar 27 16:35:51 +0000 2025,"Gracias per la difusión, @RaholaOficial. https://t.co/MttS7cgz5l",7888,1870,458,254851,64,0,1,1,0.0,neutral
1905192757339001025,gabrielrufian,Gabriel Rufian,Thu Mar 27 09:38:44 +0000 2025,Feijóo i Junts. https://t.co/XZ0Py7wGFl,639,139,163,26812,39,0,0,1,0.0,neutral
1905173316748402797,gabrielrufian,Gabriel Rufian,Thu Mar 27 08:21:29 +0000 2025,Feijóo no puede gobernar (de momento). https://t.co/oB6yEqiBho,5450,1495,275,116028,62,0,0,1,-0.296,negative
1904963367413883115,gabrielrufian,Gabriel Rufian,Wed Mar 26 18:27:13 +0000 2025,Hoy se va un extraordinario orador y un gran tipo. https://t.co/F4xlIm6Vwd,6305,737,816,172301,74,0,0,1,0.0,neutral
1904863396291391917,gabrielrufian,Gabriel Rufian,Wed Mar 26 11:49:58 +0000 2025,Abderraman II https://t.co/VvNVTPV2LW,5322,1119,356,144352,37,0,0,1,0.0,neutral
1904849628895281287,gabrielrufian,Gabriel Rufian,Wed Mar 26 10:55:16 +0000 2025,La pregunta del millón. https://t.co/TNrq6S1wFV,7918,1766,374,254793,47,0,0,1,0.0,neutral
1904267087650132159,gabrielrufian,Gabriel Rufian,Mon Mar 24 20:20:27 +0000 2025,Cospedal no le dice la verdad ni al médico. https://t.co/aHyyEeeCSa,13768,3949,1314,374513,67,0,0,1,-0.296,negative
1902684240736555450,gabrielrufian,Gabriel Rufian,Thu Mar 20 11:30:47 +0000 2025,"NO a la Agencia de Salud Pública. 

PP
VOX 
JUNTS

Otra vez. https://t.co/PvuwoBntTx",15444,4604,1852,616908,84,0,0,1,-0.4466,negative
1902621394636013809,gabrielrufian,Gabriel Rufian,Thu Mar 20 07:21:04 +0000 2025,"Respondre a Junts sempre té un cost.

Polític, mediàtic i digital. 

Però mentre jo sigui portaveu d'ERC al Congrés se'ns respectarà i respondrem a cadascuna de les seves agressions.

Costi el que costi.

(Ja poden escriure els seus tuits i articles a sou, opinadors) https://t.co/00O5CY2cPN",3374,745,652,263139,291,0,0,1,0.0,neutral
1902286512051376377,gabrielrufian,Gabriel Rufian,Wed Mar 19 09:10:21 +0000 2025,"Fer rodes de premsa amb la bandera d'🇪🇸 ❌

Ficar amics a empreses d'🇪🇸 ✅ https://t.co/dSBNXhvxnD",3821,863,663,271925,96,0,0,1,0.0,neutral
1902273589446885662,gabrielrufian,Gabriel Rufian,Wed Mar 19 08:19:00 +0000 2025,🐀,695,113,724,400004,1,0,0,0,0.0,neutral
1901703397243335119,gabrielrufian,Gabriel Rufian,Mon Mar 17 18:33:16 +0000 2025,https://t.co/UQVIrP7jf4,68,15,11,3435,23,0,0,1,0.0,neutral
1901656478353592504,gabrielrufian,Gabriel Rufian,Mon Mar 17 15:26:50 +0000 2025,"‘Inundan cada rincón'.

O es bobo o es mala gente.

O probablemente es ambas cosas.",1767,368,129,43896,83,0,0,0,0.0,neutral
1901621107490230309,gabrielrufian,Gabriel Rufian,Mon Mar 17 13:06:17 +0000 2025,https://t.co/yrOysnUyir,1920,528,81,83454,23,0,0,1,0.0,neutral
1901547767454933180,gabrielrufian,Gabriel Rufian,Mon Mar 17 08:14:51 +0000 2025,Cal reconèixer la jeta que tenen. https://t.co/g7w64JN2T2,220,69,193,39281,57,0,0,1,0.0,neutral
1938151701036573038,gabrielrufian,Gabriel Rufian,Thu Jun 26 08:25:49 +0000 2025,Manda bemoles escuchar a Felipe González hablando de 'amnistías vergonzosas y corrupción política' cuando él indultó y ayudó a indultar a golpistas fascistas y a secuestradores del GAL mientras le salían los casos de corrupción y robo por la orejas.,21684,7136,1517,551242,249,0,0,0,0.0,neutral
1937906374375301596,gabrielrufian,Gabriel Rufian,Wed Jun 25 16:10:58 +0000 2025,Sobre Trump. https://t.co/IrZYcmEDmN,3131,598,198,86285,36,0,0,1,0.0,neutral
1937779242831319546,gabrielrufian,Gabriel Rufian,Wed Jun 25 07:45:48 +0000 2025,Hay un espacio a conquistar. https://t.co/nLekhnTRl6,3339,679,345,450182,52,0,0,1,0.0,neutral
1937526397427130613,gabrielrufian,Gabriel Rufian,Tue Jun 24 15:01:05 +0000 2025,¿Qué pasa cuando el PP manda? https://t.co/1hhcwhbg1D,7762,2651,449,151114,53,0,0,1,0.0,neutral
1937465745882976432,gabrielrufian,Gabriel Rufian,Tue Jun 24 11:00:04 +0000 2025,"Tiene tanto aliño que ha matado a Begoña Gómez, Elisa.",4115,752,254,355299,54,0,0,0,0.34,positive
1937453221322326045,gabrielrufian,Gabriel Rufian,Tue Jun 24 10:10:18 +0000 2025,"El juez Peinado dice que Bolaños p'alante porque conoció a la asesora de Begoña Gómez en el tanatorio por la muerte de Begoña Gómez. 

Repito. En el tanatorio por la muerte de Begoña Gómez.

Yo entiendo que van con todo pero un mínimo de decoro sería exigible. https://t.co/PR1EymeDEM",15811,5541,1451,630553,284,0,0,1,0.0,neutral
1936764122932085086,gabrielrufian,Gabriel Rufian,Sun Jun 22 12:32:04 +0000 2025,"Vayamos a por las corruptoras. 

Vayamos a por las constructoras. https://t.co/6JQR4MLLza",8351,2478,1846,537186,89,0,0,1,0.0,neutral
1936052940445225280,gabrielrufian,Gabriel Rufian,Fri Jun 20 13:26:05 +0000 2025,https://t.co/t1kbKt6H3f,20672,2947,2722,2626981,23,0,0,1,0.0,neutral
1935989302573371775,gabrielrufian,Gabriel Rufian,Fri Jun 20 09:13:13 +0000 2025,"La narcosala digital convergent comprant la mercaderia feixista espanyola.

Està passant. 

Que corri. https://t.co/99VAmvdf7J",946,177,406,172582,126,0,0,1,0.0,neutral
1935985967686422672,gabrielrufian,Gabriel Rufian,Fri Jun 20 08:59:58 +0000 2025,"CONGRESO

1) Personas pidiendo pensiones dignas: 

A 150 metros. 

2) Personas insultando con banderita:

Enfrente.

POR LO QUE SEA.

Aquí la secuencia completa. https://t.co/12UVmGkrKs",8084,2233,798,320011,185,0,0,1,0.0,neutral
1935704583558381645,gabrielrufian,Gabriel Rufian,Thu Jun 19 14:21:51 +0000 2025,"Lo de Cerdán, la OTAN, el gasto militar, el Consejo de Europa y una reunión de la ONU en la misma comparecencia. 

Buen gazpacho. 

Oye @desdelamoncloa, dejad de cavar, por favor. https://t.co/cXMkQG1pU2",921,220,339,139438,203,0,1,1,0.4019,positive
1935612263248912767,gabrielrufian,Gabriel Rufian,Thu Jun 19 08:15:00 +0000 2025,"Coincidí con ella en algún debate.

Siempre íntegra e inteligente.

Descanse en paz.",2246,86,94,185196,84,0,0,0,0.0,neutral
1935345204393033828,gabrielrufian,Gabriel Rufian,Wed Jun 18 14:33:48 +0000 2025,"Solo hay 3 cosas claras sobre esto:

1) Junts JAMÁS lo va a aprobar. 

2) Yolanda Díaz lo SABE (y calla). 

3) En Catalunya se va a BLANQUEAR. https://t.co/bup4XwRz8L",1677,367,208,270036,166,0,0,1,0.0,neutral
1935290238923870579,gabrielrufian,Gabriel Rufian,Wed Jun 18 10:55:23 +0000 2025,La izquierda no puede robar. https://t.co/PvIdz5eMqe,17887,4021,2839,953785,52,0,0,1,-0.296,negative
1934937330969669895,gabrielrufian,Gabriel Rufian,Tue Jun 17 11:33:03 +0000 2025,"Nos dicen que el Presidente no puede comparecer YA en el Congreso porque 'tiene que cumplir con su agenda internacional'.

Deberían entender que para seguir cumpliendo con esa agenda internacional debe seguir siendo Presidente.",17761,2070,3483,941490,227,0,0,0,-0.296,negative
1933215347848429940,gabrielrufian,Gabriel Rufian,Thu Jun 12 17:30:30 +0000 2025,"Solo 2 cosas. 

La 1ª. Ya tienes que ser chungo como para que nadie más allá de VOX te apoye como alternativa ante lo que está pasando.

Y la 2ª. Todo esto depende de la derecha catalana y quien lea al agente doble (y triple) del abogado de Waterloo sabe que el momento se acerca.",10846,2113,3281,1042390,280,0,0,0,0.0,neutral
1932711811570102560,gabrielrufian,Gabriel Rufian,Wed Jun 11 08:09:38 +0000 2025,"En realidad has preguntado al Presidente del Gobierno si va a cesar al Fiscal General del Estado pero no hay ninguna ley que permita al Presidente del Gobierno cesar al Fiscal General del Estado. 

Lo digo sobre todo porque quieres ser Presidente, @NunezFeijoo.",10264,2731,893,457516,261,0,1,0,-0.296,negative
1932706961172410803,gabrielrufian,Gabriel Rufian,Wed Jun 11 07:50:22 +0000 2025,"Los diputados de VOX gritan, insultan y patalean (literalmente) porque Sánchez sale ahora del hemiciclo. 

Abascal ni ha aparecido. 

Son las 9:50h.

Diría que es buen ejemplo de lo que hay.",15291,3374,962,370403,190,0,0,0,0.34,positive
1932470757130473780,gabrielrufian,Gabriel Rufian,Tue Jun 10 16:11:46 +0000 2025,"Liberté, Égalité, Vergonyé.",18515,3288,1882,668487,27,0,0,0,0.0,neutral
1932412470963945826,gabrielrufian,Gabriel Rufian,Tue Jun 10 12:20:10 +0000 2025,"El juez Hurtado no quiso juzgar al ejército de EEUU tras el asesinato de José Couso en Bagdad, no quiso condenar al PP por la Gürtel, no quiso que Rajoy declarara por la Gürtel, fue magistrado del CGPJ por el PP y fue asesor de gobierno de Esperanza Aguirre del PP. 

Pero no",22531,11723,832,467711,275,0,0,0,-0.7783,negative
1932379263656992958,gabrielrufian,Gabriel Rufian,Tue Jun 10 10:08:12 +0000 2025,Y la F1 no iba a costar nada y ya van 136 millones. https://t.co/C6hbdrp6ol,12049,2892,1023,544138,75,0,0,1,-0.296,negative
1932336322930241784,gabrielrufian,Gabriel Rufian,Tue Jun 10 07:17:35 +0000 2025,"Pone Spain y no España, @IdiazAyuso.

Yo me levantaba y me iba.",40007,5990,3912,1903511,63,0,1,0,-0.296,negative
1932132481760887212,gabrielrufian,Gabriel Rufian,Mon Jun 09 17:47:35 +0000 2025,"Guerra judicial, fachas en la calle y mentiras en la tele.

La fórmula siempre es la misma. 

Y derroca gobiernos. 

Sobre todo a aquellos que no hacen nada para cambiarlo.",11130,3556,1028,282711,172,0,0,0,-0.296,negative
1932017112362393960,gabrielrufian,Gabriel Rufian,Mon Jun 09 10:09:09 +0000 2025,Las milongas que explican los fachas cuando se les pilla haciendo cosas fachas.,9884,1356,548,616980,79,0,0,0,0.0,neutral
1931785480053350587,gabrielrufian,Gabriel Rufian,Sun Jun 08 18:48:43 +0000 2025,Qué locura 🎾,1714,57,233,121335,12,0,0,0,0.0,neutral
1931731903662415978,gabrielrufian,Gabriel Rufian,Sun Jun 08 15:15:50 +0000 2025,"Borra, @IdiazAyuso",24082,3914,586,771375,18,0,1,0,0.0,neutral
1931667946771808308,gabrielrufian,Gabriel Rufian,Sun Jun 08 11:01:41 +0000 2025,Feijóo cree liderar una manifestación contra Sánchez cuando en realidad está participando en un complot contra sí mismo.,15768,3831,782,423407,120,0,0,0,0.0,neutral
1930927833087418527,gabrielrufian,Gabriel Rufian,Fri Jun 06 10:00:44 +0000 2025,Dos noticias juntas se entienden mejor. https://t.co/kDvogaRMJv,9225,3531,490,208542,63,0,0,1,0.0,neutral
1930921142161666514,gabrielrufian,Gabriel Rufian,Fri Jun 06 09:34:09 +0000 2025,El problema no es lo que hace o dice Ayuso el problema es que lo hace y lo dice porque sabe que le votan precisamente por eso.,16456,3144,3229,934638,126,0,0,0,-0.296,negative
1930918160703594777,gabrielrufian,Gabriel Rufian,Fri Jun 06 09:22:18 +0000 2025,"Pues al final sí le ha dicho que se vaya 😂

Tendría retorno.",3850,517,437,192467,60,0,0,0,0.6486,positive
1930914100583756081,gabrielrufian,Gabriel Rufian,Fri Jun 06 09:06:10 +0000 2025,"Pues al final cuando se ha hablado en catalán Ayuso ni se ha ido ni se ha puesto un pinganillo.

Igual porque ya lleva uno y le ha dicho que no se vaya.",15796,2908,1177,793776,152,0,0,0,0.7506,positive
1930725953098879424,gabrielrufian,Gabriel Rufian,Thu Jun 05 20:38:33 +0000 2025,"Pues se acabó el debate.

304. https://t.co/yE5hmYrH5v",15248,891,414,370986,54,0,0,1,0.0,neutral
1930512415310934125,gabrielrufian,Gabriel Rufian,Thu Jun 05 06:30:01 +0000 2025,"Ojalá hubierais mandado la alerta tan rápido el día de la DANA, @pp_paiporta.",6280,1236,182,164659,77,0,1,0,0.0,neutral
1930244786360918299,gabrielrufian,Gabriel Rufian,Wed Jun 04 12:46:33 +0000 2025,Guapísimo lo último de @Pantomima_Full.,13701,1665,806,812718,39,0,1,0,0.0,neutral
1930189161291530650,gabrielrufian,Gabriel Rufian,Wed Jun 04 09:05:31 +0000 2025,Al menos esto hacía gracia. https://t.co/V59jv75zY1,1204,109,263,59701,51,0,0,1,0.0,neutral
1930170352379769191,gabrielrufian,Gabriel Rufian,Wed Jun 04 07:50:47 +0000 2025,"En mi opinión esta debe ser la vía. 

Para toda la izquierda. https://t.co/Qp7J6JOHaC",2841,772,281,64904,85,0,0,1,0.0,neutral
1929516350147317868,gabrielrufian,Gabriel Rufian,Mon Jun 02 12:32:01 +0000 2025,Artículo 15. https://t.co/skfZbZyJes,1517,298,78,31997,36,0,0,1,0.0,neutral
1929508618191221222,gabrielrufian,Gabriel Rufian,Mon Jun 02 12:01:17 +0000 2025,Artículo 5. https://t.co/leXlpq1vl1,5618,1111,304,250214,35,0,0,1,0.0,neutral
1929070444772032926,gabrielrufian,Gabriel Rufian,Sun Jun 01 07:00:09 +0000 2025,"'Arrepentíos y convertíos, para que sean borrados vuestros pecados.' https://t.co/Z7YEC2NCmH",2960,185,144,138424,92,0,0,1,0.0,neutral
1928763867154239576,gabrielrufian,Gabriel Rufian,Sat May 31 10:41:55 +0000 2025,"Hay que echarle mucha jeta para escribir esto la misma semana que meten en el talego a tu Secretario de Estado y teniendo tú mismo una petición de condena de 15 años de cárcel y 33 de inhabilitación.

Un grande el Jorge. https://t.co/yrpiLNo29w",13438,5389,1021,186671,244,0,0,1,0.0,neutral
1928741009980109047,gabrielrufian,Gabriel Rufian,Sat May 31 09:11:05 +0000 2025,Sobre Junts y la Reducción de la Jornada Laboral. https://t.co/lSfgiECpgv,795,246,141,50436,73,0,0,1,0.0,neutral
1928110416766390736,gabrielrufian,Gabriel Rufian,Thu May 29 15:25:20 +0000 2025,Ser útil. https://t.co/bJamhWvawZ,1854,330,513,88737,33,0,0,1,0.0,neutral
1928040370811580904,gabrielrufian,Gabriel Rufian,Thu May 29 10:47:00 +0000 2025,Dicho esto. Quién crea que a Junts le penalizaría entrar en una moción de censura con VOX por medio desconoce absolutamente el control mediático y digital que sostiene en Catalunya.,2382,434,146,76041,181,0,0,0,0.0,neutral
1928039272726098203,gabrielrufian,Gabriel Rufian,Thu May 29 10:42:38 +0000 2025,"Feijóo pide el apoyo a una moción de censura a partidos que su principal socio de gobierno ilegalizaría, prometiendo gestión mientras sostiene a Mazón y para salvar a los medios de comunicación en una rueda de prensa con preguntas vetadas a los medios de comunicación. 

Como",13050,3998,1020,395637,275,0,0,0,0.0,neutral
1927973770293068102,gabrielrufian,Gabriel Rufian,Thu May 29 06:22:21 +0000 2025,"No fem soflames buides.

No tenim mercenaris mediàtics. 

No fem jugades mestres que són mentida.

Simplement, treballem per Catalunya. 

I la seva gent.

Més diners pels ajuntaments.
https://t.co/sldX9u6U5c",410,94,477,42149,207,0,0,1,-0.6808,negative
1927653514169246078,gabrielrufian,Gabriel Rufian,Wed May 28 09:09:46 +0000 2025,Se'n diu patriotisme. https://t.co/CvhDiqzuYw,768,179,250,41365,45,0,0,1,0.0,neutral
1927072528247161182,gabrielrufian,Gabriel Rufian,Mon May 26 18:41:08 +0000 2025,Y los hay a espuertas. https://t.co/NJetGC3Y5E,3806,947,151,61428,46,0,0,1,0.0,neutral
1927070944746483767,gabrielrufian,Gabriel Rufian,Mon May 26 18:34:51 +0000 2025,"54.000 asesinados.
17.000 de ellos niños.
800 con menos de 1 año.
14.000 más muriéndose de hambre.

Esto es una escuela ardiendo en Gaza hoy y la sombra es una niña deambulando por las llamas.

Ya hay que ser malnacido para justificar a Israel y al asesino de su Presidente. https://t.co/Kt46NS2J32",21600,9152,1278,547400,298,0,0,1,0.0,neutral
1926346258110709858,gabrielrufian,Gabriel Rufian,Sat May 24 18:35:12 +0000 2025,https://t.co/SIuixSujqL,2024,164,409,275952,23,0,0,1,0.0,neutral
1925809245632520573,gabrielrufian,Gabriel Rufian,Fri May 23 07:01:18 +0000 2025,Tothom hauria de seguir a @laurevega.,548,80,327,117372,37,0,1,0,0.0,neutral
1925121939795767764,gabrielrufian,Gabriel Rufian,Wed May 21 09:30:12 +0000 2025,Mírenme a la cara. https://t.co/fecTAYlv0b,15837,4906,822,431799,42,0,0,1,0.0,neutral
1925108251693134095,gabrielrufian,Gabriel Rufian,Wed May 21 08:35:48 +0000 2025,🛑💰🇮🇱 https://t.co/kC4cNzzeoA,1242,257,155,66356,28,0,0,1,-0.296,negative
1924891210402943299,gabrielrufian,Gabriel Rufian,Tue May 20 18:13:21 +0000 2025,🇵🇸 https://t.co/RniwYyCwnj,21296,6460,875,1023243,26,0,0,1,0.0,neutral
1924821674395840863,gabrielrufian,Gabriel Rufian,Tue May 20 13:37:03 +0000 2025,"Som tots uns butiflers, Capitana Orriols. https://t.co/rr3dH9O1jq",1307,166,795,371055,65,0,0,1,0.0,neutral
1924817451625165013,gabrielrufian,Gabriel Rufian,Tue May 20 13:20:16 +0000 2025,"Tothom té idols. 

O jefes. https://t.co/dyI34KuaE7",418,52,260,98902,51,0,0,1,0.0,neutral
1924491888226103483,gabrielrufian,Gabriel Rufian,Mon May 19 15:46:36 +0000 2025,Qui serà? https://t.co/ijJR2xShux,671,143,169,49372,33,0,0,1,0.0,neutral
1924044794566750639,gabrielrufian,Gabriel Rufian,Sun May 18 10:10:00 +0000 2025,"El apoyo a Israel y de facto al asesinato organizado y diario de cientos de personas (casi todos niños) solo se entiende en una época y en un contexto en el que simplemente está de moda ser un mal nacido. 

Ser mala gente. 

Ser el amigo del bully que se ríe mientras pega.",20778,5693,1914,462303,273,0,0,0,-0.4939,negative
1922949765261635973,gabrielrufian,Gabriel Rufian,Thu May 15 09:38:45 +0000 2025,"No fem soflames buides.

No tenim mercenaris mediàtics. 

No fem jugades mestres que són mentida.

Simplement, treballem per Catalunya. 

I la seva gent.",565,105,294,104872,153,0,0,0,-0.6808,negative
1922925147138249199,gabrielrufian,Gabriel Rufian,Thu May 15 08:00:55 +0000 2025,¿Periodistas o activistas? https://t.co/PKjIBbDFAv,3723,1287,643,110462,50,0,0,1,0.0,neutral
1922684444160258307,gabrielrufian,Gabriel Rufian,Wed May 14 16:04:27 +0000 2025,Yo quiero saber los whatssaps de Feijóo y Mazón. https://t.co/oGruBTDxOr,7784,2090,1232,184963,72,0,0,1,0.0,neutral
1922583029479776555,gabrielrufian,Gabriel Rufian,Wed May 14 09:21:28 +0000 2025,Golpe de Estado. https://t.co/atmNLo6qLw,8299,2801,750,215752,40,0,0,1,0.0,neutral
1922374079580869061,gabrielrufian,Gabriel Rufian,Tue May 13 19:31:11 +0000 2025,"Se va el último grande. 

Inspiración eterna. 

Descanse en paz.",12062,1431,408,313888,64,0,0,0,0.0,neutral
1922283495302234125,gabrielrufian,Gabriel Rufian,Tue May 13 13:31:14 +0000 2025,"No fem soflames buides.

No tenim mercenaris mediàtics. 

No fem jugades mestres que són mentida.

Simplement, treballem per Catalunya. 

I la seva gent.

A tot arreu.",279,64,181,38719,167,0,0,0,-0.6808,negative
1921998666803405009,gabrielrufian,Gabriel Rufian,Mon May 12 18:39:25 +0000 2025,"Sobre @monicaoltra. 

Alto y claro. https://t.co/QvVVmZnCrF",7799,2882,506,357234,59,0,1,1,0.0,neutral
1921603837707669996,gabrielrufian,Gabriel Rufian,Sun May 11 16:30:31 +0000 2025,Una es mano y la otra no porque Tchouaméni es portero. https://t.co/zkDsmmtCKI,14614,2256,903,483919,78,0,0,1,-0.296,negative
1921600378660913650,gabrielrufian,Gabriel Rufian,Sun May 11 16:16:46 +0000 2025,Si el Madrid llega a empatar Hernández Hernández te pita prórroga y penaltis.,16572,1693,383,381291,77,0,0,0,-0.5267,negative
1921514455550017757,gabrielrufian,Gabriel Rufian,Sun May 11 10:35:20 +0000 2025,"1) El vam tractar amb respecte.

2) El vam reconèixer com a victima.

3) L'hi vam preguntar pels diners de la familia fora i per la seva relació amb Jordi Pujol Ferrusola quan era Conseller. 

4) No li va agradar. Normal. Però allò no era un bany i massatge.

5) Vam fer la nostra",336,83,362,80681,280,0,0,0,-0.5267,negative
1921476617223741670,gabrielrufian,Gabriel Rufian,Sun May 11 08:04:59 +0000 2025,"3 coses:

1) És mentida. El padró no és un premi, és un dret. 

2) És absurd. Empadronar no frena cap ocupació.

3) No és valent. És una racistada més en la competició que es porten aquests amb AC per a veure qui és pitjor gent.",664,159,432,85701,228,0,0,0,-0.6808,negative
1920748809702809983,gabrielrufian,Gabriel Rufian,Fri May 09 07:52:56 +0000 2025,Solo hay algo peor que tirarse un tiro en el pie… https://t.co/VROD90pVel,2277,771,206,64326,73,0,0,1,0.0,neutral
1920520795563893075,gabrielrufian,Gabriel Rufian,Thu May 08 16:46:53 +0000 2025,OJALÁ https://t.co/sUue66QiJv,278,51,58,21954,29,0,0,1,0.0,neutral
1920469745251328252,gabrielrufian,Gabriel Rufian,Thu May 08 13:24:02 +0000 2025,"A veure si et donen un càrrec ja que estàs molt pesat, Gorka.

Merci per la difusió.",358,68,280,53102,84,0,0,0,0.0,neutral
1920468203303539162,gabrielrufian,Gabriel Rufian,Thu May 08 13:17:54 +0000 2025,'Anfany' https://t.co/qICAmemWJU,246,65,155,62483,32,0,0,1,0.0,neutral
1920376238390014110,gabrielrufian,Gabriel Rufian,Thu May 08 07:12:28 +0000 2025,Van trigar una eternitat. https://t.co/RPSYANafLs,405,105,69,21915,49,0,0,1,0.0,neutral
1920365910667284902,gabrielrufian,Gabriel Rufian,Thu May 08 06:31:26 +0000 2025,"No fem soflames buides.

No tenim mercenaris mediàtics a sou. 

No fem jugades mestres que son mentida.

Simplement, treballem per Catalunya. 

I la seva gent.
https://t.co/Ikd7UHlPpy",172,49,367,42934,183,0,0,1,-0.6808,negative
1920086080377725219,gabrielrufian,Gabriel Rufian,Wed May 07 11:59:29 +0000 2025,"Mercenarios de los lobbies.

De Tellado a Buxadé, pasando por Rahola y el abogado. https://t.co/9szQ7IKSrZ",6349,2304,501,154400,106,0,0,1,0.0,neutral
1919683209576493469,gabrielrufian,Gabriel Rufian,Tue May 06 09:18:37 +0000 2025,Dir la veritat sempre té un cost però és un cost que sempre assumirem. https://t.co/FW2MEs64uo,176,49,260,32550,94,0,0,1,0.0,neutral
1919451493934985304,gabrielrufian,Gabriel Rufian,Mon May 05 17:57:52 +0000 2025,💰 https://t.co/qOngXC1CJ5,47,9,37,14958,25,0,0,1,0.0,neutral
1919442601595269358,gabrielrufian,Gabriel Rufian,Mon May 05 17:22:32 +0000 2025,"El titular.                                  La veritat.

*el que no hem fet és un massatge, sap greu. https://t.co/M0Z0xllWTj",245,59,306,62048,126,0,0,1,-0.296,negative
1919365293781987769,gabrielrufian,Gabriel Rufian,Mon May 05 12:15:20 +0000 2025,"Ni d’esquerres
Ni de dretes
Ni de drets

Catalans!*

*però de la patronal.",3385,656,435,209760,74,0,0,0,0.0,neutral
1918988419302092823,gabrielrufian,Gabriel Rufian,Sun May 04 11:17:46 +0000 2025,Junts vota a favor de l'OPA del BBVA al Sabadell perquè està en contra de l’OPA del BBVA al Sabadell. https://t.co/RsDP4eaCKA,1275,280,220,84706,125,0,0,1,0.4019,positive
1917469989575020722,gabrielrufian,Gabriel Rufian,Wed Apr 30 06:44:05 +0000 2025,"🔴 ALERTA BULO

Fascistas españoles y neoconvergentes catalanes llevan 3 días retuiteando intervenciones de hace 4 años de algunos de nosotros negando un bulo pronucleares y antirenovables de la extrema derecha que decía que iba haber un gran apagón europeo por FALTA de capacidad",5377,1869,1405,267460,279,0,0,0,0.0,neutral
1915758628084006960,gabrielrufian,Gabriel Rufian,Fri Apr 25 13:23:44 +0000 2025,🐐 https://t.co/s1YYxg0LBz,1273,104,576,85072,25,0,0,1,0.0,neutral
1915408039684800763,gabrielrufian,Gabriel Rufian,Thu Apr 24 14:10:37 +0000 2025,"Pedimos junto con BNG y Bildu la comparecencia de Marlaska por la compra de armamento al Estado genocida de Israel.

Si no se va, al menos que se explique. https://t.co/FkUl4BSAIX",3437,849,560,96359,179,0,0,1,-0.296,negative
1914928544343298135,gabrielrufian,Gabriel Rufian,Wed Apr 23 06:25:17 +0000 2025,"Un dia on la gent es regala cultura i amor és un bon dia.

Feliç Diada de Sant Jordi 🌹📚",3384,312,206,98931,87,0,0,0,0.6124,positive
1914649449621553274,gabrielrufian,Gabriel Rufian,Tue Apr 22 11:56:15 +0000 2025,"Es capaz de instaurar 3 días de luto en un Estado aconfesional por la muerte de un Papa pacifista y durante esos 3 días anunciar 10.000 millones de euros más en armas. 

Sánchez en estado puro.

Buen homenaje al primer aniversario de sus 5 días de ‘reflexión'.",8711,2418,1447,361195,260,0,0,0,0.0,neutral
1914284484108657064,gabrielrufian,Gabriel Rufian,Mon Apr 21 11:46:01 +0000 2025,"Jamás pensé que el mundo sería peor tras la muerte de un Papa.

Pero lo será. 

Y es precisamente lo mejor que se puede decir de Bergoglio.

Descanse en paz.",22908,2637,674,498097,157,0,0,0,0.0,neutral
1910612899418034369,gabrielrufian,Gabriel Rufian,Fri Apr 11 08:36:27 +0000 2025,"Aquí con ⁦@dtv_murciano⁩.

Un grande. https://t.co/yl4v2ZJk0e",847,64,38,47811,61,0,1,1,0.0,neutral
1910286859411808647,gabrielrufian,Gabriel Rufian,Thu Apr 10 11:00:53 +0000 2025,@luzsmellado @dtv_murciano 18 años. Talentazo.,113,3,7,5578,46,0,2,0,0.0,neutral
1910260738188365988,gabrielrufian,Gabriel Rufian,Thu Apr 10 09:17:05 +0000 2025,Menys lobbys i més Catalunya. https://t.co/qLUy8Hu0lJ,589,132,149,29178,53,0,0,1,0.0,neutral
1908803022857044246,gabrielrufian,Gabriel Rufian,Sun Apr 06 08:44:39 +0000 2025,🙄 https://t.co/65F35Rhdqh,45,16,9,18207,25,0,0,1,0.0,neutral
1908262748229701916,gabrielrufian,Gabriel Rufian,Fri Apr 04 20:57:47 +0000 2025,"Classisme.
Racisme.
Mediocritat.

Junts. https://t.co/tBATIYpZb7",2771,621,865,154377,64,0,0,1,0.0,neutral
1908089154627326043,gabrielrufian,Gabriel Rufian,Fri Apr 04 09:27:59 +0000 2025,20 años. https://t.co/1Kw1typdKV,1432,177,149,62606,32,0,0,1,0.0,neutral
1907700760617373798,gabrielrufian,Gabriel Rufian,Thu Apr 03 07:44:39 +0000 2025,"La culpa de que Trump imponga aranceles literalmente a todo el mundo es de todo el mundo menos de Trump.

Menos luces que vida laboral.",23741,4840,659,594243,135,0,0,0,0.0,neutral
1907535739291619576,gabrielrufian,Gabriel Rufian,Wed Apr 02 20:48:55 +0000 2025,"El control de Messi, el regate de Neymar y el pase de Iniesta. 

Qué escándalo lo de Yamal.",2627,146,177,188965,91,0,0,0,0.0,neutral
1907412322122899809,gabrielrufian,Gabriel Rufian,Wed Apr 02 12:38:30 +0000 2025,2019 https://t.co/RDRpmCqQdc,250,37,29,34776,28,0,0,1,0.0,neutral
1907348373281087634,gabrielrufian,Gabriel Rufian,Wed Apr 02 08:24:23 +0000 2025,https://t.co/oeM7ZNAs1J,164,65,12,20553,23,0,0,1,0.0,neutral
1907340352622576023,gabrielrufian,Gabriel Rufian,Wed Apr 02 07:52:31 +0000 2025,"El peor atentado de la historia reciente del sur de Europa fue financiado en parte con el dinero público que se pagaba a un confidente que resultó ser un terrorista yihadista. 

Responsables? 

Unos inútiles y negligentes más preocupados en buscar urnas que en hacer su trabajo. https://t.co/0TDY3KN8ai",2144,967,235,75166,302,0,0,1,0.0,neutral
1907131020979101773,gabrielrufian,Gabriel Rufian,Tue Apr 01 18:00:42 +0000 2025,🪤 https://t.co/iRCac1zLMx,328,85,55,24148,25,0,0,1,0.0,neutral
1938151701036573038,gabrielrufian,Gabriel Rufian,Thu Jun 26 08:25:49 +0000 2025,Manda bemoles escuchar a Felipe González hablando de 'amnistías vergonzosas y corrupción política' cuando él indultó y ayudó a indultar a golpistas fascistas y a secuestradores del GAL mientras le salían los casos de corrupción y robo por la orejas.,21684,7136,1517,551242,249,0,0,0,0.0,neutral
1937906374375301596,gabrielrufian,Gabriel Rufian,Wed Jun 25 16:10:58 +0000 2025,Sobre Trump. https://t.co/IrZYcmEDmN,3131,598,198,86285,36,0,0,1,0.0,neutral
1937779242831319546,gabrielrufian,Gabriel Rufian,Wed Jun 25 07:45:48 +0000 2025,Hay un espacio a conquistar. https://t.co/nLekhnTRl6,3340,679,345,450182,52,0,0,1,0.0,neutral
1937526397427130613,gabrielrufian,Gabriel Rufian,Tue Jun 24 15:01:05 +0000 2025,¿Qué pasa cuando el PP manda? https://t.co/1hhcwhbg1D,7763,2651,449,151114,53,0,0,1,0.0,neutral
1937465745882976432,gabrielrufian,Gabriel Rufian,Tue Jun 24 11:00:04 +0000 2025,"Tiene tanto aliño que ha matado a Begoña Gómez, Elisa.",4115,752,254,355299,54,0,0,0,0.34,positive
1937453221322326045,gabrielrufian,Gabriel Rufian,Tue Jun 24 10:10:18 +0000 2025,"El juez Peinado dice que Bolaños p'alante porque conoció a la asesora de Begoña Gómez en el tanatorio por la muerte de Begoña Gómez. 

Repito. En el tanatorio por la muerte de Begoña Gómez.

Yo entiendo que van con todo pero un mínimo de decoro sería exigible. https://t.co/PR1EymeDEM",15810,5541,1451,630552,284,0,0,1,0.0,neutral
1936764122932085086,gabrielrufian,Gabriel Rufian,Sun Jun 22 12:32:04 +0000 2025,"Vayamos a por las corruptoras. 

Vayamos a por las constructoras. https://t.co/6JQR4MLLza",8351,2478,1846,537186,89,0,0,1,0.0,neutral
1936052940445225280,gabrielrufian,Gabriel Rufian,Fri Jun 20 13:26:05 +0000 2025,https://t.co/t1kbKt6H3f,20671,2947,2722,2626979,23,0,0,1,0.0,neutral
1935989302573371775,gabrielrufian,Gabriel Rufian,Fri Jun 20 09:13:13 +0000 2025,"La narcosala digital convergent comprant la mercaderia feixista espanyola.

Està passant. 

Que corri. https://t.co/99VAmvdf7J",946,177,406,172581,126,0,0,1,0.0,neutral
1935985967686422672,gabrielrufian,Gabriel Rufian,Fri Jun 20 08:59:58 +0000 2025,"CONGRESO

1) Personas pidiendo pensiones dignas: 

A 150 metros. 

2) Personas insultando con banderita:

Enfrente.

POR LO QUE SEA.

Aquí la secuencia completa. https://t.co/12UVmGkrKs",8084,2233,798,320011,185,0,0,1,0.0,neutral
1935704583558381645,gabrielrufian,Gabriel Rufian,Thu Jun 19 14:21:51 +0000 2025,"Lo de Cerdán, la OTAN, el gasto militar, el Consejo de Europa y una reunión de la ONU en la misma comparecencia. 

Buen gazpacho. 

Oye @desdelamoncloa, dejad de cavar, por favor. https://t.co/cXMkQG1pU2",921,220,339,139438,203,0,1,1,0.4019,positive
1935612263248912767,gabrielrufian,Gabriel Rufian,Thu Jun 19 08:15:00 +0000 2025,"Coincidí con ella en algún debate.

Siempre íntegra e inteligente.

Descanse en paz.",2246,86,94,185196,84,0,0,0,0.0,neutral
1935345204393033828,gabrielrufian,Gabriel Rufian,Wed Jun 18 14:33:48 +0000 2025,"Solo hay 3 cosas claras sobre esto:

1) Junts JAMÁS lo va a aprobar. 

2) Yolanda Díaz lo SABE (y calla). 

3) En Catalunya se va a BLANQUEAR. https://t.co/bup4XwRz8L",1677,367,208,270036,166,0,0,1,0.0,neutral
1938151701036573038,gabrielrufian,Gabriel Rufian,Thu Jun 26 08:25:49 +0000 2025,Manda bemoles escuchar a Felipe González hablando de 'amnistías vergonzosas y corrupción política' cuando él indultó y ayudó a indultar a golpistas fascistas y a secuestradores del GAL mientras le salían los casos de corrupción y robo por la orejas.,21684,7136,1517,551242,249,0,0,0,0.0,neutral
1937906374375301596,gabrielrufian,Gabriel Rufian,Wed Jun 25 16:10:58 +0000 2025,Sobre Trump. https://t.co/IrZYcmEDmN,3131,598,198,86285,36,0,0,1,0.0,neutral
1937779242831319546,gabrielrufian,Gabriel Rufian,Wed Jun 25 07:45:48 +0000 2025,Hay un espacio a conquistar. https://t.co/nLekhnTRl6,3340,679,345,450182,52,0,0,1,0.0,neutral
1937526397427130613,gabrielrufian,Gabriel Rufian,Tue Jun 24 15:01:05 +0000 2025,¿Qué pasa cuando el PP manda? https://t.co/1hhcwhbg1D,7763,2651,449,151114,53,0,0,1,0.0,neutral
1937465745882976432,gabrielrufian,Gabriel Rufian,Tue Jun 24 11:00:04 +0000 2025,"Tiene tanto aliño que ha matado a Begoña Gómez, Elisa.",4115,752,254,355299,54,0,0,0,0.34,positive
1937453221322326045,gabrielrufian,Gabriel Rufian,Tue Jun 24 10:10:18 +0000 2025,"El juez Peinado dice que Bolaños p'alante porque conoció a la asesora de Begoña Gómez en el tanatorio por la muerte de Begoña Gómez. 

Repito. En el tanatorio por la muerte de Begoña Gómez.

Yo entiendo que van con todo pero un mínimo de decoro sería exigible. https://t.co/PR1EymeDEM",15810,5541,1451,630552,284,0,0,1,0.0,neutral
1936764122932085086,gabrielrufian,Gabriel Rufian,Sun Jun 22 12:32:04 +0000 2025,"Vayamos a por las corruptoras. 

Vayamos a por las constructoras. https://t.co/6JQR4MLLza",8351,2478,1846,537186,89,0,0,1,0.0,neutral
1936052940445225280,gabrielrufian,Gabriel Rufian,Fri Jun 20 13:26:05 +0000 2025,https://t.co/t1kbKt6H3f,20671,2947,2722,2626979,23,0,0,1,0.0,neutral
1935989302573371775,gabrielrufian,Gabriel Rufian,Fri Jun 20 09:13:13 +0000 2025,"La narcosala digital convergent comprant la mercaderia feixista espanyola.

Està passant. 

Que corri. https://t.co/99VAmvdf7J",946,177,406,172581,126,0,0,1,0.0,neutral
1935985967686422672,gabrielrufian,Gabriel Rufian,Fri Jun 20 08:59:58 +0000 2025,"CONGRESO

1) Personas pidiendo pensiones dignas: 

A 150 metros. 

2) Personas insultando con banderita:

Enfrente.

POR LO QUE SEA.

Aquí la secuencia completa. https://t.co/12UVmGkrKs",8084,2233,798,320011,185,0,0,1,0.0,neutral
1935704583558381645,gabrielrufian,Gabriel Rufian,Thu Jun 19 14:21:51 +0000 2025,"Lo de Cerdán, la OTAN, el gasto militar, el Consejo de Europa y una reunión de la ONU en la misma comparecencia. 

Buen gazpacho. 

Oye @desdelamoncloa, dejad de cavar, por favor. https://t.co/cXMkQG1pU2",921,220,339,139438,203,0,1,1,0.4019,positive
1935612263248912767,gabrielrufian,Gabriel Rufian,Thu Jun 19 08:15:00 +0000 2025,"Coincidí con ella en algún debate.

Siempre íntegra e inteligente.

Descanse en paz.",2246,86,94,185196,84,0,0,0,0.0,neutral
1935345204393033828,gabrielrufian,Gabriel Rufian,Wed Jun 18 14:33:48 +0000 2025,"Solo hay 3 cosas claras sobre esto:

1) Junts JAMÁS lo va a aprobar. 

2) Yolanda Díaz lo SABE (y calla). 

3) En Catalunya se va a BLANQUEAR. https://t.co/bup4XwRz8L",1677,367,208,270036,166,0,0,1,0.0,neutral
1938151701036573038,gabrielrufian,Gabriel Rufian,Thu Jun 26 08:25:49 +0000 2025,Manda bemoles escuchar a Felipe González hablando de 'amnistías vergonzosas y corrupción política' cuando él indultó y ayudó a indultar a golpistas fascistas y a secuestradores del GAL mientras le salían los casos de corrupción y robo por la orejas.,21684,7136,1517,551242,249,0,0,0,0.0,neutral
1937906374375301596,gabrielrufian,Gabriel Rufian,Wed Jun 25 16:10:58 +0000 2025,Sobre Trump. https://t.co/IrZYcmEDmN,3131,598,198,86285,36,0,0,1,0.0,neutral
1937779242831319546,gabrielrufian,Gabriel Rufian,Wed Jun 25 07:45:48 +0000 2025,Hay un espacio a conquistar. https://t.co/nLekhnTRl6,3340,679,345,450182,52,0,0,1,0.0,neutral
1937526397427130613,gabrielrufian,Gabriel Rufian,Tue Jun 24 15:01:05 +0000 2025,¿Qué pasa cuando el PP manda? https://t.co/1hhcwhbg1D,7763,2651,449,151114,53,0,0,1,0.0,neutral
1937465745882976432,gabrielrufian,Gabriel Rufian,Tue Jun 24 11:00:04 +0000 2025,"Tiene tanto aliño que ha matado a Begoña Gómez, Elisa.",4115,752,254,355299,54,0,0,0,0.34,positive
1937453221322326045,gabrielrufian,Gabriel Rufian,Tue Jun 24 10:10:18 +0000 2025,"El juez Peinado dice que Bolaños p'alante porque conoció a la asesora de Begoña Gómez en el tanatorio por la muerte de Begoña Gómez. 

Repito. En el tanatorio por la muerte de Begoña Gómez.

Yo entiendo que van con todo pero un mínimo de decoro sería exigible. https://t.co/PR1EymeDEM",15810,5541,1451,630552,284,0,0,1,0.0,neutral
1936764122932085086,gabrielrufian,Gabriel Rufian,Sun Jun 22 12:32:04 +0000 2025,"Vayamos a por las corruptoras. 

Vayamos a por las constructoras. https://t.co/6JQR4MLLza",8351,2478,1846,537186,89,0,0,1,0.0,neutral
1936052940445225280,gabrielrufian,Gabriel Rufian,Fri Jun 20 13:26:05 +0000 2025,https://t.co/t1kbKt6H3f,20671,2947,2722,2626979,23,0,0,1,0.0,neutral
1935989302573371775,gabrielrufian,Gabriel Rufian,Fri Jun 20 09:13:13 +0000 2025,"La narcosala digital convergent comprant la mercaderia feixista espanyola.

Està passant. 

Que corri. https://t.co/99VAmvdf7J",946,177,406,172581,126,0,0,1,0.0,neutral
1935985967686422672,gabrielrufian,Gabriel Rufian,Fri Jun 20 08:59:58 +0000 2025,"CONGRESO

1) Personas pidiendo pensiones dignas: 

A 150 metros. 

2) Personas insultando con banderita:

Enfrente.

POR LO QUE SEA.

Aquí la secuencia completa. https://t.co/12UVmGkrKs",8084,2233,798,320011,185,0,0,1,0.0,neutral
1935704583558381645,gabrielrufian,Gabriel Rufian,Thu Jun 19 14:21:51 +0000 2025,"Lo de Cerdán, la OTAN, el gasto militar, el Consejo de Europa y una reunión de la ONU en la misma comparecencia. 

Buen gazpacho. 

Oye @desdelamoncloa, dejad de cavar, por favor. https://t.co/cXMkQG1pU2",921,220,339,139438,203,0,1,1,0.4019,positive
1935612263248912767,gabrielrufian,Gabriel Rufian,Thu Jun 19 08:15:00 +0000 2025,"Coincidí con ella en algún debate.

Siempre íntegra e inteligente.

Descanse en paz.",2246,86,94,185196,84,0,0,0,0.0,neutral
1935345204393033828,gabrielrufian,Gabriel Rufian,Wed Jun 18 14:33:48 +0000 2025,"Solo hay 3 cosas claras sobre esto:

1) Junts JAMÁS lo va a aprobar. 

2) Yolanda Díaz lo SABE (y calla). 

3) En Catalunya se va a BLANQUEAR. https://t.co/bup4XwRz8L",1677,367,208,270036,166,0,0,1,0.0,neutral
1938151701036573038,gabrielrufian,Gabriel Rufian,Thu Jun 26 08:25:49 +0000 2025,Manda bemoles escuchar a Felipe González hablando de 'amnistías vergonzosas y corrupción política' cuando él indultó y ayudó a indultar a golpistas fascistas y a secuestradores del GAL mientras le salían los casos de corrupción y robo por la orejas.,21684,7136,1517,551242,249,0,0,0,0.0,neutral
1937906374375301596,gabrielrufian,Gabriel Rufian,Wed Jun 25 16:10:58 +0000 2025,Sobre Trump. https://t.co/IrZYcmEDmN,3131,598,198,86285,36,0,0,1,0.0,neutral
1937779242831319546,gabrielrufian,Gabriel Rufian,Wed Jun 25 07:45:48 +0000 2025,Hay un espacio a conquistar. https://t.co/nLekhnTRl6,3340,679,345,450182,52,0,0,1,0.0,neutral
1937526397427130613,gabrielrufian,Gabriel Rufian,Tue Jun 24 15:01:05 +0000 2025,¿Qué pasa cuando el PP manda? https://t.co/1hhcwhbg1D,7763,2651,449,151114,53,0,0,1,0.0,neutral
1937465745882976432,gabrielrufian,Gabriel Rufian,Tue Jun 24 11:00:04 +0000 2025,"Tiene tanto aliño que ha matado a Begoña Gómez, Elisa.",4115,752,254,355299,54,0,0,0,0.34,positive
1937453221322326045,gabrielrufian,Gabriel Rufian,Tue Jun 24 10:10:18 +0000 2025,"El juez Peinado dice que Bolaños p'alante porque conoció a la asesora de Begoña Gómez en el tanatorio por la muerte de Begoña Gómez. 

Repito. En el tanatorio por la muerte de Begoña Gómez.

Yo entiendo que van con todo pero un mínimo de decoro sería exigible. https://t.co/PR1EymeDEM",15810,5541,1451,630552,284,0,0,1,0.0,neutral
1936764122932085086,gabrielrufian,Gabriel Rufian,Sun Jun 22 12:32:04 +0000 2025,"Vayamos a por las corruptoras. 

Vayamos a por las constructoras. https://t.co/6JQR4MLLza",8351,2478,1846,537186,89,0,0,1,0.0,neutral
1936052940445225280,gabrielrufian,Gabriel Rufian,Fri Jun 20 13:26:05 +0000 2025,https://t.co/t1kbKt6H3f,20671,2947,2722,2626979,23,0,0,1,0.0,neutral
1935989302573371775,gabrielrufian,Gabriel Rufian,Fri Jun 20 09:13:13 +0000 2025,"La narcosala digital convergent comprant la mercaderia feixista espanyola.

Està passant. 

Que corri. https://t.co/99VAmvdf7J",946,177,406,172581,126,0,0,1,0.0,neutral
1935985967686422672,gabrielrufian,Gabriel Rufian,Fri Jun 20 08:59:58 +0000 2025,"CONGRESO

1) Personas pidiendo pensiones dignas: 

A 150 metros. 

2) Personas insultando con banderita:

Enfrente.

POR LO QUE SEA.

Aquí la secuencia completa. https://t.co/12UVmGkrKs",8084,2233,798,320011,185,0,0,1,0.0,neutral
1935704583558381645,gabrielrufian,Gabriel Rufian,Thu Jun 19 14:21:51 +0000 2025,"Lo de Cerdán, la OTAN, el gasto militar, el Consejo de Europa y una reunión de la ONU en la misma comparecencia. 

Buen gazpacho. 

Oye @desdelamoncloa, dejad de cavar, por favor. https://t.co/cXMkQG1pU2",921,220,339,139438,203,0,1,1,0.4019,positive
1935612263248912767,gabrielrufian,Gabriel Rufian,Thu Jun 19 08:15:00 +0000 2025,"Coincidí con ella en algún debate.

Siempre íntegra e inteligente.

Descanse en paz.",2246,86,94,185196,84,0,0,0,0.0,neutral
1935345204393033828,gabrielrufian,Gabriel Rufian,Wed Jun 18 14:33:48 +0000 2025,"Solo hay 3 cosas claras sobre esto:

1) Junts JAMÁS lo va a aprobar. 

2) Yolanda Díaz lo SABE (y calla). 

3) En Catalunya se va a BLANQUEAR. https://t.co/bup4XwRz8L",1677,367,208,270036,166,0,0,1,0.0,neutral
1938151701036573038,gabrielrufian,Gabriel Rufian,Thu Jun 26 08:25:49 +0000 2025,Manda bemoles escuchar a Felipe González hablando de 'amnistías vergonzosas y corrupción política' cuando él indultó y ayudó a indultar a golpistas fascistas y a secuestradores del GAL mientras le salían los casos de corrupción y robo por la orejas.,21684,7136,1517,551242,249,0,0,0,0.0,neutral
1937906374375301596,gabrielrufian,Gabriel Rufian,Wed Jun 25 16:10:58 +0000 2025,Sobre Trump. https://t.co/IrZYcmEDmN,3131,598,198,86285,36,0,0,1,0.0,neutral
1937779242831319546,gabrielrufian,Gabriel Rufian,Wed Jun 25 07:45:48 +0000 2025,Hay un espacio a conquistar. https://t.co/nLekhnTRl6,3340,679,345,450182,52,0,0,1,0.0,neutral
1937526397427130613,gabrielrufian,Gabriel Rufian,Tue Jun 24 15:01:05 +0000 2025,¿Qué pasa cuando el PP manda? https://t.co/1hhcwhbg1D,7763,2651,449,151114,53,0,0,1,0.0,neutral
1937465745882976432,gabrielrufian,Gabriel Rufian,Tue Jun 24 11:00:04 +0000 2025,"Tiene tanto aliño que ha matado a Begoña Gómez, Elisa.",4115,752,254,355299,54,0,0,0,0.34,positive
1937453221322326045,gabrielrufian,Gabriel Rufian,Tue Jun 24 10:10:18 +0000 2025,"El juez Peinado dice que Bolaños p'alante porque conoció a la asesora de Begoña Gómez en el tanatorio por la muerte de Begoña Gómez. 

Repito. En el tanatorio por la muerte de Begoña Gómez.

Yo entiendo que van con todo pero un mínimo de decoro sería exigible. https://t.co/PR1EymeDEM",15810,5541,1451,630552,284,0,0,1,0.0,neutral
1936764122932085086,gabrielrufian,Gabriel Rufian,Sun Jun 22 12:32:04 +0000 2025,"Vayamos a por las corruptoras. 

Vayamos a por las constructoras. https://t.co/6JQR4MLLza",8351,2478,1846,537186,89,0,0,1,0.0,neutral
1936052940445225280,gabrielrufian,Gabriel Rufian,Fri Jun 20 13:26:05 +0000 2025,https://t.co/t1kbKt6H3f,20671,2947,2722,2626979,23,0,0,1,0.0,neutral
1935989302573371775,gabrielrufian,Gabriel Rufian,Fri Jun 20 09:13:13 +0000 2025,"La narcosala digital convergent comprant la mercaderia feixista espanyola.

Està passant. 

Que corri. https://t.co/99VAmvdf7J",946,177,406,172581,126,0,0,1,0.0,neutral
1935985967686422672,gabrielrufian,Gabriel Rufian,Fri Jun 20 08:59:58 +0000 2025,"CONGRESO

1) Personas pidiendo pensiones dignas: 

A 150 metros. 

2) Personas insultando con banderita:

Enfrente.

POR LO QUE SEA.

Aquí la secuencia completa. https://t.co/12UVmGkrKs",8084,2233,798,320011,185,0,0,1,0.0,neutral
1935704583558381645,gabrielrufian,Gabriel Rufian,Thu Jun 19 14:21:51 +0000 2025,"Lo de Cerdán, la OTAN, el gasto militar, el Consejo de Europa y una reunión de la ONU en la misma comparecencia. 

Buen gazpacho. 

Oye @desdelamoncloa, dejad de cavar, por favor. https://t.co/cXMkQG1pU2",921,220,339,139438,203,0,1,1,0.4019,positive
1935612263248912767,gabrielrufian,Gabriel Rufian,Thu Jun 19 08:15:00 +0000 2025,"Coincidí con ella en algún debate.

Siempre íntegra e inteligente.

Descanse en paz.",2246,86,94,185196,84,0,0,0,0.0,neutral
1935345204393033828,gabrielrufian,Gabriel Rufian,Wed Jun 18 14:33:48 +0000 2025,"Solo hay 3 cosas claras sobre esto:

1) Junts JAMÁS lo va a aprobar. 

2) Yolanda Díaz lo SABE (y calla). 

3) En Catalunya se va a BLANQUEAR. https://t.co/bup4XwRz8L",1677,367,208,270036,166,0,0,1,0.0,neutral
1972759847335858410,gabrielrufian,Gabriel Rufian,Mon Sep 29 20:26:14 +0000 2025,🤫 https://t.co/oP8ei6tSH2,969,279,195,76178,25,0,0,1,0.0,neutral
1971154237704044746,gabrielrufian,Gabriel Rufian,Thu Sep 25 10:06:07 +0000 2025,VOX felicitant a Junts. https://t.co/AwNdGcvtVu,1471,408,273,94046,47,0,0,1,0.0,neutral
1970767292343718101,gabrielrufian,Gabriel Rufian,Wed Sep 24 08:28:32 +0000 2025,Que Junts deixi de fer mal a Catalunya. https://t.co/HvRkAc9BM8,600,140,430,60554,63,0,0,1,0.0,neutral
1970737593869365374,gabrielrufian,Gabriel Rufian,Wed Sep 24 06:30:31 +0000 2025,"Sólo lo diré una vez. 

Sería de agradecer que cierta izquierda (ahora) pura entendiera que se puede no estar de acuerdo SIEMPRE con ellos e incluso CAMBIAR de opinión sin que eso signifique que existe un plan mediático masónico en su contra y sin que monten campañas digitales",14684,3232,1362,978703,277,0,0,0,-0.8555,negative
1968365329144533270,gabrielrufian,Gabriel Rufian,Wed Sep 17 17:23:59 +0000 2025,"Tapa't, patriota de cartó pedra. https://t.co/xkwlzXLC51",199,40,64,48537,56,0,0,1,0.0,neutral
1968364120027402539,gabrielrufian,Gabriel Rufian,Wed Sep 17 17:19:11 +0000 2025,🪳,361,59,182,116480,1,0,0,0,0.0,neutral
1967515784059761146,gabrielrufian,Gabriel Rufian,Mon Sep 15 09:08:12 +0000 2025,Lo de Perico siempre se ha sabido. https://t.co/na52LkKxzy,6500,1485,2447,718760,58,0,0,1,0.34,positive
1966508836279161118,gabrielrufian,Gabriel Rufian,Fri Sep 12 14:26:57 +0000 2025,"La tertulianada parlant més del nou logo d'Esquerra que dels vots de Junts amb PP i VOX. 

Tan obscè com efectiu.

Seria bo lluitar contra aquest segrest mediàtic i digital.",752,134,247,90399,173,0,0,0,0.0,neutral
1966420238863376873,gabrielrufian,Gabriel Rufian,Fri Sep 12 08:34:53 +0000 2025,Te sabes hasta el color de las cortinas de la casa de según quien pero no has visto ni la entrada de El Ventorro porque estás bien informado.,15695,3390,374,469656,141,0,0,0,-0.296,negative
1965810421253685722,gabrielrufian,Gabriel Rufian,Wed Sep 10 16:11:42 +0000 2025,"Quien crea que lo de hoy de Junts con el PP y VOX contra la clase trabajadora les desgasta desconoce la enorme fuerza mediática y digital que tienen en Catalunya.

Una fuerza mediática y digital que también les permitiría hacer presidente a Feijóo si hubiera una moción de",9722,2453,650,355702,272,0,0,0,0.0,neutral
1965781245209772305,gabrielrufian,Gabriel Rufian,Wed Sep 10 14:15:45 +0000 2025,"Feijóo, Abascal i Puigdemont. https://t.co/dPMvxMXr3v",1665,409,194,65508,53,0,0,1,0.0,neutral
1965741711394783574,gabrielrufian,Gabriel Rufian,Wed Sep 10 11:38:40 +0000 2025,Vivienda. https://t.co/tqrr9GUgiD,3375,709,128,115502,33,0,0,1,0.0,neutral
1965507692782567725,gabrielrufian,Gabriel Rufian,Tue Sep 09 20:08:45 +0000 2025,VOX y la corrupción. https://t.co/STkzY23Lez,6621,1813,239,125617,44,0,0,1,0.0,neutral
1962790861567045679,gabrielrufian,Gabriel Rufian,Tue Sep 02 08:13:02 +0000 2025,"En España ha habido jueces que salvaron a Cospedal de la Kitchen, a Esperanza Aguirre de la Púnica, que sacaron a Ignacio González de la cárcel, que archivaron la causa contra el rey, que nunca supieron quién era M.Rajoy, que han abierto 20 causas falsas contra Podemos, que han",17228,6382,953,435338,278,0,0,0,0.34,positive
1962611930029248676,gabrielrufian,Gabriel Rufian,Mon Sep 01 20:22:02 +0000 2025,"Lo de Pepa Bueno hoy debería ponerse en todas las aulas de todas las universidades de periodismo.

Impresionante ejercicio de fiscalización del poder.",15372,2614,2132,1154391,150,0,0,0,0.0,neutral
1962416526490739070,gabrielrufian,Gabriel Rufian,Mon Sep 01 07:25:34 +0000 2025,"Israel es un Estado genocida que ha asesinado a 15.000 niños, ha desplazado a 2.000.000 de personas, ha bombardeado a 4 países y acaba de matar al primer ministro de Yemen.

Todo cuanto se haga para visibilizarlo, denunciarlo y frenarlo está bien.

Te encaje a ti en tu causa",18713,5776,1165,727382,275,0,0,0,0.7351,positive
1960713217199448301,gabrielrufian,Gabriel Rufian,Wed Aug 27 14:37:13 +0000 2025,"Una empresa privada no puede actuar impune e indiscriminadamente en defensa de su negocio.

Por muy importante que sea ese negocio. 

Y cobrando 120€ al mes ya lo puede ser.
https://t.co/EirzMecgg9",2103,479,182,135659,197,0,0,1,-0.296,negative
1957749617660940564,gabrielrufian,Gabriel Rufian,Tue Aug 19 10:20:56 +0000 2025,"Mintieron con Irak, con la crisis, con las preferentes, con el rescate a la banca, con el Prestige, con el Yak-42, con el Metro de Valencia, con el Alvia de Galicia, con las 7.291 personas abandonadas en las residencias de Madrid, con la DANA y mienten ahora con los incendios.",27400,10602,2160,830217,277,0,0,0,-0.6249,negative
1955605626446553380,gabrielrufian,Gabriel Rufian,Wed Aug 13 12:21:29 +0000 2025,"Qué raro que en la nueva peli de un personaje fascista, homófobo y machista forme parte de un partido que se parece mucho a uno fascista, homófobo y machista. https://t.co/nxRTShgDxE",33414,4362,2403,1342069,182,0,0,1,0.0,neutral
1953728837965295656,gabrielrufian,Gabriel Rufian,Fri Aug 08 08:03:48 +0000 2025,No los quieren rezando en el polideportivo del pueblo pero sí a 50 grados trabajando en los invernaderos del campo.,29041,7441,5177,3810327,115,0,0,0,-0.296,negative
1953499708225175831,gabrielrufian,Gabriel Rufian,Thu Aug 07 16:53:19 +0000 2025,"¿Para cuando la mani, patriotas?",37578,9064,2640,2292388,32,0,0,0,0.0,neutral
1951907005695709599,gabrielrufian,Gabriel Rufian,Sun Aug 03 07:24:29 +0000 2025,"Tapa't una mica, patriota de cartró pedra. https://t.co/nTDyJGVzxw",1736,458,394,146372,66,0,0,1,0.0,neutral
1951318719361056810,gabrielrufian,Gabriel Rufian,Fri Aug 01 16:26:51 +0000 2025,https://t.co/K55vpImghU,100,20,16,15429,23,0,0,1,0.0,neutral
1951318645566488737,gabrielrufian,Gabriel Rufian,Fri Aug 01 16:26:33 +0000 2025,"ODIO Y MERCURIO. 

Escrito para @el_pais 

Serie de relatos: 'Amores de Verano'.",174,38,52,31956,80,0,1,0,0.0,neutral
1951195947829998079,gabrielrufian,Gabriel Rufian,Fri Aug 01 08:19:00 +0000 2025,https://t.co/C5UwLhqytU,265,28,46,24340,23,0,0,1,0.0,neutral
1951176075901345886,gabrielrufian,Gabriel Rufian,Fri Aug 01 07:00:02 +0000 2025,"ORGULLO Y MERCURIO. 

Escrito para @el_pais.",483,79,112,62595,44,0,1,0,0.0,neutral
1950895214689751303,gabrielrufian,Gabriel Rufian,Thu Jul 31 12:23:59 +0000 2025,Sobre todo con narcos.,20738,4886,1189,501998,22,0,0,0,0.0,neutral
1949763503000047751,gabrielrufian,Gabriel Rufian,Mon Jul 28 09:26:58 +0000 2025,"A ver si cuando unos y otros acaben de desfogarse, filtrar y filosofar sobre una idea podemos hablar un poco sobre sus ideas para frenar lo que viene:

1) Recortes salvajes. 

2) Ilegalizaciones de partidos.

3) Encarcelamiento de políticos.

Si las tienen, claro. 

Ojalá",8495,2208,2346,543125,272,0,0,0,0.0,neutral
1948641253614047359,gabrielrufian,Gabriel Rufian,Fri Jul 25 07:07:33 +0000 2025,"Anar a Telemadrid a defensar les mateixes coses que Ayuso i VOX però en català. 

Sí, segur que estan molt enfadats, @orriolsderipoll.

No surrender.",1037,169,918,250859,149,0,1,0,-0.296,negative
1948307207335883117,gabrielrufian,Gabriel Rufian,Thu Jul 24 09:00:10 +0000 2025,Sobre 'periodismo incómodo'. https://t.co/91Jps9xsPT,2699,608,137,69856,52,0,0,1,0.0,neutral
1947922161005388193,gabrielrufian,Gabriel Rufian,Wed Jul 23 07:30:08 +0000 2025,"La lógica es clara. 

1) La suma hoy no da.

2) Quien crea que le va a ir mejor con un gobierno de PP y VOX vergüenza le debería dar basar su proyecto en el sufrimiento de la gente.

3) El independentismo y el soberanismo de izquierdas ha reclamado históricamente una izquierda",20663,5407,3310,1217013,277,0,0,0,0.0516,positive
1947715818369716429,gabrielrufian,Gabriel Rufian,Tue Jul 22 17:50:12 +0000 2025,Sobre periodismo incómodo. https://t.co/ymE1JPDRpE,5996,1638,403,187495,50,0,0,1,0.0,neutral
1947219847470821577,gabrielrufian,Gabriel Rufian,Mon Jul 21 08:59:23 +0000 2025,"Pero si es un narco, Ester.",9678,1630,689,1197180,27,0,0,0,0.0,neutral
1945745976859271669,gabrielrufian,Gabriel Rufian,Thu Jul 17 07:22:45 +0000 2025,De la boda de la hija de Aznar solo quedan los camareros por imputar. https://t.co/Vn2I9Equ1d,20744,6863,1381,402703,93,0,0,1,0.0,neutral
1945460996937547877,gabrielrufian,Gabriel Rufian,Wed Jul 16 12:30:21 +0000 2025,"Mañana puedes ser tú. 

Y ninguna bandera te va a salvar.",14869,3705,765,486063,57,0,0,0,0.0,neutral
1945377983822274808,gabrielrufian,Gabriel Rufian,Wed Jul 16 07:00:29 +0000 2025,"Policía con:

Sindicalistas Cádiz 2021 / Fascistas Murcia 2025 https://t.co/j5jMzv3lVl",19931,7094,991,561652,86,0,0,1,0.0,neutral
1945202821189571052,gabrielrufian,Gabriel Rufian,Tue Jul 15 19:24:27 +0000 2025,"Hace menos de 2 años murieron 13 personas en un incendio en dos discotecas sin la licencia en Murcia.

PP y VOX cerraron la Comisión de Investigación tras 1 sola sesión. 

Hace menos de 1 año se juzgó a 10 empresarios por explotar sexualmente a 11 menores en Murcia.

Todos fueron",51146,25416,1526,1422918,280,0,0,0,-0.5574,negative
1945075217753096555,gabrielrufian,Gabriel Rufian,Tue Jul 15 10:57:24 +0000 2025,"Seria bo com a partit perdre'ls la por.

Als d'allà. I als d'aquí.",316,45,68,33848,66,0,0,0,0.0,neutral
1945063331066192336,gabrielrufian,Gabriel Rufian,Tue Jul 15 10:10:10 +0000 2025,"1) ERC negocia i aconsegueix un avenç per Catalunya.

2) PP i VOX criden: golpistas!

3) La seva premsa i opinadors ho escampen i magnifiquen. 

4) Junts crida: traidors!

5)  La seva premsa i opinadors (expresidents tòxics i irresponsables inclosos) ho escampen i minimitzen.",1236,280,561,115017,276,0,0,0,0.0,neutral
1944722996146385407,gabrielrufian,Gabriel Rufian,Mon Jul 14 11:37:48 +0000 2025,"Mucha fuerza, amigo. 

Mucha fuerza, @bsemper.",11504,523,396,1047614,46,0,1,0,0.0,neutral
1972989265723416716,gabrielrufian,Gabriel Rufian,Tue Sep 30 11:37:51 +0000 2025,"No les molestan los inmigrantes, les molestan los pobres. https://t.co/VbToKBOwSL",7337,1745,1003,131072,81,0,0,1,-0.296,negative
1944469468241076276,gabrielrufian,Gabriel Rufian,Sun Jul 13 18:50:22 +0000 2025,No como tú. https://t.co/6ZocjvOTWC,19203,3531,1139,695472,35,0,0,1,-0.296,negative
1944358131720442230,gabrielrufian,Gabriel Rufian,Sun Jul 13 11:27:57 +0000 2025,"'No venim a fer ni birres ni amics'.

Doncs que trist. 

I que mentida. https://t.co/UGnt9hvvu9",1439,245,279,91072,95,0,0,1,0.0,neutral
1944298432581034044,gabrielrufian,Gabriel Rufian,Sun Jul 13 07:30:44 +0000 2025,Entrevista con @javiercasqueiro para  @el_pais. https://t.co/ZD0g9kqsyh,1456,283,651,189978,71,0,2,1,0.0,neutral
1944048164769579478,gabrielrufian,Gabriel Rufian,Sat Jul 12 14:56:15 +0000 2025,"23 trabajadores detenidos en la huelga del metal de Cádiz y 0 nazis detenidos en la cacería fascista de Torre Pacheco. 

Por lo que sea.",40812,11880,4301,2010711,136,0,0,0,0.0,neutral
1943672844895830324,gabrielrufian,Gabriel Rufian,Fri Jul 11 14:04:52 +0000 2025,"Absurd, sobrer i injust. https://t.co/GkVWwYjaOg",476,83,269,122016,48,0,0,1,0.0,neutral
1943575064177229909,gabrielrufian,Gabriel Rufian,Fri Jul 11 07:36:19 +0000 2025,VOX no va a echar a nadie. https://t.co/MayGgrCPfX,5669,1267,553,112569,50,0,0,1,-0.296,negative
1943212435709510071,gabrielrufian,Gabriel Rufian,Thu Jul 10 07:35:22 +0000 2025,¿Quién está en contra del aborto? https://t.co/PCEKZ3QWye,12172,2753,1041,611866,57,0,0,1,0.0,neutral
1942926634744520912,gabrielrufian,Gabriel Rufian,Wed Jul 09 12:39:42 +0000 2025,Cállense. https://t.co/JzFxeYtpGf,27245,5701,2740,2326447,33,0,0,1,0.0,neutral
1942654182252478835,gabrielrufian,Gabriel Rufian,Tue Jul 08 18:37:04 +0000 2025,Sobre tratos y propagandistas. https://t.co/QdrysVOTBm,23299,6167,1642,980498,54,0,0,1,0.0,neutral
1942603827850436714,gabrielrufian,Gabriel Rufian,Tue Jul 08 15:16:59 +0000 2025,Nuestro dinero ha costado.,8075,568,782,622698,26,0,0,0,0.34,positive
1942487379820109942,gabrielrufian,Gabriel Rufian,Tue Jul 08 07:34:15 +0000 2025,"San Fermín de 1978.

'Repeled lo que nos están haciendo estos hijos de la gran puta. Tirad con todas las energías. No os importe matar'.

Esto dijo la policía.

Balance: 

150 heridos, Germán Rodríguez con un tiro en la cabeza y Martín Villa con una medalla.

Hoy hace 47 años. https://t.co/qDF6YRSQIg",4503,1969,467,272167,301,0,0,1,-0.296,negative
1942178736607986041,gabrielrufian,Gabriel Rufian,Mon Jul 07 11:07:49 +0000 2025,En fi. https://t.co/wL7zK4rDou,784,190,152,156498,30,0,0,1,0.0,neutral
1941202491141652975,gabrielrufian,Gabriel Rufian,Fri Jul 04 18:28:34 +0000 2025,El que dijo en la reunión 'sería un puntazo invitar a Toni Nadal'. https://t.co/6fEqcPj3kC,4096,544,228,153482,90,0,0,1,0.0,neutral
1939996387069788174,gabrielrufian,Gabriel Rufian,Tue Jul 01 10:35:56 +0000 2025,"Te falta Junts, por lo que sea, @jaimedeolano.",6363,1113,764,412357,46,0,1,0,0.0,neutral
1939995406219293007,gabrielrufian,Gabriel Rufian,Tue Jul 01 10:32:02 +0000 2025,22 Mayo 2024                  /               1 Julio 2025 https://t.co/L6fhWXSXpF,377,143,58,21346,82,0,0,1,0.0,neutral
1972989265723416716,gabrielrufian,Gabriel Rufian,Tue Sep 30 11:37:51 +0000 2025,"No les molestan los inmigrantes, les molestan los pobres. https://t.co/VbToKBOwSL",7338,1745,1003,131072,81,0,0,1,-0.296,negative
1972960743919341993,gabrielrufian,Gabriel Rufian,Tue Sep 30 09:44:31 +0000 2025,"Vivienda, vivienda y vivienda. https://t.co/FZLhTSx1AS",1021,213,365,40662,54,0,0,1,0.0,neutral
1972759847335858410,gabrielrufian,Gabriel Rufian,Mon Sep 29 20:26:14 +0000 2025,🤫 https://t.co/oP8ei6tSH2,969,279,195,76178,25,0,0,1,0.0,neutral
1972293562978148765,gabrielrufian,Gabriel Rufian,Sun Sep 28 13:33:23 +0000 2025,"Y Mazón en Murcia lanzado besos. 

Miserable, mentiroso y reincidente. https://t.co/1UYevmMbvb",14442,3999,698,424816,94,0,0,1,-0.4939,negative
1971590294966808701,gabrielrufian,Gabriel Rufian,Fri Sep 26 14:58:51 +0000 2025,O este asesino acaba en la Corte Penal Internacional o el mundo se irá al carajo.,22636,4877,1543,511566,81,0,0,0,0.0,neutral
1971154237704044746,gabrielrufian,Gabriel Rufian,Thu Sep 25 10:06:07 +0000 2025,VOX felicitant a Junts. https://t.co/AwNdGcvtVu,1471,408,273,94046,47,0,0,1,0.0,neutral
1970945612402262212,gabrielrufian,Gabriel Rufian,Wed Sep 24 20:17:07 +0000 2025,Avui. https://t.co/3mfTZPvHG0,853,221,117,61271,29,0,0,1,0.0,neutral
1970893046758719908,gabrielrufian,Gabriel Rufian,Wed Sep 24 16:48:14 +0000 2025,"Feijóo, Abascal y Puigdemont. 

Otra vez. 

Y las que quedan. 
https://t.co/O5q5oin4FY",1611,394,413,89730,86,0,0,1,0.0,neutral
1970767292343718101,gabrielrufian,Gabriel Rufian,Wed Sep 24 08:28:32 +0000 2025,Que Junts deixi de fer mal a Catalunya. https://t.co/HvRkAc9BM8,600,140,430,60554,63,0,0,1,0.0,neutral
1970737593869365374,gabrielrufian,Gabriel Rufian,Wed Sep 24 06:30:31 +0000 2025,"Sólo lo diré una vez. 

Sería de agradecer que cierta izquierda (ahora) pura entendiera que se puede no estar de acuerdo SIEMPRE con ellos e incluso CAMBIAR de opinión sin que eso signifique que existe un plan mediático masónico en su contra y sin que monten campañas digitales",14684,3232,1362,978703,277,0,0,0,-0.8555,negative
1970536675529961978,gabrielrufian,Gabriel Rufian,Tue Sep 23 17:12:08 +0000 2025,Hoy ha sido un día feo. https://t.co/cOmmWI1ocw,2409,507,406,242580,47,0,0,1,0.34,positive
1969063258179957131,gabrielrufian,Gabriel Rufian,Fri Sep 19 15:37:18 +0000 2025,"Lo peor que he tenido delante.

Sin duda alguna. https://t.co/o1QtLlU2bt",12962,3110,818,431661,72,0,0,1,-0.5574,negative
1968927247324111002,gabrielrufian,Gabriel Rufian,Fri Sep 19 06:36:51 +0000 2025,"Ni idea. 

Llámalo X.",6946,1080,371,395142,21,0,0,0,0.0,neutral
1972989265723416716,gabrielrufian,Gabriel Rufian,Tue Sep 30 11:37:51 +0000 2025,"No les molestan los inmigrantes, les molestan los pobres. https://t.co/VbToKBOwSL",7337,1745,1003,131072,81,0,0,1,-0.296,negative
1972960743919341993,gabrielrufian,Gabriel Rufian,Tue Sep 30 09:44:31 +0000 2025,"Vivienda, vivienda y vivienda. https://t.co/FZLhTSx1AS",1021,213,365,40662,54,0,0,1,0.0,neutral
1972759847335858410,gabrielrufian,Gabriel Rufian,Mon Sep 29 20:26:14 +0000 2025,🤫 https://t.co/oP8ei6tSH2,969,279,195,76178,25,0,0,1,0.0,neutral
1972293562978148765,gabrielrufian,Gabriel Rufian,Sun Sep 28 13:33:23 +0000 2025,"Y Mazón en Murcia lanzado besos. 

Miserable, mentiroso y reincidente. https://t.co/1UYevmMbvb",14445,3999,698,424816,94,0,0,1,-0.4939,negative
1971590294966808701,gabrielrufian,Gabriel Rufian,Fri Sep 26 14:58:51 +0000 2025,O este asesino acaba en la Corte Penal Internacional o el mundo se irá al carajo.,22635,4877,1543,511566,81,0,0,0,0.0,neutral
1971154237704044746,gabrielrufian,Gabriel Rufian,Thu Sep 25 10:06:07 +0000 2025,VOX felicitant a Junts. https://t.co/AwNdGcvtVu,1471,408,273,94046,47,0,0,1,0.0,neutral
1970945612402262212,gabrielrufian,Gabriel Rufian,Wed Sep 24 20:17:07 +0000 2025,Avui. https://t.co/3mfTZPvHG0,853,221,117,61271,29,0,0,1,0.0,neutral
1970893046758719908,gabrielrufian,Gabriel Rufian,Wed Sep 24 16:48:14 +0000 2025,"Feijóo, Abascal y Puigdemont. 

Otra vez. 

Y las que quedan. 
https://t.co/O5q5oin4FY",1611,394,413,89729,86,0,0,1,0.0,neutral
1970767292343718101,gabrielrufian,Gabriel Rufian,Wed Sep 24 08:28:32 +0000 2025,Que Junts deixi de fer mal a Catalunya. https://t.co/HvRkAc9BM8,600,140,430,60554,63,0,0,1,0.0,neutral
1970737593869365374,gabrielrufian,Gabriel Rufian,Wed Sep 24 06:30:31 +0000 2025,"Sólo lo diré una vez. 

Sería de agradecer que cierta izquierda (ahora) pura entendiera que se puede no estar de acuerdo SIEMPRE con ellos e incluso CAMBIAR de opinión sin que eso signifique que existe un plan mediático masónico en su contra y sin que monten campañas digitales",14684,3232,1362,978703,277,0,0,0,-0.8555,negative
1970536675529961978,gabrielrufian,Gabriel Rufian,Tue Sep 23 17:12:08 +0000 2025,Hoy ha sido un día feo. https://t.co/cOmmWI1ocw,2409,507,406,242579,47,0,0,1,0.34,positive
1969063258179957131,gabrielrufian,Gabriel Rufian,Fri Sep 19 15:37:18 +0000 2025,"Lo peor que he tenido delante.

Sin duda alguna. https://t.co/o1QtLlU2bt",12959,3110,818,431661,72,0,0,1,-0.5574,negative
1968927247324111002,gabrielrufian,Gabriel Rufian,Fri Sep 19 06:36:51 +0000 2025,"Ni idea. 

Llámalo X.",6946,1080,371,395142,21,0,0,0,0.0,neutral
1972989265723416716,gabrielrufian,Gabriel Rufian,Tue Sep 30 11:37:51 +0000 2025,"No les molestan los inmigrantes, les molestan los pobres. https://t.co/VbToKBOwSL",7338,1745,1003,131072,81,0,0,1,-0.296,negative
1972960743919341993,gabrielrufian,Gabriel Rufian,Tue Sep 30 09:44:31 +0000 2025,"Vivienda, vivienda y vivienda. https://t.co/FZLhTSx1AS",1021,213,365,40662,54,0,0,1,0.0,neutral
1972759847335858410,gabrielrufian,Gabriel Rufian,Mon Sep 29 20:26:14 +0000 2025,🤫 https://t.co/oP8ei6tSH2,969,279,195,76178,25,0,0,1,0.0,neutral
1972293562978148765,gabrielrufian,Gabriel Rufian,Sun Sep 28 13:33:23 +0000 2025,"Y Mazón en Murcia lanzado besos. 

Miserable, mentiroso y reincidente. https://t.co/1UYevmMbvb",14442,3999,698,424816,94,0,0,1,-0.4939,negative
1971590294966808701,gabrielrufian,Gabriel Rufian,Fri Sep 26 14:58:51 +0000 2025,O este asesino acaba en la Corte Penal Internacional o el mundo se irá al carajo.,22636,4877,1543,511566,81,0,0,0,0.0,neutral
1971154237704044746,gabrielrufian,Gabriel Rufian,Thu Sep 25 10:06:07 +0000 2025,VOX felicitant a Junts. https://t.co/AwNdGcvtVu,1471,408,273,94046,47,0,0,1,0.0,neutral
1970945612402262212,gabrielrufian,Gabriel Rufian,Wed Sep 24 20:17:07 +0000 2025,Avui. https://t.co/3mfTZPvHG0,853,221,117,61271,29,0,0,1,0.0,neutral
1970893046758719908,gabrielrufian,Gabriel Rufian,Wed Sep 24 16:48:14 +0000 2025,"Feijóo, Abascal y Puigdemont. 

Otra vez. 

Y las que quedan. 
https://t.co/O5q5oin4FY",1611,394,413,89730,86,0,0,1,0.0,neutral
1970767292343718101,gabrielrufian,Gabriel Rufian,Wed Sep 24 08:28:32 +0000 2025,Que Junts deixi de fer mal a Catalunya. https://t.co/HvRkAc9BM8,600,140,430,60554,63,0,0,1,0.0,neutral
1970737593869365374,gabrielrufian,Gabriel Rufian,Wed Sep 24 06:30:31 +0000 2025,"Sólo lo diré una vez. 

Sería de agradecer que cierta izquierda (ahora) pura entendiera que se puede no estar de acuerdo SIEMPRE con ellos e incluso CAMBIAR de opinión sin que eso signifique que existe un plan mediático masónico en su contra y sin que monten campañas digitales",14684,3232,1362,978703,277,0,0,0,-0.8555,negative
1970536675529961978,gabrielrufian,Gabriel Rufian,Tue Sep 23 17:12:08 +0000 2025,Hoy ha sido un día feo. https://t.co/cOmmWI1ocw,2409,507,406,242580,47,0,0,1,0.34,positive
1969063258179957131,gabrielrufian,Gabriel Rufian,Fri Sep 19 15:37:18 +0000 2025,"Lo peor que he tenido delante.

Sin duda alguna. https://t.co/o1QtLlU2bt",12962,3110,818,431661,72,0,0,1,-0.5574,negative
1968927247324111002,gabrielrufian,Gabriel Rufian,Fri Sep 19 06:36:51 +0000 2025,"Ni idea. 

Llámalo X.",6946,1080,371,395142,21,0,0,0,0.0,neutral
1972989265723416716,gabrielrufian,Gabriel Rufian,Tue Sep 30 11:37:51 +0000 2025,"No les molestan los inmigrantes, les molestan los pobres. https://t.co/VbToKBOwSL",7337,1745,1003,131072,81,0,0,1,-0.296,negative
1972960743919341993,gabrielrufian,Gabriel Rufian,Tue Sep 30 09:44:31 +0000 2025,"Vivienda, vivienda y vivienda. https://t.co/FZLhTSx1AS",1021,213,365,40662,54,0,0,1,0.0,neutral
1972759847335858410,gabrielrufian,Gabriel Rufian,Mon Sep 29 20:26:14 +0000 2025,🤫 https://t.co/oP8ei6tSH2,969,279,195,76178,25,0,0,1,0.0,neutral
1972293562978148765,gabrielrufian,Gabriel Rufian,Sun Sep 28 13:33:23 +0000 2025,"Y Mazón en Murcia lanzado besos. 

Miserable, mentiroso y reincidente. https://t.co/1UYevmMbvb",14445,3999,698,424816,94,0,0,1,-0.4939,negative
1971590294966808701,gabrielrufian,Gabriel Rufian,Fri Sep 26 14:58:51 +0000 2025,O este asesino acaba en la Corte Penal Internacional o el mundo se irá al carajo.,22635,4877,1543,511566,81,0,0,0,0.0,neutral
1971154237704044746,gabrielrufian,Gabriel Rufian,Thu Sep 25 10:06:07 +0000 2025,VOX felicitant a Junts. https://t.co/AwNdGcvtVu,1471,408,273,94046,47,0,0,1,0.0,neutral
1970945612402262212,gabrielrufian,Gabriel Rufian,Wed Sep 24 20:17:07 +0000 2025,Avui. https://t.co/3mfTZPvHG0,853,221,117,61271,29,0,0,1,0.0,neutral
1970893046758719908,gabrielrufian,Gabriel Rufian,Wed Sep 24 16:48:14 +0000 2025,"Feijóo, Abascal y Puigdemont. 

Otra vez. 

Y las que quedan. 
https://t.co/O5q5oin4FY",1611,394,413,89729,86,0,0,1,0.0,neutral
1970767292343718101,gabrielrufian,Gabriel Rufian,Wed Sep 24 08:28:32 +0000 2025,Que Junts deixi de fer mal a Catalunya. https://t.co/HvRkAc9BM8,600,140,430,60554,63,0,0,1,0.0,neutral
1970737593869365374,gabrielrufian,Gabriel Rufian,Wed Sep 24 06:30:31 +0000 2025,"Sólo lo diré una vez. 

Sería de agradecer que cierta izquierda (ahora) pura entendiera que se puede no estar de acuerdo SIEMPRE con ellos e incluso CAMBIAR de opinión sin que eso signifique que existe un plan mediático masónico en su contra y sin que monten campañas digitales",14684,3232,1362,978703,277,0,0,0,-0.8555,negative
1970536675529961978,gabrielrufian,Gabriel Rufian,Tue Sep 23 17:12:08 +0000 2025,Hoy ha sido un día feo. https://t.co/cOmmWI1ocw,2409,507,406,242579,47,0,0,1,0.34,positive
1969063258179957131,gabrielrufian,Gabriel Rufian,Fri Sep 19 15:37:18 +0000 2025,"Lo peor que he tenido delante.

Sin duda alguna. https://t.co/o1QtLlU2bt",12959,3110,818,431661,72,0,0,1,-0.5574,negative
1968927247324111002,gabrielrufian,Gabriel Rufian,Fri Sep 19 06:36:51 +0000 2025,"Ni idea. 

Llámalo X.",6946,1080,371,395142,21,0,0,0,0.0,neutral
1972989265723416716,gabrielrufian,Gabriel Rufian,Tue Sep 30 11:37:51 +0000 2025,"No les molestan los inmigrantes, les molestan los pobres. https://t.co/VbToKBOwSL",7337,1745,1003,131072,81,0,0,1,-0.296,negative
1972960743919341993,gabrielrufian,Gabriel Rufian,Tue Sep 30 09:44:31 +0000 2025,"Vivienda, vivienda y vivienda. https://t.co/FZLhTSx1AS",1021,213,365,40662,54,0,0,1,0.0,neutral
1972759847335858410,gabrielrufian,Gabriel Rufian,Mon Sep 29 20:26:14 +0000 2025,🤫 https://t.co/oP8ei6tSH2,969,279,195,76178,25,0,0,1,0.0,neutral
1972293562978148765,gabrielrufian,Gabriel Rufian,Sun Sep 28 13:33:23 +0000 2025,"Y Mazón en Murcia lanzado besos. 

Miserable, mentiroso y reincidente. https://t.co/1UYevmMbvb",14445,3999,698,424816,94,0,0,1,-0.4939,negative
1971590294966808701,gabrielrufian,Gabriel Rufian,Fri Sep 26 14:58:51 +0000 2025,O este asesino acaba en la Corte Penal Internacional o el mundo se irá al carajo.,22635,4877,1543,511566,81,0,0,0,0.0,neutral
1971154237704044746,gabrielrufian,Gabriel Rufian,Thu Sep 25 10:06:07 +0000 2025,VOX felicitant a Junts. https://t.co/AwNdGcvtVu,1471,408,273,94046,47,0,0,1,0.0,neutral
1970945612402262212,gabrielrufian,Gabriel Rufian,Wed Sep 24 20:17:07 +0000 2025,Avui. https://t.co/3mfTZPvHG0,853,221,117,61271,29,0,0,1,0.0,neutral
1970893046758719908,gabrielrufian,Gabriel Rufian,Wed Sep 24 16:48:14 +0000 2025,"Feijóo, Abascal y Puigdemont. 

Otra vez. 

Y las que quedan. 
https://t.co/O5q5oin4FY",1611,394,413,89729,86,0,0,1,0.0,neutral
1970767292343718101,gabrielrufian,Gabriel Rufian,Wed Sep 24 08:28:32 +0000 2025,Que Junts deixi de fer mal a Catalunya. https://t.co/HvRkAc9BM8,600,140,430,60554,63,0,0,1,0.0,neutral
1970737593869365374,gabrielrufian,Gabriel Rufian,Wed Sep 24 06:30:31 +0000 2025,"Sólo lo diré una vez. 

Sería de agradecer que cierta izquierda (ahora) pura entendiera que se puede no estar de acuerdo SIEMPRE con ellos e incluso CAMBIAR de opinión sin que eso signifique que existe un plan mediático masónico en su contra y sin que monten campañas digitales",14684,3232,1362,978703,277,0,0,0,-0.8555,negative
1970536675529961978,gabrielrufian,Gabriel Rufian,Tue Sep 23 17:12:08 +0000 2025,Hoy ha sido un día feo. https://t.co/cOmmWI1ocw,2409,507,406,242579,47,0,0,1,0.34,positive
1969063258179957131,gabrielrufian,Gabriel Rufian,Fri Sep 19 15:37:18 +0000 2025,"Lo peor que he tenido delante.

Sin duda alguna. https://t.co/o1QtLlU2bt",12959,3110,818,431661,72,0,0,1,-0.5574,negative
1968927247324111002,gabrielrufian,Gabriel Rufian,Fri Sep 19 06:36:51 +0000 2025,"Ni idea. 

Llámalo X.",6946,1080,371,395142,21,0,0,0,0.0,neutral
1972989265723416716,gabrielrufian,Gabriel Rufian,Tue Sep 30 11:37:51 +0000 2025,"No les molestan los inmigrantes, les molestan los pobres. https://t.co/VbToKBOwSL",7337,1745,1003,131072,81,0,0,1,-0.296,negative
1972960743919341993,gabrielrufian,Gabriel Rufian,Tue Sep 30 09:44:31 +0000 2025,"Vivienda, vivienda y vivienda. https://t.co/FZLhTSx1AS",1021,213,365,40662,54,0,0,1,0.0,neutral
1972759847335858410,gabrielrufian,Gabriel Rufian,Mon Sep 29 20:26:14 +0000 2025,🤫 https://t.co/oP8ei6tSH2,969,279,195,76178,25,0,0,1,0.0,neutral
1972293562978148765,gabrielrufian,Gabriel Rufian,Sun Sep 28 13:33:23 +0000 2025,"Y Mazón en Murcia lanzado besos. 

Miserable, mentiroso y reincidente. https://t.co/1UYevmMbvb",14445,3999,698,424816,94,0,0,1,-0.4939,negative
1971590294966808701,gabrielrufian,Gabriel Rufian,Fri Sep 26 14:58:51 +0000 2025,O este asesino acaba en la Corte Penal Internacional o el mundo se irá al carajo.,22635,4877,1543,511566,81,0,0,0,0.0,neutral
1971154237704044746,gabrielrufian,Gabriel Rufian,Thu Sep 25 10:06:07 +0000 2025,VOX felicitant a Junts. https://t.co/AwNdGcvtVu,1471,408,273,94046,47,0,0,1,0.0,neutral
1970945612402262212,gabrielrufian,Gabriel Rufian,Wed Sep 24 20:17:07 +0000 2025,Avui. https://t.co/3mfTZPvHG0,853,221,117,61271,29,0,0,1,0.0,neutral
1970893046758719908,gabrielrufian,Gabriel Rufian,Wed Sep 24 16:48:14 +0000 2025,"Feijóo, Abascal y Puigdemont. 

Otra vez. 

Y las que quedan. 
https://t.co/O5q5oin4FY",1611,394,413,89729,86,0,0,1,0.0,neutral
1970767292343718101,gabrielrufian,Gabriel Rufian,Wed Sep 24 08:28:32 +0000 2025,Que Junts deixi de fer mal a Catalunya. https://t.co/HvRkAc9BM8,600,140,430,60554,63,0,0,1,0.0,neutral
1970737593869365374,gabrielrufian,Gabriel Rufian,Wed Sep 24 06:30:31 +0000 2025,"Sólo lo diré una vez. 

Sería de agradecer que cierta izquierda (ahora) pura entendiera que se puede no estar de acuerdo SIEMPRE con ellos e incluso CAMBIAR de opinión sin que eso signifique que existe un plan mediático masónico en su contra y sin que monten campañas digitales",14684,3232,1362,978703,277,0,0,0,-0.8555,negative
1970536675529961978,gabrielrufian,Gabriel Rufian,Tue Sep 23 17:12:08 +0000 2025,Hoy ha sido un día feo. https://t.co/cOmmWI1ocw,2409,507,406,242579,47,0,0,1,0.34,positive
1969063258179957131,gabrielrufian,Gabriel Rufian,Fri Sep 19 15:37:18 +0000 2025,"Lo peor que he tenido delante.

Sin duda alguna. https://t.co/o1QtLlU2bt",12959,3110,818,431661,72,0,0,1,-0.5574,negative
1968927247324111002,gabrielrufian,Gabriel Rufian,Fri Sep 19 06:36:51 +0000 2025,"Ni idea. 

Llámalo X.",6946,1080,371,395142,21,0,0,0,0.0,neutral
2004520917352038884,gabrielrufian,Gabriel Rufian,Fri Dec 26 11:53:23 +0000 2025,La cuñadez de no querer impuestos se cura en la planta oncológica de un hospital público y la fascistada de no querer pensiones se quita estando realmente jodido y que lo único que te separe de quedarte en la puta calle o no sea la pensión de tu abuelo.,23120,6670,3771,1973424,253,0,0,0,-0.6808,negative
2003921632772116741,gabrielrufian,Gabriel Rufian,Wed Dec 24 20:12:02 +0000 2025,"Tú: 'Este año en la cena nada de comentar el discurso del rey'.

Tú 10' después: https://t.co/OTk248Ruuy",9114,1008,637,482832,104,0,0,1,0.0,neutral
2003921242169237760,gabrielrufian,Gabriel Rufian,Wed Dec 24 20:10:29 +0000 2025,https://t.co/chPbFV0PBS,1182,116,110,162862,23,0,0,1,0.0,neutral
2003919983978725395,gabrielrufian,Gabriel Rufian,Wed Dec 24 20:05:29 +0000 2025,…el acceso a la vivienda es un problema… https://t.co/zqVicuECHl,17804,2491,2770,2435441,64,0,0,1,0.0,neutral
2003435288480395720,gabrielrufian,Gabriel Rufian,Tue Dec 23 11:59:29 +0000 2025,"A la convergentada rabiosa i excloent:

Rajar d'un mite de la cultura i de la música catalana com Serrat simplement perque no és indepe no et fa més pur, et fa més estúpid.

Hi ha talents que transcendeixen qualsevol bandera i ideologia.

El país no és vostre.",2486,406,903,218296,260,0,0,0,-0.0516,negative
2003017008053690620,gabrielrufian,Gabriel Rufian,Mon Dec 22 08:17:23 +0000 2025,"Tenía 3 opciones:

1) Hablar sobre lo que ha pasado.

2) Hablar sobre lo que ha pasado y anunciar medidas.

3) Ignorar lo que ha pasado.

Y ha escogido la peor.

No ha anunciado a Gallardo de portavoz de milagro.",7616,933,1439,1385688,212,0,0,0,0.7625,positive
2002853335754260983,gabrielrufian,Gabriel Rufian,Sun Dec 21 21:27:01 +0000 2025,"1) El PP ha ganado pero Guardiola ha perdido: VOX pedirá su cabeza. 

2) Lo del PSOE no tiene nombre: contra una derecha de verdad no vale una izquierda de mentira.

3) Sánchez no puede salir mañana a no decir nada o a decir que el PP peor: autocrítica o barbarie. 

4) Buen",17600,3262,1649,1260626,274,0,0,0,-0.4588,negative
2002665388937793860,gabrielrufian,Gabriel Rufian,Sun Dec 21 09:00:11 +0000 2025,https://t.co/xaFHdEmGRD,4507,557,289,500532,23,0,0,1,0.0,neutral
2001992732588569004,gabrielrufian,Gabriel Rufian,Fri Dec 19 12:27:17 +0000 2025,"Vuelve, por favor, @monicaoltra.",13906,3235,577,625601,32,0,1,0,0.4019,positive
2001251900742594822,gabrielrufian,Gabriel Rufian,Wed Dec 17 11:23:29 +0000 2025,"Admirable (enèsim) intent del món convergent (experts imparcials en compol inclosos💰) per sotmetre al grup d'ERC a Madrid amb l'excusa de 'fer un front comú'.

1) Que demanin perdó per la turra miserable del 'A canvi de res' del últims 6 anys. 

2) Que deixin de fer mal a",542,104,354,87761,272,0,0,0,0.1027,positive
2001213364874141777,gabrielrufian,Gabriel Rufian,Wed Dec 17 08:50:21 +0000 2025,"Yak42: 62 víctimas.

11M: 191 víctimas.

Metro de Valencia: 43 víctimas.

Residencias de Madrid: 7291 víctimas. 

Dana: 230 víctimas.

Cribados de Andalucía: 2371 afectadas.

Desgraciadamente hace tiempo que todo el mundo sabe contar gracias al PP, @NunezFeijoo.

Los andaluces",25099,8483,2242,1373550,277,0,1,0,0.0,neutral
2000576803811868764,gabrielrufian,Gabriel Rufian,Mon Dec 15 14:40:53 +0000 2025,Sobre lo del PSOE y el Gobierno. https://t.co/OtiDmUhXPD,1176,226,752,75537,56,0,0,1,0.0,neutral
2000552153438666908,gabrielrufian,Gabriel Rufian,Mon Dec 15 13:02:56 +0000 2025,No tienen corazón. https://t.co/sddg202FLw,7245,1706,1353,216887,42,0,0,1,-0.296,negative
1999423416529498155,gabrielrufian,Gabriel Rufian,Fri Dec 12 10:17:44 +0000 2025,Resposta. https://t.co/0cUVZFjFAu,932,195,169,78290,33,0,0,1,0.0,neutral
1976613423585903074,gabrielrufian,Gabriel Rufian,Fri Oct 10 11:38:58 +0000 2025,Y el de Medicina a Marcos Llorente.,28578,4190,3540,2016421,35,0,0,0,0.0,neutral
1976330318144836093,gabrielrufian,Gabriel Rufian,Thu Oct 09 16:54:00 +0000 2025,Mejor durante y les ganamos.,21451,1717,447,1910881,28,0,0,0,0.0,neutral
1976224890102436139,gabrielrufian,Gabriel Rufian,Thu Oct 09 09:55:04 +0000 2025,"En las últimas 24h un futbolista de la selección ha insinuado que nos fumigan con aviones secretos y otro ha dicho que cualquier protesta es válida contra el genocidio en Gaza. 

Para mucha gente y y para mucha prensa el primero es un simpático valiente que se enfrenta al sistema",37200,7726,1979,1392296,280,0,0,0,0.5859,positive
1974500400079225140,gabrielrufian,Gabriel Rufian,Sat Oct 04 15:42:34 +0000 2025,🐀 https://t.co/916p3evBZJ,570,40,14,101805,25,0,0,1,0.0,neutral
2004520917352038884,gabrielrufian,Gabriel Rufian,Fri Dec 26 11:53:23 +0000 2025,La cuñadez de no querer impuestos se cura en la planta oncológica de un hospital público y la fascistada de no querer pensiones se quita estando realmente jodido y que lo único que te separe de quedarte en la puta calle o no sea la pensión de tu abuelo.,23120,6670,3771,1973424,253,0,0,0,-0.6808,negative
2003921632772116741,gabrielrufian,Gabriel Rufian,Wed Dec 24 20:12:02 +0000 2025,"Tú: 'Este año en la cena nada de comentar el discurso del rey'.

Tú 10' después: https://t.co/OTk248Ruuy",9114,1008,637,482832,104,0,0,1,0.0,neutral
2003921242169237760,gabrielrufian,Gabriel Rufian,Wed Dec 24 20:10:29 +0000 2025,https://t.co/chPbFV0PBS,1182,116,110,162862,23,0,0,1,0.0,neutral
2003919983978725395,gabrielrufian,Gabriel Rufian,Wed Dec 24 20:05:29 +0000 2025,…el acceso a la vivienda es un problema… https://t.co/zqVicuECHl,17804,2491,2770,2435441,64,0,0,1,0.0,neutral
2003435288480395720,gabrielrufian,Gabriel Rufian,Tue Dec 23 11:59:29 +0000 2025,"A la convergentada rabiosa i excloent:

Rajar d'un mite de la cultura i de la música catalana com Serrat simplement perque no és indepe no et fa més pur, et fa més estúpid.

Hi ha talents que transcendeixen qualsevol bandera i ideologia.

El país no és vostre.",2486,406,903,218296,260,0,0,0,-0.0516,negative
2003017008053690620,gabrielrufian,Gabriel Rufian,Mon Dec 22 08:17:23 +0000 2025,"Tenía 3 opciones:

1) Hablar sobre lo que ha pasado.

2) Hablar sobre lo que ha pasado y anunciar medidas.

3) Ignorar lo que ha pasado.

Y ha escogido la peor.

No ha anunciado a Gallardo de portavoz de milagro.",7616,933,1439,1385688,212,0,0,0,0.7625,positive
2002853335754260983,gabrielrufian,Gabriel Rufian,Sun Dec 21 21:27:01 +0000 2025,"1) El PP ha ganado pero Guardiola ha perdido: VOX pedirá su cabeza. 

2) Lo del PSOE no tiene nombre: contra una derecha de verdad no vale una izquierda de mentira.

3) Sánchez no puede salir mañana a no decir nada o a decir que el PP peor: autocrítica o barbarie. 

4) Buen",17600,3262,1649,1260626,274,0,0,0,-0.4588,negative
2002665388937793860,gabrielrufian,Gabriel Rufian,Sun Dec 21 09:00:11 +0000 2025,https://t.co/xaFHdEmGRD,4507,557,289,500532,23,0,0,1,0.0,neutral
2001992732588569004,gabrielrufian,Gabriel Rufian,Fri Dec 19 12:27:17 +0000 2025,"Vuelve, por favor, @monicaoltra.",13906,3235,577,625601,32,0,1,0,0.4019,positive
2001251900742594822,gabrielrufian,Gabriel Rufian,Wed Dec 17 11:23:29 +0000 2025,"Admirable (enèsim) intent del món convergent (experts imparcials en compol inclosos💰) per sotmetre al grup d'ERC a Madrid amb l'excusa de 'fer un front comú'.

1) Que demanin perdó per la turra miserable del 'A canvi de res' del últims 6 anys. 

2) Que deixin de fer mal a",542,104,354,87761,272,0,0,0,0.1027,positive
2001213364874141777,gabrielrufian,Gabriel Rufian,Wed Dec 17 08:50:21 +0000 2025,"Yak42: 62 víctimas.

11M: 191 víctimas.

Metro de Valencia: 43 víctimas.

Residencias de Madrid: 7291 víctimas. 

Dana: 230 víctimas.

Cribados de Andalucía: 2371 afectadas.

Desgraciadamente hace tiempo que todo el mundo sabe contar gracias al PP, @NunezFeijoo.

Los andaluces",25099,8483,2242,1373550,277,0,1,0,0.0,neutral
2000576803811868764,gabrielrufian,Gabriel Rufian,Mon Dec 15 14:40:53 +0000 2025,Sobre lo del PSOE y el Gobierno. https://t.co/OtiDmUhXPD,1176,226,752,75537,56,0,0,1,0.0,neutral
2000552153438666908,gabrielrufian,Gabriel Rufian,Mon Dec 15 13:02:56 +0000 2025,No tienen corazón. https://t.co/sddg202FLw,7245,1706,1353,216887,42,0,0,1,-0.296,negative
1999423416529498155,gabrielrufian,Gabriel Rufian,Fri Dec 12 10:17:44 +0000 2025,Resposta. https://t.co/0cUVZFjFAu,932,195,169,78290,33,0,0,1,0.0,neutral
1999186783695720674,gabrielrufian,Gabriel Rufian,Thu Dec 11 18:37:26 +0000 2025,Li demano a Junts que deixi de fer mal a Catalunya.,1825,288,674,290598,51,0,0,0,0.0,neutral
1998682982807113942,gabrielrufian,Gabriel Rufian,Wed Dec 10 09:15:31 +0000 2025,2' de realidad. https://t.co/6krUKSVY4x,9707,2677,558,225206,39,0,0,1,0.0,neutral
1996190905620189295,gabrielrufian,Gabriel Rufian,Wed Dec 03 12:12:53 +0000 2025,Ni punyeteres ganes. https://t.co/TwnQGHMo0X,2484,432,341,143501,44,0,0,1,0.0,neutral
