tweet_id,date,text,likes,retweets,replies,views,length,hashtags,mentions,links,author,period,query,sentiment,sentiment_label
1939823632315752488,Mon Jun 30 23:09:28 +0000 2025,"@_PabloFdez_ Reeecuerda q estando vosotros en coalición cn PSOE,hubo incendios en toda España, hicisteis ls dl gobierno algo,?.. claro q no, calentar el asiento, viajar, cobrar, corrupción a tope, y maaaaas, si, sí.",0,0,1,70,215,0,1,0,LoloOrge,wildfires_june,incendios España,0.0,neutral
1939814102076912125,Mon Jun 30 22:31:36 +0000 2025,"Una “cúpula de calor” afecta a Europa con temperaturas extremas que superan los 46 °C. El fenómeno, descrito como una olla invertida, ha causado récords históricos, incendios forestales y tormentas. España es el país más afectado.
https://t.co/7x28Pie3J8",1,2,0,1230,254,0,0,1,lun,wildfires_june,incendios España,0.34,positive
1939809619490034073,Mon Jun 30 22:13:47 +0000 2025,"Una ola de calor continúa sofocando a Europa

Muchas regiones en Italia, España y Francia están en alerta roja por temperaturas extremas desde el pasado fin de semana. Y los termómetros también subirán en Alemania y Países Bajos. El peligro de incendios se extiende por muchos https://t.co/fCm53DEaQ1",85,37,2,10725,300,0,0,1,dw_espanol,wildfires_june,incendios España,0.0,neutral
1939806762514960515,Mon Jun 30 22:02:26 +0000 2025,"🌡️Ola de calor histórica en Europa
 temperaturas de 46 °C en España, alertas naranjas en Francia e Italia, y hasta olas de calor en Turquía con más de 50,000 evacuados debido a incendios forestales.
Vídeo e imágenes 🔗https://t.co/BCiPpHbyrN",0,0,0,9,240,0,0,1,Notall007,wildfires_june,incendios España,0.0,neutral
1939802819625681170,Mon Jun 30 21:46:46 +0000 2025,"🌍 INTERNACIONAL | OLAS DE CALOR ALERTAN A EUROPA

El sur de Europa afronta una intensa ola de calor con temperaturas máximas de hasta 42 °C (llegando a 43–44 °C en algunos países), que se prolongará hasta el jueves 3 de julio. 

Esta “cúpula de calor” atrapa aire caliente por https://t.co/Gw9p8tFpmu",0,0,0,90,300,0,0,1,SonoramaEc,wildfires_june,incendios España,0.0,neutral
1939800396806984015,Mon Jun 30 21:37:09 +0000 2025,Cuáles son las claves para prevenir los incendios forestales en época de riesgo alto en España https://t.co/h3MRaAvIhT,0,0,0,12,118,0,0,1,admtvoscoles,wildfires_june,incendios España,0.0,neutral
1939795337675174206,Mon Jun 30 21:17:02 +0000 2025,"Riesgos de incendios en Francia o temperaturas sobre los 40 ºC en España. Una ola de calor precoz para el verano que recién comienza en el hemisferio norte golpearon el fin de semana el sur de Europa, donde las autoridades se movilizan para proteger a la población.

#Europa https://t.co/QPBdp5vH0n",5,4,0,4042,298,1,0,1,elcolombiano,wildfires_june,incendios España,0.0,neutral
1939786016027759021,Mon Jun 30 20:40:00 +0000 2025,"Las olas de calor en el sur de Europa subieron las temperaturas por encima de los 40 grados Celsius en países como Italia, España y Grecia, mientras las autoridades locales emitían nuevas advertencias sobre el riesgo de incendios forestales. https://t.co/PxCrW2nSHW https://t.co/o4WNAw7vPx",4,0,0,1039,289,0,0,2,NoticieroHechos,wildfires_june,incendios España,0.0,neutral
1939766469216079944,Mon Jun 30 19:22:20 +0000 2025,"🔥 Una ola de calor extremo paraliza a #Europa: picos de 46 grados en #España y alerta por incendios en #Grecia

🌡️ El sur europeo se encuentra afectado por las altas temperaturas y las autoridades emitieron alertas por un verano que arrancó con récords históricos.",0,0,0,234,264,3,0,0,LMNeuquen,wildfires_june,incendios España,-0.34,negative
1939763373781942607,Mon Jun 30 19:10:02 +0000 2025,"🌡 La primera ola de calor del verano dispara el riesgo de incendios forestales en casi toda España

El riesgo de ignición y rápida propagación de fuegos forestales es máximo
 https://t.co/PwkMduyAV8",2,1,0,1540,198,0,0,1,eldebate_com,wildfires_june,incendios España,0.0,neutral
1939760962782793906,Mon Jun 30 19:00:27 +0000 2025,"🌡️ Suroeste de Europa sufre ola de calor récord: 46 °C en España, alertas en Francia e Italia, y cientos de incendios forestales en Turquía. #OlaDeCalor",0,0,0,34,152,1,0,0,GlobalAhora,wildfires_june,incendios España,0.0,neutral
1939758524168348032,Mon Jun 30 18:50:45 +0000 2025,"Presidente Mulino coloca a Panamá como pieza clave en la relación entre CELAC y la Unión Europea

“Somos más que papeles”, destacó ante la presidenta de la Comisión Europea. Resaltó que Panamá posee controles estrictos en el plano fiscal y financiero, lo que contradice su https://t.co/vMsaWDPr5a",1,0,0,33,296,0,0,1,garumoan,wildfires_june,incendios España,0.0,neutral
1939755038999449836,Mon Jun 30 18:36:54 +0000 2025,"🔥Una intensa ola de calor azota al sur de Europa con temperaturas que rompen récords históricos para el mes de junio. España alcanzó los 46 °C en El Granado, Andalucía, mientras Portugal y Francia también enfrentan condiciones extremas que han obligado al cierre de escuelas, https://t.co/I340MZUEZN",0,0,0,439,299,0,0,1,PrimeraPlanaECU,wildfires_june,incendios España,0.0,neutral
1939749404451144131,Mon Jun 30 18:14:31 +0000 2025,"🔥 #Europa bajo fuego: #OlaDeCalor  extremo deja alertas sanitarias e incendios forestales.

🌡️ Hasta 46 °C en el sur de España y temperaturas récord en Francia, Italia y Portugal.

📣https://t.co/tTIvEipRT6",0,0,0,47,205,2,0,1,PostaMexico,wildfires_june,incendios España,-0.34,negative
1939741443125342231,Mon Jun 30 17:42:53 +0000 2025,"Agresiones e incendios dominan el día en España.

Trabajamos para crear un mundo más seguro con la colaboración de todos.

Las personas para cuidar a las personas. https://t.co/anM1wSMkDV",1,1,0,37,187,0,0,1,hoopleapp,wildfires_june,incendios España,0.0,neutral
1939735461666156829,Mon Jun 30 17:19:07 +0000 2025,"Ola de calor en Europa: alerta roja de Lisboa a París, incendios en Turquía y un impresionante récord en España https://t.co/e6iQjmUyr0 via @LANACION/",4,0,0,1198,150,0,1,1,bettapique,wildfires_june,incendios España,0.0,neutral
1939715792167215409,Mon Jun 30 16:00:57 +0000 2025,"El sur de Europa y Gran Bretaña se sofocan mientras las temperaturas se disparan

Una ola de calor azota gran parte de Europa, lo que ha llevado a las autoridades a emitir alertas sanitarias y de incendios forestales. Francia, Italia y Portugal llevan días con temperaturas muy https://t.co/yBtQXtXvCj",0,0,0,60,301,0,0,1,NWElSalvador,wildfires_june,incendios España,0.34,positive
1939704264290431165,Mon Jun 30 15:15:09 +0000 2025,"Enormes incendios azotan la zona de la ciudad de Esmirna, en el oeste de Turquía.

Según informes de medios turcos, alrededor de mil bomberos trabajan para controlar las llamas, mientras que miles de residentes, principalmente de zonas rurales, se han visto obligados a huir de https://t.co/3NApqZJWFH",24,15,1,1774,301,0,0,1,IsraelVive1948,wildfires_june,incendios España,0.0,neutral
1939702969106141275,Mon Jun 30 15:10:00 +0000 2025,"#30Jun #Europa 
Una ola de calor extremo azota Europa, con incendios en Turquía, alertas rojas en Portugal e Italia, y restricciones al trabajo al aire libre. Guterres alertó desde España que el calor extremo “es la nueva normalidad” por el cambio climático. - @AP https://t.co/vK9S88TAYu",0,0,1,880,288,2,1,1,ReporteYa,wildfires_june,incendios España,0.0,neutral
1939691288174932377,Mon Jun 30 14:23:35 +0000 2025,"🚨 UN INFIERNO

Autoridades de salud de toda Europa emitieron alertas sanitarias y de incendios por la ola de calor. Al mismo tiempo, desde las Naciones Unidas se afirmó que la crisis climática amenaza el derecho a la vida.

Los expertos afirman que la mayor parte de Europa se https://t.co/cb4708vG7D",7,2,0,1299,300,0,0,1,andresrepetto,wildfires_june,incendios España,-0.6249,negative
1939687994597794108,Mon Jun 30 14:10:30 +0000 2025,"🔥 Una ola de calor extrema azota el sur de Europa, con temperaturas que superan los 40 ºC en España, Italia, Francia y Portugal. Los incendios y la alerta por especies venenosas complican la situación.

Leé más ⬇️ https://t.co/qVOF7Pnxpo",0,0,0,224,237,0,0,1,NAagencia,wildfires_june,incendios España,-0.34,negative
1939687704800960736,Mon Jun 30 14:09:21 +0000 2025,"La primera #OladeCalor del verano ha disparado el riesgo de #Incendios  forestales en casi toda España, coincidiendo con temperaturas que alcanzarán hasta 42 grados en amplias zonas del país, según la @AEMET_Esp.

@proteccioncivil 

https://t.co/UmMNJiB8IE",0,0,0,42,256,2,2,1,EFEcomunica,wildfires_june,incendios España,0.34,positive
1939685384805306454,Mon Jun 30 14:00:08 +0000 2025,"El Cono de los Futuros y su relación con el Mando de Bomberos y la Toma de Decisiones.

¿Qué representa este cono?

Este cono muestra la amplitud de futuros que pueden derivarse del presente, ordenados según su grado de:

1️⃣ Probabilidad (desde lo más probable hasta lo absurdo). https://t.co/1dMKEXxZ9I",2,0,0,250,304,0,0,1,MarinoPatxi,wildfires_june,incendios España,0.0,neutral
1939684226254647544,Mon Jun 30 13:55:31 +0000 2025,"Una intensa ola de calor azota a varios países del sur de Europa, con temperaturas que han superado los 40°C en regiones de Italia 🇮🇹 Grecia 🇬🇷 Portugal 🇵🇹 y España 🇪🇸 En este último, la provincia de Huelva registró un alarmante pico de 46°C, la cifra más alta jamás alcanzada en https://t.co/ToL0Lsv0xZ",0,2,1,553,303,0,0,1,TVVnoticias,wildfires_june,incendios España,0.0,neutral
1939679207744762311,Mon Jun 30 13:35:35 +0000 2025,"ENORMES INCENDIOS AZOTARÁN ESPAÑA SI NO SE EVITA ILEGALMENTE
Y cuando digo ilegalmente, significa saltándose la ley para eliminar las malezas que serán el polvorín de miles de hectáreas de superficie arbórea.

https://t.co/V7AKvzGM6H",0,0,0,19,233,0,0,1,canalbanderas,wildfires_june,incendios España,-0.4466,negative
1939662864706417079,Mon Jun 30 12:30:38 +0000 2025,"🌡️ Ola de calor en el sur de Europa: España rompió un récord y hay preocupación por temperaturas extremas y posibles nuevos incendios

🔎 Las temperaturas en países como Italia, Grecia, Portugal y España superaron los 40°C. En la provincia española de Huelva llegaron a https://t.co/xW6qzS2vCZ",0,0,0,137,292,0,0,1,DNewsOK,wildfires_june,incendios España,0.0,neutral
1939658096055390508,Mon Jun 30 12:11:41 +0000 2025,La primera ola de calor dispara el riesgo de incendios forestales en casi toda España https://t.co/T6pK5RU4ql,0,0,0,103,109,0,0,1,danielsenderos,wildfires_june,incendios España,0.0,neutral
1939657670417432879,Mon Jun 30 12:10:00 +0000 2025,"🚨🔥 La primera gran ola de calor del verano activa el nivel máximo de alerta por incendios en casi toda España  

❌ El mapa de riesgo elaborado por la AEMET señala que la mayor parte de la península se encuentra en riesgo ""extremo o muy alto"" https://t.co/8JlOAOL1gn",1,0,0,1379,265,0,0,1,larazon_es,wildfires_june,incendios España,-0.34,negative
1939650976702431396,Mon Jun 30 11:43:24 +0000 2025,La primera ola de calor dispara el riesgo de incendios forestales en casi toda España https://t.co/uPO93Ubpxn,7,5,0,1147,109,0,0,1,EFEverde,wildfires_june,incendios España,0.0,neutral
1939648867017896398,Mon Jun 30 11:35:01 +0000 2025,La primera ola de calor dispara el riesgo de incendios forestales en casi toda España https://t.co/BmLzPkhFrT,1,1,0,2353,109,0,0,1,laSextaTV,wildfires_june,incendios España,0.0,neutral
1939647609674551633,Mon Jun 30 11:30:01 +0000 2025,La primera ola de calor dispara el riesgo de incendios forestales en casi toda España https://t.co/aHyxbHSYpS,1,1,1,2434,109,0,0,1,sextaNoticias,wildfires_june,incendios España,0.0,neutral
1939627745795072496,Mon Jun 30 10:11:05 +0000 2025,"La primera ola de calor del verano ha disparado este lunes el riesgo de incendios forestales en casi toda España.

Coincidiendo con temperaturas que alcanzarán hasta 42 grados en amplias zonas del país.

https://t.co/lCJ1gRXMeK",1,1,0,148,227,0,0,1,Efeagro,wildfires_june,incendios España,0.34,positive
1939587191128428674,Mon Jun 30 07:29:56 +0000 2025,"@oposeitor33 @Juanf0496 En España, en 2025, hay unos 31 millones de vehículos: ~30,66 millones térmicos (98,8%) y ~0,34 millones eléctricos (1,2%). Los térmicos tienen una vida media de 14-15 años, con muchos superando 20 años; los eléctricos, de 10-15 años, son más nuevos. Datos sugieren que los",0,0,0,11,297,0,2,0,grok,wildfires_june,incendios España,0.0,neutral
1939557111786271106,Mon Jun 30 05:30:25 +0000 2025,"2 de julio | Riesgo de incendios forestales #IIFF en #España🇪🇸 | AEMET
https://t.co/k0uvCz1utN
🔴extremo
🟠muy alto
🟡alto
🟢moderado
🔵bajo https://t.co/Xo0AGcE4yi",9,9,0,232,159,2,0,2,CSIF_forestales,wildfires_june,incendios España,0.0,neutral
1939555143147802877,Mon Jun 30 05:22:35 +0000 2025,"1 de julio | Riesgo de incendios forestales #IIFF en #España🇪🇸 | AEMET
https://t.co/k0uvCz1utN
🔴extremo
🟠muy alto
🟡alto
🟢moderado
🔵bajo https://t.co/7VZGyNomOY",16,13,0,639,159,2,0,2,CSIF_forestales,wildfires_june,incendios España,0.0,neutral
1939451999071666683,Sun Jun 29 22:32:44 +0000 2025,"🟢INTERNACIONAL | Alertas por ola de calor se activan en España, Italia, Portugal y Grecia, país que ya registra sus primeros incendios forestales. 

https://t.co/Sbfta2N38f",0,0,0,65,172,0,0,1,EstaPasando_CL,wildfires_june,incendios España,0.0,neutral
1939442788845965784,Sun Jun 29 21:56:08 +0000 2025,"@carbunter @Juanf0496 @Angel_gaitan_of Hola, @Juanf0496 @Angel_gaitan_of @carbunter. No se puede verificar el dato de 100 vehículos térmicos incendiados en junio de 2025, ya que no hay estadísticas específicas para este mes. Sin embargo, es plausible. En España, se estiman unos 12,000 incendios de vehículos al año,",12,1,2,49209,316,0,6,0,grok,wildfires_june,incendios España,-0.7906,negative
1939442695883366796,Sun Jun 29 21:55:46 +0000 2025,"@carbunter @Juanf0496 Hola, @carbunter. No he encontrado datos oficiales que confirmen que en mayo de 2025 hubo más de 120 incendios de coches de gasolina y 1-2 de eléctricos en España. Estudios, como el de Aedive, sugieren que los vehículos eléctricos tienen menor riesgo de incendio, pero las cifras",0,0,1,21,301,0,3,0,grok,wildfires_june,incendios España,-0.296,negative
1939442542619381780,Sun Jun 29 21:55:09 +0000 2025,"@carbunter @Juanf0496 @Angel_gaitan_of Hola, @Juanf0496 @Angel_gaitan_of. No puedo confirmar el dato exacto de 127 incendios de vehículos térmicos en España en junio de 2025, ya que no hay estadísticas oficiales disponibles. Sin embargo, investigaciones sugieren que los vehículos térmicos tienen mayor riesgo de",1,0,1,41,312,0,5,0,grok,wildfires_june,incendios España,-0.7906,negative
1939403408714162400,Sun Jun 29 19:19:39 +0000 2025,"🔥 **Olas de Calor y Riesgos de Incendios en el Sur de Europa** 🔥

Las temperaturas en el sur de Europa han superado los 40 °C, elevando el riesgo de incendios en Italia, España y Grecia. Las autoridades han emitido alertas para prevenir tragedias. Exp...
https://t.co/QbcwocBu5L",0,0,0,32,278,0,0,1,Contacto_Noti,wildfires_june,incendios España,-0.5859,negative
1939392587909009806,Sun Jun 29 18:36:39 +0000 2025,"“España sufre la primera gran ola de calor del verano: Huelva marca un histórico 46 °C, recordando que este junio será el más tórrido jamás registrado. AEMET alerta, incendios en Canarias y llamamientos a proteger a los vulnerables. ¿Están preparados nuestros servicios?” https://t.co/2SqBCfV6G8",0,0,0,35,295,0,0,1,FCrudas,wildfires_june,incendios España,0.0,neutral
1939377912068645148,Sun Jun 29 17:38:20 +0000 2025,@Pepe__Torres Me acuerdo que unos 20 años atrás hubo muchos incendios en España por el calor o fue Grecia pero acá el frío está fuerte,0,0,0,254,134,0,1,0,FelixBenit15588,wildfires_june,incendios España,0.0,neutral
1939366571123593332,Sun Jun 29 16:53:16 +0000 2025,"#EN6 | Autoridades del sur de #Europa instaron a la población a buscar refugio ante la primera gran ola de calor del verano. ☀️

España, Portugal, Italia y Francia enfrentan temperaturas extremas, con picos de hasta 43 °C. Se emitieron alertas por riesgo de incendios y se https://t.co/naq80OJ55b",1,0,0,1084,296,2,0,1,elnoticiero_6,wildfires_june,incendios España,0.0,neutral
1939356461013836184,Sun Jun 29 16:13:06 +0000 2025,"Las olas de calor en el sur de Europa subieron las temperaturas por encima de los 40 grados Celsius en países como Italia, Francia, España, Portugal y Grecia, mientras las autoridades locales emiten nuevas advertencias sobre el riesgo de incendios forestales.

Los expertos https://t.co/QBmDgdpydb",2,1,0,2620,297,0,0,1,nmas,wildfires_june,incendios España,0.0,neutral
1939338716184498571,Sun Jun 29 15:02:35 +0000 2025,"@TeamAlpineArg ### **Problemas y handicaps negativos**
1. **Monoplaza A525 poco competitivo**:
   - Pérdida de hasta 0.6 segundos por vuelta en rectas (ej. Suzuka).
   - Chasis con sobrepeso, afectando rendimiento en curvas lentas.
   - Fallos técnicos recurrentes, como incendios en el motor",1,0,0,251,292,0,1,0,SobrinoG_333,wildfires_june,incendios España,0.0,neutral
1939329434391019569,Sun Jun 29 14:25:42 +0000 2025,"🔴 España reduce a la mitad la superficie quemada por incendios forestales en 2025 gracias a las lluvias

Más información: 👇👇

✅Síguenos y mantente informado
https://t.co/glyes6Uaj5

#ciudadnoticias #noticiadestacada #viral https://t.co/IvTBbjwemO",0,0,0,20,246,3,0,2,CiudadNoticiasE,wildfires_june,incendios España,0.0,neutral
1939312683548836218,Sun Jun 29 13:19:09 +0000 2025,"#Internacional | Europa bajo fuego: ola de calor extrema pone en alerta a España, Francia, Italia y Portugal

Una intensa ola de calor anticipada golpea al sur de Europa este fin de semana, con temperaturas récord, alertas rojas en múltiples ciudades y medidas urgentes para https://t.co/mtyIzv5x5I",1,0,1,1400,298,1,0,1,ElUniversal,wildfires_june,incendios España,0.0,neutral
1939305806630900018,Sun Jun 29 12:51:49 +0000 2025,Los incendios dan un respiro a España en el inicio del calor: la superficie quemada se reduce a la mitad los primeros meses de 2025 https://t.co/q0VVVGoPS6,0,0,0,34,155,0,0,1,infobaees,wildfires_june,incendios España,0.0,neutral
1939230788265922687,Sun Jun 29 07:53:43 +0000 2025,"🚜🎙️📻  La OCDE ‘avisa’ de las gravísimas consecuencias económicas de las sequías.
📻  Escúchalo aquí: https://t.co/Ii7IYOxc4t 
📻  Nos lo han contado hoy en @puertasalcampo de @aragonradio. 
🚜  Barcelona será la sede de la 15ª Conferencia Europea de Agricultura de Precisión https://t.co/3gXTOj3ND6",3,0,0,113,295,0,2,2,cespatolero,wildfires_june,incendios España,0.0,neutral
1939206255593021777,Sun Jun 29 06:16:14 +0000 2025,"@AndaluciaJunta Los bosques y el srbolado, hay que cuidarlo y respetarlo, NO A LOS INCENDIOS.
Pero TAMBIEN,  HAY QUE CUIDAR A LOS HOMBRES Y MUJERES ANDALUCES, SU SALUD Y LA SANIDAD, PARA QUE ESTÉN SIEMPRE AMPARADOS EN TODO MOMENTO.
¡VIVA LA SANIDAD PÚBLICA EN ANDALUCIA Y EN TODA ESPAÑA!",0,0,0,60,287,0,1,0,CorralesMiguelm,wildfires_june,incendios España,-0.4981,negative
1939144287754609055,Sun Jun 29 02:10:00 +0000 2025,"Riesgos de incendios en Francia o temperaturas sobre los 40 ºC en España. Una ola de calor precoz para el verano que recién comienza en el hemisferio norte golpea este fin de semana el sur de Europa, donde las autoridades se movilizan para proteger a la población.

La ola de https://t.co/F30wUH6a6S",2,0,0,1924,299,0,0,1,TReporta,wildfires_june,incendios España,0.0,neutral
1939117913564422497,Sun Jun 29 00:25:12 +0000 2025,"#N4V | Una intensa ola de calor golpea el sur de Europa este fin de semana, con temperaturas superiores a 40°C en España. ☀️ En Francia, el calor extremo eleva el riesgo de incendios forestales. 🔥
Más detalles en la nota 👇

https://t.co/QxxedboXUp",6,1,1,1871,247,1,0,1,noticias4vision,wildfires_june,incendios España,-0.34,negative
1939117860560703595,Sun Jun 29 00:24:59 +0000 2025,"#EN6 | Una intensa ola de calor golpea el sur de Europa este fin de semana, con temperaturas superiores a 40°C en España. ☀️ En Francia, el calor extremo eleva el riesgo de incendios forestales. 🔥
Más detalles en la nota 👇

https://t.co/3uZ3cb3LFk",4,0,0,1100,247,1,0,1,elnoticiero_6,wildfires_june,incendios España,-0.34,negative
1939117785357140191,Sun Jun 29 00:24:41 +0000 2025,"#TCSN | Una intensa ola de calor golpea el sur de Europa este fin de semana, con temperaturas superiores a 40°C en España. ☀️ En Francia, el calor extremo eleva el riesgo de incendios forestales. 🔥
Más detalles en la nota 👇

https://t.co/NqKlSF4FnJ",3,0,1,1594,248,1,0,1,tcsnoticias,wildfires_june,incendios España,-0.34,negative
1939117638011236793,Sun Jun 29 00:24:06 +0000 2025,"#TL2 | Una intensa ola de calor golpea el sur de Europa este fin de semana, con temperaturas superiores a 40°C en España. ☀️ En Francia, el calor extremo eleva el riesgo de incendios forestales. 🔥

Más detalles en la nota 👇
https://t.co/A8tywnsgsJ",0,0,0,1076,247,1,0,1,teledos_tcs,wildfires_june,incendios España,-0.34,negative
1939096943868678517,Sat Jun 28 23:01:52 +0000 2025,"#Mundo. Riesgos de incendios en Francia o Grecia o temperaturas sobre los 40 ºC en España. Una ola de calor precoz para el verano que recién comienza en el hemisferio norte golpea este fin de semana el sur de Europa.
#TodoEstáEnLN
https://t.co/KMfvt9rcRR",2,0,0,1286,254,2,0,1,LaNacionPy,wildfires_june,incendios España,0.0,neutral
1939069856453681499,Sat Jun 28 21:14:14 +0000 2025,"#Panorama_Internacional 

Riesgos de incendios en Francia o temperaturas sobre los 40 ºC en España. Una ola de calor precoz para el verano que recién comienza en el hemisferio norte golpea este fin de semana el sur de Europa, donde las autoridades se movilizan para proteger a la https://t.co/yJXvVUMzqA",1,0,0,240,303,1,0,1,panorama_do,wildfires_june,incendios España,0.0,neutral
1939052711837671546,Sat Jun 28 20:06:07 +0000 2025,"Marsella (AFP) - Riesgos de incendios en Francia o temperaturas sobre los 45 ºC en España. Una ola de calor precoz para el verano que recién comienza en el hemisferio norte golpea este fin de semana el sur de Europa, don https://t.co/ZredzH2Aa4 https://t.co/gfY8KDV6Ot",0,0,0,27,268,0,0,2,enmayuscula507,wildfires_june,incendios España,0.0,neutral
1939037052911202415,Sat Jun 28 19:03:53 +0000 2025,"Varias regiones de España están en alerta naranja por la primera ola de calor del verano, con temperaturas que podrían superar los 42 °C en zonas como el Guadalquivir, Guadiana, Tajo y Ebro. La Aemet advierte que lo peor se sentirá el domingo y lunes.

 El Ministerio de Sanidad https://t.co/GWJUfV0JyG",0,0,0,39,302,0,0,1,Radio_i99,wildfires_june,incendios España,0.0,neutral
1939023501547184231,Sat Jun 28 18:10:02 +0000 2025,"#Internacional | Ola de calor en Europa: riesgos de incendios en Francia y temperaturas sobre los 40 ºC en España.

https://t.co/rjzaAeVfs3",0,2,0,2158,139,1,0,1,CaracolRadio,wildfires_june,incendios España,0.0,neutral
1938992862957576718,Sat Jun 28 16:08:17 +0000 2025,"🔥 Europa se sofoca bajo una ola de calor histórica

👉 Temperaturas que superan los 42°C en #España e #Italia, riesgo extremo de incendios en #Francia y alerta roja en más de 20 ciudades. El #CambioClimatico no da tregua. https://t.co/tGX5XIxUFB",1,0,0,51,244,4,0,1,radiocamaguey,wildfires_june,incendios España,-0.5574,negative
1938978622770970897,Sat Jun 28 15:11:42 +0000 2025,"🌡️ Europa arde: ola de calor récord en España, Italia y Francia.

42 °C, alertas rojas y riesgo de incendios extremos. El cambio climático muestra su peor cara.

#OlaDeCalor #CambioClimatico #España #Italia #Francia https://t.co/xif5sKodgh https://t.co/bBhm6I2JTB",1,0,1,147,263,5,0,2,almaplustv,wildfires_june,incendios España,0.0,neutral
1938968128836510078,Sat Jun 28 14:30:00 +0000 2025,"#Internacionales Una intensa ola de calor afecta este fin de semana al sur de Europa, con temperaturas que superan los 40 °C en varias regiones. En Italia, 17 ciudades están en alerta roja, incluyendo Milán, Nápoles y Palermo, y se prevé que el domingo sean 21. En Roma, el",0,0,0,109,273,1,0,0,RadioChiriqui,wildfires_june,incendios España,0.0,neutral
1938945859846111278,Sat Jun 28 13:01:31 +0000 2025,Así es como Google Maps avisa y te pone a salvo de los incendios forestales en España https://t.co/Lk9dDkfeG9,1,1,0,45,109,0,0,1,swfactoria,wildfires_june,incendios España,0.0,neutral
1938842593384706281,Sat Jun 28 06:11:10 +0000 2025,"30 de junio | Riesgo de incendios forestales #IIFF en #España🇪🇸 | AEMET
https://t.co/k0uvCz0WEf
🔴extremo
🟠muy alto
🟡alto
🟢moderado
🔵bajo https://t.co/FGZF2gPRw2",10,11,0,445,160,2,0,2,CSIF_forestales,wildfires_june,incendios España,0.0,neutral
1938841128771453114,Sat Jun 28 06:05:21 +0000 2025,"29 de junio | Riesgo de incendios forestales #IIFF en #España🇪🇸 | AEMET
https://t.co/k0uvCz0WEf
🔴extremo
🟠muy alto
🟡alto
🟢moderado
🔵bajo https://t.co/m6BBl997Zb",10,10,0,231,160,2,0,2,CSIF_forestales,wildfires_june,incendios España,0.0,neutral
1938773512921194911,Sat Jun 28 01:36:40 +0000 2025,"Europa hierve: ola de calor rompe récords y deja un turista muerto en Mallorca

Europa enfrenta una semana abrasadora bajo una implacable “cúpula de calor”, fenómeno que ha puesto al continente en alerta máxima: incendios fuera de control, carreteras que literalmente se derriten https://t.co/KXDFahb7i0",7,1,0,300,303,0,0,1,concienciaradio,wildfires_june,incendios España,0.34,positive
1938671117981421762,Fri Jun 27 18:49:47 +0000 2025,"@CriptoHermano @AlvarodEsteban @rosamariaartal Lograr la convivencia y la paz no tiene precio. Y si el precio es perdonar, pues encima es una virtud. El lío lo montó Rajoy que casi acaba con España, con rebeliones, incendios, manifestaciones masivas. Los gobernantes tienen que arreglar conflictos, no crearlos.",0,0,1,12,311,0,3,0,andrescv1,wildfires_june,incendios España,-0.5267,negative
1938633422831779870,Fri Jun 27 16:20:00 +0000 2025,"🚨 Riesgo muy alto de incendios por calor extremo en una de las zonas más turísticas de España.

🌡️ Las temperaturas superarán los 37 grados

https://t.co/bY4FFJO6CS",4,1,0,1397,164,0,0,1,larazon_es,wildfires_june,incendios España,0.0,neutral
1938625263136620559,Fri Jun 27 15:47:35 +0000 2025,"El sur de Francia enfrenta este viernes temperaturas de hasta 40 ºC en el marco de una precoz ola de calor, que afectará también el fin de semana a Italia, España y Portugal.

Ciudades como Marsella, Venecia o Madrid se encuentran en alerta por calor al inicio del verano boreal, https://t.co/5vYI8NGRRz",1,1,0,1123,303,0,0,1,TReporta,wildfires_june,incendios España,-0.0772,negative
1938610685505671198,Fri Jun 27 14:49:39 +0000 2025,"🌳 La bellota del encino: el pequeño fruto que alimentó civilizaciones

Mucho antes del trigo, del arroz o del maíz, hubo otro alimento que sostuvo a pueblos enteros durante siglos: la bellota. Este humilde fruto del encino —o roble, como también se le conoce— fue básico en la https://t.co/b8v7CvzLQB",12,1,1,590,300,0,0,1,LaChoniitta,wildfires_june,incendios España,0.0,neutral
1938603854158799198,Fri Jun 27 14:22:31 +0000 2025,Riesgo muy alto de incendios por calor extremo en una de las zonas más turísticas de España https://t.co/aflHYqkqwM,2,0,0,419,115,0,0,1,carmenmorodo,wildfires_june,incendios España,0.0,neutral
1938576364824666337,Fri Jun 27 12:33:17 +0000 2025,"No se entera #MorenoBonilla, ni quiere enterarse.
Se queja de que le faltan algunos medios aéreos que aporta el Gobierno de España, al @Plan_INFOCA.
Todavía no se ha enterado de que la lucha contra los incendios forestales es una competencia AUTONÓMICA.
Pero ya sabemos que “lo https://t.co/y5IwcY7uBN",32,25,0,618,301,1,1,1,gonarj,wildfires_june,incendios España,-0.6636,negative
1938563683141234888,Fri Jun 27 11:42:53 +0000 2025,"Este proximo fin de semana vamos a tener un pequeño baño a 45 ºC de lo que puede ser España en 2100, que pude llegar a 55ºC  al borde del colapso climático: ¿estamos preparados para +4°C?
ademas de noches de calor tropicales, sequías, incendios.. 
 https://t.co/15a0fUVmGE",2,0,0,56,272,0,0,1,iSostenibilidad,wildfires_june,incendios España,0.0,neutral
1938520175198048516,Fri Jun 27 08:50:00 +0000 2025,"RT/ Alertan de la llegada de una ola de calor con temperaturas de hasta 42ºC y riesgo extremo de incendios forestales

https://t.co/NogV4VCMFc

@E112Andalucia @aemet_esp @antoniosanz @juntasevilla @andaluciajunta @InteriorJunta

#ProtecciónCivil #Emergencias #España #Andalucía",0,0,0,46,277,4,6,1,Aljarafeymas,wildfires_june,incendios España,0.0,neutral
1938519446156349501,Fri Jun 27 08:47:06 +0000 2025,"📆Entre 2015 y 2024, en España se registraron: 🔥2.600 incendios forestales🌲Casi 1 millón de hectáreas quemadas

🇪🇸 España ocupa el segundo lugar en la UE:
🔢Por número de incendios:  
🇮🇹 4.200    
🇪🇸 2.600

🌾 Por superficie calcinada: 
🇵🇹 1.250.000 ha 
🇪🇸 cerca de 1.000.000 ha",0,0,1,7,275,0,0,0,Opina360,wildfires_june,incendios España,0.5859,positive
1938519443698798815,Fri Jun 27 08:47:05 +0000 2025,"🌍 España, segundo país de la UE con más incendios forestales y superficie quemada entre 2015 y 2024

📊 En la última entrega de #EnNúmerosVerdes, en @esRadio, nuestro analista @IruSanta7 analiza los últimos datos del programa europeo @CopernicusECMWF

🧵👇 https://t.co/NwqgyM4Cxp",0,0,1,26,277,1,3,1,Opina360,wildfires_june,incendios España,0.0,neutral
1938517761174466789,Fri Jun 27 08:40:24 +0000 2025,La Alianza Civil contra el Fuego insta a una reforma integral de la normativa de protección contra incendios en España para reducir los siniestros en edificios https://t.co/fh3mrAJJ6m,0,1,0,16,183,0,0,1,tercerainfo3i,wildfires_june,incendios España,0.0,neutral
1938515315370946888,Fri Jun 27 08:30:41 +0000 2025,"@blancolobeiras reafirma o compromiso do Goberno de España coa loita contra os lumes este verán en #Galicia “cos medios que sexa preciso”

O delegado participa na reunión do Comité Integrado de Prevención de Incendios de Galicia (#CIPIG) ➕ℹ️ https://t.co/BP2h4DRsZe https://t.co/Zf6HTinVX1",4,2,1,760,289,2,1,2,DelegGobGAL,wildfires_june,incendios España,0.0,neutral
1938515144042266962,Fri Jun 27 08:30:00 +0000 2025,NACIONAL | Alerta máxima en España por ola de calor y riesgo extremo de incendios forestales https://t.co/rjoTTx9eU8,0,0,0,701,116,0,0,1,s24horas,wildfires_june,incendios España,0.0,neutral
1938437016259092626,Fri Jun 27 03:19:33 +0000 2025,"¡Gran noticia! La campaña de pruebas del kit de extinción de incendios del A400M, que comenzó en España, ha concluido con éxito en Francia. Airbus Defence and Space ha demostrado su eficacia en Nîmes-Garons. Descubre todos los detalles en el blog. https://t.co/oDtYK1ZsbJ",0,0,0,29,271,0,0,1,elcontenidonews,wildfires_june,incendios España,0.6696,positive
1938430211311214689,Fri Jun 27 02:52:31 +0000 2025,"Pues en espaÑa los bosques se utilizan para incendios.
Informes científicos desmontan el catastrofismo climático: el aumento de CO₂ dispara el crecimiento de árboles https://t.co/6ftInKfJef₂-dispara-el-crecimiento-de-arboles-en-todo-el-planeta-20250626-0134/ via @gaceta_es",0,0,0,8,273,0,1,1,SocFranC,wildfires_june,incendios España,0.0,neutral
1938355878215750086,Thu Jun 26 21:57:08 +0000 2025,"@Z_Libertarian @partitocrazy En España hay muchos incendios todos los veranos y los bosques aumentan de número, qué cosas.
El capitalismo quiere hacer pasta aunque nos perjudique. Si un recurso diera ganancias brutales pero a un % de población le acortara la vida por acabar en el ambiente ¿qué pasaría 
+",0,0,1,22,305,0,2,0,NachuelasW,wildfires_june,incendios España,0.0,neutral
1938293182959157347,Thu Jun 26 17:48:01 +0000 2025,España se abrasa: Ola de calor extrema con más de 42ºC y riesgo máximo de incendios forestales https://t.co/5BMC1S3cOK,0,0,0,47,118,0,0,1,almagronoticias,wildfires_june,incendios España,0.0,neutral
1938285393016729873,Thu Jun 26 17:17:03 +0000 2025,"Alertan de la llegada de una ola de calor con temperaturas de hasta 42ºC y riesgo extremo de incendios forestales

https://t.co/neNmllN4AO

@E112Andalucia @aemet_esp @antoniosanz @juntasevilla @andaluciajunta @InteriorJunta

#ProtecciónCivil #Emergencias #España #Andalucía",0,0,0,8,273,4,6,1,Sevillaymas,wildfires_june,incendios España,0.0,neutral
1938285366269624325,Thu Jun 26 17:16:57 +0000 2025,"Alertan de la llegada de una ola de calor con temperaturas de hasta 42ºC y riesgo extremo de incendios forestales

https://t.co/NogV4VCePE

@E112Andalucia @aemet_esp @antoniosanz @juntasevilla @andaluciajunta @InteriorJunta

#ProtecciónCivil #Emergencias #España #Andalucía",0,0,0,44,273,4,6,1,Aljarafeymas,wildfires_june,incendios España,0.0,neutral
1938271156831764950,Thu Jun 26 16:20:29 +0000 2025,"🟣Un poderoso anticiclón, conocido como “domo de calor”, impactará en los próximos días el sur, centro y oeste de Europa, generando un fenómeno que retiene el calor e impide su dispersión.

🟣Países como España, Francia y Portugal enfrentarán temperaturas extremas que podrían https://t.co/HChmeYd6Rx",0,0,0,55,298,0,0,1,EquinoccioMedia,wildfires_june,incendios España,0.0,neutral
1938257273555492966,Thu Jun 26 15:25:19 +0000 2025,"🗞️ ¡Llegó el diario! ¡Buen día! Aquí tienes tu resumen diario de noticias para este jueves 26 de junio
¡Todo lo que pasó, explicado sin enredos! ⚡️

Debes saber qué 📰:
🇺🇸🇮🇷 El secretario de Defensa defendió el ataque a Irán y atacó a la prensa
Pete Hegseth calificó como “éxito https://t.co/cChZfdMCsu",0,0,0,48,301,0,0,1,libertadrelata,wildfires_june,incendios España,-0.6679,negative
1938240269016567829,Thu Jun 26 14:17:45 +0000 2025,"El Constitucional no vio la magnitud del intento del golpe d estado de Cataluña contra España. Fueron a tacar al país, junto con el 18 d Septiembre 2017.von incendios y barracas contra las fuerzas u cuerpos del Estado Español y cortando el paso los mossos de escuadra Amnistía no.",0,0,2,59,280,0,0,0,laquejique,wildfires_june,incendios España,-0.296,negative
1938229079829831757,Thu Jun 26 13:33:17 +0000 2025,"Hoy vi pasar sobre el Mediterráneo un Canadair CL215T del 43 Grupo, volaba de Málaga a Marbella. Comenzó el despliegue de verano para combatir los incendios en toda España.",12,0,0,282,172,0,0,0,MalvinasData,wildfires_june,incendios España,0.0,neutral
1938220930662015383,Thu Jun 26 13:00:54 +0000 2025,"#Actualidad 
La Alianza Civil contra el Fuego exige una reforma urgente de la normativa de protección contra incendios en España 

#AlianzaCivil  #Madrid #Fuego @FRAVM 

https://t.co/vlW7SsjOsj",3,0,0,85,193,4,1,1,eldiariodmadrid,wildfires_june,incendios España,0.0,neutral
1938213030464024840,Thu Jun 26 12:29:31 +0000 2025,"@eldiarioes González fue nuestra salida de una dictadura pero ver hoy lo que dice es una https://t.co/w58uYPh6gC ENTIENDE QUE HOY NO ES LA ESPAÑA QUE ÉL https://t.co/Ggo7F2B2F3 FÁCIL HABLAR PERO DIFÍCIL GOBERNAR,CON INDEPENDENTISTAS,PANDEMIA,DANA,VOLCÁN ,INCENDIOS,CORRUPCION,OPOSICIÓN Y BULO",3,2,0,27,292,0,1,2,lola68744942,wildfires_june,incendios España,-0.4466,negative
1938205009956491761,Thu Jun 26 11:57:39 +0000 2025,"@eldebate_com Fueron de chulitos, proclamaron un falsa independencia, alentaron el terrorismo callejero, cortaron carreteras, incendiaron Barcelona durante dos semanas, casi matan a varios policías y personas anónimas en sus casas por los incendios de contenedores, destrozaron tiendas, coches,",8,2,0,171,294,0,1,0,javierdelamata1,wildfires_june,incendios España,0.0,neutral
1938168191454216361,Thu Jun 26 09:31:20 +0000 2025,"🚨 En España, los incendios en fachadas se han multiplicado x7 en las últimas décadas.

La Alianza Civil contra el Fuego, que formamos con @APTBBomberos, @FRAVM, @consumidores, @esMontanas y @consumoasescon, reclama una reforma de la normativa de protección contra incendios. https://t.co/B9W59Xmg9H",3,0,1,66,298,0,5,1,afelma_es,wildfires_june,incendios España,0.0,neutral
1938135311344644574,Thu Jun 26 07:20:41 +0000 2025,"🔥 La Alianza Civil contra el Fuego exige una reforma urgente de la normativa contra incendios en España

📍Proponen:
– Reformar el CTE
– Detectores obligatorios
– Planes para colectivos vulnerables
– Formación ciudadana

https://t.co/J4IaY5RW2k https://t.co/qJcRl9ifKL",1,0,0,26,267,0,0,2,EcoconstruMag,wildfires_june,incendios España,-0.34,negative
1938129981625761813,Thu Jun 26 06:59:30 +0000 2025,"Los incendios forestales encienden las alarmas en países del norte de Europa, mientras dan un respiro a España
https://t.co/5bmhOg5Ux2",0,0,0,9,134,0,0,1,alav2012,wildfires_june,incendios España,0.0,neutral
1938102926909579354,Thu Jun 26 05:12:00 +0000 2025,"28 de junio | Riesgo de incendios forestales #IIFF en #España🇪🇸 | AEMET
https://t.co/k0uvCz0WEf
🔴extremo
🟠muy alto
🟡alto
🟢moderado
🔵bajo https://t.co/azSWunOIkZ",12,10,0,308,160,2,0,2,CSIF_forestales,wildfires_june,incendios España,0.0,neutral
1938102198506000583,Thu Jun 26 05:09:06 +0000 2025,"27 de junio | Riesgo de incendios forestales #IIFF en #España🇪🇸 | AEMET
https://t.co/k0uvCz1utN
🔴extremo
🟠muy alto
🟡alto
🟢moderado
🔵bajo https://t.co/t4AJJCYFkM",9,10,0,223,160,2,0,2,CSIF_forestales,wildfires_june,incendios España,0.0,neutral
1938084668483444880,Thu Jun 26 03:59:27 +0000 2025,"Los incendios forestales encienden las alarmas en países del norte de Europa, mientras dan un respiro a España.

Las estadísticas  muestran un fuerte incremento del impacto de las llamas en Francia y Reino Unido en lo que va de 2025.

https://t.co/Fottxfnl2x a través de @el_pais",6,6,0,320,279,0,1,1,ensgismau,wildfires_june,incendios España,0.0,neutral
1938064752951034349,Thu Jun 26 02:40:19 +0000 2025,"Lo que nos perdimos al ver Irán

Mientras todas las miradas estaban centradas en los ataques con misiles, las reservas de uranio y las represalias de Teherán, algunos acontecimientos graves pasaron desapercibidos:

— Bilderberg se reunió discretamente en Suecia. Directores",1,0,0,60,273,0,0,0,p3ns4r3sgr4t1s,wildfires_june,incendios España,-0.296,negative
1989462597628993702,Fri Nov 14 22:37:00 +0000 2025,"@Cryptoprofe_ Opino, que con un apagón tus Bitcoin valdrán exactamente una mierda.

¿Que sucedió durante el apagón en España?

El que tenía efectivo podía comprar.",0,0,0,89,163,0,1,0,Elpoeta_pastor,blackout_oct,apagón España,0.0,neutral
1989417272772001802,Fri Nov 14 19:36:54 +0000 2025,@Yarazul01 @marcostablet25 @somosred_ @camizuluagag Debe haber llorado con el apagon que se vivio en españa,4,0,1,55,107,0,4,0,MPopolsku,blackout_oct,apagón España,0.0,neutral
1989413252435218632,Fri Nov 14 19:20:55 +0000 2025,"El galgo y mondongo celebrando que la España del único apagón europeo cierra la central nuclear de una de las regiones de más baja renta de España. 
Vote Galgo, vote Herrero, le quitarán hasta el sombrero...",0,0,0,32,207,0,0,0,jlf185,blackout_oct,apagón España,0.0,neutral
1989410400094605580,Fri Nov 14 19:09:35 +0000 2025,@Natiarayagon15 @davidrivase En España hay un apagón x década 💀,4,0,0,202,63,0,2,0,marquitoMCFC_,blackout_oct,apagón España,0.0,neutral
1989409352437100589,Fri Nov 14 19:05:25 +0000 2025,Esto debe incluir el kit de emergencia ante peligros como un gran apagón y otras crisis (Espana) https://t.co/NWhg5S9gPt,10,7,2,875,120,0,0,1,soymcmvzla,blackout_oct,apagón España,-0.6249,negative
1989400006777082145,Fri Nov 14 18:28:17 +0000 2025,"@davidrivase Usted sabe que en otros países se va la luz por horas y aquí lloramos por 30 min que nos quedamos sin luz? Sabía que el ICE le da electricidad a Nicaragua y El Salvador? 
Sabía que el apagón en España fue a causa de las empresas privadas que brindan electricidad?",37,1,7,1546,276,0,1,0,Natiarayagon15,blackout_oct,apagón España,-0.6298,negative
1989381123332608385,Fri Nov 14 17:13:15 +0000 2025,"@CarlosP60834288 @BabyJoi7 Por que si se hablara de otra cosa que españa haga la lista queda vacía, excepto por el apagón pero sé que vendrán a llorar españoles si se menciona",20,1,1,346,175,0,2,0,thecherrydev,blackout_oct,apagón España,0.0,neutral
1989355915695542290,Fri Nov 14 15:33:05 +0000 2025,"@noepmp @PODEMOS No sea que tengamos energía suficiente para abastecernos, utilizando materia prima disponible en España como combustible, y no tengamos que depender de terceros países para poder tener electricidad a precios de estafa.
Y no. Las ""renovables"" no son fiables. El apagón lo confirmó.",1,0,0,72,297,0,2,0,A___B___E___L,blackout_oct,apagón España,-0.6808,negative
1989347720759280120,Fri Nov 14 15:00:31 +0000 2025,"Sama Bilbao (World Nuclear Association): ""España irá contra la lógica si elimina la generación nuclear tras un apagón serio"" https://t.co/muJjcWkRoQ",0,0,0,94,148,0,0,1,fiar_es,blackout_oct,apagón España,0.0,neutral
1989325711283286480,Fri Nov 14 13:33:04 +0000 2025,"13/X) Fueron el gas, la hidráulica y las interconexiones las que evitaron en España un desastre humanitario tras el apagón.
👉 Ese supuesto sistema eléctrico ideal de nucleares+renovables no existe.
▪ El sistema eléctrico francés colapsó en 2022 por...",3,1,1,358,251,0,0,0,FernandoRod_07,blackout_oct,apagón España,0.296,positive
1989325675946266996,Fri Nov 14 13:32:55 +0000 2025,"6/X) Las nucleares incrementan el riesgo de apagón en España por 2 motivos:
1) No sirven para gestionar la red: se desconectan a la mínima para proteger sus sistemas, son incapaces de adaptarse a la demanda rápidamente. https://t.co/vnDxNEEKQp",6,1,1,418,243,0,0,1,FernandoRod_07,blackout_oct,apagón España,-0.296,negative
1989325657659105608,Fri Nov 14 13:32:51 +0000 2025,"2/X) SON PRECISAMENTE LAS NUCLEARES LAS QUE INCREMENTAN EL RIESGO DE APAGÓN EN ESPAÑA.
👉 Todos los informes técnicos afirman claramente que la causa del apagón estuvo en las oscilaciones de la TENSIÓN desde las 9 AM y su incremento una hora antes del apagón.
▪ El problema de la https://t.co/rltH4VwbSk",10,1,2,630,302,0,0,1,FernandoRod_07,blackout_oct,apagón España,0.0,neutral
1989320003116585008,Fri Nov 14 13:10:23 +0000 2025,@JulianMaciasT Cuando un locutor de televisión que decía que era imposible un apagón en España se mete con un teniente general que tiene un prestigio en España superior al de cualquier político la está cagando,0,1,0,54,209,0,1,0,rafagimeno,blackout_oct,apagón España,0.5423,positive
1989318981790875759,Fri Nov 14 13:06:19 +0000 2025,"@therealbuni Los únicos que ganan con ese impuesto  son los bancos. Quieren bancarizar todo y que no circule efectivo, después te pasa como en España que tienen un apagón y nadie tenía plata ni para comprar velas, porque todo es por medio electrónico.",1,0,0,33,251,0,1,0,RomGuich,blackout_oct,apagón España,-0.296,negative
1989317121944301981,Fri Nov 14 12:58:56 +0000 2025,"Redeia premia con 1,4 millones a sus dos altos directivos pese al caos del apagón del 28 de abril.
Esto es tan inmoral y tan reprochable que estos dos #Parásitos deberían de pasar el resto de sus días en prisión, ademas de confiscarles todos sus bienes...
https://t.co/qknhxmtRGd",0,0,0,64,279,1,0,1,DaoizVelarde_78,blackout_oct,apagón España,0.0,neutral
1989311673237139739,Fri Nov 14 12:37:17 +0000 2025,"No es negligencia politica, es PREPARACION, están jugando con nuestro cerebro y paciencia.

Siembran confusión y miedo.

De quién ?

Globalistas.

Hay precedentes ?

Somos un espejo de España y viceversa.

Todo lo que ocurre allá, llega aplatanao...

https://t.co/Nkntz7bMW9",0,0,0,52,274,0,0,1,Damasoadamesho1,blackout_oct,apagón España,-0.3736,negative
1989279876554305646,Fri Nov 14 10:30:56 +0000 2025,"La apoyaís comprando gas ruso como si no hubiera un mañana para evitar que se os vaya la luz otra vez por vuestras políticas de mierda.

https://t.co/FNYSU7mQb5",0,0,0,8,160,0,0,1,Prezv79,blackout_oct,apagón España,-0.296,negative
1989462597628993702,Fri Nov 14 22:37:00 +0000 2025,"@Cryptoprofe_ Opino, que con un apagón tus Bitcoin valdrán exactamente una mierda.

¿Que sucedió durante el apagón en España?

El que tenía efectivo podía comprar.",0,0,0,89,163,0,1,0,Elpoeta_pastor,blackout_oct,apagón España,0.0,neutral
1989417272772001802,Fri Nov 14 19:36:54 +0000 2025,@Yarazul01 @marcostablet25 @somosred_ @camizuluagag Debe haber llorado con el apagon que se vivio en españa,4,0,1,55,107,0,4,0,MPopolsku,blackout_oct,apagón España,0.0,neutral
1989413252435218632,Fri Nov 14 19:20:55 +0000 2025,"El galgo y mondongo celebrando que la España del único apagón europeo cierra la central nuclear de una de las regiones de más baja renta de España. 
Vote Galgo, vote Herrero, le quitarán hasta el sombrero...",0,0,0,32,207,0,0,0,jlf185,blackout_oct,apagón España,0.0,neutral
1989410400094605580,Fri Nov 14 19:09:35 +0000 2025,@Natiarayagon15 @davidrivase En España hay un apagón x década 💀,4,0,0,202,63,0,2,0,marquitoMCFC_,blackout_oct,apagón España,0.0,neutral
1989409352437100589,Fri Nov 14 19:05:25 +0000 2025,Esto debe incluir el kit de emergencia ante peligros como un gran apagón y otras crisis (Espana) https://t.co/NWhg5S9gPt,10,7,2,875,120,0,0,1,soymcmvzla,blackout_oct,apagón España,-0.6249,negative
1989400006777082145,Fri Nov 14 18:28:17 +0000 2025,"@davidrivase Usted sabe que en otros países se va la luz por horas y aquí lloramos por 30 min que nos quedamos sin luz? Sabía que el ICE le da electricidad a Nicaragua y El Salvador? 
Sabía que el apagón en España fue a causa de las empresas privadas que brindan electricidad?",37,1,7,1546,276,0,1,0,Natiarayagon15,blackout_oct,apagón España,-0.6298,negative
1989381123332608385,Fri Nov 14 17:13:15 +0000 2025,"@CarlosP60834288 @BabyJoi7 Por que si se hablara de otra cosa que españa haga la lista queda vacía, excepto por el apagón pero sé que vendrán a llorar españoles si se menciona",20,1,1,346,175,0,2,0,thecherrydev,blackout_oct,apagón España,0.0,neutral
1989355915695542290,Fri Nov 14 15:33:05 +0000 2025,"@noepmp @PODEMOS No sea que tengamos energía suficiente para abastecernos, utilizando materia prima disponible en España como combustible, y no tengamos que depender de terceros países para poder tener electricidad a precios de estafa.
Y no. Las ""renovables"" no son fiables. El apagón lo confirmó.",1,0,0,72,297,0,2,0,A___B___E___L,blackout_oct,apagón España,-0.6808,negative
1989347720759280120,Fri Nov 14 15:00:31 +0000 2025,"Sama Bilbao (World Nuclear Association): ""España irá contra la lógica si elimina la generación nuclear tras un apagón serio"" https://t.co/muJjcWkRoQ",0,0,0,94,148,0,0,1,fiar_es,blackout_oct,apagón España,0.0,neutral
1989325711283286480,Fri Nov 14 13:33:04 +0000 2025,"13/X) Fueron el gas, la hidráulica y las interconexiones las que evitaron en España un desastre humanitario tras el apagón.
👉 Ese supuesto sistema eléctrico ideal de nucleares+renovables no existe.
▪ El sistema eléctrico francés colapsó en 2022 por...",3,1,1,358,251,0,0,0,FernandoRod_07,blackout_oct,apagón España,0.296,positive
1989325675946266996,Fri Nov 14 13:32:55 +0000 2025,"6/X) Las nucleares incrementan el riesgo de apagón en España por 2 motivos:
1) No sirven para gestionar la red: se desconectan a la mínima para proteger sus sistemas, son incapaces de adaptarse a la demanda rápidamente. https://t.co/vnDxNEEKQp",6,1,1,418,243,0,0,1,FernandoRod_07,blackout_oct,apagón España,-0.296,negative
1989325657659105608,Fri Nov 14 13:32:51 +0000 2025,"2/X) SON PRECISAMENTE LAS NUCLEARES LAS QUE INCREMENTAN EL RIESGO DE APAGÓN EN ESPAÑA.
👉 Todos los informes técnicos afirman claramente que la causa del apagón estuvo en las oscilaciones de la TENSIÓN desde las 9 AM y su incremento una hora antes del apagón.
▪ El problema de la https://t.co/rltH4VwbSk",10,1,2,630,302,0,0,1,FernandoRod_07,blackout_oct,apagón España,0.0,neutral
1989320003116585008,Fri Nov 14 13:10:23 +0000 2025,@JulianMaciasT Cuando un locutor de televisión que decía que era imposible un apagón en España se mete con un teniente general que tiene un prestigio en España superior al de cualquier político la está cagando,0,1,0,54,209,0,1,0,rafagimeno,blackout_oct,apagón España,0.5423,positive
1989318981790875759,Fri Nov 14 13:06:19 +0000 2025,"@therealbuni Los únicos que ganan con ese impuesto  son los bancos. Quieren bancarizar todo y que no circule efectivo, después te pasa como en España que tienen un apagón y nadie tenía plata ni para comprar velas, porque todo es por medio electrónico.",1,0,0,33,251,0,1,0,RomGuich,blackout_oct,apagón España,-0.296,negative
1989317121944301981,Fri Nov 14 12:58:56 +0000 2025,"Redeia premia con 1,4 millones a sus dos altos directivos pese al caos del apagón del 28 de abril.
Esto es tan inmoral y tan reprochable que estos dos #Parásitos deberían de pasar el resto de sus días en prisión, ademas de confiscarles todos sus bienes...
https://t.co/qknhxmtRGd",0,0,0,64,279,1,0,1,DaoizVelarde_78,blackout_oct,apagón España,0.0,neutral
1989311673237139739,Fri Nov 14 12:37:17 +0000 2025,"No es negligencia politica, es PREPARACION, están jugando con nuestro cerebro y paciencia.

Siembran confusión y miedo.

De quién ?

Globalistas.

Hay precedentes ?

Somos un espejo de España y viceversa.

Todo lo que ocurre allá, llega aplatanao...

https://t.co/Nkntz7bMW9",0,0,0,52,274,0,0,1,Damasoadamesho1,blackout_oct,apagón España,-0.3736,negative
1989279876554305646,Fri Nov 14 10:30:56 +0000 2025,"La apoyaís comprando gas ruso como si no hubiera un mañana para evitar que se os vaya la luz otra vez por vuestras políticas de mierda.

https://t.co/FNYSU7mQb5",0,0,0,8,160,0,0,1,Prezv79,blackout_oct,apagón España,-0.296,negative
1989462597628993702,Fri Nov 14 22:37:00 +0000 2025,"@Cryptoprofe_ Opino, que con un apagón tus Bitcoin valdrán exactamente una mierda.

¿Que sucedió durante el apagón en España?

El que tenía efectivo podía comprar.",0,0,0,89,163,0,1,0,Elpoeta_pastor,blackout_oct,apagón España,0.0,neutral
1989417272772001802,Fri Nov 14 19:36:54 +0000 2025,@Yarazul01 @marcostablet25 @somosred_ @camizuluagag Debe haber llorado con el apagon que se vivio en españa,4,0,1,55,107,0,4,0,MPopolsku,blackout_oct,apagón España,0.0,neutral
1989413252435218632,Fri Nov 14 19:20:55 +0000 2025,"El galgo y mondongo celebrando que la España del único apagón europeo cierra la central nuclear de una de las regiones de más baja renta de España. 
Vote Galgo, vote Herrero, le quitarán hasta el sombrero...",0,0,0,32,207,0,0,0,jlf185,blackout_oct,apagón España,0.0,neutral
1989410400094605580,Fri Nov 14 19:09:35 +0000 2025,@Natiarayagon15 @davidrivase En España hay un apagón x década 💀,4,0,0,202,63,0,2,0,marquitoMCFC_,blackout_oct,apagón España,0.0,neutral
1989409352437100589,Fri Nov 14 19:05:25 +0000 2025,Esto debe incluir el kit de emergencia ante peligros como un gran apagón y otras crisis (Espana) https://t.co/NWhg5S9gPt,10,7,2,875,120,0,0,1,soymcmvzla,blackout_oct,apagón España,-0.6249,negative
1989400006777082145,Fri Nov 14 18:28:17 +0000 2025,"@davidrivase Usted sabe que en otros países se va la luz por horas y aquí lloramos por 30 min que nos quedamos sin luz? Sabía que el ICE le da electricidad a Nicaragua y El Salvador? 
Sabía que el apagón en España fue a causa de las empresas privadas que brindan electricidad?",37,1,7,1546,276,0,1,0,Natiarayagon15,blackout_oct,apagón España,-0.6298,negative
1989381123332608385,Fri Nov 14 17:13:15 +0000 2025,"@CarlosP60834288 @BabyJoi7 Por que si se hablara de otra cosa que españa haga la lista queda vacía, excepto por el apagón pero sé que vendrán a llorar españoles si se menciona",20,1,1,346,175,0,2,0,thecherrydev,blackout_oct,apagón España,0.0,neutral
1989355915695542290,Fri Nov 14 15:33:05 +0000 2025,"@noepmp @PODEMOS No sea que tengamos energía suficiente para abastecernos, utilizando materia prima disponible en España como combustible, y no tengamos que depender de terceros países para poder tener electricidad a precios de estafa.
Y no. Las ""renovables"" no son fiables. El apagón lo confirmó.",1,0,0,72,297,0,2,0,A___B___E___L,blackout_oct,apagón España,-0.6808,negative
1989347720759280120,Fri Nov 14 15:00:31 +0000 2025,"Sama Bilbao (World Nuclear Association): ""España irá contra la lógica si elimina la generación nuclear tras un apagón serio"" https://t.co/muJjcWkRoQ",0,0,0,94,148,0,0,1,fiar_es,blackout_oct,apagón España,0.0,neutral
1989325711283286480,Fri Nov 14 13:33:04 +0000 2025,"13/X) Fueron el gas, la hidráulica y las interconexiones las que evitaron en España un desastre humanitario tras el apagón.
👉 Ese supuesto sistema eléctrico ideal de nucleares+renovables no existe.
▪ El sistema eléctrico francés colapsó en 2022 por...",3,1,1,358,251,0,0,0,FernandoRod_07,blackout_oct,apagón España,0.296,positive
1989325675946266996,Fri Nov 14 13:32:55 +0000 2025,"6/X) Las nucleares incrementan el riesgo de apagón en España por 2 motivos:
1) No sirven para gestionar la red: se desconectan a la mínima para proteger sus sistemas, son incapaces de adaptarse a la demanda rápidamente. https://t.co/vnDxNEEKQp",6,1,1,418,243,0,0,1,FernandoRod_07,blackout_oct,apagón España,-0.296,negative
1989325657659105608,Fri Nov 14 13:32:51 +0000 2025,"2/X) SON PRECISAMENTE LAS NUCLEARES LAS QUE INCREMENTAN EL RIESGO DE APAGÓN EN ESPAÑA.
👉 Todos los informes técnicos afirman claramente que la causa del apagón estuvo en las oscilaciones de la TENSIÓN desde las 9 AM y su incremento una hora antes del apagón.
▪ El problema de la https://t.co/rltH4VwbSk",10,1,2,630,302,0,0,1,FernandoRod_07,blackout_oct,apagón España,0.0,neutral
1989320003116585008,Fri Nov 14 13:10:23 +0000 2025,@JulianMaciasT Cuando un locutor de televisión que decía que era imposible un apagón en España se mete con un teniente general que tiene un prestigio en España superior al de cualquier político la está cagando,0,1,0,54,209,0,1,0,rafagimeno,blackout_oct,apagón España,0.5423,positive
1989318981790875759,Fri Nov 14 13:06:19 +0000 2025,"@therealbuni Los únicos que ganan con ese impuesto  son los bancos. Quieren bancarizar todo y que no circule efectivo, después te pasa como en España que tienen un apagón y nadie tenía plata ni para comprar velas, porque todo es por medio electrónico.",1,0,0,33,251,0,1,0,RomGuich,blackout_oct,apagón España,-0.296,negative
1989317121944301981,Fri Nov 14 12:58:56 +0000 2025,"Redeia premia con 1,4 millones a sus dos altos directivos pese al caos del apagón del 28 de abril.
Esto es tan inmoral y tan reprochable que estos dos #Parásitos deberían de pasar el resto de sus días en prisión, ademas de confiscarles todos sus bienes...
https://t.co/qknhxmtRGd",0,0,0,64,279,1,0,1,DaoizVelarde_78,blackout_oct,apagón España,0.0,neutral
1989311673237139739,Fri Nov 14 12:37:17 +0000 2025,"No es negligencia politica, es PREPARACION, están jugando con nuestro cerebro y paciencia.

Siembran confusión y miedo.

De quién ?

Globalistas.

Hay precedentes ?

Somos un espejo de España y viceversa.

Todo lo que ocurre allá, llega aplatanao...

https://t.co/Nkntz7bMW9",0,0,0,52,274,0,0,1,Damasoadamesho1,blackout_oct,apagón España,-0.3736,negative
1989279876554305646,Fri Nov 14 10:30:56 +0000 2025,"La apoyaís comprando gas ruso como si no hubiera un mañana para evitar que se os vaya la luz otra vez por vuestras políticas de mierda.

https://t.co/FNYSU7mQb5",0,0,0,8,160,0,0,1,Prezv79,blackout_oct,apagón España,-0.296,negative
1989462597628993702,Fri Nov 14 22:37:00 +0000 2025,"@Cryptoprofe_ Opino, que con un apagón tus Bitcoin valdrán exactamente una mierda.

¿Que sucedió durante el apagón en España?

El que tenía efectivo podía comprar.",0,0,0,89,163,0,1,0,Elpoeta_pastor,blackout_oct,apagón España,0.0,neutral
1989417272772001802,Fri Nov 14 19:36:54 +0000 2025,@Yarazul01 @marcostablet25 @somosred_ @camizuluagag Debe haber llorado con el apagon que se vivio en españa,4,0,1,55,107,0,4,0,MPopolsku,blackout_oct,apagón España,0.0,neutral
1989413252435218632,Fri Nov 14 19:20:55 +0000 2025,"El galgo y mondongo celebrando que la España del único apagón europeo cierra la central nuclear de una de las regiones de más baja renta de España. 
Vote Galgo, vote Herrero, le quitarán hasta el sombrero...",0,0,0,32,207,0,0,0,jlf185,blackout_oct,apagón España,0.0,neutral
1989410400094605580,Fri Nov 14 19:09:35 +0000 2025,@Natiarayagon15 @davidrivase En España hay un apagón x década 💀,4,0,0,202,63,0,2,0,marquitoMCFC_,blackout_oct,apagón España,0.0,neutral
1989409352437100589,Fri Nov 14 19:05:25 +0000 2025,Esto debe incluir el kit de emergencia ante peligros como un gran apagón y otras crisis (Espana) https://t.co/NWhg5S9gPt,10,7,2,875,120,0,0,1,soymcmvzla,blackout_oct,apagón España,-0.6249,negative
1989400006777082145,Fri Nov 14 18:28:17 +0000 2025,"@davidrivase Usted sabe que en otros países se va la luz por horas y aquí lloramos por 30 min que nos quedamos sin luz? Sabía que el ICE le da electricidad a Nicaragua y El Salvador? 
Sabía que el apagón en España fue a causa de las empresas privadas que brindan electricidad?",37,1,7,1546,276,0,1,0,Natiarayagon15,blackout_oct,apagón España,-0.6298,negative
1989381123332608385,Fri Nov 14 17:13:15 +0000 2025,"@CarlosP60834288 @BabyJoi7 Por que si se hablara de otra cosa que españa haga la lista queda vacía, excepto por el apagón pero sé que vendrán a llorar españoles si se menciona",20,1,1,346,175,0,2,0,thecherrydev,blackout_oct,apagón España,0.0,neutral
1989355915695542290,Fri Nov 14 15:33:05 +0000 2025,"@noepmp @PODEMOS No sea que tengamos energía suficiente para abastecernos, utilizando materia prima disponible en España como combustible, y no tengamos que depender de terceros países para poder tener electricidad a precios de estafa.
Y no. Las ""renovables"" no son fiables. El apagón lo confirmó.",1,0,0,72,297,0,2,0,A___B___E___L,blackout_oct,apagón España,-0.6808,negative
1989347720759280120,Fri Nov 14 15:00:31 +0000 2025,"Sama Bilbao (World Nuclear Association): ""España irá contra la lógica si elimina la generación nuclear tras un apagón serio"" https://t.co/muJjcWkRoQ",0,0,0,94,148,0,0,1,fiar_es,blackout_oct,apagón España,0.0,neutral
1989325711283286480,Fri Nov 14 13:33:04 +0000 2025,"13/X) Fueron el gas, la hidráulica y las interconexiones las que evitaron en España un desastre humanitario tras el apagón.
👉 Ese supuesto sistema eléctrico ideal de nucleares+renovables no existe.
▪ El sistema eléctrico francés colapsó en 2022 por...",3,1,1,358,251,0,0,0,FernandoRod_07,blackout_oct,apagón España,0.296,positive
1989325675946266996,Fri Nov 14 13:32:55 +0000 2025,"6/X) Las nucleares incrementan el riesgo de apagón en España por 2 motivos:
1) No sirven para gestionar la red: se desconectan a la mínima para proteger sus sistemas, son incapaces de adaptarse a la demanda rápidamente. https://t.co/vnDxNEEKQp",6,1,1,418,243,0,0,1,FernandoRod_07,blackout_oct,apagón España,-0.296,negative
1989325657659105608,Fri Nov 14 13:32:51 +0000 2025,"2/X) SON PRECISAMENTE LAS NUCLEARES LAS QUE INCREMENTAN EL RIESGO DE APAGÓN EN ESPAÑA.
👉 Todos los informes técnicos afirman claramente que la causa del apagón estuvo en las oscilaciones de la TENSIÓN desde las 9 AM y su incremento una hora antes del apagón.
▪ El problema de la https://t.co/rltH4VwbSk",10,1,2,630,302,0,0,1,FernandoRod_07,blackout_oct,apagón España,0.0,neutral
1989320003116585008,Fri Nov 14 13:10:23 +0000 2025,@JulianMaciasT Cuando un locutor de televisión que decía que era imposible un apagón en España se mete con un teniente general que tiene un prestigio en España superior al de cualquier político la está cagando,0,1,0,54,209,0,1,0,rafagimeno,blackout_oct,apagón España,0.5423,positive
1989318981790875759,Fri Nov 14 13:06:19 +0000 2025,"@therealbuni Los únicos que ganan con ese impuesto  son los bancos. Quieren bancarizar todo y que no circule efectivo, después te pasa como en España que tienen un apagón y nadie tenía plata ni para comprar velas, porque todo es por medio electrónico.",1,0,0,33,251,0,1,0,RomGuich,blackout_oct,apagón España,-0.296,negative
1989317121944301981,Fri Nov 14 12:58:56 +0000 2025,"Redeia premia con 1,4 millones a sus dos altos directivos pese al caos del apagón del 28 de abril.
Esto es tan inmoral y tan reprochable que estos dos #Parásitos deberían de pasar el resto de sus días en prisión, ademas de confiscarles todos sus bienes...
https://t.co/qknhxmtRGd",0,0,0,64,279,1,0,1,DaoizVelarde_78,blackout_oct,apagón España,0.0,neutral
1989311673237139739,Fri Nov 14 12:37:17 +0000 2025,"No es negligencia politica, es PREPARACION, están jugando con nuestro cerebro y paciencia.

Siembran confusión y miedo.

De quién ?

Globalistas.

Hay precedentes ?

Somos un espejo de España y viceversa.

Todo lo que ocurre allá, llega aplatanao...

https://t.co/Nkntz7bMW9",0,0,0,52,274,0,0,1,Damasoadamesho1,blackout_oct,apagón España,-0.3736,negative
1989279876554305646,Fri Nov 14 10:30:56 +0000 2025,"La apoyaís comprando gas ruso como si no hubiera un mañana para evitar que se os vaya la luz otra vez por vuestras políticas de mierda.

https://t.co/FNYSU7mQb5",0,0,0,8,160,0,0,1,Prezv79,blackout_oct,apagón España,-0.296,negative
1989462597628993702,Fri Nov 14 22:37:00 +0000 2025,"@Cryptoprofe_ Opino, que con un apagón tus Bitcoin valdrán exactamente una mierda.

¿Que sucedió durante el apagón en España?

El que tenía efectivo podía comprar.",0,0,0,89,163,0,1,0,Elpoeta_pastor,blackout_oct,apagón España,0.0,neutral
1989417272772001802,Fri Nov 14 19:36:54 +0000 2025,@Yarazul01 @marcostablet25 @somosred_ @camizuluagag Debe haber llorado con el apagon que se vivio en españa,4,0,1,55,107,0,4,0,MPopolsku,blackout_oct,apagón España,0.0,neutral
1989413252435218632,Fri Nov 14 19:20:55 +0000 2025,"El galgo y mondongo celebrando que la España del único apagón europeo cierra la central nuclear de una de las regiones de más baja renta de España. 
Vote Galgo, vote Herrero, le quitarán hasta el sombrero...",0,0,0,32,207,0,0,0,jlf185,blackout_oct,apagón España,0.0,neutral
1989410400094605580,Fri Nov 14 19:09:35 +0000 2025,@Natiarayagon15 @davidrivase En España hay un apagón x década 💀,4,0,0,202,63,0,2,0,marquitoMCFC_,blackout_oct,apagón España,0.0,neutral
1989409352437100589,Fri Nov 14 19:05:25 +0000 2025,Esto debe incluir el kit de emergencia ante peligros como un gran apagón y otras crisis (Espana) https://t.co/NWhg5S9gPt,10,7,2,875,120,0,0,1,soymcmvzla,blackout_oct,apagón España,-0.6249,negative
1989400006777082145,Fri Nov 14 18:28:17 +0000 2025,"@davidrivase Usted sabe que en otros países se va la luz por horas y aquí lloramos por 30 min que nos quedamos sin luz? Sabía que el ICE le da electricidad a Nicaragua y El Salvador? 
Sabía que el apagón en España fue a causa de las empresas privadas que brindan electricidad?",37,1,7,1546,276,0,1,0,Natiarayagon15,blackout_oct,apagón España,-0.6298,negative
1989381123332608385,Fri Nov 14 17:13:15 +0000 2025,"@CarlosP60834288 @BabyJoi7 Por que si se hablara de otra cosa que españa haga la lista queda vacía, excepto por el apagón pero sé que vendrán a llorar españoles si se menciona",20,1,1,346,175,0,2,0,thecherrydev,blackout_oct,apagón España,0.0,neutral
1989355915695542290,Fri Nov 14 15:33:05 +0000 2025,"@noepmp @PODEMOS No sea que tengamos energía suficiente para abastecernos, utilizando materia prima disponible en España como combustible, y no tengamos que depender de terceros países para poder tener electricidad a precios de estafa.
Y no. Las ""renovables"" no son fiables. El apagón lo confirmó.",1,0,0,72,297,0,2,0,A___B___E___L,blackout_oct,apagón España,-0.6808,negative
1989347720759280120,Fri Nov 14 15:00:31 +0000 2025,"Sama Bilbao (World Nuclear Association): ""España irá contra la lógica si elimina la generación nuclear tras un apagón serio"" https://t.co/muJjcWkRoQ",0,0,0,94,148,0,0,1,fiar_es,blackout_oct,apagón España,0.0,neutral
1989325711283286480,Fri Nov 14 13:33:04 +0000 2025,"13/X) Fueron el gas, la hidráulica y las interconexiones las que evitaron en España un desastre humanitario tras el apagón.
👉 Ese supuesto sistema eléctrico ideal de nucleares+renovables no existe.
▪ El sistema eléctrico francés colapsó en 2022 por...",3,1,1,358,251,0,0,0,FernandoRod_07,blackout_oct,apagón España,0.296,positive
1989325675946266996,Fri Nov 14 13:32:55 +0000 2025,"6/X) Las nucleares incrementan el riesgo de apagón en España por 2 motivos:
1) No sirven para gestionar la red: se desconectan a la mínima para proteger sus sistemas, son incapaces de adaptarse a la demanda rápidamente. https://t.co/vnDxNEEKQp",6,1,1,418,243,0,0,1,FernandoRod_07,blackout_oct,apagón España,-0.296,negative
1989325657659105608,Fri Nov 14 13:32:51 +0000 2025,"2/X) SON PRECISAMENTE LAS NUCLEARES LAS QUE INCREMENTAN EL RIESGO DE APAGÓN EN ESPAÑA.
👉 Todos los informes técnicos afirman claramente que la causa del apagón estuvo en las oscilaciones de la TENSIÓN desde las 9 AM y su incremento una hora antes del apagón.
▪ El problema de la https://t.co/rltH4VwbSk",10,1,2,630,302,0,0,1,FernandoRod_07,blackout_oct,apagón España,0.0,neutral
1989320003116585008,Fri Nov 14 13:10:23 +0000 2025,@JulianMaciasT Cuando un locutor de televisión que decía que era imposible un apagón en España se mete con un teniente general que tiene un prestigio en España superior al de cualquier político la está cagando,0,1,0,54,209,0,1,0,rafagimeno,blackout_oct,apagón España,0.5423,positive
1989318981790875759,Fri Nov 14 13:06:19 +0000 2025,"@therealbuni Los únicos que ganan con ese impuesto  son los bancos. Quieren bancarizar todo y que no circule efectivo, después te pasa como en España que tienen un apagón y nadie tenía plata ni para comprar velas, porque todo es por medio electrónico.",1,0,0,33,251,0,1,0,RomGuich,blackout_oct,apagón España,-0.296,negative
1989317121944301981,Fri Nov 14 12:58:56 +0000 2025,"Redeia premia con 1,4 millones a sus dos altos directivos pese al caos del apagón del 28 de abril.
Esto es tan inmoral y tan reprochable que estos dos #Parásitos deberían de pasar el resto de sus días en prisión, ademas de confiscarles todos sus bienes...
https://t.co/qknhxmtRGd",0,0,0,64,279,1,0,1,DaoizVelarde_78,blackout_oct,apagón España,0.0,neutral
1989311673237139739,Fri Nov 14 12:37:17 +0000 2025,"No es negligencia politica, es PREPARACION, están jugando con nuestro cerebro y paciencia.

Siembran confusión y miedo.

De quién ?

Globalistas.

Hay precedentes ?

Somos un espejo de España y viceversa.

Todo lo que ocurre allá, llega aplatanao...

https://t.co/Nkntz7bMW9",0,0,0,52,274,0,0,1,Damasoadamesho1,blackout_oct,apagón España,-0.3736,negative
1989279876554305646,Fri Nov 14 10:30:56 +0000 2025,"La apoyaís comprando gas ruso como si no hubiera un mañana para evitar que se os vaya la luz otra vez por vuestras políticas de mierda.

https://t.co/FNYSU7mQb5",0,0,0,8,160,0,0,1,Prezv79,blackout_oct,apagón España,-0.296,negative
1989314301371330884,Fri Nov 14 12:47:43 +0000 2025,"@llunapunk Nunca es culpa del gobierno que lleva 7 años gobernando, no tiene culpa ni de la subida de precios, ni de la crisis de la vivienda, ni del apagón. Seguro que es culpa del PP y de Ayuso",0,0,0,14,195,0,1,0,sr_ackermann,blackout_oct,apagón culpa gobierno,-0.743,negative
1989124233906254281,Fri Nov 14 00:12:28 +0000 2025,"@dchopenawer Cuando haya otro apagón total, el Gobierno le echará la culpa a la ultraderecha. Lo de siempre vamos.",0,0,0,30,114,0,1,0,VicManWallapop,blackout_oct,apagón culpa gobierno,0.0,neutral
1989074255804527094,Thu Nov 13 20:53:52 +0000 2025,"@noticias_cuatro Si vamos a cerrarlas todas aunque no estén preparados para ellos, luego vienen los apagones y nadie tiene la culpa y los consumidores a pagar la factura del apagón, no tenemos en el gobierno nada más que jilipollas e inútiles, debe ser que nos lo merecemos",0,0,0,14,273,0,1,0,maximasg60,blackout_oct,apagón culpa gobierno,-0.5267,negative
1988985047840690197,Thu Nov 13 14:59:23 +0000 2025,¿También el apagón es culpa del Gobierno? ¿Qué carajo pasa en este país? https://t.co/TSgzWapY1e vía @acentodiario,0,0,1,31,114,0,1,1,malkun_lois,blackout_oct,apagón culpa gobierno,0.0,neutral
1988953696474927308,Thu Nov 13 12:54:48 +0000 2025,"España en gravísimo riesgo de apagón continuado por culpa de este gobierno de ecoterroristas rojos y su banda de antiespañoles catanazis, bilduetarras y demás basura! Almaraz no, pero Vandellòs  en Tarragona si? No podéis ser más delincuentes todos

 https://t.co/VAee8qhL42",0,0,0,82,274,0,0,1,reno85485111,blackout_oct,apagón culpa gobierno,-0.3595,negative
1988924781425537458,Thu Nov 13 10:59:54 +0000 2025,"@z101digital @iluminadam10 El apagon NO fue culpa del gobierno, que la gente quede varada en el metro y el teleferico si. Denosta una ignorancia abismal en temas de manteminiento. Ese senor (opret) debio rebunciar ayer.",0,0,0,97,219,0,2,0,eltavi78,blackout_oct,apagón culpa gobierno,-0.4466,negative
1988873403466396000,Thu Nov 13 07:35:45 +0000 2025,"“El apagón no fue culpa del Gobierno, fue por el calentamiento global” https://t.co/GqM8wcmbJE",0,0,0,17,94,0,0,1,digital_fv,blackout_oct,apagón culpa gobierno,-0.296,negative
1988866138810335658,Thu Nov 13 07:06:53 +0000 2025,"Otro organismo internacional apunta a  otra mala gestión política. Algunos hay que recordarles que el gobierno controla Redeia...Pero claro, es culpa de los del color distinto  del congreso .
 En @CreeOficial trabajamos para que esto no ocurra #FelizJueves https://t.co/vyoAtWoRuT",2,2,0,129,280,1,1,1,santolayaju,blackout_oct,apagón culpa gobierno,-0.296,negative
1988735843322994819,Wed Nov 12 22:29:08 +0000 2025,"@Eliasbaezd El apagón de ayer es culpa del PLD 🤣🤣🤣🤣. 

Este gobierno son un grupo de inútiles.  Echando la culpa a otro. Que mmgs",0,0,0,15,129,0,1,0,Payanooo,blackout_oct,apagón culpa gobierno,0.9153,positive
1988695958004068534,Wed Nov 12 19:50:39 +0000 2025,Fuerza del Pueblo culpa al Gobierno por apagón nacional y denuncia falta de técnicos calificados - https://t.co/Wwgy4xvxQW,0,0,0,10,122,0,0,1,LasNotiDom,blackout_oct,apagón culpa gobierno,0.0,neutral
1988646889726804159,Wed Nov 12 16:35:40 +0000 2025,"@Eliasbaezd @¡Buscando siempre justificantes, para la INOPERANCIA e INEPTITUD del gobierno. Otra forma es, ECHARLE la culpa a otros; pero ya tienen 5 años y 2meses en el poder y, todavía siguen buscando culpables. La verdad, que UN APAGÓN NACIONAL, nunca había ocurrido, sólo A ESTOS INEPTOS!",0,0,0,9,292,0,1,0,LeonginoF34801,blackout_oct,apagón culpa gobierno,0.0,neutral
1988628946330452361,Wed Nov 12 15:24:22 +0000 2025,"@FrancisMVargasT Él apagon de ayer desnudo muchas cosas, ahora la mediocridad no permite ser claros y honestos y admitir la ineptitud de este gobierno, querer echar ka culpa a un gobierno qué tiene 5 años y él otro cómo 13 años fuera 🤷‍♀️",2,0,0,52,238,0,1,0,comida_sana19,blackout_oct,apagón culpa gobierno,-0.296,negative
1988615079466557725,Wed Nov 12 14:29:16 +0000 2025,"""Apagón general culpa de sol""
 el gobierno de abinder culpa al sol 🌞 por el Apagón general en RD🇩🇴verdaderos anormales.... https://t.co/pjS7kzkNdY",0,0,0,85,146,0,0,1,Edwarda77427936,blackout_oct,apagón culpa gobierno,0.0,neutral
1988439524007932123,Wed Nov 12 02:51:40 +0000 2025,"Alguien que me aclare algo

Lo de la energía eléctrica tengo algo escuchando que la privatizaron.. si eso es así no sería culpa del gobierno entonces lo de este apagón nacional o si ?",0,0,0,32,183,0,0,0,santanaguilamo,blackout_oct,apagón culpa gobierno,-0.296,negative
1988431676041552284,Wed Nov 12 02:20:29 +0000 2025,Y nada... a esperar LA SemillAnal para ver a Luis diciendo con voz toda engolada que el apagón fue por culpa del primer gobierno de Leonel Fernández.,0,0,0,42,149,0,0,0,_YorchPineda,blackout_oct,apagón culpa gobierno,0.0,neutral
1988425866519724289,Wed Nov 12 01:57:24 +0000 2025,"Me imagino a Abinader en una alocución presidencial diciendo que el apagón fue solo una ilusión colectiva, que en realidad todo fue culpa del PLD, y que se trató de una estrategia de su gobierno para “mejorar” el sistema energético… porque, claro, el país necesita otro préstamo.",0,0,0,114,279,0,0,0,imkberzmiya07,blackout_oct,apagón culpa gobierno,0.0,neutral
1988419099530072540,Wed Nov 12 01:30:31 +0000 2025,"@RCCNoticiasRD No sé que nos dejó oscuro, pero el estado nos dejó a nuestra suerte.  No sé si la culpa del apagón la tenga el gobierno, Pero la de que los ciudadanos se quedarán sin transporte por falta de un plan de contingencia es 100% del gobierno @luisabinader @JosePaliza @PresidenciaRD",0,0,0,24,291,0,4,0,AlvaroGarabito,blackout_oct,apagón culpa gobierno,-0.7906,negative
1988411890029179377,Wed Nov 12 01:01:52 +0000 2025,Francisco Javier García califica de “catastrófico” el apagón nacional y culpa al Gobierno de improvisación https://t.co/LXDyJEBsps,3,3,2,1324,130,0,0,1,cdn37,blackout_oct,apagón culpa gobierno,0.0,neutral
1988368285117935946,Tue Nov 11 22:08:35 +0000 2025,"Ella es tan salada, ¿que quién quita y el Gobierno le eche la culpa del #apagón? Con ese baile…🤣

Benítez 
Celso Marranzini https://t.co/J5LdiJUxkY",1,0,0,2768,147,1,0,1,DeyaniraGomezH,blackout_oct,apagón culpa gobierno,0.4939,positive
1988358155311411315,Tue Nov 11 21:28:20 +0000 2025,"Jajajajajaja. Uno ríe, pero coño e’ ‘beldad’.

Mientras la batería de #bots del Gobierno comandados por @luisabinader en la semanal decían que la culpa NO era de @celsomprp, hoy por fin lo reconocen. 

En serio, ¡este Gobierno es histórico! 

#Apagón
Benítez 
Celso 🤣",1,2,1,1743,267,2,2,0,DeyaniraGomezH,blackout_oct,apagón culpa gobierno,0.1429,positive
1989314301371330884,Fri Nov 14 12:47:43 +0000 2025,"@llunapunk Nunca es culpa del gobierno que lleva 7 años gobernando, no tiene culpa ni de la subida de precios, ni de la crisis de la vivienda, ni del apagón. Seguro que es culpa del PP y de Ayuso",0,0,0,14,195,0,1,0,sr_ackermann,blackout_oct,apagón culpa gobierno,-0.743,negative
1989124233906254281,Fri Nov 14 00:12:28 +0000 2025,"@dchopenawer Cuando haya otro apagón total, el Gobierno le echará la culpa a la ultraderecha. Lo de siempre vamos.",0,0,0,30,114,0,1,0,VicManWallapop,blackout_oct,apagón culpa gobierno,0.0,neutral
1989074255804527094,Thu Nov 13 20:53:52 +0000 2025,"@noticias_cuatro Si vamos a cerrarlas todas aunque no estén preparados para ellos, luego vienen los apagones y nadie tiene la culpa y los consumidores a pagar la factura del apagón, no tenemos en el gobierno nada más que jilipollas e inútiles, debe ser que nos lo merecemos",0,0,0,14,273,0,1,0,maximasg60,blackout_oct,apagón culpa gobierno,-0.5267,negative
1988985047840690197,Thu Nov 13 14:59:23 +0000 2025,¿También el apagón es culpa del Gobierno? ¿Qué carajo pasa en este país? https://t.co/TSgzWapY1e vía @acentodiario,0,0,1,31,114,0,1,1,malkun_lois,blackout_oct,apagón culpa gobierno,0.0,neutral
1988953696474927308,Thu Nov 13 12:54:48 +0000 2025,"España en gravísimo riesgo de apagón continuado por culpa de este gobierno de ecoterroristas rojos y su banda de antiespañoles catanazis, bilduetarras y demás basura! Almaraz no, pero Vandellòs  en Tarragona si? No podéis ser más delincuentes todos

 https://t.co/VAee8qhL42",0,0,0,82,274,0,0,1,reno85485111,blackout_oct,apagón culpa gobierno,-0.3595,negative
1988924781425537458,Thu Nov 13 10:59:54 +0000 2025,"@z101digital @iluminadam10 El apagon NO fue culpa del gobierno, que la gente quede varada en el metro y el teleferico si. Denosta una ignorancia abismal en temas de manteminiento. Ese senor (opret) debio rebunciar ayer.",0,0,0,97,219,0,2,0,eltavi78,blackout_oct,apagón culpa gobierno,-0.4466,negative
1988873403466396000,Thu Nov 13 07:35:45 +0000 2025,"“El apagón no fue culpa del Gobierno, fue por el calentamiento global” https://t.co/GqM8wcmbJE",0,0,0,17,94,0,0,1,digital_fv,blackout_oct,apagón culpa gobierno,-0.296,negative
1988866138810335658,Thu Nov 13 07:06:53 +0000 2025,"Otro organismo internacional apunta a  otra mala gestión política. Algunos hay que recordarles que el gobierno controla Redeia...Pero claro, es culpa de los del color distinto  del congreso .
 En @CreeOficial trabajamos para que esto no ocurra #FelizJueves https://t.co/vyoAtWoRuT",2,2,0,129,280,1,1,1,santolayaju,blackout_oct,apagón culpa gobierno,-0.296,negative
1988735843322994819,Wed Nov 12 22:29:08 +0000 2025,"@Eliasbaezd El apagón de ayer es culpa del PLD 🤣🤣🤣🤣. 

Este gobierno son un grupo de inútiles.  Echando la culpa a otro. Que mmgs",0,0,0,15,129,0,1,0,Payanooo,blackout_oct,apagón culpa gobierno,0.9153,positive
1988695958004068534,Wed Nov 12 19:50:39 +0000 2025,Fuerza del Pueblo culpa al Gobierno por apagón nacional y denuncia falta de técnicos calificados - https://t.co/Wwgy4xvxQW,0,0,0,10,122,0,0,1,LasNotiDom,blackout_oct,apagón culpa gobierno,0.0,neutral
1988646889726804159,Wed Nov 12 16:35:40 +0000 2025,"@Eliasbaezd @¡Buscando siempre justificantes, para la INOPERANCIA e INEPTITUD del gobierno. Otra forma es, ECHARLE la culpa a otros; pero ya tienen 5 años y 2meses en el poder y, todavía siguen buscando culpables. La verdad, que UN APAGÓN NACIONAL, nunca había ocurrido, sólo A ESTOS INEPTOS!",0,0,0,9,292,0,1,0,LeonginoF34801,blackout_oct,apagón culpa gobierno,0.0,neutral
1988628946330452361,Wed Nov 12 15:24:22 +0000 2025,"@FrancisMVargasT Él apagon de ayer desnudo muchas cosas, ahora la mediocridad no permite ser claros y honestos y admitir la ineptitud de este gobierno, querer echar ka culpa a un gobierno qué tiene 5 años y él otro cómo 13 años fuera 🤷‍♀️",2,0,0,52,238,0,1,0,comida_sana19,blackout_oct,apagón culpa gobierno,-0.296,negative
1988615079466557725,Wed Nov 12 14:29:16 +0000 2025,"""Apagón general culpa de sol""
 el gobierno de abinder culpa al sol 🌞 por el Apagón general en RD🇩🇴verdaderos anormales.... https://t.co/pjS7kzkNdY",0,0,0,85,146,0,0,1,Edwarda77427936,blackout_oct,apagón culpa gobierno,0.0,neutral
1988439524007932123,Wed Nov 12 02:51:40 +0000 2025,"Alguien que me aclare algo

Lo de la energía eléctrica tengo algo escuchando que la privatizaron.. si eso es así no sería culpa del gobierno entonces lo de este apagón nacional o si ?",0,0,0,32,183,0,0,0,santanaguilamo,blackout_oct,apagón culpa gobierno,-0.296,negative
1988431676041552284,Wed Nov 12 02:20:29 +0000 2025,Y nada... a esperar LA SemillAnal para ver a Luis diciendo con voz toda engolada que el apagón fue por culpa del primer gobierno de Leonel Fernández.,0,0,0,42,149,0,0,0,_YorchPineda,blackout_oct,apagón culpa gobierno,0.0,neutral
1988425866519724289,Wed Nov 12 01:57:24 +0000 2025,"Me imagino a Abinader en una alocución presidencial diciendo que el apagón fue solo una ilusión colectiva, que en realidad todo fue culpa del PLD, y que se trató de una estrategia de su gobierno para “mejorar” el sistema energético… porque, claro, el país necesita otro préstamo.",0,0,0,114,279,0,0,0,imkberzmiya07,blackout_oct,apagón culpa gobierno,0.0,neutral
1988419099530072540,Wed Nov 12 01:30:31 +0000 2025,"@RCCNoticiasRD No sé que nos dejó oscuro, pero el estado nos dejó a nuestra suerte.  No sé si la culpa del apagón la tenga el gobierno, Pero la de que los ciudadanos se quedarán sin transporte por falta de un plan de contingencia es 100% del gobierno @luisabinader @JosePaliza @PresidenciaRD",0,0,0,24,291,0,4,0,AlvaroGarabito,blackout_oct,apagón culpa gobierno,-0.7906,negative
1988411890029179377,Wed Nov 12 01:01:52 +0000 2025,Francisco Javier García califica de “catastrófico” el apagón nacional y culpa al Gobierno de improvisación https://t.co/LXDyJEBsps,3,3,2,1324,130,0,0,1,cdn37,blackout_oct,apagón culpa gobierno,0.0,neutral
1988368285117935946,Tue Nov 11 22:08:35 +0000 2025,"Ella es tan salada, ¿que quién quita y el Gobierno le eche la culpa del #apagón? Con ese baile…🤣

Benítez 
Celso Marranzini https://t.co/J5LdiJUxkY",1,0,0,2768,147,1,0,1,DeyaniraGomezH,blackout_oct,apagón culpa gobierno,0.4939,positive
1988358155311411315,Tue Nov 11 21:28:20 +0000 2025,"Jajajajajaja. Uno ríe, pero coño e’ ‘beldad’.

Mientras la batería de #bots del Gobierno comandados por @luisabinader en la semanal decían que la culpa NO era de @celsomprp, hoy por fin lo reconocen. 

En serio, ¡este Gobierno es histórico! 

#Apagón
Benítez 
Celso 🤣",1,2,1,1743,267,2,2,0,DeyaniraGomezH,blackout_oct,apagón culpa gobierno,0.1429,positive
1989314301371330884,Fri Nov 14 12:47:43 +0000 2025,"@llunapunk Nunca es culpa del gobierno que lleva 7 años gobernando, no tiene culpa ni de la subida de precios, ni de la crisis de la vivienda, ni del apagón. Seguro que es culpa del PP y de Ayuso",0,0,0,14,195,0,1,0,sr_ackermann,blackout_oct,apagón culpa gobierno,-0.743,negative
1989124233906254281,Fri Nov 14 00:12:28 +0000 2025,"@dchopenawer Cuando haya otro apagón total, el Gobierno le echará la culpa a la ultraderecha. Lo de siempre vamos.",0,0,0,30,114,0,1,0,VicManWallapop,blackout_oct,apagón culpa gobierno,0.0,neutral
1989074255804527094,Thu Nov 13 20:53:52 +0000 2025,"@noticias_cuatro Si vamos a cerrarlas todas aunque no estén preparados para ellos, luego vienen los apagones y nadie tiene la culpa y los consumidores a pagar la factura del apagón, no tenemos en el gobierno nada más que jilipollas e inútiles, debe ser que nos lo merecemos",0,0,0,14,273,0,1,0,maximasg60,blackout_oct,apagón culpa gobierno,-0.5267,negative
1988985047840690197,Thu Nov 13 14:59:23 +0000 2025,¿También el apagón es culpa del Gobierno? ¿Qué carajo pasa en este país? https://t.co/TSgzWapY1e vía @acentodiario,0,0,1,31,114,0,1,1,malkun_lois,blackout_oct,apagón culpa gobierno,0.0,neutral
1988953696474927308,Thu Nov 13 12:54:48 +0000 2025,"España en gravísimo riesgo de apagón continuado por culpa de este gobierno de ecoterroristas rojos y su banda de antiespañoles catanazis, bilduetarras y demás basura! Almaraz no, pero Vandellòs  en Tarragona si? No podéis ser más delincuentes todos

 https://t.co/VAee8qhL42",0,0,0,82,274,0,0,1,reno85485111,blackout_oct,apagón culpa gobierno,-0.3595,negative
1988924781425537458,Thu Nov 13 10:59:54 +0000 2025,"@z101digital @iluminadam10 El apagon NO fue culpa del gobierno, que la gente quede varada en el metro y el teleferico si. Denosta una ignorancia abismal en temas de manteminiento. Ese senor (opret) debio rebunciar ayer.",0,0,0,97,219,0,2,0,eltavi78,blackout_oct,apagón culpa gobierno,-0.4466,negative
1988873403466396000,Thu Nov 13 07:35:45 +0000 2025,"“El apagón no fue culpa del Gobierno, fue por el calentamiento global” https://t.co/GqM8wcmbJE",0,0,0,17,94,0,0,1,digital_fv,blackout_oct,apagón culpa gobierno,-0.296,negative
1988866138810335658,Thu Nov 13 07:06:53 +0000 2025,"Otro organismo internacional apunta a  otra mala gestión política. Algunos hay que recordarles que el gobierno controla Redeia...Pero claro, es culpa de los del color distinto  del congreso .
 En @CreeOficial trabajamos para que esto no ocurra #FelizJueves https://t.co/vyoAtWoRuT",2,2,0,129,280,1,1,1,santolayaju,blackout_oct,apagón culpa gobierno,-0.296,negative
1988735843322994819,Wed Nov 12 22:29:08 +0000 2025,"@Eliasbaezd El apagón de ayer es culpa del PLD 🤣🤣🤣🤣. 

Este gobierno son un grupo de inútiles.  Echando la culpa a otro. Que mmgs",0,0,0,15,129,0,1,0,Payanooo,blackout_oct,apagón culpa gobierno,0.9153,positive
1988695958004068534,Wed Nov 12 19:50:39 +0000 2025,Fuerza del Pueblo culpa al Gobierno por apagón nacional y denuncia falta de técnicos calificados - https://t.co/Wwgy4xvxQW,0,0,0,10,122,0,0,1,LasNotiDom,blackout_oct,apagón culpa gobierno,0.0,neutral
1988646889726804159,Wed Nov 12 16:35:40 +0000 2025,"@Eliasbaezd @¡Buscando siempre justificantes, para la INOPERANCIA e INEPTITUD del gobierno. Otra forma es, ECHARLE la culpa a otros; pero ya tienen 5 años y 2meses en el poder y, todavía siguen buscando culpables. La verdad, que UN APAGÓN NACIONAL, nunca había ocurrido, sólo A ESTOS INEPTOS!",0,0,0,9,292,0,1,0,LeonginoF34801,blackout_oct,apagón culpa gobierno,0.0,neutral
1988628946330452361,Wed Nov 12 15:24:22 +0000 2025,"@FrancisMVargasT Él apagon de ayer desnudo muchas cosas, ahora la mediocridad no permite ser claros y honestos y admitir la ineptitud de este gobierno, querer echar ka culpa a un gobierno qué tiene 5 años y él otro cómo 13 años fuera 🤷‍♀️",2,0,0,52,238,0,1,0,comida_sana19,blackout_oct,apagón culpa gobierno,-0.296,negative
1988615079466557725,Wed Nov 12 14:29:16 +0000 2025,"""Apagón general culpa de sol""
 el gobierno de abinder culpa al sol 🌞 por el Apagón general en RD🇩🇴verdaderos anormales.... https://t.co/pjS7kzkNdY",0,0,0,85,146,0,0,1,Edwarda77427936,blackout_oct,apagón culpa gobierno,0.0,neutral
1988439524007932123,Wed Nov 12 02:51:40 +0000 2025,"Alguien que me aclare algo

Lo de la energía eléctrica tengo algo escuchando que la privatizaron.. si eso es así no sería culpa del gobierno entonces lo de este apagón nacional o si ?",0,0,0,32,183,0,0,0,santanaguilamo,blackout_oct,apagón culpa gobierno,-0.296,negative
1988431676041552284,Wed Nov 12 02:20:29 +0000 2025,Y nada... a esperar LA SemillAnal para ver a Luis diciendo con voz toda engolada que el apagón fue por culpa del primer gobierno de Leonel Fernández.,0,0,0,42,149,0,0,0,_YorchPineda,blackout_oct,apagón culpa gobierno,0.0,neutral
1988425866519724289,Wed Nov 12 01:57:24 +0000 2025,"Me imagino a Abinader en una alocución presidencial diciendo que el apagón fue solo una ilusión colectiva, que en realidad todo fue culpa del PLD, y que se trató de una estrategia de su gobierno para “mejorar” el sistema energético… porque, claro, el país necesita otro préstamo.",0,0,0,114,279,0,0,0,imkberzmiya07,blackout_oct,apagón culpa gobierno,0.0,neutral
1988419099530072540,Wed Nov 12 01:30:31 +0000 2025,"@RCCNoticiasRD No sé que nos dejó oscuro, pero el estado nos dejó a nuestra suerte.  No sé si la culpa del apagón la tenga el gobierno, Pero la de que los ciudadanos se quedarán sin transporte por falta de un plan de contingencia es 100% del gobierno @luisabinader @JosePaliza @PresidenciaRD",0,0,0,24,291,0,4,0,AlvaroGarabito,blackout_oct,apagón culpa gobierno,-0.7906,negative
1988411890029179377,Wed Nov 12 01:01:52 +0000 2025,Francisco Javier García califica de “catastrófico” el apagón nacional y culpa al Gobierno de improvisación https://t.co/LXDyJEBsps,3,3,2,1324,130,0,0,1,cdn37,blackout_oct,apagón culpa gobierno,0.0,neutral
1988368285117935946,Tue Nov 11 22:08:35 +0000 2025,"Ella es tan salada, ¿que quién quita y el Gobierno le eche la culpa del #apagón? Con ese baile…🤣

Benítez 
Celso Marranzini https://t.co/J5LdiJUxkY",1,0,0,2768,147,1,0,1,DeyaniraGomezH,blackout_oct,apagón culpa gobierno,0.4939,positive
1988358155311411315,Tue Nov 11 21:28:20 +0000 2025,"Jajajajajaja. Uno ríe, pero coño e’ ‘beldad’.

Mientras la batería de #bots del Gobierno comandados por @luisabinader en la semanal decían que la culpa NO era de @celsomprp, hoy por fin lo reconocen. 

En serio, ¡este Gobierno es histórico! 

#Apagón
Benítez 
Celso 🤣",1,2,1,1743,267,2,2,0,DeyaniraGomezH,blackout_oct,apagón culpa gobierno,0.1429,positive
1989314301371330884,Fri Nov 14 12:47:43 +0000 2025,"@llunapunk Nunca es culpa del gobierno que lleva 7 años gobernando, no tiene culpa ni de la subida de precios, ni de la crisis de la vivienda, ni del apagón. Seguro que es culpa del PP y de Ayuso",0,0,0,14,195,0,1,0,sr_ackermann,blackout_oct,apagón culpa gobierno,-0.743,negative
1989124233906254281,Fri Nov 14 00:12:28 +0000 2025,"@dchopenawer Cuando haya otro apagón total, el Gobierno le echará la culpa a la ultraderecha. Lo de siempre vamos.",0,0,0,30,114,0,1,0,VicManWallapop,blackout_oct,apagón culpa gobierno,0.0,neutral
1989074255804527094,Thu Nov 13 20:53:52 +0000 2025,"@noticias_cuatro Si vamos a cerrarlas todas aunque no estén preparados para ellos, luego vienen los apagones y nadie tiene la culpa y los consumidores a pagar la factura del apagón, no tenemos en el gobierno nada más que jilipollas e inútiles, debe ser que nos lo merecemos",0,0,0,14,273,0,1,0,maximasg60,blackout_oct,apagón culpa gobierno,-0.5267,negative
1988985047840690197,Thu Nov 13 14:59:23 +0000 2025,¿También el apagón es culpa del Gobierno? ¿Qué carajo pasa en este país? https://t.co/TSgzWapY1e vía @acentodiario,0,0,1,31,114,0,1,1,malkun_lois,blackout_oct,apagón culpa gobierno,0.0,neutral
1988953696474927308,Thu Nov 13 12:54:48 +0000 2025,"España en gravísimo riesgo de apagón continuado por culpa de este gobierno de ecoterroristas rojos y su banda de antiespañoles catanazis, bilduetarras y demás basura! Almaraz no, pero Vandellòs  en Tarragona si? No podéis ser más delincuentes todos

 https://t.co/VAee8qhL42",0,0,0,82,274,0,0,1,reno85485111,blackout_oct,apagón culpa gobierno,-0.3595,negative
1988924781425537458,Thu Nov 13 10:59:54 +0000 2025,"@z101digital @iluminadam10 El apagon NO fue culpa del gobierno, que la gente quede varada en el metro y el teleferico si. Denosta una ignorancia abismal en temas de manteminiento. Ese senor (opret) debio rebunciar ayer.",0,0,0,97,219,0,2,0,eltavi78,blackout_oct,apagón culpa gobierno,-0.4466,negative
1988873403466396000,Thu Nov 13 07:35:45 +0000 2025,"“El apagón no fue culpa del Gobierno, fue por el calentamiento global” https://t.co/GqM8wcmbJE",0,0,0,17,94,0,0,1,digital_fv,blackout_oct,apagón culpa gobierno,-0.296,negative
1988866138810335658,Thu Nov 13 07:06:53 +0000 2025,"Otro organismo internacional apunta a  otra mala gestión política. Algunos hay que recordarles que el gobierno controla Redeia...Pero claro, es culpa de los del color distinto  del congreso .
 En @CreeOficial trabajamos para que esto no ocurra #FelizJueves https://t.co/vyoAtWoRuT",2,2,0,129,280,1,1,1,santolayaju,blackout_oct,apagón culpa gobierno,-0.296,negative
1988735843322994819,Wed Nov 12 22:29:08 +0000 2025,"@Eliasbaezd El apagón de ayer es culpa del PLD 🤣🤣🤣🤣. 

Este gobierno son un grupo de inútiles.  Echando la culpa a otro. Que mmgs",0,0,0,15,129,0,1,0,Payanooo,blackout_oct,apagón culpa gobierno,0.9153,positive
1988695958004068534,Wed Nov 12 19:50:39 +0000 2025,Fuerza del Pueblo culpa al Gobierno por apagón nacional y denuncia falta de técnicos calificados - https://t.co/Wwgy4xvxQW,0,0,0,10,122,0,0,1,LasNotiDom,blackout_oct,apagón culpa gobierno,0.0,neutral
1988646889726804159,Wed Nov 12 16:35:40 +0000 2025,"@Eliasbaezd @¡Buscando siempre justificantes, para la INOPERANCIA e INEPTITUD del gobierno. Otra forma es, ECHARLE la culpa a otros; pero ya tienen 5 años y 2meses en el poder y, todavía siguen buscando culpables. La verdad, que UN APAGÓN NACIONAL, nunca había ocurrido, sólo A ESTOS INEPTOS!",0,0,0,9,292,0,1,0,LeonginoF34801,blackout_oct,apagón culpa gobierno,0.0,neutral
1988628946330452361,Wed Nov 12 15:24:22 +0000 2025,"@FrancisMVargasT Él apagon de ayer desnudo muchas cosas, ahora la mediocridad no permite ser claros y honestos y admitir la ineptitud de este gobierno, querer echar ka culpa a un gobierno qué tiene 5 años y él otro cómo 13 años fuera 🤷‍♀️",2,0,0,52,238,0,1,0,comida_sana19,blackout_oct,apagón culpa gobierno,-0.296,negative
1988615079466557725,Wed Nov 12 14:29:16 +0000 2025,"""Apagón general culpa de sol""
 el gobierno de abinder culpa al sol 🌞 por el Apagón general en RD🇩🇴verdaderos anormales.... https://t.co/pjS7kzkNdY",0,0,0,85,146,0,0,1,Edwarda77427936,blackout_oct,apagón culpa gobierno,0.0,neutral
1988439524007932123,Wed Nov 12 02:51:40 +0000 2025,"Alguien que me aclare algo

Lo de la energía eléctrica tengo algo escuchando que la privatizaron.. si eso es así no sería culpa del gobierno entonces lo de este apagón nacional o si ?",0,0,0,32,183,0,0,0,santanaguilamo,blackout_oct,apagón culpa gobierno,-0.296,negative
1988431676041552284,Wed Nov 12 02:20:29 +0000 2025,Y nada... a esperar LA SemillAnal para ver a Luis diciendo con voz toda engolada que el apagón fue por culpa del primer gobierno de Leonel Fernández.,0,0,0,42,149,0,0,0,_YorchPineda,blackout_oct,apagón culpa gobierno,0.0,neutral
1988425866519724289,Wed Nov 12 01:57:24 +0000 2025,"Me imagino a Abinader en una alocución presidencial diciendo que el apagón fue solo una ilusión colectiva, que en realidad todo fue culpa del PLD, y que se trató de una estrategia de su gobierno para “mejorar” el sistema energético… porque, claro, el país necesita otro préstamo.",0,0,0,114,279,0,0,0,imkberzmiya07,blackout_oct,apagón culpa gobierno,0.0,neutral
1988419099530072540,Wed Nov 12 01:30:31 +0000 2025,"@RCCNoticiasRD No sé que nos dejó oscuro, pero el estado nos dejó a nuestra suerte.  No sé si la culpa del apagón la tenga el gobierno, Pero la de que los ciudadanos se quedarán sin transporte por falta de un plan de contingencia es 100% del gobierno @luisabinader @JosePaliza @PresidenciaRD",0,0,0,24,291,0,4,0,AlvaroGarabito,blackout_oct,apagón culpa gobierno,-0.7906,negative
1988411890029179377,Wed Nov 12 01:01:52 +0000 2025,Francisco Javier García califica de “catastrófico” el apagón nacional y culpa al Gobierno de improvisación https://t.co/LXDyJEBsps,3,3,2,1324,130,0,0,1,cdn37,blackout_oct,apagón culpa gobierno,0.0,neutral
1988368285117935946,Tue Nov 11 22:08:35 +0000 2025,"Ella es tan salada, ¿que quién quita y el Gobierno le eche la culpa del #apagón? Con ese baile…🤣

Benítez 
Celso Marranzini https://t.co/J5LdiJUxkY",1,0,0,2768,147,1,0,1,DeyaniraGomezH,blackout_oct,apagón culpa gobierno,0.4939,positive
1988358155311411315,Tue Nov 11 21:28:20 +0000 2025,"Jajajajajaja. Uno ríe, pero coño e’ ‘beldad’.

Mientras la batería de #bots del Gobierno comandados por @luisabinader en la semanal decían que la culpa NO era de @celsomprp, hoy por fin lo reconocen. 

En serio, ¡este Gobierno es histórico! 

#Apagón
Benítez 
Celso 🤣",1,2,1,1743,267,2,2,0,DeyaniraGomezH,blackout_oct,apagón culpa gobierno,0.1429,positive
1989314301371330884,Fri Nov 14 12:47:43 +0000 2025,"@llunapunk Nunca es culpa del gobierno que lleva 7 años gobernando, no tiene culpa ni de la subida de precios, ni de la crisis de la vivienda, ni del apagón. Seguro que es culpa del PP y de Ayuso",0,0,0,14,195,0,1,0,sr_ackermann,blackout_oct,apagón culpa gobierno,-0.743,negative
1989124233906254281,Fri Nov 14 00:12:28 +0000 2025,"@dchopenawer Cuando haya otro apagón total, el Gobierno le echará la culpa a la ultraderecha. Lo de siempre vamos.",0,0,0,30,114,0,1,0,VicManWallapop,blackout_oct,apagón culpa gobierno,0.0,neutral
1989074255804527094,Thu Nov 13 20:53:52 +0000 2025,"@noticias_cuatro Si vamos a cerrarlas todas aunque no estén preparados para ellos, luego vienen los apagones y nadie tiene la culpa y los consumidores a pagar la factura del apagón, no tenemos en el gobierno nada más que jilipollas e inútiles, debe ser que nos lo merecemos",0,0,0,14,273,0,1,0,maximasg60,blackout_oct,apagón culpa gobierno,-0.5267,negative
1988985047840690197,Thu Nov 13 14:59:23 +0000 2025,¿También el apagón es culpa del Gobierno? ¿Qué carajo pasa en este país? https://t.co/TSgzWapY1e vía @acentodiario,0,0,1,31,114,0,1,1,malkun_lois,blackout_oct,apagón culpa gobierno,0.0,neutral
1988953696474927308,Thu Nov 13 12:54:48 +0000 2025,"España en gravísimo riesgo de apagón continuado por culpa de este gobierno de ecoterroristas rojos y su banda de antiespañoles catanazis, bilduetarras y demás basura! Almaraz no, pero Vandellòs  en Tarragona si? No podéis ser más delincuentes todos

 https://t.co/VAee8qhL42",0,0,0,82,274,0,0,1,reno85485111,blackout_oct,apagón culpa gobierno,-0.3595,negative
1988924781425537458,Thu Nov 13 10:59:54 +0000 2025,"@z101digital @iluminadam10 El apagon NO fue culpa del gobierno, que la gente quede varada en el metro y el teleferico si. Denosta una ignorancia abismal en temas de manteminiento. Ese senor (opret) debio rebunciar ayer.",0,0,0,97,219,0,2,0,eltavi78,blackout_oct,apagón culpa gobierno,-0.4466,negative
1988873403466396000,Thu Nov 13 07:35:45 +0000 2025,"“El apagón no fue culpa del Gobierno, fue por el calentamiento global” https://t.co/GqM8wcmbJE",0,0,0,17,94,0,0,1,digital_fv,blackout_oct,apagón culpa gobierno,-0.296,negative
1988866138810335658,Thu Nov 13 07:06:53 +0000 2025,"Otro organismo internacional apunta a  otra mala gestión política. Algunos hay que recordarles que el gobierno controla Redeia...Pero claro, es culpa de los del color distinto  del congreso .
 En @CreeOficial trabajamos para que esto no ocurra #FelizJueves https://t.co/vyoAtWoRuT",2,2,0,129,280,1,1,1,santolayaju,blackout_oct,apagón culpa gobierno,-0.296,negative
1988735843322994819,Wed Nov 12 22:29:08 +0000 2025,"@Eliasbaezd El apagón de ayer es culpa del PLD 🤣🤣🤣🤣. 

Este gobierno son un grupo de inútiles.  Echando la culpa a otro. Que mmgs",0,0,0,15,129,0,1,0,Payanooo,blackout_oct,apagón culpa gobierno,0.9153,positive
1988695958004068534,Wed Nov 12 19:50:39 +0000 2025,Fuerza del Pueblo culpa al Gobierno por apagón nacional y denuncia falta de técnicos calificados - https://t.co/Wwgy4xvxQW,0,0,0,10,122,0,0,1,LasNotiDom,blackout_oct,apagón culpa gobierno,0.0,neutral
1988646889726804159,Wed Nov 12 16:35:40 +0000 2025,"@Eliasbaezd @¡Buscando siempre justificantes, para la INOPERANCIA e INEPTITUD del gobierno. Otra forma es, ECHARLE la culpa a otros; pero ya tienen 5 años y 2meses en el poder y, todavía siguen buscando culpables. La verdad, que UN APAGÓN NACIONAL, nunca había ocurrido, sólo A ESTOS INEPTOS!",0,0,0,9,292,0,1,0,LeonginoF34801,blackout_oct,apagón culpa gobierno,0.0,neutral
1988628946330452361,Wed Nov 12 15:24:22 +0000 2025,"@FrancisMVargasT Él apagon de ayer desnudo muchas cosas, ahora la mediocridad no permite ser claros y honestos y admitir la ineptitud de este gobierno, querer echar ka culpa a un gobierno qué tiene 5 años y él otro cómo 13 años fuera 🤷‍♀️",2,0,0,52,238,0,1,0,comida_sana19,blackout_oct,apagón culpa gobierno,-0.296,negative
1988615079466557725,Wed Nov 12 14:29:16 +0000 2025,"""Apagón general culpa de sol""
 el gobierno de abinder culpa al sol 🌞 por el Apagón general en RD🇩🇴verdaderos anormales.... https://t.co/pjS7kzkNdY",0,0,0,85,146,0,0,1,Edwarda77427936,blackout_oct,apagón culpa gobierno,0.0,neutral
1988439524007932123,Wed Nov 12 02:51:40 +0000 2025,"Alguien que me aclare algo

Lo de la energía eléctrica tengo algo escuchando que la privatizaron.. si eso es así no sería culpa del gobierno entonces lo de este apagón nacional o si ?",0,0,0,32,183,0,0,0,santanaguilamo,blackout_oct,apagón culpa gobierno,-0.296,negative
1988431676041552284,Wed Nov 12 02:20:29 +0000 2025,Y nada... a esperar LA SemillAnal para ver a Luis diciendo con voz toda engolada que el apagón fue por culpa del primer gobierno de Leonel Fernández.,0,0,0,42,149,0,0,0,_YorchPineda,blackout_oct,apagón culpa gobierno,0.0,neutral
1988425866519724289,Wed Nov 12 01:57:24 +0000 2025,"Me imagino a Abinader en una alocución presidencial diciendo que el apagón fue solo una ilusión colectiva, que en realidad todo fue culpa del PLD, y que se trató de una estrategia de su gobierno para “mejorar” el sistema energético… porque, claro, el país necesita otro préstamo.",0,0,0,114,279,0,0,0,imkberzmiya07,blackout_oct,apagón culpa gobierno,0.0,neutral
1988419099530072540,Wed Nov 12 01:30:31 +0000 2025,"@RCCNoticiasRD No sé que nos dejó oscuro, pero el estado nos dejó a nuestra suerte.  No sé si la culpa del apagón la tenga el gobierno, Pero la de que los ciudadanos se quedarán sin transporte por falta de un plan de contingencia es 100% del gobierno @luisabinader @JosePaliza @PresidenciaRD",0,0,0,24,291,0,4,0,AlvaroGarabito,blackout_oct,apagón culpa gobierno,-0.7906,negative
1988411890029179377,Wed Nov 12 01:01:52 +0000 2025,Francisco Javier García califica de “catastrófico” el apagón nacional y culpa al Gobierno de improvisación https://t.co/LXDyJEBsps,3,3,2,1324,130,0,0,1,cdn37,blackout_oct,apagón culpa gobierno,0.0,neutral
1988368285117935946,Tue Nov 11 22:08:35 +0000 2025,"Ella es tan salada, ¿que quién quita y el Gobierno le eche la culpa del #apagón? Con ese baile…🤣

Benítez 
Celso Marranzini https://t.co/J5LdiJUxkY",1,0,0,2768,147,1,0,1,DeyaniraGomezH,blackout_oct,apagón culpa gobierno,0.4939,positive
1988358155311411315,Tue Nov 11 21:28:20 +0000 2025,"Jajajajajaja. Uno ríe, pero coño e’ ‘beldad’.

Mientras la batería de #bots del Gobierno comandados por @luisabinader en la semanal decían que la culpa NO era de @celsomprp, hoy por fin lo reconocen. 

En serio, ¡este Gobierno es histórico! 

#Apagón
Benítez 
Celso 🤣",1,2,1,1743,267,2,2,0,DeyaniraGomezH,blackout_oct,apagón culpa gobierno,0.1429,positive
1989433187660173669,Fri Nov 14 20:40:08 +0000 2025,"@tjbate2000 @dbmgreen @Bubblebathgirl @ianmiles The April 2025 Iberian blackout stemmed from sudden solar plant failures in southwestern Spain, triggering a cascade of overvoltage and generation losses across the grid. High renewable penetration reduced synchronous inertia, making the system vulnerable to instability without",0,0,0,25,326,0,4,0,grok,blackout_oct,blackout Spain,-0.765,negative
1989297826824704341,Fri Nov 14 11:42:15 +0000 2025,"@alanquinn8 @Iain_L Also Spain.

Tide is turning in Europe and beyond in favour of nuclear power

Spain’s recent blackout and AI datacentres’ energy needs are leading politicians to reach for the restart button

https://t.co/euV141vEJF",0,0,1,35,235,0,2,1,BipolarRunner,blackout_oct,blackout Spain,0.6249,positive
1989246710342906341,Fri Nov 14 08:19:08 +0000 2025,"@mzjacobson @IEA As Spain’s huge blackout proved, we don’t have stabilised electricity grids needed to take large amounts of suddenly-variable, diversely-sourced renewable power input yet. And they will take decades and trillions to build - not factored in!",2,0,0,67,257,0,2,0,drmcopeman,blackout_oct,blackout Spain,0.3802,positive
1989131633769718132,Fri Nov 14 00:41:52 +0000 2025,"@elonmusk I'm not so sure. In Spain, it caused a blackout of catastrophic proportions on April 28th, as it was an unstable source of energy in the supply.",0,0,0,17,154,0,1,0,mario_belser,blackout_oct,blackout Spain,-0.7247,negative
1989113701945995548,Thu Nov 13 23:30:37 +0000 2025,"@elonmusk You mean the solar, that caused the blackout in Spain last year and destabilizes the grids in Europe? 
Also how about by night and in geographic areas which have little to no sunlight for almost half a year?",2,1,0,37,217,0,1,0,grumpy_tyrolean,blackout_oct,blackout Spain,-0.3142,negative
1989103405525266837,Thu Nov 13 22:49:42 +0000 2025,@darcybbc @Jenny_1884 Spain didn’t they have a massive blackout recently :-) good luck with that 😂,0,0,0,17,98,0,2,0,JJx5493,blackout_oct,blackout Spain,0.8779,positive
1989017924703846783,Thu Nov 13 17:10:02 +0000 2025,"The fools if the Spanish PSOE
And leftists
Celebrating tirelessly
Not extending (use) nuclear power plants.

This celebteation will haunt them every time there is a electricity shortage in Spain or a total Blackout such as the one happened in April comes for another visit.",0,0,0,17,273,0,0,0,arrowonthebow,blackout_oct,blackout Spain,-0.4939,negative
1989003634923745448,Thu Nov 13 16:13:15 +0000 2025,"@jomickane Media blackout is their best bet of directive implementation. 
When enough pieces in place.
Something akin to the tested CrowdStrike and/or the black out in Spain, Portugal, France.
Chinese of course have a wind turbine kill switches too. Apologies for gloominess.
🙏🌍",1,0,0,161,278,0,1,0,tonycahill1969,blackout_oct,blackout Spain,-0.5106,negative
1988995312900305058,Thu Nov 13 15:40:10 +0000 2025,"@alanquinn8 So many nations aren’t following suit, and it’s not even clear cut that Spain will. What do you suggest would fill the troughs in our energy production? https://t.co/IP3S3wdoMx",0,0,2,30,188,0,1,1,Iain_L,blackout_oct,blackout Spain,0.1852,positive
1988955684373950659,Thu Nov 13 13:02:42 +0000 2025,"SPAIN DIDN'T LEARN FROM THE BLACKOUT!

https://t.co/1CsxlsxYdM",16,2,1,2337,62,0,0,1,ektrit,blackout_oct,blackout Spain,0.0,neutral
1988926448284103133,Thu Nov 13 11:06:32 +0000 2025,"@levelsio Might be worth looking at the blackout in Spain last year for a clue. massive issue with existing infrastructure unable to cope with increased solar &amp; wind. Eye watering costs to upgrade, this is a growing issue across Europe.",1,0,0,17,240,0,1,0,Gerard2391,blackout_oct,blackout Spain,0.5719,positive
1988918427801538972,Thu Nov 13 10:34:40 +0000 2025,"@Trev__Says @Peter_Fitz @grok Baseload power is not a myth, single points of failure exist in every type of grid (see Spain and Portugal's blackout, caused by unreliable renewables). 

Nuclear doesn't mean that home solar is excluded, and renewables put even more stress on the grid. 

@grok am I right?",0,2,4,65,303,0,4,0,MasiPunished,blackout_oct,blackout Spain,-0.8313,negative
1988911393215566034,Thu Nov 13 10:06:42 +0000 2025,"@levelsio 1. They don't need to because of overproduction (negative prices when sun and wind)
2. Before scaling the grid you must stabilize renewables (batteries?)
3. EU policy still prioritizes adding renewable capacities over stabilizing them (see spain / portugal blackout)",0,0,0,52,276,0,1,0,xavierlois,blackout_oct,blackout Spain,-0.5719,negative
1988894722543456300,Thu Nov 13 09:00:28 +0000 2025,"Massive Power Outage Hits Madrid: Thousands Left in the Dark Overnight -  https://t.co/OAwRYfjPmI Madrid, Spain experienced a massive power outage early Monday morning, affecting thousands of residents and businesses across the city. The blackout began around 2:30 AM local tim...",0,0,0,22,280,0,0,1,QuestEuro,blackout_oct,blackout Spain,0.0,neutral
1988756474424881260,Wed Nov 12 23:51:07 +0000 2025,"@MettaBhavana1 @aaronsmith @mattjcan Thanks mate.

Do you know how maths works?

From a very low base renewables are growing.

And even with that level of growth from a low base, our electricity prices have exploded.

Now what happens when they become dominant in the grid.

Recall the country wide blackout in Spain?",0,0,1,25,317,0,3,0,TheWealthGuy_,blackout_oct,blackout Spain,0.4708,positive
1988740578595729526,Wed Nov 12 22:47:57 +0000 2025,@LoftusSteve @jonburkeUK or the costs to the people of Spain for their blackout,1,0,0,58,79,0,2,0,Dan_YIMBY,blackout_oct,blackout Spain,0.0,neutral
1988627418995696095,Wed Nov 12 15:18:18 +0000 2025,"@CAgovernor Better put a call into Spain,  Germany, and the UK who have backed themselves into reliance on unreliable intermittent sources of power. Spain had a huge blackout caused by a fragile solar/wind grid.",1,0,0,34,211,0,1,0,fshassler,blackout_oct,blackout Spain,0.6486,positive
1989433187660173669,Fri Nov 14 20:40:08 +0000 2025,"@tjbate2000 @dbmgreen @Bubblebathgirl @ianmiles The April 2025 Iberian blackout stemmed from sudden solar plant failures in southwestern Spain, triggering a cascade of overvoltage and generation losses across the grid. High renewable penetration reduced synchronous inertia, making the system vulnerable to instability without",0,0,0,25,326,0,4,0,grok,blackout_oct,blackout Spain,-0.765,negative
1989297826824704341,Fri Nov 14 11:42:15 +0000 2025,"@alanquinn8 @Iain_L Also Spain.

Tide is turning in Europe and beyond in favour of nuclear power

Spain’s recent blackout and AI datacentres’ energy needs are leading politicians to reach for the restart button

https://t.co/euV141vEJF",0,0,1,35,235,0,2,1,BipolarRunner,blackout_oct,blackout Spain,0.6249,positive
1989246710342906341,Fri Nov 14 08:19:08 +0000 2025,"@mzjacobson @IEA As Spain’s huge blackout proved, we don’t have stabilised electricity grids needed to take large amounts of suddenly-variable, diversely-sourced renewable power input yet. And they will take decades and trillions to build - not factored in!",2,0,0,67,257,0,2,0,drmcopeman,blackout_oct,blackout Spain,0.3802,positive
1989131633769718132,Fri Nov 14 00:41:52 +0000 2025,"@elonmusk I'm not so sure. In Spain, it caused a blackout of catastrophic proportions on April 28th, as it was an unstable source of energy in the supply.",0,0,0,17,154,0,1,0,mario_belser,blackout_oct,blackout Spain,-0.7247,negative
1989113701945995548,Thu Nov 13 23:30:37 +0000 2025,"@elonmusk You mean the solar, that caused the blackout in Spain last year and destabilizes the grids in Europe? 
Also how about by night and in geographic areas which have little to no sunlight for almost half a year?",2,1,0,37,217,0,1,0,grumpy_tyrolean,blackout_oct,blackout Spain,-0.3142,negative
1989103405525266837,Thu Nov 13 22:49:42 +0000 2025,@darcybbc @Jenny_1884 Spain didn’t they have a massive blackout recently :-) good luck with that 😂,0,0,0,17,98,0,2,0,JJx5493,blackout_oct,blackout Spain,0.8779,positive
1989017924703846783,Thu Nov 13 17:10:02 +0000 2025,"The fools if the Spanish PSOE
And leftists
Celebrating tirelessly
Not extending (use) nuclear power plants.

This celebteation will haunt them every time there is a electricity shortage in Spain or a total Blackout such as the one happened in April comes for another visit.",0,0,0,17,273,0,0,0,arrowonthebow,blackout_oct,blackout Spain,-0.4939,negative
1989003634923745448,Thu Nov 13 16:13:15 +0000 2025,"@jomickane Media blackout is their best bet of directive implementation. 
When enough pieces in place.
Something akin to the tested CrowdStrike and/or the black out in Spain, Portugal, France.
Chinese of course have a wind turbine kill switches too. Apologies for gloominess.
🙏🌍",1,0,0,161,278,0,1,0,tonycahill1969,blackout_oct,blackout Spain,-0.5106,negative
1988995312900305058,Thu Nov 13 15:40:10 +0000 2025,"@alanquinn8 So many nations aren’t following suit, and it’s not even clear cut that Spain will. What do you suggest would fill the troughs in our energy production? https://t.co/IP3S3wdoMx",0,0,2,30,188,0,1,1,Iain_L,blackout_oct,blackout Spain,0.1852,positive
1988955684373950659,Thu Nov 13 13:02:42 +0000 2025,"SPAIN DIDN'T LEARN FROM THE BLACKOUT!

https://t.co/1CsxlsxYdM",16,2,1,2337,62,0,0,1,ektrit,blackout_oct,blackout Spain,0.0,neutral
1988926448284103133,Thu Nov 13 11:06:32 +0000 2025,"@levelsio Might be worth looking at the blackout in Spain last year for a clue. massive issue with existing infrastructure unable to cope with increased solar &amp; wind. Eye watering costs to upgrade, this is a growing issue across Europe.",1,0,0,17,240,0,1,0,Gerard2391,blackout_oct,blackout Spain,0.5719,positive
1988918427801538972,Thu Nov 13 10:34:40 +0000 2025,"@Trev__Says @Peter_Fitz @grok Baseload power is not a myth, single points of failure exist in every type of grid (see Spain and Portugal's blackout, caused by unreliable renewables). 

Nuclear doesn't mean that home solar is excluded, and renewables put even more stress on the grid. 

@grok am I right?",0,2,4,65,303,0,4,0,MasiPunished,blackout_oct,blackout Spain,-0.8313,negative
1988911393215566034,Thu Nov 13 10:06:42 +0000 2025,"@levelsio 1. They don't need to because of overproduction (negative prices when sun and wind)
2. Before scaling the grid you must stabilize renewables (batteries?)
3. EU policy still prioritizes adding renewable capacities over stabilizing them (see spain / portugal blackout)",0,0,0,52,276,0,1,0,xavierlois,blackout_oct,blackout Spain,-0.5719,negative
1988894722543456300,Thu Nov 13 09:00:28 +0000 2025,"Massive Power Outage Hits Madrid: Thousands Left in the Dark Overnight -  https://t.co/OAwRYfjPmI Madrid, Spain experienced a massive power outage early Monday morning, affecting thousands of residents and businesses across the city. The blackout began around 2:30 AM local tim...",0,0,0,22,280,0,0,1,QuestEuro,blackout_oct,blackout Spain,0.0,neutral
1988756474424881260,Wed Nov 12 23:51:07 +0000 2025,"@MettaBhavana1 @aaronsmith @mattjcan Thanks mate.

Do you know how maths works?

From a very low base renewables are growing.

And even with that level of growth from a low base, our electricity prices have exploded.

Now what happens when they become dominant in the grid.

Recall the country wide blackout in Spain?",0,0,1,25,317,0,3,0,TheWealthGuy_,blackout_oct,blackout Spain,0.4708,positive
1988740578595729526,Wed Nov 12 22:47:57 +0000 2025,@LoftusSteve @jonburkeUK or the costs to the people of Spain for their blackout,1,0,0,58,79,0,2,0,Dan_YIMBY,blackout_oct,blackout Spain,0.0,neutral
1988627418995696095,Wed Nov 12 15:18:18 +0000 2025,"@CAgovernor Better put a call into Spain,  Germany, and the UK who have backed themselves into reliance on unreliable intermittent sources of power. Spain had a huge blackout caused by a fragile solar/wind grid.",1,0,0,34,211,0,1,0,fshassler,blackout_oct,blackout Spain,0.6486,positive
1989433187660173669,Fri Nov 14 20:40:08 +0000 2025,"@tjbate2000 @dbmgreen @Bubblebathgirl @ianmiles The April 2025 Iberian blackout stemmed from sudden solar plant failures in southwestern Spain, triggering a cascade of overvoltage and generation losses across the grid. High renewable penetration reduced synchronous inertia, making the system vulnerable to instability without",0,0,0,25,326,0,4,0,grok,blackout_oct,blackout Spain,-0.765,negative
1989297826824704341,Fri Nov 14 11:42:15 +0000 2025,"@alanquinn8 @Iain_L Also Spain.

Tide is turning in Europe and beyond in favour of nuclear power

Spain’s recent blackout and AI datacentres’ energy needs are leading politicians to reach for the restart button

https://t.co/euV141vEJF",0,0,1,35,235,0,2,1,BipolarRunner,blackout_oct,blackout Spain,0.6249,positive
1989246710342906341,Fri Nov 14 08:19:08 +0000 2025,"@mzjacobson @IEA As Spain’s huge blackout proved, we don’t have stabilised electricity grids needed to take large amounts of suddenly-variable, diversely-sourced renewable power input yet. And they will take decades and trillions to build - not factored in!",2,0,0,67,257,0,2,0,drmcopeman,blackout_oct,blackout Spain,0.3802,positive
1989131633769718132,Fri Nov 14 00:41:52 +0000 2025,"@elonmusk I'm not so sure. In Spain, it caused a blackout of catastrophic proportions on April 28th, as it was an unstable source of energy in the supply.",0,0,0,17,154,0,1,0,mario_belser,blackout_oct,blackout Spain,-0.7247,negative
1989113701945995548,Thu Nov 13 23:30:37 +0000 2025,"@elonmusk You mean the solar, that caused the blackout in Spain last year and destabilizes the grids in Europe? 
Also how about by night and in geographic areas which have little to no sunlight for almost half a year?",2,1,0,37,217,0,1,0,grumpy_tyrolean,blackout_oct,blackout Spain,-0.3142,negative
1989103405525266837,Thu Nov 13 22:49:42 +0000 2025,@darcybbc @Jenny_1884 Spain didn’t they have a massive blackout recently :-) good luck with that 😂,0,0,0,17,98,0,2,0,JJx5493,blackout_oct,blackout Spain,0.8779,positive
1989017924703846783,Thu Nov 13 17:10:02 +0000 2025,"The fools if the Spanish PSOE
And leftists
Celebrating tirelessly
Not extending (use) nuclear power plants.

This celebteation will haunt them every time there is a electricity shortage in Spain or a total Blackout such as the one happened in April comes for another visit.",0,0,0,17,273,0,0,0,arrowonthebow,blackout_oct,blackout Spain,-0.4939,negative
1989003634923745448,Thu Nov 13 16:13:15 +0000 2025,"@jomickane Media blackout is their best bet of directive implementation. 
When enough pieces in place.
Something akin to the tested CrowdStrike and/or the black out in Spain, Portugal, France.
Chinese of course have a wind turbine kill switches too. Apologies for gloominess.
🙏🌍",1,0,0,161,278,0,1,0,tonycahill1969,blackout_oct,blackout Spain,-0.5106,negative
1988995312900305058,Thu Nov 13 15:40:10 +0000 2025,"@alanquinn8 So many nations aren’t following suit, and it’s not even clear cut that Spain will. What do you suggest would fill the troughs in our energy production? https://t.co/IP3S3wdoMx",0,0,2,30,188,0,1,1,Iain_L,blackout_oct,blackout Spain,0.1852,positive
1988955684373950659,Thu Nov 13 13:02:42 +0000 2025,"SPAIN DIDN'T LEARN FROM THE BLACKOUT!

https://t.co/1CsxlsxYdM",16,2,1,2337,62,0,0,1,ektrit,blackout_oct,blackout Spain,0.0,neutral
1988926448284103133,Thu Nov 13 11:06:32 +0000 2025,"@levelsio Might be worth looking at the blackout in Spain last year for a clue. massive issue with existing infrastructure unable to cope with increased solar &amp; wind. Eye watering costs to upgrade, this is a growing issue across Europe.",1,0,0,17,240,0,1,0,Gerard2391,blackout_oct,blackout Spain,0.5719,positive
1988918427801538972,Thu Nov 13 10:34:40 +0000 2025,"@Trev__Says @Peter_Fitz @grok Baseload power is not a myth, single points of failure exist in every type of grid (see Spain and Portugal's blackout, caused by unreliable renewables). 

Nuclear doesn't mean that home solar is excluded, and renewables put even more stress on the grid. 

@grok am I right?",0,2,4,65,303,0,4,0,MasiPunished,blackout_oct,blackout Spain,-0.8313,negative
1988911393215566034,Thu Nov 13 10:06:42 +0000 2025,"@levelsio 1. They don't need to because of overproduction (negative prices when sun and wind)
2. Before scaling the grid you must stabilize renewables (batteries?)
3. EU policy still prioritizes adding renewable capacities over stabilizing them (see spain / portugal blackout)",0,0,0,52,276,0,1,0,xavierlois,blackout_oct,blackout Spain,-0.5719,negative
1988894722543456300,Thu Nov 13 09:00:28 +0000 2025,"Massive Power Outage Hits Madrid: Thousands Left in the Dark Overnight -  https://t.co/OAwRYfjPmI Madrid, Spain experienced a massive power outage early Monday morning, affecting thousands of residents and businesses across the city. The blackout began around 2:30 AM local tim...",0,0,0,22,280,0,0,1,QuestEuro,blackout_oct,blackout Spain,0.0,neutral
1988756474424881260,Wed Nov 12 23:51:07 +0000 2025,"@MettaBhavana1 @aaronsmith @mattjcan Thanks mate.

Do you know how maths works?

From a very low base renewables are growing.

And even with that level of growth from a low base, our electricity prices have exploded.

Now what happens when they become dominant in the grid.

Recall the country wide blackout in Spain?",0,0,1,25,317,0,3,0,TheWealthGuy_,blackout_oct,blackout Spain,0.4708,positive
1988740578595729526,Wed Nov 12 22:47:57 +0000 2025,@LoftusSteve @jonburkeUK or the costs to the people of Spain for their blackout,1,0,0,58,79,0,2,0,Dan_YIMBY,blackout_oct,blackout Spain,0.0,neutral
1988627418995696095,Wed Nov 12 15:18:18 +0000 2025,"@CAgovernor Better put a call into Spain,  Germany, and the UK who have backed themselves into reliance on unreliable intermittent sources of power. Spain had a huge blackout caused by a fragile solar/wind grid.",1,0,0,34,211,0,1,0,fshassler,blackout_oct,blackout Spain,0.6486,positive
1989433187660173669,Fri Nov 14 20:40:08 +0000 2025,"@tjbate2000 @dbmgreen @Bubblebathgirl @ianmiles The April 2025 Iberian blackout stemmed from sudden solar plant failures in southwestern Spain, triggering a cascade of overvoltage and generation losses across the grid. High renewable penetration reduced synchronous inertia, making the system vulnerable to instability without",0,0,0,25,326,0,4,0,grok,blackout_oct,blackout Spain,-0.765,negative
1989297826824704341,Fri Nov 14 11:42:15 +0000 2025,"@alanquinn8 @Iain_L Also Spain.

Tide is turning in Europe and beyond in favour of nuclear power

Spain’s recent blackout and AI datacentres’ energy needs are leading politicians to reach for the restart button

https://t.co/euV141vEJF",0,0,1,35,235,0,2,1,BipolarRunner,blackout_oct,blackout Spain,0.6249,positive
1989246710342906341,Fri Nov 14 08:19:08 +0000 2025,"@mzjacobson @IEA As Spain’s huge blackout proved, we don’t have stabilised electricity grids needed to take large amounts of suddenly-variable, diversely-sourced renewable power input yet. And they will take decades and trillions to build - not factored in!",2,0,0,67,257,0,2,0,drmcopeman,blackout_oct,blackout Spain,0.3802,positive
1989131633769718132,Fri Nov 14 00:41:52 +0000 2025,"@elonmusk I'm not so sure. In Spain, it caused a blackout of catastrophic proportions on April 28th, as it was an unstable source of energy in the supply.",0,0,0,17,154,0,1,0,mario_belser,blackout_oct,blackout Spain,-0.7247,negative
1989113701945995548,Thu Nov 13 23:30:37 +0000 2025,"@elonmusk You mean the solar, that caused the blackout in Spain last year and destabilizes the grids in Europe? 
Also how about by night and in geographic areas which have little to no sunlight for almost half a year?",2,1,0,37,217,0,1,0,grumpy_tyrolean,blackout_oct,blackout Spain,-0.3142,negative
1989103405525266837,Thu Nov 13 22:49:42 +0000 2025,@darcybbc @Jenny_1884 Spain didn’t they have a massive blackout recently :-) good luck with that 😂,0,0,0,17,98,0,2,0,JJx5493,blackout_oct,blackout Spain,0.8779,positive
1989017924703846783,Thu Nov 13 17:10:02 +0000 2025,"The fools if the Spanish PSOE
And leftists
Celebrating tirelessly
Not extending (use) nuclear power plants.

This celebteation will haunt them every time there is a electricity shortage in Spain or a total Blackout such as the one happened in April comes for another visit.",0,0,0,17,273,0,0,0,arrowonthebow,blackout_oct,blackout Spain,-0.4939,negative
1989003634923745448,Thu Nov 13 16:13:15 +0000 2025,"@jomickane Media blackout is their best bet of directive implementation. 
When enough pieces in place.
Something akin to the tested CrowdStrike and/or the black out in Spain, Portugal, France.
Chinese of course have a wind turbine kill switches too. Apologies for gloominess.
🙏🌍",1,0,0,161,278,0,1,0,tonycahill1969,blackout_oct,blackout Spain,-0.5106,negative
1988995312900305058,Thu Nov 13 15:40:10 +0000 2025,"@alanquinn8 So many nations aren’t following suit, and it’s not even clear cut that Spain will. What do you suggest would fill the troughs in our energy production? https://t.co/IP3S3wdoMx",0,0,2,30,188,0,1,1,Iain_L,blackout_oct,blackout Spain,0.1852,positive
1988955684373950659,Thu Nov 13 13:02:42 +0000 2025,"SPAIN DIDN'T LEARN FROM THE BLACKOUT!

https://t.co/1CsxlsxYdM",16,2,1,2337,62,0,0,1,ektrit,blackout_oct,blackout Spain,0.0,neutral
1988926448284103133,Thu Nov 13 11:06:32 +0000 2025,"@levelsio Might be worth looking at the blackout in Spain last year for a clue. massive issue with existing infrastructure unable to cope with increased solar &amp; wind. Eye watering costs to upgrade, this is a growing issue across Europe.",1,0,0,17,240,0,1,0,Gerard2391,blackout_oct,blackout Spain,0.5719,positive
1988918427801538972,Thu Nov 13 10:34:40 +0000 2025,"@Trev__Says @Peter_Fitz @grok Baseload power is not a myth, single points of failure exist in every type of grid (see Spain and Portugal's blackout, caused by unreliable renewables). 

Nuclear doesn't mean that home solar is excluded, and renewables put even more stress on the grid. 

@grok am I right?",0,2,4,65,303,0,4,0,MasiPunished,blackout_oct,blackout Spain,-0.8313,negative
1988911393215566034,Thu Nov 13 10:06:42 +0000 2025,"@levelsio 1. They don't need to because of overproduction (negative prices when sun and wind)
2. Before scaling the grid you must stabilize renewables (batteries?)
3. EU policy still prioritizes adding renewable capacities over stabilizing them (see spain / portugal blackout)",0,0,0,52,276,0,1,0,xavierlois,blackout_oct,blackout Spain,-0.5719,negative
1988894722543456300,Thu Nov 13 09:00:28 +0000 2025,"Massive Power Outage Hits Madrid: Thousands Left in the Dark Overnight -  https://t.co/OAwRYfjPmI Madrid, Spain experienced a massive power outage early Monday morning, affecting thousands of residents and businesses across the city. The blackout began around 2:30 AM local tim...",0,0,0,22,280,0,0,1,QuestEuro,blackout_oct,blackout Spain,0.0,neutral
1988756474424881260,Wed Nov 12 23:51:07 +0000 2025,"@MettaBhavana1 @aaronsmith @mattjcan Thanks mate.

Do you know how maths works?

From a very low base renewables are growing.

And even with that level of growth from a low base, our electricity prices have exploded.

Now what happens when they become dominant in the grid.

Recall the country wide blackout in Spain?",0,0,1,25,317,0,3,0,TheWealthGuy_,blackout_oct,blackout Spain,0.4708,positive
1988740578595729526,Wed Nov 12 22:47:57 +0000 2025,@LoftusSteve @jonburkeUK or the costs to the people of Spain for their blackout,1,0,0,58,79,0,2,0,Dan_YIMBY,blackout_oct,blackout Spain,0.0,neutral
1988627418995696095,Wed Nov 12 15:18:18 +0000 2025,"@CAgovernor Better put a call into Spain,  Germany, and the UK who have backed themselves into reliance on unreliable intermittent sources of power. Spain had a huge blackout caused by a fragile solar/wind grid.",1,0,0,34,211,0,1,0,fshassler,blackout_oct,blackout Spain,0.6486,positive
1989433187660173669,Fri Nov 14 20:40:08 +0000 2025,"@tjbate2000 @dbmgreen @Bubblebathgirl @ianmiles The April 2025 Iberian blackout stemmed from sudden solar plant failures in southwestern Spain, triggering a cascade of overvoltage and generation losses across the grid. High renewable penetration reduced synchronous inertia, making the system vulnerable to instability without",0,0,0,25,326,0,4,0,grok,blackout_oct,blackout Spain,-0.765,negative
1989297826824704341,Fri Nov 14 11:42:15 +0000 2025,"@alanquinn8 @Iain_L Also Spain.

Tide is turning in Europe and beyond in favour of nuclear power

Spain’s recent blackout and AI datacentres’ energy needs are leading politicians to reach for the restart button

https://t.co/euV141vEJF",0,0,1,35,235,0,2,1,BipolarRunner,blackout_oct,blackout Spain,0.6249,positive
1989246710342906341,Fri Nov 14 08:19:08 +0000 2025,"@mzjacobson @IEA As Spain’s huge blackout proved, we don’t have stabilised electricity grids needed to take large amounts of suddenly-variable, diversely-sourced renewable power input yet. And they will take decades and trillions to build - not factored in!",2,0,0,67,257,0,2,0,drmcopeman,blackout_oct,blackout Spain,0.3802,positive
1989131633769718132,Fri Nov 14 00:41:52 +0000 2025,"@elonmusk I'm not so sure. In Spain, it caused a blackout of catastrophic proportions on April 28th, as it was an unstable source of energy in the supply.",0,0,0,17,154,0,1,0,mario_belser,blackout_oct,blackout Spain,-0.7247,negative
1989113701945995548,Thu Nov 13 23:30:37 +0000 2025,"@elonmusk You mean the solar, that caused the blackout in Spain last year and destabilizes the grids in Europe? 
Also how about by night and in geographic areas which have little to no sunlight for almost half a year?",2,1,0,37,217,0,1,0,grumpy_tyrolean,blackout_oct,blackout Spain,-0.3142,negative
1989103405525266837,Thu Nov 13 22:49:42 +0000 2025,@darcybbc @Jenny_1884 Spain didn’t they have a massive blackout recently :-) good luck with that 😂,0,0,0,17,98,0,2,0,JJx5493,blackout_oct,blackout Spain,0.8779,positive
1989017924703846783,Thu Nov 13 17:10:02 +0000 2025,"The fools if the Spanish PSOE
And leftists
Celebrating tirelessly
Not extending (use) nuclear power plants.

This celebteation will haunt them every time there is a electricity shortage in Spain or a total Blackout such as the one happened in April comes for another visit.",0,0,0,17,273,0,0,0,arrowonthebow,blackout_oct,blackout Spain,-0.4939,negative
1989003634923745448,Thu Nov 13 16:13:15 +0000 2025,"@jomickane Media blackout is their best bet of directive implementation. 
When enough pieces in place.
Something akin to the tested CrowdStrike and/or the black out in Spain, Portugal, France.
Chinese of course have a wind turbine kill switches too. Apologies for gloominess.
🙏🌍",1,0,0,161,278,0,1,0,tonycahill1969,blackout_oct,blackout Spain,-0.5106,negative
1988995312900305058,Thu Nov 13 15:40:10 +0000 2025,"@alanquinn8 So many nations aren’t following suit, and it’s not even clear cut that Spain will. What do you suggest would fill the troughs in our energy production? https://t.co/IP3S3wdoMx",0,0,2,30,188,0,1,1,Iain_L,blackout_oct,blackout Spain,0.1852,positive
1988955684373950659,Thu Nov 13 13:02:42 +0000 2025,"SPAIN DIDN'T LEARN FROM THE BLACKOUT!

https://t.co/1CsxlsxYdM",16,2,1,2337,62,0,0,1,ektrit,blackout_oct,blackout Spain,0.0,neutral
1988926448284103133,Thu Nov 13 11:06:32 +0000 2025,"@levelsio Might be worth looking at the blackout in Spain last year for a clue. massive issue with existing infrastructure unable to cope with increased solar &amp; wind. Eye watering costs to upgrade, this is a growing issue across Europe.",1,0,0,17,240,0,1,0,Gerard2391,blackout_oct,blackout Spain,0.5719,positive
1988918427801538972,Thu Nov 13 10:34:40 +0000 2025,"@Trev__Says @Peter_Fitz @grok Baseload power is not a myth, single points of failure exist in every type of grid (see Spain and Portugal's blackout, caused by unreliable renewables). 

Nuclear doesn't mean that home solar is excluded, and renewables put even more stress on the grid. 

@grok am I right?",0,2,4,65,303,0,4,0,MasiPunished,blackout_oct,blackout Spain,-0.8313,negative
1988911393215566034,Thu Nov 13 10:06:42 +0000 2025,"@levelsio 1. They don't need to because of overproduction (negative prices when sun and wind)
2. Before scaling the grid you must stabilize renewables (batteries?)
3. EU policy still prioritizes adding renewable capacities over stabilizing them (see spain / portugal blackout)",0,0,0,52,276,0,1,0,xavierlois,blackout_oct,blackout Spain,-0.5719,negative
1988894722543456300,Thu Nov 13 09:00:28 +0000 2025,"Massive Power Outage Hits Madrid: Thousands Left in the Dark Overnight -  https://t.co/OAwRYfjPmI Madrid, Spain experienced a massive power outage early Monday morning, affecting thousands of residents and businesses across the city. The blackout began around 2:30 AM local tim...",0,0,0,22,280,0,0,1,QuestEuro,blackout_oct,blackout Spain,0.0,neutral
1988756474424881260,Wed Nov 12 23:51:07 +0000 2025,"@MettaBhavana1 @aaronsmith @mattjcan Thanks mate.

Do you know how maths works?

From a very low base renewables are growing.

And even with that level of growth from a low base, our electricity prices have exploded.

Now what happens when they become dominant in the grid.

Recall the country wide blackout in Spain?",0,0,1,25,317,0,3,0,TheWealthGuy_,blackout_oct,blackout Spain,0.4708,positive
1988740578595729526,Wed Nov 12 22:47:57 +0000 2025,@LoftusSteve @jonburkeUK or the costs to the people of Spain for their blackout,1,0,0,58,79,0,2,0,Dan_YIMBY,blackout_oct,blackout Spain,0.0,neutral
1988627418995696095,Wed Nov 12 15:18:18 +0000 2025,"@CAgovernor Better put a call into Spain,  Germany, and the UK who have backed themselves into reliance on unreliable intermittent sources of power. Spain had a huge blackout caused by a fragile solar/wind grid.",1,0,0,34,211,0,1,0,fshassler,blackout_oct,blackout Spain,0.6486,positive
1895624279171219643,Fri Feb 28 23:57:01 +0000 2025,"@Jorge_Night @Paysantndereana @nestorsiurana Ya te he contestado, solo que la neurona no te da.

En España los individuos son mucho más libres que en china, tienen mayor  libertad de expresión, política y económica.
La soberanía nacional de china es no lo que quiera la gente, sino lo que quiera una reducida oligarquia",0,0,0,8,319,0,3,0,Elmquina100,baseline_feb,política España,-0.5267,negative
1895623848529387582,Fri Feb 28 23:55:19 +0000 2025,"@jeffmartens19 @ZelenskyyUa España está como para seguir con esta política suicida. La ruina, vamos a la ruina.",1,0,0,195,111,0,2,0,deloritas,baseline_feb,política España,0.0,neutral
1895622982456000959,Fri Feb 28 23:51:52 +0000 2025,"@IdiazAyuso Sabe, a ls madrileñ@s nos importa 1 bledo su opinión sobre el presidente del gob. de España. 
Haga política de Madrid que para eso la están pagando ls madrileñ@s.  Su populismo, mata y empobrece.",1,0,0,17,207,0,3,0,marte4321,baseline_feb,política España,0.0,neutral
1895619125646664075,Fri Feb 28 23:36:33 +0000 2025,"@manelmarquez El gran fracaso de la política y de la democracia en España fue el GAL y Felipe GALzalez el señor X del GAL
Aparte de tener unas FOP Y EJÉRCITOS FASCISTAS SIN DEPURAR",0,0,0,2,180,0,1,0,Katuargi,baseline_feb,política España,-0.6523,negative
1895618767373377882,Fri Feb 28 23:35:07 +0000 2025,"@IreneMontero Todos los que leáis mi tweet haced la siguiente reflexión: 
Si esta “ señora” ha conseguido ser política de un país como España, no hay nada imposible para el resto.",0,0,0,7,179,0,1,0,EricMarey,baseline_feb,política España,0.0516,positive
1895616658259239253,Fri Feb 28 23:26:44 +0000 2025,"@Doct_Tricornio Esta señora debería estar obligada a explicar públicamente cómo va a acabar con la tercera fuerza política de España. Está diciendo que millones de españoles deben ser expulsados de la democracia, por su coño.",0,0,0,16,225,0,1,0,BipartidismoSA,baseline_feb,política España,0.0,neutral
1895614527640862843,Fri Feb 28 23:18:16 +0000 2025,"Será una excepción; porque la miseria política, ética y moral en España tiene la costumbre de parlotear y parlotear y parlotear a todas horas. Como prueba este ""Delegado"" comisario del Gobierno.",3,0,0,78,194,0,0,0,faltrique,baseline_feb,política España,0.0,neutral
1895611878874743045,Fri Feb 28 23:07:45 +0000 2025,"@BenegasJ Esto de citar para exponerme a tus seguidores en vez de darle a responder no es muy elegante, pero bueno. Trump es el único que está intentando ayudar a Ucrania con acciones decisivas y diplomacia, con un riesgo de desgaste político que ni uno solo de los sinvergüenzas eurócratas",38,3,4,849,290,0,1,0,alonso_dm,baseline_feb,política España,-0.296,negative
1895611622368166116,Fri Feb 28 23:06:44 +0000 2025,"🎙️ #Episodio159 del #PODCAST: Entrevista con la @DraPattyMarrufo, Pdta. de @FColosioDurango 🎧

✅ En esta edición, conversamos con la doctora Paty Marrufo sobre los eventos para conmemorar el 31º aniversario luctuoso de Luis Donaldo Colosio Murrieta.

✅ Además, hablamos de https://t.co/j5dNcWcrJA",2,2,0,168,296,2,2,1,DanielReta,baseline_feb,política España,0.0,neutral
1895610988659102078,Fri Feb 28 23:04:13 +0000 2025,"@Jaume_Hurtado Por q no piden lo mismo para la psicópata d Madrid, q lleva a su espalda 7291 ancianos condenados a morir sin asistencia médica, además d ser la política más corrupta inútil y embustera d España?no será q la protege el capo Floren?",5,2,0,161,246,0,1,0,selagel,baseline_feb,política España,-0.7319,negative
1895610344955072761,Fri Feb 28 23:01:39 +0000 2025,"@odeialtuna3 @kuko_xd @VermalaVanCleef @miguepeerezz ya hombre, pero es que seguir en pleno 2025 con la retaila de que no eres Español cansa. Que puedes tener un sentimiento muy propio de tu tierra, pero no entiendo como rechazarías a España. Fuera de la política es el mejor lugar para vivir del mundo.",1,0,1,38,303,0,4,0,mxdikn,baseline_feb,política España,-0.5267,negative
1895609931337728434,Fri Feb 28 23:00:01 +0000 2025,"Y así, mis pequeños sátiros,
se forja un Cantinflas genuino,
en México, rey del disparate divino,
y en España, Ozores, ¡qué lío tan fino!,
mas en política, Yolanda Díaz,
‘pregunta libre’, dice con osadía,
¡y responde lo que su capricho idea! https://t.co/MLI3nnTY1f",2,1,0,221,265,0,0,1,HDP_PdroBvMayLn,baseline_feb,política España,0.0,neutral
1895607989823820180,Fri Feb 28 22:52:18 +0000 2025,"Los 14 consejeros del PP plantan en bloque a Montero en la reunión sobre la quita de la deuda | España  
El de este miércoles era uno de los Consejos de Política Fiscal y Financiera (CPFF) más https://t.co/9up1I44Kpa #Español",0,0,0,18,225,1,0,1,Sergei_Ardzinba,baseline_feb,política España,0.0,neutral
1895605880550515017,Fri Feb 28 22:43:55 +0000 2025,@aalbita3 @JuankyCasas Es Andalucía una nación política para compararla con España o es un parte de esta ?,2,0,1,69,106,0,2,0,AlvaroG05476346,baseline_feb,política España,0.0,neutral
1895605637113102666,Fri Feb 28 22:42:57 +0000 2025,La ralea política española que saquea y destruye España hablando de payasos en su circo internacionalista. https://t.co/QccWp6ssdc,1,1,1,108,130,0,0,1,VLBOSS99,baseline_feb,política España,0.0,neutral
1895602258253135883,Fri Feb 28 22:29:31 +0000 2025,"Tendra cuenta ser empresario en España teniendo esta clase de pendejos administrando los recursos públicos 
Ya aquí en Guatemala tener esta clase política es una mierda no digamos en otros lados",0,0,0,13,194,0,0,0,MarioMo51563750,baseline_feb,política España,-0.296,negative
1895601139368018073,Fri Feb 28 22:25:04 +0000 2025,"Dos tuits juntos que nos explican porqué España es una pocilga política, sin soberanía y está en manos de partidos filonazis, belicistas y partidarios del neoliberalismo globalizador. Una es de Sumar y ministra, la otra del PP y diputada de la ""oposición"". Vean. https://t.co/ZhqC96K565",10,12,2,574,286,0,0,1,sacedator,baseline_feb,política España,-0.5574,negative
1895600419109552207,Fri Feb 28 22:22:13 +0000 2025,"@pedroagbilbao Aviso para navegantes: es malo ser enemigo de EEUU, pero es peor ser su amigo.
OTAN NO, BASES FUERA, PERO YA.
Toda la clase política española, subordinada a estos macarrras anglosionistas, debe ser erradicada y recuperar la soberanía nacional.
España o R78.",1,0,0,39,272,0,1,0,Ente_viviente,baseline_feb,política España,0.0,neutral
1895599988648108349,Fri Feb 28 22:20:30 +0000 2025,"En un eventual conflicto entre España y Marruecos, podéis dar por descontado el apoyo de los EEUU a los marroquís. 
Nuestro problema no es ése, sino la cobardía de la sociedad y la corrupción de la clase política española, que entregaría Ceuta, Melilla y Canarias con un lacito.",4,1,0,285,278,0,0,0,juanarza,baseline_feb,política España,-0.296,negative
1895599034100007375,Fri Feb 28 22:16:42 +0000 2025,"@TurpinNW En España el ""no pain, no gain"" no funciona. Lo social lo llevamos en el adn. Por eso una política liberal a lo USA jamás funcionaría. Eso lo entendió muy bien Franco, Felipe González (social democracia sin marxismo) y Aznar (reformas laborales proteccionistas). El PP sabe que..",1,0,1,22,289,0,1,0,quijoteysanchez,baseline_feb,política España,-0.8311,negative
1895598336079774063,Fri Feb 28 22:13:56 +0000 2025,"Siempre es Ayuso‼️

Madrid es la comunidad más perjudicada por el estipendio que @sanchezcastejon paga con el dinero de todos.
Nunca se ha plasmado la esquizofrenia en la que vive España como en el Consejo de Política Fiscal y Financiera de esta semana. https://t.co/CrBOvpCKJj",1,2,1,140,277,0,1,1,EErmua,baseline_feb,política España,0.34,positive
1895595467968573440,Fri Feb 28 22:02:32 +0000 2025,"@sanchezcastejon Claro, España remplaza la
Fuerza militar de los EEUU…no tienes ni la plata, ni la fuerza militar, ni política para hacer algo… vende humo",0,0,0,14,154,0,1,0,frenchylatino,baseline_feb,política España,0.0,neutral
1895594331106320810,Fri Feb 28 21:58:01 +0000 2025,"Alvise Pérez triunfa en Ceuta, mezclando populismo y retórica incendiaria pese a protestas. Su desprecio por la prensa y el apoyo militar abren un debate sobre la política en España. ¿Hasta dónde llegará? #AlvisePérez #Ceuta #Política https://t.co/PsdHDefKin",0,0,0,66,258,3,0,1,TeleCeuta_,baseline_feb,política España,0.0,neutral
1895594314803400992,Fri Feb 28 21:57:57 +0000 2025,"@AlanBarrosoA Att: Un Catalán que no se cree Español viviendo en España y chifla el himno del país de su pasaporte., pero se cree con la autoridad de opinar cómo se debe hacer política en otro país.",1,0,0,139,198,0,1,0,PierMontauti,baseline_feb,política España,-0.296,negative
1895593759615959492,Fri Feb 28 21:55:45 +0000 2025,"@WillyTolerdoo Y menos en España. Ahi an perdido los cojones los hombres de la política. Ademas recuerda en España los imigrantes 1, ciudadanos 2s",0,0,0,54,146,0,1,0,SergioRamosIII,baseline_feb,política España,0.0,neutral
1895592567997415568,Fri Feb 28 21:51:01 +0000 2025,"@GuajeSalvaje Volveréis a estar fuera de la política de España , como estabais antes , que error meter al comunismo en las instituciones",0,0,0,2,136,0,1,0,JUDELSA5,baseline_feb,política España,-0.4019,negative
1895592554886021153,Fri Feb 28 21:50:58 +0000 2025,"España debería prepararse para ser capaz de defender sus propios intereses. Una política de defensa no se improvisa de un día para otro y el mundo es un lugar peligroso, siempre lo fue.",2,0,1,504,185,0,0,0,wasipz,baseline_feb,política España,-0.2023,negative
1895591608546181517,Fri Feb 28 21:47:12 +0000 2025,"@Uliseschiva100 @Chivas 🤣🤣🤣🤣🤣🤣🤣🤣🤣
Ni que fuera de España o Inglaterra.
Lo unico que vendría a ganar,pérdida de dinero.
Van a comenzar a contratar extranjeros?
Porque con su política,esta cabron.",0,0,0,11,194,0,2,0,TelesGeniz,baseline_feb,política España,0.9814,positive
1895591290064220224,Fri Feb 28 21:45:56 +0000 2025,La solución a todo lo que está ocurriendo es VAMOS!. Un partido político que se va a preocupar y ocupar de los problemas de la gente y va a terminar con la política nefasta propia de la mediocridad. VAMOS! España! Hablamos? ✌️🟨🇪🇦🇪🇺 https://t.co/ykuX3v1ibl,4,2,2,135,255,0,0,1,SalvadorMir,baseline_feb,política España,0.0,neutral
1895591076335071465,Fri Feb 28 21:45:05 +0000 2025,"@EVerastegui @realDonaldTrump Cierto, el mundo gobernado por demonios solo puede traer desdichas para la humanidad. 

Para mi desgracia vivo con un presidente maestro de los demonios… España. 

La corrupción, espolio y desfatachez política tiene a los españoles empobrecidos y deprimidos.",0,0,0,65,288,0,2,0,Entropia_social,baseline_feb,política España,0.0,neutral
1895590212790845469,Fri Feb 28 21:41:39 +0000 2025,Aquí la política española que según algunos es la esperanza para España. Dando palos de ciego. Otra súbdita de la Agenda 2030. Más woke que a quienes ella critica.,581,186,35,10545,163,0,0,0,crismartinj,baseline_feb,política España,0.0,neutral
1895588419990143077,Fri Feb 28 21:34:32 +0000 2025,"Estamos viviendo capítulos de una serie más propia de Netflix, broncas despacho oval q pueden ocasionar un grave problema, utilizan sin miedo alguno la frase 3GM, el Papá grave, EU dividida por todos sitios, España llena de corrupción política y engañando a los ciudadanos",3,0,0,72,272,0,0,0,JuanJubo,baseline_feb,política España,-0.8316,negative
1895587349167542443,Fri Feb 28 21:30:17 +0000 2025,"@RollingCarol @OperadorNuclear Siempre he pensado que es una pena que no tengamos al frente del gobierno de España, a una  política como Meloni.",1,0,0,52,144,0,2,0,LuisGarciaAlv15,baseline_feb,política España,-0.296,negative
1895586576417374549,Fri Feb 28 21:27:12 +0000 2025,#PilarAlegria suelta ocurrendencias que muestran su incultura política e histórica de España; pero da igual,1,0,1,25,107,1,0,0,PilarGarciaFlo1,baseline_feb,política España,0.0,neutral
1895585301306986946,Fri Feb 28 21:22:08 +0000 2025,"@liusivaya En España no hay libertad política, sino ciertas libertades civiles y derechos otorgados. En España no hay una democracia, sino un Estado de partidos y una partidocracia.",69,12,3,7513,181,0,1,0,capitandistrito,baseline_feb,política España,-0.5267,negative
1895584585905496217,Fri Feb 28 21:19:18 +0000 2025,@fatimamartinez @marodriguezb Qué piensas del novio de Ayuso. Es un personaje muy oscuro y sostenido por la presidenta de la comunidad de Madrid y MAR.Te parece bien.Lo que le falta a España es mucha cultura política y mucha pedagogía para ser un ciudadano crítico y « éclairé » como decían en Francia los filo,1,0,1,26,310,0,2,0,Chantal490689,baseline_feb,política España,0.0,neutral
1895584181163606201,Fri Feb 28 21:17:41 +0000 2025,"@OperadorNuclear @djgarcia1978 Que lástima que en España no este gobernando una política similar, le vendría muy bien.",7,0,1,522,118,0,2,0,LuisGarciaAlv15,baseline_feb,política España,-0.296,negative
1895583883594514924,Fri Feb 28 21:16:30 +0000 2025,"A continuación se presenta un análisis crítico extenso que recoge antecedentes, fundamentos éticos y una opinión no neutral, evaluando la polémica derivada de la declaración que critica la actuación de Claudia Sheinbaum en el manejo de la memoria histórica y la cultura política,",0,0,0,13,279,0,0,0,FRANCISCOJVERD1,baseline_feb,política España,-0.296,negative
1895583781417074710,Fri Feb 28 21:16:06 +0000 2025,"“Señor Putin: 

Artículo 1

1. España se constituye en un Estado social y democrático de Derecho, que propugna como valores superiores de su ordenamiento jurídico la libertad, la justicia, la igualdad y el pluralismo político.

2. La soberanía nacional reside en el pueblo https://t.co/jOkgL0W3jq",511,74,21,26756,296,0,0,1,Espball,baseline_feb,política España,0.0,neutral
1895583744872100298,Fri Feb 28 21:15:57 +0000 2025,"@ZelenskyyUa @geoestratego España y toda Europa debe de entender que Zelenski no tiene la
Capacidad política para ganarle una guerra a Rusia. Zelenski como actor quiere ser el protagonista de la tercera guerra mundial, una locura que España no debe de apoyar.
Un acuerdo beneficia a Ucrania.",6,1,4,2730,291,0,2,0,EuclidesLaVega,baseline_feb,política España,-0.5267,negative
1895582255663427762,Fri Feb 28 21:10:02 +0000 2025,"@jl_nevado La misma gente con la que discutes sobre por qué apoya a Rusia, empezó con una postura equidistante por estos mismos elementos. Hay neonazis en Ucrania igual que los hay en España, en el Reino Unido, o en Alemania, hasta el punto de ser segunda fuerza política allí.",2,0,2,107,277,0,1,0,GuillLecuLell,baseline_feb,política España,0.0,neutral
1895582175757811758,Fri Feb 28 21:09:43 +0000 2025,"@JorgitoMozo Gracias por el cumplido, pero nunca me planteé pasar al primer plano de la política. Mi papel en UPyD fue siempre interno y de apoyo a los que sí tenían el coraje de hacerlo, nunca como candidato. 

Pero sí, fue una oportunidad perdida para España.",0,0,0,8,261,0,1,0,Paco_Glez_,baseline_feb,política España,0.0,neutral
1895581440143966525,Fri Feb 28 21:06:48 +0000 2025,"Ayuso es la alumna aventajadísima de Trump en España.

Esa política del disparate, el odio y la furia. Ya lo vimos. Y lo venceremos.",63,25,2,1554,132,0,0,0,hugomabarca,baseline_feb,política España,0.0,neutral
1895581393738154023,Fri Feb 28 21:06:37 +0000 2025,"José Manuel Rambla autor de 'Sagunto 1984, reconversión industrial y cambio social': “No es apología de la nostalgia” La obra, con una mirada colectiva, pretende ser una radiografía política, económica, social y cultural de una época en España que marcaron el devenir del país en",1,1,0,29,279,0,0,0,antonio_arnau,baseline_feb,política España,0.0,neutral
1895580854392644037,Fri Feb 28 21:04:28 +0000 2025,"Trump habría negociado con Hitler que se quedaran Francia, y media Europa para acabar la guerra. Y con Japón para que se quedase media Asia. 

Nos quejamos de que el hijoputa de Sánchez Castejón haya cambiado bruscamente la política exterior de España sin encomendarse a nadie",4,1,1,371,276,0,0,0,M0NICAC0,baseline_feb,política España,-0.5574,negative
1895579653060112644,Fri Feb 28 20:59:42 +0000 2025,@MariaMu24417972 Este es el nivel de la política en España. Oleeee,0,0,0,5,66,0,1,0,bLKtL1GDEz17576,baseline_feb,política España,0.0,neutral
1895578887410893148,Fri Feb 28 20:56:39 +0000 2025,"@IdiazAyuso Isabel, a partir de ahora  me da igual lo que digan que has hecho o dicho. Ya no creo nada. Cierro filas ante la única política que parece que no es politica,  eres sensata, responsable e integra y asi gobernarás España y por eso no te van dejar en paz, temen la motosierra",1,0,0,55,285,0,1,0,PezEfervescente,baseline_feb,política España,-0.6808,negative
1895577732484120904,Fri Feb 28 20:52:04 +0000 2025,"@MarotoReyes Pues sí, es una vergüenza... La corrupción política en España de SU GOBIERNO no deja de asombrarnos: piso de lujo gratis, cobrando de 2 empresas públicas sin ir a trabajar, viajes pagados con nuestros impuestos para mayor disfrute del ministro... Impresionante, señora.",0,0,0,5,282,0,1,0,agberbel,baseline_feb,política España,-0.6808,negative
1895576887285477451,Fri Feb 28 20:48:42 +0000 2025,"Este viernes tuve el honor de participar en la inauguración de la exposición Sufragistas en @AMAmuseum , organizada por la @EspOEA @CarmenMonton.

Esta es una extraordinaria iniciativa que nos permite recuperar la memoria democrática y rendir homenaje a nuestras ancestras: https://t.co/pNk8DgbA8P",9,2,0,274,297,0,3,1,AlejandraMoraM,baseline_feb,política España,0.4939,positive
1895576769379570031,Fri Feb 28 20:48:14 +0000 2025,@MartaJaenes Se la pueden dar de la mano la nueva política como aquí el cáncer de España la izquierda terrorista y independentistas.,0,0,0,116,132,0,1,0,valenjuanka,baseline_feb,política España,0.0,neutral
1895576384468369882,Fri Feb 28 20:46:42 +0000 2025,"@iescolar En España, el gobierno insultaria a los medios que publiquen eso,y los medios de comunicación zurdos lo defenderían como abogados del gobierno,y atacarían a la oposición política por protestar e indicar la corrupción",0,0,0,1,226,0,1,0,Van_Haggen,baseline_feb,política España,0.0,neutral
1895575865469386970,Fri Feb 28 20:44:39 +0000 2025,"- Nos hemos desentendido d la política gracias a las ayuditas, sin cotizar.
- España tiene mucho trabajo por hacer. Otra cosa es q nuestró jóvenes estén dispuesto a hacerlo.
- Que sepan q en unos años sus padres no podrán mantenerlos. ¿De qué comerán y pagarán el móvil?",0,0,0,5,270,0,0,0,Gladiatur2,baseline_feb,política España,-0.7003,negative
1895575773446299815,Fri Feb 28 20:44:17 +0000 2025,"@ernestorr @adrianparisiok No olvides la masacre en la Casa de los Sindicatos, Ernesto. Este tipo es el sostén política de la ultraderecha nazi en Ucrania. P. D.: No sé si es para suscriptores (creo que sí), pero te paso la discusión COMPLETA y subtitulada de ""El País"" (de España): https://t.co/aNUrkklqp8",1,0,0,56,306,0,2,1,hernan8371,baseline_feb,política España,-0.5267,negative
1895575685458248027,Fri Feb 28 20:43:56 +0000 2025,"Grande @RedondoTerreros 
Usted fue una referencia política en tiempos muy duros en España
Ahora vienen tiempos duros para Europa",5,0,0,312,128,0,1,0,lovat1942,baseline_feb,política España,0.0,neutral
1895575385116680689,Fri Feb 28 20:42:44 +0000 2025,"@GalileoArms Hasta para el más atlantista, como yo, ésto ha sido la gota que ha colmado el vaso.
Trump va a cargarse en 4 años 80 de política transatlántica. 
Hoy por primera vez me he sentido arrepentido de que España fuera a Afganistán a una guerra que no era nuestra.",52,2,9,3535,270,0,1,0,compulsivox,baseline_feb,política España,0.3818,positive
1895574396733178342,Fri Feb 28 20:38:48 +0000 2025,Ya para otro día dejamos a esos mismos gilipollas de PP y PSOE que se han tirado décadas normalizando que ni España ni Europa tengan política exterior propia e independiente de EE.UU. Muchos de los que ahora se escandalizan son también culpables de estar como estamos.,3,1,0,162,268,0,0,0,KarlosBernabeM,baseline_feb,política España,0.0,neutral
1895572688468656227,Fri Feb 28 20:32:01 +0000 2025,"Esto es lo que apoyan en España, Ayuso, Abascal y sus acólitos. Política de matones de barrio.",25,6,4,1219,94,0,0,0,uby77,baseline_feb,política España,0.0,neutral
1895571897661915466,Fri Feb 28 20:28:53 +0000 2025,"Hoy se cumplen 7 años de la muerte del más grande hombre de acción, jurista y pensador político de la España contemporánea: Don Antonio García-Trevijano. Murió el genio, pero no su acción. Adelante compatriotas, conquistemos nuestra libertad política. DIPUTADOS DE DISTRITO YA! https://t.co/9cCsU0ul0k",49,5,0,377,301,0,0,1,capitandistrito,baseline_feb,política España,-0.3595,negative
1895571226313015773,Fri Feb 28 20:26:13 +0000 2025,"ENTRE LEONES NUEVO EPISODIO DE PANORAMA Carmen Castilla: una voz desde Sevilla al Congreso

Carmen Castilla Álvarez, nacida en Sevilla en 1968, es una figura destacada del panorama político español que combina una sólida trayectoria sindical con un perfil parlamentario en https://t.co/DT4SYBGL1e",2,1,0,113,296,0,0,1,pepeconjerez,baseline_feb,política España,0.0,neutral
1895570953775825084,Fri Feb 28 20:25:08 +0000 2025,"España debería tomar nota de cómo se juega en política a muy alto nivel,que tenemos la política internacional dirigida por payasos.
Lo digo pq EEUU tiene como socio preferente a Marruecos y a nuestro país no saben ni ponerlo en el mapa,y tenemos provincias codiciadas por el moro.",19,3,2,985,280,0,0,0,LizRihz,baseline_feb,política España,-0.296,negative
1895570687332663637,Fri Feb 28 20:24:04 +0000 2025,"@IustitiaEuropa Suponía que el trabajo de IE era perseguir la corrupción política e impulsar un sistema más democrático en España, algo que gente de todas las ideologías puede apoyar. Sin embargo veo que lleva también una deriva pro Putin y antisemita, y eso no.",1,0,1,105,262,0,1,0,jmdelpuerto,baseline_feb,política España,-0.5574,negative
1895570162730090746,Fri Feb 28 20:21:59 +0000 2025,"España es un gran país, su clase política es lo que no vale nada.
Buenas noches, Nifu.
https://t.co/k5HoRukHRA",3,2,0,128,110,0,0,1,Tinkerbell_Klug,baseline_feb,política España,-0.296,negative
1895569949839790409,Fri Feb 28 20:21:08 +0000 2025,"@viejocontinent_ Se debería salir de la OTAN pero después de que se cree un ejército europeo o ejércitos coordinados en todo caso, España debería ser de los que lideren esto, le beneficiaría demasiado.

El PP y PSOE deberían acordar esto como política de estado a medio y largo plazo.",0,0,0,47,284,0,1,0,ManePollito,baseline_feb,política España,0.0,neutral
1895567014292570239,Fri Feb 28 20:09:28 +0000 2025,"Con su política d dchas PXXE pone la alfombra roja a la ultradcha corruPPtaVoxmitiva, para q más pronto q tarde s hagan con el Gobierno d España
Luego Sánchez d PXXE echará la culpa a otro y dirá votadme q viene la ultradcha, cuando es el único culpable si gobierna la ultradcha",0,0,0,9,278,0,0,0,I316556015I,baseline_feb,política España,0.0,neutral
1895566131047645327,Fri Feb 28 20:05:58 +0000 2025,"#Efeméride || El mártir y héroe, José María España, nació en La Guaira, el 28 de febrero de 1761. Era un hombre culto, asiduo lector de filosofía y política, dominaba los idiomas inglés y francés. 

#28Feb https://t.co/2jVdcDNgzF",1,0,0,11,229,2,0,1,Lagochitaray2,baseline_feb,política España,0.0,neutral
1895565139736199428,Fri Feb 28 20:02:01 +0000 2025,"""España sigue sin un sistema de desclasificación sistemática con plazos definidos. Sin este mecanismo, el acceso a la información histórica y política queda seriamente limitado"".

Un análisis de Agenda Pública. https://t.co/0Ix9wzQ00w",0,1,0,362,234,0,0,1,a_publica,baseline_feb,política España,-0.802,negative
1895565089853620613,Fri Feb 28 20:01:49 +0000 2025,"@DavidSo78928482 @Nanisimo En política internacional también se aplica el “mientras vivas bajo mi techo harás lo que yo te diga”.

Podéis lloriquear por la realidad, o ir todos a una para hacer una España que vuelva a pintar en el mundo, y que desde luego pasa por dejar de lado las chorradas progres.",3,0,0,87,301,0,2,0,Miguel_escriche,baseline_feb,política España,0.0,neutral
1895564623988076610,Fri Feb 28 19:59:58 +0000 2025,"Ayer leí un hilo de la gestualidad que adoptó Macron para superar la de ""macho"" de Trump. ¿Por qué hay que caer en eso? Tendremos tanta chabacanería en política exterior como en política interior –que es ya absolutamente insoportable de ver, y no sólo en España, si no en general.",0,0,0,13,280,0,0,0,aquinohayplaya7,baseline_feb,política España,-0.5267,negative
1895564467355955366,Fri Feb 28 19:59:21 +0000 2025,"Tú sólo demuestras tu ignorancia en política exterior ,porque en la interior ya hemos visto a Mazón ,inútil si no eres capaz ni de cesarlo ,deberías callarte la boca y pensar que no volveréis a gobernar en Valencia ni en España como sigas así",1,0,0,31,242,0,0,0,javiestevez5,baseline_feb,política España,-0.5267,negative
1895562904839340295,Fri Feb 28 19:53:09 +0000 2025,Este señor no pierde la oportunidad de expresar su total sumisión a la Unión Eurocerda cada vez que tiene ocasión... La política exterior de España se basa en repetir lo que dice Bruselas y enviar tropas cuándo y dónde lo necesite la OTAN. Gracias por tanto régimen del 78,30,6,1,768,272,0,0,0,basque_comrade,baseline_feb,política España,-0.296,negative
1895560751563133157,Fri Feb 28 19:44:35 +0000 2025,"@TuiteroMartin @TuiteroMartin Mal, al PP le conviene ""pelea del humo"" para ocultar q no tienen política internacional ni aliados .Son meros vasallos de lo q les diga la Uropa de Bruselas
Por la parte del criminal del PSOHEZ lo mismo,aunq con el matiz de q así puede ocultar mejor lo putinejo q",0,0,0,28,293,0,2,0,TeverdeEl92997,baseline_feb,política España,-0.6808,negative
1895559511190225368,Fri Feb 28 19:39:39 +0000 2025,"Nuestro principal y diría que único problema en política exterior, Marruecos, no se significa en el conflicto ruso-ucraniano y cada día estrecha más las relaciones con potencias militares como Israel o EEUU. España, en sentido opuesto, apostando a la derrota. Negros augurios.",14,1,1,441,276,0,0,0,spqr_esp,baseline_feb,política España,-0.296,negative
1895559271074709883,Fri Feb 28 19:38:42 +0000 2025,"El espectro televisivo español es de goma. España va a vanal de televisión por gobernante socialista y lo que queda de los 'brujos visitadores de moncloa'. Pero Oughourlian sabe cuidar de su patrimonio. Esto no es política, son negocios.
✍ @cultrun
https://t.co/BVCWgl3z2c",0,0,0,20,272,0,1,1,fralbaro,baseline_feb,política España,0.25,positive
1895559249503072308,Fri Feb 28 19:38:37 +0000 2025,"@raquelarbaje 27 de febrero de 1844 día de la separación de Haití y gestación de la formación de la República Dominicana y su independencia..

El 26 de enero de 1813 nació en la ciudad de Santo Domingo El Niño Juan Pablo Duarte. ‘Su padre Juan José Duarte, era un comerciante nacido en España,",0,0,0,53,293,0,1,0,pena_domingo,baseline_feb,política España,0.0,neutral
1895558940039266753,Fri Feb 28 19:37:23 +0000 2025,"@Nanisimo Mucho sociópata/psicópata en la política...

En España también.",0,0,0,50,73,0,1,0,Egaroni,baseline_feb,política España,0.0,neutral
1895557414205997108,Fri Feb 28 19:31:19 +0000 2025,"🔥Cayetana le dice a SÁNCHEZ lo que NADIE se atreve: MINUTOS MAGISTRALES PARA LA POLÍTICA EN ESPAÑA
https://t.co/887TeqPtm4 @cayetanaAT @ppopular #pp #cayetana #congreso #politica #españa #psoe #trump https://t.co/gY5tY8K8ze",0,0,0,18,223,7,2,2,correodeespana,baseline_feb,política España,0.0,neutral
1895556583356317940,Fri Feb 28 19:28:01 +0000 2025,Mónica García esa política que criticó a otro político que se llevara una subvención que ella también cobraba... Este es el nivel de España ...,1,0,0,80,143,0,0,0,DrBencomo,baseline_feb,política España,0.0,neutral
1895556481241792962,Fri Feb 28 19:27:37 +0000 2025,"@kakigarcia77 @RedondoTerreros Eso d no financiar lo primero, luego política d defensa y energía conjunta, está claro q TRUMP y Putin solo respetan a los q tienen armas nucleares, pero no sé puede ir x ahí d matón, como tengo armas invado a quien quiera pues España está tardando en hacerse una potencia nuclear",0,0,2,11,311,0,2,0,Isa_liberum,baseline_feb,política España,-0.5267,negative
1895554000596119751,Fri Feb 28 19:17:46 +0000 2025,@cayetanaAT @GPPopular Eres la mejor política de la historia de España.,0,0,0,4,71,0,2,0,crigofon,baseline_feb,política España,0.0,neutral
1895553348050293240,Fri Feb 28 19:15:10 +0000 2025,"🖋️ Columna | ""Ante las actitudes hostiles del Gobierno mexicano, quiero proponer un acto de reciprocidad entre México y España que no pasa por la política sino por la sociedad"", escribe @EnriqueKrauze https://t.co/8KryXLfyJV",2,0,1,1232,224,0,1,1,elpais_america,baseline_feb,política España,-0.5423,negative
1895553310599352791,Fri Feb 28 19:15:01 +0000 2025,"🖋️ Columna | ""Ante las actitudes hostiles del Gobierno mexicano, quiero proponer un acto de reciprocidad entre México y España que no pasa por la política sino por la sociedad"", escribe @EnriqueKrauze https://t.co/UBaZTcLqU3",0,0,0,255,224,0,1,1,elpais_chile,baseline_feb,política España,-0.5423,negative
1895553309936607335,Fri Feb 28 19:15:01 +0000 2025,"🖋️ Columna | ""Ante las actitudes hostiles del Gobierno mexicano, quiero proponer un acto de reciprocidad entre México y España que no pasa por la política sino por la sociedad"", escribe @EnriqueKrauze https://t.co/6P4ZUhDpm1",3,0,0,401,224,0,1,1,elpaismexico,baseline_feb,política España,-0.5423,negative
1895552923725414708,Fri Feb 28 19:13:29 +0000 2025,"@Baxter_2005 @alandete En España no hay política, solo farsa y reparto de dinero.",1,0,0,42,81,0,2,0,Aurebuen,baseline_feb,política España,-0.296,negative
1895551934456873298,Fri Feb 28 19:09:33 +0000 2025,"Martín Pallín habla sobre la #Transición y la guerra legal en #España 

  · El magistrado emérito fue invitado por @MMadridAranjuez 

https://t.co/zey1PjX7Kb

#Aranjuez #política #justicia #lawfare https://t.co/hCpgvIGUof",4,2,0,108,221,6,1,2,masaranjuez,baseline_feb,política España,0.128,positive
1895549480776450149,Fri Feb 28 18:59:48 +0000 2025,@elentirvigo @Frances34995995 @Proserpinasb Así es la política internacional cuando no eres una gran potencia. Le pasó a España en Cuba y Filipinas o a México con el tratado Guadalupe Hidalgo.,0,0,0,23,192,0,3,0,Critilo2,baseline_feb,política España,-0.296,negative
1895548301417611452,Fri Feb 28 18:55:07 +0000 2025,"1⃣ Recuperación económica en la Eurozona, incertidumbre en Estados Unidos

Las proyecciones del FMI apuntan a un crecimiento de ~1% en la Eurozona en 2025.
✅ Alemania vuelve al crecimiento tras 2 años de contracción
✅ Italia se acerca al 1%
✅ España sigue en niveles cercanos https://t.co/RKpI1XynSq",3,0,1,27,299,0,0,1,hmeconomico,baseline_feb,política España,0.0,neutral
1895547430176981032,Fri Feb 28 18:51:39 +0000 2025,"""La balcanización de España supondría la esclavitud política y económica del pueblo por los vecinos más fuertes""
Ramíro Ledesma Ramos https://t.co/Ux54H0pOQV",2,1,0,77,157,0,0,1,JuancaGOtero1,baseline_feb,política España,0.0,neutral
1895546983458418764,Fri Feb 28 18:49:53 +0000 2025,"@itsstil65916887 Diplomacia y política que mostraban en los hechos reconocimiento de los derechos de España.
La cuestión es muy sencilla. Si un territorio me pertenece, no tengo por qué notificar a otro país de lo que hago dentro de mis límites.",0,0,1,20,245,0,1,0,enzomancini95,baseline_feb,política España,0.0,neutral
1895545929853517878,Fri Feb 28 18:45:41 +0000 2025,"Hoy celebramos el Día de Andalucía, tierra de historia, cultura y valentía. Que su espíritu indomable nos inspire a luchar por una España unida y soberana, donde su identidad no sea usada como arma política, sino como orgullo de nuestra patria. ¡Viva nuestra tierra!
 #28Febrero",0,0,0,31,278,1,0,0,AMQuirosT,baseline_feb,política España,0.4199,positive
1895545546385080566,Fri Feb 28 18:44:10 +0000 2025,"Aviso para España. 
O cae el 78 , o nos harán lo mismo que en París en 1898 y da igual si es legal o no , aquí hablamos de LUCHA DE PODER PURA. LA VERDADERA POLÍTICA",0,1,0,50,165,0,0,0,IfrainCabrera,baseline_feb,política España,-0.1779,negative
1895544158523437195,Fri Feb 28 18:38:39 +0000 2025,@WillyTolerdoo Que te crees pepero que eso es españa!! Venimos a dar duro en política. Queremos cambio.,7,0,0,824,103,0,1,0,RabilloDe,baseline_feb,política España,0.0,neutral
1895543993142009905,Fri Feb 28 18:38:00 +0000 2025,"Del 17/02 al 24/02

Una semana para definirse ellos sólitos.

El hecho de que sigan existiendo como partido político dice mucho del electorado de este bendito país y de lo fácil que vivir de la política en España. https://t.co/3seT4p87RH",0,1,0,396,237,0,0,1,mavallecillo,baseline_feb,política España,0.0,neutral
1895542857395737076,Fri Feb 28 18:33:29 +0000 2025,"Si se derriba políticamente al bipartidismo el franquismo sin el dictador deja de dirigir la política en España.
Y de ahí a la instauración de la III REPÚBLICA se halla a un solo paso.

Por eso es conveniente que el pueblo, en masa, vote a PODEMOS.",0,0,0,6,248,0,0,0,AngelRuizdeV,baseline_feb,política España,-0.5574,negative
1895542849464385951,Fri Feb 28 18:33:27 +0000 2025,"Se echa de menos una de estas en España frente a tanto mamoneo de la clase política, la escalada de precios, imposibilidad de acceso a la vivienda y el evidente apoyo a un genocidio.",0,0,0,21,182,0,0,0,Boludown,baseline_feb,política España,0.0,neutral
1895541254584435013,Fri Feb 28 18:27:07 +0000 2025,"@elonmusk Muy bien @elonmusk, en España a esto le llamamos ""encerrona"". Yo lo único que veo es un par de políticos desesperados por obtener rédito de la situación penosa de una país que fue invadido por #Putin. Es un video de abusones acosando. Hasta ahí han rebajado la política",0,0,0,22,279,1,2,0,javiquepasa,baseline_feb,política España,0.0,neutral
1895540144851337663,Fri Feb 28 18:22:42 +0000 2025,@doizyn @TelemundoUY es una figura política muy importante en españa,7,0,2,815,68,0,2,0,PizzeroVendePan,baseline_feb,política España,0.0,neutral
1895539471187411283,Fri Feb 28 18:20:02 +0000 2025,En España la clase política odia a la clase trabajadora.,0,0,0,40,56,0,0,0,AlGranoSinFloro,baseline_feb,política España,0.0,neutral
1895537417647767951,Fri Feb 28 18:11:52 +0000 2025,"Hay gente en España que pedía libertad por ser guapo a un tio que descuartizó a otro y ahora celebran que metan en prisión a un tio que salva animales porque no les gusta su ideología política.
#FrankCuesta",5,0,0,177,206,1,0,0,The_Traveler_9,baseline_feb,política España,-0.296,negative
1895537202089902152,Fri Feb 28 18:11:01 +0000 2025,"Esta conversación es política Pura, en España estamos a años luz de todo 

 https://t.co/yjTlI54OaO",1,0,1,152,99,0,0,1,Migosh76,baseline_feb,política España,0.0,neutral
1895535453610078701,Fri Feb 28 18:04:04 +0000 2025,"@oscar_puente_ Eres basura, pestilente para más señas, de lo peor de la política española, fiel reflejo de un ministro que pertenece a un gobierno presidido por un psicópata extremadamente corrupto, golpista, felón, embustero, enemigo de España y de los españoles a los que vende por estar unos",0,0,0,5,294,0,1,0,JoseAnRuizArag,baseline_feb,política España,0.0,neutral
1895624782483513688,Fri Feb 28 23:59:01 +0000 2025,"Representa la izquierda woke europea los valores democráticos clásicos, o los representa Trump? Mi experiencia en España,con el nefasto gobierno de Sánchez y su deriva dictatorial y antisemita,me dice que Trump es el verdadero garante de esos valores.",1,0,0,21,251,0,0,0,Dreamil_the,baseline_feb,gobierno España,0.0,neutral
1895624254563238031,Fri Feb 28 23:56:55 +0000 2025,"@JoseTole2s @sanchezcastejon Es el presidente del gobierno, da la casualidad de que sí representa a España",0,0,0,31,106,0,2,0,metapensamiento,baseline_feb,gobierno España,0.0,neutral
1895623917626409026,Fri Feb 28 23:55:35 +0000 2025,@omarbula @SecRubio Necesita la guerra. Ya no puede ocultar la desgracia que su gobierno le está causando a España….,0,1,0,273,116,0,2,0,CESARA77777777,baseline_feb,gobierno España,-0.296,negative
1895623800827564272,Fri Feb 28 23:55:07 +0000 2025,Gobierno de Sheinbaum estará instando nuevamente a España a pedir perdón por actos cometidos en el pasado https://t.co/lsEyghCxJ1,3,3,1,281,129,0,0,1,Revolucion3_0,baseline_feb,gobierno España,0.0,neutral
1895623305404825945,Fri Feb 28 23:53:09 +0000 2025,"@avieu Y es curioso como la España de gobierno con tendencia progre de influencia socialista igual que nuestro gobierno social-demócrata, no acceda a esto. Aunque me parece absurdo pedirle disculpas a la corona española por liberar al Valle de México del yugo mexica.",0,0,0,8,267,0,1,0,the_datrix,baseline_feb,gobierno España,-0.296,negative
1895623132167479669,Fri Feb 28 23:52:28 +0000 2025,"@warior_justice @BRICSinfo Y el que ""ganó"" las elecciones hace poco en Alemania, también.

En España ,el gobierno y el espejismo de opsición también se apuntan!

Cuándo vamos a poner de moda mandar a los políticos al frente?

Yo pagaría por verlo🍿",0,0,0,16,247,0,2,0,ALEXANDRAKOVITT,baseline_feb,gobierno España,0.0,neutral
1895623052442124611,Fri Feb 28 23:52:09 +0000 2025,"@aapayes Ni una Huelga General en España desde 2012.. y Los 6 de Zaragoza, o los chavales de los muñecos, encarcelados o imputados, lo peor? bajo un gobierno Socialista",2,0,0,81,168,0,1,0,CarlosM60678429,baseline_feb,gobierno España,0.0,neutral
1895622778776440946,Fri Feb 28 23:51:04 +0000 2025,Como se os ocurre plantear manifestaciones sin el permiso del Gobierno prostituido de España y sin los sindicatos COMEGAMBAS,0,0,0,24,124,0,0,0,JuanAznar15,baseline_feb,gobierno España,-0.802,negative
1895622407337230840,Fri Feb 28 23:49:35 +0000 2025,"@censuramiano @wallstwolverine Es curioso como en España, nadie con más de un dedo de frente se cree el relato del gobierno (lo cierto es que insultan a la inteligencia), pero los mismos se creen el relato de otro gobierno simplemente porque es de derechas.",1,0,2,28,257,0,2,0,silent_hacker1,baseline_feb,gobierno España,0.0,neutral
1895621624197758980,Fri Feb 28 23:46:28 +0000 2025,"El gobierno nos está arruinando, el pueblo tiene que dar la cara. REVOLUCIÓN!!!!!!! POR UNA ESPAÑA SEGURA DE ESTOS POLÍTICOS QUE SOLO NOS ROBAN Y ARRUINAN",1,0,0,5,154,0,0,0,iyda_29,baseline_feb,gobierno España,0.0,neutral
1895621526390722617,Fri Feb 28 23:46:05 +0000 2025,"@CapitanBitcoin ¿Y los padres  sumisos ? ¿Quién tiene mayor culpa, el Gobierno o los padres con deficiencia intelectual, carente de neuronas que acatan y secundan dócilmente las directrices y órdenes del amo?, sin ser conscientes del daño que, no solo le hacen a sus hijos, sino a España entera.",0,0,0,11,295,0,1,0,NicoCubas4,baseline_feb,gobierno España,-0.7319,negative
1895620469749137566,Fri Feb 28 23:41:53 +0000 2025,"@LucaBlancoVzqu2 @Defensa_Israel Y como llamas a un presidente que perdió la elecciones y para quitar gobierno al legitimo ganador pacta con todo aquel dándole igual ideología y principios?
Eso es España ...El presidente de los EEUU gano con 66 millones de votos",1,0,1,12,262,0,2,0,tictact18170744,baseline_feb,gobierno España,0.0,neutral
1895620010607067634,Fri Feb 28 23:40:04 +0000 2025,"Líderes europeos respaldan a Zelenski tras tensa reunión con Trump
Los mandatarios de Alemania, Francia, España, Bélgica, Países Bajos, Polonia, Suecia, Finlandia, Dinamarca y Moldavia fueron los primeros en ponerse del lado del presidente ucraniano apoyando su reclamo de una https://t.co/EpFEFReAeQ",66,23,8,1171,300,0,0,1,_NOALCOMUNISMO,baseline_feb,gobierno España,0.0,neutral
1895619343821734374,Fri Feb 28 23:37:25 +0000 2025,"@HernnCortes Ni locos ni pendejos: esta es su principal baza para manipular a la gente, la SEP les enseña a odiar a España y cuando el Narco- gobierno quiere desviar la atención utiliza esto...",2,0,0,65,193,0,1,0,Chayitoyeye,baseline_feb,gobierno España,0.0,neutral
1895617358276018583,Fri Feb 28 23:29:31 +0000 2025,@jmalbares @andrii_sybiha Estáis vosotros los políticos del gobierno. España no está con nadie. Está con la paz. Hacer un referéndum para ver si quieren los españoles paz o seguir con la guerra.,0,0,0,4,194,0,2,0,Beane4ER,baseline_feb,gobierno España,-0.296,negative
1895617250306002959,Fri Feb 28 23:29:05 +0000 2025,"🔴🌍 MUNDIAL - #ULTIMAHORA 
🚨🫂PRIMERAS REACCIONES EUROPEAS Y MUNDIALES A LA REUNIÓN DE TRUMP Y ZELENSKY

Las reacciones a la desastrosa reunión entre Trump y Zelensky a levantado una ola de reacciones de países Europeos y Otros mas...Repito lo dicho en otro tweet ¿Estamos ante https://t.co/GKXbRGlazi",39,12,20,3361,299,1,0,1,mysteryWN,baseline_feb,gobierno España,0.0,neutral
1895616912253730961,Fri Feb 28 23:27:45 +0000 2025,"@europapress Que salga el sinvergüenza este a decir semejante cosa teniendo a su amado líder, el Sr Sánchez, presidente del gobierno de España, que no ha dicho una verdad ni por una apuesta, es verdaderamente asqueroso. Ya tenían que estar Sánchez y Mazon fuera de nuestras vidas. Y Bolaños.",0,0,0,7,291,0,1,0,TenaJuli,baseline_feb,gobierno España,-0.2584,negative
1895616570098954591,Fri Feb 28 23:26:23 +0000 2025,"La actitud despreciable de Trump y Vance hacia Zelensky ha conseguido el milagro de unir a todos los españoles en su apoyo al heroico pueblo de Ucrania.
Ahora habría que saber si estarían dispuestos sus dirigentes a unirse en un gobierno de coalición PP-PSOE para rearmar a España",0,0,0,50,280,0,0,0,cristianchiclan,baseline_feb,gobierno España,0.34,positive
1895616136043250146,Fri Feb 28 23:24:40 +0000 2025,"Montero aún confía en un acuerdo con las comunidades del PP para la quita de la deuda | Valencia Plaza https://t.co/MggK9orn9x 😭
Yo confío que el Gobierno España -PSOE, No Siga Gobernando España.",0,0,0,4,195,0,0,1,angelescritor1,baseline_feb,gobierno España,-0.6486,negative
1895615579236810895,Fri Feb 28 23:22:27 +0000 2025,"@sanchezcastejon Y lo dice el presidente más corrupto de la historia, que no lo eligieron los españoles, que para gobernar pacta con etarras y golpistas.Son Uds, el gobierno al completo y sus aliados el cáncer de España",0,0,0,6,219,0,1,0,Raquel3319Paz,baseline_feb,gobierno España,-0.296,negative
1895614829030965678,Fri Feb 28 23:19:28 +0000 2025,"@mjmonteroc Sois tan payasos. 
Cada día me avergüenza más el gobierno de España.
Menos belicismo, menos presupuestos para armamento y cruz y raya a Netanyahu. 
Eso sería un buen comienzo.
De la vivienda, el CGPJ, el auge de la extrema derecha, etc....ufff.",2,2,0,60,256,0,1,0,Jorge_M_R_E,baseline_feb,gobierno España,0.0,neutral
1895614722793488890,Fri Feb 28 23:19:03 +0000 2025,"@castellano82528 @arigamor @isaacrrr7 Es cierto, el pueblo español está hasta las narices de Sánchez y todo lo que este gobierno ha hecho por sumir a España en un hoyo.",1,0,0,6,168,0,3,0,ANTONIOLEDERER,baseline_feb,gobierno España,0.34,positive
1895614527640862843,Fri Feb 28 23:18:16 +0000 2025,"Será una excepción; porque la miseria política, ética y moral en España tiene la costumbre de parlotear y parlotear y parlotear a todas horas. Como prueba este ""Delegado"" comisario del Gobierno.",3,0,0,78,194,0,0,0,faltrique,baseline_feb,gobierno España,0.0,neutral
1895614193426223200,Fri Feb 28 23:16:57 +0000 2025,"@NunezFeijoo Muchas políticas me separan de su ideología, pero como demócrata le agradezco su apoyo a Ucrania. Ojalá se mantenga firme y junto al Gobierno de España y a los demás partidos democrático s en defensa de los valores europeos.",4,1,1,88,237,0,1,0,Anhgi_,baseline_feb,gobierno España,0.0,neutral
1895613992799965513,Fri Feb 28 23:16:09 +0000 2025,@rosadiezglez Será una broma loque usted dice pues en ESPAÑA sólo tienen privilegios los individuos del puñetero gobierno,1,0,0,7,121,0,1,0,Manuela59529257,baseline_feb,gobierno España,0.0,neutral
1895613972247724282,Fri Feb 28 23:16:04 +0000 2025,"Trump está llevando a Europa a tomar una posición, y Europa debe actuar rápido si quiere no solo sobrevivirle sino cortar su dependencia. Nada raro si se aproxima a China. Por ahora, estas son algunas reacciones de la diplomacia europea frente al episodio al que sometió Trump a",92,27,15,4675,278,0,0,0,andrealdana,baseline_feb,gobierno España,-0.296,negative
1895612041010036981,Fri Feb 28 23:08:24 +0000 2025,"@alfredoduro1 Tú sí que eres gentuza, tú y todos los rojos de mierda que mantenéis en la poltrona a un corrupto súbdito de todos los enemigos de España. Payaso de mierda, me alegra ver que solo los yayoflautas como tú apoyan esta basura de gobierno y que los jóvenes vienen a cambiarlo todo.",0,0,0,2,291,0,1,0,elreinoespanol,baseline_feb,gobierno España,0.0,neutral
1895611331862208733,Fri Feb 28 23:05:34 +0000 2025,"2️⃣ El miedo al riesgo te mantiene atrapado

📌 Mientras en otros países los jóvenes buscan aprender de dinero, en España y LATAM la mayoría busca un sueldo fijo.

❌ Rechazan oportunidades porque “no son seguras”.
❌ Prefieren quejarse del gobierno en lugar de aprender cómo",0,0,1,10,272,0,0,0,SantiagoRicci86,baseline_feb,gobierno España,0.0,neutral
1895611292091891758,Fri Feb 28 23:05:25 +0000 2025,"Nosotros, España, le importa CERO a Trump
Pero lo peor, le importa CERO a Sánchez quien es nuestro presidente, el mismo que tiene a toda su familia enchufada en el Gobierno, que viaja en Falcon hasta por 50km de nada, el mismo que enviará a españoles al frente de batalla",0,0,0,43,271,0,0,0,carinho9,baseline_feb,gobierno España,0.0,neutral
1895610814843027655,Fri Feb 28 23:03:31 +0000 2025,"@ANTONIOLEDERER @arigamor @isaacrrr7 Cuando decís europeos tened en cuenta que son los gobiernos, sus socios, aliados y votantes, hablo por España 🇪🇦 somos muchos los ciudadanos que defiende a los Israelís ( mejor dicho judíos ) y nos avergonzamos de nuestro gobierno 😡🤢",1,0,1,9,270,0,3,0,castellano82528,baseline_feb,gobierno España,0.0,neutral
1895610806022390264,Fri Feb 28 23:03:29 +0000 2025,"@eldiarioescan Oficialmente, España es una dictadura donde la voluntad de los españoles se la pasan por debajo. Es por ello que debemos organizarnos contra el gobierno criminal.",0,0,0,9,177,0,1,0,LilBUKAT,baseline_feb,gobierno España,-0.5267,negative
1895609718909141156,Fri Feb 28 22:59:10 +0000 2025,Gobierno de España.,0,0,0,4,19,0,0,0,brenes_quintero,baseline_feb,gobierno España,0.0,neutral
1895609447072022876,Fri Feb 28 22:58:05 +0000 2025,"@sebassellez @AlertaNews24 Tú eres de costa rica, ojala España os invadiera argumentando que en el pasado fuistes parte de su imperio.
 Imagino serías el primero en rendirte para evitar males mayores. Aceptando un gobierno títere gobernado desde Madrid. 

Sea todo por evitar la guerra.",1,0,1,18,286,0,2,0,1_demayo,baseline_feb,gobierno España,0.0,neutral
1895609293317321053,Fri Feb 28 22:57:28 +0000 2025,"@BertaGDeVega Gerhard Schroeder, Merkel anunciando su famosa Energiewende para sostener su gobierno en los verdes que ya estaban a sueldo de Moscú, España y otros países negándose a gastar en defensa el mínimo imprescindible... ¿de eso tiene la culpa Trump también?",1,0,1,33,265,0,1,0,versvs,baseline_feb,gobierno España,0.0,neutral
1895608602725081402,Fri Feb 28 22:54:44 +0000 2025,"Con Pedro Sánchez gobernando España
Murieron más
De 120000 muertos por el bicho pues el culpables es Pedro Sánchez que era el presidente del gobierno y no puso medios para que la gente no muriera como chinlles",0,0,0,15,209,0,0,0,bugallego,baseline_feb,gobierno España,-0.5267,negative
1895608016533406048,Fri Feb 28 22:52:24 +0000 2025,"@mmlagoscc No necesariamente un Presidente es solo de una República.

España por ejemplo no es República, es una Monarquía Constitucional, y sin embargo tiene Presidente de Gobierno.",1,0,0,17,182,0,1,0,Catalin60023996,baseline_feb,gobierno España,-0.7906,negative
1895607571110904147,Fri Feb 28 22:50:38 +0000 2025,"@unculemadrid @RrdRocio @alvaroh1408 @pachuko_pk @Mar45056388 @teruelano @dukc_mr @Vectrix13 @BernaldoDQuiros @ChusDark @William72596970 @FreenoticiasC @lolosz4 @DeMaquesa25631 @DazRos2 @libertad30081 @cuevas_dawson @KatanaJanso @Isma202020 @AmadeoPetitbo @mnesefilo @AngelBlancoMor @luzzzzx @__H2Q_ @fjconpe @datacenterinfo8 @SrIngFranco @Refutaciones1 @lsbrcl @HolaAntares @CuarentenaM @jpserranoh @victorGondiz @Sr_AIvarez @Colage7 @FranRuizGirona @lopezbreamaria @amiguitotuyo12 @FcoJavier__ @HikaruGenji1975 @ElsadelCastill3 @Mairela13 @paquilloDe @AlexVaiano @spanish_biker_ @rubenmansolivar @NoLibertyValanc @sanchezdelreal @VOX_Congreso @vox_es Es curioso como en España nadie con un dedo de frente o más se cree el relato del gobierno, pero tenemos mucha facilidad para creernos el relato de otro gobierno simplemente porque es de derechas.

Y no, no es así, es todo relato igual de poco creíble.",0,0,1,25,905,0,50,0,silent_hacker1,baseline_feb,gobierno España,-0.296,negative
1895605768478720427,Fri Feb 28 22:43:28 +0000 2025,@VOXPineda ¡ASCO Y VERGUENZA! DIMISION DEL GOBIERNO YA Y DEPORTACION ILEGALES INMEDIATAS! ESPAÑA PARA LOS ESPAÑOLES! NO QUEREMOS INVASORES Y MENOS CON NUESTRO DINERO!!! O SE VAN O LOS ECHAREMOS A PATADAS!!!!,1,0,0,33,207,0,1,0,inmacapo,baseline_feb,gobierno España,-0.625,negative
1895605602266857490,Fri Feb 28 22:42:48 +0000 2025,"@SuavePili @kurfust @sanchezcastejon @UKRinESP @ZelenskyyUa Lo cierto es que los ha devuelto al redil, obviamente estoy en desacuerdo con muchas cosas. Lástima que los dos partidos mayoritarios no pudieran formar gobierno cómo en otros países. España ya estaba secuestrada por estos mucho antes que Sánchez. Tenemos politicuchos.",1,0,2,16,329,0,5,0,Dador0364,baseline_feb,gobierno España,0.0516,positive
1895605539146777084,Fri Feb 28 22:42:33 +0000 2025,"@crismartinj Hola. En Alemania una conocida me comenta que la cuota de autonomos es menor que la cuota en España, y que durante el Covid, el gobierno los obligo a quedarse en casa, pero que a cambio les ofrecio un sueldo mensual considerable a fondo perdido.",0,0,0,8,258,0,1,0,ArteCanals,baseline_feb,gobierno España,0.0,neutral
1895605299865878683,Fri Feb 28 22:41:36 +0000 2025,"En definitiva: un discurso hiperbólico, con tintes de mitin político, poco reflexivo y muy alejado de la realidad. En  2024 Andalucía es la Comunidad Autónoma que menos crece de España tras 6 años de Gobierno PP.

https://t.co/DdzlOEyTnL",1,0,0,18,237,0,0,1,jldmedina,baseline_feb,gobierno España,0.0,neutral
1895604763531907462,Fri Feb 28 22:39:28 +0000 2025,"@alfonsopmedina Enhorabuena Alfonso, nos tomas por tontos. Te dejaste de lado que se trata del Gobierno de España, actualmente del PSOE.",0,0,0,3,136,0,1,0,Dial0n,baseline_feb,gobierno España,0.0,neutral
1895604659630588178,Fri Feb 28 22:39:04 +0000 2025,"El gobierno más feminista y progresista de la historia de España, por lo que sea, posee las cifras récords de violaciones sexuales, las cuales aumentan año a año gracias a la inmigración ilegal y mientras tanto que siguen creando ministerios y chorradas que no sirven para nada.",0,0,0,54,278,0,0,0,PedroSpain7,baseline_feb,gobierno España,-0.296,negative
1895604066744688785,Fri Feb 28 22:36:42 +0000 2025,@EErmua El gobierno de España se mantiene con etarras,4,2,1,159,53,0,1,0,ElenaMansilla16,baseline_feb,gobierno España,0.0,neutral
1895603985358504037,Fri Feb 28 22:36:23 +0000 2025,@SAPOSABIO @esteban1492o El oro de América que venía a España era en impuestos y era el inferior al 20% espero que tú consideres a tu gobierno local un parásito como consideras a España.,0,0,1,9,186,0,2,0,Er_fokin_beti,baseline_feb,gobierno España,-0.4019,negative
1895601991575126258,Fri Feb 28 22:28:28 +0000 2025,"@jesusmarana Lo mismo que con Sánchez, aún no se saben las consecuencias que tendrá para España, tener a medio gobierno imputado, o bajo sospecha!!",0,0,0,7,147,0,1,0,AndreyM94397948,baseline_feb,gobierno España,-0.4184,negative
1895601583989408215,Fri Feb 28 22:26:50 +0000 2025,"🇺🇸🇺🇦🇪🇸 ""Ucrania, España está contigo"" - Pedro Sánchez, Presidente del Gobierno de España.",0,0,0,5,89,0,0,0,tipsdeport,baseline_feb,gobierno España,0.0,neutral
1895600860438175783,Fri Feb 28 22:23:58 +0000 2025,"@seniornaranjaa @charlssev Os falta mucho contexto a todos. A mi también, pero este señor explica las cosas claras. El del vídeo no el del post. Zelensky es una marioneta puesta a dedo para servir al antiguo régimen de USA, Trump quiere dejar de imprimir dolares para enviar a Ucrania y terminar la guerra,",0,0,0,25,306,0,2,0,GABRIELxCxR,baseline_feb,gobierno España,-0.296,negative
1895600706931081486,Fri Feb 28 22:23:21 +0000 2025,"@eduardomenoni Zelenski tiene que refugiarse en España, donde Sánchez lo colocará en un trabajo donde no tendra que ir trabajar, como a su hermano. Abálos le proporcionará un catálogo de putas pagadas por el Gobierno de España",13,1,1,325,226,0,1,0,Jorge9307449373,baseline_feb,gobierno España,-0.296,negative
1895599608790991233,Fri Feb 28 22:18:59 +0000 2025,"@sanchezcastejon El gobierno de España está con todos, menos con España",0,0,0,5,71,0,1,0,silvialgomas,baseline_feb,gobierno España,0.0,neutral
1895599200408387820,Fri Feb 28 22:17:22 +0000 2025,"@PiedrafitaMario No es cierto, España si pacto con la ultraderecha el presidente de gobierno y número 1 de la corrupción pacto con la ultraderecha para hacer comisaría europea a Teresa Ribera",0,0,0,16,191,0,1,0,BonillaLine,baseline_feb,gobierno España,-0.296,negative
1895599083680915749,Fri Feb 28 22:16:54 +0000 2025,"@teruelano @RrdRocio @Mar45056388 @unculemadrid @silent_hacker1 @alvaroh1408 @DazRos2 @pachuko_pk @FreenoticiasC @ChusDark @William72596970 @BernaldoDQuiros @lolosz4 @dukc_mr @DeMaquesa25631 @libertad30081 @cuevas_dawson @KatanaJanso @AmadeoPetitbo @mnesefilo @AngelBlancoMor @luzzzzx @__H2Q_ @fjconpe @datacenterinfo8 @SrIngFranco @Refutaciones1 @lsbrcl @HolaAntares @CuarentenaM @jpserranoh @victorGondiz @Sr_AIvarez @Colage7 @FranRuizGirona @lopezbreamaria @amiguitotuyo12 @FcoJavier__ @HikaruGenji1975 @ElsadelCastill3 @Mairela13 @paquilloDe @AlexVaiano @spanish_biker_ @rubenmansolivar @NoLibertyValanc @sanchezdelreal @VOX_Congreso @vox_es Si existiera el bien los terroristas en España, no estarían gobernando con el gobierno de España

Si existiera bien, no habría liberación de personas que usan de mujeres y niños 

Si existiera bien, un tío como Puigdemont, no estaría jugando con el control de España",0,0,2,20,912,0,49,0,Isma202020,baseline_feb,gobierno España,-0.6808,negative
1895599029444317588,Fri Feb 28 22:16:41 +0000 2025,"@hp_ayan Dudo que el Gobierno de España reaccionase a la invasión mandando a morir a alguien por Ceuta y Melilla, la verdad.",1,0,0,51,124,0,1,0,Al_bereda,baseline_feb,gobierno España,0.0,neutral
1895598720613564746,Fri Feb 28 22:15:28 +0000 2025,@jaimeberenguer Como si España estuviera muy bien!! El gobierno que tienen da vergüenza.,1,0,0,11,88,0,1,0,MonagasSab45496,baseline_feb,gobierno España,0.0,neutral
1895598604532007236,Fri Feb 28 22:15:00 +0000 2025,"►El Gobierno retrasa hasta marzo los datos de ventas de armas en 2023 con la sombra de los envíos a Israel
►Elma Saiz: España se desmarca de los socios europeos y no vetará las peticiones de asilo de ningún país
https://t.co/cORJTAAfO4 https://t.co/IqzgioERK3",0,0,0,144,259,0,0,2,caval100,baseline_feb,gobierno España,-0.296,negative
1895598439821689305,Fri Feb 28 22:14:21 +0000 2025,"@PabloGarciaB @Laura_cruzd Y entonces en España, ¿el gobierno republicano tendría que haber capitulado frente a Franco?",1,0,1,35,119,0,2,0,alonsay,baseline_feb,gobierno España,0.0,neutral
1895598136309268624,Fri Feb 28 22:13:08 +0000 2025,Apoyo del gobierno de España a Ucrania,0,0,0,26,38,0,0,0,vvalencias,baseline_feb,gobierno España,0.0,neutral
1895597371024949420,Fri Feb 28 22:10:06 +0000 2025,"No sé, el día del Sporting, del Burgos…, el día de los fuegos de Santiago…  hay muchos ejemplos como para no sostener los argumentos de la Delegación del Gobierno  de España en Cantabria",26,4,2,1948,186,0,0,0,puentejorau,baseline_feb,gobierno España,-0.5267,negative
1895596343688855618,Fri Feb 28 22:06:01 +0000 2025,"Con mucho respeto , consideración y cariño, extendemos nuestros saludos por el día de su onomástico 🎉🍰🎂a Don Pedro Sánchez ; presidente actual del gobierno de España 🇪🇸 , deseándole un día grato al lado de sus familiares , amigos y compañeros . @sanchezcastejon @PSOE @psoe_m https://t.co/fP6rLpWl8Q",1,0,0,32,299,0,3,1,SolidariosABC,baseline_feb,gobierno España,0.4019,positive
1895596120270913593,Fri Feb 28 22:05:08 +0000 2025,"El presidente del Gobierno ha mostrado su apoyo a Ucrania tras la discusión entre Trump y Zelenski durante la reunión entre los dos mandatarios hoy en Washington. “Ucrania, España está contigo”, ha publicado en su cuenta de X en un mensaje en español, inglés y ucraniano.🤦🏻‍♂️",0,0,0,84,276,0,0,0,NeriCosta2,baseline_feb,gobierno España,0.5859,positive
1895596081565810967,Fri Feb 28 22:04:58 +0000 2025,"Trump, Zelenski, Putin Y ... El Gran Ganador De La Jornada: 

Mientras continúa la especulación sobre el posible fin de un acuerdo entre los Estados Unidos y Ucrania, varios países de Europa comunican su apoyo a Zelenski a través de las redes sociales. 

- Francia, España,",0,0,0,47,273,0,0,0,PoliticaGL,baseline_feb,gobierno España,0.0,neutral
1895596075932897628,Fri Feb 28 22:04:57 +0000 2025,"En España, el Gobierno de Illa implementará la «educación sexual integral» como materia curricular desde los tres años.
Enseñarán el uso del preservativo a los niños en primaria. https://t.co/gdoekElck0",0,0,0,18,202,0,0,1,hans270592,baseline_feb,gobierno España,0.0,neutral
1895595747242098767,Fri Feb 28 22:03:39 +0000 2025,".El 'ladrillazo' de la ONG d  #JoséLuisÁbalos en #Perú: 39 obras públicas de construcciones 
Listado de las obras que ha llevado a cabo #Fiadelso en Perú con 2,3 millones con dinero procedente del gobierno d #España
👇
https://t.co/PrLvXgLg82",0,0,0,15,241,4,0,1,makaralu,baseline_feb,gobierno España,0.34,positive
1895594374832288221,Fri Feb 28 21:58:12 +0000 2025,@Voltrega_ @salvadorilla @LaVanguardia No es President de res es el Delegado del Gobierno de España a Catalunya.,0,0,0,18,112,0,3,0,OriolAbello,baseline_feb,gobierno España,-0.296,negative
1895593563859366042,Fri Feb 28 21:54:58 +0000 2025,"LA PRESIRVIENTA JUDÍA DE ORIGEN LITUANO CLAUDIA SHEINBAUM @Claudiashein SIGUE CON SUS MAMDAS DE EXIGIR UN PERDÓN A ESPAÑA POR LA CONQUISTA, CONTINUANDO Y PERPETUANDO EL GOBIERNO DEL ANCIANO CORRUPTO Y ASESINO DEL CACAS AMLO OBRADOR. POR ESO MÉXICO SIGUE Y SEGUIRÁ HUNDIDO EN LA 💩",0,0,0,32,279,0,1,0,VictorSuarezH,baseline_feb,gobierno España,0.0,neutral
1895593547967185385,Fri Feb 28 21:54:54 +0000 2025,"#28Feb | El presidente del gobierno español, Pedro Sánchez, y el canciller de ese país, José Manuel Albares, reiteraron su apoyo al gobierno ucraniano tras la discusión que sostuvo el presidente de Ucrania, Volodímir Zelenski, con JD Vance, vicepresidente de EE UU, y con su https://t.co/a01IKcGAUo",1,0,0,411,298,1,0,1,eldiario,baseline_feb,gobierno España,0.0,neutral
1895593323609677833,Fri Feb 28 21:54:01 +0000 2025,"@jmalbares @andrii_sybiha No, di que el gobierno de España está con Ucrania pero no hables por todos los Españoles.",0,0,0,15,115,0,2,0,Yo55200105,baseline_feb,gobierno España,-0.296,negative
1895592922424492216,Fri Feb 28 21:52:25 +0000 2025,"@jmalbares @andrii_sybiha España esta siempre por gestionar la paz. Esa es la misión que cualquier gobierno debe transmitir y ejecutar.
Dejate de gilipolleces porque memo eres un rato.",0,0,0,6,184,0,2,0,bestSamuray,baseline_feb,gobierno España,0.0,neutral
1895591117686784418,Fri Feb 28 21:45:15 +0000 2025,"Si hubiera un Gobierno(y un pueblo) como es debido, esto no pasaría y los okupas estarían ya desterrados o a buen recaudo.

Este es el pueblo de España sometido por okupas en el que la Policía no se atreve a entrar https://t.co/UCLL9SJiZK",0,0,0,7,238,0,0,1,constan01,baseline_feb,gobierno España,-0.5267,negative
1895590703981609104,Fri Feb 28 21:43:36 +0000 2025,@HugoAO @pokecore10 @mac310194 @AlexDCine @wallstwolverine El gobierno ucraniano tiene una legion internacional para la defensa de ucrania a la que se pueden unir contactando a la embajada ucraniana en España. Por lo que sea ni los rojos ni lo liberalios peperos que tanto piden guerra se alistan.,0,0,1,34,297,0,5,0,Cazonahum,baseline_feb,gobierno España,0.0,neutral
1895590456790303120,Fri Feb 28 21:42:37 +0000 2025,@NachoRgz @Claudiashein No mamen!! Siguen con lo mismo?... U. Gobierno resentido por lo que nadie les pide que hagan... O dime Nachorn ¿Cuántos pueblos originarios están pidiendo el perdón se España?,0,0,0,2,199,0,2,0,VeniVidi_Bici,baseline_feb,gobierno España,-0.4843,negative
1895590313517109285,Fri Feb 28 21:42:03 +0000 2025,@PedroFdezGob El gobierno de España se desacredita solo con sus políticas miserables.,2,1,0,29,85,0,1,0,Rafael_Lora_,baseline_feb,gobierno España,0.0,neutral
1895590265592955361,Fri Feb 28 21:41:52 +0000 2025,"Vox, la quinta columna de Donald Trump en España, es la muleta del PP allá donde los necesitan. Tenerlos en el gobierno sería tener dentro a los enemigos de España y la UE. #Ucrania #Zelensky https://t.co/1zOMFY7ywT",0,0,0,218,215,2,0,1,CarlBenite,baseline_feb,gobierno España,0.0,neutral
1895590194604360074,Fri Feb 28 21:41:35 +0000 2025,"@Mtelladof @Gabrielsanz64 @voz_populi Sánchez y los españoles necesitaban un gobierno de España con personas formadas y competentes.
Que equipo tiene Feijoó?   Sólo buleros, insultadores profesionales y corruptos..!!!  Que equipo de gobierno puede presentar Feijoó.?? .. todos los que conocemos son ineptos y corruptos",0,0,0,6,318,0,3,0,carlosQuilm,baseline_feb,gobierno España,0.0,neutral
1895589928752595391,Fri Feb 28 21:40:32 +0000 2025,@NoaGresiva El gobierno de España y lo ha hecho antes.,0,0,0,5,54,0,1,0,Desylusionado,baseline_feb,gobierno España,0.34,positive
1895589784351097187,Fri Feb 28 21:39:57 +0000 2025,"@sanchezcastejon A ver, sopla pollas…. A mi no me incluyas en tus mierdas, si que tú o que tu gobierno de mierda está con el de Ukrania, pero no digas España. Subnormal!!",0,0,0,10,170,0,1,0,Platea232,baseline_feb,gobierno España,-0.6103,negative
1895589721482629202,Fri Feb 28 21:39:42 +0000 2025,"contenido y no hayan golpeado a este despreciable individuo.""

🇪🇸 🇺🇦 ""Ucrania, España está contigo"", - Pedro Sánchez, Presidente del Gobierno de España.",0,0,0,7,152,0,0,0,caminante49,baseline_feb,gobierno España,-0.296,negative
1895589693057876133,Fri Feb 28 21:39:35 +0000 2025,"@PacoCuenca @granadapsoe @psoedeandalucia @ManuBonachela @jacobocalvo @IgnacioHenares @mangelesprieto @montimar66 @PsoeGranada ¿Pero, CONDONAR es lo mismo que VOLATILIZAR?
Si es así y esa deuda no pasa al GOBIERNO de ESPAÑA. ‼️MAGNIFICO‼️
Aunque, mucho nos tememos qué habrá que pagarla igualmente y la APISONADORA FISCALIZADORA del Gobierno, nos seguirá friendo a IMPUESTOS. Por tanto, de qué habláis❓",0,0,1,29,402,0,9,0,soy_Kino,baseline_feb,gobierno España,-0.296,negative
1895588749607883140,Fri Feb 28 21:35:50 +0000 2025,@benjalh1971 Ministra del Gobierno de España. No hay más palabras,0,0,0,,65,0,1,0,RobertoRuben23,baseline_feb,gobierno España,-0.296,negative
1895588176623993286,Fri Feb 28 21:33:34 +0000 2025,"@canedojose @liusivaya Por qué no le pides a tu gobierno que apoye a Ucrania y cierre hospitales, colegios, despida toda la administración y mandé todo el dinero de España para la guerra de Ucrania. Te sentirías mejor que te aumenten los impuestos para ayudar a Ucrania?",0,0,0,31,270,0,2,0,Guiller05265405,baseline_feb,gobierno España,-0.296,negative
1895587899825143895,Fri Feb 28 21:32:28 +0000 2025,#28Febrero Algo muy grave está ocurriendo. He visto a Feijoo ponerse del lado de Europa y del Gobierno de España. Los nazis están a la vuelta de la esquina y tienen el mejor ejercito. #StopFascismo,0,1,0,8,197,2,0,0,joseavella15572,baseline_feb,gobierno España,-0.3818,negative
1895587428355952739,Fri Feb 28 21:30:35 +0000 2025,@europapress 🦁 España No él gobierno si que te crees una dictadura,0,0,0,1,66,0,1,0,Lanciaum1,baseline_feb,gobierno España,-0.296,negative
1895587365151973579,Fri Feb 28 21:30:20 +0000 2025,"Camarero: “Los mensajes de la Aemet ratifican que las agencias del gobierno de España no alertaron del desbordamiento del Poyo”

https://t.co/BftoJtIU7h",0,0,0,25,152,0,0,1,MaestratTV,baseline_feb,gobierno España,-0.296,negative
1895587349167542443,Fri Feb 28 21:30:17 +0000 2025,"@RollingCarol @OperadorNuclear Siempre he pensado que es una pena que no tengamos al frente del gobierno de España, a una  política como Meloni.",1,0,0,52,144,0,2,0,LuisGarciaAlv15,baseline_feb,gobierno España,-0.296,negative
1895587322567278799,Fri Feb 28 21:30:10 +0000 2025,"@alfonsopmedina Del gobierno de España, porque abalos, cuando lo hacía estaba en el gobierno, así que es un caso del gobierno",0,0,0,6,125,0,1,0,lacarpinterog,baseline_feb,gobierno España,0.0,neutral
1895587264006365400,Fri Feb 28 21:29:56 +0000 2025,"Sinceramente, me parece basado Trump. Y lo peor es una UE y un Gobierno de España que creen que su mayor problema es Ucrania con la que tenemos ya aquí 😇",1,0,1,380,153,0,0,0,ivykun96,baseline_feb,gobierno España,0.4588,positive
1895586982803488828,Fri Feb 28 21:28:49 +0000 2025,"@juandillon @larazon_es Volvemos Juan... Milei,trumph...y Pedro Sánchez. Francamente,no sé qué hace el presidente del gobierno de España en ese cóctel. Alguna vez nos lo explicarás. O yo no me entero, claro, puede ser...",0,0,0,27,220,0,2,0,juan_mellana,baseline_feb,gobierno España,-0.296,negative
1895586626405089487,Fri Feb 28 21:27:24 +0000 2025,"@sanchezcastejon Espana si. 
El gobierno de España formado con comunistas y apoyado por socios de Putin, nunca lo ha estado.
A mi no me vendes la moto. 
@cayetanaAT @ignaciadepano @benedictosolson",0,0,0,231,196,0,4,0,pablomarioargen,baseline_feb,gobierno España,0.0516,positive
1895586371651178928,Fri Feb 28 21:26:23 +0000 2025,"🔴ES FIN DE SEMANA LARGO Y SANTI LO SABE: PRESIDENTE VIAJA A URUGUAY HASTA EL LUNES PARA TRASPASO DE MANDO

◾El presidente @SantiPenap viaja hoy con destino a Montevideo, Uruguay, para asistir mañana a la ceremonia de investidura del nuevo jefe de Estado uruguayo, Yamandú Orsi. https://t.co/dFeQKq00l9",49,39,24,4511,301,0,1,1,CuartoPoder_Py,baseline_feb,gobierno España,0.0,neutral
1895586289468256637,Fri Feb 28 21:26:04 +0000 2025,"Gracias a Pedro Sánchez y su Gobierno, hay más mujeres asesinadas y violadas que nunca en España

Se ha creado la única Ley en la historia para beneficiar a miles de violadores

Ábalos, pagando putas con dinero público

Media coalición de su Gobierno, imputada por agresión sexual",6,1,0,240,280,0,0,0,abezeba_,baseline_feb,gobierno España,0.34,positive
1895586030159626482,Fri Feb 28 21:25:02 +0000 2025,"Vergonzoso es poco!!! En cualquier otro país, esto haría caer a un gobierno entero! No me quiero imaginar como estaría España si esto lo hubiera hecho la derecha!",0,0,0,14,162,0,0,0,johnywhite88,baseline_feb,gobierno España,-0.5216,negative
1895585948215529803,Fri Feb 28 21:24:42 +0000 2025,"@progrestonnn Lo que tiene que hacer España es: Sacar a esta loca y a los que le aplauden y apoyan,  sacar a toda esta manada de corruptos pervertidos de todas las instituciones de gobierno.",0,0,0,5,190,0,1,0,CCIVozprofetica,baseline_feb,gobierno España,0.0,neutral
1895585766719607025,Fri Feb 28 21:23:59 +0000 2025,"@andrei_kononov En España el gobierno puede imponerte prestaciones personales en caso de guerra, al igual que en Ucrania.",0,0,0,285,121,0,1,0,Iureetde,baseline_feb,gobierno España,0.0,neutral
1895585259263320525,Fri Feb 28 21:21:58 +0000 2025,@eldiarioes 🦁 España No él gobierno si la dictadura de Sánchez,0,0,0,2,62,0,1,0,Lanciaum1,baseline_feb,gobierno España,-0.296,negative
1895585243794718938,Fri Feb 28 21:21:55 +0000 2025,"@oscar_puente_ Quien se está llevando a la justicia por delante sois todos los del gobierno que ya deberíais haber dimitido hace tiempo todos en bloque
Vergüenza de políticos que sólo miran por sí mismos en lugar de pensar por el bien de España y los ciudadanos
DIMISIÓN EN BLOQUE DEL GOBIERNO",0,0,0,7,293,0,1,0,CisneLibertad,baseline_feb,gobierno España,0.0,neutral
1895585195996176796,Fri Feb 28 21:21:43 +0000 2025,"@EsperanzAguirre @TheObjective_es Esto llega a pasar a alguien del pp en el gobierno, y arde España por los 4 costados",1,0,0,20,118,0,2,0,propio_criterio,baseline_feb,gobierno España,0.0,neutral
1895585002525770167,Fri Feb 28 21:20:57 +0000 2025,"▓▓▓▓▓    (INTERNACIONAL)    ▓▓▓▓▓
SÁNCHEZ Y LOS ALIADOS EUROPEOS MUESTRAN SU APOYO A UCRANIA
▓▓▓▓▓▓▓▓▓▓▓▓▓▓▓▓▓▓▓▓▓▓▓▓

        El presidente del Gobierno español, Pedro Sánchez, y varios líderes europeos han reafirmado su apoyo a su homólogo https://t.co/zVhWlTlBLN",0,0,0,42,265,0,0,1,rtvetext,baseline_feb,gobierno España,0.0,neutral
1895584967092248929,Fri Feb 28 21:20:49 +0000 2025,"El problema no es lo que el Gobierno de España entiende por pseudomedios; sino el propio Gobierno de España y su tendencia a señalar públicamente, con desprecios incluidos, a jueces y periodistas incómodos.
Sánchez no sólo lo consiente, sino que puso a Óscar Puente ahí para esto. https://t.co/a16uOWDmja",0,0,0,301,304,0,0,1,JoaquinVLC_,baseline_feb,gobierno España,-0.5267,negative
1895584920149573730,Fri Feb 28 21:20:37 +0000 2025,"@davidsantosvlog Estás en España? Un país donde nada funciona, desde un mini mercado autónomo hasta lo más algo que sería el gobierno, ni la justicia se le puede decir justicia porque o son esclavisados o son comprados o vendidos, como quieras decirle. España tercermundista y colapsada",0,0,0,13,286,0,1,0,Geektabo,baseline_feb,gobierno España,0.0,neutral
1895584910452125909,Fri Feb 28 21:20:35 +0000 2025,"Ucrania, España está contigo - Presidente del Gobierno español, Pedro Sánchez.

Perdona, pero no con ese payaso presuntuoso, gilipollas https://t.co/YRPOT5UoC1",0,0,0,11,159,0,0,1,albatropsx,baseline_feb,gobierno España,-0.296,negative
1917723787208098092,Wed Apr 30 23:32:35 +0000 2025,"@pecillus @Pilar_Alegria Sí, políticos de otros países también discuten públicamente en redes sociales. En democracias como Estados Unidos, Brasil, India y Reino Unido, es común que usen plataformas como X para enfrentarse, buscando atención o apoyo. Por ejemplo, en EE.UU., Trump generaba debates con sus",0,0,0,279,305,0,2,0,grok,baseline_apr,política España,0.0,neutral
1917723242787189071,Wed Apr 30 23:30:25 +0000 2025,"El KKs y su libreto chavista...😡#30Abril  #Política  #Pais #Colombia #TDS4inColombia #España #Circombia   #SinLuz #Venezuela #Cuba  #Mundo #PlanPistolaEs
#FelizMiercoles  #Marlon #SiguemeYTeSigo https://t.co/PZUrF0R0CG",1,1,0,126,218,15,0,1,GRANDPA_11,baseline_apr,política España,0.0,neutral
1917722756520595478,Wed Apr 30 23:28:29 +0000 2025,"@ShimbuSSJ @antoniosisisisi @marlararosa @NoaGresiva Si fuese la primera vez que lo hacen vale, pero basan su política en esto, España está en su peor momento en años, los hosteleros cada vez están peor y viene esta hija de la gran puta a meter mierda a uno que al menos le va ""bien"". Hoy en día pueden mantenerse bien unos pocos...",2,0,0,36,332,0,4,0,espanolito_es,baseline_apr,política España,0.0,neutral
1917721784708915263,Wed Apr 30 23:24:37 +0000 2025,"🤔💭🗣️El presidente del Instituto de Política Social (IPSE), Pablo Hertfelder (@PabloHGconde), sobre el #apagon que tuvo lugar hace 48 horas en #España y parte de #Europa. 

🗣️ El presidente del #Gobierno debe dimitir de manera inmediata, junto a todo su equipo de #Gobierno. https://t.co/mtbPIiO99e",0,1,0,90,297,5,1,1,IPS_Esp,baseline_apr,política España,0.0,neutral
1917719363433685414,Wed Apr 30 23:15:00 +0000 2025,"Compromiso europeo con la democracia venezolana: Edmundo González Urrutia afirmó en el Congreso del Partido Popular Europeo (PPE) que Europa está comprometida con el pueblo venezolano y su lucha por la democracia, agradeciendo la invitación como muestra de este interés y",8,5,1,1406,271,0,0,0,DiarioTalCual,baseline_apr,política España,0.4215,positive
1917719255652655213,Wed Apr 30 23:14:34 +0000 2025,"También conversamos con @ildefonsocastro, secretario de Política Internacional del Partido Popular, y Ana Palacio, exministra de Asuntos Exteriores de España. Dialogamos sobre el fortalecimiento de los lazos iberoamericanos y los retos globales de la política exterior. https://t.co/HoSHfFMcD7",115,16,6,569,293,0,1,1,itobisono,baseline_apr,política España,0.4215,positive
1917719079202521502,Wed Apr 30 23:13:52 +0000 2025,"@hormigon09 @Per_Energia España tiene reservas limitadas de uranio, principalmente en Salamanca, con unas 23,000 toneladas estimadas según un estudio de 2016 de Berkeley Energia. Sin embargo, no se extrae uranio actualmente, y el país depende de importaciones para sus necesidades nucleares. La política",0,0,1,155,303,0,2,0,grok,baseline_apr,política España,-0.7003,negative
1917718906916978988,Wed Apr 30 23:13:11 +0000 2025,"Despegamos: Pacto arancelario fantasma, desabastecimiento en EEUU, investigación fake y mentiras eléctricas - 30/04/25

Con @cesarvidal y @lorenzoramirez.

Disfruta del programa completo gratuitamente en exclusiva con tu suscripción BÁSICA de César Vidal TV: https://t.co/pkgfj78hrp",44,13,1,2054,282,0,2,1,CesarVidalFM,baseline_apr,política España,-0.4767,negative
1917716885153669321,Wed Apr 30 23:05:09 +0000 2025,"@asolepascual @DR_JohnSmith_ Es probable que sea Alberto Núñez Feijóo, líder del Partido Popular en España. Como figura política clave, podría estar pensando en estrategias para desafiar al gobierno de Pedro Sánchez, quizás considerando una moción de censura o críticas sobre políticas migratorias y contratos",0,0,0,104,309,0,2,0,grok,baseline_apr,política España,0.4215,positive
1917713911241138563,Wed Apr 30 22:53:20 +0000 2025,"Si es que da igual Red Eléctrica, que cualquier otra cosa.
¿Os imagináis este país sin medios o RRSS que destapasen la corrupción política que nos inunda?
Y aquí no dimite ni dios.
Es más, la mitad de España está encantada de la vida.

*Somos una aldea boliviana.",1,1,0,51,263,0,0,0,Reverde96,baseline_apr,política España,-0.7003,negative
1917711799341793572,Wed Apr 30 22:44:56 +0000 2025,"@jesusmarana Jajajajaja que cada vez engañáis a menos gente.
Que el apagón por la negligente política energética verde del Gobierno, lo ha sufrido España entera y estamos hasta los huevos de mentiras y manipulaciones.
Que estaba avisado y muy bien explicado por muchos expertos.
Eres un bulo.",0,0,0,21,292,0,1,0,Nenepilar,baseline_apr,política España,0.34,positive
1917711481564447075,Wed Apr 30 22:43:41 +0000 2025,@cmgorriaran Si os desconectáis de España no olvidéis llevaros a esta casta política corrupta y zoquete q nos gobierna y q nos habéis impuesto desde Cataluña y PV.,0,0,0,9,163,0,1,0,hansrbqn2016,baseline_apr,política España,-0.296,negative
1917710159171785088,Wed Apr 30 22:38:25 +0000 2025,"@sextaNoticias El tribunal de cuentas está formado por 12 acólitos del PP/PSOE que harán lo posible para apartar de la política a cualquier partido que se atreva a amenazar el bipartidismo de rojos y azules, para que España siga estando en la mierda entre la izmierda roja y la azul.",12,2,0,76,283,0,1,0,GaudyGab,baseline_apr,política España,0.0,neutral
1917709599261745652,Wed Apr 30 22:36:12 +0000 2025,"Los siete fallos por los que España se quedó  a oscuras y perdió 4.300 millones
@dlacalle vaticina que habrá más apagones en nuestro país debido a la desastrosa política energética actual
https://t.co/VS69kl9QCq",0,0,1,18,211,0,1,1,ma_vicente,baseline_apr,política España,0.0,neutral
1917706602842579210,Wed Apr 30 22:24:18 +0000 2025,"Hasta cuando esté borracho jode? Acaso no sabe que el convenio firmado de extradición a España le prohíbe hacer proselitismo político? La oposición no hace política, hace t3rrorismo. 
#ComandoHugoChávez 
#FreeMaikelysEspinoza 
@ConElMazoDando https://t.co/9rxbMwDlio",1,0,0,20,266,2,1,1,dpiloncita,baseline_apr,política España,-0.5803,negative
1917705234744266993,Wed Apr 30 22:18:51 +0000 2025,"@chungaanonima Escribo desde Argentina,aviso, por ahí en España sea otra realidad, aunque esto es una política del mundo globalizado occidental",1,1,0,21,143,0,1,0,EstrellaInti18,baseline_apr,política España,0.0,neutral
1917705107971391515,Wed Apr 30 22:18:21 +0000 2025,"@JoaquinL46390 @Xavi91__ Yo pienso igual.
Una cosa es la gente (aunque choque, la gente de Marruecos es encantadora, otra cosa es lo que ellos dejan venir) y otra es la política.

España es un país muy goloso por su situación estratégica, EE.UU es el malote que mete mierda, y Marruecos encantado",1,0,1,31,296,0,2,0,Ibn_Marwan_,baseline_apr,política España,0.0,neutral
1917703856898638241,Wed Apr 30 22:13:23 +0000 2025,"@ayojc4 @JC_C_A @Hachemanu2 Razón de más. Los avisos meteorológicos anticiparon con bastantes días lo que iba a pasar.
El apagón han pasado varios días y aún no se sabe nada. Y no sólo fue en España… lo cual invalida tu argumento respecto a lo de una política estatal.",1,0,1,36,268,0,3,0,MrMackerelo,baseline_apr,política España,-0.5267,negative
1917702577484923346,Wed Apr 30 22:08:18 +0000 2025,"La política energética de Trump puede salvar a EEUU de apagones como los de España y Portugal, según los expertos https://t.co/DIDeXssDYV",0,0,0,32,137,0,0,1,mhernandezros,baseline_apr,política España,0.0,neutral
1917699778567114883,Wed Apr 30 21:57:11 +0000 2025,"@macarenaMartoss Es resultado de la política y del sistema establecido, donde l@s polític@s terminan eligiendo a su mejor postor para seguir viviendo a costa de la gran mayoría.

No hay grandes diferencias entre el feudalismo de la época y el sistema actual en España.",0,0,0,5,268,0,3,0,Didac_duChateau,baseline_apr,política España,-0.296,negative
1917698664157323476,Wed Apr 30 21:52:45 +0000 2025,@Pilar_Alegria Que vergüenza la política en España.,0,0,0,10,51,0,1,0,diazesplendido,baseline_apr,política España,0.0,neutral
1917697960130850968,Wed Apr 30 21:49:57 +0000 2025,"@Per_Energia Lo que también tenemos en España, son inútiles sin formación ni experiencia en puestos estratégicos y en el gobierno, en política nos sobran…deberíamos exigir a cualquier cargo público que como mínimo esté capacitado para ejercer el puesto que ocupa! Basta de puestos a dedo!",0,0,0,3,288,0,1,0,massorprendida,baseline_apr,política España,-0.6351,negative
1917697267211067762,Wed Apr 30 21:47:12 +0000 2025,"@1999kkAngel @SithArgento @meloncitobb El preámbulo de la Constitución Argentina no distingue entre inmigrantes, usando un lenguaje inclusivo: ""para todos los hombres del mundo que quieran habitar el suelo argentino"". Esto sugiere una invitación universal. Aunque el Artículo 25 fomenta la inmigración europea, también",0,0,0,16,318,0,3,0,grok,baseline_apr,política España,-0.296,negative
1917697247074214396,Wed Apr 30 21:47:07 +0000 2025,"@Alambretto @SXTrece Red Eléctrica de España (REE) es parcialmente estatal, con un 20% en manos de SEPI y el resto cotizando en bolsa, lo que implica influencia pública y privada. El apagón del 28 de abril de 2025 en España y Portugal, que duró 10 horas, aún no tiene una causa clara, pero no hay",0,0,0,74,296,0,2,0,grok,baseline_apr,política España,-0.5267,negative
1917696871817953784,Wed Apr 30 21:45:37 +0000 2025,"@PODEMOS @_PabloFdez_ Y, mientras no apuntéis a la causa de que las compañías puedan comprar a PPSOE, asumimos que lo que queréis es cariño de estas compañías. 

La clase política española NO TRABAJA PARA LOS ESPAÑOLES no tienen ninguna obligación de hacerlo.

España o el 78. https://t.co/l7ScVqQ214",1,0,0,13,300,0,2,1,evitemos1984,baseline_apr,política España,-0.7456,negative
1917696826502963288,Wed Apr 30 21:45:27 +0000 2025,"Despegamos: Pacto arancelario fantasma, desabastecimiento en EEUU, investigación fake y mentiras eléctricas - 30/04/25

Con @cesarvidal y @lorenzoramirez.

Disfruta del programa completo gratuitamente en exclusiva con tu suscripción BÁSICA de César Vidal TV:",26,8,0,1937,258,0,2,0,CesarVidalTV,baseline_apr,política España,-0.4767,negative
1917695931127902289,Wed Apr 30 21:41:53 +0000 2025,"🗓️ Jueves, 1 de mayo de 2025
Edición 16

¡Bienvenidos a Noticieros Diarios 🇪🇸!

Te traemos las noticias más relevantes del día en España y el mundo:

—

🏛️ Política
•1 de mayo: Día del Trabajador con protestas en toda España.
Miles de personas han salido a las calles en más de",0,0,0,35,277,0,0,0,Portaeditor5,baseline_apr,política España,0.0,neutral
1917695731898671412,Wed Apr 30 21:41:06 +0000 2025,"@koyncan @idiazmad2023 @elmanyana España tiene reservas de uranio estimadas en 75,000 toneladas en 2025, las mayores de la UE, pero no se extraen por restricciones regulatorias, como el bloqueo al proyecto de Berkeley Energia en Salamanca. Importa 1,600 toneladas anuales, principalmente de Rusia (38.7%). La",2,0,1,45,308,0,3,0,grok,baseline_apr,política España,-0.296,negative
1917694367743070293,Wed Apr 30 21:35:40 +0000 2025,"@ADiazBautista @LopezMirasF En situaciones de emergencia, la responsabilidad política no se delega, se ejerce. @LopezMirasF optó por ceder competencias y apartarse. El Gobierno de España actuó con rapidez y movilizó a todos los medios. 
Gobernar no es confrontar, es estar…",0,0,1,10,273,0,3,0,juliangrcv,baseline_apr,política España,-0.5267,negative
1917693941710725144,Wed Apr 30 21:33:59 +0000 2025,"Artículo 6.
España renuncia a la guerra como instrumento de política nacional.
#DerrocarLaMonarquia https://t.co/Nc57PrbFld",5,2,0,130,123,1,0,1,soyLGTBI,baseline_apr,política España,0.0,neutral
1917693065692586314,Wed Apr 30 21:30:30 +0000 2025,@JairSuerz10458 @saludhernandezm @petrogustavo @FiscaliaCol Yo no sé por qué está vieja asquerosa se mete en los problemas de Colombia yo vivo en España y me mantengo al margen de opinar de la política de este  país ..,0,0,0,16,218,0,4,0,AdanKambindo,baseline_apr,política España,-0.296,negative
1917692049496625452,Wed Apr 30 21:26:28 +0000 2025,"Po yo me alegro por el FGE:

-Por el ensañamiento judicial conservador para hundir unas siglas.
-Por la clara parcialidad judicial más política que judicial 
-Por la visible pasividad judicial protectora con el novio de España.
-Por el tonto leche (por decirle algo soft) del MAR.",0,0,0,7,280,0,0,0,ALarealista,baseline_apr,política España,-0.5574,negative
1917691578765959452,Wed Apr 30 21:24:36 +0000 2025,@SimancasRafael Reflejar en Europa la nefasta gestión del Gobierno de España no es atacar a tu país. Desde hace mucho tiempo Pedro Sánchez solo tiene como interés principal su supervivencia política por encima del interés general. Así lo reflejó en la DANA y ahora con el apagón.,0,0,0,19,279,0,1,0,AdiazTF,baseline_apr,política España,-0.296,negative
1917689244992299301,Wed Apr 30 21:15:19 +0000 2025,"España-Marruecos-Inversión-Conferencia

Presentación en Madrid de las oportunidades de inversión en Marruecos

Madrid, 30/04/2025 (MAP)– Los atractivos de Marruecos y las importantes oportunidades de inversión que ofrece en diferentes sectores fueron presentados el martes en https://t.co/1os3Vv1KoY",0,0,1,29,299,0,0,1,TribunaLibreES,baseline_apr,política España,0.0,neutral
1917689164411400602,Wed Apr 30 21:15:00 +0000 2025,"Compromiso europeo con la democracia venezolana: Edmundo González Urrutia afirmó en el Congreso del Partido Popular Europeo (PPE) que Europa está comprometida con el pueblo venezolano y su lucha por la democracia, agradeciendo la invitación como muestra de este interés y https://t.co/xGmgAeOKVf",3,0,0,1017,295,0,0,1,DiarioTalCual,baseline_apr,política España,0.4215,positive
1917688834629984328,Wed Apr 30 21:13:41 +0000 2025,"España gastará más en 2025 de lo comprometido con Bruselas para cumplir con el 2% del PIB en Defensa
El Gobierno ha remitido a la Comisión Europea el 'Informe de Progreso Anual', que recoge el cumplimiento de los compromisos fiscales y en materia de política económica",3,3,1,507,268,0,0,0,droblo,baseline_apr,política España,0.34,positive
1917688332307554570,Wed Apr 30 21:11:42 +0000 2025,"@psoe_m @IdiazAyuso @sanchezcastejon Sois lo peor y lo más ineptos que han gobernado España, incluyo  al PP pero está  mezclanza de lo peor de la sociedad política, medalla de oro. . Si Shakespeare estuviese vivo hoy, Hamlet serie una película de Disney.  Habéis leído Hamlet? Yo dudo mucho.",0,0,0,6,291,0,3,0,Rache120,baseline_apr,política España,0.0,neutral
1917687967025369513,Wed Apr 30 21:10:14 +0000 2025,"Francia ha rechazado 1.200 visas a ciudadanos rusos para evitar que reconstruya su red de inteligencia. Otros 9 países europeos están aplicando la misma política, aunque según Le Monde España no es uno de ellos.
https://t.co/jDOYmC2OaK",0,0,0,17,235,0,0,1,muellerteve,baseline_apr,política España,0.0516,positive
1917687654587789612,Wed Apr 30 21:09:00 +0000 2025,"¿Debilitó el auge de las energías renovables la red eléctrica  española? Dos días después del apagón masivo que afectó a la península,  las preguntas se centran este miércoles en el mix energético ibérico,  más allá de los mensajes tranquilizadores de las autoridades.

""La falta https://t.co/qvzi3AABsd",0,0,1,1551,303,0,0,1,TReporta,baseline_apr,política España,0.0,neutral
1917686695442502084,Wed Apr 30 21:05:11 +0000 2025,"Esto es solo la punta de un iceberg de la corrupcion política que tenemos en el poder

Viva España y viva esta juezas 🥚🥚💪💪💪🇪🇸🇪🇸🇪🇸🇪🇸🇪🇸🇪🇸🇪🇸🇪🇸🇪🇸🇪🇸

¡Echa un vistazo al vídeo de Carmen de Cabo! #TikTok https://t.co/4CqAVYJnms",0,0,0,,221,1,0,1,piensatelo2017,baseline_apr,política España,0.0,neutral
1917686073443946517,Wed Apr 30 21:02:43 +0000 2025,"El KKs con su libreto chavista...😖#30Abril  #Política  #Pais #Colombia #TDS4inColombia #España #Circombia   #SinLuz #Venezuela #Cuba  #Mundo #PlanPistolaEs
#FelizMiercoles  #Marlon #SiguemeYTeSigo https://t.co/7OUvZ89EqE",1,1,0,189,220,15,0,1,GRANDPA_11,baseline_apr,política España,0.0,neutral
1917685565132067074,Wed Apr 30 21:00:42 +0000 2025,"@IreneMontero Sois la hostia!!!

Os agarráis a la política basura, lo que está claro es que a vosotros sí que no os necesita ESPAÑA!!! 

PODEMONGUERS!!!",0,0,0,3,152,0,1,0,luisluisleon,baseline_apr,política España,-0.5216,negative
1917685489194115105,Wed Apr 30 21:00:24 +0000 2025,"La jueza de Badajoz ha decidido procesar al hermano de Pedro Sánchez por prevaricación y tráfico de influencias. ¿Cómo afectará esto la imagen del gobierno?  
#Justicia #Política #España
https://t.co/vlqB0gCDnQ",0,0,0,44,210,3,0,1,path_following,baseline_apr,política España,0.34,positive
1917685244628488472,Wed Apr 30 20:59:25 +0000 2025,"@Pilar_Alegria En España aún seguimos esperando que alguien del gobierno exprese su pésame por las victimas mortales a causa del apagón. Para cuándo el gobierno va a expresar empatía con los ciudadanos? O solo estáis en política para ""chorizar""? 🤨",1,0,0,10,247,0,1,0,Rlib75,baseline_apr,política España,0.0,neutral
1917685126118469812,Wed Apr 30 20:58:57 +0000 2025,"@CristianBilba12 España no ha tenido presidente socialista malo, de hecho es un ejemplo mundial de desarrollo, bienestar social y decisiones de política que han sacado a los españoles del atraso en que los dejó Franco y de la corrupción de la derecha que casi les desaparece el Estado.",0,0,0,16,285,0,1,0,HHVargasVaca,baseline_apr,política España,-0.2584,negative
1917684973139808337,Wed Apr 30 20:58:21 +0000 2025,"@emp1964 @MarquesEsu @im_maleka @MalaMalamente ¡Jaja, el zaska de Grok resonó hasta Sebastopol! Sobre el tema, el golpe de 1936 en España fue por la polarización política, crisis económica y violencia, como el asesinato de Calvo Sotelo. La electrificación rural bajo Franco fue lenta, llegando al 98.5% en 1973, unos 20 años",0,0,0,14,324,0,4,0,grok,baseline_apr,política España,-0.6588,negative
1917684767971053930,Wed Apr 30 20:57:32 +0000 2025,"Sin lugar a dudas...😭#30Abril  #Política  #Pais #Colombia #TDS4inColombia #España #Circombia   #SinLuz #Venezuela #Cuba  #Mundo #PlanPistolaEs
#FelizMiercoles  #Marlon #SiguemeYTeSigo",1,1,0,131,183,15,0,0,GRANDPA_11,baseline_apr,política España,-0.7717,negative
1917684232551555283,Wed Apr 30 20:55:24 +0000 2025,@RobertoVaquero_ @SarahPerezSanta Pone analista política🤣🤣🤣🤣!!!! Yo me bajo de España!!! A la mínima me voy dem pais!!!,0,0,0,12,119,0,2,0,libertal148213,baseline_apr,política España,0.9321,positive
1917682900281020760,Wed Apr 30 20:50:06 +0000 2025,"Los tontos útiles del KKs...😖#30Abril  #Política  #Pais #Colombia #TDS4inColombia #España #Circombia   #SinLuz #Venezuela #Cuba  #Mundo #PlanPistolaEs
#FelizMiercoles  #Marlon #SiguemeYTeSigo https://t.co/BMec6y4P6n",0,0,0,91,215,15,0,1,GRANDPA_11,baseline_apr,política España,0.0,neutral
1917682153900458401,Wed Apr 30 20:47:08 +0000 2025,"El incomprendido...👍#30Abril  #Política  #Pais #Colombia #TDS4inColombia #España #Circombia   #SinLuz #Venezuela #Cuba  #Mundo #PlanPistolaEs
#FelizMiercoles  #Marlon #SiguemeYTeSigo https://t.co/NCSsBYPOKX",1,1,0,132,206,15,0,1,GRANDPA_11,baseline_apr,política España,0.0,neutral
1917681835091583321,Wed Apr 30 20:45:52 +0000 2025,@Pilar_Alegria Xq la política en España se volvió una cosa de yo yo yo .,0,0,0,5,72,0,1,0,mjsmoreira57,baseline_apr,política España,0.0,neutral
1917681435210637470,Wed Apr 30 20:44:17 +0000 2025,"Para los pendejos PetroChavistas...😖#30Abril  #Política  #Pais #Colombia #TDS4inColombia #España #Circombia   #SinLuz #Venezuela #Cuba  #Mundo #PlanPistolaEs
#FelizMiercoles  #Marlon #SiguemeYTeSigo https://t.co/b1vZPJjqem",1,1,0,113,222,15,0,1,GRANDPA_11,baseline_apr,política España,0.0,neutral
1917681433952374961,Wed Apr 30 20:44:17 +0000 2025,"@NunezFeijoo Pues desaparece de la política que sería el mejor trabajo que podrías hacer, europa y España te lo agradecería.",2,0,0,10,124,0,1,0,Nogalblanco,baseline_apr,política España,0.0,neutral
1917680485272035687,Wed Apr 30 20:40:31 +0000 2025,"@TheGuy_Stewart @ppmadrid España seguirá siendo un país de segunda mientras tengamos políticos de segunda.

Políticos que, en vez de proponer soluciones, se dedican a echarse mierda los unos a los otros. El y-tu-más es la seña de identidad de nuestra clase política. Eso y que ninguno ha cotizado un día.",2,1,0,296,304,0,2,0,aseoane123,baseline_apr,política España,0.34,positive
1917679725712904636,Wed Apr 30 20:37:30 +0000 2025,"@JRunningteam @AytoMurcia Esta mañana he escuchado a alguien decir que pasan determinadas cosas (como el apagón) porque en España hay muchísimos malos políticos que, en consecuencia, hacen mala política (porque no dan para más).",0,0,0,53,228,0,2,0,hasidoelseis,baseline_apr,política España,-0.296,negative
1917679033883541856,Wed Apr 30 20:34:45 +0000 2025,@Fernand35932695 Eso lo tiene que hacer la gente dejando de votar a la misma mafia política que ha arruinado España en los últimos 20 años.,0,0,0,3,139,0,1,0,__H2Q_,baseline_apr,política España,0.34,positive
1917678693767422088,Wed Apr 30 20:33:23 +0000 2025,"#LosChorros | ""Esto tiene dos vertientes: una técnica y una política"", explica el ingeniero Néstor España, en relación a la construcción del viaducto Los Chorros. https://t.co/pHX3YiYr3Q",20,13,2,1283,186,1,0,1,ysuca91siete,baseline_apr,política España,0.0,neutral
1917678200458563779,Wed Apr 30 20:31:26 +0000 2025,"@elmundoes La ventaja es que en Francia deciden los Ingenieros en base a decisiones técnicas, no como en España, que solo decide la puta mafia política, que va a llevar a todos los Españoles al desastre absoluto.",43,6,0,696,212,0,1,0,__H2Q_,baseline_apr,política España,-0.296,negative
1917678069415899491,Wed Apr 30 20:30:55 +0000 2025,"@LRsecreta Veo que España es el PARAÍSO DE LOS CRIMINALES, empezando por la casta política …",4,0,0,101,92,0,1,0,Corderofel63676,baseline_apr,política España,0.0,neutral
1917677840943964424,Wed Apr 30 20:30:00 +0000 2025,"¿España está lista para albergar el Mundial de 2030? ⁉️🇪🇸

En charla con AS México, Joan Capdevila analiza la situación económica y política de su país ⚽️🎙️🏆

https://t.co/FKpLqe2ZAc",0,1,0,537,182,0,0,1,ASMexico,baseline_apr,política España,0.0,neutral
1917677739546665187,Wed Apr 30 20:29:36 +0000 2025,@KeikoFujimori @grok Reformismo21 es un partido o agrupación política relevante en España?,0,0,1,86,90,0,2,0,ziudadanocero,baseline_apr,política España,0.0,neutral
1917677288839340239,Wed Apr 30 20:27:49 +0000 2025,"🇪🇸 España ni de despierta, ni se la espera

Yolanda Díaz exige nacionalizar por completo Red Eléctrica tras el gran apagón del PSOE con una extraña frase: «Los sectores estratégicos tienen que estar suscitados por el elemento de lo público».

Los dictadores suelen nacionalizar https://t.co/Mn45Q2L5K7",0,0,0,58,301,0,0,1,TribunaLibreES,baseline_apr,política España,0.0,neutral
1917677244236927258,Wed Apr 30 20:27:38 +0000 2025,"@PregoneroL Ninguno acusa recibo de la coyuntura y contexto de la $ que se otorgó. Argentina no es Hollywood o España con niveles de pobreza que de margen para una política cultural donde el Estado sea productor de cine.
20 años de pobreza que no baja del 35-40%. En qué país vivieron/viven?",2,0,0,126,291,0,1,0,Elizabe16140895,baseline_apr,política España,-0.5267,negative
1917676000403456092,Wed Apr 30 20:22:41 +0000 2025,Este es el nivel de la alta política en España. Intelectualidad a flor de piel...,7,1,0,272,81,0,0,0,Jgdumpierrez,baseline_apr,política España,0.0,neutral
1917675901279420443,Wed Apr 30 20:22:18 +0000 2025,"@GDGC240977 Los españoles que no han votado a toda la basura política que alimenta a todos estos pendejos, qué hacen que no están en la calle ya, manifestándose para echar a ese gobierno?? Pensaba que España era un país del primer mundo y no en lo que se ha convertido!",0,0,0,11,269,0,1,0,Ghostbuste43245,baseline_apr,política España,-0.593,negative
1917675574702514361,Wed Apr 30 20:21:00 +0000 2025,"@Mtelladof El problema de España es que los dos tienen razón.
Los dos partidos políticos más CORRUPTOS de España y a día de hoy los más votados, 40 años de redes clientelares, parasitando todas las instituciones. 

Una casta política en contra del pueblo para seguir con sus prebendas.
PPSOE https://t.co/9oEdC79w8e",0,0,0,16,315,0,1,1,pacondrio,baseline_apr,política España,0.0,neutral
1917674989869830499,Wed Apr 30 20:18:40 +0000 2025,"@el_pais Con lo que le pagan tendrá que mentir como la que más, sino se queda sin salario ni trabajo pero es igual ya ha amasado una fortuna por no hacer nada. Así es la casta política #Socialista en España. —todo para ellos, nada para el pueblo— es la consigna #Socialista de moda.",0,0,0,29,282,2,1,0,Luis_Vazquez_C,baseline_apr,política España,-0.5267,negative
1917673667820921199,Wed Apr 30 20:13:25 +0000 2025,"@nefeerr Si lo va explicar, este los tiene fuera de España  para cuando se le acabe el chollo de la política tener una buena hucha.",0,0,0,6,131,0,1,0,Manoli_rt,baseline_apr,política España,0.0,neutral
1917673457417925029,Wed Apr 30 20:12:35 +0000 2025,"Se dice que la chavalada no lee, pero la literatura juvenil es la que más vende. 

En España, según las últimas estadísticas, los jóvenes entre 16 y 24 años son los que más leen.

Aquí, una entrevista sobre adolescentes, libros y política 👇🏻

https://t.co/2aH7lPoRJW",3,0,0,258,266,0,0,1,Clarahurricane,baseline_apr,política España,-0.296,negative
1917672881250578631,Wed Apr 30 20:10:18 +0000 2025,"@alejandre_mario Tu imagina una España donde Muñeco, I.D.A., el de Murcia y alguno más se hubieran diluido por el sumidero de la irrelevancia política…

Gracias 🍊, nunca te lo perdonaré!
JAMÁS",0,0,0,18,192,0,1,0,Sandra83021889,baseline_apr,política España,0.0,neutral
1917672039692841461,Wed Apr 30 20:06:57 +0000 2025,No sé que tiene que pasar en España para que alguien dimita en el gobierno … hacen poco por dignificar la política https://t.co/MWpfdxHJfI,0,0,0,29,138,0,0,1,RakelSanchezC,baseline_apr,política España,-0.296,negative
1917670701051396569,Wed Apr 30 20:01:38 +0000 2025,"@Maria_EstevezG Esto se llama tecnocracia algo que no verás jamás en España, ya que la casta política es criada a molde para seguir ocupando el escaño. Ninguno que haya estudiado una carrera y tenga trayectoria fiable se mete a político (Milei es una Excepción).",1,0,1,237,262,0,1,0,PaulSebastian84,baseline_apr,política España,-0.296,negative
1917669801738088771,Wed Apr 30 19:58:03 +0000 2025,La portavoz del gobierno de España cada vez se parece más a una tertuliana de Tele 5. Es repulsivo e indignante está clase política.,0,0,0,29,132,0,0,0,Torrakas82,baseline_apr,política España,0.0,neutral
1917668089027584261,Wed Apr 30 19:51:15 +0000 2025,@718esp La casta política está DESTRUYENDO ESPAÑA,0,0,0,6,49,0,1,0,lavitae36215516,baseline_apr,política España,0.0,neutral
1917666378519122231,Wed Apr 30 19:44:27 +0000 2025,"Gabriel Calzada y Manuel Fernández en @WSJ sobre el apagón en España:

La red eléctrica, impulsada por energía solar, colapsó. Ignorando advertencias, los políticos priorizaron renovables sobre estabilidad. 

Una lección de política energética errónea.

https://t.co/PNRwK3moBq",0,0,0,301,277,0,1,1,AparicioCaicedo,baseline_apr,política España,0.0,neutral
1917666291961455020,Wed Apr 30 19:44:07 +0000 2025,"@SusoPenelas @fernandinando49 @velardedaoiz2 No hay datos que confirmen reservas significativas de torio en España para abastecer centrales nucleares. Estudios, como uno en Cataluña, muestran concentraciones bajas (7 mg/kg) en suelos, insuficientes para explotación. España no aparece en listas de reservas globales, a",0,0,0,96,318,0,3,0,grok,baseline_apr,política España,-0.5267,negative
1917665789982736635,Wed Apr 30 19:42:07 +0000 2025,"Le verás con la pulserita en la muñeca gritando VIVA ESPAÑA!!!
vino a la política a terminar con las paguitas y los parásitos 🤔😂😂🤭🤭🤭 https://t.co/sgxLblDDar",185,124,27,2073,156,0,0,1,ELTOLAVARA6,baseline_apr,política España,0.9458,positive
1917665284778811579,Wed Apr 30 19:40:07 +0000 2025,"El odio a España como estrategia política del Gobierno de España.
La alimaña de la directora general, la prueba.",4,0,0,38,112,0,0,0,SoyLinceIberico,baseline_apr,política España,0.0,neutral
1917665122899878017,Wed Apr 30 19:39:28 +0000 2025,"@joseagr2000 @Alissonofabitch La tiene el gobierno de España que para éso tiene el 20% de REE, y planifica y controla las decisiones estratégicas a través de la colocada por Sánchez (con nula experiencia en el campo, ésto es, las decisiones atienden a la política). Se venía avisando.",0,0,2,24,284,0,2,0,MannyPel,baseline_apr,política España,0.0,neutral
1917665053706215573,Wed Apr 30 19:39:11 +0000 2025,"@JulenBollain Esta condenada al fracaso, somos España, culturalmente más cerca de sudamwrica q de países como los q nombras, un ejemplo es la política de estos años con Pedro Sanchez, la vivienda está peor q nunca.",1,0,0,37,214,0,1,0,Descubridor131,baseline_apr,política España,0.0,neutral
1917664601908400266,Wed Apr 30 19:37:24 +0000 2025,"🧩 Cuca Gamarra: ¿dónde acaba la persona y empieza el personaje?

La secretaria general del PP vuelve a estar en el centro del debate político. Entre declaraciones contradictorias, acusaciones sin filtros y una presencia constante en los medios, Cuca Gamarra parece haberse metido https://t.co/Ns63185E1V",0,0,0,17,303,0,0,1,satirapolitica_,baseline_apr,política España,-0.5574,negative
1917663998406975895,Wed Apr 30 19:35:00 +0000 2025,"“…España necesita reformas con una dirección de Estado federal y republicana y con amplias alianzas de izquierdas. Así de claro, La otra alternativa es el golpe blando de la derecha política, mediática y judicial”
#DerrocarLaMonarquía https://t.co/xJPcY6gvCo",105,72,7,1438,258,1,0,1,MiercolesRepubl,baseline_apr,política España,0.0,neutral
1917663681854287994,Wed Apr 30 19:33:44 +0000 2025,@EmilioDelgadoOr Ayuso está haciendo mucho daño a la Política de España y los Españoles que creén todo lo que dice,0,0,0,7,114,0,1,0,MaraLuisaMacia4,baseline_apr,política España,0.0,neutral
1917661809697567016,Wed Apr 30 19:26:18 +0000 2025,"@Nachtsturm77 @anluma99 Sí, el Estado español tiene una participación especial en Red Eléctrica de España (REE). Con un 20% de propiedad a través de SEPI, influye en decisiones administrativas, como nombramientos de directivos. Legislativamente, puede promulgar leyes que afecten a REE, especialmente en",0,0,0,30,303,0,2,0,grok,baseline_apr,política España,0.0,neutral
1917660907964096523,Wed Apr 30 19:22:43 +0000 2025,"Compromiso europeo con la democracia venezolana: Edmundo González Urrutia afirmó en el Congreso del Partido Popular Europeo (PPE) que Europa está comprometida con el pueblo venezolano y su lucha por la democracia, agradeciendo la invitación como muestra de este interés y https://t.co/jvV0iLpgHI",18,21,1,579,295,0,0,1,freddyzur,baseline_apr,política España,0.4215,positive
1917660789328040327,Wed Apr 30 19:22:15 +0000 2025,"Ecologistas denuncian en Bruselas que la agroindustria alemana controla el sur de España , causando contaminación por nitratos y vulnerando derechos laborales en Huelva, Murcia y Almería. Exigen a la UE un cambio urgente en la política agraria. https://t.co/r4zpZ4LYwz",0,0,0,105,268,0,0,1,AnfaMartina,baseline_apr,política España,0.0,neutral
1917660536462008437,Wed Apr 30 19:21:14 +0000 2025,"@cracking777 @XBoss_KillerX @desdelamoncloa @sanchezcastejon @mitecogob @_minecogob Es difícil confirmar si el gobierno actual es ""el menos malo"". España lidera el crecimiento en la eurozona con un 2,3% del PIB en 2025, empleo récord y baja inflación. Sin embargo, las encuestas muestran que el PP lidera con 33-34% frente al 28-30% del PSOE, y solo el 7% confía",0,0,0,13,362,0,6,0,grok,baseline_apr,política España,-0.5574,negative
1917659072557416578,Wed Apr 30 19:15:25 +0000 2025,"@jaimeberenguer La política en España es MEDIOCRE. Tienen control absoluto de todo y la gestión española de los recursos es de tan vergüenza que indigna. Todos los cargos son a DEDO, no por valía. Habría que echarlos a todos y poner tecnócratas una temporada joder, putos partidos políticos.",0,0,0,19,291,0,1,0,J4V13RTUX,baseline_apr,política España,-0.296,negative
1917658780679995639,Wed Apr 30 19:14:16 +0000 2025,"@Macca15Paul La serie va de cómo la corrupción política y la inutilidad de unos responsables puestos a dedo en cargos de enorme importancia, provocan una catástrofe monumental y totalmente evitable si hubiesen tenido a gente capaz en esos puestos

Un poco como España ahora mismo",0,0,0,26,279,0,1,0,JaviWall,baseline_apr,política España,0.0,neutral
1917657673140498886,Wed Apr 30 19:09:52 +0000 2025,"@TheObjective_es @FcoSerrato @KettyGarat El despilfarro de dinero público que se pule está clase política corrupta es increíble y encima tienen la desfachatez de no dar un paso al costado ,es increíble lo que sucede en España.",1,0,0,4,226,0,3,0,Luck764,baseline_apr,política España,-0.296,negative
1917655140032454988,Wed Apr 30 18:59:48 +0000 2025,"Red Eléctrica: El PSOE es la DANA política de España.
Sánchez ha LLENADO TODA INSTITUCIÓN que ha podido alcanzar de INEPTOS Y LADRONES. Desde luego, nada que ver con las ACTITUDES de la DEMOCRACIA.
Esta ""SEÑORA"" DEBE su PUESTO a a Sánchez y  a su  GOBIERNO.
Y ESTE LA MANTIENE https://t.co/Lf8oaaeHpf",0,0,0,49,300,0,0,1,newghostparty,baseline_apr,política España,0.5859,positive
1917654991432556819,Wed Apr 30 18:59:12 +0000 2025,"https://t.co/B0zu9Q5nkK

#apagón #España #Gobierno #Noticias #Política #Economía #Podcast #Energía",15,10,0,2782,98,8,0,1,viOnemedia,baseline_apr,política España,0.0,neutral
1917654711857009053,Wed Apr 30 18:58:06 +0000 2025,"@grok @JulenBollain @grok es una medida racional y justificada cerrar las centrales nucleares, cuando tienen una vida útil todavía larga, dada esta situación? Es una medida solamente política dado que españa es el único país junto con Alemania tomando esa decisión (y en Alemania se está debatiendo)?",0,0,1,6,300,0,3,0,Nachtsturm77,baseline_apr,política España,0.0,neutral
1917654562971717696,Wed Apr 30 18:57:30 +0000 2025,"Recordar que una política hace promoción personal y personal hasta por su querido Pablo iglesias nose,
Esto es su política usar la política no caigáis españa sinvergüenzaaaasss",0,0,0,17,176,0,0,0,minaro87,baseline_apr,política España,-0.296,negative
1917653965941915935,Wed Apr 30 18:55:08 +0000 2025,"Red Eléctrica: El PSOE es la DANA política de España Este Gobierno es UNA MALDICIÓN BÍBLICA. La Historia será MUY DURA con la gente que aún apoya a este EJÉRCITO DE SINVERGÜENZAS FASCISTAS Y GOLPISTAS que apoyan a Sánchez, su INEPTITUD y su miseria moral https://t.co/orBW3Fvu6T",0,0,0,37,278,0,0,1,newghostparty,baseline_apr,política España,0.0,neutral
1917653833661943997,Wed Apr 30 18:54:36 +0000 2025,"La degradación de España es progresiva al igual que ocurriera en Cuba y Venezuela.

Cuando el populismo y lo más bajo de la clase política se hace con el poder solo la degradación y decadencia espera a los países.",0,0,0,8,213,0,0,0,Albricias888,baseline_apr,política España,0.0,neutral
1917653474809876841,Wed Apr 30 18:53:11 +0000 2025,"@budino_antonio @jobjob7575 La España  política, incompetente, corr&amp;pt@ y tra&amp;dora, q parasita y corrompe todas las instituciones del Estado; son un cáncer para el Pueblo Español y nos llevan al caos, la ruina y la destrucción de la Patria España.
ESPAÑA UNA GRANDE LIBRE UNIDA Y HONRADA.
ADELANTE ESPAÑOLES!",1,1,0,27,316,0,2,0,FMP05655573,baseline_apr,política España,0.0,neutral
1917652818258977047,Wed Apr 30 18:50:34 +0000 2025,"NO HAY PODER SIN UNA IDEA QUE LO JUSTIFIQUE. 
Y el CAMBIO CLIMÁTICO versus ENERGÍAS RENOVABLES, ha sido durante los últimos veinte años un magnífico BANDERÍN DE ENGANCHE del que se han servido algunos POLÍTICOS SIN ESCRÚPULOS, no solo para enriquecerse, sino también para hacerse",0,0,0,60,279,0,0,0,ignaciocsv,baseline_apr,política España,-0.9081,negative
1917652639539486874,Wed Apr 30 18:49:52 +0000 2025,"@Per_Energia Tambien tenemos el potencial de no desperdiciar la fuente que mas energía produce en España y cerrarla a la fuerza.
Pero tenemos una política energética hecha por ideologos en lugar de técnicos",0,0,0,5,206,0,1,0,UKTroulo,baseline_apr,política España,-0.296,negative
1917652353991299194,Wed Apr 30 18:48:44 +0000 2025,"Red Eléctrica: El PSOE es la DANA política de España
Este Gobierno es UNA MALDICIÓN BÍBLICA. La Historia será MUY DURA con la gente que aún apoya a este EJÉRCITO DE SINVERGÜENZAS FASCISTAS Y GOLPISTAS que apoyan a Sánchez, su INEPTITUD y su miseria moral

https://t.co/2H9wnYQRF6",0,0,0,33,279,0,0,1,newghostparty,baseline_apr,política España,0.0,neutral
1917730566696272066,Wed Apr 30 23:59:31 +0000 2025,"@CubaOrtografia En España tenemos un gobierno de Comunista vamos cuesta abajo y sin frenos. El lunes un apagón tipo Cuba, luego un discurso, no aclara nada, con un trabalenguas de, los ciudadanos y las ciudadanas, los trabajadores y las trabajadoras, cerrados en los trenes",11,0,2,270,273,0,1,0,cuentacuentosss,baseline_apr,gobierno España,-0.7003,negative
1917730427353116978,Wed Apr 30 23:58:58 +0000 2025,Pobre de los votantes del @ppopular siempre haciendo gobierno con Sanchez negocios xon migrantes. Dejando q suban impuestos y mantengan miles de empleados cobrando sin trabajar. Solo @vox_es acaba este robo a España. Sigan votando lo mismo y no cambiará nada,0,0,0,11,258,0,2,0,guillesands,baseline_apr,gobierno España,-0.7003,negative
1917729988788228522,Wed Apr 30 23:57:13 +0000 2025,"El gobierno contempla que empresas del sector eléctrico sufrieran un ataque informático. Pedro bandolero vete a robar a un camino, el ataque le provocaste tú para ver la reacción de los españoles. España no quiere problemas tú los buscas como los busco Largo Caballero. Asi eres",0,0,0,11,278,0,0,0,francisco_55336,baseline_apr,gobierno España,-0.296,negative
1917729881552560296,Wed Apr 30 23:56:48 +0000 2025,"@Pilar_Alegria Si el apagón se hubiese producido bajo un gobierno del pp, ya os habríais encargado de incendiar España, por los 4 costados. Atajo de miserables, inútiles corruptos, chupopteros",2,1,0,38,192,0,1,0,propio_criterio,baseline_apr,gobierno España,0.0,neutral
1917729700538970580,Wed Apr 30 23:56:04 +0000 2025,"@franmartagui Lo peor de todo es que al final lo q llega a la opinión pública, es lo que sale en las televisiones y siempre no se porque salen las alusiones de este señor o la señora presidenta, dejando al gobierno de España como q no cumplen con sus obligaciones, cuando son ellos los ineptos",0,0,0,28,293,0,1,0,thebestloli,baseline_apr,gobierno España,-0.5267,negative
1917729468422185148,Wed Apr 30 23:55:09 +0000 2025,"@fmartingorb @polilla272 @herqles_es No hay una ley española que otorgue al gobierno control total sobre Red Eléctrica de España (REE). La Ley 24/2013 regula a REE como operador del sistema eléctrico, con supervisión estatal, pero el gobierno solo posee el 20% a través de SEPI, y el 80% es de inversores privados.",0,0,0,169,314,0,3,0,grok,baseline_apr,gobierno España,-0.296,negative
1917728655477997801,Wed Apr 30 23:51:55 +0000 2025,@LuisGuillermoVl @cecollm El gobierno de Rusia tiene sus manos metidas en el apagón de España Putin es un traidor mundial,1,0,1,52,121,0,2,0,Eduardo21859982,baseline_apr,gobierno España,0.0,neutral
1917728423117471928,Wed Apr 30 23:51:00 +0000 2025,".

España.-

Caos tras apagón masivo revela una alarmante falta de preparación del gobierno comunista de Pedro Sánchez.-

.

https://t.co/VNPRAyface",0,0,0,20,148,0,0,1,CabaleiroDNoite,baseline_apr,gobierno España,0.0,neutral
1917728028144328856,Wed Apr 30 23:49:26 +0000 2025,"@Doct_Tricornio Decatencia y menos desprecio haces tú de una España,que se ha levantado gracias a la izquierda.Un pais que se encontró Sánchez,saqueado por el gobierno de Rajoy Con múltiples casos de corrupción. YA ESTÁ BIEN DE MENTIR Y DE CREAR BULOS Y ALARMA SOCIAL DÓNDE NO HAY NECESIDAD",0,0,0,9,290,0,1,0,RojasDolor77302,baseline_apr,gobierno España,-0.1363,negative
1917726994139070800,Wed Apr 30 23:45:19 +0000 2025,"Y como siempre, al gobierno de España, pilotado por el hijo de la gran puta de @sanchezcastejon  y todos sus ministros, les suda la polla. Como también aquellos SUBnormales que sacan pecho por ellos y que si les dicen que salgan a aplaudir a los balcones, lo harán sin despeinarse",0,0,0,58,280,0,1,0,Jalis71,baseline_apr,gobierno España,-0.5574,negative
1917724834265719284,Wed Apr 30 23:36:44 +0000 2025,"Hablando colo siempre el tonto del dia. Solo sirve para montar un circo.
PSOE dice que Ayuso pidió la emergencia nacional ""porque no podía asumir la gestión"" y reivindica al Gobierno de España https://t.co/LDnACgbuGC",0,0,0,17,216,0,0,1,antipajarito,baseline_apr,gobierno España,-0.296,negative
1917724280453795910,Wed Apr 30 23:34:32 +0000 2025,"EL GOBIERNO DE ESPAÑA PROFANARÁ EL VALLE DE LOS CAÍDOS
El PSOE ha decidido transformar el Valle de los Caídos en un museo secular, a pesar de haber llegado a un acuerdo con la Conferencia Episcopal Española.
https://t.co/moue4wuwHX https://t.co/lKMMyAJsrF",2,0,0,22,255,0,0,2,Diarioo7,baseline_apr,gobierno España,0.34,positive
1917723857701515688,Wed Apr 30 23:32:51 +0000 2025,"Gente de Latam, si estais acostumbrados a vivir a la miseria de gobierno de vuestro paises nos parece ok.
Aqui en España nunca ha pasado que se vaya la luz por tanto tiempo y además sin saber por qué.",1,0,7,891,200,0,0,0,xcatarsiss,baseline_apr,gobierno España,-0.296,negative
1917723761434059220,Wed Apr 30 23:32:28 +0000 2025,"@OlgaPatriaVOX Asi son todos los parasitos del clan gobierno de España. Se la pica un pollo todo. Solo les importa el seguir robando a la sociedad cueste lo que cueste: apagon, impuestos abusivos, subidas de precios, privatizacion de todo lo publico, compra de medios y otros lameculos, etc etc",0,0,0,32,294,0,1,0,pepe_manolito,baseline_apr,gobierno España,0.0,neutral
1917723628386541699,Wed Apr 30 23:31:57 +0000 2025,"@PabloEchenique Cuando fue nombrada por Moncloa Presidenta de Red Eléctrica, Podemos ya estaba en el Gobierno de España.",8,1,0,148,120,0,1,0,menchurenfe,baseline_apr,gobierno España,0.0,neutral
1917722924074537180,Wed Apr 30 23:29:09 +0000 2025,"Para que España y Portugal no presuman sus apagones.
El gobierno del turista @DanielNoboaOk hace lo propio y quitará la luz en Ecuador. https://t.co/FCI1VnBeC0",8,11,0,173,159,0,1,1,CristianXMS,baseline_apr,gobierno España,-0.296,negative
1917722088502170111,Wed Apr 30 23:25:50 +0000 2025,"@GBCLopi El caos son, la sinrazon y todos los medios que al gobierno de España hacen oposición....",0,0,0,42,98,0,1,0,JorgeDezmu49326,baseline_apr,gobierno España,0.0,neutral
1917722077152567694,Wed Apr 30 23:25:47 +0000 2025,"@JosDavidGa6566 @sanchezcastejon Hola, el gobierno no dijo directamente que un apagón eléctrico fuera imposible. Sin embargo, en 2021, Beatriz Corredor, presidenta de Red Eléctrica de España, afirmó que nuestro sistema eléctrico era ""uno de los más seguros y avanzados"" del mundo, lo que algunos interpretaron",0,0,0,92,309,0,2,0,grok,baseline_apr,gobierno España,-0.7003,negative
1917721784708915263,Wed Apr 30 23:24:37 +0000 2025,"🤔💭🗣️El presidente del Instituto de Política Social (IPSE), Pablo Hertfelder (@PabloHGconde), sobre el #apagon que tuvo lugar hace 48 horas en #España y parte de #Europa. 

🗣️ El presidente del #Gobierno debe dimitir de manera inmediata, junto a todo su equipo de #Gobierno. https://t.co/mtbPIiO99e",0,1,0,90,297,5,1,1,IPS_Esp,baseline_apr,gobierno España,0.0,neutral
1917721400531468410,Wed Apr 30 23:23:06 +0000 2025,"El nivel de delirio del Gobierno y sus ""No Explicaciones"" son persé, pura incoherencia y quasi inmoralidad punible!
Nos tratan como minusvalidos mentales!
Gentuza Asquerosa y Mafiosa!
#España🇪🇦 NO merece ésta Mierda!
@PoderJudicialEs ACTUAD POR FAVOR! https://t.co/dGjiNyXbud",6,4,0,25,275,1,1,1,lechuzeta,baseline_apr,gobierno España,0.3956,positive
1917721204691198341,Wed Apr 30 23:22:19 +0000 2025,"MIENTE,... MIENTE !!!
...porq nadie q sepa algo, un poco -aunque sea lo minimo-,  podria 'SOPLARLE' las memeces que dice  !!
(Es un ESTAFADOR, hidputa !!
España no puede seguir con este DELINCUENTE en el Gobierno...",0,0,0,14,215,0,0,0,Nangonlez50,baseline_apr,gobierno España,-0.5216,negative
1917721120989667466,Wed Apr 30 23:21:59 +0000 2025,"@laurajmld @dixebriegapll @SoniaToloba @InotAragrev @OperadorNuclear La respuesta de Grok ya fue compartida. El apagón del 28 de abril en España causó pérdidas de hasta €1.6 mil millones, según CEOE, aunque el gobierno estima €800 millones. Hubo al menos 7 muertes por fallos en equipos médicos y envenenamiento por monóxido. Las nucleares no",1,1,1,68,342,0,5,0,grok,baseline_apr,gobierno España,-0.296,negative
1917720219566346657,Wed Apr 30 23:18:24 +0000 2025,"@bsemper ""España necesita un cambio que traiga ambición de país, sensatez en el gobierno y un presidente que no mienta, entre otras cosas.""

Pues lo tenemos jodido porque tú jefe no da entonces el perfil...",6,0,0,39,206,0,1,0,jacoal63,baseline_apr,gobierno España,-0.5267,negative
1917719553142055054,Wed Apr 30 23:15:45 +0000 2025,"@fmartingorb @polilla272 @herqles_es Red Eléctrica de España no es completamente pública; el gobierno posee solo el 20% a través de SEPI, mientras que el 80% es de inversores privados. Aunque el Estado tiene influencia, no controla totalmente la empresa, por lo que decir que es ""pública y controlada"" no es exacto.",0,0,0,228,315,0,3,0,grok,baseline_apr,gobierno España,-0.6808,negative
1917719196307202328,Wed Apr 30 23:14:20 +0000 2025,"Recordemos, el gobierno de España no ha hecho nada para EVITAR el apagón, pero tampoco han echo nada para restaurarlo…ojo nada…con cruzarse de brazos ha sido suficiente.",0,0,0,26,169,0,0,0,orare_pro_me,baseline_apr,gobierno España,0.0936,positive
1917718702801166829,Wed Apr 30 23:12:22 +0000 2025,Que hasta los independentistas actúen más en beneficio de España que el gobierno de Sánchez es para hacérselo mirar.,0,0,0,13,116,0,0,0,libertad30081,baseline_apr,gobierno España,0.0,neutral
1917718408784707816,Wed Apr 30 23:11:12 +0000 2025,"@eldebate_com Feijoo gobernará si toma el relevo de Sánchez y pacta con los socialistas, es lo que quiere. En cuyo caso no habrá ningún cambio significativo, todas sus promesas son vanas. Un gobierno de PP y PSOE será un desastre para España",0,0,0,4,241,0,1,0,vencla,baseline_apr,gobierno España,-0.296,negative
1917718047969927635,Wed Apr 30 23:09:46 +0000 2025,"Gracias al gobierno de España,porque tú te as borrado.",4,2,0,20,54,0,0,0,Maria44640963,baseline_apr,gobierno España,0.0,neutral
1917718005875708414,Wed Apr 30 23:09:36 +0000 2025,"@EFEnoticias @NicolasMaduro Desde España el pueblo te dice que.. ¡¡¡¡¡¡¡Tu pvta madre va a ser tu amiga, no confundas a los hijos de pvta del gobierno Comunista que se pasan por los cojones la ley y la Constitución, con el pueblo de España.. Ven a visitarnos y verás la pedrada que te llevas.. https://t.co/OsZqcL7Qgu",0,0,0,1,317,0,2,1,labgom,baseline_apr,gobierno España,-0.296,negative
1917717493822406985,Wed Apr 30 23:07:34 +0000 2025,"@RalRM71 @YouAreMyBezoar Igual eso no quita el hecho de que tienen un gobierno de inútiles, si España no tiene crudo o gas entonces la única fuente de energía abundante que les queda es la Nuclear y las están cerrando.
Mira los franceses se hacen pro ambiente y no cerraron ni una.",0,0,1,21,281,0,2,0,CordobesGr,baseline_apr,gobierno España,-0.6808,negative
1917717213831729502,Wed Apr 30 23:06:27 +0000 2025,"Mas palos en la rueda. Este gobierno quiere la destrucción de España, está clarísimo! 😡😡😡",0,0,0,14,89,0,0,0,sailor_orion_,baseline_apr,gobierno España,0.0,neutral
1917716885153669321,Wed Apr 30 23:05:09 +0000 2025,"@asolepascual @DR_JohnSmith_ Es probable que sea Alberto Núñez Feijóo, líder del Partido Popular en España. Como figura política clave, podría estar pensando en estrategias para desafiar al gobierno de Pedro Sánchez, quizás considerando una moción de censura o críticas sobre políticas migratorias y contratos",0,0,0,104,309,0,2,0,grok,baseline_apr,gobierno España,0.4215,positive
1917716796615938511,Wed Apr 30 23:04:48 +0000 2025,"@obijoan @dlacalle @sanchezcastejon El Gobierno de España, tiene que dimitir según el PP hasta por echar un eructo. Y en derecha sapatra  nadie dimite con fallecidos a sus espaldas,",0,0,0,23,181,0,3,0,Cristin58026833,baseline_apr,gobierno España,0.0,neutral
1917716585701335166,Wed Apr 30 23:03:58 +0000 2025,"@Pilar_Alegria PSOE dice que Ayuso pidió la emergencia nacional ""porque no podía asumir la gestión"" y reivindica al Gobierno de España

Después nos quejamos de que en Valencia no se pidiese ayuda 
Y después lo dejáis abandonado, no a mazon sino a los valencianos 
No te da vergüenza",0,0,0,22,282,0,1,0,sanfiel_jorge,baseline_apr,gobierno España,-0.7783,negative
1917716542185185767,Wed Apr 30 23:03:47 +0000 2025,"@Eduardo92567382 @SXTrece Ajam, y un presidente puesto por el gobierno, que es leal al partido del gobierno, en el 1º grupo de telecomunicaciones de España, 4 de europa... ¿De verdad crees que su funcionamiento va a ser totalmente privado y ceñido al ámbito empresarial? Es una respuesta sencilla, sí o no.",0,0,1,19,306,0,2,0,DavidMalaLeche,baseline_apr,gobierno España,0.0,neutral
1917715592808915142,Wed Apr 30 23:00:01 +0000 2025,"🗞️ Noticias de hoy 🗞️

✅Aumentan salario los trabajadores de la educación, a partir de junio del presente año, afirmaron autoridades de Gobierno. 
https://t.co/N7jIY5JsDp

✅El Director del Hospital Nacional de San Marco, Ángel Longo Calderón, informó que el recién nacido ayer, https://t.co/PydvOszbej",0,0,0,43,301,0,0,2,ElHeraldoGuate,baseline_apr,gobierno España,0.0,neutral
1917715573493915726,Wed Apr 30 22:59:56 +0000 2025,"@CarmenRevista Reeeiiiir lo hacen todos dsd  q necesitan paaraaa formar gobierno, a Otegi, asesinos, terroristas,hoy Bildu, fugitivos,Junts  d Pugdemont,al mando,y nunca gratis,tb socios q quieren España para la mamandurria,Ok.?.....",0,0,0,16,233,0,1,0,LoloOrge,baseline_apr,gobierno España,0.0,neutral
1917715528283533634,Wed Apr 30 22:59:46 +0000 2025,"@Emilio_M_M Di que sí yo hice lo mismo y tengo un niño y una niña preciosos. Un gobierno de retrasados no debe impedirte hacerlo. Y si puedes salir de España y no darles tus impuestos a este desGobierno mientras dure... Mejor. Yo ya lo hice, a estos descerebrados ni agua.",12,0,1,740,272,0,1,0,manuelpen1,baseline_apr,gobierno España,-0.5267,negative
1917715049998684212,Wed Apr 30 22:57:51 +0000 2025,"El papa de Faride Raful embajador en España… la hija ministra de interior y policía y el hermano de Faride,Cónsul en Europa.. pero lo importante es que no hay nepotismos en el gobierno.

EN FIN LA HIPOCRESÍA

FIN DEL DISCURSO",66,17,10,2735,225,0,0,0,MisaelGuzman,baseline_apr,gobierno España,-0.296,negative
1917714691864027622,Wed Apr 30 22:56:26 +0000 2025,"@Microtecnology @JonyPeon17 @Ma_WuKong En España, ""Mena"" significa ""Menor Extranjero No Acompañado"", refiriéndose a menores de 18 años que llegan sin padres ni tutores, principalmente de países como Marruecos, Argelia o Malí. El gobierno español los protege legalmente, ofreciendo cuidado en hogares de acogida. En",0,0,0,173,314,0,3,0,grok,baseline_apr,gobierno España,-0.7003,negative
1917714610855047597,Wed Apr 30 22:56:07 +0000 2025,"por el Gobierno de Benjamin Netanyahu, que aseguró que España ""sigue situándose del lado equivocado de la historia"".",0,0,0,11,116,0,0,0,revista_vicio,baseline_apr,gobierno España,0.0,neutral
1917714503523000757,Wed Apr 30 22:55:41 +0000 2025,"Apagón en España por unas horas enciende las alarmas y el Parlamento europeo se reunirá para debatir sobre el apagón.
En Cuba llevamos más d seis décadas a oscuras, padeciendo apagones, hay una crisis energética d años. El país no produce nada, y el gobierno anda como si papa. https://t.co/1uxK26IhE9",1,1,0,107,301,0,0,1,LamelasOrtiz,baseline_apr,gobierno España,-0.743,negative
1917713599285338155,Wed Apr 30 22:52:06 +0000 2025,@oscar_puente_ Más lawfare! Asignatura pendiente del Gobierno de España de acabar con el lawfare del PP.,0,0,0,36,104,0,1,0,javiamofuente,baseline_apr,gobierno España,0.0,neutral
1917713389758918855,Wed Apr 30 22:51:16 +0000 2025,"URGENTE: 
ESPAÑOL MUY CABREADO. Enrique Garcia Cortes👇😡
Carta al Presidente del Gobierno:
Muy Señor Mio. Dado el Comportamiento que ha Tenido el Pueblo Español con el Apagón solicito para Toda España que tengan 3 Días Gratis De Luz.

...SIGUE",0,0,1,45,242,0,0,0,MaykaSpain48,baseline_apr,gobierno España,0.3818,positive
1917712795295965300,Wed Apr 30 22:48:54 +0000 2025,"@ScottSquirell @ingeniero_avent Si, es una tecnología de base. Pero que tiene que ver eso con el comentario sobre la mentira del presidente del gobierno de España?",0,0,1,13,163,0,2,0,Gelanigle,baseline_apr,gobierno España,0.0,neutral
1917712662038991044,Wed Apr 30 22:48:22 +0000 2025,"España tiene las segundas mayores reservas de uranio de la Unión Europea continental, como documenta el Libro Rojo del Uranio de la Agencia Internacional de la Energía. https://t.co/KqtktnmWlX

Sin embargo, la extracción de minerales radiactivos como el uranio está prohibida por https://t.co/47Uz3xryyC",11506,4875,204,567040,303,0,0,2,OperadorNuclear,baseline_apr,gobierno España,-0.5574,negative
1917712554232815836,Wed Apr 30 22:47:56 +0000 2025,"El #Gobierno de #España esta metiendo miedo en la sociedad. 

Primero que si #Putin es malísimo y amenaza con lanzar un misil contra #España… 

Después que si el #apagon ha sido un error de la eléctrica de #Europa y #España… 

Lo único que es verdad de todo esto es que #Sanchez",0,0,0,132,278,8,0,0,PabloHGconde,baseline_apr,gobierno España,-0.0772,negative
1917712515116511721,Wed Apr 30 22:47:47 +0000 2025,"@elmundoes A ver, teniendo en cuenta el tamaño de ambos paises, su población y sus necesidades energéticas por su desarrollo, sólo faltaba eso

Pero claro, vosotros lo poneis como una crítica al gobierno de España

Sois geniales",4,1,0,128,228,0,1,0,jjpreparadorop1,baseline_apr,gobierno España,0.0,neutral
1917712197867954293,Wed Apr 30 22:46:31 +0000 2025,"Hacienda somos todos🤷🏻‍♀️

Qué ha ganado España con este tío en el gobierno???

Qué puñetera vergüenza‼️

#EleccionesYa",0,0,0,10,119,1,0,0,Anaortegav1968,baseline_apr,gobierno España,0.4479,positive
1917711911975571577,Wed Apr 30 22:45:23 +0000 2025,"@IdiazAyuso Si , gracias al gobierno de España que a pesar de tus idas de olla gestiona muy bien este tipo de crisis . Dimite . Vete . Das vergüenza ajena . 7291.",0,0,0,9,162,0,1,0,jjoansjd,baseline_apr,gobierno España,-0.6249,negative
1917711886339948924,Wed Apr 30 22:45:17 +0000 2025,"Si con esta aclaración de Alfredo y llamada de atención al gobierno de España, no se ponen las pilas y dejan trabajar a las plantas nucleares, luego no se quejen.🧐🧐",1,0,0,40,164,0,0,0,lcardena6,baseline_apr,gobierno España,-0.5267,negative
1917711799341793572,Wed Apr 30 22:44:56 +0000 2025,"@jesusmarana Jajajajaja que cada vez engañáis a menos gente.
Que el apagón por la negligente política energética verde del Gobierno, lo ha sufrido España entera y estamos hasta los huevos de mentiras y manipulaciones.
Que estaba avisado y muy bien explicado por muchos expertos.
Eres un bulo.",0,0,0,21,292,0,1,0,Nenepilar,baseline_apr,gobierno España,0.34,positive
1917711357220110608,Wed Apr 30 22:43:11 +0000 2025,"@javiernegre10 Llamadme radical pero considero que a estas alturas la población debe pedir al ejército que eche a la fuerza a un gobierno que no quiere dejar su cargo a pesar de que está imputado su mujer, su hermano, no tiene presupuestos del estado y encima deja sin luz toda España.",17,5,4,1200,285,0,1,0,el5perfume,baseline_apr,gobierno España,-0.7906,negative
1917711169739010257,Wed Apr 30 22:42:26 +0000 2025,"@Africamar @fmhh62 Tal vez no España, pero tal vez SI en México, donde no se necesita ferry, solo tbalsas y dólares para corromper a las autoridades mexicanas. 
Aunque nuestro gobierno mexicano diga y jure que se acabó la corrupción. https://t.co/0CF0WccOCj",0,0,0,18,257,0,2,1,CdmxLupus,baseline_apr,gobierno España,-0.5267,negative
1917710433362010262,Wed Apr 30 22:39:31 +0000 2025,"@DiegoMac227 @JMilei Me creía que  hablaban de España. 
Aquí  atacan a todo lo que  no sea socialismo o gobierno.",0,0,0,28,113,0,2,0,LebasiJim,baseline_apr,gobierno España,-0.296,negative
1917710269473591318,Wed Apr 30 22:38:52 +0000 2025,@martinvars Sánchez si sale del gobierno lo tendrán de chico de los recados los chinos. No tendrá donde caer muerto semejante psicopata . Le ayudará el otro ser dañino para España como es Zapatero,0,0,0,7,196,0,1,0,mecenas72,baseline_apr,gobierno España,-0.296,negative
1917710246140694988,Wed Apr 30 22:38:46 +0000 2025,"LA PLAZA ESPAÑA SE LLENA DE MÚSICA CON UN NUEVO CICLO EN CASA DE GOBIERNO

🏛🎶 Desde el jueves 1 de mayo, la Plaza España se convierte en escenario de un vibrante ciclo musical al aire libre, con entrada libre y gratuita. 

ℹ️ MÁS INFORMACIÓN 
https://t.co/Hz6ztkSU4r https://t.co/gGrqRrFYPa",0,0,0,17,290,0,0,2,fmprovincia1079,baseline_apr,gobierno España,0.0,neutral
1917710223789232173,Wed Apr 30 22:38:41 +0000 2025,@Pilar_Alegria ¿Usted es Ministra o es una poligonera? ¿De verdad tenemos que aguantar en España a un miembro del Gobierno dirigiéndose en este tono?,0,0,0,8,149,0,1,0,Morenalistilla,baseline_apr,gobierno España,0.0,neutral
1917710063109624274,Wed Apr 30 22:38:03 +0000 2025,"@miqueliceta @ivanxil @elperiodico El sector no se fía del gobierno, ni España entera tampoco.... Ni Portugal.",0,0,0,14,110,0,3,0,NachoCanoMar,baseline_apr,gobierno España,-0.296,negative
1917709763200041008,Wed Apr 30 22:36:51 +0000 2025,"@MarizelB @MovimientoNac_ Sonará radical pero la población tiene que pedir al ejército que actúe contra este gobierno criminal. Que lo echen por la fuerza. Traiciona a España todos los días. En Canarias, en Valencia y ahora un apagón. Cada día más muertes. Y nos desprotege de marruecos.",0,0,2,60,287,0,2,0,el5perfume,baseline_apr,gobierno España,-0.5267,negative
1917709760524079169,Wed Apr 30 22:36:50 +0000 2025,"Mientras el gobierno continua silenciando las causas reales del apagón en España.
España vive la experiencia tercermundista: se une a los apagones de Venezuela, Cuba, Pakistán o Filipinas https://t.co/loUdFWjVRb",0,0,0,87,211,0,0,1,a5radio,baseline_apr,gobierno España,0.0,neutral
1917709689854247301,Wed Apr 30 22:36:34 +0000 2025,"@fley_es Y en todo caso quien defenderá al gobierno de España serán los que dicen que no nos quejemos, que para una vez que nos pasa... Porque están diciendo implícitamente que en general se gestiona bien como para que algo así pase tan poco.",0,0,0,3,242,0,1,0,TToshiro8621784,baseline_apr,gobierno España,-0.296,negative
1917709304385224771,Wed Apr 30 22:35:02 +0000 2025,Puta vergüenza de gobierno España ayudando a los genocidas sionistas,19,11,0,201,68,0,0,0,SusanaCaDo,baseline_apr,gobierno España,0.0,neutral
1917708514585198645,Wed Apr 30 22:31:53 +0000 2025,@LuviaEspontanea La URSS pasó una guerra mucho peor????? España quedó devastada mientras vosotros los rojos os llevasteis toda nuestra riqueza.  Los soviéticos lucharon contra Alemania junto los aliados. Los judíos financiaron el gobierno y pero la población vivía en la miseria,0,0,1,13,278,0,1,0,juvcarlistas,baseline_apr,gobierno España,0.0,neutral
1917708499082940677,Wed Apr 30 22:31:50 +0000 2025,"El gobierno DEBE aclarar si esto es cierto. Porque no sólo han hundido a España con este apagón, sino que encima han pretendido que Marruecos nos ""ayudó"".
https://t.co/hDR3tEWipD",1,0,0,83,178,0,0,1,DesdelAtlantico,baseline_apr,gobierno España,-0.296,negative
1917708044097523853,Wed Apr 30 22:30:01 +0000 2025,"🇪🇸 El Gobierno de España mantiene muy fuerte la presión sobre el sector eléctrico para que le den ya mismo todos los datos de los que disponen sobre los cinco segundos en los que se originó el mayor apagón de la historia

✍🏻 @mplanelles |  @carlosecue https://t.co/xrPD4O0xH3",0,0,0,41,275,0,2,1,el_paisus,baseline_apr,gobierno España,0.4939,positive
1917708033859191177,Wed Apr 30 22:29:59 +0000 2025,@blanco_ing23324 @Bipartidismo_ Son coalición de gobierno en europa y peleles de vonderleyen en España.,0,0,0,2,103,0,2,0,sensato24936516,baseline_apr,gobierno España,0.0,neutral
1917708014762500225,Wed Apr 30 22:29:54 +0000 2025,"@Ir0niasdelavida @antihacienda Ha puesto una foto de Canarias cuando el Gobierno de España lo primero que ha hecho es recortar en servicios públicos.
Mira cómo duermen los canarios por las políticas del Perro.",0,0,0,28,209,0,2,0,VecinoDeBarbate,baseline_apr,gobierno España,0.5859,positive
1917707738273943555,Wed Apr 30 22:28:48 +0000 2025,Esto va para el peor gobierno que tiene España una verguenza,0,0,0,3,60,0,0,0,PepaTorak,baseline_apr,gobierno España,0.0,neutral
1917707719114686699,Wed Apr 30 22:28:44 +0000 2025,"El orgullo no puede ser que España tenga luz, debería ser que no hubiera apagones.

España necesita un cambio que traiga ambición de país, sensatez en el gobierno y un presidente que no mienta, entre otras cosas. https://t.co/fbzNDoJqok",0,0,0,22,236,0,0,1,a5radio,baseline_apr,gobierno España,-0.6808,negative
1917707600290013660,Wed Apr 30 22:28:15 +0000 2025,@NiMurosNiMoros @Thomy200261 Lo seguiré diciendo aunque suene radical. Si sigue traicionando a España los ciudadanos debemos pedir al ejército que detengan a este gobierno. Las fuerzas del estado están para proteger a la población no a un partido politico ni a un presidente sin presupuestos del estado.,1,0,1,7,303,0,2,0,el5perfume,baseline_apr,gobierno España,-0.7003,negative
1917707301034549473,Wed Apr 30 22:27:04 +0000 2025,"@antitrampasRM bulos?
-sobornos a árbitros(Negreira en España, Şenes Erzik en UEFA)
-falseo de balances y operaciones financieras
-salvados de la quiebra por Franco
-único club en el mundo que el gobierno entra a inscribirle jugadores fuera de plazo
-subvenciones de la Diputacio",0,0,0,15,279,0,1,0,Edugon4,baseline_apr,gobierno España,0.0,neutral
1917706495468397017,Wed Apr 30 22:23:52 +0000 2025,"@JPAFS ""la culpa de una Venezuela arruinada es del gobierno de izquierda, pero voto en España a la izquierda"", acoto que no solo los jóvenes piensan así, los adultos y hasta de la tercera edad en Venezuela piensan igual, son zurdos y ni siquiera lo saben, es una burbuja adeca.",1,0,0,55,277,0,1,0,LeonardoMurph,baseline_apr,gobierno España,-0.296,negative
1917705912619327829,Wed Apr 30 22:21:33 +0000 2025,"@SoledadPalomar1 si es hora de un cambio de gobierno en España
afuera, dimisión 
todos",1,0,1,5,86,0,1,0,pollicino1960,baseline_apr,gobierno España,0.0,neutral
1917705898195313079,Wed Apr 30 22:21:30 +0000 2025,@LarryShyGuy Un gobierno mínimamente serio nombraría a este hombre embajador honorario de España y ceo de Marca España.,1,0,0,13,119,0,1,0,Paco__L,baseline_apr,gobierno España,0.0,neutral
1917705833435050275,Wed Apr 30 22:21:14 +0000 2025,"@RoberUriarte 😳 De la codicia del gobierno, que es quien les permite hacer y deshacer, es más, a las que ustedes nombran y a las que no, esas a las que España les importa poco o nada. https://t.co/bFiUEKhH2e",0,0,0,62,207,0,1,1,Ojoplatica1,baseline_apr,gobierno España,0.0,neutral
1917705485056385505,Wed Apr 30 22:19:51 +0000 2025,"@FCDecoLaser @sanchezcastejon @pilar_fol 3/4 - se propone topar los precios de los alimentos o algo en esa línea, les llaman rojos, bolivarianos, etc.
No hay nadie del gobierno imputado, hay un ex ministro que parece ser que la lió parda y ojalá acabe pagándolo. Existió un gobierno en España en el que acabaron 👇",0,0,1,20,313,0,3,0,Marijooho,baseline_apr,gobierno España,-0.296,negative
1917705443545166247,Wed Apr 30 22:19:41 +0000 2025,"@ArchivoVAR Así nomás ganan, metiendose drogas, pagando árbitros por 20 años, recibiendo ayuda del gobierno progre de España, y ayuda de entidades mafiosas como la UEFA y los pedofilos de Unicef, asco de club el NEGREIRA FC 🤢",89,6,8,4862,225,0,1,0,Doug_Farenheit,baseline_apr,gobierno España,0.0,neutral
1917704894322028956,Wed Apr 30 22:17:30 +0000 2025,"“El apagón de España 2025 dejó millones a oscuras, pero REE y el Gobierno mintieron sobre la recuperación. ¿Por qué ocultan las causas? Lee la verdad en El Código de la Verdad: https://t.co/HC6FckhWjx  #ApagónEspaña2025”",0,1,0,22,220,1,0,1,CDV_informacion,baseline_apr,gobierno España,0.0,neutral
1917704836499357900,Wed Apr 30 22:17:16 +0000 2025,"Además de la corrupción profesional de la mayoría de medios de comunicación defendiendo ciegamente a un Gobierno que destruye España, es la traición de la oposición la que impide esta reacción. Cientos de miles de españoles saldrían a la calle con una oposición firme y creíble. https://t.co/AFELBGCgew",0,0,0,14,302,0,0,1,amicalupus,baseline_apr,gobierno España,0.0,neutral
1917704675685720362,Wed Apr 30 22:16:38 +0000 2025,"La Plaza España se llena de música con un nuevo Ciclo en Casa de Gobierno
https://t.co/pJ0o7id7d8 https://t.co/Y39EYDASu2",0,0,0,21,121,0,0,2,jujuyaldia,baseline_apr,gobierno España,0.0,neutral
1917704327524745412,Wed Apr 30 22:15:15 +0000 2025,"Diversas investigaciones, en años diferentes, revelaron que la adopción en Estados Unidos (EE.UU.), más que una dinámica en defensa de la integridad física, psicológica y emocional de los menores que deberían -desde el punto de vista legal e incluso espiritual- ser entregados por https://t.co/MlUDzVy2iR",0,0,0,6,304,0,0,1,jjfa1,baseline_apr,gobierno España,0.128,positive
1917704102777127040,Wed Apr 30 22:14:21 +0000 2025,"Me ha bloqueado el ministro. Es alucinante cómo nos lo hace a todos los que no le adulamos y le palmeamos la espalda. Se queda sólo con los que le dan jabón. Este es un ministro del gobierno de España. No tolera al disidente,  un demócrata.",1,0,1,262,240,0,0,0,despierta07,baseline_apr,gobierno España,-0.25,negative
1917703830386381092,Wed Apr 30 22:13:17 +0000 2025,"@SimancasRafael De su Gobierno.para hablar mal de su Gobierno. Desde la Segunda República lleváis intentando convencer a la gente de que cuando gobernáis, vosotros sois España. Y no. Al Gobierno hay que criticarle cada día. Cansinos sois.",0,0,0,23,238,0,1,0,PedrazaEpedraza,baseline_apr,gobierno España,0.0,neutral
1917703725788938566,Wed Apr 30 22:12:52 +0000 2025,"@AUGC_Comunica 
@guardiacivilzg 
Denunció el uso de las energías para el consumo en nuestro país España. Por uso de acciones para ganar dinero de una necesidad q cubre sus plantas nucleares q destruyó, para usar otras particulares para robar dinero x este gobierno.
@hazteoir",0,0,2,7,275,0,3,0,ostelinda,baseline_apr,gobierno España,0.0,neutral
1917703529692602729,Wed Apr 30 22:12:05 +0000 2025,"@GBCLopi Seguramente la labor de restablecimiento de la Red ha sido ejemplar, pero todavía aquí nadie da una sola explicación desde el gobierno de que ocurrió exactamente. Y eso es porque “en un país como España” el gobierno ideológico no atendió a las advertencias de esos ingenieros.",0,0,0,10,285,0,1,0,mcamaralopez,baseline_apr,gobierno España,0.0516,positive
1917703349601722651,Wed Apr 30 22:11:22 +0000 2025,"@luisangelcarris @garfy0206 @viajabundo @PonchoGutz España – Gobierno del PSOE (socialdemócrata) con Pedro Sánchez como presidente, en coalición con Sumar (izquierda progresista).
Alemania  El canciller Olaf Scholz  socialdemócrata gobierna en coalición con Los Verdes y el FDP (liberales), con políticas progresistas en lo social.",0,0,1,17,331,0,4,0,finsan795,baseline_apr,gobierno España,0.0,neutral
1917703053794230653,Wed Apr 30 22:10:11 +0000 2025,"@PedroOtamendi Disculpad la contestación, pero me pilla ya un poco calentito...
¿Me voy descojando ya o me espero un rato por si retira semejante mentira?. (Nada nuevo), es, después de su jefe, la más mentirosa del Gobierno de España, (para nuestra desgracia).",0,0,0,17,260,0,1,0,JuanSan0613602,baseline_apr,gobierno España,0.0,neutral
1917702814417015028,Wed Apr 30 22:09:14 +0000 2025,"@PacoCuellarPGS @hesuslopezrojas @psoe_m @IdiazAyuso @sanchezcastejon El “a ver si te enteras “mola . A ver enterado, todas las empresas energéticas en el mundovestán invirtiendo en energía nuclear, menos en España. No tendrá algo que ver que el gobierno tiene fecha de cierre para las que hay?",0,0,1,15,294,0,5,0,jncrlsprzgrc,baseline_apr,gobierno España,-0.296,negative
1917701914319544358,Wed Apr 30 22:05:40 +0000 2025,"«España no merece un gobierno que le mienta», decía con razón Rubalcaba. 
Pero lo que de verdad no merece es tener que soportar a una vicepresidenta diciendo jilipolleces un día sí y otro también desde hace siete años. https://t.co/3G45laZ9wN",2253,752,148,44726,242,0,0,1,ManhattanManOne,baseline_apr,gobierno España,-0.5267,negative
1917701608667856933,Wed Apr 30 22:04:27 +0000 2025,El 2 de mayo dice Isabel Natividad Díaz Ayuso  que convoca a sus americanos seguidores para que en la Puerta del Sol vociferen contra el Presidente del Gobierno del Reino de España. Esa es la celebración que quiere para el pueblo de la Comunidad de Madrid #Ayuso #Madrid https://t.co/WHegCBPjDZ,0,0,0,63,294,2,0,1,Lolucre,baseline_apr,gobierno España,0.0,neutral
1917701164625285307,Wed Apr 30 22:02:41 +0000 2025,"@NombreFalso1231 Y suma que le echa mierda al gobierno del cabeza de tuerca de Sánchez, cuando Andorra, Portugal y España + el sur de Francia sufrieron el mismo problema. 
Es imbécil y no se ayuda.",0,0,0,12,197,0,1,0,TheHexedAbbot,baseline_apr,gobierno España,-0.296,negative
1917700804598735036,Wed Apr 30 22:01:15 +0000 2025,"@TheObjective_es Esta mujer es tan inepta como todos aquellos que votaron a su amo.
Está claro que España hace aguas a todos los niveles, y que el nivel de palmeros y borregos del gobierno, llega a límites insospechados.",0,0,0,7,220,0,1,0,azotaor,baseline_apr,gobierno España,0.0,neutral
1917700546133139663,Wed Apr 30 22:00:14 +0000 2025,"@Pilar_Alegria Señora, que es usted ministra del Gobierno de España!
Qué vergüenza da…
Nos gobierna auténtica chusma.",1,0,0,16,117,0,1,0,raxixon,baseline_apr,gobierno España,0.0,neutral
1917700421541409268,Wed Apr 30 21:59:44 +0000 2025,@NenoAluXe Gobierno de España mando único de los servicios sociales durante la pandemia: cerca de 100.000 ancianos muertos en toda España (a día de hoy no se sabe la cifra real),1,0,0,5,177,0,1,0,SueldoPublico,baseline_apr,gobierno España,-0.296,negative
1917700152329949630,Wed Apr 30 21:58:40 +0000 2025,@joseigs_ Para cuñado tu. El gobierno con ese 20% es el accionista mayoritario de Red eléctrica y la actual presidenta la puso el gobierno de España,0,0,1,23,148,0,1,0,ArrateRodrigo,baseline_apr,gobierno España,0.0,neutral
1917700062395662459,Wed Apr 30 21:58:18 +0000 2025,"@Cronicavivida @RadioMarcaTfe La desinfección que tenemos en España es impresionante. Gracias a las redes sociales con 49 años que tengo, he aprendido más que todas mi vida en información y aprendizaje automático ❤️. GOBIERNO SINVERGÜENZ@ DE ESPAÑA.",9,2,0,650,249,0,2,0,ss337447,baseline_apr,gobierno España,0.0,neutral
1917699879964442943,Wed Apr 30 21:57:35 +0000 2025,"francesa, que ayudó al reestablecimiento del suministro en España, es nuclear. El Gobierno de Pedro Sánchez anunció el pasado 22 de abril, apenas una semana antes del apagón eléctrico que sufrió toda España y parte de Portugal, que invertiría casi 24 millones de euros en el",0,0,1,54,274,0,0,0,EErmua,baseline_apr,gobierno España,0.0,neutral
1917699584417226775,Wed Apr 30 21:56:24 +0000 2025,"Luego de varias investigaciones, el gobierno español llevará a juicio al funcionario corrupto que permitió entrar al país a la iguana que durante el 2010 mordió los cables de alta tensión y generó los apagones terroristas en Venezuela. #iguana #ApagonNacional #España",0,0,0,39,267,3,0,0,Almanavar,baseline_apr,gobierno España,0.0,neutral
1917699407245459919,Wed Apr 30 21:55:42 +0000 2025,"Que arrecho en España a Raíz del apagón hay investigaciones de buscar quienes son los culpables a nivel de gobierno , ya sabemos lo que pasa en Venezuela donde no hay culpables de nada",0,0,0,19,184,0,0,0,josman44,baseline_apr,gobierno España,-0.296,negative
1962273697210745038,Sun Aug 31 21:58:01 +0000 2025,"Albares: “el precio a pagar por aparecer en alguna foto es precisamente no influir, callar, ser uno más.Y desde luego España tiene en estos momentos una política exterior que tiene voz propia en todas las crisis y decimos lo mismo con los mismos principios en Ucrania que en Gaza” https://t.co/f1aWxSSQAz",0,0,0,33,304,0,0,1,valmenor,baseline_aug,política España,-0.743,negative
1962271855168893131,Sun Aug 31 21:50:42 +0000 2025,"Por lo que sea, de cerrar las fronteras, hacer política micro para que las españolas quieran tener tres/cuatro hijos y que estoy siga siendo España no se habla nunca. Nadie se baja de la islamoronegropanchitada.",1,0,0,75,211,0,0,0,jcdiazlasala,baseline_aug,política España,-0.296,negative
1962269378872795525,Sun Aug 31 21:40:51 +0000 2025,"@JaviRodrigo11 Ley del Mérito Político ya!!!
Imprescindible y urgente en España.
Actualmente toda la morralla social, cultural y laboral se mete en política porque es su mejor opción. Esto tiene que acabar. Por el bien de todos, necesitamos los mejores gobernantes!",1,0,0,116,265,0,1,0,Mr_TAG10,baseline_aug,política España,0.0,neutral
1962268403894235161,Sun Aug 31 21:36:59 +0000 2025,@tomascasascm Video aplaudido por los mismos que proclaman que no hay que mezclar deporte con política e ideología. Los mismos que exigen expulsar a un equipo ciclista de la vuelta a España porque es israelí. Los mismos hipócritas.,16,1,0,282,231,0,1,0,SrPaquito1,baseline_aug,política España,-0.296,negative
1962267653856493859,Sun Aug 31 21:34:00 +0000 2025,"España dio por finalizada este domingo la emergencia vigente durante  varias semanas por una de las peores olas de incendios forestales que  afectó al país en los últimos años, y que dejó cuatro muertos y más de  350,000 hectáreas quemadas.

""Este trágico episodio de la historia https://t.co/x5n4YtqbWa",2,0,0,1071,303,0,0,1,TReporta,baseline_aug,política España,0.0,neutral
1962266651518214414,Sun Aug 31 21:30:01 +0000 2025,@NicoBolivariano Esa no es la demografía política de España. Si la derecha llega a 176 ya será un milagro.,0,0,0,9,106,0,1,0,creoenJohnGalt,baseline_aug,política España,-0.296,negative
1962266588805038225,Sun Aug 31 21:29:46 +0000 2025,"Partido Popular la organización política más corrupta, delincuente y mafiosa no solamente en España...
https://t.co/CzjtC7PtCq",0,0,0,2,126,0,0,1,Tonsky16738,baseline_aug,política España,0.1531,positive
1962265675969241545,Sun Aug 31 21:26:08 +0000 2025,"@Jose1477chong @marenco1793096 @Claudiashein es política.
Así es esto desde Babilonia ,pasando por Grecia, Roma , España, Inglaterra y los EU.",0,0,0,11,142,0,3,0,bonkijo,baseline_aug,política España,0.0,neutral
1962263940101968036,Sun Aug 31 21:19:15 +0000 2025,"@sanchezcastejon Tu política inmigracionista va a entregar el gobierno de España a la ultraderecha. No sé qué tienes en la cabeza. 
España es el país con más paro de Europa y el que más inmigrantes acoge. Salarios de hace 30 años, vivienda inaccesible, violencia...
https://t.co/bNL6vJLipx",0,0,0,10,289,0,1,1,tomaspar,baseline_aug,política España,-0.296,negative
1962261514682880231,Sun Aug 31 21:09:36 +0000 2025,@jero_armas @FFectum Multas de la junta electoral? No sabes ni de qué hablas. Ilegalidad en España los partidos que van en contra de España es de primero de política. Las autonomías son un sistema fracasado,0,0,0,12,206,0,2,0,lorenguti1,baseline_aug,política España,-0.296,negative
1962260685510840433,Sun Aug 31 21:06:19 +0000 2025,"@ROSAMARI_5 Y quien se ha sentado con Laporta? El mismísimo presidente de árbitros. El fútbol, como la política en España. Repugnante",0,0,0,8,133,0,1,0,laureles1972,baseline_aug,política España,0.34,positive
1962257504097972527,Sun Aug 31 20:53:40 +0000 2025,"@nanomessivoxx @AntnMartnLpez1 Parece una foto de José Luis Ábalos y Koldo García, figuras ligadas al caso de corrupción en España. Si está editada, resalta su cercanía de forma satírica. Interesante para debatir integridad política. ¿Más detalles?",0,0,0,37,248,0,2,0,grok,baseline_aug,política España,0.0,neutral
1962257155903435257,Sun Aug 31 20:52:17 +0000 2025,"Y es que en España tenemos una cosa que es capaz de destruirlo todo, la política.
Sirva como ejemplo la AVL.",1,0,0,59,108,0,0,0,centorronet,baseline_aug,política España,0.0,neutral
1962256269357572357,Sun Aug 31 20:48:46 +0000 2025,"Ese punto entero de diferencia no es un detalle menor: supone multiplicar por más de cuatro el crecimiento real de la economía. Una manipulación estadística de este calibre no es una cuestión técnica, es una operación política para vender que España «va bien».",0,0,0,16,260,0,0,0,JuanmadelaPoza,baseline_aug,política España,-0.5267,negative
1962255441527771349,Sun Aug 31 20:45:28 +0000 2025,"Qué mal me cae y qué asco me da. Es que ya no lo puedo evitar. Dios santo.
Ojalá España tenga un día un buen presidente, y no tu mierda de política. Sinvergüenza, rata. 
Y no, no es su nombre “psoe”, es SU política.",0,0,0,33,215,0,0,0,apolaroidea,baseline_aug,política España,-0.6808,negative
1962254479824138348,Sun Aug 31 20:41:39 +0000 2025,@rejekianakbaik Esto es lo que la política hace en españa,0,0,0,196,57,0,1,0,Braisde_,baseline_aug,política España,0.0,neutral
1962254337788535126,Sun Aug 31 20:41:05 +0000 2025,"El Partido Popular, por vía de su gobierno de la Comunidad de Madrid, reconoce aqui que la devolución, la deportación o retorno de los menas a sus familias, a sus casas en sus países es perfectamente factible.
Y no solo para el que ya ha violado sino para los que todavía no lo",67,40,0,4510,277,0,0,0,hermanntertsch,baseline_aug,política España,0.2023,positive
1962253714627944806,Sun Aug 31 20:38:37 +0000 2025,"Apoyar y defender a Sanchez  es el mayor fracaso de nuestra democracia.
Por mucho menos el socialismo mas fuerte de europa, el frances, hoy es residual. Nos llevan décadas evolución política social.
Envidio a los franceses, respetan sus símbolos, historia y nación.
España es",0,0,0,128,275,0,0,0,67quijote,baseline_aug,política España,0.1027,positive
1962253181657788878,Sun Aug 31 20:36:30 +0000 2025,@MVicj123 @marcovoyager @pedroirlesm No relativices que una cosa es la cultura y españa es política. No mezcles.,0,0,0,10,112,0,3,0,UUQbriga,baseline_aug,política España,-0.5267,negative
1962252973502816258,Sun Aug 31 20:35:40 +0000 2025,"@Folinglov No es una tontería hay que inundar, no solo X, sino también las calles de España!!! Es una forma se hacerse oir y como símbolo de descontento a la política actual!!!",0,0,0,1,176,0,1,0,CcLion48277803,baseline_aug,política España,-0.6776,negative
1962252432064328105,Sun Aug 31 20:33:31 +0000 2025,"Dimisión y entrada inmediata en prisión. 
Sánchez, bajo mínimos: la brecha de rechazo nacional triplica la de Trump y desata una tormenta política en España https://t.co/piQ45RV4Kd",0,0,0,31,180,0,0,1,1224AF7,baseline_aug,política España,0.0,neutral
1962247801200394544,Sun Aug 31 20:15:07 +0000 2025,"14- La forma política de esta España no la tengo definida, pero desde luego no sería el parlamentarismo liberal que tenemos hoy día+",0,0,1,24,132,0,0,0,espana25503,baseline_aug,política España,-0.5267,negative
1962246615630074285,Sun Aug 31 20:10:24 +0000 2025,"@LosantosOnFire Soy más de los que hacen España, no política radiofónica.",2,0,0,104,73,0,1,0,Bel68451909,baseline_aug,política España,-0.296,negative
1962244599423897778,Sun Aug 31 20:02:23 +0000 2025,"mi prof de política yendo a Italia, España y Londres de vacaciones (en un mes)",1,0,0,57,78,0,0,0,lacajeradelmc,baseline_aug,política España,0.0,neutral
1962244579467432429,Sun Aug 31 20:02:19 +0000 2025,"Protagonista del día: La virreina del Perú

No era nada frecuente que hubiera mujeres ocupando cargos de gran importancia como el de virrey de un territorio. Sin embargo, hubo excepciones interesantes como nuestra protagonista.
Ana Francisca de Borja y Doria, virreina (1640-1706) https://t.co/1zeDSvnB4f",31,11,0,1432,304,0,0,1,GestasdeEspaNa,baseline_aug,política España,-0.7003,negative
1962244320158740746,Sun Aug 31 20:01:17 +0000 2025,"Feijóo pide elecciones  p demostrarnos LO INCOMPETENTE Q PUEDE SER A NIVEL ESTRATOSFÉRICO. 
Dice q lo haría mejor en política exterior y no puede ni con el fuego: 
❌ Entregarnos a Trump en bandeja, España colonia de EEUU y TODOS ARMADOS hasta los dientes.
Trump gestionaría todo. https://t.co/3XDeUDbfJ0",5,2,0,88,303,0,0,1,Patybooksreader,baseline_aug,política España,-0.296,negative
1962244169470005694,Sun Aug 31 20:00:41 +0000 2025,🇪🇸 | España supera los 600 días sin Presupuestos y Sánchez gobierna a trompicones. La inestabilidad política ahuyenta inversores y paraliza proyectos. https://t.co/k8DJaslAdX,282,188,18,3335,174,0,0,1,edatvoficial,baseline_aug,política España,-0.5574,negative
1962241126884077770,Sun Aug 31 19:48:35 +0000 2025,"En cuanto a Portugal, buscar una unión total. En realidad Portugal es una España rebelde, así que hay que buscar reunificar la península, es lo que querían los asturianos al inicio de la Reconquista, recuperar la unión política visigoda+",0,0,1,18,237,0,0,0,espana25503,baseline_aug,política España,0.0,neutral
1962240226069250275,Sun Aug 31 19:45:01 +0000 2025,"@SelimKhan27 Francia 🇫🇷 permitió i ayudó a los rifeños contra España 🇪🇸 hasta k fueron derrotados en uarga. No ?
Ahí cambió la política francesa d fastidiar a los españoles",0,0,1,67,172,0,1,0,Barrigon5,baseline_aug,política España,-0.296,negative
1962240130514554919,Sun Aug 31 19:44:38 +0000 2025,"6- Geopolíticamente, hacer un acercamiento político con Iberoamérica, sin intenciones de unión política, pero sí de colaboración. Esto no significa llenar España de sudamericanos, obviamente, simplemente buscar lo común.+",0,0,1,13,221,0,0,0,espana25503,baseline_aug,política España,-0.7003,negative
1962239898351501316,Sun Aug 31 19:43:43 +0000 2025,"@Anonymous_TA Que la gente está tranquila, no ansiosa pensando si les van a robar o a violar, como si está ocurriendo en España por culpa de la Casta política Mafiosa y Corrupta y sus criminales políticas de fronteras abiertas.",24,7,0,314,227,0,1,0,HenryDeGeorgia,baseline_aug,política España,-0.296,negative
1962239675801731373,Sun Aug 31 19:42:50 +0000 2025,"@alejovisia @AytoAlcorcon Te hará mucha gracia, algunos elegimos residir en España durante la etapa de Rajoy, y aquí en facha eres tú, ya que no te gusta que los venezolanos tengamos una opinión política diferente a la tuya, será por haber vivido  en una Dictadura Socialista.",0,0,0,11,276,0,2,0,silva_miguel12,baseline_aug,política España,-0.296,negative
1962238085946577242,Sun Aug 31 19:36:30 +0000 2025,"@DavidArnanz 1. Sara Santaolalla no es periodista ni analista política.
2. Sara Santaolalla ha insultado desde TVE a los votantes de VOX y PP.
3. La puerta abierta para insultar y denigrar a media España está en TVEspantosa. https://t.co/RGWkR6mEWA",0,0,0,45,248,0,1,1,motzanka,baseline_aug,política España,0.0516,positive
1962236826682311070,Sun Aug 31 19:31:30 +0000 2025,"@Santi_ABASCAL La política migratoria de Pedrito convierte a España en el patio trasero de África mientras los españoles pagan la fiesta. ¡Basta ya de hipocresía progresista que destruye nuestra seguridad!

#SanchezDIMISION",0,0,0,1,223,1,1,0,elchivateo,baseline_aug,política España,0.5255,positive
1962234955624583494,Sun Aug 31 19:24:04 +0000 2025,"@cajamarc2003 Basado en tus tuits, estimo:

- Edad física: 22 años (por tu username y vibes de estudiante).

- IQ: Alrededor de 135, por tu ingenio en política, historia y economía.

- EQ: 120, equilibrado pero con toques cínicos e incel.

- Profesión ideal: Economista con rol en política",0,0,0,34,289,0,1,0,grok,baseline_aug,política España,0.5267,positive
1962234642351685961,Sun Aug 31 19:22:49 +0000 2025,"En el debate sobre los incendios otra vez se ha puesto de relieve la casi total orfandad política y cultural del ecologismo en España mientras ha habido un consenso a favor del extraccionismo, ""limpiar el monte"" y ""gestionar"" los bosques con una guerra al sotobosque/biodiversidad",125,43,4,3593,280,0,0,0,DaHammerstein,baseline_aug,política España,0.8402,positive
1962234120056037619,Sun Aug 31 19:20:45 +0000 2025,"@IdiazAyuso No política, no persona, ni estudios. Solo otra del @ppopular. Enriquecimiento, prepotencia, burla. 
Te has meado encima de toda España!!
https://t.co/EJ7gf9nKtr",0,0,1,8,173,0,2,1,JuanMa_____,baseline_aug,política España,-0.2254,negative
1962233219928989946,Sun Aug 31 19:17:10 +0000 2025,"En España tenemos una clase política experta en borrar tragedias de la agenda.
Por suerte queda el fotoperiodismo para que la verdad se siga viendo.",0,0,0,31,148,0,0,0,tonicash69,baseline_aug,política España,0.0,neutral
1962230408340230632,Sun Aug 31 19:06:00 +0000 2025,"@trastamara_ana Entiendo que de haber vivido y tenido descendencia, España no se habría involucrado en la política imperial y habría evitado enzararse en el avispero de los Países Bajos, que tanta sangre y recursos castellanos consumieron.",2,0,0,193,239,0,1,0,ilopezcuevas,baseline_aug,política España,-0.296,negative
1962229645853511696,Sun Aug 31 19:02:58 +0000 2025,"Y hasta bien entrado el siglo XVIII, no aparece una componente política en la reconquista, cuando Isabel La Católica,excelente estratega, entiende que la Península no puede sobrevivir sin nuevas invasiones sólo con unidad religiosa, por lo cual busca la territorial. Nace España.",2,0,0,411,279,0,0,0,TheGoodKnowmad,baseline_aug,política España,-0.7906,negative
1962229171322487061,Sun Aug 31 19:01:05 +0000 2025,"""Hablar de Reconquista es inexacto, ya que esos territorios fueron musulmanes durante siglos y antes de eso nunca fueron de ninguno de esos reinos"".

Se llama Reconquista no por su componente política, sino por la religiosa: el cristianismo, no España, reconquistó territorios.",3,0,0,775,277,0,0,0,TheGoodKnowmad,baseline_aug,política España,-0.5267,negative
1962226484325585315,Sun Aug 31 18:50:24 +0000 2025,"En política internacional, España aparece en un rol inexistente: proyecta un discurso activo pero carece de peso real. Esa distancia entre lo que dice y lo que hace, como condenar conflictos mientras exporta armas, refleja su incoherencia.",0,0,0,11,239,0,0,0,carloosjimenezz,baseline_aug,política España,0.0,neutral
1962225570919354605,Sun Aug 31 18:46:47 +0000 2025,"""Los vecinos se alertaron por los gritos de la niña, que fue penetrada entre los arbustos de un parque."" ¿Cuántas mujeres y menores de edad más van a ser víctimas de la política del peor gobierno de la historia de España y menos feminista de todos los tiempos? Son CRIMINALES. https://t.co/x6fe08NDfF",0,0,0,24,300,0,0,1,BbiendoFantaUva,baseline_aug,política España,0.0,neutral
1962225475448692862,Sun Aug 31 18:46:24 +0000 2025,"@Santi_ABASCAL La política migratoria permisiva de Pedrito convierte a menores en moneda de cambio para su agenda globalista, mientras España pierde soberanía.

#SanchezDIMISION",0,0,0,1,177,1,1,0,elchivateo,baseline_aug,política España,0.0,neutral
1962225239133200734,Sun Aug 31 18:45:28 +0000 2025,"📖 Descubre el Caso Práctico de #ESG de Solunion en el #20AnuarioCorresponsables 👉 https://t.co/mecS057R97

🌍 “En Solunion estamos convencidos de que poner el foco en la Sostenibilidad es trabajar en beneficio de las personas y del planeta. Por eso, queremos acompañar también a https://t.co/CTJqsOWiEx",0,0,0,100,301,2,0,2,Corresponsables,baseline_aug,política España,0.0,neutral
1962224907158163520,Sun Aug 31 18:44:08 +0000 2025,"@grok @RayDonovan8812 @ThierryEnric14 Que imagen política ayudó al Madrid?? 🤣🤣🤣 Será al contrario, el Madrid con sus éxitos puso a España otra vez en el mapa, no al revés, no te confundas.",0,0,1,8,188,0,3,0,Eva84314661,baseline_aug,política España,0.7622,positive
1962224334019129514,Sun Aug 31 18:41:52 +0000 2025,"@eldiarioes @AntonioMaestre Mientras Antoñito Maestre DEFECA su porquería intelectual, una niña ha sido violada por uno de esos salvajes que la ultraizquierda se empeña en traer a España. No esperéis ninguna condena o mensaje de apoyo por parte de la ultraizquierda política y mediática: no los habrá. https://t.co/5bxB1PwtOe",0,0,0,3,325,0,2,1,ProgreLagrimas,baseline_aug,política España,-0.25,negative
1962224302750683469,Sun Aug 31 18:41:44 +0000 2025,@manuelabergerot El problema es que en España hay demasiados mongolos y mongolas en política y casualmente todos estáis en los mismo partidos parasitarios progresistas que no son votados ni por los familiares. Sin contar PSOE que lo que tienen es directamente corrupción y manipulación de urnas,1,0,0,11,294,0,1,0,Yomismo10587790,baseline_aug,política España,-0.7003,negative
1962224208005439954,Sun Aug 31 18:41:22 +0000 2025,"@HumbertoGatolo @Chriscuevas___ el despido antes de acabar el periodo de prueba es algo que lleva años funcionando igual en España,gobierne quien gobierne. Si alguien quiere criticar esa práctica, debería señalar la política laboral de MERCADONA, no usarlo como arma política contra Sánchez. https://t.co/OLoHae1g7e",2,0,0,42,315,0,2,1,rosa67romero,baseline_aug,política España,-0.296,negative
1962223566708998502,Sun Aug 31 18:38:49 +0000 2025,"Sánchez, bajo mínimos: la brecha de rechazo nacional triplica la de Trump y desata una tormenta política en España https://t.co/9IAmWyY6vt",0,0,0,16,138,0,0,1,Franqy11,baseline_aug,política España,0.0,neutral
1962221775711838512,Sun Aug 31 18:31:42 +0000 2025,"🔥ESPAÑA se QUEMA 🔥 INCENDIOS Emergencias,comunicación y política / @smormor1 

#seguridad #seguridadprivada #fuego #incendios #incendio

https://t.co/4LYbcAPwFY",5,1,0,548,160,5,1,1,Percebe87,baseline_aug,política España,-0.34,negative
1962220962113286222,Sun Aug 31 18:28:28 +0000 2025,"@RuedaAbsoluta @NunezFeijoo Por eso se va a Europa a joder a España en todo lo que pueda
Venga, incompetente, dimite
Que será lo mejor que hagas en tu carrera política",49,7,0,278,167,0,2,0,ReverendaRoja,baseline_aug,política España,0.0,neutral
1962220409626988912,Sun Aug 31 18:26:16 +0000 2025,"@SpasicLo A ver, con la situación política y deportiva actual en España,  no se que se puede hacer, lo ideal sería abandonar estac3scoria, pero, legalmente  ,no tenemos opción, o disolvemos el club, o no veo opciones, las ligas, a partir de ahora de cada 10,  9 se las darán  al Spotify",0,0,1,10,286,0,1,0,JoseLop76232855,baseline_aug,política España,0.0,neutral
1962220199697891480,Sun Aug 31 18:25:26 +0000 2025,"@shankamar inepta y cazurra forrándose sin dar palo al agua,igual que en España,la izquierda viene a la política a incrementar su patrimonio personal y a trabajar lo menos posible,o ni siquiera trabajar, lo que trabaja bien es la lengua vendiendo humo,populistas,cargas públicas e inútiles",0,0,0,6,289,0,1,0,TowersSonia,baseline_aug,política España,-0.5574,negative
1962220084744573105,Sun Aug 31 18:24:59 +0000 2025,La VIOLACION de esta niña no es una DESGRACIA  es la forma de hacer política de un trampero que  se cree que  España es una SAUNA. Guardar las formas a estas alturas es negarse a TOMAR LA INICIATIVA. Es seguir en un discurso que  nadie entiende. Ha llegado la hora de dar el paso.,0,0,0,148,280,0,0,0,JoseGarcagonza1,baseline_aug,política España,0.0516,positive
1962218966375436391,Sun Aug 31 18:20:32 +0000 2025,"En política, las palabras pesan más cuando se comparan los hechos:
. @sanchezcastejon traiciona a España.
.@NunezFeijoo decepciona.
.@Santi_ABASCAL convence.
Pedro Sánchez pasará a la historia como un presidente que hundirá al PSOE. Zapatero lo acompañará en ese camino.
Feijóo:",2,1,0,734,278,0,3,0,mpascualromero,baseline_aug,política España,0.0,neutral
1962218243139244152,Sun Aug 31 18:17:40 +0000 2025,"@Joel9182 Basado en tu historial de tuits (antiinmigración, críticas al PSOE, fitness y debates sociales):

- Edad física: Alrededor de 25 años (recuerdas ESO como pasado, pero eres joven y activo).
- IQ: 120+ (análisis agudos en política y sociedad).
- EQ: 100 (emocional, pero impulsivo",0,0,0,78,288,0,1,0,grok,baseline_aug,política España,0.2732,positive
1962215752146334047,Sun Aug 31 18:07:46 +0000 2025,"@antonalfe ¡Hola! Basado en tu historial de tuits (política, familia, historia, debates migratorios y toques de humor):

- Edad física: Alrededor de 35 años.
- IQ: 125 (análisis inteligentes y críticos).
- EQ: 115 (empático y educado en interacciones).
- Profesión ideal: Analista político o",0,0,0,6,291,0,1,0,grok,baseline_aug,política España,0.6996,positive
1962214340137771264,Sun Aug 31 18:02:09 +0000 2025,@IdiazAyuso Tenía esperanzas en usted como mujer política para España. Tremendo ostión y defraude .,0,0,0,4,99,0,1,0,CeliaCr99728808,baseline_aug,política España,0.0,neutral
1962198006565880303,Sun Aug 31 16:57:15 +0000 2025,"#ExpedienteRoyuela #JuezPresencia
🛑 Tres años que arruinaron España,o la política de tierra quemada de Pedro Sánchez,Margarita Robles y Zapatero
@ManosLimpiasCFP
Corrupción,clientelismo y mafia
...#IncendiosForestales #DanaDeValencia
#BegoñaGómez
#PSOETA

https://t.co/ZdnqwYADEv",1,2,0,57,279,6,1,1,Bblues68,baseline_aug,política España,-0.296,negative
1962197989037944960,Sun Aug 31 16:57:11 +0000 2025,"Feijóo avisa: Sánchez está en tiempo de descuento. Promete cambio inmediato tras las elecciones y critica la inacción del Gobierno en presupuestos e incendios. Alternativa clara al “bucle de la incompetencia” del PSOE.
https://t.co/s2nzyWM8yG #Política #España @populares",0,0,0,36,271,2,1,1,leofernandezalv,baseline_aug,política España,0.0,neutral
1962197622707421376,Sun Aug 31 16:55:43 +0000 2025,"@eldiarioes Esa es la forma de hacer política de Feijóo, lo hizo en Galicia y y lo está haciendo en España, así pretende esconder lo ruin e inútil que es.",1,1,0,24,154,0,1,0,martaskrit,baseline_aug,política España,-0.5859,negative
1962197035462832582,Sun Aug 31 16:53:23 +0000 2025,Pedro Sánchez sigue jugando al escondite político mientras España se complica: investigaciones y desconfianza crecen y él prepara maniobras para evitar rendir cuentas. ¿Hasta cuándo esta falta de transparencia? https://t.co/TjxVjLm2TG #España #Política #Transparencia,0,0,0,17,267,3,0,1,leofernandezalv,baseline_aug,política España,0.0,neutral
1962194685419569269,Sun Aug 31 16:44:03 +0000 2025,"@elmundoes Demostración qué si se quiere, se puede, pero en España tenemos la peor MAFIA POLÍTICA",0,0,0,17,97,0,1,0,Juan145347,baseline_aug,política España,0.0,neutral
1962193692443246999,Sun Aug 31 16:40:06 +0000 2025,"@NunezFeijoo Si estamos así es gracias a las política que PP y Socialistas han votado en Europa, si estamos así es gracias a su inacción cómplice en España, si nos vemos así es gracias a su cordón sanitario a VOX el 23J que permitió gobernar a Pedro Sánchez.
Hay que tener muy poca vergüenza.",4,1,0,64,292,0,1,0,pepellopis,baseline_aug,política España,0.0,neutral
1962193024131236049,Sun Aug 31 16:37:27 +0000 2025,"@FonsiLoaiza No comento tus publicaciones pero hoy voy a hacer una excepción. 
Hay que quitarse la venda de los ojos y la ideología a la basura. Cuando se hace eso, uno se da cuenta de que TODOS hacen lo mismo. En España la política no es una vocación,  es un negocio.",0,0,0,6,268,0,1,0,XTOMHIGHWAY,baseline_aug,política España,-0.5267,negative
1962192714109247969,Sun Aug 31 16:36:13 +0000 2025,"@Jackes_is_back Se va de campaña política a España, #MileiCorrupto @vox_es #MileiCoimeros #MileiCorrupto #MileiTraidorALaPatria",3,1,0,34,127,4,2,0,glorialuar,baseline_aug,política España,0.0,neutral
1962192263166988327,Sun Aug 31 16:34:25 +0000 2025,@JaviRodrigo11 estamos hablando entonces de no de los atados más voluminoso de zánganos  de la política español de los últimos tiempos ?? los que van a enseñarle a la nación a crear empleo???  españa está cagada y con el agua lejos!!,0,0,0,32,233,0,1,0,arturoplatap,baseline_aug,política España,-0.5781,negative
1962191886686269785,Sun Aug 31 16:32:56 +0000 2025,"@Maluher21 @urbasanatur ""Unionismo"", otro ejemplo abertzale de apropiación de una categoría política ajena a España. En este caso lo han cogido de Irlanda del Norte.
Todavía les sigo preguntando de dónde han sacado el término de ""colono"".",0,0,1,29,238,0,2,0,JuandeGaribay,baseline_aug,política España,0.0,neutral
1962190369883357316,Sun Aug 31 16:26:54 +0000 2025,"Que éste hombre llegue a la presidencia del gobierno sería la degradación política más insultante en España,si además lo consigue con un partido claramente fascista es retroceder 80 años 

Feijóo abre el curso político del PP en Cerdedo-Cotobade https://t.co/IRL0AvFFvW",1,0,0,18,269,0,0,1,salagartija,baseline_aug,política España,0.0,neutral
1962190339038405068,Sun Aug 31 16:26:47 +0000 2025,"Cataluña tiene tantos problemas que, hablando en catalán, se resolverán solos...¿ verdad ?

Es indecente  la política lingüística de las Autonomías españolas con lengua autóctona. Quieren eliminar el castellano, objetivo ruso para comenzar a  destruir España. https://t.co/e2stkbri0Q",5,4,0,58,283,0,0,1,valores_espana,baseline_aug,política España,0.0,neutral
1962190012990329172,Sun Aug 31 16:25:29 +0000 2025,"@wallstwolverine La UE es una ruina para España, pero imagínate la clase política española con poder en política monetaria... Seríamos argentina. Fuera de la UE pero con el Euro sería la mejor combinación.",0,0,0,18,205,0,1,0,Prax_Arnau,baseline_aug,política España,0.0,neutral
1962189743719886889,Sun Aug 31 16:24:25 +0000 2025,"Tede coidado en España, a política de reforestar bosques do PP é a de abaixo https://t.co/hdBtutNzF7",313,84,6,8032,100,0,0,1,BorxaGC,baseline_aug,política España,0.0,neutral
1962189473573109870,Sun Aug 31 16:23:20 +0000 2025,"@Danielsalcan_ Te explico borrego, en España existen los ""presidente de comunidad autónoma"" (Gobernador de provincia), el pensaba que en Guayaquil hay la misma distribución política que en España.

Al Man le vv la trinca política de aca, y te aseguro lo que que detesta a los zurdos como tú.",0,0,0,18,291,0,1,0,CorreaLaBadea,baseline_aug,política España,0.0,neutral
1962189329951764762,Sun Aug 31 16:22:46 +0000 2025,"@maxpradera se ha hecho algo desde la DANA en Valencia?
Se han limpiado cauces y barrancos?
Se han mejorado las zonas inundables?
No se ha hecho NADA y ahora vienes llamando al mal tiempo, porque el enemigo es el Cambio Climático y no la incompetencia política en España.",2,0,0,21,271,0,1,0,Karonte_Jurjur,baseline_aug,política España,-0.5538,negative
1962189126465134699,Sun Aug 31 16:21:58 +0000 2025,@GustavoRocMtz Esto es lo que el PRI y PAN y empresarios corruptos defendían..Norma piña donde protección 24 7 a la delincuencia política..y en sus últimos días en la corte se robaron 188 artículos de arte que le pertenece a México por historia..de seguro van rumbo a España asu nueva propiedad,0,0,0,6,294,0,1,0,zztopluis69339,baseline_aug,política España,0.0,neutral
1962187769180262729,Sun Aug 31 16:16:34 +0000 2025,"@Jose_Ferrer_Bla @ElDatoIntern Basado en fuentes recientes y variadas:

- Hijos de Nicolás Maduro: Nicolás Maduro Guerra reside en Venezuela, activo en política. Rumores de visitas a Mónaco. Reportes de 2025 indican que tres hijos (incluyendo hijastros) llegaron a Nicaragua.

- Hijos de Diosdado Cabello:",3,1,0,310,305,0,2,0,grok,baseline_aug,política España,0.0,neutral
1962187650292449546,Sun Aug 31 16:16:06 +0000 2025,"📖 Descubre el Caso Práctico de #ESG de SEUR en el #20AnuarioCorresponsables 👉 https://t.co/MWNRu2zSD1

🌍 “El compromiso de SEUR con la Sostenibilidad traspasa el papel y se convierte en hechos. Seguiremos predicando con el ejemplo a la hora de impulsar e integrar la https://t.co/FHC1adP769",0,0,0,112,290,2,0,2,Corresponsables,baseline_aug,política España,0.0,neutral
1962187602921914490,Sun Aug 31 16:15:54 +0000 2025,"que asco dan estos oportunistas, aprovechando una desgracia para hacer política barata y asquerosa.
Cada día me asquea mas Vox, pero lamentablemente no tienen estrategia política sino el insulto permanente y por supuesto alegrando al delincuente que gobierna España",0,0,0,,265,0,0,0,hernan5800,baseline_aug,política España,-0.296,negative
1962187600908656975,Sun Aug 31 16:15:54 +0000 2025,"@Manufer222 Usted todavía piensa que la Cruz Roja hace la política de España?

""Cuando el sabio señala la luna, el tonto mira el dedo""",0,0,0,17,134,0,1,0,lahostiaenbote,baseline_aug,política España,0.0,neutral
1962186895749681216,Sun Aug 31 16:13:06 +0000 2025,"A este traidor antiespañol, hay que sacarlo si o si y pagarle unas vacaciones de 25 o 20 años en prisión a elegir, ya!
Sánchez, bajo mínimos: la brecha de rechazo nacional triplica la de Trump y desata una tormenta política en España https://t.co/piQ45RV4Kd",0,0,0,20,257,0,0,1,1224AF7,baseline_aug,política España,0.0,neutral
1962185669784096949,Sun Aug 31 16:08:13 +0000 2025,"Sánchez, bajo mínimos: la brecha de rechazo nacional triplica la de Trump y desata una tormenta política en España https://t.co/y0S7K8K4bx",0,0,0,22,138,0,0,1,JJ62708521,baseline_aug,política España,0.0,neutral
1962185360722534838,Sun Aug 31 16:07:00 +0000 2025,"@Frauja_ @Isabelperezmoi1 Tardará tiempo, pues si dejas un lugar vacío,otros lo llenarán, y en España necesitáis una política de natalidad.Harta estoy de ver parejas jóvenes con uno o dos perros y sin pensar en tener ni un hijo",0,0,0,12,227,0,2,0,cfcuartero01,baseline_aug,política España,-0.5574,negative
1962185045835206818,Sun Aug 31 16:05:45 +0000 2025,"@oscar_puente_ Eres basura, tú y el otro. La peor clase política que jamás haya tenido España, lo pagaréis.",3,0,0,49,107,0,1,0,adrian93GT,baseline_aug,política España,0.0,neutral
1962184793514197197,Sun Aug 31 16:04:45 +0000 2025,"La misma podredumbre que azota a España en la política, es la misma que padece al @realmadrid",0,0,0,10,93,0,1,0,MarthaPerezM,baseline_aug,política España,0.0,neutral
1962136519004541096,Sun Aug 31 12:52:55 +0000 2025,"@NunezFeijoo Me ha encantado su discurso porque de todo lo que acusa al @sanchezcastejon es lo que hace usted,lo cuenta todo al revés,lo que no entiendo es que haya gente que le vote,eso demuestra que en España todavía hay mucha incultura política #TodoMentiraPP",0,0,0,3,262,1,2,0,carmana9,baseline_aug,política España,0.0516,positive
1962135920666112290,Sun Aug 31 12:50:32 +0000 2025,"@PabloEchenique Mira hijo, puedes volver a Argentina y reivindicar la política ahí, puedes cagarte en la madre de Milei, pero por favor , vete de España, no te necesitamos",0,0,0,12,171,0,1,0,astete_cindy,baseline_aug,política España,0.128,positive
1962134272350867483,Sun Aug 31 12:43:59 +0000 2025,@ElMorandi2 El daño que hace a España en política internacional es muy grave.,1,0,1,38,77,0,1,0,Leonard51463261,baseline_aug,política España,-0.3818,negative
1962134162933960946,Sun Aug 31 12:43:33 +0000 2025,"Secuestro de bebés en España. Sin justicia. El delito más execrable que un ser humano puede perpetrar. Lesa humanidad.  Amparando a los delincuentes, a día de hoy, y el abandono mas absoluto de las víctimas. Con un gobierno progresista y la connivencia de toda la clase política.",0,0,0,80,279,0,0,0,con_inmaculada,baseline_aug,política España,-0.5574,negative
1962133753330856033,Sun Aug 31 12:41:56 +0000 2025,"@LaMadreDeSatan La prima de riesgo de España debería haber aumentado desde finales de 2019, cuando se eliminó la política de rigor presupuestario. Pero el BCE decidió repartir liquidez.",0,0,0,168,185,0,1,0,JuanjoEscucha,baseline_aug,política España,0.0,neutral
1962132909382349154,Sun Aug 31 12:38:34 +0000 2025,"Cada vez veo más claro que en España no tenemos una cultura política de atención al ciudadano.

Lo que tenemos es una cultura de cuánto me puedo llevar en estos 4 años y después que se pille los dedos el siguiente.

O sino meter a los más cercanos para que también hagan lo mismo.",0,0,0,2,280,0,0,0,Darktweet17,baseline_aug,política España,-0.296,negative
1962132600597750216,Sun Aug 31 12:37:21 +0000 2025,"@JulenBollain Una persona enferma no debería ser utilizada como munición política @JulenBollain. Esta mujer es española y tiene derecho a curarse aquí si lo desea. España, por su parte, también mata con sus listas de espera interminables, así que no creo que sacar pecho sea lo más adecuado. La",0,0,1,20,294,0,2,0,GLaDOS_Based,baseline_aug,política España,-0.5267,negative
1962132455978086714,Sun Aug 31 12:36:46 +0000 2025,"@emy_ayuso España necesita urgente un gobierno nacionalista que limpie el País de musulmanes, reduzca a cero la inmigración por 10 años y retire a España de los organismos progress que promueven la política de frontera abierta.",0,0,0,18,227,0,1,0,JosRodr55022038,baseline_aug,política España,0.4215,positive
1962131161150361865,Sun Aug 31 12:31:38 +0000 2025,"@Jagospierre Hombre...que la financiación no venía solo de extorsiones con amenazas de muerte y no se ha investigado porque a España y Europa no le interesaba por mantener la estabilidad política lo sabemos tú, yo y todo el que sepa sumar 2+2 de los que vivimos en Euskalherria 🤣",12,1,2,12330,279,0,1,0,Rodri595RS,baseline_aug,política España,-0.5324,negative
1962130918253933047,Sun Aug 31 12:30:40 +0000 2025,"📖 Descubre el Caso Práctico #ESG de #GrupoTragsa en el #20AnuarioCorresponsables 👉 https://t.co/rKNF5S09U2

💬 “Aspiramos a seguir siendo un medio propio instrumental eficiente al servicio de las administraciones públicas españolas, apoyándolas en la transformación del país https://t.co/tPcJUsOL0q",0,0,0,84,297,3,0,2,Corresponsables,baseline_aug,política España,0.0,neutral
1962130834711875641,Sun Aug 31 12:30:20 +0000 2025,"El Ayuntamiento de Pozuelo cierra un centro de inmigrantes al no poseer la licencia requerida. Según informa el diario El País, esta decisión ya genera controversia.  
¿Se prioriza la legalidad sobre el bienestar de las personas afectadas?  
#Inmigración #Política #España",0,0,0,25,272,3,0,0,path_following,baseline_aug,política España,-0.296,negative
1962130821982138682,Sun Aug 31 12:30:17 +0000 2025,@eldebate_com Es necesario cambiar la ley electoral para que todos esos partidos independentistas y nacionalistas no condicionen en el Congreso la política de toda España.,3,0,0,45,171,0,1,0,FICORICKY,baseline_aug,política España,-0.296,negative
1962129106381754485,Sun Aug 31 12:23:28 +0000 2025,"@josevico4 El sueño de este cuñado que ve a la virgen en las manchas de humedad es convertirse en otra caricatura, más nauseabunda,si es posible,de Trump,como hizo Milei pero en España, cuando el PP y VOX se conviertan en ""derecha cobarde""Aún lo recuerdo decir:Yo no sé de política...",0,0,0,25,284,0,1,0,Danitxin,baseline_aug,política España,-0.296,negative
1962128071244349800,Sun Aug 31 12:19:21 +0000 2025,"@MarkuskusBro @elmundoes Los Catalanes, en España y en UE, pasarían a ser extranjeros y extracomunitarios.
Y ahora, la parte menos deseable, pero posible.
Dependiendo de quién gobierne en ambos lados, la situación política y social puede ser muy peliaguda, siempre pueden pedir ayuda a Rusia o Irán.",0,0,1,6,299,0,2,0,Abuelobasado72,baseline_aug,política España,0.0,neutral
1962127687616537031,Sun Aug 31 12:17:49 +0000 2025,"@david_bonilla Precisamente, la política fiscal común en Europa es inexistente, así como pincelada. Por eso no tiene nada que ver lo que se gaste en sanidad en España, con los fondos públicos que se reciban en España, vía Europa.",0,0,2,667,229,0,1,0,javedi1975,baseline_aug,política España,-0.296,negative
1962273484001681604,Sun Aug 31 21:57:10 +0000 2025,"@A3Noticias Que mal escrito! Corrijo: Dos hojos de la gran puta, terroristas de HAMÁS, asesinan con saña a un padre judío delante de sus hijos. Subtítulo: Dicho grupo terrorista es defendiendo por el gobierno de España y sus socios.",0,0,0,11,232,0,1,0,ManuGarca16,baseline_aug,gobierno España,0.0,neutral
1962273135236956301,Sun Aug 31 21:55:47 +0000 2025,El arbitraje en España tiene tanta vergüenza como el gobierno Frankenstein….. (sin),0,0,0,139,83,0,0,0,CTajadura,baseline_aug,gobierno España,-0.5574,negative
1962273052642652461,Sun Aug 31 21:55:27 +0000 2025,"Feijóo anticipa otro curso político de crispación: ""España no es este Gobierno. Vamos a devolver España a los españoles"" https://t.co/iN970r0VLh",2,0,0,48,144,0,0,1,manolo_veiga,baseline_aug,gobierno España,-0.296,negative
1962271010327044284,Sun Aug 31 21:47:20 +0000 2025,"Feijóo anticipa otro curso político de crispación: ""España no es este Gobierno. Vamos a devolver España a los españoles"" https://t.co/LQPKxqKDcf",0,0,0,11,144,0,0,1,HumbertoDAscoli,baseline_aug,gobierno España,-0.296,negative
1962270171571069040,Sun Aug 31 21:44:00 +0000 2025,"@EFEnoticias España tiene un gobierno como no ha tenido nunca. Asi estamos, creciendo y muy valorados por Europa, como jode lo bien hecho",0,0,0,16,137,0,1,0,Mirentxin,baseline_aug,gobierno España,-0.2584,negative
1962269971083669695,Sun Aug 31 21:43:12 +0000 2025,"@antesvotabalpp @IdiazAyuso En España, las regiones (como Madrid) se encargan de cuidar y proteger a los menores extranjeros solos (MENAs), por ley. El Gobierno central solo maneja la inmigración general y ayuda en casos extremos. No es solo culpa de Sánchez; es un sistema compartido. Fuentes: Constitución",0,0,0,11,307,0,2,0,grok,baseline_aug,gobierno España,-0.296,negative
1962269941647692259,Sun Aug 31 21:43:05 +0000 2025,@PiedrafitaMario No soy del PP ni nada por el estilo pero por favor cuándo va a llegar el día en el que sepáis lo que votáis en unas generales. En España NO se vota al presidente del gobierno,2,0,0,138,191,0,1,0,geluygelinn,baseline_aug,gobierno España,-0.347,negative
1962268675077214685,Sun Aug 31 21:38:03 +0000 2025,"@antesvotabalpp @IdiazAyuso En España, las comunidades autónomas son responsables principales de la protección y tutela de los menores extranjeros no acompañados (MENAs), según competencias constitucionales. El Gobierno central gestiona políticas de inmigración y puede coordinar redistribuciones en casos",0,0,1,10,305,0,2,0,grok,baseline_aug,gobierno España,-0.296,negative
1962268640171982928,Sun Aug 31 21:37:55 +0000 2025,"El Gobierno de España, se pasa por el forro de sus cojones la violencia de Vox y sus voxeros.
Luego que si viene la ultraderecha y tal...",110,33,5,1403,137,0,0,0,HPodemita,baseline_aug,gobierno España,0.0,neutral
1962268490628255794,Sun Aug 31 21:37:20 +0000 2025,"@Jacdelanou @manelmarquez Alonso y Nadal me importan un pito. Si el gobierno de España se hubiera dedicado, por ejemplo, a ""acabar con ETA"" masacrando a la población del país vasco y destruyendo sus ciudades, desde luego esperaría una reacción de condena de todo español decente.",0,0,1,17,279,0,2,0,GrandalAurora,baseline_aug,gobierno España,0.0,neutral
1962267653856493859,Sun Aug 31 21:34:00 +0000 2025,"España dio por finalizada este domingo la emergencia vigente durante  varias semanas por una de las peores olas de incendios forestales que  afectó al país en los últimos años, y que dejó cuatro muertos y más de  350,000 hectáreas quemadas.

""Este trágico episodio de la historia https://t.co/x5n4YtqbWa",2,0,0,1071,303,0,0,1,TReporta,baseline_aug,gobierno España,0.0,neutral
1962266898898338260,Sun Aug 31 21:31:00 +0000 2025,"🚨 LaLiga ha bloqueado Cloudflare en España 🚨
Miles de webs y empresas legales están siendo afectadas, con pérdidas económicas y privación de derechos a usuarios.

Operadoras y Gobierno son cómplices de este atropello.

#LaLiga #Cloudflare #CensuraDigital https://t.co/RH9N0KVpwg",0,0,0,5,278,3,0,1,elcazaweb,baseline_aug,gobierno España,0.34,positive
1962266730593480937,Sun Aug 31 21:30:20 +0000 2025,"@lagrima75 Tooooodo es culpa del PP, madre mía si lleváis más de 7 años en el gobierno, a qué os dedicáis aparte de vender a España a los Catalanes?",0,0,0,2,148,0,1,0,liberal_15,baseline_aug,gobierno España,0.0,neutral
1962265084085850550,Sun Aug 31 21:23:47 +0000 2025,"@YihiRM Me recuerda mucho al actual gobierno de España.

Demasiadas similitudes veo.",0,0,0,290,84,0,1,0,JosePed44188192,baseline_aug,gobierno España,0.0,neutral
1962264629222023401,Sun Aug 31 21:21:59 +0000 2025,@NunezFeijoo Ya está bien de que los gobiernos autonómicos peperos sean unos incompetentes y cada vez que hay una desgracia se desentienden de sus obligaciones y culpen al Gobierno de España. Eres un sinverguenza!!!,0,0,0,3,215,0,1,0,marialb1234,baseline_aug,gobierno España,0.0,neutral
1962264320814854314,Sun Aug 31 21:20:45 +0000 2025,"@elespanolcom @pedroj_ramirez Ten en cuenta una cosa, el fascismo, franquismo genocida estuvo en España durante más d e 40 años, si no estás  de acuerdo con éste gobierno tienes una alternativa, te puedes presentar a las elecciones, cosa que con Franco no pasaba porque te fusilaban",2,0,0,59,282,0,2,0,diedro1965,baseline_aug,gobierno España,-0.5267,negative
1962264234269573192,Sun Aug 31 21:20:25 +0000 2025,"@felixbolanosg Y el gobierno de España le vende armas y compra armas al Genocida Netanyahu que los asesina y mata de hombre,no nos tomes por tontos.",1,0,0,17,148,0,1,0,Lua74830579,baseline_aug,gobierno España,0.0,neutral
1962264031391031426,Sun Aug 31 21:19:36 +0000 2025,@roitele1 Ahora resulta que España capaz y le declara la guerra a Israel; sería interesante porque quizás es la única manera de sacar a esos socialistas del gobierno ya que a los españoles les encanta el masoquismo.,0,0,0,10,215,0,1,0,lccabrera,baseline_aug,gobierno España,0.0,neutral
1962264018783015080,Sun Aug 31 21:19:33 +0000 2025,"@MarioNoyaM Todo en España por culpa de este gobierno con sus políticas,decisiones,cesio-nes,asaltos a las instituciones, subvenciones,trinques….",0,0,0,12,145,0,1,0,Pzcamir,baseline_aug,gobierno España,0.0,neutral
1962263940101968036,Sun Aug 31 21:19:15 +0000 2025,"@sanchezcastejon Tu política inmigracionista va a entregar el gobierno de España a la ultraderecha. No sé qué tienes en la cabeza. 
España es el país con más paro de Europa y el que más inmigrantes acoge. Salarios de hace 30 años, vivienda inaccesible, violencia...
https://t.co/bNL6vJLipx",0,0,0,10,289,0,1,1,tomaspar,baseline_aug,gobierno España,-0.296,negative
1962263036871561306,Sun Aug 31 21:15:39 +0000 2025,"@gusman126 @nayibbukele @grok Cualquiera que defienda la Ley y el Orden defendería más el gobierno de El Salvador que el gobierno de España por razones obvias. Que no tienen que ver con ideología sino con hechos. Mi condición de Abogado del Estado en activo me impide percibir ningún tipo de retribución, de El",16,4,5,771,310,0,3,0,Macarena_Olona,baseline_aug,gobierno España,-0.296,negative
1962262607924007170,Sun Aug 31 21:13:57 +0000 2025,@Imanol_Pradales @EiderMendoza2 Los que apoyan a un Presidente del Gobierno de España corrupto y/o a un Gobierno corrupto son tan corruptos como ellos. Quien pueda entender que entienda.,0,0,0,5,186,0,2,0,pablomadri,baseline_aug,gobierno España,0.0,neutral
1962262292508160491,Sun Aug 31 21:12:42 +0000 2025,@BukeZero50660 @ciudadanoalt Lo que no es bueno es que terroristas y golpistas sean los que sostengan al gobierno del reino de España. Estos son cuatro colgados sin representación parlamentaria ni poder alguno.,1,0,0,65,210,0,2,0,AsurbanipalR,baseline_aug,gobierno España,-0.7003,negative
1962262286157902204,Sun Aug 31 21:12:40 +0000 2025,"De hecho, es muy posible que España tenga a la primera Presidente del Gobierno. https://t.co/uT3NBroCYT",7,0,1,637,103,0,0,1,Frauja_,baseline_aug,gobierno España,0.0,neutral
1962261716131012633,Sun Aug 31 21:10:24 +0000 2025,"@PanamaSuiza SERÍA EL DESASTRE MAYOR DE ESPAÑA EL SR. FEIJÓO ES UN INFLADOR, NO ESTÁ  CAPACITADO PARA GOBERNAR UN PAÍS  SU GOBIERNO EN GALICIA FUE UN FRACASO, LOS GALEGOS LO CONOCEN BIEN.",0,0,0,16,187,0,1,0,Salpafuera_,baseline_aug,gobierno España,-0.4466,negative
1962261711643128136,Sun Aug 31 21:10:23 +0000 2025,@Antonio61084617 @_anaredondo_ @SarahPerezSanta @rtve Si lo que os vamos a poner la cara cara colorada somos los disidentes a mamarrachos como tu que justificais al gobierno corrupto de putas y cocaína que se estan cargando España borrego de mierda,0,0,0,27,248,0,4,0,Manu_siux,baseline_aug,gobierno España,0.0,neutral
1962261543761952782,Sun Aug 31 21:09:43 +0000 2025,"@oscar_puente_ Un gobierno con ministros que se dedican a dividir España, a llamar Pacos a los que no les decimos que lo están haciendo bien, a faltar al respeto a la mitad del país ...parece una mala pesadilla pero es real",0,0,0,9,223,0,1,0,makaveli23459,baseline_aug,gobierno España,-0.296,negative
1962261381631160553,Sun Aug 31 21:09:05 +0000 2025,"@ChicoteLerena El gobierno criminal ""invirtió"" 13.000 millones de euros en la España vaciada y lo que han hecho es robar. Nos toman por idiotas, nos roban, nos mienten y aquí no pasa nada.",0,0,0,39,188,0,1,0,yolandazaragoza,baseline_aug,gobierno España,-0.6808,negative
1962261242753503388,Sun Aug 31 21:08:31 +0000 2025,"@_InakiLopez_ Como siempre una comisión de rojos de 💩 💩 💩 que dicen mentiras,como con la Dana,  el culpable de los incendios es el Gobierno CORRUPTO por los recortes,  mientras España se quemaba,  el PSICÓPATA mafioso de Sánchez de vacaciones con su familia corrupta ladrona imputada!!",0,0,0,4,285,0,1,0,Anaiglesias65,baseline_aug,gobierno España,0.0,neutral
1962260789571580158,Sun Aug 31 21:06:43 +0000 2025,"@PartidoRepEs @TuiteroSismico @nayibbukele de ninguna manera unirse con España, es un gobierno COMUNISTA y ASESINO, además de CORRUPTO,roba hasta las donaciones en contubernio con la Cruz Roja,
pretendió borrar del mapa la Comunidad de Valencia, buscar “La Dana en Valencia” ocurrida el 29 de octubre 2024, infórmense bien.",4,0,0,81,323,0,3,0,MiravalClara,baseline_aug,gobierno España,0.0,neutral
1962260664220553675,Sun Aug 31 21:06:14 +0000 2025,"🇪🇸 | España | María Jesús Montero critica a las comunidades del PP por eludir responsabilidad en incendios y culpar al Gobierno: ""Es una actitud negligente y sumamente irresponsable"". TODO UN CONTUBERNIO AGENDA SATÁNICA 2030 https://t.co/EXUi7Infqb",0,0,0,10,248,0,0,1,jesusmasot,baseline_aug,gobierno España,0.0,neutral
1962260167673663923,Sun Aug 31 21:04:15 +0000 2025,"@laSextaXplica Ya que estas aqui, ¿Que es España?. 
Un pais sin Gobierno. 
Estos dictan: https://t.co/j3xxa8wgDF",0,0,0,10,112,0,1,1,Amunariz81,baseline_aug,gobierno España,-0.5574,negative
1962259995153600970,Sun Aug 31 21:03:34 +0000 2025,"@Mtelladof @EsterMunoz85 @ppopular Llegan tarde otra vez, España entera ha visto la inutilidad del @ppopular para enfrentarse a catástrofes. Se gastan el dinero de prevención en subvencionar a Inda, Federico, Vito Quiles y otros y a toreros y mierdas y luego pasa lo q pasa. Y después queréis que el Gobierno pague.",0,0,0,9,315,0,4,0,HartoDeFachas,baseline_aug,gobierno España,0.34,positive
1962259780938207344,Sun Aug 31 21:02:43 +0000 2025,"🔴ESPAÑA, OTRA MUJER VIOLADA POR INMIGRANTE ILEGAL.

Es una Menor de 14 años, violada Brutalmente por un ""Inmigrante Ilegal Marroquí de 17 años,Tutelado por el Gobierno en Calidad de MENA.

El Gobierno y sus medios de Desinformación, Ocultan la Nacionalidad del Violador. https://t.co/pIjJ5CauAj",31,16,2,1032,294,0,0,1,egtegain,baseline_aug,gobierno España,0.0,neutral
1962259264350933197,Sun Aug 31 21:00:40 +0000 2025,"@FrancescViana @Noelia_cp7 Sí, el Gobierno de España gestiona Sareb de forma indirecta: posee el 45% a través del FROB y supervisa sus operaciones. Es una sociedad mixta con 55% de capital privado. En 2025, ha aprobado traspasos de activos a entidades públicas como Sepes. Fuentes: sitio oficial Sareb, BOE",0,0,1,32,306,0,2,0,grok,baseline_aug,gobierno España,0.34,positive
1962258971764363565,Sun Aug 31 20:59:30 +0000 2025,@grok @Noelia_cp7 @grok La Sareb la gestiona el gobierno de España?,0,0,1,26,67,0,3,0,FrancescViana,baseline_aug,gobierno España,0.0,neutral
1962258842730828137,Sun Aug 31 20:58:59 +0000 2025,"Es bochornoso cargar sus culpas sobre Sanchez. Auténticos indeseables. Compromiso y responsabilidad ya tiene con el gobierno central. Que la derecha no mienta como bellacos, es lo que necesita España.",84,29,1,3898,200,0,0,0,rosamariaartal,baseline_aug,gobierno España,-0.296,negative
1962258608600571919,Sun Aug 31 20:58:03 +0000 2025,"Si este retrasado mental, este incompetente manifiesto y mala persona, llegará utópicamente a Gobernar España, sería peor que @JMilei 

Feijóo sentencia a este Gobierno que ""huele a rancio"" y promete tener ""listo"" el ""cambio"" en cuanto haya elecciones https://t.co/zDndTxjt6P",1,0,0,11,275,0,1,1,HartoDeFachas,baseline_aug,gobierno España,0.0,neutral
1962258408729370671,Sun Aug 31 20:57:16 +0000 2025,"@10JoseAlvarez Tu justicia se resume en 8.4 millones de euros en 17 años, que se sepa, pagados al vicepresidente del @CTARFEF con el auspicio de @Tebasjavier y la anuencia de @rfef con la impunidad asegurada del gobierno Español... que cloaca España.",0,0,0,10,250,0,4,0,JerryLugo84,baseline_aug,gobierno España,0.0,neutral
1962258325585719507,Sun Aug 31 20:56:56 +0000 2025,@oscar_puente_ Haz la diferencia entre la España de 2019 y la de 2025 …. (Gobierno del PSOE),0,0,0,15,92,0,1,0,LaSombraAtaca,baseline_aug,gobierno España,0.0,neutral
1962258264541847667,Sun Aug 31 20:56:41 +0000 2025,"@arturote8 Pero esto cuando se a visto en España??????
Esto es la mierda de gobierno progre mierda.
Que nos dejó el PP si el PP
Que tuvo mayoría y no hizo nada, si no, no estába Sánchez  ni toda esta basura Enfrentaron a España conseguido 
qerían que fuéramos racistas conseguido. Despertar",0,0,0,76,290,0,1,0,Mariajesusc17,baseline_aug,gobierno España,-0.6553,negative
1962258188910133684,Sun Aug 31 20:56:23 +0000 2025,@vialsa4 @gaceta_es Muy bien 👍🏻 necesitamos urgentemente un gobierno que promueva y ejecute la deportación masiva de inmigrantes ilegales. La ley existe pero de aplica porque el gobierno actual con sus socios promueve la inmigración ilegal. Es una invasión extranjera . No entran legalmente a España,0,0,0,36,299,0,2,0,Manuel36563155,baseline_aug,gobierno España,-0.296,negative
1962258004885041586,Sun Aug 31 20:55:40 +0000 2025,"@DiegoJMontero2 @partidazocope @elchiringuitotv @RadioMARCA Que en España haya gente que escuche o vea esos programas es algo difícil de entender desde fuera, luego veo que el presidente del gobierno es Sánchez y lo entiendo todo. 🤷🏻‍♂️",0,0,0,5,236,0,4,0,Templario_Gt,baseline_aug,gobierno España,0.0,neutral
1962257598876406241,Sun Aug 31 20:54:03 +0000 2025,"@oscarlopeztwit Me preocupa el gobierno de izquierdas de España, este formado por indigentes intelectuales que solo pretenden que los españoles seamos indigentes económicos y ellos los dictadores a imagen y semejanza de Franco, que es su ejemplo a seguir.",1,0,0,30,255,0,1,0,fergealo,baseline_aug,gobierno España,0.0,neutral
1962257228561351135,Sun Aug 31 20:52:34 +0000 2025,"@ElPadreDeBrian @AbogadosCrist Ese puñetero barco no salva vidas humanas se dedica al negocio del trafico de personas y cobrando dineros del corrupto gobierno de España estando metidos ongs, mafias y politicos de partidos que tanto defienden a ese asqueroso barco
EL OPENARMS HAY QUE DESTRUIRLO",1,0,0,9,294,0,2,0,faustomochales,baseline_aug,gobierno España,-0.296,negative
1962256945336721614,Sun Aug 31 20:51:27 +0000 2025,"Feijóo asegura que el Gobierno ""huele a rancio"" y se compromete a sacar a España ""del bucle de la incompetencia"" https://t.co/RAMwSfOhjA vía @rtve
Feijóo - con lo que hablas- tu cabeza debe oler a mie.rda",0,0,0,2,204,0,1,1,josefede99,baseline_aug,gobierno España,0.0,neutral
1962256785999532250,Sun Aug 31 20:50:49 +0000 2025,"La Prensa 31 de Agosto de 2025. Destacado
►La Flotilla de la Libertad zarpa hacia Gaza entre vítores y aplausos: Palestina libre
►Albares afirma que España desplegará toda su protección diplomática para la Flotilla a Gaza
►Sánchez se aferra a la izquierda en el nuevo curso",0,0,0,210,273,0,0,0,caval100,baseline_aug,gobierno España,0.0,neutral
1962256392695263554,Sun Aug 31 20:49:15 +0000 2025,@AlejandroCence2 Quien ya ha pasado a la historia por su repugnante indiferencia y gestitos quedaguai es el Gobierno de España desde finales de 2023 y hasta hoy. Vergüenza para siempre.,3,0,0,218,185,0,1,0,EZEQCriyon,baseline_aug,gobierno España,0.34,positive
1962256202538098797,Sun Aug 31 20:48:30 +0000 2025,@Paul_Tenorio Es igual que el Gobierno. Hacen lo que les sale de los huevos sin molestarse en disimular. Son impunes. España es un estercolero tercermundista a todos los niveles.,10,1,6,362,178,0,1,0,GreatDukeofAlba,baseline_aug,gobierno España,-0.5574,negative
1962255816184246476,Sun Aug 31 20:46:58 +0000 2025,"@JaimeFS470423 @RichieSargento @hermanntertsch @Macarena_Olona Ekkehard Tertsch era el papá de Hermann Tertsch. En 1933, se unió al Partido Nazi en Austria, que era el grupo malo de Hitler. Trabajó como periodista para ellos durante la guerra, ayudando a contar sus historias en España. Cuando la guerra terminó, se quedó viviendo en España",1,0,1,14,340,0,4,0,grok,baseline_aug,gobierno España,0.0,neutral
1962255642569159008,Sun Aug 31 20:46:16 +0000 2025,"@NunezFeijoo Como no podía ser de otra manera, Alberto ha vuelto con las pilas cargadas echando pestes sobre el gobierno y promete, como si estuviera ya en ""campaña"", construir una España nueva, reluciente, de raíz, sin escombros…🤦‍♀️
Vamos, PoPulismo en estado puro!!",0,0,0,1,268,0,1,0,hernndez_paz,baseline_aug,gobierno España,-0.6103,negative
1962255569391177989,Sun Aug 31 20:45:59 +0000 2025,🇪🇸 | España | ​El Gobierno ha perdido 2.500 palés de ayuda de Madrid para la dana de Valencia: «No sabemos qué han hecho» https://t.co/3Bla7flTbW,0,0,0,11,145,0,0,1,antonioorejon,baseline_aug,gobierno España,0.34,positive
1962255167107080580,Sun Aug 31 20:44:23 +0000 2025,"@JosemaVallejo Les lanzó un reto como asociacion. Para cuando una demanda contra el gobierno por su responsabilidad  civil subsidiaria, son los tutores legales, en estos hechos o como colaborador necesario al haber permitido y amparado su entrada y permanencia en España.",1,0,0,8,271,0,1,0,TenshiRonin,baseline_aug,gobierno España,0.0,neutral
1962255043303801244,Sun Aug 31 20:43:53 +0000 2025,@GabyLob Que Israel saque todo lo que sabe de este hdp que tenemos en el gobierno de España,1,0,0,9,91,0,1,0,Mery509713801,baseline_aug,gobierno España,0.0,neutral
1962254480667279415,Sun Aug 31 20:41:39 +0000 2025,"@el_hello_ween @camelorcio En España, si te detienen, es confidencial, no pueden salir ni nombres ni rostros (por eso siempre pixelan) y más que lo digan dentro del gobierno...otra cosa es que vecinos vean dicha detención y lo cuenten...",0,0,2,13,237,0,2,0,delaFuenteRdgz,baseline_aug,gobierno España,-0.296,negative
1962254465718780402,Sun Aug 31 20:41:36 +0000 2025,"@forocoches ¡¡Makina!! Los peperos sólo causan muertes en los desastres naturales, no quiero ni pensar qué sería de España hoy con los acontecimientos de los últimos 5 años con un gobierno pepero",11,0,10,852,195,0,1,0,ElCapitanK2,baseline_aug,gobierno España,-0.4184,negative
1962254337788535126,Sun Aug 31 20:41:05 +0000 2025,"El Partido Popular, por vía de su gobierno de la Comunidad de Madrid, reconoce aqui que la devolución, la deportación o retorno de los menas a sus familias, a sus casas en sus países es perfectamente factible.
Y no solo para el que ya ha violado sino para los que todavía no lo",67,40,0,4510,277,0,0,0,hermanntertsch,baseline_aug,gobierno España,0.2023,positive
1962254098482291061,Sun Aug 31 20:40:08 +0000 2025,"@vezapurpura Al gobierno sanchista le importa un bledo España y los españoles , solo nos quieren para sus sueldos y sus gastos ( chiringuitos , familiares , amigos e inmigrantes ilegales )",0,0,0,1,188,0,1,0,plazadeabajo,baseline_aug,gobierno España,0.0,neutral
1962253623649325222,Sun Aug 31 20:38:15 +0000 2025,"@herqles_es Uhhhh, para revertir la DECADENCIA, la DEGENERACIÓN, la CORRUPCIÓN y la IMPUNIDAD en el Reino de España, ahhhhh, los Españoles DEBEN y TIENEN que votar masivamente por Santiago Abascal para la Presidencia del Gobierno.",0,0,0,18,230,0,1,0,Juanvil99332471,baseline_aug,gobierno España,0.0,neutral
1962253482334760967,Sun Aug 31 20:37:41 +0000 2025,"@EFEnoticias No se puede ser más sinvergüenza más dañino, más embustero y más canalla que este narcoamigo. Sería vergonzoso que un canalla así pudiera ser alguna vez presidente del gobierno de España.",0,0,0,7,200,0,1,0,salmonews,baseline_aug,gobierno España,-0.296,negative
1962253476878078292,Sun Aug 31 20:37:40 +0000 2025,"La ciudadanía despierta.
Que se entere el gobierno de España, que se entere Europa. 
‼️PALESTINA NO ESTÁ SOLA‼️
🇵🇸🇵🇸🇵🇸🇵🇸🇵🇸 https://t.co/WhL5FBTEHR",248,88,31,3957,146,0,0,1,anajl2310,baseline_aug,gobierno España,-0.4466,negative
1962253451699585515,Sun Aug 31 20:37:34 +0000 2025,@MarioNoyaM El gobierno del reino de España,0,0,0,25,43,0,1,0,raulgoyus,baseline_aug,gobierno España,0.0,neutral
1962253086174351406,Sun Aug 31 20:36:07 +0000 2025,"@Spanish_Revo Acedos genocidas, a los que los amparan y a Liz que miraron para otro lado, como es el caso del gobierno actual de España, el karma les pasará la factura correspondiente.",0,0,0,80,184,0,1,0,JoseEmilioDofor,baseline_aug,gobierno España,0.0,neutral
1962252893848748097,Sun Aug 31 20:35:21 +0000 2025,Así mejor: Última HORA | Feijóo anticipa otro curso político de crispación: “España no es este Gobierno. Vamos a devolver España a las élites de este país”,0,0,0,28,155,0,0,0,ajm74ajm,baseline_aug,gobierno España,-0.296,negative
1962252407863451737,Sun Aug 31 20:33:25 +0000 2025,"Aquí un barco lleno a partes parecidas de fanáticos y sinvergüenzas que se van a una zona de guerra a ayudar a una inmensa banda de terroristas islamistas en contra de un ejército que combate para restablecer la seguridad de su Estado y su pueblo.
    En España, el gobierno, los",85,44,5,5572,279,0,0,0,hermanntertsch,baseline_aug,gobierno España,0.0,neutral
1962252325231198368,Sun Aug 31 20:33:05 +0000 2025,@pedro_casares Lo que ha pasado este verano es que más de 150 pirómanos han salido a quemar España y la fiscalía del gobierno no ha abierto una investigación de oficio para investigarlo. Eso es lo que ha pasado. https://t.co/ucLqZ410vB,4,0,0,43,235,0,1,1,vixxen250,baseline_aug,gobierno España,0.4145,positive
1962252098738716833,Sun Aug 31 20:32:11 +0000 2025,"En el caso del PP es así, parece que les sobran las CCAA.
De hecho, El PP las utiliza para hacer oposición al Gobierno de España y obtener algunos favores entre ellos.",20,10,1,214,167,0,0,0,KilianCD,baseline_aug,gobierno España,0.0,neutral
1962252031252734266,Sun Aug 31 20:31:55 +0000 2025,"@ElAbogadoDevil @Quint1Asquerosa En España, los expresidentes del Gobierno reciben una pensión indemnizatoria del 80% de su sueldo durante 2 años (o hasta nuevo empleo), dotación para oficina y personal (2 empleados), coche oficial con chófer, seguridad, pasaporte diplomático y preferencia en actos oficiales.",0,0,1,8,310,0,2,0,grok,baseline_aug,gobierno España,0.0,neutral
1962251479432987000,Sun Aug 31 20:29:44 +0000 2025,"La Liga es como el Gobierno de España:

Cada vez se parece más a países bananeros, siendo mediocre, vulgar y en banca rosta. Mientras ves como otros Países son infinitamente superiores.

Y lo mejor es que todo esto pasa mientras la gente traga y no dice nada.

Disfrutemos!!",2,3,0,265,274,0,0,0,MouRadical,baseline_aug,gobierno España,-0.4184,negative
1962251108119650479,Sun Aug 31 20:28:15 +0000 2025,"@ViviendaVacac @desdelamoncloa @viviendagob @PSOE @sumar ""La provincia de Málaga tiene 24.012 pisos turísticos activos y 7.473 provisionales en el registro único del Gobierno, siendo la provincia con más viviendas turísticas registradas en España"" y así a toda España.",0,0,1,32,268,0,5,0,RomeraOrti46233,baseline_aug,gobierno España,0.0,neutral
1962251026766897639,Sun Aug 31 20:27:56 +0000 2025,"en lugar de ayudar a un país miembro de la Sociedad de Naciones como era España a sofocar una subversión del orden establecido, y mucho menos, permitir a su gobierno que pudiera defenderse con la adquisición de armamento militar y pertrechos en el mercado internacional,",7,0,1,113,270,0,0,0,militaresantifa,baseline_aug,gobierno España,0.0,neutral
1962249706479800590,Sun Aug 31 20:22:41 +0000 2025,"Madre mía, le gana la posición claramante.

Es mas falta de Yamal.

La liga española está más sucia que el gobierno de España.",4,0,0,568,126,0,0,0,ColMadr,baseline_aug,gobierno España,0.0,neutral
1962248799444713783,Sun Aug 31 20:19:05 +0000 2025,"Cuando ETA mataba gente inocente en los 80 y 90, el gobierno de España no se dedicaba a bombardear barrios enteros para matar a los terroristas (escondidos en bares, casas, iglesias). La gente inocente no merece morir aunque los terroristas se encondan detrás de ellos. 

Israel.",0,0,0,3,279,0,0,0,Adelante_World,baseline_aug,gobierno España,-0.5267,negative
1962248765869375689,Sun Aug 31 20:18:57 +0000 2025,@Falbak_ España: No hasta que se vaya el PSOE del Gobierno.,19,0,1,1312,59,0,1,0,AgustinArcas98,baseline_aug,gobierno España,-0.296,negative
1962248267556692336,Sun Aug 31 20:16:58 +0000 2025,"@maria_latatus @NunezFeijoo El máximo responsable de los políticos inútiles de Galicia, Voxtremadura C&amp;L, aún no ha comprendido que solo se puede culpar al PP de los peores incendios de la historia de España.
Pero, al mejor estilo del PP, culpa al Gobierno. Cobarde.",0,0,0,5,270,0,2,0,DonronRc,baseline_aug,gobierno España,-0.2584,negative
1962248128574197982,Sun Aug 31 20:16:25 +0000 2025,@sanchezcastejon Defender España es largaros del gobierno y dejar de vender España a empresarios extranjeros.,0,0,0,4,109,0,1,0,unPensadorLogic,baseline_aug,gobierno España,0.1027,positive
1962247886420201815,Sun Aug 31 20:15:27 +0000 2025,"@WalhallaMann Que periodismo se España con tu gobierno?  Q yo sepa todos los periodistas son de ustedes, xq son independientes y están en TN,A24, canal 13, Telefe y LN+ , y si es x ensañamiento estas señales están diciendo junto al gob q son los kirchneristas, no mientas q ahí está tu indignad",0,0,0,2,294,0,1,0,oruizdiaz18,baseline_aug,gobierno España,-0.296,negative
1962247817180717132,Sun Aug 31 20:15:11 +0000 2025,@olimpia_epiro Hay que hundirlo porque es un barco que se dedica a traer inmigrantes ilegales en su inmensa mayoria de culturas que son contrarias a la europea y hace un gran negocio con mafias que les dicen donde reecogerlos y los traen a España y reciben millones del gobierno de España,0,0,0,9,288,0,1,0,faustomochales,baseline_aug,gobierno España,0.0,neutral
1962247519036911628,Sun Aug 31 20:13:59 +0000 2025,"@Bonika88 @rosadg_ @cucagamarra Un presidente, un gobierno tiene una responsabilidad principal, actuar y poner medios en su poder trsgedias en su nación. El hdlgp solo vio oportunidad, lo ha hecho cuando españa ardia, durante el covic.",0,0,0,11,235,0,3,0,67quijote,baseline_aug,gobierno España,0.34,positive
1962247389319684443,Sun Aug 31 20:13:29 +0000 2025,"El gobierno de España con su ""buenismo"" está financiando el terrorismo yihadista de África. Las ONGs y la armada española están trayendo a nuestras costas inmigrantes ilegales provenientes de las cárceles de Marruecos y Mali. 
#SoloQuedaVox
#TikTok https://t.co/srPS73IDVF",0,0,1,49,272,2,0,1,HeavyAMuerte,baseline_aug,gobierno España,0.0,neutral
1962246969851556069,Sun Aug 31 20:11:49 +0000 2025,"@ppopular Si al final PP y PSOE se alían en una coalición de gobierno como en Alemania, por ejemplo, para ""frenar a la ultraderecha"" y todos esos rollos, su partido se hunde.
Comprométase a que eso no va a pasar en España, no puede porque es lo que piensan hacer.
No se ría de los españoles https://t.co/jaS8XJIE0b",1,0,0,54,314,0,1,1,pepellopis,baseline_aug,gobierno España,-0.6808,negative
1962246786430484754,Sun Aug 31 20:11:05 +0000 2025,"@davidsantosvlog Tranquilo que si han desembarcado es porque no llevan droga, en los fardos van inmigrantes ilegales que el gobierno trae a España para robar y violar gente.",0,0,0,15,173,0,1,0,VoielloCardinal,baseline_aug,gobierno España,-0.296,negative
1962246784010334288,Sun Aug 31 20:11:04 +0000 2025,"En España, la ley solo está para oprimir al honrado contribuyente. Los delincuentes son protegidos por el gobierno.",3,1,0,47,115,0,0,0,CarlosSinPelos1,baseline_aug,gobierno España,0.0,neutral
1962246546876956889,Sun Aug 31 20:10:08 +0000 2025,@javionsalo Vaya por Dios y aún sabiendo esto el gobierno les recibe  con los brazos abiertos? Joder y les da techo y paga no  te jode 🤦 cuanto odio le tenéis a España para  traernos esto???? Cuanto ???,0,0,0,16,202,0,1,0,Amada632232,baseline_aug,gobierno España,-0.4871,negative
1962246339980304419,Sun Aug 31 20:09:18 +0000 2025,"@IndecenteUna @JRCR_1949 monarquía y  nobleza movieron países por sus intereses. 
Nos blindamos contra la monarquía con el título 2 de la Constitución, pero se nos ha olvidado la España feudal de hoy; la partitocracia.
El Rey reina pero no gobierna y todos sus actos están refrendados por el gobierno",0,0,0,2,300,0,2,0,Victor62703487,baseline_aug,gobierno España,-0.1531,negative
1962246222011408708,Sun Aug 31 20:08:50 +0000 2025,España es lo que es ahora mismo gracias a este Gobierno.,4,1,0,86,56,0,0,0,ABSCR2,baseline_aug,gobierno España,0.0,neutral
1962246153216438297,Sun Aug 31 20:08:34 +0000 2025,"@RonCicer El Gobierno de España ha aplicado un recorte brutal en los fondos destinados a la nutrición de los niños. De un presupuesto de 1600 millones € a tan solo 90 millones €. Y hay 2,7 millones de niños en riesgo grave de desnutrición.
https://t.co/gZpCEjZ5Uz",0,0,0,10,263,0,1,1,amicalupus,baseline_aug,gobierno España,-0.6486,negative
1962246096039600137,Sun Aug 31 20:08:20 +0000 2025,"@PiedrafitaMario España no es este gobierno... claro, ni este ni el anterior ni el anterior del anterior... el Gobierno son 20 ó 25 personas y aquí vivimos ya más cuarenta y ocho millones, ¿donde está la mentira?. Ha nombrado al Gobierno, no a los votantes de ningún partido concreto.",0,0,0,16,284,0,1,0,Jesulito191081,baseline_aug,gobierno España,-0.25,negative
1962245804854333681,Sun Aug 31 20:07:11 +0000 2025,"@tresmasciento En l gobierno de España del PSOE, pero en el resto el partido mayoritario en CCAA, ayuntamientos, Cabildos, Diputaciones, etc, etc.",0,0,0,1,146,0,1,0,lu5061,baseline_aug,gobierno España,0.4588,positive
1962245479820820664,Sun Aug 31 20:05:53 +0000 2025,"@CristianBilba12 Por dios LO DE ESPAÑA ES YA VENEZUELA.. EL GOBIERNO CRIMINAL con conexiones con Venezuela, compra de Crudo ilegal, lavado de dinero, estafa de más de 300 millones de IVA.

Asco es poco",0,0,0,3,201,0,1,0,_atreides_,baseline_aug,gobierno España,-0.6289,negative
1962245200253763754,Sun Aug 31 20:04:47 +0000 2025,"@RedRofega El albares bien podía haber sido cura, catequista, o vendedor de mercadillo, todo te lo vende ""a euro"", y miente cada vez que abre la boca. El gobierno de España es cómplice del genocidio sionista, enGaza no hay guerra, hay una masacre de la población civil, por bombas y hambre.",0,0,0,18,290,0,1,0,KikoHironic,baseline_aug,gobierno España,-0.296,negative
1962244579467432429,Sun Aug 31 20:02:19 +0000 2025,"Protagonista del día: La virreina del Perú

No era nada frecuente que hubiera mujeres ocupando cargos de gran importancia como el de virrey de un territorio. Sin embargo, hubo excepciones interesantes como nuestra protagonista.
Ana Francisca de Borja y Doria, virreina (1640-1706) https://t.co/1zeDSvnB4f",31,11,0,1432,304,0,0,1,GestasdeEspaNa,baseline_aug,gobierno España,-0.7003,negative
1962243131941769601,Sun Aug 31 19:56:34 +0000 2025,España está en la mierda con el gobierno que consiente tanto a esa puta plaga,2,0,1,45,77,0,0,0,adri_919,baseline_aug,gobierno España,0.0,neutral
1962242738859950181,Sun Aug 31 19:55:00 +0000 2025,@Markirov @Mariacasti37097 @RaulSolisUE @diario_red_ No. Prefiero un gobierno que no usa la justicia a su beneficio cayendo en un lawfare   clarísimo como hacen los ultra liberales tanto en Argentina y España. Elijo gente que no sea corrupta. Y aquí en España el único partido sin condenas es Podemos. Espabila cenutrio,2,0,1,14,319,0,4,0,APerMen33,baseline_aug,gobierno España,-0.7906,negative
1962242548216254523,Sun Aug 31 19:54:14 +0000 2025,"@LasNancisNegras @EvPablo26 @AnadultfemaleES @Kaiser_Narnia En españa tenemos una muy buena sanidad, otra cosa es que esté maltratada por el gobierno recortándole el presupuesto cada poco tiempo.",0,0,2,48,195,0,4,0,Oscar_M_Anton,baseline_aug,gobierno España,0.0,neutral
1962242536992281045,Sun Aug 31 19:54:12 +0000 2025,"@JavierJove_ Tanto PP como PSOE tienen a españa arruinada pero lo impresionante es que con todo lo que se ha sabido del gobierno más corrupto e ineficiente de la historia de españa todavía el PSOE tenga 26,1 % de los votos es inconcebible creo que existe una patología mental en ellos",2,1,0,46,284,0,1,0,frandelgado71,baseline_aug,gobierno España,0.34,positive
1962241860673437824,Sun Aug 31 19:51:30 +0000 2025,"@EFEnoticias Siempre la misma secuencia, un total de muertes y un pequeño desglose. 
No se olviden niños, es el gobierno de España el que pone estos datos. Para ser el faro moral de occidente necesitan esa sangría...sin ella se quedarían al pairo político.",0,0,0,26,256,0,1,0,moisesh59317135,baseline_aug,gobierno España,-0.296,negative
1962241278894088506,Sun Aug 31 19:49:12 +0000 2025,"🇪🇸🔵 Feijóo inaugura el curso político arremetiendo contra un Gobierno que ""huele a rancio"".

🗣️ ""No vamos a gestionar los escombros del sanchismo. Vamos a liderar el cambio de raíz que España necesita"".
 https://t.co/ZWMVqf3ZtH",0,0,0,14,227,0,0,1,larespuesta_es,baseline_aug,gobierno España,0.0,neutral
1962241140976922750,Sun Aug 31 19:48:39 +0000 2025,"@LasBasesdelPSOE Yo con las víctimas del abandono y la incompetencia del gobierno central en las catástrofes 
La Palma Valencia, la España quemada …..",0,0,0,6,150,0,1,0,wqxh24,baseline_aug,gobierno España,0.0,neutral
1962240876349972712,Sun Aug 31 19:47:36 +0000 2025,"Esta pava es repugnante, así como el gobierno de España actual.",0,0,0,6,63,0,0,0,Ismael83377486,baseline_aug,gobierno España,0.0,neutral
2006514377651007840,Wed Dec 31 23:54:41 +0000 2025,Lo'El Hermanísimo': La ópera prima de La Radioteca https://t.co/FR2uQhsQn4 vía @libertaddigital,0,0,0,7,95,0,1,1,RomanoFerr44143,baseline_dec,política España,0.0,neutral
2006513617567625469,Wed Dec 31 23:51:40 +0000 2025,Ayuso reivindica a Madrid como una región «sin sectarismo» que pone freno «a los totalitarios» https://t.co/7hNgX3ylnf vía @TheObjective_es,0,0,0,20,139,0,1,1,Ant14898955Jose,baseline_dec,política España,0.0,neutral
2006512720049483982,Wed Dec 31 23:48:06 +0000 2025,"📍📍📍ACCIONES CONTUNDENTES PARA TRIBUNALES INQUISIDORES QUE DAN SOPORTE A LOS ATAQUES DE LAS ULTRADERECHAS.

La Fiscalía solicita la anulación de la condena a García Ortiz por pasar por alto las pruebas que le exculpaban.

@El_Plural https://t.co/y3OVgq2cNj",0,0,0,31,255,0,1,1,MeseguerOlmo,baseline_dec,política España,0.0,neutral
2006510368450084934,Wed Dec 31 23:38:45 +0000 2025,"@DolorsMM @NunezFeijoo @ppopular Dolors de cabeza jaja recuerdo cuando has intentado tumbar beneficios para España y te salió el tiro por la culata. La política que no aporta sobra, deja paso, deja de ser un lastre y de aburrirte en tuiter",12,1,0,180,239,0,3,0,madp80,baseline_dec,política España,-0.296,negative
2006508515624628266,Wed Dec 31 23:31:23 +0000 2025,https://t.co/Fc5pYr0U4n,0,0,1,,23,0,0,1,Joseamarolator1,baseline_dec,política España,0.0,neutral
2006505989164675378,Wed Dec 31 23:21:21 +0000 2025,@josevico4 En España sois profundamente gilipollas cuando habláis de los orígenes del hip hop y su relación con la izquierda política tal y como la conocemos aquí.,1,1,0,235,163,0,1,0,XoquinsRevival,baseline_dec,política España,0.0,neutral
2006505144373096834,Wed Dec 31 23:18:00 +0000 2025,"Lo mismo están haciendo los globalistas distopicos del bipartidismo de la UE y España y gobiernos con la #EstafaClimatica, la ideología d género y el remplazo cultural y de votos a través d la política d fronteras abiertas e invasión masiva de ilegales",0,0,0,3,252,1,0,0,merlufer,baseline_dec,política España,0.0,neutral
2006503802514583704,Wed Dec 31 23:12:40 +0000 2025,"Sólo pido a la gente inteligente que escuche las declaraciones de todos cabezas de partido y de ahí sacar conclusiones
Sánchez celebra los hitos conseguidos en 2025 con una promesa para el año nuevo: ""Este Gobierno seguirá dejándose la piel"" via @El_Plural https://t.co/Iiu3p3GsUb",0,0,0,16,280,0,1,1,AlfamenBnyk,baseline_dec,política España,0.0,neutral
2006501576496787921,Wed Dec 31 23:03:49 +0000 2025,"@resistrinker @ElWombat3 @GuillermoRocaf1 @sanchezcastejon El título IV de la Ley 17/2015, de 9 de julio, del Sistema Nacional de Protección Civil atribuye la responsabilidad fundamental al Ministerio del Interior, bajo la dirección política y la coordinación superior del Gobierno de España, tontopollas.",0,0,2,35,305,0,4,0,democrataformal,baseline_dec,política España,0.5423,positive
2006495969811353920,Wed Dec 31 22:41:32 +0000 2025,"@JamesSt94802316 @VioletKiramann7 @Maria_EstevezG Meloni llega al poder en Octubre 2022.

200.000 irregulares entran en Italia con las recetas de la ultraderecha.

En España, menos de la mitad con la errática política de Sánchez. Y bajando. https://t.co/cG6VBWWeNn",0,0,1,11,264,0,3,1,Amonicaco,baseline_dec,política España,0.0,neutral
2006495631033143318,Wed Dec 31 22:40:11 +0000 2025,"@InvIngeniero Muy duro ver como han reventado un país que estaba unido. Yo tengo 19 años y siempre lo digo, envidia sana a la generación de mis abuelos y mis padres, sin duda la mejor etapa de España. Cuando personas de izquierdas y derechas podían conversar sobre política sin conflictividad.",0,0,1,11,293,0,1,0,bombamendy,baseline_dec,política España,-0.802,negative
2006494625662644588,Wed Dec 31 22:36:12 +0000 2025,"@Proserpinasb FUE EL MAYOR ACTO DE DIGNIDAD POLÍTICA QUE SE HA VISTO EN ESPAÑA EN DEMASIADO TIEMPO 

TÚ LO LLAMAS ESTRATEGIA PARA INTENTAR DEVALUARLO PORQUE TU TRABAJO DEPENDE/CONSISTE DE/EN MANTENER LA INDIGNIDAD BIPARTIDISTA GLOBALISTA, Y ESO TE ALEJA DE LA GRANDEZA, LUPE",0,0,0,17,274,0,1,0,meloinvento044,baseline_dec,política España,0.4824,positive
2006492093670396116,Wed Dec 31 22:26:08 +0000 2025,"@CarmenSanVid Pues hace unos pocos meses en España se ha fundado @y_trabajo83799 , una nueva fuerza politica de izquierdas, republicana y no-woke. Esta en linea del BSW de Sahra Wagenknecht.",1,0,0,2,190,0,2,0,Info_izqesp,baseline_dec,política España,0.34,positive
2006492051962016104,Wed Dec 31 22:25:58 +0000 2025,"El acceso a la vivienda, la primera preocupación para los jóvenes: inquieta al 64% frente al 38% de la media nacional https://t.co/6lt0AIpXii",3,2,0,3413,141,0,0,1,elespanolcom,baseline_dec,política España,0.0,neutral
2006490428506517544,Wed Dec 31 22:19:31 +0000 2025,"Os deseo a todos un feliz 2026 y que sea un año menos para la conquista de la Libertad Política Colectiva que desintegre el régimen del 78.
La nación siempre por encima del estado.
Salud y República Constitucional.
VIVA ESPAÑA https://t.co/olGQACTI2C",83,11,12,2500,250,0,0,1,FLicoretas,baseline_dec,política España,0.0,neutral
2006487392111440028,Wed Dec 31 22:07:27 +0000 2025,@joacoomontiell @nicotinomano_ Pues que según tu ideología política estarías más contento al besar a una chica rica (significado de pija en españa) o una polla,19,0,0,869,159,0,2,0,Prollan06,baseline_dec,política España,0.0,neutral
2006486690052059529,Wed Dec 31 22:04:40 +0000 2025,"Sánchez celebra los hitos conseguidos en 2025 con una promesa para el año nuevo: ""Este Gobierno seguirá dejándose la piel"" via @El_Plural https://t.co/SxaL5jEohz",0,0,0,80,161,0,1,1,caval100,baseline_dec,política España,0.0,neutral
2006485755817070877,Wed Dec 31 22:00:57 +0000 2025,"#MotaRtve pues si,esa es la clase politica de espan̈a,tal cual.Lastima no acaben como en la serie",2,0,0,353,97,1,0,0,Julidiamon,baseline_dec,política España,-0.296,negative
2006484261575209387,Wed Dec 31 21:55:01 +0000 2025,"@TaniaH123456 @wcontrerash @Criticolombia2 se da cuenta, usted se informa a través de los mismos canales que luego les toca salir a retractarse, opinar desde afuera es tan poco coherente como creerse experta en política o economía cuando no es empresaria, porque usted es EMPLEADA en España y si vive fuera es porque aquí👇🏼",0,0,1,8,323,0,3,0,DeFrenteAmplia,baseline_dec,política España,-0.296,negative
2006514377651007840,Wed Dec 31 23:54:41 +0000 2025,Lo'El Hermanísimo': La ópera prima de La Radioteca https://t.co/FR2uQhsQn4 vía @libertaddigital,0,0,0,7,95,0,1,1,RomanoFerr44143,baseline_dec,política España,0.0,neutral
2006513617567625469,Wed Dec 31 23:51:40 +0000 2025,Ayuso reivindica a Madrid como una región «sin sectarismo» que pone freno «a los totalitarios» https://t.co/7hNgX3ylnf vía @TheObjective_es,0,0,0,20,139,0,1,1,Ant14898955Jose,baseline_dec,política España,0.0,neutral
2006512720049483982,Wed Dec 31 23:48:06 +0000 2025,"📍📍📍ACCIONES CONTUNDENTES PARA TRIBUNALES INQUISIDORES QUE DAN SOPORTE A LOS ATAQUES DE LAS ULTRADERECHAS.

La Fiscalía solicita la anulación de la condena a García Ortiz por pasar por alto las pruebas que le exculpaban.

@El_Plural https://t.co/y3OVgq2cNj",0,0,0,31,255,0,1,1,MeseguerOlmo,baseline_dec,política España,0.0,neutral
2006510368450084934,Wed Dec 31 23:38:45 +0000 2025,"@DolorsMM @NunezFeijoo @ppopular Dolors de cabeza jaja recuerdo cuando has intentado tumbar beneficios para España y te salió el tiro por la culata. La política que no aporta sobra, deja paso, deja de ser un lastre y de aburrirte en tuiter",12,1,0,180,239,0,3,0,madp80,baseline_dec,política España,-0.296,negative
2006508515624628266,Wed Dec 31 23:31:23 +0000 2025,https://t.co/Fc5pYr0U4n,0,0,1,,23,0,0,1,Joseamarolator1,baseline_dec,política España,0.0,neutral
2006505989164675378,Wed Dec 31 23:21:21 +0000 2025,@josevico4 En España sois profundamente gilipollas cuando habláis de los orígenes del hip hop y su relación con la izquierda política tal y como la conocemos aquí.,1,1,0,235,163,0,1,0,XoquinsRevival,baseline_dec,política España,0.0,neutral
2006505144373096834,Wed Dec 31 23:18:00 +0000 2025,"Lo mismo están haciendo los globalistas distopicos del bipartidismo de la UE y España y gobiernos con la #EstafaClimatica, la ideología d género y el remplazo cultural y de votos a través d la política d fronteras abiertas e invasión masiva de ilegales",0,0,0,3,252,1,0,0,merlufer,baseline_dec,política España,0.0,neutral
2006503802514583704,Wed Dec 31 23:12:40 +0000 2025,"Sólo pido a la gente inteligente que escuche las declaraciones de todos cabezas de partido y de ahí sacar conclusiones
Sánchez celebra los hitos conseguidos en 2025 con una promesa para el año nuevo: ""Este Gobierno seguirá dejándose la piel"" via @El_Plural https://t.co/Iiu3p3GsUb",0,0,0,16,280,0,1,1,AlfamenBnyk,baseline_dec,política España,0.0,neutral
2006501576496787921,Wed Dec 31 23:03:49 +0000 2025,"@resistrinker @ElWombat3 @GuillermoRocaf1 @sanchezcastejon El título IV de la Ley 17/2015, de 9 de julio, del Sistema Nacional de Protección Civil atribuye la responsabilidad fundamental al Ministerio del Interior, bajo la dirección política y la coordinación superior del Gobierno de España, tontopollas.",0,0,2,35,305,0,4,0,democrataformal,baseline_dec,política España,0.5423,positive
2006495969811353920,Wed Dec 31 22:41:32 +0000 2025,"@JamesSt94802316 @VioletKiramann7 @Maria_EstevezG Meloni llega al poder en Octubre 2022.

200.000 irregulares entran en Italia con las recetas de la ultraderecha.

En España, menos de la mitad con la errática política de Sánchez. Y bajando. https://t.co/cG6VBWWeNn",0,0,1,11,264,0,3,1,Amonicaco,baseline_dec,política España,0.0,neutral
2006495631033143318,Wed Dec 31 22:40:11 +0000 2025,"@InvIngeniero Muy duro ver como han reventado un país que estaba unido. Yo tengo 19 años y siempre lo digo, envidia sana a la generación de mis abuelos y mis padres, sin duda la mejor etapa de España. Cuando personas de izquierdas y derechas podían conversar sobre política sin conflictividad.",0,0,1,11,293,0,1,0,bombamendy,baseline_dec,política España,-0.802,negative
2006494625662644588,Wed Dec 31 22:36:12 +0000 2025,"@Proserpinasb FUE EL MAYOR ACTO DE DIGNIDAD POLÍTICA QUE SE HA VISTO EN ESPAÑA EN DEMASIADO TIEMPO 

TÚ LO LLAMAS ESTRATEGIA PARA INTENTAR DEVALUARLO PORQUE TU TRABAJO DEPENDE/CONSISTE DE/EN MANTENER LA INDIGNIDAD BIPARTIDISTA GLOBALISTA, Y ESO TE ALEJA DE LA GRANDEZA, LUPE",0,0,0,17,274,0,1,0,meloinvento044,baseline_dec,política España,0.4824,positive
2006492093670396116,Wed Dec 31 22:26:08 +0000 2025,"@CarmenSanVid Pues hace unos pocos meses en España se ha fundado @y_trabajo83799 , una nueva fuerza politica de izquierdas, republicana y no-woke. Esta en linea del BSW de Sahra Wagenknecht.",1,0,0,2,190,0,2,0,Info_izqesp,baseline_dec,política España,0.34,positive
2006492051962016104,Wed Dec 31 22:25:58 +0000 2025,"El acceso a la vivienda, la primera preocupación para los jóvenes: inquieta al 64% frente al 38% de la media nacional https://t.co/6lt0AIpXii",3,2,0,3413,141,0,0,1,elespanolcom,baseline_dec,política España,0.0,neutral
2006490428506517544,Wed Dec 31 22:19:31 +0000 2025,"Os deseo a todos un feliz 2026 y que sea un año menos para la conquista de la Libertad Política Colectiva que desintegre el régimen del 78.
La nación siempre por encima del estado.
Salud y República Constitucional.
VIVA ESPAÑA https://t.co/olGQACTI2C",83,11,12,2500,250,0,0,1,FLicoretas,baseline_dec,política España,0.0,neutral
2006487392111440028,Wed Dec 31 22:07:27 +0000 2025,@joacoomontiell @nicotinomano_ Pues que según tu ideología política estarías más contento al besar a una chica rica (significado de pija en españa) o una polla,19,0,0,869,159,0,2,0,Prollan06,baseline_dec,política España,0.0,neutral
2006486690052059529,Wed Dec 31 22:04:40 +0000 2025,"Sánchez celebra los hitos conseguidos en 2025 con una promesa para el año nuevo: ""Este Gobierno seguirá dejándose la piel"" via @El_Plural https://t.co/SxaL5jEohz",0,0,0,80,161,0,1,1,caval100,baseline_dec,política España,0.0,neutral
2006485755817070877,Wed Dec 31 22:00:57 +0000 2025,"#MotaRtve pues si,esa es la clase politica de espan̈a,tal cual.Lastima no acaben como en la serie",2,0,0,353,97,1,0,0,Julidiamon,baseline_dec,política España,-0.296,negative
2006484261575209387,Wed Dec 31 21:55:01 +0000 2025,"@TaniaH123456 @wcontrerash @Criticolombia2 se da cuenta, usted se informa a través de los mismos canales que luego les toca salir a retractarse, opinar desde afuera es tan poco coherente como creerse experta en política o economía cuando no es empresaria, porque usted es EMPLEADA en España y si vive fuera es porque aquí👇🏼",0,0,1,8,323,0,3,0,DeFrenteAmplia,baseline_dec,política España,-0.296,negative
2006514377651007840,Wed Dec 31 23:54:41 +0000 2025,Lo'El Hermanísimo': La ópera prima de La Radioteca https://t.co/FR2uQhsQn4 vía @libertaddigital,0,0,0,7,95,0,1,1,RomanoFerr44143,baseline_dec,política España,0.0,neutral
2006513617567625469,Wed Dec 31 23:51:40 +0000 2025,Ayuso reivindica a Madrid como una región «sin sectarismo» que pone freno «a los totalitarios» https://t.co/7hNgX3ylnf vía @TheObjective_es,0,0,0,20,139,0,1,1,Ant14898955Jose,baseline_dec,política España,0.0,neutral
2006512720049483982,Wed Dec 31 23:48:06 +0000 2025,"📍📍📍ACCIONES CONTUNDENTES PARA TRIBUNALES INQUISIDORES QUE DAN SOPORTE A LOS ATAQUES DE LAS ULTRADERECHAS.

La Fiscalía solicita la anulación de la condena a García Ortiz por pasar por alto las pruebas que le exculpaban.

@El_Plural https://t.co/y3OVgq2cNj",0,0,0,31,255,0,1,1,MeseguerOlmo,baseline_dec,política España,0.0,neutral
2006510368450084934,Wed Dec 31 23:38:45 +0000 2025,"@DolorsMM @NunezFeijoo @ppopular Dolors de cabeza jaja recuerdo cuando has intentado tumbar beneficios para España y te salió el tiro por la culata. La política que no aporta sobra, deja paso, deja de ser un lastre y de aburrirte en tuiter",12,1,0,180,239,0,3,0,madp80,baseline_dec,política España,-0.296,negative
2006508515624628266,Wed Dec 31 23:31:23 +0000 2025,https://t.co/Fc5pYr0U4n,0,0,1,,23,0,0,1,Joseamarolator1,baseline_dec,política España,0.0,neutral
2006505989164675378,Wed Dec 31 23:21:21 +0000 2025,@josevico4 En España sois profundamente gilipollas cuando habláis de los orígenes del hip hop y su relación con la izquierda política tal y como la conocemos aquí.,1,1,0,235,163,0,1,0,XoquinsRevival,baseline_dec,política España,0.0,neutral
2006505144373096834,Wed Dec 31 23:18:00 +0000 2025,"Lo mismo están haciendo los globalistas distopicos del bipartidismo de la UE y España y gobiernos con la #EstafaClimatica, la ideología d género y el remplazo cultural y de votos a través d la política d fronteras abiertas e invasión masiva de ilegales",0,0,0,3,252,1,0,0,merlufer,baseline_dec,política España,0.0,neutral
2006503802514583704,Wed Dec 31 23:12:40 +0000 2025,"Sólo pido a la gente inteligente que escuche las declaraciones de todos cabezas de partido y de ahí sacar conclusiones
Sánchez celebra los hitos conseguidos en 2025 con una promesa para el año nuevo: ""Este Gobierno seguirá dejándose la piel"" via @El_Plural https://t.co/Iiu3p3GsUb",0,0,0,16,280,0,1,1,AlfamenBnyk,baseline_dec,política España,0.0,neutral
2006501576496787921,Wed Dec 31 23:03:49 +0000 2025,"@resistrinker @ElWombat3 @GuillermoRocaf1 @sanchezcastejon El título IV de la Ley 17/2015, de 9 de julio, del Sistema Nacional de Protección Civil atribuye la responsabilidad fundamental al Ministerio del Interior, bajo la dirección política y la coordinación superior del Gobierno de España, tontopollas.",0,0,2,35,305,0,4,0,democrataformal,baseline_dec,política España,0.5423,positive
2006495969811353920,Wed Dec 31 22:41:32 +0000 2025,"@JamesSt94802316 @VioletKiramann7 @Maria_EstevezG Meloni llega al poder en Octubre 2022.

200.000 irregulares entran en Italia con las recetas de la ultraderecha.

En España, menos de la mitad con la errática política de Sánchez. Y bajando. https://t.co/cG6VBWWeNn",0,0,1,11,264,0,3,1,Amonicaco,baseline_dec,política España,0.0,neutral
2006495631033143318,Wed Dec 31 22:40:11 +0000 2025,"@InvIngeniero Muy duro ver como han reventado un país que estaba unido. Yo tengo 19 años y siempre lo digo, envidia sana a la generación de mis abuelos y mis padres, sin duda la mejor etapa de España. Cuando personas de izquierdas y derechas podían conversar sobre política sin conflictividad.",0,0,1,11,293,0,1,0,bombamendy,baseline_dec,política España,-0.802,negative
2006494625662644588,Wed Dec 31 22:36:12 +0000 2025,"@Proserpinasb FUE EL MAYOR ACTO DE DIGNIDAD POLÍTICA QUE SE HA VISTO EN ESPAÑA EN DEMASIADO TIEMPO 

TÚ LO LLAMAS ESTRATEGIA PARA INTENTAR DEVALUARLO PORQUE TU TRABAJO DEPENDE/CONSISTE DE/EN MANTENER LA INDIGNIDAD BIPARTIDISTA GLOBALISTA, Y ESO TE ALEJA DE LA GRANDEZA, LUPE",0,0,0,17,274,0,1,0,meloinvento044,baseline_dec,política España,0.4824,positive
2006492093670396116,Wed Dec 31 22:26:08 +0000 2025,"@CarmenSanVid Pues hace unos pocos meses en España se ha fundado @y_trabajo83799 , una nueva fuerza politica de izquierdas, republicana y no-woke. Esta en linea del BSW de Sahra Wagenknecht.",1,0,0,2,190,0,2,0,Info_izqesp,baseline_dec,política España,0.34,positive
2006492051962016104,Wed Dec 31 22:25:58 +0000 2025,"El acceso a la vivienda, la primera preocupación para los jóvenes: inquieta al 64% frente al 38% de la media nacional https://t.co/6lt0AIpXii",3,2,0,3413,141,0,0,1,elespanolcom,baseline_dec,política España,0.0,neutral
2006490428506517544,Wed Dec 31 22:19:31 +0000 2025,"Os deseo a todos un feliz 2026 y que sea un año menos para la conquista de la Libertad Política Colectiva que desintegre el régimen del 78.
La nación siempre por encima del estado.
Salud y República Constitucional.
VIVA ESPAÑA https://t.co/olGQACTI2C",83,11,12,2500,250,0,0,1,FLicoretas,baseline_dec,política España,0.0,neutral
2006487392111440028,Wed Dec 31 22:07:27 +0000 2025,@joacoomontiell @nicotinomano_ Pues que según tu ideología política estarías más contento al besar a una chica rica (significado de pija en españa) o una polla,19,0,0,869,159,0,2,0,Prollan06,baseline_dec,política España,0.0,neutral
2006486690052059529,Wed Dec 31 22:04:40 +0000 2025,"Sánchez celebra los hitos conseguidos en 2025 con una promesa para el año nuevo: ""Este Gobierno seguirá dejándose la piel"" via @El_Plural https://t.co/SxaL5jEohz",0,0,0,80,161,0,1,1,caval100,baseline_dec,política España,0.0,neutral
2006485755817070877,Wed Dec 31 22:00:57 +0000 2025,"#MotaRtve pues si,esa es la clase politica de espan̈a,tal cual.Lastima no acaben como en la serie",2,0,0,353,97,1,0,0,Julidiamon,baseline_dec,política España,-0.296,negative
2006484261575209387,Wed Dec 31 21:55:01 +0000 2025,"@TaniaH123456 @wcontrerash @Criticolombia2 se da cuenta, usted se informa a través de los mismos canales que luego les toca salir a retractarse, opinar desde afuera es tan poco coherente como creerse experta en política o economía cuando no es empresaria, porque usted es EMPLEADA en España y si vive fuera es porque aquí👇🏼",0,0,1,8,323,0,3,0,DeFrenteAmplia,baseline_dec,política España,-0.296,negative
2006514377651007840,Wed Dec 31 23:54:41 +0000 2025,Lo'El Hermanísimo': La ópera prima de La Radioteca https://t.co/FR2uQhsQn4 vía @libertaddigital,0,0,0,7,95,0,1,1,RomanoFerr44143,baseline_dec,política España,0.0,neutral
2006513617567625469,Wed Dec 31 23:51:40 +0000 2025,Ayuso reivindica a Madrid como una región «sin sectarismo» que pone freno «a los totalitarios» https://t.co/7hNgX3ylnf vía @TheObjective_es,0,0,0,20,139,0,1,1,Ant14898955Jose,baseline_dec,política España,0.0,neutral
2006512720049483982,Wed Dec 31 23:48:06 +0000 2025,"📍📍📍ACCIONES CONTUNDENTES PARA TRIBUNALES INQUISIDORES QUE DAN SOPORTE A LOS ATAQUES DE LAS ULTRADERECHAS.

La Fiscalía solicita la anulación de la condena a García Ortiz por pasar por alto las pruebas que le exculpaban.

@El_Plural https://t.co/y3OVgq2cNj",0,0,0,31,255,0,1,1,MeseguerOlmo,baseline_dec,política España,0.0,neutral
2006510368450084934,Wed Dec 31 23:38:45 +0000 2025,"@DolorsMM @NunezFeijoo @ppopular Dolors de cabeza jaja recuerdo cuando has intentado tumbar beneficios para España y te salió el tiro por la culata. La política que no aporta sobra, deja paso, deja de ser un lastre y de aburrirte en tuiter",12,1,0,180,239,0,3,0,madp80,baseline_dec,política España,-0.296,negative
2006508515624628266,Wed Dec 31 23:31:23 +0000 2025,https://t.co/Fc5pYr0U4n,0,0,1,,23,0,0,1,Joseamarolator1,baseline_dec,política España,0.0,neutral
2006505989164675378,Wed Dec 31 23:21:21 +0000 2025,@josevico4 En España sois profundamente gilipollas cuando habláis de los orígenes del hip hop y su relación con la izquierda política tal y como la conocemos aquí.,1,1,0,235,163,0,1,0,XoquinsRevival,baseline_dec,política España,0.0,neutral
2006505144373096834,Wed Dec 31 23:18:00 +0000 2025,"Lo mismo están haciendo los globalistas distopicos del bipartidismo de la UE y España y gobiernos con la #EstafaClimatica, la ideología d género y el remplazo cultural y de votos a través d la política d fronteras abiertas e invasión masiva de ilegales",0,0,0,3,252,1,0,0,merlufer,baseline_dec,política España,0.0,neutral
2006503802514583704,Wed Dec 31 23:12:40 +0000 2025,"Sólo pido a la gente inteligente que escuche las declaraciones de todos cabezas de partido y de ahí sacar conclusiones
Sánchez celebra los hitos conseguidos en 2025 con una promesa para el año nuevo: ""Este Gobierno seguirá dejándose la piel"" via @El_Plural https://t.co/Iiu3p3GsUb",0,0,0,16,280,0,1,1,AlfamenBnyk,baseline_dec,política España,0.0,neutral
2006501576496787921,Wed Dec 31 23:03:49 +0000 2025,"@resistrinker @ElWombat3 @GuillermoRocaf1 @sanchezcastejon El título IV de la Ley 17/2015, de 9 de julio, del Sistema Nacional de Protección Civil atribuye la responsabilidad fundamental al Ministerio del Interior, bajo la dirección política y la coordinación superior del Gobierno de España, tontopollas.",0,0,2,35,305,0,4,0,democrataformal,baseline_dec,política España,0.5423,positive
2006495969811353920,Wed Dec 31 22:41:32 +0000 2025,"@JamesSt94802316 @VioletKiramann7 @Maria_EstevezG Meloni llega al poder en Octubre 2022.

200.000 irregulares entran en Italia con las recetas de la ultraderecha.

En España, menos de la mitad con la errática política de Sánchez. Y bajando. https://t.co/cG6VBWWeNn",0,0,1,11,264,0,3,1,Amonicaco,baseline_dec,política España,0.0,neutral
2006495631033143318,Wed Dec 31 22:40:11 +0000 2025,"@InvIngeniero Muy duro ver como han reventado un país que estaba unido. Yo tengo 19 años y siempre lo digo, envidia sana a la generación de mis abuelos y mis padres, sin duda la mejor etapa de España. Cuando personas de izquierdas y derechas podían conversar sobre política sin conflictividad.",0,0,1,11,293,0,1,0,bombamendy,baseline_dec,política España,-0.802,negative
2006494625662644588,Wed Dec 31 22:36:12 +0000 2025,"@Proserpinasb FUE EL MAYOR ACTO DE DIGNIDAD POLÍTICA QUE SE HA VISTO EN ESPAÑA EN DEMASIADO TIEMPO 

TÚ LO LLAMAS ESTRATEGIA PARA INTENTAR DEVALUARLO PORQUE TU TRABAJO DEPENDE/CONSISTE DE/EN MANTENER LA INDIGNIDAD BIPARTIDISTA GLOBALISTA, Y ESO TE ALEJA DE LA GRANDEZA, LUPE",0,0,0,17,274,0,1,0,meloinvento044,baseline_dec,política España,0.4824,positive
2006492093670396116,Wed Dec 31 22:26:08 +0000 2025,"@CarmenSanVid Pues hace unos pocos meses en España se ha fundado @y_trabajo83799 , una nueva fuerza politica de izquierdas, republicana y no-woke. Esta en linea del BSW de Sahra Wagenknecht.",1,0,0,2,190,0,2,0,Info_izqesp,baseline_dec,política España,0.34,positive
2006492051962016104,Wed Dec 31 22:25:58 +0000 2025,"El acceso a la vivienda, la primera preocupación para los jóvenes: inquieta al 64% frente al 38% de la media nacional https://t.co/6lt0AIpXii",3,2,0,3413,141,0,0,1,elespanolcom,baseline_dec,política España,0.0,neutral
2006490428506517544,Wed Dec 31 22:19:31 +0000 2025,"Os deseo a todos un feliz 2026 y que sea un año menos para la conquista de la Libertad Política Colectiva que desintegre el régimen del 78.
La nación siempre por encima del estado.
Salud y República Constitucional.
VIVA ESPAÑA https://t.co/olGQACTI2C",83,11,12,2500,250,0,0,1,FLicoretas,baseline_dec,política España,0.0,neutral
2006487392111440028,Wed Dec 31 22:07:27 +0000 2025,@joacoomontiell @nicotinomano_ Pues que según tu ideología política estarías más contento al besar a una chica rica (significado de pija en españa) o una polla,19,0,0,869,159,0,2,0,Prollan06,baseline_dec,política España,0.0,neutral
2006486690052059529,Wed Dec 31 22:04:40 +0000 2025,"Sánchez celebra los hitos conseguidos en 2025 con una promesa para el año nuevo: ""Este Gobierno seguirá dejándose la piel"" via @El_Plural https://t.co/SxaL5jEohz",0,0,0,80,161,0,1,1,caval100,baseline_dec,política España,0.0,neutral
2006485755817070877,Wed Dec 31 22:00:57 +0000 2025,"#MotaRtve pues si,esa es la clase politica de espan̈a,tal cual.Lastima no acaben como en la serie",2,0,0,353,97,1,0,0,Julidiamon,baseline_dec,política España,-0.296,negative
2006484261575209387,Wed Dec 31 21:55:01 +0000 2025,"@TaniaH123456 @wcontrerash @Criticolombia2 se da cuenta, usted se informa a través de los mismos canales que luego les toca salir a retractarse, opinar desde afuera es tan poco coherente como creerse experta en política o economía cuando no es empresaria, porque usted es EMPLEADA en España y si vive fuera es porque aquí👇🏼",0,0,1,8,323,0,3,0,DeFrenteAmplia,baseline_dec,política España,-0.296,negative
2006514377651007840,Wed Dec 31 23:54:41 +0000 2025,Lo'El Hermanísimo': La ópera prima de La Radioteca https://t.co/FR2uQhsQn4 vía @libertaddigital,0,0,0,7,95,0,1,1,RomanoFerr44143,baseline_dec,política España,0.0,neutral
2006513617567625469,Wed Dec 31 23:51:40 +0000 2025,Ayuso reivindica a Madrid como una región «sin sectarismo» que pone freno «a los totalitarios» https://t.co/7hNgX3ylnf vía @TheObjective_es,0,0,0,20,139,0,1,1,Ant14898955Jose,baseline_dec,política España,0.0,neutral
2006512720049483982,Wed Dec 31 23:48:06 +0000 2025,"📍📍📍ACCIONES CONTUNDENTES PARA TRIBUNALES INQUISIDORES QUE DAN SOPORTE A LOS ATAQUES DE LAS ULTRADERECHAS.

La Fiscalía solicita la anulación de la condena a García Ortiz por pasar por alto las pruebas que le exculpaban.

@El_Plural https://t.co/y3OVgq2cNj",0,0,0,31,255,0,1,1,MeseguerOlmo,baseline_dec,política España,0.0,neutral
2006510368450084934,Wed Dec 31 23:38:45 +0000 2025,"@DolorsMM @NunezFeijoo @ppopular Dolors de cabeza jaja recuerdo cuando has intentado tumbar beneficios para España y te salió el tiro por la culata. La política que no aporta sobra, deja paso, deja de ser un lastre y de aburrirte en tuiter",12,1,0,180,239,0,3,0,madp80,baseline_dec,política España,-0.296,negative
2006508515624628266,Wed Dec 31 23:31:23 +0000 2025,https://t.co/Fc5pYr0U4n,0,0,1,,23,0,0,1,Joseamarolator1,baseline_dec,política España,0.0,neutral
2006505989164675378,Wed Dec 31 23:21:21 +0000 2025,@josevico4 En España sois profundamente gilipollas cuando habláis de los orígenes del hip hop y su relación con la izquierda política tal y como la conocemos aquí.,1,1,0,235,163,0,1,0,XoquinsRevival,baseline_dec,política España,0.0,neutral
2006505144373096834,Wed Dec 31 23:18:00 +0000 2025,"Lo mismo están haciendo los globalistas distopicos del bipartidismo de la UE y España y gobiernos con la #EstafaClimatica, la ideología d género y el remplazo cultural y de votos a través d la política d fronteras abiertas e invasión masiva de ilegales",0,0,0,3,252,1,0,0,merlufer,baseline_dec,política España,0.0,neutral
2006503802514583704,Wed Dec 31 23:12:40 +0000 2025,"Sólo pido a la gente inteligente que escuche las declaraciones de todos cabezas de partido y de ahí sacar conclusiones
Sánchez celebra los hitos conseguidos en 2025 con una promesa para el año nuevo: ""Este Gobierno seguirá dejándose la piel"" via @El_Plural https://t.co/Iiu3p3GsUb",0,0,0,16,280,0,1,1,AlfamenBnyk,baseline_dec,política España,0.0,neutral
2006501576496787921,Wed Dec 31 23:03:49 +0000 2025,"@resistrinker @ElWombat3 @GuillermoRocaf1 @sanchezcastejon El título IV de la Ley 17/2015, de 9 de julio, del Sistema Nacional de Protección Civil atribuye la responsabilidad fundamental al Ministerio del Interior, bajo la dirección política y la coordinación superior del Gobierno de España, tontopollas.",0,0,2,35,305,0,4,0,democrataformal,baseline_dec,política España,0.5423,positive
2006495969811353920,Wed Dec 31 22:41:32 +0000 2025,"@JamesSt94802316 @VioletKiramann7 @Maria_EstevezG Meloni llega al poder en Octubre 2022.

200.000 irregulares entran en Italia con las recetas de la ultraderecha.

En España, menos de la mitad con la errática política de Sánchez. Y bajando. https://t.co/cG6VBWWeNn",0,0,1,11,264,0,3,1,Amonicaco,baseline_dec,política España,0.0,neutral
2006495631033143318,Wed Dec 31 22:40:11 +0000 2025,"@InvIngeniero Muy duro ver como han reventado un país que estaba unido. Yo tengo 19 años y siempre lo digo, envidia sana a la generación de mis abuelos y mis padres, sin duda la mejor etapa de España. Cuando personas de izquierdas y derechas podían conversar sobre política sin conflictividad.",0,0,1,11,293,0,1,0,bombamendy,baseline_dec,política España,-0.802,negative
2006494625662644588,Wed Dec 31 22:36:12 +0000 2025,"@Proserpinasb FUE EL MAYOR ACTO DE DIGNIDAD POLÍTICA QUE SE HA VISTO EN ESPAÑA EN DEMASIADO TIEMPO 

TÚ LO LLAMAS ESTRATEGIA PARA INTENTAR DEVALUARLO PORQUE TU TRABAJO DEPENDE/CONSISTE DE/EN MANTENER LA INDIGNIDAD BIPARTIDISTA GLOBALISTA, Y ESO TE ALEJA DE LA GRANDEZA, LUPE",0,0,0,17,274,0,1,0,meloinvento044,baseline_dec,política España,0.4824,positive
2006492093670396116,Wed Dec 31 22:26:08 +0000 2025,"@CarmenSanVid Pues hace unos pocos meses en España se ha fundado @y_trabajo83799 , una nueva fuerza politica de izquierdas, republicana y no-woke. Esta en linea del BSW de Sahra Wagenknecht.",1,0,0,2,190,0,2,0,Info_izqesp,baseline_dec,política España,0.34,positive
2006492051962016104,Wed Dec 31 22:25:58 +0000 2025,"El acceso a la vivienda, la primera preocupación para los jóvenes: inquieta al 64% frente al 38% de la media nacional https://t.co/6lt0AIpXii",3,2,0,3413,141,0,0,1,elespanolcom,baseline_dec,política España,0.0,neutral
2006490428506517544,Wed Dec 31 22:19:31 +0000 2025,"Os deseo a todos un feliz 2026 y que sea un año menos para la conquista de la Libertad Política Colectiva que desintegre el régimen del 78.
La nación siempre por encima del estado.
Salud y República Constitucional.
VIVA ESPAÑA https://t.co/olGQACTI2C",83,11,12,2500,250,0,0,1,FLicoretas,baseline_dec,política España,0.0,neutral
2006487392111440028,Wed Dec 31 22:07:27 +0000 2025,@joacoomontiell @nicotinomano_ Pues que según tu ideología política estarías más contento al besar a una chica rica (significado de pija en españa) o una polla,19,0,0,869,159,0,2,0,Prollan06,baseline_dec,política España,0.0,neutral
2006486690052059529,Wed Dec 31 22:04:40 +0000 2025,"Sánchez celebra los hitos conseguidos en 2025 con una promesa para el año nuevo: ""Este Gobierno seguirá dejándose la piel"" via @El_Plural https://t.co/SxaL5jEohz",0,0,0,80,161,0,1,1,caval100,baseline_dec,política España,0.0,neutral
2006485755817070877,Wed Dec 31 22:00:57 +0000 2025,"#MotaRtve pues si,esa es la clase politica de espan̈a,tal cual.Lastima no acaben como en la serie",2,0,0,353,97,1,0,0,Julidiamon,baseline_dec,política España,-0.296,negative
2006484261575209387,Wed Dec 31 21:55:01 +0000 2025,"@TaniaH123456 @wcontrerash @Criticolombia2 se da cuenta, usted se informa a través de los mismos canales que luego les toca salir a retractarse, opinar desde afuera es tan poco coherente como creerse experta en política o economía cuando no es empresaria, porque usted es EMPLEADA en España y si vive fuera es porque aquí👇🏼",0,0,1,8,323,0,3,0,DeFrenteAmplia,baseline_dec,política España,-0.296,negative
2006515618326237339,Wed Dec 31 23:59:37 +0000 2025,El Gobierno de España eleva el caudal ecológico del Tajo el 1 de enero y da otra puntilla al trasvase  https://t.co/XpeiRP7K1F a través de @diariolaopinion,0,1,1,30,155,0,1,1,MelonT_Pacheco,baseline_dec,gobierno España,0.0,neutral
2006514373268000876,Wed Dec 31 23:54:40 +0000 2025,"El jefe del partido de la derecha española prevaricó durante la crisis de las DANA para provocar el mal mayor y así, cargarle la culpa al presidente del gobierno: Murieron 229 personas... España te parte el corazón...",7,0,0,1121,217,0,0,0,latinapaterson,baseline_dec,gobierno España,-0.6249,negative
2006513577323327821,Wed Dec 31 23:51:30 +0000 2025,"@Anonymous_TA España no hay gobierno que defienda a sus habitantes, Sánchez ha Sido y es la peor escoria",0,0,0,15,104,0,1,0,gordoguaro,baseline_dec,gobierno España,0.0516,positive
2006512754279006213,Wed Dec 31 23:48:14 +0000 2025,"@Incorru47125032 Lo que importa es que desde el inicio empiecen con la auditoría a este gobierno de ladrones para que sean procesados todos los responsables desde el Merluzo hacia abajo. 
Incluyendo a los sobrinos  del weco de Giorgio que está en España.",1,0,0,22,254,0,1,0,jalbertorosas0,baseline_dec,gobierno España,0.0,neutral
2006512393837326446,Wed Dec 31 23:46:48 +0000 2025,"El Gobierno de La Rioja compra un convento de monjas por 2 millones para alojar a 17 menas de Canarias: https://t.co/StdUCMXjDs
Mientras cuentos o miles de jóvenes riojanos no pueden pagarse su alquiler de la casa 
Le llaman progresia",0,0,0,22,234,0,0,1,chisssSilencio,baseline_dec,gobierno España,-0.296,negative
2006512299004326268,Wed Dec 31 23:46:25 +0000 2025,@Capitana_espana Igual que en esta. No hay opción de elegir. Lo que no elegiría seria un facha  para presidente de gobierno.,0,0,0,20,124,0,1,0,valdecritical,baseline_dec,gobierno España,-0.5267,negative
2006510512427896902,Wed Dec 31 23:39:19 +0000 2025,@AlfonsoDM01 @society_allatra @JoseMotatv Ah si? Más al gobierno de España que a la abandona ancianos de madrid? Mas que a los asesinos de la Dana de Valencia? Que poquita vergüenza tenéis,0,0,0,42,188,0,3,0,sandradespacho,baseline_dec,gobierno España,0.0,neutral
2006509831977386421,Wed Dec 31 23:36:37 +0000 2025,"@TronchaMuros @Subero78 @sanchezcastejon Pedro Sánchez asumió como presidente del Gobierno de España el 2 de junio de 2018, tras la moción de censura a Mariano Rajoy. Hasta el 31 de diciembre de 2025, han transcurrido 2769 días. Su gobierno ha recibido apoyo de varios partidos, incluyendo EH Bildu y Junts en",0,0,0,74,309,0,3,0,grok,baseline_dec,gobierno España,0.34,positive
2006508680523784239,Wed Dec 31 23:32:03 +0000 2025,"@vdgolpe11 3) y la tendencia cambió en 2013 no por Rajoy, que tanto desde la oposición como desde el Gobierno siguió las directrices austericidas de Merkel sin rechistar a pesar de que iban en contra de los intereses de España.",5,0,2,355,227,0,1,0,VelascoIsla,baseline_dec,gobierno España,-0.7003,negative
2006508200087138457,Wed Dec 31 23:30:08 +0000 2025,"@jusapoleuskadi Si en la UE no la imponen , por que en España si  alguien se va a forrar como pasó con las mascarillas , el gobierno no estará muy lejos de esto .",0,0,0,1,162,0,1,0,LauraPe99101525,baseline_dec,gobierno España,-0.5267,negative
2006507192313327634,Wed Dec 31 23:26:08 +0000 2025,"@AlvarinoSi48760 @SIntxaurrondo El gobierno de España, periodistas patrióticas. Prefieres periodistas golpistas, antidemócratas?",0,0,0,17,128,0,2,0,PedroRodri26586,baseline_dec,gobierno España,0.0,neutral
2006506419080802495,Wed Dec 31 23:23:04 +0000 2025,🇪🇸♥️¡Feliz 2026 Españoles! Que el nuevo año sea el fin del gobierno corrupto y felón que está destruyendo España y recuperemos el presente y futuro de nuestra gran Nación. https://t.co/VcgQam1Qd9,3,2,0,27,195,0,0,1,ResisteFerraz,baseline_dec,gobierno España,0.6696,positive
2006505369166819515,Wed Dec 31 23:18:53 +0000 2025,@MartinDandach En España un día entero sin luz con un puto gobierno comunista,0,0,0,21,77,0,1,0,paledero53,baseline_dec,gobierno España,-0.5574,negative
2006503802514583704,Wed Dec 31 23:12:40 +0000 2025,"Sólo pido a la gente inteligente que escuche las declaraciones de todos cabezas de partido y de ahí sacar conclusiones
Sánchez celebra los hitos conseguidos en 2025 con una promesa para el año nuevo: ""Este Gobierno seguirá dejándose la piel"" via @El_Plural https://t.co/Iiu3p3GsUb",0,0,0,16,280,0,1,1,AlfamenBnyk,baseline_dec,gobierno España,0.0,neutral
2006501576496787921,Wed Dec 31 23:03:49 +0000 2025,"@resistrinker @ElWombat3 @GuillermoRocaf1 @sanchezcastejon El título IV de la Ley 17/2015, de 9 de julio, del Sistema Nacional de Protección Civil atribuye la responsabilidad fundamental al Ministerio del Interior, bajo la dirección política y la coordinación superior del Gobierno de España, tontopollas.",0,0,2,35,305,0,4,0,democrataformal,baseline_dec,gobierno España,0.5423,positive
2006499404686262351,Wed Dec 31 22:55:11 +0000 2025,"Para aprender español : 
Sánchez repasa mes a mes los logros del Gobierno de España en 2025. https://t.co/PMMeZAB8z7",1,0,0,78,116,0,0,1,lasaudi2,baseline_dec,gobierno España,0.0,neutral
2006499327913636163,Wed Dec 31 22:54:53 +0000 2025,"España termina el 2025 con el gobierno más gilipollas de toda su historia. 
Que el 2026 sea el año que entren todos en prisión. Arriba España!!!!",5,3,0,192,145,0,0,0,Ludongbing3,baseline_dec,gobierno España,0.0,neutral
2006499294162071875,Wed Dec 31 22:54:45 +0000 2025,"@IzaskunGoroliak Si un portero de puticlub llevaba el gobierno de España, q malo nos puede pasar con los mierdas de podemos",0,0,0,8,123,0,1,0,jcersa1,baseline_dec,gobierno España,0.0,neutral
2006499117065974211,Wed Dec 31 22:54:03 +0000 2025,"Y viaja a la España del cerdo @sanchezcastejon para visitar a su hijo @bergerhertz , “agregado cultural” en ese gobierno comunista delirante 

Y todos los gastos pagados por los contribuyentes chilenos

Comunistas ladrones y sinvergüenzas 

La diputada metralleta…@carmen_hertz https://t.co/G9wj8JxLhF",0,0,0,36,301,0,3,1,opinion_liberal,baseline_dec,gobierno España,0.0,neutral
2006499032420724940,Wed Dec 31 22:53:42 +0000 2025,"@rdiegoagustin @tabordacrist Sin ánimo de ofender. Es un poco inocente ese pensamiento. En España más allá de la intencionalidad del gobierno, seguramente hubo gente que lo pensaba de esa manera.",0,0,1,20,195,0,2,0,obionecryptobi,baseline_dec,gobierno España,-0.5574,negative
2006515618326237339,Wed Dec 31 23:59:37 +0000 2025,El Gobierno de España eleva el caudal ecológico del Tajo el 1 de enero y da otra puntilla al trasvase  https://t.co/XpeiRP7K1F a través de @diariolaopinion,0,1,1,30,155,0,1,1,MelonT_Pacheco,baseline_dec,gobierno España,0.0,neutral
2006514373268000876,Wed Dec 31 23:54:40 +0000 2025,"El jefe del partido de la derecha española prevaricó durante la crisis de las DANA para provocar el mal mayor y así, cargarle la culpa al presidente del gobierno: Murieron 229 personas... España te parte el corazón...",7,0,0,1121,217,0,0,0,latinapaterson,baseline_dec,gobierno España,-0.6249,negative
2006513577323327821,Wed Dec 31 23:51:30 +0000 2025,"@Anonymous_TA España no hay gobierno que defienda a sus habitantes, Sánchez ha Sido y es la peor escoria",0,0,0,15,104,0,1,0,gordoguaro,baseline_dec,gobierno España,0.0516,positive
2006512754279006213,Wed Dec 31 23:48:14 +0000 2025,"@Incorru47125032 Lo que importa es que desde el inicio empiecen con la auditoría a este gobierno de ladrones para que sean procesados todos los responsables desde el Merluzo hacia abajo. 
Incluyendo a los sobrinos  del weco de Giorgio que está en España.",1,0,0,22,254,0,1,0,jalbertorosas0,baseline_dec,gobierno España,0.0,neutral
2006512393837326446,Wed Dec 31 23:46:48 +0000 2025,"El Gobierno de La Rioja compra un convento de monjas por 2 millones para alojar a 17 menas de Canarias: https://t.co/StdUCMXjDs
Mientras cuentos o miles de jóvenes riojanos no pueden pagarse su alquiler de la casa 
Le llaman progresia",0,0,0,22,234,0,0,1,chisssSilencio,baseline_dec,gobierno España,-0.296,negative
2006512299004326268,Wed Dec 31 23:46:25 +0000 2025,@Capitana_espana Igual que en esta. No hay opción de elegir. Lo que no elegiría seria un facha  para presidente de gobierno.,0,0,0,20,124,0,1,0,valdecritical,baseline_dec,gobierno España,-0.5267,negative
2006510512427896902,Wed Dec 31 23:39:19 +0000 2025,@AlfonsoDM01 @society_allatra @JoseMotatv Ah si? Más al gobierno de España que a la abandona ancianos de madrid? Mas que a los asesinos de la Dana de Valencia? Que poquita vergüenza tenéis,0,0,0,42,188,0,3,0,sandradespacho,baseline_dec,gobierno España,0.0,neutral
2006509831977386421,Wed Dec 31 23:36:37 +0000 2025,"@TronchaMuros @Subero78 @sanchezcastejon Pedro Sánchez asumió como presidente del Gobierno de España el 2 de junio de 2018, tras la moción de censura a Mariano Rajoy. Hasta el 31 de diciembre de 2025, han transcurrido 2769 días. Su gobierno ha recibido apoyo de varios partidos, incluyendo EH Bildu y Junts en",0,0,0,74,309,0,3,0,grok,baseline_dec,gobierno España,0.34,positive
2006508680523784239,Wed Dec 31 23:32:03 +0000 2025,"@vdgolpe11 3) y la tendencia cambió en 2013 no por Rajoy, que tanto desde la oposición como desde el Gobierno siguió las directrices austericidas de Merkel sin rechistar a pesar de que iban en contra de los intereses de España.",5,0,2,355,227,0,1,0,VelascoIsla,baseline_dec,gobierno España,-0.7003,negative
2006508200087138457,Wed Dec 31 23:30:08 +0000 2025,"@jusapoleuskadi Si en la UE no la imponen , por que en España si  alguien se va a forrar como pasó con las mascarillas , el gobierno no estará muy lejos de esto .",0,0,0,1,162,0,1,0,LauraPe99101525,baseline_dec,gobierno España,-0.5267,negative
2006507192313327634,Wed Dec 31 23:26:08 +0000 2025,"@AlvarinoSi48760 @SIntxaurrondo El gobierno de España, periodistas patrióticas. Prefieres periodistas golpistas, antidemócratas?",0,0,0,17,128,0,2,0,PedroRodri26586,baseline_dec,gobierno España,0.0,neutral
2006506419080802495,Wed Dec 31 23:23:04 +0000 2025,🇪🇸♥️¡Feliz 2026 Españoles! Que el nuevo año sea el fin del gobierno corrupto y felón que está destruyendo España y recuperemos el presente y futuro de nuestra gran Nación. https://t.co/VcgQam1Qd9,3,2,0,27,195,0,0,1,ResisteFerraz,baseline_dec,gobierno España,0.6696,positive
2006505369166819515,Wed Dec 31 23:18:53 +0000 2025,@MartinDandach En España un día entero sin luz con un puto gobierno comunista,0,0,0,21,77,0,1,0,paledero53,baseline_dec,gobierno España,-0.5574,negative
2006503802514583704,Wed Dec 31 23:12:40 +0000 2025,"Sólo pido a la gente inteligente que escuche las declaraciones de todos cabezas de partido y de ahí sacar conclusiones
Sánchez celebra los hitos conseguidos en 2025 con una promesa para el año nuevo: ""Este Gobierno seguirá dejándose la piel"" via @El_Plural https://t.co/Iiu3p3GsUb",0,0,0,16,280,0,1,1,AlfamenBnyk,baseline_dec,gobierno España,0.0,neutral
2006501576496787921,Wed Dec 31 23:03:49 +0000 2025,"@resistrinker @ElWombat3 @GuillermoRocaf1 @sanchezcastejon El título IV de la Ley 17/2015, de 9 de julio, del Sistema Nacional de Protección Civil atribuye la responsabilidad fundamental al Ministerio del Interior, bajo la dirección política y la coordinación superior del Gobierno de España, tontopollas.",0,0,2,35,305,0,4,0,democrataformal,baseline_dec,gobierno España,0.5423,positive
2006499404686262351,Wed Dec 31 22:55:11 +0000 2025,"Para aprender español : 
Sánchez repasa mes a mes los logros del Gobierno de España en 2025. https://t.co/PMMeZAB8z7",1,0,0,78,116,0,0,1,lasaudi2,baseline_dec,gobierno España,0.0,neutral
2006499327913636163,Wed Dec 31 22:54:53 +0000 2025,"España termina el 2025 con el gobierno más gilipollas de toda su historia. 
Que el 2026 sea el año que entren todos en prisión. Arriba España!!!!",5,3,0,192,145,0,0,0,Ludongbing3,baseline_dec,gobierno España,0.0,neutral
2006499294162071875,Wed Dec 31 22:54:45 +0000 2025,"@IzaskunGoroliak Si un portero de puticlub llevaba el gobierno de España, q malo nos puede pasar con los mierdas de podemos",0,0,0,8,123,0,1,0,jcersa1,baseline_dec,gobierno España,0.0,neutral
2006499117065974211,Wed Dec 31 22:54:03 +0000 2025,"Y viaja a la España del cerdo @sanchezcastejon para visitar a su hijo @bergerhertz , “agregado cultural” en ese gobierno comunista delirante 

Y todos los gastos pagados por los contribuyentes chilenos

Comunistas ladrones y sinvergüenzas 

La diputada metralleta…@carmen_hertz https://t.co/G9wj8JxLhF",0,0,0,36,301,0,3,1,opinion_liberal,baseline_dec,gobierno España,0.0,neutral
2006499032420724940,Wed Dec 31 22:53:42 +0000 2025,"@rdiegoagustin @tabordacrist Sin ánimo de ofender. Es un poco inocente ese pensamiento. En España más allá de la intencionalidad del gobierno, seguramente hubo gente que lo pensaba de esa manera.",0,0,1,20,195,0,2,0,obionecryptobi,baseline_dec,gobierno España,-0.5574,negative
2006515618326237339,Wed Dec 31 23:59:37 +0000 2025,El Gobierno de España eleva el caudal ecológico del Tajo el 1 de enero y da otra puntilla al trasvase  https://t.co/XpeiRP7K1F a través de @diariolaopinion,0,1,1,30,155,0,1,1,MelonT_Pacheco,baseline_dec,gobierno España,0.0,neutral
2006514373268000876,Wed Dec 31 23:54:40 +0000 2025,"El jefe del partido de la derecha española prevaricó durante la crisis de las DANA para provocar el mal mayor y así, cargarle la culpa al presidente del gobierno: Murieron 229 personas... España te parte el corazón...",7,0,0,1121,217,0,0,0,latinapaterson,baseline_dec,gobierno España,-0.6249,negative
2006513577323327821,Wed Dec 31 23:51:30 +0000 2025,"@Anonymous_TA España no hay gobierno que defienda a sus habitantes, Sánchez ha Sido y es la peor escoria",0,0,0,15,104,0,1,0,gordoguaro,baseline_dec,gobierno España,0.0516,positive
2006512754279006213,Wed Dec 31 23:48:14 +0000 2025,"@Incorru47125032 Lo que importa es que desde el inicio empiecen con la auditoría a este gobierno de ladrones para que sean procesados todos los responsables desde el Merluzo hacia abajo. 
Incluyendo a los sobrinos  del weco de Giorgio que está en España.",1,0,0,22,254,0,1,0,jalbertorosas0,baseline_dec,gobierno España,0.0,neutral
2006512393837326446,Wed Dec 31 23:46:48 +0000 2025,"El Gobierno de La Rioja compra un convento de monjas por 2 millones para alojar a 17 menas de Canarias: https://t.co/StdUCMXjDs
Mientras cuentos o miles de jóvenes riojanos no pueden pagarse su alquiler de la casa 
Le llaman progresia",0,0,0,22,234,0,0,1,chisssSilencio,baseline_dec,gobierno España,-0.296,negative
2006512299004326268,Wed Dec 31 23:46:25 +0000 2025,@Capitana_espana Igual que en esta. No hay opción de elegir. Lo que no elegiría seria un facha  para presidente de gobierno.,0,0,0,20,124,0,1,0,valdecritical,baseline_dec,gobierno España,-0.5267,negative
2006510512427896902,Wed Dec 31 23:39:19 +0000 2025,@AlfonsoDM01 @society_allatra @JoseMotatv Ah si? Más al gobierno de España que a la abandona ancianos de madrid? Mas que a los asesinos de la Dana de Valencia? Que poquita vergüenza tenéis,0,0,0,42,188,0,3,0,sandradespacho,baseline_dec,gobierno España,0.0,neutral
2006509831977386421,Wed Dec 31 23:36:37 +0000 2025,"@TronchaMuros @Subero78 @sanchezcastejon Pedro Sánchez asumió como presidente del Gobierno de España el 2 de junio de 2018, tras la moción de censura a Mariano Rajoy. Hasta el 31 de diciembre de 2025, han transcurrido 2769 días. Su gobierno ha recibido apoyo de varios partidos, incluyendo EH Bildu y Junts en",0,0,0,74,309,0,3,0,grok,baseline_dec,gobierno España,0.34,positive
2006508680523784239,Wed Dec 31 23:32:03 +0000 2025,"@vdgolpe11 3) y la tendencia cambió en 2013 no por Rajoy, que tanto desde la oposición como desde el Gobierno siguió las directrices austericidas de Merkel sin rechistar a pesar de que iban en contra de los intereses de España.",5,0,2,355,227,0,1,0,VelascoIsla,baseline_dec,gobierno España,-0.7003,negative
2006508200087138457,Wed Dec 31 23:30:08 +0000 2025,"@jusapoleuskadi Si en la UE no la imponen , por que en España si  alguien se va a forrar como pasó con las mascarillas , el gobierno no estará muy lejos de esto .",0,0,0,1,162,0,1,0,LauraPe99101525,baseline_dec,gobierno España,-0.5267,negative
2006507192313327634,Wed Dec 31 23:26:08 +0000 2025,"@AlvarinoSi48760 @SIntxaurrondo El gobierno de España, periodistas patrióticas. Prefieres periodistas golpistas, antidemócratas?",0,0,0,17,128,0,2,0,PedroRodri26586,baseline_dec,gobierno España,0.0,neutral
2006506419080802495,Wed Dec 31 23:23:04 +0000 2025,🇪🇸♥️¡Feliz 2026 Españoles! Que el nuevo año sea el fin del gobierno corrupto y felón que está destruyendo España y recuperemos el presente y futuro de nuestra gran Nación. https://t.co/VcgQam1Qd9,3,2,0,27,195,0,0,1,ResisteFerraz,baseline_dec,gobierno España,0.6696,positive
2006505369166819515,Wed Dec 31 23:18:53 +0000 2025,@MartinDandach En España un día entero sin luz con un puto gobierno comunista,0,0,0,21,77,0,1,0,paledero53,baseline_dec,gobierno España,-0.5574,negative
2006503802514583704,Wed Dec 31 23:12:40 +0000 2025,"Sólo pido a la gente inteligente que escuche las declaraciones de todos cabezas de partido y de ahí sacar conclusiones
Sánchez celebra los hitos conseguidos en 2025 con una promesa para el año nuevo: ""Este Gobierno seguirá dejándose la piel"" via @El_Plural https://t.co/Iiu3p3GsUb",0,0,0,16,280,0,1,1,AlfamenBnyk,baseline_dec,gobierno España,0.0,neutral
2006501576496787921,Wed Dec 31 23:03:49 +0000 2025,"@resistrinker @ElWombat3 @GuillermoRocaf1 @sanchezcastejon El título IV de la Ley 17/2015, de 9 de julio, del Sistema Nacional de Protección Civil atribuye la responsabilidad fundamental al Ministerio del Interior, bajo la dirección política y la coordinación superior del Gobierno de España, tontopollas.",0,0,2,35,305,0,4,0,democrataformal,baseline_dec,gobierno España,0.5423,positive
2006499404686262351,Wed Dec 31 22:55:11 +0000 2025,"Para aprender español : 
Sánchez repasa mes a mes los logros del Gobierno de España en 2025. https://t.co/PMMeZAB8z7",1,0,0,78,116,0,0,1,lasaudi2,baseline_dec,gobierno España,0.0,neutral
2006499327913636163,Wed Dec 31 22:54:53 +0000 2025,"España termina el 2025 con el gobierno más gilipollas de toda su historia. 
Que el 2026 sea el año que entren todos en prisión. Arriba España!!!!",5,3,0,192,145,0,0,0,Ludongbing3,baseline_dec,gobierno España,0.0,neutral
2006499294162071875,Wed Dec 31 22:54:45 +0000 2025,"@IzaskunGoroliak Si un portero de puticlub llevaba el gobierno de España, q malo nos puede pasar con los mierdas de podemos",0,0,0,8,123,0,1,0,jcersa1,baseline_dec,gobierno España,0.0,neutral
2006499117065974211,Wed Dec 31 22:54:03 +0000 2025,"Y viaja a la España del cerdo @sanchezcastejon para visitar a su hijo @bergerhertz , “agregado cultural” en ese gobierno comunista delirante 

Y todos los gastos pagados por los contribuyentes chilenos

Comunistas ladrones y sinvergüenzas 

La diputada metralleta…@carmen_hertz https://t.co/G9wj8JxLhF",0,0,0,36,301,0,3,1,opinion_liberal,baseline_dec,gobierno España,0.0,neutral
2006499032420724940,Wed Dec 31 22:53:42 +0000 2025,"@rdiegoagustin @tabordacrist Sin ánimo de ofender. Es un poco inocente ese pensamiento. En España más allá de la intencionalidad del gobierno, seguramente hubo gente que lo pensaba de esa manera.",0,0,1,20,195,0,2,0,obionecryptobi,baseline_dec,gobierno España,-0.5574,negative
2006515618326237339,Wed Dec 31 23:59:37 +0000 2025,El Gobierno de España eleva el caudal ecológico del Tajo el 1 de enero y da otra puntilla al trasvase  https://t.co/XpeiRP7K1F a través de @diariolaopinion,0,1,1,30,155,0,1,1,MelonT_Pacheco,baseline_dec,gobierno España,0.0,neutral
2006514373268000876,Wed Dec 31 23:54:40 +0000 2025,"El jefe del partido de la derecha española prevaricó durante la crisis de las DANA para provocar el mal mayor y así, cargarle la culpa al presidente del gobierno: Murieron 229 personas... España te parte el corazón...",7,0,0,1121,217,0,0,0,latinapaterson,baseline_dec,gobierno España,-0.6249,negative
2006513577323327821,Wed Dec 31 23:51:30 +0000 2025,"@Anonymous_TA España no hay gobierno que defienda a sus habitantes, Sánchez ha Sido y es la peor escoria",0,0,0,15,104,0,1,0,gordoguaro,baseline_dec,gobierno España,0.0516,positive
2006512754279006213,Wed Dec 31 23:48:14 +0000 2025,"@Incorru47125032 Lo que importa es que desde el inicio empiecen con la auditoría a este gobierno de ladrones para que sean procesados todos los responsables desde el Merluzo hacia abajo. 
Incluyendo a los sobrinos  del weco de Giorgio que está en España.",1,0,0,22,254,0,1,0,jalbertorosas0,baseline_dec,gobierno España,0.0,neutral
2006512393837326446,Wed Dec 31 23:46:48 +0000 2025,"El Gobierno de La Rioja compra un convento de monjas por 2 millones para alojar a 17 menas de Canarias: https://t.co/StdUCMXjDs
Mientras cuentos o miles de jóvenes riojanos no pueden pagarse su alquiler de la casa 
Le llaman progresia",0,0,0,22,234,0,0,1,chisssSilencio,baseline_dec,gobierno España,-0.296,negative
2006512299004326268,Wed Dec 31 23:46:25 +0000 2025,@Capitana_espana Igual que en esta. No hay opción de elegir. Lo que no elegiría seria un facha  para presidente de gobierno.,0,0,0,20,124,0,1,0,valdecritical,baseline_dec,gobierno España,-0.5267,negative
2006510512427896902,Wed Dec 31 23:39:19 +0000 2025,@AlfonsoDM01 @society_allatra @JoseMotatv Ah si? Más al gobierno de España que a la abandona ancianos de madrid? Mas que a los asesinos de la Dana de Valencia? Que poquita vergüenza tenéis,0,0,0,42,188,0,3,0,sandradespacho,baseline_dec,gobierno España,0.0,neutral
2006509831977386421,Wed Dec 31 23:36:37 +0000 2025,"@TronchaMuros @Subero78 @sanchezcastejon Pedro Sánchez asumió como presidente del Gobierno de España el 2 de junio de 2018, tras la moción de censura a Mariano Rajoy. Hasta el 31 de diciembre de 2025, han transcurrido 2769 días. Su gobierno ha recibido apoyo de varios partidos, incluyendo EH Bildu y Junts en",0,0,0,74,309,0,3,0,grok,baseline_dec,gobierno España,0.34,positive
2006508680523784239,Wed Dec 31 23:32:03 +0000 2025,"@vdgolpe11 3) y la tendencia cambió en 2013 no por Rajoy, que tanto desde la oposición como desde el Gobierno siguió las directrices austericidas de Merkel sin rechistar a pesar de que iban en contra de los intereses de España.",5,0,2,355,227,0,1,0,VelascoIsla,baseline_dec,gobierno España,-0.7003,negative
2006508200087138457,Wed Dec 31 23:30:08 +0000 2025,"@jusapoleuskadi Si en la UE no la imponen , por que en España si  alguien se va a forrar como pasó con las mascarillas , el gobierno no estará muy lejos de esto .",0,0,0,1,162,0,1,0,LauraPe99101525,baseline_dec,gobierno España,-0.5267,negative
2006507192313327634,Wed Dec 31 23:26:08 +0000 2025,"@AlvarinoSi48760 @SIntxaurrondo El gobierno de España, periodistas patrióticas. Prefieres periodistas golpistas, antidemócratas?",0,0,0,17,128,0,2,0,PedroRodri26586,baseline_dec,gobierno España,0.0,neutral
2006506419080802495,Wed Dec 31 23:23:04 +0000 2025,🇪🇸♥️¡Feliz 2026 Españoles! Que el nuevo año sea el fin del gobierno corrupto y felón que está destruyendo España y recuperemos el presente y futuro de nuestra gran Nación. https://t.co/VcgQam1Qd9,3,2,0,27,195,0,0,1,ResisteFerraz,baseline_dec,gobierno España,0.6696,positive
2006505369166819515,Wed Dec 31 23:18:53 +0000 2025,@MartinDandach En España un día entero sin luz con un puto gobierno comunista,0,0,0,21,77,0,1,0,paledero53,baseline_dec,gobierno España,-0.5574,negative
2006503802514583704,Wed Dec 31 23:12:40 +0000 2025,"Sólo pido a la gente inteligente que escuche las declaraciones de todos cabezas de partido y de ahí sacar conclusiones
Sánchez celebra los hitos conseguidos en 2025 con una promesa para el año nuevo: ""Este Gobierno seguirá dejándose la piel"" via @El_Plural https://t.co/Iiu3p3GsUb",0,0,0,16,280,0,1,1,AlfamenBnyk,baseline_dec,gobierno España,0.0,neutral
2006501576496787921,Wed Dec 31 23:03:49 +0000 2025,"@resistrinker @ElWombat3 @GuillermoRocaf1 @sanchezcastejon El título IV de la Ley 17/2015, de 9 de julio, del Sistema Nacional de Protección Civil atribuye la responsabilidad fundamental al Ministerio del Interior, bajo la dirección política y la coordinación superior del Gobierno de España, tontopollas.",0,0,2,35,305,0,4,0,democrataformal,baseline_dec,gobierno España,0.5423,positive
2006499404686262351,Wed Dec 31 22:55:11 +0000 2025,"Para aprender español : 
Sánchez repasa mes a mes los logros del Gobierno de España en 2025. https://t.co/PMMeZAB8z7",1,0,0,78,116,0,0,1,lasaudi2,baseline_dec,gobierno España,0.0,neutral
2006499327913636163,Wed Dec 31 22:54:53 +0000 2025,"España termina el 2025 con el gobierno más gilipollas de toda su historia. 
Que el 2026 sea el año que entren todos en prisión. Arriba España!!!!",5,3,0,192,145,0,0,0,Ludongbing3,baseline_dec,gobierno España,0.0,neutral
2006499294162071875,Wed Dec 31 22:54:45 +0000 2025,"@IzaskunGoroliak Si un portero de puticlub llevaba el gobierno de España, q malo nos puede pasar con los mierdas de podemos",0,0,0,8,123,0,1,0,jcersa1,baseline_dec,gobierno España,0.0,neutral
2006499117065974211,Wed Dec 31 22:54:03 +0000 2025,"Y viaja a la España del cerdo @sanchezcastejon para visitar a su hijo @bergerhertz , “agregado cultural” en ese gobierno comunista delirante 

Y todos los gastos pagados por los contribuyentes chilenos

Comunistas ladrones y sinvergüenzas 

La diputada metralleta…@carmen_hertz https://t.co/G9wj8JxLhF",0,0,0,36,301,0,3,1,opinion_liberal,baseline_dec,gobierno España,0.0,neutral
2006499032420724940,Wed Dec 31 22:53:42 +0000 2025,"@rdiegoagustin @tabordacrist Sin ánimo de ofender. Es un poco inocente ese pensamiento. En España más allá de la intencionalidad del gobierno, seguramente hubo gente que lo pensaba de esa manera.",0,0,1,20,195,0,2,0,obionecryptobi,baseline_dec,gobierno España,-0.5574,negative
2006515618326237339,Wed Dec 31 23:59:37 +0000 2025,El Gobierno de España eleva el caudal ecológico del Tajo el 1 de enero y da otra puntilla al trasvase  https://t.co/XpeiRP7K1F a través de @diariolaopinion,0,1,1,30,155,0,1,1,MelonT_Pacheco,baseline_dec,gobierno España,0.0,neutral
2006514373268000876,Wed Dec 31 23:54:40 +0000 2025,"El jefe del partido de la derecha española prevaricó durante la crisis de las DANA para provocar el mal mayor y así, cargarle la culpa al presidente del gobierno: Murieron 229 personas... España te parte el corazón...",7,0,0,1121,217,0,0,0,latinapaterson,baseline_dec,gobierno España,-0.6249,negative
2006513577323327821,Wed Dec 31 23:51:30 +0000 2025,"@Anonymous_TA España no hay gobierno que defienda a sus habitantes, Sánchez ha Sido y es la peor escoria",0,0,0,15,104,0,1,0,gordoguaro,baseline_dec,gobierno España,0.0516,positive
2006512754279006213,Wed Dec 31 23:48:14 +0000 2025,"@Incorru47125032 Lo que importa es que desde el inicio empiecen con la auditoría a este gobierno de ladrones para que sean procesados todos los responsables desde el Merluzo hacia abajo. 
Incluyendo a los sobrinos  del weco de Giorgio que está en España.",1,0,0,22,254,0,1,0,jalbertorosas0,baseline_dec,gobierno España,0.0,neutral
2006512393837326446,Wed Dec 31 23:46:48 +0000 2025,"El Gobierno de La Rioja compra un convento de monjas por 2 millones para alojar a 17 menas de Canarias: https://t.co/StdUCMXjDs
Mientras cuentos o miles de jóvenes riojanos no pueden pagarse su alquiler de la casa 
Le llaman progresia",0,0,0,22,234,0,0,1,chisssSilencio,baseline_dec,gobierno España,-0.296,negative
2006512299004326268,Wed Dec 31 23:46:25 +0000 2025,@Capitana_espana Igual que en esta. No hay opción de elegir. Lo que no elegiría seria un facha  para presidente de gobierno.,0,0,0,20,124,0,1,0,valdecritical,baseline_dec,gobierno España,-0.5267,negative
2006510512427896902,Wed Dec 31 23:39:19 +0000 2025,@AlfonsoDM01 @society_allatra @JoseMotatv Ah si? Más al gobierno de España que a la abandona ancianos de madrid? Mas que a los asesinos de la Dana de Valencia? Que poquita vergüenza tenéis,0,0,0,42,188,0,3,0,sandradespacho,baseline_dec,gobierno España,0.0,neutral
2006509831977386421,Wed Dec 31 23:36:37 +0000 2025,"@TronchaMuros @Subero78 @sanchezcastejon Pedro Sánchez asumió como presidente del Gobierno de España el 2 de junio de 2018, tras la moción de censura a Mariano Rajoy. Hasta el 31 de diciembre de 2025, han transcurrido 2769 días. Su gobierno ha recibido apoyo de varios partidos, incluyendo EH Bildu y Junts en",0,0,0,74,309,0,3,0,grok,baseline_dec,gobierno España,0.34,positive
2006508680523784239,Wed Dec 31 23:32:03 +0000 2025,"@vdgolpe11 3) y la tendencia cambió en 2013 no por Rajoy, que tanto desde la oposición como desde el Gobierno siguió las directrices austericidas de Merkel sin rechistar a pesar de que iban en contra de los intereses de España.",5,0,2,355,227,0,1,0,VelascoIsla,baseline_dec,gobierno España,-0.7003,negative
2006508200087138457,Wed Dec 31 23:30:08 +0000 2025,"@jusapoleuskadi Si en la UE no la imponen , por que en España si  alguien se va a forrar como pasó con las mascarillas , el gobierno no estará muy lejos de esto .",0,0,0,1,162,0,1,0,LauraPe99101525,baseline_dec,gobierno España,-0.5267,negative
2006507192313327634,Wed Dec 31 23:26:08 +0000 2025,"@AlvarinoSi48760 @SIntxaurrondo El gobierno de España, periodistas patrióticas. Prefieres periodistas golpistas, antidemócratas?",0,0,0,17,128,0,2,0,PedroRodri26586,baseline_dec,gobierno España,0.0,neutral
2006506419080802495,Wed Dec 31 23:23:04 +0000 2025,🇪🇸♥️¡Feliz 2026 Españoles! Que el nuevo año sea el fin del gobierno corrupto y felón que está destruyendo España y recuperemos el presente y futuro de nuestra gran Nación. https://t.co/VcgQam1Qd9,3,2,0,27,195,0,0,1,ResisteFerraz,baseline_dec,gobierno España,0.6696,positive
2006505369166819515,Wed Dec 31 23:18:53 +0000 2025,@MartinDandach En España un día entero sin luz con un puto gobierno comunista,0,0,0,21,77,0,1,0,paledero53,baseline_dec,gobierno España,-0.5574,negative
2006503802514583704,Wed Dec 31 23:12:40 +0000 2025,"Sólo pido a la gente inteligente que escuche las declaraciones de todos cabezas de partido y de ahí sacar conclusiones
Sánchez celebra los hitos conseguidos en 2025 con una promesa para el año nuevo: ""Este Gobierno seguirá dejándose la piel"" via @El_Plural https://t.co/Iiu3p3GsUb",0,0,0,16,280,0,1,1,AlfamenBnyk,baseline_dec,gobierno España,0.0,neutral
2006501576496787921,Wed Dec 31 23:03:49 +0000 2025,"@resistrinker @ElWombat3 @GuillermoRocaf1 @sanchezcastejon El título IV de la Ley 17/2015, de 9 de julio, del Sistema Nacional de Protección Civil atribuye la responsabilidad fundamental al Ministerio del Interior, bajo la dirección política y la coordinación superior del Gobierno de España, tontopollas.",0,0,2,35,305,0,4,0,democrataformal,baseline_dec,gobierno España,0.5423,positive
2006499404686262351,Wed Dec 31 22:55:11 +0000 2025,"Para aprender español : 
Sánchez repasa mes a mes los logros del Gobierno de España en 2025. https://t.co/PMMeZAB8z7",1,0,0,78,116,0,0,1,lasaudi2,baseline_dec,gobierno España,0.0,neutral
2006499327913636163,Wed Dec 31 22:54:53 +0000 2025,"España termina el 2025 con el gobierno más gilipollas de toda su historia. 
Que el 2026 sea el año que entren todos en prisión. Arriba España!!!!",5,3,0,192,145,0,0,0,Ludongbing3,baseline_dec,gobierno España,0.0,neutral
2006499294162071875,Wed Dec 31 22:54:45 +0000 2025,"@IzaskunGoroliak Si un portero de puticlub llevaba el gobierno de España, q malo nos puede pasar con los mierdas de podemos",0,0,0,8,123,0,1,0,jcersa1,baseline_dec,gobierno España,0.0,neutral
2006499117065974211,Wed Dec 31 22:54:03 +0000 2025,"Y viaja a la España del cerdo @sanchezcastejon para visitar a su hijo @bergerhertz , “agregado cultural” en ese gobierno comunista delirante 

Y todos los gastos pagados por los contribuyentes chilenos

Comunistas ladrones y sinvergüenzas 

La diputada metralleta…@carmen_hertz https://t.co/G9wj8JxLhF",0,0,0,36,301,0,3,1,opinion_liberal,baseline_dec,gobierno España,0.0,neutral
2006499032420724940,Wed Dec 31 22:53:42 +0000 2025,"@rdiegoagustin @tabordacrist Sin ánimo de ofender. Es un poco inocente ese pensamiento. En España más allá de la intencionalidad del gobierno, seguramente hubo gente que lo pensaba de esa manera.",0,0,1,20,195,0,2,0,obionecryptobi,baseline_dec,gobierno España,-0.5574,negative
