tweet_id,username,politician,date,text,likes,retweets,replies,views,length,hashtags,mentions,links,sentiment,sentiment_label
1906810892416671956,IdiazAyuso,Isabel Diaz Ayuso,Mon Mar 31 20:48:38 +0000 2025,"Qué visita bonita la de Sonia a la Real Casa de Correos para hablarnos de sus proyectos e ilusiones.

Y junto a ella, sus orgullosos padres, que tanto la quieren y arropan en todo 💚 https://t.co/vOi8ok7q5p",1828,275,164,58918,205,0,0,1,0.6369,positive
1906799733621793048,IdiazAyuso,Isabel Diaz Ayuso,Mon Mar 31 20:04:17 +0000 2025,"Ni Andalucía ni Madrid somos terruños, sino tierras universales. 

En Madrid los andaluces rompen tópicos y resuenan en el mundo entero.
 
Un orgullo acompañar a @JuanMa_Moreno en estos premios a  artistas, periodistas o empresarios andaluces. https://t.co/DNE3qebYFM",1294,293,146,39491,267,0,1,1,0.0,neutral
1906651871986798627,IdiazAyuso,Isabel Diaz Ayuso,Mon Mar 31 10:16:44 +0000 2025,"Las declaraciones de la Ministra amenazando y denigrando las universidades privadas son inaceptables y rayan en la ilegalidad. 

Atentan contra la libertad de empresa y educativa, contra la seguridad jurídica y la neutralidad institucional. 

Quieren destruir el Estado de derecho",7327,2183,661,195580,280,0,0,0,0.0,neutral
1906302826822701425,IdiazAyuso,Isabel Diaz Ayuso,Sun Mar 30 11:09:45 +0000 2025,"Enhorabuena a #Wow17 y a @Topuriailia por el gran éxito de anoche en Madrid.

Una velada donde las artes marciales llenaron el Madrid Arena de combates y espectáculo. https://t.co/8N8IpXEU9m",2637,359,213,822270,190,1,1,1,0.0,neutral
1905976532738167240,IdiazAyuso,Isabel Diaz Ayuso,Sat Mar 29 13:33:11 +0000 2025,"Jurar bandera es un acto solemne en el que se promete lealtad a España. 

También es un día precioso e inolvidable. 

Ha sido un inmenso honor acompañar a los vecinos de Alcobendas, municipio donde juré bandera hace años, en este día único. https://t.co/twc9Gg9TSb",5674,1208,600,110124,264,0,0,1,0.6808,positive
1905306454686339466,IdiazAyuso,Isabel Diaz Ayuso,Thu Mar 27 17:10:32 +0000 2025,"Presentamos la exposición “¡Hispano! Gladiadores en el Imperio Romano”, en el Museo Arqueológico y Paleontológico de la región (MARPA), en Alcalá de Henares.

Entrada libre y gratuita, hasta septiembre. https://t.co/6W7C8DtsjG",1287,254,190,39303,226,0,0,1,0.0,neutral
1905219143881621569,IdiazAyuso,Isabel Diaz Ayuso,Thu Mar 27 11:23:35 +0000 2025,"Madrid concentró el 53% de la vivienda protegida de España en 2024.

https://t.co/rnCQSBSKjM",1437,436,262,49333,92,0,0,1,0.0,neutral
1904865295875113103,IdiazAyuso,Isabel Diaz Ayuso,Wed Mar 26 11:57:31 +0000 2025,"🔴 Presentamos recurso de inconstitucionalidad ante el TC contra el Real Decreto que modifica la Ley de Extranjería y el reparto de menores.

-Invade competencias exclusivas autonómicas.
-Nuestra autonomía financiera.
-Debería ir por Ley Orgánica.
-Vulnera derechos fundamentales",4619,1286,916,288249,278,0,0,0,0.0,neutral
1904518207576187311,IdiazAyuso,Isabel Diaz Ayuso,Tue Mar 25 12:58:19 +0000 2025,"Presentamos 316 políticas con las que fomentar la autonomía personal y la participación plena en la vida madrileña.

Atención temprana, pisos tutelados, menos burocracia, nuevas residencias, servicios en domicilio, educación especial…

La discapacidad sabe que cuenta con https://t.co/EuiENlN25c",1157,283,198,38336,295,0,0,1,0.0,neutral
1904259336919998600,IdiazAyuso,Isabel Diaz Ayuso,Mon Mar 24 19:49:40 +0000 2025,"La Comunidad de Madrid va a solicitar al Ejecutivo central declarar Zona Gravemente Afectada por una Emergencia de Protección Civil a los municipios que han sufrido las consecuencias de las intensas lluvias registradas en la región. 

Este mismo lunes se ha publicado en el BOCM",2063,514,327,87834,278,0,0,0,0.34,positive
1904210314343620789,IdiazAyuso,Isabel Diaz Ayuso,Mon Mar 24 16:34:52 +0000 2025,Estoy en contra de la falsa división entre Madrid y Cataluña. https://t.co/LGx9wPQeUi,3086,654,377,84632,85,0,0,1,0.0,neutral
1903763545507979370,IdiazAyuso,Isabel Diaz Ayuso,Sun Mar 23 10:59:34 +0000 2025,"Fallece Jesús Santos, teniente de alcalde de Alcorcón, después de un duro camino contra el cáncer. 

Nuestro pésame a su familia, amigos, compañeros. DEP.",3212,333,264,168372,154,0,0,0,0.0,neutral
1903475651555852623,IdiazAyuso,Isabel Diaz Ayuso,Sat Mar 22 15:55:34 +0000 2025,Los servicios públicos de la Comunidad de Madrid.,2338,477,221,121876,49,0,0,0,0.0,neutral
1903000073539039274,IdiazAyuso,Isabel Diaz Ayuso,Fri Mar 21 08:25:48 +0000 2025,"Feliz Día Internacional del Síndrome de Down a todas estas personas excepcionales, buenas y llenas de valores. 

A ellos y a sus familias, decirles que seguiremos trabajando por su plena autonomía en la Comunidad de Madrid. https://t.co/XQ9VH9m4Ez",4372,715,329,140794,247,0,0,1,0.0,neutral
1902788020878692512,IdiazAyuso,Isabel Diaz Ayuso,Thu Mar 20 18:23:10 +0000 2025,"El sectarismo les devora a sí mismos.

La conmemoración del Dos de Mayo con el Gobierno del Frente Popular, con presencia militar. 

1936. https://t.co/DpDktxv8IL",1989,704,306,65696,162,0,0,1,0.4215,positive
1902711880017215692,IdiazAyuso,Isabel Diaz Ayuso,Thu Mar 20 13:20:37 +0000 2025,"Gracias al magnífico equipo de @112cmadrid por su trabajo al frente del mayor episodio de lluvias en décadas.

Ponemos en marcha una línea de ayudas para los municipios más afectados y un sistema pionero para el drenaje urbano contra las inundaciones. https://t.co/ijkwRwnA2O",1256,291,111,37371,275,0,1,1,0.0,neutral
1902670899221856643,IdiazAyuso,Isabel Diaz Ayuso,Thu Mar 20 10:37:46 +0000 2025,La izquierda se despeña en Madrid. Que conmigo no cuenten. https://t.co/3waHYDhfWK,5622,1502,463,92218,82,0,0,1,-0.296,negative
1902667801405407724,IdiazAyuso,Isabel Diaz Ayuso,Thu Mar 20 10:25:28 +0000 2025,"Todo lo que han hecho Ábalos y el entorno familiar del presidente ha sido desde lo público, con lo público desde que llegaron a lo público. 

Luego nada de lo que ha pasado es ajeno al presidente del Gobierno. https://t.co/WE7KjxzxqF",4820,1566,572,90943,233,0,0,1,0.5859,positive
1902662134795841974,IdiazAyuso,Isabel Diaz Ayuso,Thu Mar 20 10:02:57 +0000 2025,A ver si en la Unión Europea despiertan de una vez y se enteran de la política migratoria que el gobierno de Sánchez está provocando. https://t.co/Hvmve80WNG,6539,1794,1199,242636,157,0,0,1,0.0,neutral
1902396762054172755,IdiazAyuso,Isabel Diaz Ayuso,Wed Mar 19 16:28:27 +0000 2025,"En la Comunidad de Madrid nuestra prioridad es proteger a la infancia y el saber.

Tras escuchar a las familias, profesores y médicos, fuimos pioneros en prohibir los móviles en el colegio, ahora limitamos el uso de las pantallas a lo estrictamente necesario. https://t.co/P4FNXzjHHt",2268,586,514,240483,283,0,0,1,0.0,neutral
1902344111933288769,IdiazAyuso,Isabel Diaz Ayuso,Wed Mar 19 12:59:14 +0000 2025,"Todos los gobiernos autonómicos, empezando por los socialistas, han contado con el desfile de las Fuerzas Armadas en su día grande.

Separarlas del pueblo de Madrid es un golpe artificial que lo pagan militares y civiles, de niños a mayores. 

Ojalá Defensa rectifique pensando en https://t.co/zV7vRMR9bd",3657,1099,373,100627,304,0,0,1,0.0,neutral
1902339416464449689,IdiazAyuso,Isabel Diaz Ayuso,Wed Mar 19 12:40:35 +0000 2025,"Carta a la Ministra Robles.

https://t.co/ED0ZVOa6ZN",1741,542,216,52883,52,0,0,1,0.0,neutral
1902277682294849598,IdiazAyuso,Isabel Diaz Ayuso,Wed Mar 19 08:35:16 +0000 2025,"Fueron Cataluña y Ministerio de Sanidad quienes ordenaron segregar a los mayores. 

No hay derecho a que culpen a la Comunidad de Madrid, que no lo hizo. 

Ni que una vida valga más que otra según el interés político.

https://t.co/KEgTjVG743",9456,3884,1895,521412,242,0,0,1,-0.5267,negative
1901964178115486172,IdiazAyuso,Isabel Diaz Ayuso,Tue Mar 18 11:49:31 +0000 2025,"Qué orgullo la sanidad madrileña. 
https://t.co/1rDrqEwLci",3073,649,654,84296,58,0,0,1,0.0,neutral
1901940031045906910,IdiazAyuso,Isabel Diaz Ayuso,Tue Mar 18 10:13:34 +0000 2025,"Ni Cataluña, ni Madrid, ni Canarias. 

No se puede fomentar la inmigración irregular masiva.

Este lamentable acuerdo se llevará a tribunales y a la UE, que ha de entender que la política migratoria de Sánchez es un lastre para todos: para España, para Europa, y para los mismos https://t.co/0Lt9Xlsjoc",8161,2638,1340,392459,302,0,0,1,-0.3182,negative
1901729291458454004,IdiazAyuso,Isabel Diaz Ayuso,Mon Mar 17 20:16:10 +0000 2025,"El liberalismo a la española. 

Gracias a @CPSThinkTank de Londres por invitarme a ser la primera española en hablar en esta gran institución. https://t.co/Tpv5OryO0p",3311,803,486,111556,166,0,1,1,0.0,neutral
1901569257982337224,IdiazAyuso,Isabel Diaz Ayuso,Mon Mar 17 09:40:15 +0000 2025,"El Gobierno ahora pretende duplicar las competencias de la Fiscalía Anticorrupción. 

Ha multiplicado el número de fiscalías de sala para colocar afines y que siga aumentando el número de fiscales de la máxima categoría, para pasar el rodillo en la Junta de Fiscales de Sala y",5249,1759,743,279774,276,0,0,0,0.34,positive
1901556692753522886,IdiazAyuso,Isabel Diaz Ayuso,Mon Mar 17 08:50:19 +0000 2025,¿Queda claro? https://t.co/lt0WEOyOe6,8416,3224,1068,189333,37,0,0,1,0.0,neutral
1901345743895486758,IdiazAyuso,Isabel Diaz Ayuso,Sun Mar 16 18:52:05 +0000 2025,"Ante inversores, centros de pensamiento político, empresas y directivos españoles en Londres explicamos el modelo de la Comunidad de Madrid.

Bajos impuestos, libertad, una sociedad despierta y trabajadora, y unos servicios públicos de gran calidad. https://t.co/05ZWsi4MkY",2242,524,409,85021,273,0,0,1,0.0,neutral
1901221453086781822,IdiazAyuso,Isabel Diaz Ayuso,Sun Mar 16 10:38:12 +0000 2025,"Nuestro más sentido pésame a sus familiares y amigos ante esta tragedia. DEP.

https://t.co/qmsofz32a3",3948,503,531,210544,102,0,0,1,0.0,neutral
1900626421548040547,IdiazAyuso,Isabel Diaz Ayuso,Fri Mar 14 19:13:45 +0000 2025,"En UBS tratamos nuevas colaboraciones con Reino Unido pensando en las empresas, el empleo y la prosperidad de todos.

Madrid es la cuarta plaza financiera de Europa. Crecemos con pujanza, ilusión y todas las ganas. https://t.co/PyBqA9ABaS",1299,290,300,69454,238,0,0,1,0.0,neutral
1900580772571975732,IdiazAyuso,Isabel Diaz Ayuso,Fri Mar 14 16:12:21 +0000 2025,"Anunciamos en Londres un nuevo centro de Formación para el Empleo especializado en el sector farmacéutico.

Estará en Tres Cantos, donde GSK construirá su laboratorio más importante en Europa. https://t.co/XFtbb0HrAJ",2508,518,298,130799,216,0,0,1,0.0,neutral
1900547575561818424,IdiazAyuso,Isabel Diaz Ayuso,Fri Mar 14 14:00:27 +0000 2025,"La Comunidad de Madrid encabeza un año más la esperanza de vida en la Unión Europea.

https://t.co/EjY9ls066A",2699,640,644,112296,109,0,0,1,0.0,neutral
1900223913994428432,IdiazAyuso,Isabel Diaz Ayuso,Thu Mar 13 16:34:20 +0000 2025,"Hoy vamos a Londres para seguir atrayendo inversiones y empleo a Madrid.

Este es el principal inversor en España, donde radican grandes empresas y oportunidades para todos. 

La semana que viene informamos del balance de este viaje .

https://t.co/PYBFf5ZaPD",2368,486,994,135136,259,0,0,1,0.0,neutral
1900149623420793243,IdiazAyuso,Isabel Diaz Ayuso,Thu Mar 13 11:39:07 +0000 2025,"Familiares nos piden que sus mayores no aparezcan como parte del número falso de fallecidos en residencias durante la pandemia. 

Exijo a RTVE que muestre estas cartas en su programa sectario. https://t.co/FTGNPqtP1V",11948,3739,3156,1198468,216,0,0,1,-0.296,negative
1900137063611072824,IdiazAyuso,Isabel Diaz Ayuso,Thu Mar 13 10:49:13 +0000 2025,"Las distintas sentencias y testimonios de familiares desmontan la campaña política para retorcer el dolor de las víctimas en la pandemia.

Y acuso a Más Madrid de difamadores. Hoy les he lanzado un reto. https://t.co/TDyzkEVT43",5671,1739,599,124419,227,0,0,1,0.0,neutral
1900132361964069004,IdiazAyuso,Isabel Diaz Ayuso,Thu Mar 13 10:30:32 +0000 2025,"El PSOE gestionó una pandemia donde murieron centenares de miles de españoles.  

Lejos de asumir un solo error, meten a los que no les caben en las listas como dirigentes de plataformas para politizar a las familias. https://t.co/8dq7fZI7eY",6332,1982,730,161301,241,0,0,1,-0.5994,negative
1900127013114982478,IdiazAyuso,Isabel Diaz Ayuso,Thu Mar 13 10:09:17 +0000 2025,"Estamos en contra de la política migratoria descontrolada y los repartos del Gobierno.

Cada vez llegan más jóvenes en peor estado y manipulados por las mafias.

Pero no tenemos competencias en extranjería, fronteras, seguridad o repatriación. https://t.co/EDdEaJBrVN",4132,1152,816,175939,267,0,0,1,-0.296,negative
1899861078630117809,IdiazAyuso,Isabel Diaz Ayuso,Wed Mar 12 16:32:33 +0000 2025,"Hace cinco años los españoles reaccionaron con valentía contra una pandemia desconocida. 

Hoy, algunos representantes políticos se han olvidado de la hazaña y sólo destacan la desgracia. Mi homenaje a los madrileños. https://t.co/hbDvKIDO93",3594,1038,1264,282806,241,0,0,1,0.0,neutral
1899497373933396470,IdiazAyuso,Isabel Diaz Ayuso,Tue Mar 11 16:27:19 +0000 2025,"Esta es la verdad sobre la Historia de la Real Casa de Correos, sede de la Presidencia de la Comunidad de Madrid.
 
Un edificio como este equipo, al servicio de España y de una región que es la casa de todos. https://t.co/ixfxttECmM",1381,474,157,39317,232,0,0,1,0.0,neutral
1899483075244953790,IdiazAyuso,Isabel Diaz Ayuso,Tue Mar 11 15:30:30 +0000 2025,"Estos días, atentos a las previsiones y avisos de la Comunidad de Madrid y @112cmadrid.",465,158,100,37760,87,0,1,0,0.0,neutral
1899445285761257589,IdiazAyuso,Isabel Diaz Ayuso,Tue Mar 11 13:00:20 +0000 2025,"Con la @_AVT_ en homenaje a todas las personas asesinadas y heridas en el peor atentado en suelo Europeo.  

Siempre en nuestro corazón, por la Justicia y la libertad, luchando contra el terrorismo. https://t.co/5PDUdCsqMC",1382,357,304,35917,222,0,1,1,0.0,neutral
1899408454181146797,IdiazAyuso,Isabel Diaz Ayuso,Tue Mar 11 10:33:59 +0000 2025,#11M. Siempre en nuestro recuerdo. https://t.co/ca4Xxy7KjA,5143,858,447,135843,58,1,0,1,0.0,neutral
1899162926012887542,IdiazAyuso,Isabel Diaz Ayuso,Mon Mar 10 18:18:20 +0000 2025,Madring 2026. La región capital abierta al mundo. https://t.co/MmfIcUsp7G,1522,309,476,99579,73,0,0,1,0.0,neutral
1899109754980401411,IdiazAyuso,Isabel Diaz Ayuso,Mon Mar 10 14:47:03 +0000 2025,"Fallece un hombre excepcional, una gran persona querida y admirada en el sector de la hostelería española. DEP.

https://t.co/kDEsBgUiuo https://t.co/PvgjFfNy4m",996,149,241,79335,160,0,0,2,0.0,neutral
1899080453283328167,IdiazAyuso,Isabel Diaz Ayuso,Mon Mar 10 12:50:37 +0000 2025,"Los españoles deben ser convocados a las urnas para que decidan si quieren aumentar su gasto en defensa, si están de acuerdo con echar a la Guardia Civil en Cataluña o seguir privilegiando a los independentistas. https://t.co/D26Jmi8Orf",10133,2751,1260,285357,236,0,0,1,0.0,neutral
1898741631806812456,IdiazAyuso,Isabel Diaz Ayuso,Sun Mar 09 14:24:16 +0000 2025,"Madrid sí tenía comité de expertos para tomar decisiones técnicas y no ideológicas.

Los primeros que actuamos.

Una sociedad responsable que estuvo a la altura y permitió que salud y libertad se dieran la mano y no provocaran males aún mayores.

https://t.co/rD7JlwDoPc",3890,1089,1227,400950,270,0,0,1,-0.5267,negative
1898695834880917818,IdiazAyuso,Isabel Diaz Ayuso,Sun Mar 09 11:22:17 +0000 2025,"En Madrid, luchando por salir juntos de una tragedia mundial. 

En La Moncloa, centrados en desestabilizar gobiernos y retorcer el dolor de las víctimas.

https://t.co/0CeEibrDqA",6019,2107,693,172459,178,0,0,1,0.0,neutral
1898307751027097627,IdiazAyuso,Isabel Diaz Ayuso,Sat Mar 08 09:40:11 +0000 2025,"Por las mujeres de todas las edades que, en España y en el resto del mundo, luchan por la libertad frente a la opresión del islamismo. #8M https://t.co/oycCAqbRwM",2714,688,356,71581,162,1,0,1,0.0,neutral
1898058090915737828,IdiazAyuso,Isabel Diaz Ayuso,Fri Mar 07 17:08:07 +0000 2025,"Maravillosa mujer #8M

https://t.co/cxkHlCceL7 https://t.co/CJms9jgwgZ",635,147,181,31307,70,1,0,2,0.0,neutral
1898016602441826569,IdiazAyuso,Isabel Diaz Ayuso,Fri Mar 07 14:23:16 +0000 2025,"Cada persona debe decidir por sí misma cómo quiere vivir.

No corresponde a ninguna administración ni gobierno decidir quién es buena o mala mujer o quién es buen o mal hombre.
 
Somos las protagonistas de uno de los mayores avances sociales de la historia de España.

Cada día. Y https://t.co/t8uWxDOHO0",4095,1070,595,88703,304,0,0,1,-0.296,negative
1897602810017087664,IdiazAyuso,Isabel Diaz Ayuso,Thu Mar 06 10:59:00 +0000 2025,"Los madrileños y el resto de españoles nos negamos a pagar la fiesta independentista.

Por más dinero que dilapiden son un fraude y no saben gobernar. 

Madrid estará aquí siempre, a la altura, con el conjunto de España. https://t.co/4IbUhYPMre",8929,2268,883,167456,244,0,0,1,0.2263,positive
1897597612766728320,IdiazAyuso,Isabel Diaz Ayuso,Thu Mar 06 10:38:21 +0000 2025,"Señores de la izquierda: 
¡Feliz 8M! https://t.co/MnPl6BRKLS",11902,3381,655,301680,60,0,0,1,0.0,neutral
1897594547846132097,IdiazAyuso,Isabel Diaz Ayuso,Thu Mar 06 10:26:10 +0000 2025,No cabe mayor traición a España que lo que está haciendo el PSOE: comprar. https://t.co/U5FqL7pgiL,4982,1454,450,78541,98,0,0,1,-0.296,negative
1897591298544009426,IdiazAyuso,Isabel Diaz Ayuso,Thu Mar 06 10:13:15 +0000 2025,Difaman a empresas que hacen una excelente labor mientras buscan sumir en pobreza a Madrid. https://t.co/qp5afmx0SA,3083,857,276,53094,115,0,0,1,0.0,neutral
1897374139108950043,IdiazAyuso,Isabel Diaz Ayuso,Wed Mar 05 19:50:20 +0000 2025,"Comienza ARCOmadrid, la feria internacional de Arte Contemporáneo. 

Más de 800 coleccionistas, 1.300 artistas, 206 galerías de 36 países se unen en este Madrid abierto, vivo, donde la cultura en libertad tiene su casa. https://t.co/DeLMmUYWIn",788,166,184,49900,243,0,0,1,0.0,neutral
1897292544930930956,IdiazAyuso,Isabel Diaz Ayuso,Wed Mar 05 14:26:07 +0000 2025,El Gobierno no miente. Sólo cambia de opinión. https://t.co/j6vIfwKBPr,5479,2111,393,94227,70,0,0,1,-0.296,negative
1897277111460880788,IdiazAyuso,Isabel Diaz Ayuso,Wed Mar 05 13:24:47 +0000 2025,Sobre esta bomba cabalga España. https://t.co/tpW3XlYy9X,3646,1131,400,95556,56,0,0,1,0.0,neutral
1896951162861215892,IdiazAyuso,Isabel Diaz Ayuso,Tue Mar 04 15:49:35 +0000 2025,"El Hotel Palace de Madrid reabre sus puertas después de su impresionante remodelación.

Desde 1912 ha sido testigo de momentos históricos de Madrid. 

Y vuelve con todo su esplendor, cuando la región supera récords de visitantes, eventos y atracción de empresas. https://t.co/Umb9RTitkF",1330,241,145,44378,286,0,0,1,0.34,positive
1896863979345215716,IdiazAyuso,Isabel Diaz Ayuso,Tue Mar 04 10:03:09 +0000 2025,"La condonación de la deuda es una condenación al contribuyente del resto de España para sufragar la República ensoñada por el nacionalismo.

No cabe mayor impunidad, ilegalidad, abuso y traición por parte del Gobierno de Sánchez. https://t.co/073TLdGMae",3699,1146,575,65569,253,0,0,1,-0.296,negative
1896648704779857966,IdiazAyuso,Isabel Diaz Ayuso,Mon Mar 03 19:47:43 +0000 2025,"Muere una gran mujer ejemplo de dignidad y entereza en la defensa de la libertad en el País Vasco y, por tanto, España entera.

Todo mi cariño a su entorno personal. 

https://t.co/T2K9mGhcdF",4190,838,193,73074,191,0,0,1,0.0,neutral
1896618302992175179,IdiazAyuso,Isabel Diaz Ayuso,Mon Mar 03 17:46:55 +0000 2025,"Madrid se convierte de nuevo en la capital mundial del deporte acogiendo la celebración de los Premios Laureus en su 25 edición. 

Nos vemos el 21 de abril en esta casa abierta, pujante y más de moda que nunca. https://t.co/1IOFnTHRlC",1068,216,143,35263,234,0,0,1,0.0,neutral
1896295115381186675,IdiazAyuso,Isabel Diaz Ayuso,Sun Mar 02 20:22:41 +0000 2025,"Hoy somos 5.000 nuevos afiliados de entre 16 y 94 años. 

Personas de 37 nacionalidades. Cada una con sus vidas, ilusiones y preocupaciones.

Unidas por las ganas del mejor Madrid al servicio de España.

Bienvenidos a @ppmadrid. https://t.co/25g6FtayM3",1245,276,260,48619,252,0,1,1,0.0,neutral
1896280790868353467,IdiazAyuso,Isabel Diaz Ayuso,Sun Mar 02 19:25:46 +0000 2025,"Si todos sabemos que esto no puede seguir así, ¿por y para qué seguir mirando para otro lado? https://t.co/pRYqNWPLfH",5717,1627,775,171366,117,0,0,1,-0.296,negative
1896188639237095825,IdiazAyuso,Isabel Diaz Ayuso,Sun Mar 02 13:19:35 +0000 2025,"¿Por qué va a tener que pagar más un autónomo de Coslada, Parla, Leganés o Alcorcón para fabricar una nación paralegal y el negocio corrupto del independentismo? https://t.co/7PGttL1Zam",7297,1983,655,480032,185,0,0,1,0.0,neutral
1896186058867671045,IdiazAyuso,Isabel Diaz Ayuso,Sun Mar 02 13:09:20 +0000 2025,"Cuando una sociedad es libre es próspera e imbatible. 

Cuando es libre no tiene miedo y sí tiene todas las ganas. 

Por eso somos la región capital de España y estaremos siempre a su servicio. https://t.co/HI7R3hP8YQ",3306,869,487,76415,217,0,0,1,-0.296,negative
1895789067549434329,IdiazAyuso,Isabel Diaz Ayuso,Sat Mar 01 10:51:50 +0000 2025,"Nuestro más sincero pésame a todas las personas que la querían: familiares, amigos, compañeros… y a sus vecinos. D.E.P.

https://t.co/MY25QZN0Vj",2568,349,313,132062,144,0,0,1,0.0,neutral
1895757884903833799,IdiazAyuso,Isabel Diaz Ayuso,Sat Mar 01 08:47:55 +0000 2025,"El 80% de lo recaudado en Madrid se lo queda la Administración General del Estado. Al 20% restante le aplicamos rebajas fiscales para familias, trabajadores y empresas.  

El dinero no está en nuestros bolsillos sino en el de los madrileños. 

Es a ellos a quienes quieren https://t.co/ANv3eksAaM",4815,1773,506,110405,296,0,0,1,-0.296,negative
1895447485826699605,IdiazAyuso,Isabel Diaz Ayuso,Fri Feb 28 12:14:30 +0000 2025,"Pedro Sánchez tiene que responsabilizarse de su número 2 en el PSOE y en su Gobierno.

Todos metidos en tramas millonarias y sórdidas. https://t.co/yO2LOGMhmF",5101,1564,708,92521,158,0,0,1,0.0,neutral
1895444429810581588,IdiazAyuso,Isabel Diaz Ayuso,Fri Feb 28 12:02:22 +0000 2025,"Están creando una nueva nación por sustitución y preparando el nuevo golpe. “Volveremos a hacerlo”, dijeron.

Lo tienen todo planeado.

Que bajen impuestos a catalanes, madrileños y resto de españoles y nos dejen en paz. https://t.co/addVxkHoyb",3635,1012,324,100003,244,0,0,1,0.0,neutral
1895398287299235996,IdiazAyuso,Isabel Diaz Ayuso,Fri Feb 28 08:59:01 +0000 2025,"¿Y se preguntan por qué Cataluña camina hacia la catástrofe?

https://t.co/KiXcI5nsLb",2671,823,554,88672,85,0,0,1,0.0,neutral
1895164866807181755,IdiazAyuso,Isabel Diaz Ayuso,Thu Feb 27 17:31:29 +0000 2025,Feliz 8M. https://t.co/3UcCrMlYIX,2299,732,268,67106,33,0,0,1,0.0,neutral
1895147624270889412,IdiazAyuso,Isabel Diaz Ayuso,Thu Feb 27 16:22:58 +0000 2025,"Su Majestad El Rey reivindica el español y el lenguaje claro en la administración y la justicia, al servicio del pueblo. 

Enhorabuena por ser investido Doctor Honoris Causa por la Universidad de Alcalá de Henares. https://t.co/yOr9JijaYJ",2494,478,176,46439,238,0,0,1,0.0,neutral
1895106058034483203,IdiazAyuso,Isabel Diaz Ayuso,Thu Feb 27 13:37:48 +0000 2025,"Esto tiene un nombre:
Se llama «traición». https://t.co/JR0Dwu02pL",5927,2148,636,129634,66,0,0,1,0.0,neutral
1894782719508234571,IdiazAyuso,Isabel Diaz Ayuso,Wed Feb 26 16:12:58 +0000 2025,"Lanzamos una línea de ayudas para que comercios, farmacias, hostales, supermercados, restaurantes… en zonas rurales, a pesar de tener menos demanda, se mantengan más días abiertos.

Son fundamentales para mantener nuestros #PueblosConVida y alegría, para mejorar la vida a sus https://t.co/3k0v7itho3",1126,310,147,34945,300,1,0,1,0.0,neutral
1894723843761316034,IdiazAyuso,Isabel Diaz Ayuso,Wed Feb 26 12:19:01 +0000 2025,"Carta al ministro Torres. Que tan ocupado está con la “memoria” en Madrid, que se olvida de Canarias.

Que dejen a la Real Casa de Correos ser lo que ha sido y es, por respeto y consideración hacia las incontables personas que la aprecian y disfrutan; sin buscarle significados https://t.co/97sHQU67ZD",1225,406,199,40765,301,0,0,1,-0.296,negative
1894722625429180606,IdiazAyuso,Isabel Diaz Ayuso,Wed Feb 26 12:14:10 +0000 2025,"Sánchez no busca una condonación sino un reparto de la deuda entre todos los españoles para pagar sus elecciones en Cataluña.

Cada madrileño debería casi 500€. 

No soportan que Madrid sea la plaza internacional que es hoy, por méritos propios. 

La que airea sus chapuzas y",7923,2091,784,479334,275,0,0,0,-0.5267,negative
1894464238166360290,IdiazAyuso,Isabel Diaz Ayuso,Tue Feb 25 19:07:26 +0000 2025,"Gracias a los vecinos de Mérida, Trujillo y Navalmoral de la Mata por su hospitalidad, alegría y bienvenida. 

Cerramos grandes acuerdos entre la Comunidad Autónoma de Extremadura y la Comunidad de Madrid en beneficio de las dos regiones, al servicio de España. https://t.co/5c3pNL3cvG",1130,223,129,39065,285,0,0,1,0.0,neutral
1894433274123972688,IdiazAyuso,Isabel Diaz Ayuso,Tue Feb 25 17:04:24 +0000 2025,"Europa y el resto del mundo apuestan por la energía nuclear como fuente para la industria, las facturas de familias (4 millones sólo de Almaraz) y las empresas o centros de datos.

Bélgica, Francia o la propia ministra Ribera no dudan (hoy) en hacerlo. 

Nos va en ello la https://t.co/UdQh4WNtzR",2662,677,183,65701,296,0,0,1,-0.296,negative
1894375115472720336,IdiazAyuso,Isabel Diaz Ayuso,Tue Feb 25 13:13:17 +0000 2025,"Estudiaremos las consecuencias para Madrid y España del pacto de Sánchez con Esquerra:

• Ceden a Cataluña la Agencia Tributaria: expulsan al Estado.

• “Mutualizan” la deuda catalana: la pagamos todos.

• Es un paso más hacia la independencia y la impunidad. https://t.co/TbDcZpupIK",3370,1222,592,107094,283,0,0,1,0.0,neutral
1894324868755214806,IdiazAyuso,Isabel Diaz Ayuso,Tue Feb 25 09:53:38 +0000 2025,"El próximo canciller Friedrich Merz aboga por paralizar de inmediato el desmantelamiento de las centrales nucleares en Alemania. 

https://t.co/qHOWIFhBkR https://t.co/yXZLT2LXeQ",1994,609,324,49316,178,0,0,2,0.0,neutral
1894313141816701428,IdiazAyuso,Isabel Diaz Ayuso,Tue Feb 25 09:07:02 +0000 2025,"La factura de la luz se incrementaría otro 23% con el cierre de las nucleares en España. 

Y el suministro energético queda comprometido. https://t.co/pqEtKHteu8",5202,2249,640,145696,161,0,0,1,0.0,neutral
1894135109252440504,IdiazAyuso,Isabel Diaz Ayuso,Mon Feb 24 21:19:36 +0000 2025,"De #Majadahonda al mundo entero. 
El fotógrafo Álvaro Herrero ha sido nombrado Fotógrafo Subacuático del Año gracias a esta impresionante imagen captada en la Polinesia Francesa. 

¡Enhorabuena! https://t.co/lBa6Lb6CMu",1609,231,132,48998,218,1,0,1,0.4003,positive
1894130816738861466,IdiazAyuso,Isabel Diaz Ayuso,Mon Feb 24 21:02:32 +0000 2025,"La Comunidad de Madrid rinde homenaje al pueblo de Ucrania en el tercer aniversario de la invasión rusa. 

Cuidamos con cariño y orgullo a los más de veintiún mil ucranianos que hoy son parte de nosotros. https://t.co/GKbvDefScr",3800,825,287,149458,228,0,0,1,0.0,neutral
1893978215783268736,IdiazAyuso,Isabel Diaz Ayuso,Mon Feb 24 10:56:09 +0000 2025,"Es decir: que los que han dejado el pufo acuerdan entre ellos perdonarse.

¿Y los que van a pagarlo, el resto de españoles, no tienen derecho a decir algo? https://t.co/FfyYN587RB",9349,3545,1142,273983,179,0,0,1,-0.296,negative
1893944388134269249,IdiazAyuso,Isabel Diaz Ayuso,Mon Feb 24 08:41:44 +0000 2025,"La sanidad de Madrid: humana, cercana, de la máxima calidad. https://t.co/G2WTK9XIxB",1231,334,425,70170,84,0,0,1,0.0,neutral
1893744026420953363,IdiazAyuso,Isabel Diaz Ayuso,Sun Feb 23 19:25:34 +0000 2025,"Esta noche iluminamos la Real Casa de Correos en recuerdo de Ariel y Kfir Bibas.

Esta semana se ha conocido que este bebé y este niño pequeño, hermanos, han sido brutalmente asesinados por Hamás. También han matado a su madre. https://t.co/yIptMYnv4S",11666,2812,1078,930174,251,0,0,1,0.34,positive
1893652888024490349,IdiazAyuso,Isabel Diaz Ayuso,Sun Feb 23 13:23:25 +0000 2025,Desde la Comunidad de Madrid seguiremos luchando contra la ELA y por sus pacientes con todas nuestras fuerzas.,2408,629,236,93141,110,0,0,0,0.0,neutral
1893586601407561782,IdiazAyuso,Isabel Diaz Ayuso,Sun Feb 23 09:00:01 +0000 2025,"Este desastre lo han diseñado malversadores y defraudadores que quieren destruir España, que quieren hacer imposible un 155. 

Lo que salga mal será siempre culpa del resto de España. Y para ellos, cuanto peor, mejor. https://t.co/RIEC5A6NUG",2501,982,451,58974,241,0,0,1,0.0,neutral
1893402128632160362,IdiazAyuso,Isabel Diaz Ayuso,Sat Feb 22 20:46:59 +0000 2025,"No esperamos que estos violentos estén a la altura una sola vez.

Pero tampoco, que de manera salvaje consigan nada. Ya se les conoce.

Ánimo a @ppcv, @carlos_mazon_ .
https://t.co/BtiTe753cL",2544,777,1106,348905,191,0,2,1,-0.296,negative
1893227746622398940,IdiazAyuso,Isabel Diaz Ayuso,Sat Feb 22 09:14:03 +0000 2025,"La voracidad fiscal del Gobierno se ceba con patrimonios, autónomos, inversiones y por supuesto, los que menos tienen.

Sólo sabe igualar en la pobreza. https://t.co/wbsJJPf9tp",2340,837,413,71448,176,0,0,1,0.0,neutral
1892964965792858620,IdiazAyuso,Isabel Diaz Ayuso,Fri Feb 21 15:49:52 +0000 2025,"La consagración de la ilegitimidad.

https://t.co/c86imokeA1",1793,709,306,41973,60,0,0,1,0.0,neutral
1892548771310977241,IdiazAyuso,Isabel Diaz Ayuso,Thu Feb 20 12:16:03 +0000 2025,"Vox, junto a la izquierda, ha intervenido y perjudicado a la vivienda en Madrid más que la inmigración. https://t.co/hLcr7gaEmU",1257,299,912,177056,127,0,0,1,0.34,positive
1892541033134620724,IdiazAyuso,Isabel Diaz Ayuso,Thu Feb 20 11:45:18 +0000 2025,"El Parlamento Europeo va a estudiar la situación del Estado de Derecho en España tras la Ley Begoña, el ataque al Supremo y la operación de Estado contra un rival político, donde está involucrado el Fiscal General del Estado.

Sánchez pretende que su gobierno quede impune y que https://t.co/nV8jk6zWsZ",4268,1400,483,104162,302,0,0,1,0.4404,positive
1892537183535575410,IdiazAyuso,Isabel Diaz Ayuso,Thu Feb 20 11:30:00 +0000 2025,"La izquierda expulsa a los jóvenes, que vienen a Madrid a ser libres y prosperar. https://t.co/KMc6ve2B3l",2115,524,458,51298,105,0,0,1,0.0,neutral
1892530298925047976,IdiazAyuso,Isabel Diaz Ayuso,Thu Feb 20 11:02:39 +0000 2025,"Les interesa la educación pública lo que la sanidad: cero. 

Son sedes electorales para la izquierda. https://t.co/VeK0bqs8ye",2956,762,297,59403,125,0,0,1,0.0,neutral
1892264642577138056,IdiazAyuso,Isabel Diaz Ayuso,Wed Feb 19 17:27:02 +0000 2025,"El ministro canario recibirá una ilustrativa carta donde le informaremos de algunos lugares que nunca declaró “franquistas” en Canarias, mientras tiene sus confundidos ojos puestos en Madrid.

Y mira que tuvo tiempo. https://t.co/72EHnBlOKN",2406,758,247,52392,240,0,0,1,0.0,neutral
1892253430321754555,IdiazAyuso,Isabel Diaz Ayuso,Wed Feb 19 16:42:28 +0000 2025,"Jóvenes con historias muy duras a sus espaldas, a los que les cuesta dar el paso entre tantas dificultades.

Se enfrentan a una formación totalmente desconocida que les abre un nuevo camino.

Enhorabuena.",601,165,85,40358,204,0,0,0,0.0,neutral
1892207828749664280,IdiazAyuso,Isabel Diaz Ayuso,Wed Feb 19 13:41:16 +0000 2025,"Los nacimientos suben en la Comunidad de Madrid cuatro puntos por encima de la media nacional, sobre todo entre las madres más jóvenes.

Seguiremos ampliando nuestros planes por la vida. Por el futuro de Madrid.",5402,688,1127,471251,211,0,0,0,0.0,neutral
1892135063099154761,IdiazAyuso,Isabel Diaz Ayuso,Wed Feb 19 08:52:07 +0000 2025,"El transporte público de la Comunidad de Madrid, uno de los mejores del mundo, alcanza cifras récord de usuarios.

Enhorabuena todos los que lo hacen posible.
https://t.co/Qzt4Y3U5wo",2154,449,327,57661,182,0,0,1,0.0,neutral
1891932343654301910,IdiazAyuso,Isabel Diaz Ayuso,Tue Feb 18 19:26:35 +0000 2025,"Recibimos al presidente de European Innovation Council @EUeic, Michiel Scheffer, para hablar de todo lo que está haciendo la Comunidad de Madrid en digitalización, ciencia y universidades. 

Son proyectos que nos sitúan entre las regiones más avanzadas de Europa. https://t.co/ngUQ1zSOrc",669,146,128,27640,287,0,1,1,0.3818,positive
1891839627431985291,IdiazAyuso,Isabel Diaz Ayuso,Tue Feb 18 13:18:10 +0000 2025,"La Semana Santa forma parte del alma de España. Si hay una que encarna la sobriedad y la profundidad, es la de Valladolid. 
 
Que queden lejos para siempre los tiempos en que este patrimonio artístico y religioso se destruia por odio, o en que lo expoliaban los que nos invadían. https://t.co/DPNoy39Uix",1905,425,327,68435,303,0,0,1,0.0,neutral
1891760666479903153,IdiazAyuso,Isabel Diaz Ayuso,Tue Feb 18 08:04:24 +0000 2025,“Buenos” días. https://t.co/Rky5IIv1Ol,1890,606,503,74445,38,0,0,1,0.0,neutral
1891532983372320985,IdiazAyuso,Isabel Diaz Ayuso,Mon Feb 17 16:59:40 +0000 2025,"Agradecida de recibir al nuevo presidente de la Real Federación Española de Fútbol, Rafael Louzán.

Hablamos del Mundial de 2030 o de trabajar juntos en proyectos de colaboración para Madrid y sus clubes de fútbol. https://t.co/I5cbwt5Q6g",854,140,244,38659,238,0,0,1,0.0,neutral
1891460614234497389,IdiazAyuso,Isabel Diaz Ayuso,Mon Feb 17 12:12:06 +0000 2025,"Vamos bonificar Donaciones y Sucesiones entre hermanos, tíos y sobrinos al 50%.

Y al 100% las donaciones interiores a 1.000€.

Un impuesto que apenas existe en la UE y castiga el ahorro de las familias españolas. 

Es también un compromiso electoral. https://t.co/3xm0CIwVcL",6476,1386,559,366029,275,0,0,1,0.0,neutral
1891395297655288301,IdiazAyuso,Isabel Diaz Ayuso,Mon Feb 17 07:52:34 +0000 2025,"Inspección de Trabajo abre expediente. Inspección de Trabajo dice que está todo correcto. 

¿Cuánto tiempo van a prolongar este bochorno?

https://t.co/xO4Kya9hnu",2840,840,346,87661,162,0,0,1,0.0,neutral
1891162446821196043,IdiazAyuso,Isabel Diaz Ayuso,Sun Feb 16 16:27:18 +0000 2025,"Ayer liberaron a Iair Horn, rehén secuestrado por Hamás. 

Su hermano nos visitó hace un año, junto a familiares de otras víctimas. Mi máxima gratitud por haber podido abrazarles. 

Aún quedan Eitan Horn y decenas de inocentes por recobrar su libertad. https://t.co/8nFhho0tyM",3644,757,340,90269,276,0,0,1,0.0,neutral
1890724094548615375,IdiazAyuso,Isabel Diaz Ayuso,Sat Feb 15 11:25:26 +0000 2025,"Gracias a todos los que han asistido (y han podido entrar) en la clausura del X foro de la Fundación Sargadelos.

Y a los vecinos de Ribadeo. Gente maravillosa, trabajadora, amable, acogedora. https://t.co/HOLWB86kfq",1728,324,211,43302,216,0,0,1,0.0,neutral
1890415252388397058,IdiazAyuso,Isabel Diaz Ayuso,Fri Feb 14 14:58:13 +0000 2025,"Vamos a potenciar la preadolescencia, de los 11 a 14 años, para que sus familias elijan seguir en su colegio de siempre o ir al instituto.

Es una de las mejores etapas como estudiante pero también, una de las más vulnerables.
 
Queremos evitar trastornos alimentarios, https://t.co/I6mbUQcV5L",1738,381,227,55722,293,0,0,1,0.0,neutral
1890152260132565011,IdiazAyuso,Isabel Diaz Ayuso,Thu Feb 13 21:33:10 +0000 2025,"Qué maravillosa es María Cano, vecina de Tarrasa, que nos ha visitado en la Asamblea de Madrid. 

ETA le arrancó a su hermano en el año 2000. Tras tanto dolor, hoy es una mujer alegre, luchadora y llena de vida. 

Aquí tienes tu casa. https://t.co/3cC8s6dIJt",1917,381,213,47477,258,0,0,1,0.34,positive
1890004241420603507,IdiazAyuso,Isabel Diaz Ayuso,Thu Feb 13 11:45:00 +0000 2025,"En la Comunidad de Madrid apostamos por la vida, la maternidad y la paternidad.

Por eso tenemos un plan con 80 medidas que está revirtiendo el invierno demográfico en Madrid. https://t.co/jLZL2i2DQB",1751,467,342,48753,199,0,0,1,0.0,neutral
1889996691987661143,IdiazAyuso,Isabel Diaz Ayuso,Thu Feb 13 11:15:00 +0000 2025,"El Gobierno tiene dinero para impuestazos, meterse en productoras, empresas y frivolidades varias, pero no para financiar un fármaco importantísimo contra la leucemia infantil. https://t.co/RTnZ0zdvaK",7093,2265,463,99238,200,0,0,1,-0.296,negative
1889989531798999541,IdiazAyuso,Isabel Diaz Ayuso,Thu Feb 13 10:46:33 +0000 2025,"Señor Sánchez: saque sus manazas del Poder Judicial.

Me pregunto si el Fiscal General del Estado de Ruanda está imputado. https://t.co/gLpCA1jKDz",5267,1471,681,112699,146,0,0,1,0.0,neutral
1889982859769004362,IdiazAyuso,Isabel Diaz Ayuso,Thu Feb 13 10:20:02 +0000 2025,"La ocupación y la inquiocupación son delitos y atentan contra el derecho fundamental de la propiedad.

La ideología hace que la izquierda pierda la humanidad. https://t.co/670AQ8bOe7",4022,1211,566,90302,182,0,0,1,0.0,neutral
1889398480093028515,IdiazAyuso,Isabel Diaz Ayuso,Tue Feb 11 19:37:55 +0000 2025,"Gracias a la Academia Médico-Quirúrgica de España por nombrarme académica de honor.

Es un orgullo representar a la Comunidad de Madrid, la región de todos, cuyo sistema sanitario es uno de los mejores del mundo. https://t.co/Cu3IY216y5",3901,688,784,138357,236,0,0,1,0.4939,positive
1889306750165151784,IdiazAyuso,Isabel Diaz Ayuso,Tue Feb 11 13:33:25 +0000 2025,"La parte Solución Joven pasa a construir otras 4.500 viviendas del Plan Vive.

Desde hoy entregamos 286 nuevas viviendas en Colmenar Viejo, con piscina, zonas verdes, terraza, eficiencia energética…

Madrid construye 1/4 de la vivienda pública en España, los que más. https://t.co/yb6aDWIOlT",1772,428,282,79705,291,0,0,1,0.0,neutral
1889300135365980356,IdiazAyuso,Isabel Diaz Ayuso,Tue Feb 11 13:07:08 +0000 2025,"Los de la pancarta de género que no se olviden de las mujeres que están solas porque son viudas o no tienen hijos y les ocupan sus viviendas.

Hay que promover viviendas para quien no las tiene, no enfrentarle a quienes sí la tienen después de una vida ahorrando. https://t.co/GbvBkSNPQ3",5199,1392,356,118098,287,0,0,1,-0.7783,negative
1889059625384722786,IdiazAyuso,Isabel Diaz Ayuso,Mon Feb 10 21:11:26 +0000 2025,"Teresa es una mujer de Fuenlabrada que, con su esfuerzo y trabajo, compró una casa y la puso en alquiler.

Sus inquiocupas provocaron un problema de salud a su marido, acabando con su vida.

Ahora, viuda, no debe pelear por sus derechos sola. Y aquí estaremos. https://t.co/KQx9fJM3aG",4667,1178,804,251844,284,0,0,1,-0.296,negative
1888953461137350736,IdiazAyuso,Isabel Diaz Ayuso,Mon Feb 10 14:09:34 +0000 2025,"Con este Gobierno la vivienda se ha disparado en toda España. 

No ha hecho nada y ahora pretende enfrentar a propietarios con inquilinos. 

Solo fomenta la ocupación y el estancamiento. https://t.co/Wm2K6HZJxd",4088,1000,691,124581,210,0,0,1,0.0936,positive
1888946603764875591,IdiazAyuso,Isabel Diaz Ayuso,Mon Feb 10 13:42:19 +0000 2025,"Presentamos un proyecto pionero para unir la dermatología de centros de salud con hospitales.

Lo anunciamos en la nueva unidad de endoscopias del Puerta de Hierro. Duplicará sus trabajos en las últimas instalaciones. 

Pacientes oncológicos o celíacos, por ejemplo, serán https://t.co/g0C8AhtamE",778,197,87,32851,296,0,0,1,0.0,neutral
1888931498998333795,IdiazAyuso,Isabel Diaz Ayuso,Mon Feb 10 12:42:18 +0000 2025,"No me sorprende el borrado de los teléfonos del Fiscal General. El propio Sánchez ya se rió del trabajo de la Guardia Civil. 

No están para gobernar España. https://t.co/IusvYo069F",9615,2539,582,129825,181,0,0,1,-0.5267,negative
1888540791347261843,IdiazAyuso,Isabel Diaz Ayuso,Sun Feb 09 10:49:46 +0000 2025,"Libertad de expresión, siempre.",12362,2134,531,352896,31,0,0,0,0.0,neutral
1887567629767884865,IdiazAyuso,Isabel Diaz Ayuso,Thu Feb 06 18:22:46 +0000 2025,"Juegan con la jornada laboral, con lo de todos, por poder. 

Sin importar el daño que causen, sin hablarlo con los que dicen representar. Un gobierno de actitudes profundamente autoritarias. https://t.co/UjOSE7MaTW",4583,1098,760,131688,214,0,0,1,-0.802,negative
1887551910363996185,IdiazAyuso,Isabel Diaz Ayuso,Thu Feb 06 17:20:19 +0000 2025,Maravilloso.,3032,830,199,83419,12,0,0,0,0.0,neutral
1887445800336109797,IdiazAyuso,Isabel Diaz Ayuso,Thu Feb 06 10:18:40 +0000 2025,"Sanidad, empresa familiar, comercios, clase media, las víctimas del Gobierno. https://t.co/xOVkqwJD1y",3197,853,420,63471,101,0,0,1,0.0,neutral
1887441442701709823,IdiazAyuso,Isabel Diaz Ayuso,Thu Feb 06 10:01:21 +0000 2025,La izquierda abre la puerta a la droga y la pobreza. https://t.co/h8OWMwSDl2,4897,1463,720,134725,76,0,0,1,0.0,neutral
1887425922904535155,IdiazAyuso,Isabel Diaz Ayuso,Thu Feb 06 08:59:41 +0000 2025,"No se trata de arremeter contra la economía madrileña sino de contraponer programas e ideas, que los ciudadanos sepan qué estamos haciendo, qué propuestas son mejores para ambas regiones y para el conjunto de España. 

Aquí y así esperamos al presidente catalán. https://t.co/Q96D5awtCR",3119,1006,357,78651,286,0,0,1,-0.296,negative
1886866203194363968,IdiazAyuso,Isabel Diaz Ayuso,Tue Feb 04 19:55:33 +0000 2025,"La inquiocupación, como la ocupación, es un delito que se ceba con mucha gente inocente haciéndole grave daño: ruina, acoso, problemas psicológicos, de convivencia...

Es un abuso y un atropello al Estado de Derecho, multiplicado por políticos y leyes demagogas e insensatas. https://t.co/Oz32QRENff",4003,1162,682,121234,299,0,0,1,-0.3818,negative
1886693409399685596,IdiazAyuso,Isabel Diaz Ayuso,Tue Feb 04 08:28:56 +0000 2025,"Los cribados oncológicos salvan vidas. 

Cuidamos de la salud para alejar la enfermedad. 

https://t.co/7D4ezki1vh",1180,306,225,40939,114,0,0,1,0.0,neutral
1886462605096583351,IdiazAyuso,Isabel Diaz Ayuso,Mon Feb 03 17:11:48 +0000 2025,"Cada niño es único y la educación debe saber llevarle todo lo lejos posible sin que ninguno quede atrás.

Probamos con robots en educación especial el trabajo de terapeutas y maestros para que, jugando, aprendan y disfruten en su colegio. https://t.co/KcUYqPgJAY",1587,307,234,52183,262,0,0,1,-0.5574,negative
1886419307262890150,IdiazAyuso,Isabel Diaz Ayuso,Mon Feb 03 14:19:45 +0000 2025,Es curioso que al embajador de Corea del Sur le apliquen las técnicas de los gobernantes de Corea del Norte. https://t.co/3Gd9zdXgR7,6239,1866,305,134551,132,0,0,1,0.0,neutral
1886406359819706668,IdiazAyuso,Isabel Diaz Ayuso,Mon Feb 03 13:28:18 +0000 2025,"Gran noticia: 

52 colegios públicos se acogen a nuestra propuesta para unir los centros de Infantil y Primaria con 1º y 2º de Secundaria a partir del próximo curso.

Que los niños de 11 o 12 sigan en su colegio de siempre prolongando su infancia.

Ojalá sean más colegios. https://t.co/5YalEUzjxa",5843,1053,301,251654,297,0,0,1,0.0,neutral
1886395615514349631,IdiazAyuso,Isabel Diaz Ayuso,Mon Feb 03 12:45:36 +0000 2025,"Madrid y Cataluña juntas iríamos mucho más lejos. 

Quiero saber qué van a proponer en estas semanas con la caja común de todos los españoles, de dónde va a salir tanto dinero para las propuestas que se hacen.  

Un diálogo abierto y sincero. https://t.co/TmVLsRAan3",4714,1138,450,154551,266,0,0,1,0.0,neutral
1886112751723913283,IdiazAyuso,Isabel Diaz Ayuso,Sun Feb 02 18:01:36 +0000 2025,Mañana tengo algunas cosas que comentar en Telecinco a partir de las 9:30. https://t.co/HFOsz1o4aD,7331,1259,1420,822912,98,0,0,1,0.0,neutral
1886073019396665572,IdiazAyuso,Isabel Diaz Ayuso,Sun Feb 02 15:23:44 +0000 2025,"El autónomo empresario de pequeño negocio de barrio está siendo el paria de muchos gobiernos.

https://t.co/2Yr6QgBWO9 https://t.co/4M25ymc23B",2613,850,449,207883,142,0,0,2,0.0,neutral
1886009231687446574,IdiazAyuso,Isabel Diaz Ayuso,Sun Feb 02 11:10:15 +0000 2025,"Desaparecen pruebas, se borran móviles, se roban portátiles, se allanan viviendas. 

Todo lo que pasa últimamente es causal.
https://t.co/T0KH6tINVd",14454,5318,1354,223525,148,0,0,1,0.0,neutral
1885411738754892025,IdiazAyuso,Isabel Diaz Ayuso,Fri Jan 31 19:36:02 +0000 2025,"La Comunidad de Madrid promociona sus productos locales, la gastronomía, la agricultura, ganadería, el mundo rural y a sus gentes, cada vez más reconocidos dentro y fuera de la región.

Clausuramos en Valdemorillo la VI Ruta del garbanzo madrileño de La Garbancera, con https://t.co/70yATwuTMI",1761,336,220,48084,293,0,0,1,0.0,neutral
1885266073089417578,IdiazAyuso,Isabel Diaz Ayuso,Fri Jan 31 09:57:13 +0000 2025,"Ay el feminismo que se les está quedando a los señores de la izquierda…

https://t.co/8AEDiwgRwJ",5224,1501,521,108872,96,0,0,1,0.0,neutral
1885250603380625537,IdiazAyuso,Isabel Diaz Ayuso,Fri Jan 31 08:55:44 +0000 2025,"Las políticas intervencionistas del Gobierno son un fracaso que paga la clase media y los vulnerables. Siempre.

España pierde 100.000 alquileres en 2024 tras limitar los precios.

https://t.co/I0raaTpmb5 https://t.co/dcdFB7Bp5C",3017,980,544,123226,228,0,0,2,0.0,neutral
1885035073331712431,IdiazAyuso,Isabel Diaz Ayuso,Thu Jan 30 18:39:18 +0000 2025,"Ha sido un honor recibir en la Real Casa de Correos a los presidentes de todos los parlamentos autonómicos.

Juntos queremos la mejor España posible.

Madrid es vuestra casa. Bienvenidos. https://t.co/agv1fwDe2c",1488,288,149,44130,211,0,0,1,0.6808,positive
1884962635407380589,IdiazAyuso,Isabel Diaz Ayuso,Thu Jan 30 13:51:27 +0000 2025,"Sin una política equilibrada con el lobo, muchas familias de bien dejarán el mundo rural. 

Gentes que asisten con dolor a la pérdida de animales y de sus inversiones.

Pedimos al Gobierno que actúe. Nosotros ya ponemos nuestras medidas. https://t.co/CImqvo0zJx",2702,579,515,108366,261,0,0,1,-0.5574,negative
1884936041259274269,IdiazAyuso,Isabel Diaz Ayuso,Thu Jan 30 12:05:47 +0000 2025,"Celebramos en Sol los premios que el Ministerio de Cultura y el Gobierno quisieron borrar de forma unilateral y sectaria.

Un ataque ideológico a la libertad, al arte y a la fiesta en España e Hispanoamérica.

Por la cultura, la verdad y la libertad. https://t.co/6BIBuwdt5y",2127,471,427,88255,274,0,0,1,0.4767,positive
1884707960221262135,IdiazAyuso,Isabel Diaz Ayuso,Wed Jan 29 20:59:28 +0000 2025,"Nos reunimos con Vox y Más Madrid para encarar el nuevo periodo de sesiones, después de vernos ayer con PSOE y PP. 

En estas reuniones se intercambian muchas opiniones y puntos de vista diferentes en representación de todos los madrileños. https://t.co/ji9Xug4j1L",1306,223,180,48436,264,0,0,1,0.0,neutral
1884660676825579608,IdiazAyuso,Isabel Diaz Ayuso,Wed Jan 29 17:51:35 +0000 2025,"La Comunidad de Madrid, siempre con los enfermos de ELA.

Presentamos nuevos programas para sus cuidadores, para que tengan todas las herramientas en su durísima tarea.

A esto se suman las unidades de enfermería, rehabilitación o terapia que siempre ofrecemos. https://t.co/kqXHZGwIjp",2549,712,245,63574,285,0,0,1,0.0,neutral
1884622513025745126,IdiazAyuso,Isabel Diaz Ayuso,Wed Jan 29 15:19:56 +0000 2025,"El Gobierno vuelve a utilizar y destrozar a las pymes.

Reducir la jornada supone un golpe de 2.635 millones extra a comercios y hostelería, vitales para la economía de Madrid, su obsesión.

Medidas sin estudio de impacto, de manera totalitaria, camino a la servidumbre. https://t.co/yZxciLDE8r",1957,697,827,117275,294,0,0,1,-0.5574,negative
1884345724193624111,IdiazAyuso,Isabel Diaz Ayuso,Tue Jan 28 21:00:04 +0000 2025,"En la ronda de reuniones con los grupos de la Asamblea de Madrid, el PP propone una comisión de estudio sobre las drogas y sus efectos en los jóvenes.

Hablamos de vivienda, sanidad o educación con PSOE.

Nos vemos la semana que viene en los plenos. https://t.co/oBIoHlkk8l",981,174,213,39108,273,0,0,1,0.0,neutral
1884236078753931322,IdiazAyuso,Isabel Diaz Ayuso,Tue Jan 28 13:44:23 +0000 2025,"Los enemigos de Israel, la primera frontera del mundo libre, niegan su derecho a existir.
 
Es importante recordar que no es suficiente sentir piedad por los muertos de hace un siglo si se sigue despreciando a los vivos.

En recuerdo de las víctimas de la Shoá. https://t.co/qfCFkfuO3t",2879,692,448,93763,285,0,0,1,-0.296,negative
1883443191069937957,IdiazAyuso,Isabel Diaz Ayuso,Sun Jan 26 09:13:44 +0000 2025,"El plan internacional de Zapatero, amigo de dictaduras y narcoestados, arranca a España de sus vínculos Atlánticos y occidentales, y nos alinea con poderes contrarios a las democracias liberales.

Plan que Sánchez sigue punto por punto. https://t.co/kDt4UvdgTc",6584,2375,1156,181626,260,0,0,1,0.0,neutral
1883084952151167011,IdiazAyuso,Isabel Diaz Ayuso,Sat Jan 25 09:30:13 +0000 2025,Presos por presupuestos.,5292,1652,651,518797,24,0,0,0,0.0,neutral
1882843935812596060,IdiazAyuso,Isabel Diaz Ayuso,Fri Jan 24 17:32:30 +0000 2025,"Madrid, una historia real. #FITUR2025 https://t.co/L7MGDkWdk6",3099,717,247,222575,61,1,0,1,0.0,neutral
1882836916762194358,IdiazAyuso,Isabel Diaz Ayuso,Fri Jan 24 17:04:37 +0000 2025,"Madrid está viviendo el mejor momento turístico de su historia.

Donde caben todos los acentos, todos los bolsillos, sensibilidades, gustos, intereses, aficiones y pasiones.

Bienvenidos a la región alegre y viva, la de moda.

#FITUR2025 https://t.co/2jGuHs5zR2",3234,546,418,71555,261,1,0,1,0.0,neutral
1882373872340934758,IdiazAyuso,Isabel Diaz Ayuso,Thu Jan 23 10:24:38 +0000 2025,"Hoy se cumplen 30 años del asesinato del hombre que hubiera cambiado la historia del País Vasco y con ella, la de España.

El valiente no es el insensato sino el que no tiene miedo, el lúcido que sabe que se juega la vida, pero vence al miedo. Porque ama más que teme. https://t.co/BMtIBurc9Y",5240,1301,586,193696,292,0,0,1,-0.5267,negative
1882018444117516403,IdiazAyuso,Isabel Diaz Ayuso,Wed Jan 22 10:52:17 +0000 2025,"Cuando nacen menos niños y apenas hay políticas a favor, estas noticias nos hacen especial ilusión. 

Apostamos por la vida.

https://t.co/a0HVWRL24d",3179,540,818,180781,149,0,0,1,0.4019,positive
1881993597639360652,IdiazAyuso,Isabel Diaz Ayuso,Wed Jan 22 09:13:34 +0000 2025,"“Bolaños, necesitamos 2.000 jueces nuevos de urgencia. Invéntate otra reforma de las tuyas”.

https://t.co/IpjNHj8XwY",3451,1001,386,73173,117,0,0,1,0.0,neutral
1881676335158087879,IdiazAyuso,Isabel Diaz Ayuso,Tue Jan 21 12:12:52 +0000 2025,"Suma y sigue.

Imponen otra reforma de profundo calado para seguir maniobrando contra la independencia judicial y la separación de poderes.

Pasito a pasito de manera inexorable hasta que nada quede libre.

https://t.co/Z0GAj5I3Xo",5859,2152,933,269047,230,0,0,1,0.0,neutral
1881330392558424568,IdiazAyuso,Isabel Diaz Ayuso,Mon Jan 20 13:18:13 +0000 2025,"On behalf of Madrid Region, I would like to congratulate President @realDonaldTrump on his Inaguration, and wish for an even closer partnership of Madrid and all Spain with the USA. 

En nombre de la @ComunidadMadrid, quisiera felicitar al Presidente Trump en su toma de posesión,",7438,1241,927,320276,280,0,2,0,0.8126,positive
1880734661103731012,IdiazAyuso,Isabel Diaz Ayuso,Sat Jan 18 21:51:00 +0000 2025,"Perú y los peruanos, Lima y los limeños, deben saber que cuentan y contarán siempre con España y Madrid. 

En defensa del Estado de Derecho y la democracia, la libertad.
 
¿Para qué? Para vivir.

Gracias por tanto. https://t.co/rd8I4tv1yF",5803,937,576,162479,238,0,0,1,0.0,neutral
1880732101710070236,IdiazAyuso,Isabel Diaz Ayuso,Sat Jan 18 21:40:50 +0000 2025,"La figura de Pizarro vuelve al centro de Lima para recordarnos que somos parte de la misma Historia, de un pasado y un futuro mestizo, alegre y en comunidad.

El mejor testimonio de la grandeza que surge cuando dos mundos se encuentran. https://t.co/ynZozb94Bm",8755,1435,703,501968,260,0,0,1,0.0,neutral
1880368306022150583,IdiazAyuso,Isabel Diaz Ayuso,Fri Jan 17 21:35:14 +0000 2025,"Ha sido Franco.

https://t.co/wCto0o0ZU0",7990,1670,993,696384,40,0,0,1,0.34,positive
1880271076888076561,IdiazAyuso,Isabel Diaz Ayuso,Fri Jan 17 15:08:53 +0000 2025,"Una Historia común, un futuro prometedor. 

La celebración de la Hispanidad crece cada año. Este 2025 podrán admirase en Madrid obras de arte virreinal de la Fundación Osma de Lima en la Casa-Museo Lope de Vega de Madrid y la Casa Natal de Cervantes de Alcalá de Henares. https://t.co/JguinG5Zy5",3065,606,249,75046,295,0,0,1,0.0,neutral
1879952295699660857,IdiazAyuso,Isabel Diaz Ayuso,Thu Jan 16 18:02:09 +0000 2025,"En el distrito de San Juan de Lurigancho, una de las zonas más pobres de Perú, conociendo con el alcalde @rlopezaliaga1 el Programa de Agua de Emergencia y Hambre Cero de Lima.

Muchas familias de aquí hoy tienen a los suyos en Madrid. https://t.co/gbaeQv3tuE",2372,533,516,148281,259,0,1,1,0.0,neutral
1879506636576059594,IdiazAyuso,Isabel Diaz Ayuso,Wed Jan 15 12:31:16 +0000 2025,"La Real Casa de Correos tiene una larga historia que no se puede reducir a la significación concreta que el Gobierno pretende darle dentro de su estrategia de reanimar el franquismo.

La discordia, la amnesia, la manipulación de la Historia y el guerracivilismo no vencerán. https://t.co/i31ZAYPRxs",3617,964,538,106026,298,0,0,1,-0.5267,negative
1879498058200985818,IdiazAyuso,Isabel Diaz Ayuso,Wed Jan 15 11:57:11 +0000 2025,"Si la Ley Begoña prospera, la Comunidad de Madrid no podría seguir personada en los 28 casos de violencia contra las mujeres en los que ejercemos la acción popular, entre otros casos. https://t.co/jM6U4u481b",10339,3342,675,163615,207,0,0,1,0.1531,positive
1879087153931809107,IdiazAyuso,Isabel Diaz Ayuso,Tue Jan 14 08:44:23 +0000 2025,"Presidencia del Gobierno ha emprendido una operación de Estado contra mí utilizando al Fiscal General del Estado.

El segundo es un peligro para el Estado de derecho y por eso él y su cuadrilla deben dimitir.

El presidente es un peligro para España. Por eso también debe dimitir. https://t.co/xnYyNQD6Lr",14618,4392,1346,510783,304,0,0,1,0.34,positive
1878851658563899726,IdiazAyuso,Isabel Diaz Ayuso,Mon Jan 13 17:08:37 +0000 2025,"Uno de los mejores compositores de España, uno de los mejores grupos de música de nuestra historia.

El Gobierno persigue a artistas para amedrentar también al mundo de la cultura. 

Las prácticas dictatoriales se multiplican día a día.

https://t.co/v2PmTwdezb",8312,2169,1637,240401,261,0,0,1,0.0,neutral
1877687703900184881,IdiazAyuso,Isabel Diaz Ayuso,Fri Jan 10 12:03:29 +0000 2025,"Inauguramos el nuevo vestíbulo de la estación de Metro de Atocha donde confluyen trenes, Cercanías, la L1 y la nueva 11 de Metro. 

Con un nuevo centro de homenaje a las víctimas del 11M, que nos recuerda la lucha diaria del pueblo de Madrid por la libertad y la vida. https://t.co/EOfpMIwhD4",1835,323,282,54542,292,0,0,1,0.0,neutral
1877670209290637605,IdiazAyuso,Isabel Diaz Ayuso,Fri Jan 10 10:53:57 +0000 2025,"Segundo acto para rememorar la dictadura y parecernos a ella todo lo posible.
 
Buscando impunidad de los políticos frente a la justicia y amedrentar a los jueces. 

No lo hacen por Proyecto de Ley para eludir los informes del CGPJ y del Consejo de Estado. 

¡Muy grave! https://t.co/L16z9gFjY0",6798,2588,778,188565,294,0,0,1,-0.6239,negative
1877618017154064891,IdiazAyuso,Isabel Diaz Ayuso,Fri Jan 10 07:26:34 +0000 2025,Líder. https://t.co/VDRdcCJto4,25551,3683,494,360221,30,0,0,1,0.0,neutral
1877441429942817021,IdiazAyuso,Isabel Diaz Ayuso,Thu Jan 09 19:44:52 +0000 2025,"El régimen criminal de Maduro toca fondo deteniendo violentamente a María Corina Machado tras la manifestación de Caracas, multiplicada por todo el mundo.

Madrid y España con la libertad. Todos con Venezuela. https://t.co/Uj8saBr269",23567,7368,898,969648,233,0,0,1,-0.5267,negative
1877380451842543823,IdiazAyuso,Isabel Diaz Ayuso,Thu Jan 09 15:42:34 +0000 2025,"Trabajamos por aportar las mejores herramientas posibles para construir la universidad del futuro.

Donde se une a la FP Superior, las enseñanzas artísticas superiores, las escuelas de negocios, la ciencia, la empresa y la universidad.

Enhorabuena al nuevo rector de la https://t.co/t3ioldixtW",1252,215,161,52275,294,0,0,1,0.5423,positive
1877007865493275050,IdiazAyuso,Isabel Diaz Ayuso,Wed Jan 08 15:02:02 +0000 2025,"Y si como dice la Ley de Memoria Democrática dictada por Bildu el franquismo dura hasta 1983, ni siquiera le salen las cuentas de los 50 años.

Porque el objetivo de esa ley es dinamitar la Transición.",4161,1144,599,106961,201,0,0,0,0.0,neutral
1876979570944946590,IdiazAyuso,Isabel Diaz Ayuso,Wed Jan 08 13:09:36 +0000 2025,"Lo que hace falta celebrar es la caída de Maduro y la llegada de la democracia a Venezuela. 

En España, desde 1975 los que han puesto y ponen en serio peligro la libertad son Bildu, Junts y el propio Sánchez.",17860,4556,1783,923069,209,0,0,0,0.0,neutral
1876695097691017492,IdiazAyuso,Isabel Diaz Ayuso,Tue Jan 07 18:19:13 +0000 2025,"En la Puerta del Sol este jueves a las 18:00.

Madrid, como siempre, con Venezuela.",9663,3215,446,244726,83,0,0,0,0.0,neutral
1876237025411530825,IdiazAyuso,Isabel Diaz Ayuso,Mon Jan 06 11:59:00 +0000 2025,"Nadie les ayudó. 

Quieren tapar que hoy, el proyecto político detrás de cientos de asesinatos de ETA está en el poder. Con un pacto secreto. 

Por eso Sánchez nos inunda con la “memoria” unilateral del guerracivilismo y la dictadura.

https://t.co/oaMjYTZNVp https://t.co/dEuE22v12V",7426,2579,1518,674026,283,0,0,2,0.0,neutral
1875940363585872080,IdiazAyuso,Isabel Diaz Ayuso,Sun Jan 05 16:20:10 +0000 2025,"La fiesta de los Reyes Magos celebra la Epifanía, una riqueza inmensa que los niños y las familias en España siguen celebrando con la misma ilusión.

Feliz noche a todos. https://t.co/8fdMB8Mejk",4200,746,470,106084,194,0,0,1,0.4767,positive
1875207485432434730,IdiazAyuso,Isabel Diaz Ayuso,Fri Jan 03 15:47:58 +0000 2025,"La Comunidad de Madrid genera casi el 50% del empleo nacional en diciembre.

Los afiliados suben en 114.779; cada día 314 personas encuentran un trabajo.

Cifra récord también en autónomos.",4227,995,674,181585,189,0,0,0,0.0,neutral
1875168470377353391,IdiazAyuso,Isabel Diaz Ayuso,Fri Jan 03 13:12:56 +0000 2025,Sólo trabajan para la destrucción. https://t.co/WQTgndJW9r,4881,1430,1016,235000,58,0,0,1,0.0,neutral
1874838176017354939,IdiazAyuso,Isabel Diaz Ayuso,Thu Jan 02 15:20:28 +0000 2025,"Toda mi condena a estos hechos vandálicos, a esta ofensa gratuita a tanta gente de bien que cada año pone este maravilloso Belén, orgullo de los vecinos de San Lorenzo de El Escorial y sus miles de visitantes.

https://t.co/b8Ui8KRq9E",9295,2611,1223,270461,234,0,0,1,0.0,neutral
1874769084577177659,IdiazAyuso,Isabel Diaz Ayuso,Thu Jan 02 10:45:55 +0000 2025,"Poco a poco España pierde su libertad con este Gobierno. 

Hasta que no quede institución a la que recurrir ni lugar donde denunciarlo. https://t.co/FRyjMyrSLA",4324,1548,885,99720,159,0,0,1,-0.296,negative
1874722591673553062,IdiazAyuso,Isabel Diaz Ayuso,Thu Jan 02 07:41:11 +0000 2025,Por más declaraciones públicas y cartas que enviemos desde Madrid.,2508,643,413,212578,66,0,0,0,0.0,neutral
1906810892416671956,IdiazAyuso,Isabel Diaz Ayuso,Mon Mar 31 20:48:38 +0000 2025,"Qué visita bonita la de Sonia a la Real Casa de Correos para hablarnos de sus proyectos e ilusiones.

Y junto a ella, sus orgullosos padres, que tanto la quieren y arropan en todo 💚 https://t.co/vOi8ok7q5p",1828,275,164,58918,205,0,0,1,0.6369,positive
1906799733621793048,IdiazAyuso,Isabel Diaz Ayuso,Mon Mar 31 20:04:17 +0000 2025,"Ni Andalucía ni Madrid somos terruños, sino tierras universales. 

En Madrid los andaluces rompen tópicos y resuenan en el mundo entero.
 
Un orgullo acompañar a @JuanMa_Moreno en estos premios a  artistas, periodistas o empresarios andaluces. https://t.co/DNE3qebYFM",1294,292,146,39491,267,0,1,1,0.0,neutral
1906651871986798627,IdiazAyuso,Isabel Diaz Ayuso,Mon Mar 31 10:16:44 +0000 2025,"Las declaraciones de la Ministra amenazando y denigrando las universidades privadas son inaceptables y rayan en la ilegalidad. 

Atentan contra la libertad de empresa y educativa, contra la seguridad jurídica y la neutralidad institucional. 

Quieren destruir el Estado de derecho",7327,2183,661,195580,280,0,0,0,0.0,neutral
1906302826822701425,IdiazAyuso,Isabel Diaz Ayuso,Sun Mar 30 11:09:45 +0000 2025,"Enhorabuena a #Wow17 y a @Topuriailia por el gran éxito de anoche en Madrid.

Una velada donde las artes marciales llenaron el Madrid Arena de combates y espectáculo. https://t.co/8N8IpXEU9m",2637,360,213,822270,190,1,1,1,0.0,neutral
1905976532738167240,IdiazAyuso,Isabel Diaz Ayuso,Sat Mar 29 13:33:11 +0000 2025,"Jurar bandera es un acto solemne en el que se promete lealtad a España. 

También es un día precioso e inolvidable. 

Ha sido un inmenso honor acompañar a los vecinos de Alcobendas, municipio donde juré bandera hace años, en este día único. https://t.co/twc9Gg9TSb",5672,1209,600,110124,264,0,0,1,0.6808,positive
1905306454686339466,IdiazAyuso,Isabel Diaz Ayuso,Thu Mar 27 17:10:32 +0000 2025,"Presentamos la exposición “¡Hispano! Gladiadores en el Imperio Romano”, en el Museo Arqueológico y Paleontológico de la región (MARPA), en Alcalá de Henares.

Entrada libre y gratuita, hasta septiembre. https://t.co/6W7C8DtsjG",1287,253,190,39303,226,0,0,1,0.0,neutral
1905219143881621569,IdiazAyuso,Isabel Diaz Ayuso,Thu Mar 27 11:23:35 +0000 2025,"Madrid concentró el 53% de la vivienda protegida de España en 2024.

https://t.co/rnCQSBSKjM",1437,436,262,49333,92,0,0,1,0.0,neutral
1904865295875113103,IdiazAyuso,Isabel Diaz Ayuso,Wed Mar 26 11:57:31 +0000 2025,"🔴 Presentamos recurso de inconstitucionalidad ante el TC contra el Real Decreto que modifica la Ley de Extranjería y el reparto de menores.

-Invade competencias exclusivas autonómicas.
-Nuestra autonomía financiera.
-Debería ir por Ley Orgánica.
-Vulnera derechos fundamentales",4617,1286,916,288249,278,0,0,0,0.0,neutral
1904518207576187311,IdiazAyuso,Isabel Diaz Ayuso,Tue Mar 25 12:58:19 +0000 2025,"Presentamos 316 políticas con las que fomentar la autonomía personal y la participación plena en la vida madrileña.

Atención temprana, pisos tutelados, menos burocracia, nuevas residencias, servicios en domicilio, educación especial…

La discapacidad sabe que cuenta con https://t.co/EuiENlN25c",1157,282,198,38336,295,0,0,1,0.0,neutral
1904259336919998600,IdiazAyuso,Isabel Diaz Ayuso,Mon Mar 24 19:49:40 +0000 2025,"La Comunidad de Madrid va a solicitar al Ejecutivo central declarar Zona Gravemente Afectada por una Emergencia de Protección Civil a los municipios que han sufrido las consecuencias de las intensas lluvias registradas en la región. 

Este mismo lunes se ha publicado en el BOCM",2061,514,327,87834,278,0,0,0,0.34,positive
1904210314343620789,IdiazAyuso,Isabel Diaz Ayuso,Mon Mar 24 16:34:52 +0000 2025,Estoy en contra de la falsa división entre Madrid y Cataluña. https://t.co/LGx9wPQeUi,3086,654,377,84632,85,0,0,1,0.0,neutral
1903763545507979370,IdiazAyuso,Isabel Diaz Ayuso,Sun Mar 23 10:59:34 +0000 2025,"Fallece Jesús Santos, teniente de alcalde de Alcorcón, después de un duro camino contra el cáncer. 

Nuestro pésame a su familia, amigos, compañeros. DEP.",3211,333,264,168371,154,0,0,0,0.0,neutral
1903475651555852623,IdiazAyuso,Isabel Diaz Ayuso,Sat Mar 22 15:55:34 +0000 2025,Los servicios públicos de la Comunidad de Madrid.,2338,477,221,121876,49,0,0,0,0.0,neutral
1903000073539039274,IdiazAyuso,Isabel Diaz Ayuso,Fri Mar 21 08:25:48 +0000 2025,"Feliz Día Internacional del Síndrome de Down a todas estas personas excepcionales, buenas y llenas de valores. 

A ellos y a sus familias, decirles que seguiremos trabajando por su plena autonomía en la Comunidad de Madrid. https://t.co/XQ9VH9m4Ez",4372,715,329,140794,247,0,0,1,0.0,neutral
1902788020878692512,IdiazAyuso,Isabel Diaz Ayuso,Thu Mar 20 18:23:10 +0000 2025,"El sectarismo les devora a sí mismos.

La conmemoración del Dos de Mayo con el Gobierno del Frente Popular, con presencia militar. 

1936. https://t.co/DpDktxv8IL",1989,703,306,65696,162,0,0,1,0.4215,positive
1874588060358435087,IdiazAyuso,Isabel Diaz Ayuso,Wed Jan 01 22:46:36 +0000 2025,"Feliz vida nueva, que empieza cada día como el regalo que es. 

Aún más felices de que sea en Madrid. Enhorabuena, padres.",3530,382,214,181698,122,0,0,0,0.0,neutral
1939655985636823379,IdiazAyuso,Isabel Diaz Ayuso,Mon Jun 30 12:03:18 +0000 2025,"La corrupción mantiene a Sánchez en el poder. Le tiene atado a la silla. 

Antes, los españoles sabíamos que estaba acorralado por los escándalos: hoy lo sabe toda la ONU, reunida en Sevilla en medio de esta vergüenza.",13225,3387,1508,868825,218,0,0,0,0.0,neutral
1939040338779471887,IdiazAyuso,Isabel Diaz Ayuso,Sat Jun 28 19:16:57 +0000 2025,"Las asociaciones profesionales en España están dando la batalla por la separación de poderes, por la función pública, la dignidad de las instituciones y el Estado de derecho.

https://t.co/JQZ8sXWEzJ",5090,1243,676,93673,199,0,0,1,0.0,neutral
1938666156027715702,IdiazAyuso,Isabel Diaz Ayuso,Fri Jun 27 18:30:04 +0000 2025,"Proyectos que generan empleo y nuevas oportunidades para todos.

https://t.co/pnpasKjj4c",1758,380,219,64513,88,0,0,1,0.0,neutral
1938621581510459476,IdiazAyuso,Isabel Diaz Ayuso,Fri Jun 27 15:32:57 +0000 2025,"El IE será universidad en Madrid antes de que acabe el año.

Esta institución que nació en nuestra región es una gran embajadora que atrae alumnos de 160 países.

Les esperamos en esta casa internacional y abierta a la innovación y al futuro. https://t.co/cj3jGEDvMA",991,210,143,66810,266,0,0,1,0.0,neutral
1938582279342964764,IdiazAyuso,Isabel Diaz Ayuso,Fri Jun 27 12:56:47 +0000 2025,Felicidades ❤️,1778,201,118,106792,14,0,0,0,0.0,neutral
1938500028521451958,IdiazAyuso,Isabel Diaz Ayuso,Fri Jun 27 07:29:57 +0000 2025,"Renovamos el convenio con @Google para que todos los colegios públicos madrileños utilicen herramientas educativas basadas en la IA.

Centradas también en la formación de profesores y en aliviar su carga burocrática. https://t.co/9aWSg14tG4",1224,230,146,45970,240,0,1,1,0.0,neutral
1938301501404799319,IdiazAyuso,Isabel Diaz Ayuso,Thu Jun 26 18:21:04 +0000 2025,"Oracle anuncia una inversión de 1.000 millones $ en Madrid en los próximos 10 años para crear una nueva nube pública.

Con ella y la IA agilizaremos las listas de espera y las citas médicas en atención primaria, redistribuyendo recursos y evitando saturaciones. https://t.co/FZQO4hOJ1K",3482,622,466,186710,285,0,0,1,0.0,neutral
1938264091912438058,IdiazAyuso,Isabel Diaz Ayuso,Thu Jun 26 15:52:25 +0000 2025,"La economía madrileña ha crecido un 3% en el primer trimestre de 2025, dos décimas por encima de la media nacional.

Presentamos esta región de apertura y alianzas ante inversores, desde la sede de @OliverWyman. https://t.co/WPG22OKDna",1235,261,176,39065,235,0,1,1,0.34,positive
1938193313242485173,IdiazAyuso,Isabel Diaz Ayuso,Thu Jun 26 11:11:10 +0000 2025,"La amnistía es impunidad. Destrucción del Poder Judicial. 

Se blanquea la corrupción de Estado. 

Acaba con la seguridad jurídica. Criminaliza la vida política y desmoraliza la sociedad.",10108,2787,1096,239556,187,0,0,0,0.0,neutral
1938134374244814925,IdiazAyuso,Isabel Diaz Ayuso,Thu Jun 26 07:16:58 +0000 2025,"La Comunidad de Madrid se prepara para el primer partido de la @NFL en España, el 16 de noviembre, en Madrid. 

Un evento mundial para el que trabajaremos con la mayor ilusión. https://t.co/qVtEj9J1Ve",2942,398,224,98191,200,0,1,1,0.0,neutral
1937921897255342179,IdiazAyuso,Isabel Diaz Ayuso,Wed Jun 25 17:12:39 +0000 2025,"Madrid’s regional Government is openly pro American, and committed to defending freedom, life, entrepreneurship, and private property. 

During out visit to USA, we have called for building bridges, respecting symbols, and loyally keeping our Atlantic alliance and friendship. https://t.co/JJiwKzLb4p",964,194,323,140495,300,0,0,1,0.9382,positive
1937892508794532009,IdiazAyuso,Isabel Diaz Ayuso,Wed Jun 25 15:15:53 +0000 2025,"El gobierno de la Comunidad de Madrid es abiertamente pro americano y defiende la libertad, la vida, la empresa y la propiedad. 

Desde Estados Unidos apelamos a los puentes, al respeto por los símbolos, a la unidad a los dos lados del Atlántico.

Intereses por encima de los https://t.co/aFhl8Xebiy",3330,589,919,261337,299,0,0,1,0.0,neutral
1937583960147845455,IdiazAyuso,Isabel Diaz Ayuso,Tue Jun 24 18:49:49 +0000 2025,"La Comunidad de Madrid y la Cámara de Comercio de España en Miami colaboraremos en el ámbito de la Educación Superior.

Firmamos el primer acuerdo.

Impulsaremos las universidades madrileñas en el continente y las relaciones culturales e institucionales entre Madrid y EEUU. https://t.co/rXRM7NmOOE",1431,280,217,53355,298,0,0,1,0.5423,positive
1937235304865305030,IdiazAyuso,Isabel Diaz Ayuso,Mon Jun 23 19:44:23 +0000 2025,"Es un honor recibir la llave de la ciudad de Miami de manos de su alcalde, @FrancisSuarez. 

El trabajo que está haciendo es impresionante y ha convertido a la ciudad en una de las más prósperas, vivas y seguras de los Estados Unidos. https://t.co/X7gCFI58eg",3807,661,342,94944,258,0,1,1,0.6808,positive
1937211420287832152,IdiazAyuso,Isabel Diaz Ayuso,Mon Jun 23 18:09:28 +0000 2025,"En la Florida International University (FIU) con las universidades madrileñas intercambiando proyectos y vías de trabajo en común.

Analizamos la colaboración público-privada de las universidades americanas destinada sobre todo a investigación. https://t.co/hBaVkznuRj",1398,245,170,57747,268,0,0,1,0.0,neutral
1937177684871717040,IdiazAyuso,Isabel Diaz Ayuso,Mon Jun 23 15:55:25 +0000 2025,"Presentamos en Miami Dade College el programa Américo Castro para incorporar profesores visitantes a las universidades madrileñas.

Queremos promocionar el intercambio de estudiantes y profesores y multiplicar la investigación, junto a la industria, la empresa y la FP. https://t.co/6VvGwQGNKj",922,205,90,43941,293,0,0,1,0.0,neutral
1936864090061693334,IdiazAyuso,Isabel Diaz Ayuso,Sun Jun 22 19:09:18 +0000 2025,"La universidad madrileña ofrece a los estudiantes hispanoamericanos una segunda casa donde formarse, investigar y encontrar empleo. 

En Miami buscamos nuevos proyectos con los rectores madrileños. https://t.co/KE6C8AQcSz",1404,282,347,119593,221,0,0,1,0.0,neutral
1935702743030575178,IdiazAyuso,Isabel Diaz Ayuso,Thu Jun 19 14:14:32 +0000 2025,"Ha fallecido Esperanza García, a quien conocí peleando por el futuro de Cataluña hace muchos años.

Es una pena tremenda que se nos haya muerto tan joven. 

Todo mi cariño para su entorno personal❤️ https://t.co/NI3Wl87Ex7",4607,382,428,220204,222,0,0,1,0.34,positive
1935661006971166888,IdiazAyuso,Isabel Diaz Ayuso,Thu Jun 19 11:28:41 +0000 2025,https://t.co/YuG6a6XGv5,691,221,182,37567,23,0,0,1,0.0,neutral
1935655813848150155,IdiazAyuso,Isabel Diaz Ayuso,Thu Jun 19 11:08:03 +0000 2025,https://t.co/PuhtVFDYqV,991,301,131,42996,23,0,0,1,0.0,neutral
1935644966698561894,IdiazAyuso,Isabel Diaz Ayuso,Thu Jun 19 10:24:57 +0000 2025,https://t.co/nVShYCpWRj,1071,315,186,42406,23,0,0,1,0.0,neutral
1935633797644480778,IdiazAyuso,Isabel Diaz Ayuso,Thu Jun 19 09:40:34 +0000 2025,Por cada cinco escándalos que aparecen del Gobierno de Sánchez Madrid recibe 1 o 2 reconocimientos. https://t.co/N5qHiiJx47,3219,786,391,61433,123,0,0,1,0.0,neutral
1935630936164450337,IdiazAyuso,Isabel Diaz Ayuso,Thu Jun 19 09:29:12 +0000 2025,El pornofeminismo de la izquierda. https://t.co/ONtHH4kQfS,4610,1362,361,93030,58,0,0,1,0.0,neutral
1935629325354582153,IdiazAyuso,Isabel Diaz Ayuso,Thu Jun 19 09:22:48 +0000 2025,"Navarra no es una vertiente. Es el epicentro de la corrupción de Estado que sostiene a Sánchez.

Por eso pactaron con Bildu nada más llegar y entregaron Pamplona. https://t.co/fLf5Hy1eLU",5874,1676,366,111727,186,0,0,1,-0.296,negative
1935585526821650439,IdiazAyuso,Isabel Diaz Ayuso,Thu Jun 19 06:28:45 +0000 2025,Espero que dieran con mi suspenso en matemáticas en 8º de EGB.,22968,2737,1074,1377657,62,0,0,0,0.0,neutral
1935397553899483181,IdiazAyuso,Isabel Diaz Ayuso,Wed Jun 18 18:01:49 +0000 2025,"La Comunidad de Madrid es capital mundial del deporte.
 
Cada vez más deportistas, federaciones y eventos de toda magnitud resuenan dentro y fuera de nuestra región y nos abren al mundo.

Celebramos con mucha ilusión los Premios “Siete Estrellas del Deporte”. https://t.co/hcu95Emy67",1473,261,166,60584,283,0,0,1,0.0,neutral
1935253809455874122,IdiazAyuso,Isabel Diaz Ayuso,Wed Jun 18 08:30:38 +0000 2025,"Bildu solo tiene un plan y una condición: arrastrarnos a una república federal plurinacional, que Junts y ellos pagarán con nuestros impuestos. 

Esta es la corrupción verdadera, la mortal: que España está en manos de quienes usan la debilidad de Sánchez para acabar con esta https://t.co/OhGnhSwIXR",5135,1798,620,123865,299,0,0,1,0.0,neutral
1935247337829327233,IdiazAyuso,Isabel Diaz Ayuso,Wed Jun 18 08:04:55 +0000 2025,"Nueva sorpresa en el Niño Jesús, el hospital de la magia. https://t.co/qXiGWtar6y",7035,1290,344,985225,81,0,0,1,0.0,neutral
1934955580151517468,IdiazAyuso,Isabel Diaz Ayuso,Tue Jun 17 12:45:34 +0000 2025,"Los socios de Sánchez encuentran una nueva oportunidad para chantajearle a costa de España. 

Y por supuesto, no romperán.

Cuando la democracia liberal se sustituye por la “popular”, el Estado de Derecho se acaba. 

Para eso se está usando el parlamento de todos.

Y por eso, una https://t.co/HTAz3UTd4I",3764,1294,736,94218,304,0,0,1,-0.296,negative
1934940826766868514,IdiazAyuso,Isabel Diaz Ayuso,Tue Jun 17 11:46:57 +0000 2025,"El primer @burgerking_es en Europa se abrió en la Plaza de los Cubos, en Madrid, hace 50 años.

Por el Burrikín hemos pasado todos alguna vez. Tiene 200 restaurantes en la región, que dan empleo a 6.000 personas.

¡Feliz cumpleaños! https://t.co/oT07fkATQp",5859,428,1173,2998589,256,0,1,1,0.0,neutral
1934893500266631289,IdiazAyuso,Isabel Diaz Ayuso,Tue Jun 17 08:38:53 +0000 2025,"Jueces y fiscales nos avisan desde hace años del peligro: España va camino de perder todo lo construido estas décadas, camino de convertirse en la tiranía del sur de Europa.

Sánchez está dispuesto a ocuparlo todo para mantenerse en el poder.

https://t.co/UDN36FSbiw",7906,2819,726,137372,267,0,0,1,0.0,neutral
1934629936850956764,IdiazAyuso,Isabel Diaz Ayuso,Mon Jun 16 15:11:35 +0000 2025,"Felicidades, Abraham Duarte, nuevo rector de la @urjc.

Es la segunda más grande de Madrid, con un 100% de empleabilidad entre sus alumnos, una décima parte, de otros rincones del mundo.

Apostamos por una universidad pública libre, abierta, ambiciosa. https://t.co/RYxXeLoVZm",636,117,86,37224,276,0,1,1,0.0,neutral
1934539371820261507,IdiazAyuso,Isabel Diaz Ayuso,Mon Jun 16 09:11:42 +0000 2025,"Esto es corrupción de Estado.

Con las instituciones y el dinero de todos los españoles. https://t.co/nTjqYyebMA",5469,1857,963,136676,112,0,0,1,0.0,neutral
1934537008275169494,IdiazAyuso,Isabel Diaz Ayuso,Mon Jun 16 09:02:19 +0000 2025,"La pequeña y la mediana empresa española es la paria de la película. 

Todos se sirven de ella cuando es la que más empleo, prosperidad y oportunidades lleva a cualquier rincón de España.

No hay derecho a que le esté pasando esto.

https://t.co/oM3ijb73o5",1653,443,228,65716,256,0,0,1,-0.296,negative
1934510056424546486,IdiazAyuso,Isabel Diaz Ayuso,Mon Jun 16 07:15:13 +0000 2025,Admiro a Nicolás Redondo. https://t.co/fZVnOMKGtx,982,215,310,85122,49,0,0,1,0.0,neutral
1934338134789272062,IdiazAyuso,Isabel Diaz Ayuso,Sun Jun 15 19:52:04 +0000 2025,"Los actos de celebración de los 40 años de la Real Casa de Correos acabaron con este concierto. 

Sin playa, pero con muchas ganas de vivir en libertad y de seguir abiertos al mundo, de celebrar en las calles, de estar juntos.

¡Gracias a todos! https://t.co/QF8nCbuabr",2270,369,152,67109,269,0,0,1,-0.5983,negative
1934246957284741226,IdiazAyuso,Isabel Diaz Ayuso,Sun Jun 15 13:49:45 +0000 2025,"Gracias, @patrullaguila #Aire25 https://t.co/11eg7MruyO",6711,696,151,155670,55,1,1,1,0.0,neutral
1934246841199005914,IdiazAyuso,Isabel Diaz Ayuso,Sun Jun 15 13:49:18 +0000 2025,Con los murcianicos maravillosos y tantos profesionales que dedican su vida a España a través de los Ejércitos. https://t.co/RkG8kZSfNt,2424,304,173,98810,135,0,0,1,0.0,neutral
1934239756831072658,IdiazAyuso,Isabel Diaz Ayuso,Sun Jun 15 13:21:09 +0000 2025,"La Patrulla Águila cumple 40 años dibujando nuestra bandera desde San Javier, Murcia.

Últimos vuelos con el avión C-101 con el que han volado estas cuatro décadas #Aire25.

Animamos a todos a visitar la exposición en la Real Casa de Correos. https://t.co/FcQtKLOASG",2092,351,74,50150,266,1,0,1,0.0,neutral
1933984190183162044,IdiazAyuso,Isabel Diaz Ayuso,Sat Jun 14 20:25:37 +0000 2025,"Ha fallecido un gran profesional, una gran persona a quien echaremos mucho de menos.

Qué nueva batalla has librado, valiente.

Todo nuestro apoyo a su familia, amigos y al equipo de @elmundoes.

https://t.co/zzQzFGgosv",2400,341,219,105093,219,0,1,1,0.34,positive
1933927729428386107,IdiazAyuso,Isabel Diaz Ayuso,Sat Jun 14 16:41:15 +0000 2025,"Violeta Barrios libró una de las batallas por la libertad más duras y difíciles de la Historia. 

Acaba de morir desterrada de Nicaragua por la criminal dictadura sandinista. 

Descanse en paz.

https://t.co/bxjVJfLcMm",2251,544,88,50967,218,0,0,1,-0.5267,negative
1933583467163627664,IdiazAyuso,Isabel Diaz Ayuso,Fri Jun 13 17:53:17 +0000 2025,"La Real Casa de Correos cumple 40 años. 

Joaquín Leguina la devolvió a todos los madrileños para que mirara a un futuro fascinante que hemos de escribir entre todos. 

En Madrid nadie se siente extranjero. Madrid nunca levanta muros; tiene puertas que son plazas y están siempre https://t.co/BWnE8ejMGr",1441,288,230,52304,303,0,0,1,0.0,neutral
1933148873410683256,IdiazAyuso,Isabel Diaz Ayuso,Thu Jun 12 13:06:22 +0000 2025,Más Madrid es cómplice de la corrupción de Estado. https://t.co/vsXp6lPHAi,6250,1411,515,181142,74,0,0,1,0.0,neutral
1933140989054538172,IdiazAyuso,Isabel Diaz Ayuso,Thu Jun 12 12:35:02 +0000 2025,Vaya nochecita han pasado en La Moncloa. https://t.co/VVw2bHTdFW,6415,1330,551,121487,64,0,0,1,0.0,neutral
1933106252730519742,IdiazAyuso,Isabel Diaz Ayuso,Thu Jun 12 10:17:00 +0000 2025,"No hay españoles de primera o de segunda por su origen familiar. 

Ese es el discurso nacionalista que en País Vasco o Cataluña nos ha traído hasta aquí. https://t.co/2V8vC5fXub",2001,476,432,88633,177,0,0,1,0.0516,positive
1932777551363256763,IdiazAyuso,Isabel Diaz Ayuso,Wed Jun 11 12:30:52 +0000 2025,"Para esto quieren las lenguas oficiales. 

Ni amor por sus lenguas regionales, ni por la libertad, ni por la verdad. 

Las usan para levantar muros. Totalitarismo y ruptura. https://t.co/2G0ULzIJqu",3060,880,845,153193,197,0,0,1,0.6124,positive
1932761408170831901,IdiazAyuso,Isabel Diaz Ayuso,Wed Jun 11 11:26:43 +0000 2025,"La separación de poderes y los derechos fundamentales en España penden de un hilo. 

Y con ellos, el Estado social y democrático de derecho que nos dimos con la Constitución. 

🆘 🇪🇸 

https://t.co/GHMomt7POs",3035,897,415,83359,207,0,0,1,0.0,neutral
1932715249960169507,IdiazAyuso,Isabel Diaz Ayuso,Wed Jun 11 08:23:18 +0000 2025,Esta es la verdad del borrador del proyecto de Ley de Universidades. https://t.co/mN4r9xAlmB,2118,804,190,76309,92,0,0,1,0.0,neutral
1932668760722186495,IdiazAyuso,Isabel Diaz Ayuso,Wed Jun 11 05:18:34 +0000 2025,Esta noticia es falsa. https://t.co/popRQkmfdA,14886,4378,1748,603221,46,0,0,1,0.0,neutral
1932510536408739906,IdiazAyuso,Isabel Diaz Ayuso,Tue Jun 10 18:49:50 +0000 2025,"Los Teatros del Canal son uno de los centros de artes escénicas más importante de Europa. 

Unen tradición y vanguardia a través del teatro, la música y la danza.

En la nueva programación se reservarán escenarios para compañías zonas afectadas por la DANA. https://t.co/bgdeuuI1s2",785,176,114,38152,281,0,0,1,0.0,neutral
1932386085109162091,IdiazAyuso,Isabel Diaz Ayuso,Tue Jun 10 10:35:19 +0000 2025,"Aquí no hay playa… pero sí muchas ganas de celebrar los 40 años de la Real Casa de Correos como sede la Comunidad de Madrid.

Os esperamos este viernes en la Puerta del Sol, la plaza más popular de este Madrid alegre, callejero, vivo, internacional. https://t.co/i2DZ4Jl62e",1186,304,311,72002,273,0,0,1,0.1531,positive
1932376537342595209,IdiazAyuso,Isabel Diaz Ayuso,Tue Jun 10 09:57:22 +0000 2025,"La Comunidad de Madrid vuelve a liderar la creación de empresas en España, con su mejor mes de abril.

La libertad proporciona nuevas ilusiones, proyectos y oportunidades para todos.

Hoy hemos estado con @MartinSchroeter de @Kyndryl. https://t.co/i3vNBeSfl1",1137,257,251,43980,258,0,2,1,0.0,neutral
1932318779171831897,IdiazAyuso,Isabel Diaz Ayuso,Tue Jun 10 06:07:52 +0000 2025,"Buenos días.

Ya está aprobado el calendario de la Fórmula 1 para 2026:

Con Madrid y Barcelona, España se convierte en uno de los países más potentes del circuito.

Bienvenidos a esta región de todos. https://t.co/NHTPSLmPU2",9779,1257,1395,2243786,225,0,0,1,0.0,neutral
1932001381797273635,IdiazAyuso,Isabel Diaz Ayuso,Mon Jun 09 09:06:38 +0000 2025,"El Hospital Ramón y Cajal realiza el primer trasplante de riñón asistido por robot en la Comunidad de Madrid.

https://t.co/J7HFKv9BFd",1464,328,164,52888,134,0,0,1,0.0,neutral
1931776857168367947,IdiazAyuso,Isabel Diaz Ayuso,Sun Jun 08 18:14:28 +0000 2025,"El totalitarismo, el narcotráfico, el terrorismo, y encima utilizando menores, está destruyendo Colombia y otros países hermanos.

Toda mi solidaridad y mejores deseos para @MiguelUribeT, su familia y su partido, en su lucha por la vida y por la libertad.https://t.co/mbQfPoajcd",6191,1644,318,149911,278,0,1,1,0.0,neutral
1931702760736506145,IdiazAyuso,Isabel Diaz Ayuso,Sun Jun 08 13:20:02 +0000 2025,"En Madrid nadie es “foraster”, “forasteiro”, “mesetario”, “godo”, “charnego” o “maqueto”.

Basta de arrinconar, perseguir y despreciar a los españoles en España.

Por una democracia liberal con los mejores en cada institución. Por la verdad y la libertad. https://t.co/dto01HVbLa",10327,2070,2219,795671,279,0,0,1,0.0,neutral
1930998620817408481,IdiazAyuso,Isabel Diaz Ayuso,Fri Jun 06 14:42:02 +0000 2025,Cataluña es España. Por lo que nos une. https://t.co/FcxQaPzecW,6452,1223,1478,199001,63,0,0,1,0.0,neutral
1930994128671613430,IdiazAyuso,Isabel Diaz Ayuso,Fri Jun 06 14:24:11 +0000 2025,Hay un abismo entre el respeto y la hipocresía institucional. https://t.co/1RlKg3gB1U,10147,2204,1254,267367,85,0,0,1,0.0,neutral
1930988861921898745,IdiazAyuso,Isabel Diaz Ayuso,Fri Jun 06 14:03:15 +0000 2025,"En la Conferencia de Presidentes, solicito:

-EvAU común en toda España.
-Protección a la educación especial.
-No enfrentar educación pública con privada.
-Liberar suelo y seguridad jurídica para construir más vivienda y bajar el precio.
-No enfrentar nuclear y renovables.
-La https://t.co/UGr2XLlDKI",16975,3595,1750,709989,301,0,0,1,0.0,neutral
1930655760918225325,IdiazAyuso,Isabel Diaz Ayuso,Thu Jun 05 15:59:37 +0000 2025,"Lilly invertirá otros 175 millones de euros en Alcobendas.

Madrid cuenta con la mejor red sanitaria y gracias a sus universidades, empresas y mejores profesionales, la prosperidad y la vida serán cada vez mayores en esta región al servicio de España. https://t.co/KceG4XoQa2",1096,218,326,56196,275,0,0,1,0.0,neutral
1930568519080456510,IdiazAyuso,Isabel Diaz Ayuso,Thu Jun 05 10:12:57 +0000 2025,La mafia nos está abochornando ante los ojos del mundo. https://t.co/jGE1lofb0h,5532,1585,862,103142,79,0,0,1,0.0,neutral
1930561020063354931,IdiazAyuso,Isabel Diaz Ayuso,Thu Jun 05 09:43:09 +0000 2025,"Mañana, delante de todos y en español, defenderé esto en la Conferencia de Presidentes. https://t.co/tHHFkCewmT",5048,1307,1435,135337,111,0,0,1,0.0,neutral
1930557056345342096,IdiazAyuso,Isabel Diaz Ayuso,Thu Jun 05 09:27:24 +0000 2025,"Parece mentira, con la que está cayendo en España, que tengamos que estar desmontando tantas mentiras en la Asamblea de Madrid.

Pero es lo que hay… https://t.co/QemRaKpwJY",4309,1102,519,87264,172,0,0,1,0.0,neutral
1930532882138751047,IdiazAyuso,Isabel Diaz Ayuso,Thu Jun 05 07:51:21 +0000 2025,Las pruebas de los efectos nocivos del uso de pantallas en los cerebros de los menores | @elmundoes https://t.co/hOVizoDskd,622,198,271,50771,123,0,1,1,0.0,neutral
1930519038444056896,IdiazAyuso,Isabel Diaz Ayuso,Thu Jun 05 06:56:20 +0000 2025,"La hipocresía de los que hablan de Gaza blanqueando a Hamás.

Todos ciegos y mudos ante las matanzas en todo Oriente próximo. https://t.co/4JlgoqiIW7",2485,817,285,64499,149,0,0,1,0.0,neutral
1930314999588946383,IdiazAyuso,Isabel Diaz Ayuso,Wed Jun 04 17:25:34 +0000 2025,"Madrid es una de las regiones con más startups y empresas innovadoras de Europa.

Universidad, empresa y FP generan empleo y mejoran nuestros servicios públicos.

Apostamos por las grandes ideas que cambian el mundo, en este Madrid abierto, libre e internacional. https://t.co/jLOneQtMQc",1028,212,255,37805,287,0,0,1,0.0,neutral
1929944219612848463,IdiazAyuso,Isabel Diaz Ayuso,Tue Jun 03 16:52:13 +0000 2025,Nos vemos esta noche.,1829,333,806,108299,21,0,0,0,0.0,neutral
1929932904106205352,IdiazAyuso,Isabel Diaz Ayuso,Tue Jun 03 16:07:15 +0000 2025,"Maravillosa @TereJimenezE, gobernadora de Aguascalientes, Méjico. 

Trabajando por los jóvenes, la libertad, la prosperidad de uno de los estados más vivos de este país hermano.

Todo mi apoyo y admiración desde la Comunidad de Madrid. https://t.co/Z9ZDYS0Blr",978,181,145,109535,259,0,1,1,0.0,neutral
1929916310181355673,IdiazAyuso,Isabel Diaz Ayuso,Tue Jun 03 15:01:19 +0000 2025,"La Comunidad de Madrid presenta el proyecto de @speridlabs de cultura infinita, el primero en el mundo con el que se podrán visitar museos y exposiciones temporales sin barreras físicas.

Que nuestra aportación humanística, occidental, mejore la #IA y la cultura. https://t.co/hpbp9GpDkD",517,113,84,25337,287,1,1,1,-0.5574,negative
1929831972471251206,IdiazAyuso,Isabel Diaz Ayuso,Tue Jun 03 09:26:11 +0000 2025,"Esto a casi todos los gobiernos, especialmente de izquierdas les da igual. Al contrario, si pueden, lo blanquean.

Pero contra esta lacra trabajamos a diario en la Comunidad de Madrid, y no lo dejaremos. 

Por una vida en plenitud y libertad. https://t.co/JW2AhEplnv",1326,328,205,45133,266,0,0,1,-0.296,negative
1929802113145553372,IdiazAyuso,Isabel Diaz Ayuso,Tue Jun 03 07:27:32 +0000 2025,"Sánchez y el PSOE les regala la independencia, con la necesaria cooperación del TC.",3575,1166,883,150309,83,0,0,0,0.0,neutral
1929589324191801622,IdiazAyuso,Isabel Diaz Ayuso,Mon Jun 02 17:21:59 +0000 2025,"Audrey Pascual, campeona de esquí alpino adaptado y surfera, es modelo para muchas personas. 

La acompañamos en sus competiciones, devolviéndonos a los madrileños triunfos, mucho esfuerzo y el mejor ejemplo. https://t.co/hCV8Isq2mi",800,130,74,29737,232,0,0,1,0.0,neutral
1929562475181064482,IdiazAyuso,Isabel Diaz Ayuso,Mon Jun 02 15:35:18 +0000 2025,"Compramos en propiedad y reformamos la casa de Vicente Aleixandre para, además, crear la Casa de la poesía.

Que las generaciones del 98, del 14 y del 27, que componen la Edad de Plata, se den de nuevo la mano en este Madrid hispano y de todos los públicos. https://t.co/fJzyVjV4Nv",1893,329,148,57614,281,0,0,1,0.0,neutral
1929526042533802397,IdiazAyuso,Isabel Diaz Ayuso,Mon Jun 02 13:10:32 +0000 2025,"Nuevo hito de la sanidad pública madrileña.

Madrid realiza el primer trasplante de corazón y pulmones en España de un donante fallecido por parada cardiorrespiratoria.

Enhorabuena a todo el equipo del hospital Puerta de Hierro.

https://t.co/mgZcGOQoUf",3902,808,318,107712,254,0,0,1,0.0,neutral
1929276586013905358,IdiazAyuso,Isabel Diaz Ayuso,Sun Jun 01 20:39:16 +0000 2025,"Maravilloso Aranjuez. Tarde de tres puertas grandes.

📸 #JavierArroyo https://t.co/T0WTHQT6Na",2764,278,510,157839,93,1,0,1,0.0,neutral
1929253314182398088,IdiazAyuso,Isabel Diaz Ayuso,Sun Jun 01 19:06:48 +0000 2025,"No hay por qué aguantar tanta decadencia, impunidad y mucho menos, temor. España no es esto. https://t.co/jRbXi91o9a",5388,1359,792,83508,116,0,0,1,-0.5267,negative
1928484312325746726,IdiazAyuso,Isabel Diaz Ayuso,Fri May 30 16:11:04 +0000 2025,"Esto es todavía más peligroso que todo lo visto anteriormente.

Van preparando el golpe en Cataluña, eliminando poco a poco todo lo que lo frenó la última vez. 

Patrocinado por el Gobierno, sufragado por todos los españoles. 

https://t.co/iwTWV1vfYJ",6782,2587,1372,214961,251,0,0,1,0.0,neutral
1928469391382896845,IdiazAyuso,Isabel Diaz Ayuso,Fri May 30 15:11:46 +0000 2025,"Recibimos a la embajadora de Francia en España, @kareen_rispal, para hablar de todo lo que nos une a ambas naciones en cultura, educación o empleo. 

Un placer tener a la representante de todos los franceses en esta casa. https://t.co/KFw6nd2zEF",937,169,236,40230,245,0,1,1,0.0,neutral
1928126920769638646,IdiazAyuso,Isabel Diaz Ayuso,Thu May 29 16:30:55 +0000 2025,"La Comunidad de Madrid, con más ganas que nunca. 

Estas son algunas de las nuevas medidas que vamos a impulsar:",905,206,340,71707,112,0,0,0,0.0,neutral
1928053845558448427,IdiazAyuso,Isabel Diaz Ayuso,Thu May 29 11:40:32 +0000 2025,Que no falte tu voz el día 8 en Madrid: o democracia o mafia.,6828,1585,2691,623797,61,0,0,0,-0.296,negative
1927819571056017566,IdiazAyuso,Isabel Diaz Ayuso,Wed May 28 20:09:37 +0000 2025,La Comunidad de Madrid es la región que más invierte en enseñanza superior y la que más aporta al conjunto de España. #PabloPosse https://t.co/0O5ov1wjjl,776,190,349,38288,153,1,0,1,0.5423,positive
1927711858330345481,IdiazAyuso,Isabel Diaz Ayuso,Wed May 28 13:01:36 +0000 2025,Esta es la situación institucional de la España de Sánchez. https://t.co/biPaD3YLl7,3605,1063,681,98580,83,0,0,1,0.0,neutral
1927700699342578087,IdiazAyuso,Isabel Diaz Ayuso,Wed May 28 12:17:16 +0000 2025,La mafia va a cambiar España si todos los españoles no dan su mejor versión en estos momentos. https://t.co/2AAlLwxkV3,5801,1552,846,125597,118,0,0,1,-0.296,negative
1927422013338959941,IdiazAyuso,Isabel Diaz Ayuso,Tue May 27 17:49:52 +0000 2025,"Los chilenos no son extranjeros ni turistas en Madrid: están en su casa.

Gracias a la delegación encabezada por Andrés Montero, que nos ha honrado con su visita. 

Cada día más chilenos vienen a vivir y traer sus empresas aquí. https://t.co/jqwHWRw6Lf",1998,332,680,445076,252,0,0,1,0.0516,positive
1927375649481646407,IdiazAyuso,Isabel Diaz Ayuso,Tue May 27 14:45:38 +0000 2025,"¡Enhorabuena, @DaniCarvajal92! Muy orgullosos de ti. https://t.co/x7vxupuKWi",4764,502,357,82249,76,0,1,1,0.0,neutral
1927258891147944106,IdiazAyuso,Isabel Diaz Ayuso,Tue May 27 07:01:41 +0000 2025,"Utilización política de la Fiscalía; desprestigio de la tele pública; ruptura institucional y territorial; nuevo intento de manoseo de los funcionarios; corruptelas familiares y sometimiento institucional; chulería con otros países.

El Gobierno lleva a España por el sumidero. https://t.co/bOBRP6hQAm",4655,1717,975,113928,301,0,0,1,0.0,neutral
1927247849915318604,IdiazAyuso,Isabel Diaz Ayuso,Tue May 27 06:17:48 +0000 2025,"Conspiran con empresarios imputados utilizando a la Fiscalía y la Abogacía del Estado para atacar a adversarios políticos y a la Guardia Civil, por hacer su trabajo.

Así opera la mafia chavista. https://t.co/CA7tMl9e8f",7877,2781,511,136723,219,0,0,1,0.0,neutral
1927120188639420427,IdiazAyuso,Isabel Diaz Ayuso,Mon May 26 21:50:31 +0000 2025,¿Cuánto tiempo va a aguantar esto la España de todos? https://t.co/efn8Vvm4CD,5115,1395,728,87160,77,0,0,1,0.0,neutral
1925887974937387516,IdiazAyuso,Isabel Diaz Ayuso,Fri May 23 12:14:09 +0000 2025,"Pozuelo de Alarcón tendrá un cuarto centro de salud en 18 meses.

Esta legislatura estamos construyendo 25 por toda la región.

Nuestra Atención Primaria atiende 51 millones de consultas cada año, es la de mayor cobertura de España. https://t.co/sVX2PREcRT",1431,247,532,67708,256,0,0,1,0.0,neutral
1925869257297895871,IdiazAyuso,Isabel Diaz Ayuso,Fri May 23 10:59:46 +0000 2025,"La @ECAM_ se sitúa entre las mejores escuelas de cine del mundo.

En estos 30 años ha formado a más de 4.500 alumnos, futuros profesionales y películas que son reconocidos en todo el mundo.

Esta semana hemos aprobado una nueva línea de apoyo a los directores noveles. https://t.co/H2SRw0XfdD",763,160,182,43255,292,0,1,1,0.34,positive
1925616422140445018,IdiazAyuso,Isabel Diaz Ayuso,Thu May 22 18:15:05 +0000 2025,"La @ComunidadMadrid acogerá la fase final de @EuroBasket, donde participan 24 equipos.

Madrid, cada día más viva, deportiva e internacional.

¡Enhorabuena a todos! https://t.co/ZElxW1uNwo",1825,393,183,48459,188,0,2,1,0.0,neutral
1925477965007126956,IdiazAyuso,Isabel Diaz Ayuso,Thu May 22 09:04:55 +0000 2025,La nueva caja oscura del PSOE. https://t.co/gBMlcAkJnJ,4209,1205,568,89436,54,0,0,1,0.0,neutral
1925286194054639623,IdiazAyuso,Isabel Diaz Ayuso,Wed May 21 20:22:53 +0000 2025,"Tenemos el mejor país del mundo. Alegre, seguro, que enamora al que nos visita, tierra de libertad.

Que ni la ingeniería social ni la politización de la vida ordinaria y de nuestras empresas, acabe con este patrimonio. 

https://t.co/10kAwCRqTa",4081,778,1220,130028,245,0,0,1,0.0,neutral
1925194523497382030,IdiazAyuso,Isabel Diaz Ayuso,Wed May 21 14:18:37 +0000 2025,Celebramos por las calles de Madrid a nuestros Reyes. #CarreraXAniversario https://t.co/YvNa5KHy3y,3213,519,402,100450,98,1,0,1,0.0,neutral
1925171973249712464,IdiazAyuso,Isabel Diaz Ayuso,Wed May 21 12:49:01 +0000 2025,"La mejor agua en el grifo; tras las peores lluvias registradas no se inundan pueblos; crece la población y el abastecimiento está asegurado…

Eso es gracias al gran trabajo del Canal de Isabel II.

El Atazar desembalsa agua por tercera vez en su historia por su aliviadero https://t.co/FkI76P3gVS",2629,446,222,98657,296,0,0,1,-0.296,negative
1924906254406733914,IdiazAyuso,Isabel Diaz Ayuso,Tue May 20 19:13:08 +0000 2025,"Gracias, Enrique Cerezo, por toda una vida dedicada al cine español, a guardar nuestras esencias y la cultura de todos.

Enhorabuena por tu medalla de Oro de la Academia de las Artes y las Ciencias Cinematográficas de España. https://t.co/T7Y8sjmn9K",1233,185,129,52198,249,0,0,1,0.0,neutral
1924803988764979686,IdiazAyuso,Isabel Diaz Ayuso,Tue May 20 12:26:46 +0000 2025,"La Patrulla Águila ha teñido de rojo y gualda la geografía española durante 40 años, en sus días grandes.

La Comunidad de Madrid le rinde homenaje con esta exposición abierta a todos hasta el 30 de junio, en una región donde el Ejército es intensamente querido y valorado. https://t.co/DUxJyZza9a",1773,351,104,49333,297,0,0,1,0.34,positive
1924552927856705548,IdiazAyuso,Isabel Diaz Ayuso,Mon May 19 19:49:09 +0000 2025,"La Comunidad de Madrid es motor económico y político de España.

Décadas de libertad donde el ciudadano lleva las riendas de su vida, sin depender del poder político.

 En el libro de @EsperanzAguirre. https://t.co/IEHjK0cCVf",2149,412,588,150635,225,0,1,1,-0.5574,negative
1924420047126081614,IdiazAyuso,Isabel Diaz Ayuso,Mon May 19 11:01:07 +0000 2025,"Ampliamos nuestras políticas contra la ocupación con un nuevo convenio para ofrecer asistencia jurídica gratuita a las víctimas, por el derecho a la propiedad, la convivencia y el Estado de Derecho.

Pensando en los directamente afectados pero también, en el resto de Españoles: https://t.co/nzS1Dsdo87",1648,405,256,57323,302,0,0,1,0.0,neutral
1923853840836706702,IdiazAyuso,Isabel Diaz Ayuso,Sat May 17 21:31:13 +0000 2025,"Ya nos gustaría ver a los del numerito de #EurovisionRTVE con Israel decir algo del terrorismo, o de la ejecución o encarcelación a homosexuales en países musulmanes. 

RTVE en esta gala es, de lejos, la más secuestrada por la politización bochornosa de todo lo público en manos",26656,5346,6117,4306838,278,1,0,0,0.0,neutral
1923709598713667883,IdiazAyuso,Isabel Diaz Ayuso,Sat May 17 11:58:03 +0000 2025,"Todo lo mejor a Luis Montenegro en las elecciones que se celebran mañana en Portugal.

Ojalá tenga un gran respaldo que le dé estabilidad y la mayor prosperidad a nuestra querida nación vecina y hermana. 

Mucho por hacer juntas. https://t.co/yo1fQsZa0J",1154,220,191,79113,253,0,0,1,0.0,neutral
1923646999078764564,IdiazAyuso,Isabel Diaz Ayuso,Sat May 17 07:49:18 +0000 2025,"No te olvidamos. 
Verdad, memoria, dignidad y justicia. https://t.co/2vdUq1LpEv",3957,639,483,145891,79,0,0,1,-0.296,negative
1923123832732217408,IdiazAyuso,Isabel Diaz Ayuso,Thu May 15 21:10:26 +0000 2025,@Albiol_XG @RCDEspanyol ¡Todo lo mejor! Un beso a los dos.,1127,39,7,68434,58,0,2,0,0.0,neutral
1923048054803791976,IdiazAyuso,Isabel Diaz Ayuso,Thu May 15 16:09:19 +0000 2025,"El secretario de @ppmadrid @SerranoAlfonso es la persona que más congresos ha organizado y quien mejor lo hará en el próximo nacional.

Felicidades por su talla política y nuestro agradecimiento al presidente @NunezFeijoo por confiar en alguien tan competente. https://t.co/Ua9GZK9l0H",1917,366,353,66086,284,0,3,1,0.34,positive
1923046126690730430,IdiazAyuso,Isabel Diaz Ayuso,Thu May 15 16:01:39 +0000 2025,Feliz San Isidro a todos. https://t.co/uEbXBQHnPc,1984,265,129,59152,49,0,0,1,0.0,neutral
1923011424965611861,IdiazAyuso,Isabel Diaz Ayuso,Thu May 15 13:43:46 +0000 2025,"Así pensamos la inmensa mayoría de catalanes, madrileños y resto de españoles. https://t.co/ceIdlVyYGY",2965,584,948,124328,102,0,0,1,0.0,neutral
1922729677258383658,IdiazAyuso,Isabel Diaz Ayuso,Wed May 14 19:04:12 +0000 2025,"El Real Madrid construirá un gran centro de innovación mundial en Valdebebas, de 850.000 metros cuadrados. 

Supondrá 25.000 puestos de trabajo y 8.500 millones de inversión.

Grandes y pequeñas tecnológicas, nacionales e internacionales, consolidarán a Madrid como gran centro de https://t.co/3dawL5znKt",6376,899,677,711021,304,0,0,1,0.0,neutral
1922607918035116404,IdiazAyuso,Isabel Diaz Ayuso,Wed May 14 11:00:22 +0000 2025,"Del borrado de móviles, conversaciones en mitad de jardines... 

El proyecto de Sánchez es un libro abierto sobre cómo amparar la corrupción y burlarse de la justicia.",4374,1007,597,121481,167,0,0,0,0.0,neutral
1922589979328266489,IdiazAyuso,Isabel Diaz Ayuso,Wed May 14 09:49:05 +0000 2025,Sobre la energía nuclear: estudiar más y dejar el infantilismo de lado. @CarlosNovilloPi https://t.co/bkLF45GkdX,1891,511,259,70382,112,0,1,1,0.0,neutral
1922578887902433703,IdiazAyuso,Isabel Diaz Ayuso,Wed May 14 09:05:01 +0000 2025,El Gobierno tiene más enchufados que diputados. https://t.co/oLJuP1AxOZ,6360,1639,581,95861,71,0,0,1,0.0,neutral
1922574759407010150,IdiazAyuso,Isabel Diaz Ayuso,Wed May 14 08:48:37 +0000 2025,A lo importante. https://t.co/x5SIjUQD0m,3004,681,257,92577,40,0,0,1,0.0,neutral
1922538583736324548,IdiazAyuso,Isabel Diaz Ayuso,Wed May 14 06:24:52 +0000 2025,"Buenos días. Primera buena noticia de la mañana.

Damos luz verde a la Ciudad de la Salud, que unirá uno de los mejores hospitales con una de las mejores facultades de medicina de España.

Servicios públicos, ciencia, tecnología y salud, de la mano. https://t.co/XaA6RwbTwC",5666,1034,773,175641,273,0,0,1,0.0,neutral
1922268093570576390,IdiazAyuso,Isabel Diaz Ayuso,Tue May 13 12:30:02 +0000 2025,"El Centro de Recuperación de Animales Silvestres llevará el nombre de Félix Rodríguez de la Fuente.

Él nos enseñó a varias generaciones a conocer, respetar y amar a los animales, como hacen cada día los profesionales que trabajan en el CRAS, que ya ha atendido a más de 64.000. https://t.co/VuMrAfncP9",2834,404,704,264559,302,0,0,1,0.34,positive
1922025212188504212,IdiazAyuso,Isabel Diaz Ayuso,Mon May 12 20:24:54 +0000 2025,"La universidad necesita una inyección de moral, un proyecto de altura que le dé en el mundo la dimensión que merece, que abra las puertas y ventanas. 

La unión de las universidades y la investigación científica con la FP superior, las artísticas, deportivas y escuelas de https://t.co/UpwA1n02up",1377,316,205,51944,296,0,0,1,0.5423,positive
1922015806923084063,IdiazAyuso,Isabel Diaz Ayuso,Mon May 12 19:47:32 +0000 2025,"Celebramos en Sol el Día Internacional de la Enfermería.

Gracias a las enfermeras en nombre de todos los madrileños.

Gracias por vuestra humanidad y profesionalidad. Por cuidarnos y sanarnos, por estar siempre a nuestro lado en primera línea. https://t.co/fFGUuQsfom",885,175,169,41766,268,0,0,1,0.0,neutral
1922002772863385652,IdiazAyuso,Isabel Diaz Ayuso,Mon May 12 18:55:44 +0000 2025,"Recorriendo #MADRING, el circuito del Gran Premio de F1 de España con @CSainz_oficial 😱 🏎️ https://t.co/IIffqXo9Y7",6035,820,460,225245,114,1,1,1,-0.7003,negative
1921961575788765523,IdiazAyuso,Isabel Diaz Ayuso,Mon May 12 16:12:02 +0000 2025,"Bienvenido Manuel Valls, ministro de Ultramar de Francia, a la Comunidad de Madrid.

Un placer celebrar un encuentro contigo en esta, que es tu casa. https://t.co/mHVDDTTgSA",925,154,123,46781,173,0,0,1,0.0,neutral
1921882195569922532,IdiazAyuso,Isabel Diaz Ayuso,Mon May 12 10:56:36 +0000 2025,"Congreso del PP, en julio: oportunidad para convencer a los españoles de que hay un proyecto alternativo al caos. 

Feijóo es el cambio imprescindible para España.

https://t.co/bzPixAwiUi",2764,640,2118,197638,188,0,0,1,0.0,neutral
1920814925070397543,IdiazAyuso,Isabel Diaz Ayuso,Fri May 09 12:15:39 +0000 2025,"Acompañamos a Su Majestad La Reina por la Cuesta de Moyano, que cumple 100 años y ha recibido la Gran Cruz de la Orden del 2 de Mayo.

En estas casetas han encontrado su inspiración miles de lectores anónimos y muchos genios de la literatura. https://t.co/p7tHijBrcG",1940,347,290,73003,266,0,0,1,0.34,positive
1920576070568329648,IdiazAyuso,Isabel Diaz Ayuso,Thu May 08 20:26:32 +0000 2025,"Nuestro sentido homenaje a todos los dominicanos cuando se cumple un mes del derrumbe de la Jet Set.
 
Desde esta casa de todos los acentos del español, que es la suya, les acompañamos en su dolor, que hacemos propio.
 
La Comunidad de Madrid con República Dominicana. https://t.co/FWSMJ74e5D",701,126,87,45166,292,0,0,1,0.0,neutral
1920571458721284315,IdiazAyuso,Isabel Diaz Ayuso,Thu May 08 20:08:12 +0000 2025,"Enhorabuena a todos los católicos del mundo por la elección del Papa León XIV. 

Nos habla en español con acento del Perú, y que ha empezado su Pontificado llamando a la paz, sin miedo.

Le deseamos todo lo mejor y le ofrecemos toda nuestra colaboración. https://t.co/4R4CeGGzsa",7818,898,322,131993,278,0,0,1,-0.296,negative
1920510157114450381,IdiazAyuso,Isabel Diaz Ayuso,Thu May 08 16:04:37 +0000 2025,"Di no a las D̶̵̶R̶̵̶O̶̵̶G̶̵̶A̶̵̶S̶̵̶.

#LasDrogasDestrozanTuVida https://t.co/XRhXUx4JTy",4145,619,859,954643,88,1,0,1,-0.296,negative
1920446042174009634,IdiazAyuso,Isabel Diaz Ayuso,Thu May 08 11:49:51 +0000 2025,"Qué tiempos cuando en España entera y en el mundo nos comunicábamos con el humor.

El fanatismo nos lo está quitando todo. Hagamos que no gane. https://t.co/EsiU7rZzZn",7970,1347,583,482410,167,0,0,1,-0.0258,neutral
1920416772529737890,IdiazAyuso,Isabel Diaz Ayuso,Thu May 08 09:53:32 +0000 2025,"La Comunidad de Madrid apuesta por la vida, la familia, los paliativos, los enfermos terminales como los de la ELA, contra las drogas, por las madres.

Y cumpliendo la Ley.

No logro entender por qué Vox busca desunir en un momento crítico para España. https://t.co/VtTiFnPZxg",1934,498,569,75701,276,0,0,1,-0.296,negative
1920408799195566085,IdiazAyuso,Isabel Diaz Ayuso,Thu May 08 09:21:51 +0000 2025,"Lo que ha sucedido en España es consecuencia de la gestión chavista de todo el aparato del Estado.

La izquierda es apagones y pobreza. https://t.co/5IY3PYeIBJ",8024,2259,809,594982,159,0,0,1,0.34,positive
1920404225655263657,IdiazAyuso,Isabel Diaz Ayuso,Thu May 08 09:03:41 +0000 2025,"Aquí está el gobierno de la Comunidad de Madrid dando la cara, mientras el gobierno demasiado maduro que tenemos está al relato.

Al que se le funden los plomos porque pone a inútiles activistas con sueldazo al frente de las empresas e infraestructuras clave. https://t.co/VupXpG0dyE",6174,1960,587,122865,283,0,0,1,0.0,neutral
1920402116272607542,IdiazAyuso,Isabel Diaz Ayuso,Thu May 08 08:55:18 +0000 2025,"Las cosas, como son.",2219,531,68,76825,20,0,0,0,0.0,neutral
1920208049911836997,IdiazAyuso,Isabel Diaz Ayuso,Wed May 07 20:04:09 +0000 2025,"Es nuestra obligación cumplir y hacer cumplir la Ley. 

En defensa del Estado de Derecho, contra la ruptura de la caja común, y frente a la fabricación de un Estado paralegal con el dinero de todos.

https://t.co/WNMYhnvE0M",2027,539,282,46224,223,0,0,1,0.0,neutral
1920141398751187310,IdiazAyuso,Isabel Diaz Ayuso,Wed May 07 15:39:18 +0000 2025,"Impuestos anacrónicos que no existen en casi ningún país de Europa… Ni en la Comunidad de Madrid.  

https://t.co/ruMA6lTzFb",2454,575,242,51605,124,0,0,1,-0.296,negative
1920116661476085940,IdiazAyuso,Isabel Diaz Ayuso,Wed May 07 14:01:00 +0000 2025,"Gracias al @EmbajadorSuecia en España, Per-Arne Hjelmborn, por visitarnos. 

Más de 600 empresas, estudiantes y proyectos nos unen en esta región de todos. https://t.co/LjTKoeMB4u",800,153,56,29829,179,0,1,1,0.0,neutral
1920103070786011202,IdiazAyuso,Isabel Diaz Ayuso,Wed May 07 13:07:00 +0000 2025,Es un honor haber recibido a @RaffaeleFitto para hablar del trabajo de las regiones europeas y de nuevas políticas pensando en esta casa común. https://t.co/2eBjGWuNDS,494,92,36,22033,167,0,1,1,0.4939,positive
1919801926809530662,IdiazAyuso,Isabel Diaz Ayuso,Tue May 06 17:10:22 +0000 2025,"Con todos los dominicanos en estas difíciles semanas.

Con todos aquellos que han perdido a un ser querido y aquellos que están fuera de su tierra natal, sufriendo el dolor que ha provocado esta terrible tragedia, lejos de sus casas.

Porque Madrid es la vuestra, os esperamos en https://t.co/jqGbPg9qn8",915,172,114,49010,303,0,0,1,-0.1779,negative
1919782246627598806,IdiazAyuso,Isabel Diaz Ayuso,Tue May 06 15:52:10 +0000 2025,"En la Bienal de Arquitectura y Paisajismo en Versalles presentamos las políticas medioambientales de la Comunidad de Madrid: 

Nuestro agua, transporte público, lucha contra el fuego, el Madrid rural…

Enhorabuena, @vpecresse, por organizar este gran encuentro. https://t.co/qoJnk9u69N",557,127,71,26159,285,0,1,1,0.0,neutral
1919767234957721778,IdiazAyuso,Isabel Diaz Ayuso,Tue May 06 14:52:31 +0000 2025,"Defendemos la energía nuclear en el futuro energético de Europa, como hace Francia, quien nos asistió durante el apagón.

Bruselas ha planteado hoy dejar de depender del gas ruso.  

El sectarismo arruina, apaga y empobrece. https://t.co/QcsmYMLT6K",5259,1271,786,140229,248,0,0,1,0.34,positive
1919402604494262276,IdiazAyuso,Isabel Diaz Ayuso,Mon May 05 14:43:36 +0000 2025,"Venezolanos en España: ""Háganos caso: venimos del futuro”. https://t.co/0uPJ31BByJ",10827,3814,686,397044,82,0,0,1,0.0,neutral
1919357157402607687,IdiazAyuso,Isabel Diaz Ayuso,Mon May 05 11:43:00 +0000 2025,"Así es la maqueta de la que será la Ciudad de la Justicia más grande del mundo.

Donde 33.000 profesionales y ciudadanos operarán cada día en una misma sede, en instalaciones modernas, ágiles.

Concentrará los juzgados de Madrid capital, la Audiencia Provincial, el TSJM, la https://t.co/ssEJgMUtXM",1976,379,727,343163,298,0,0,1,0.0,neutral
1919350297886969892,IdiazAyuso,Isabel Diaz Ayuso,Mon May 05 11:15:45 +0000 2025,"Con los empresarios que arriesgan su patrimonio y su buen nombre para pelear por los intereses de todos.

Hoy, con Gerardo Cuerva, presidente de CEPYME. https://t.co/PFahND0Swk",2631,436,332,71692,176,0,0,1,0.0,neutral
1919116073426629066,IdiazAyuso,Isabel Diaz Ayuso,Sun May 04 19:45:02 +0000 2025,"Apagones, averías… Una calamidad diaria, el bochorno internacional y el daño a la economía. 

Si gobernase el PP, la izquierda estaría incendiando las calles desde el primer día. 

Pero que nadie confunda la sensatez con la indiferencia. 
España está harta. https://t.co/yBqVzpYOdz",7286,2046,1479,257303,281,0,0,1,0.0,neutral
1919098916781322246,IdiazAyuso,Isabel Diaz Ayuso,Sun May 04 18:36:51 +0000 2025,"El mejor fútbol, el madrileño, unido contra las D̶̵̶R̶̵̶O̶̵̶G̶̵̶A̶̵̶S̶̵̶.

@realmadrid 
#LasDrogasDestrozanTuVida",959,170,129,77156,113,1,1,0,0.0,neutral
1919096542880759897,IdiazAyuso,Isabel Diaz Ayuso,Sun May 04 18:27:25 +0000 2025,"El @Atleti, a por ellas. Contra las D̶̵̶R̶̵̶O̶̵̶G̶̵̶A̶̵̶S̶̵̶.

#LasDrogasDestrozanTuVida",845,142,75,65476,88,1,1,0,0.0,neutral
1919093835017167309,IdiazAyuso,Isabel Diaz Ayuso,Sun May 04 18:16:39 +0000 2025,"El @RayoVallecano, contra las D̵R̵O̵G̵A̵S̵.

#LasDrogasDestrozanTuVida",531,95,41,46282,70,1,1,0,0.0,neutral
1919008059340242990,IdiazAyuso,Isabel Diaz Ayuso,Sun May 04 12:35:49 +0000 2025,"Y con los pacientes de ELA, sus familias y los profesionales de la sanidad pública madrileña, salió el sol.

Va por todos ellos. https://t.co/B1nwQgcecP",3231,658,196,80476,152,0,0,1,0.0,neutral
1918722502768898480,IdiazAyuso,Isabel Diaz Ayuso,Sat May 03 17:41:07 +0000 2025,Nuestro sentido homenaje al pueblo de Valencia y a los voluntarios y profesionales madrileños que lo acompañaron durante la DANA. https://t.co/JWhtWH7X5U,3049,575,229,98754,153,0,0,1,0.0,neutral
1918408515489808812,IdiazAyuso,Isabel Diaz Ayuso,Fri May 02 20:53:27 +0000 2025,"Madrid sigue aquí, al servicio de toda España. 

De la España real, la fiel, la que no les falla a sus vecinos de Portugal, ni a sus socios europeos, ni de la OTAN, ni a sus hermanos de Hispanoamérica que en esta región buscan la libertad y la prosperidad perdidas. 

La España de https://t.co/I9JYcpa8cS",3600,683,491,93026,304,0,0,1,-0.296,negative
1918397255058436343,IdiazAyuso,Isabel Diaz Ayuso,Fri May 02 20:08:42 +0000 2025,Siempre con nuestro Ejército. https://t.co/D0Ysng4VSr,5749,1034,306,105741,53,0,0,1,0.0,neutral
1918207753476292988,IdiazAyuso,Isabel Diaz Ayuso,Fri May 02 07:35:41 +0000 2025,"Hoy, 2 de mayo, nace una nueva madrileña en una casa donde será muy querida y maravillosamente educada por una madre excepcional y buena: Rocío Alcántara, alcaldesa de #Alcobendas.

Enhorabuena a esta gran familia ❤️

Feliz Día de la Comunidad de Madrid.",4492,560,486,159275,254,1,0,0,0.0,neutral
1917280490173730862,IdiazAyuso,Isabel Diaz Ayuso,Tue Apr 29 18:11:04 +0000 2025,"Felicidades presidente Noboa por tu reelección y bienvenido a Madrid, tu casa y la de todo el pueblo ecuatoriano. https://t.co/6QFOFKiZdr",10893,1698,358,181665,137,0,0,1,0.0,neutral
1917232209565720862,IdiazAyuso,Isabel Diaz Ayuso,Tue Apr 29 14:59:13 +0000 2025,"Sobre @metro_madrid:

Durante el apagón, 44 trenes quedaron en mitad de los túneles y 15 ascensores, parados. Hubo 150.000 desalojados.

Los profesionales de Metro, sin comunicación, supieron en todo momento tomar las mejores decisiones.

Maquinistas se quedaron hasta la https://t.co/ml3F5vHvA1",4993,1028,405,178209,295,0,1,1,-0.5574,negative
1917145884409684384,IdiazAyuso,Isabel Diaz Ayuso,Tue Apr 29 09:16:12 +0000 2025,"En 2021 presentamos medidas de refuerzo para las infraestructuras críticas de la Comunidad de Madrid, en previsión a situaciones como la que estamos viviendo.

Que lo sucedido, no se repita. https://t.co/nDIThJz5tI",3471,1120,449,116960,214,0,0,1,-0.296,negative
1917140882467303692,IdiazAyuso,Isabel Diaz Ayuso,Tue Apr 29 08:56:19 +0000 2025,"Metro de Madrid vuelve a estar operativo al 100%.

Todos los colegios e institutos abiertos.

Hospitales, centros de salud, centros de día y de discapacidad, abiertos.

Gracias a todos los que lo han hecho posible. https://t.co/h1auHDFWgk",4322,762,597,164541,238,0,0,1,0.0,neutral
1917086053069975690,IdiazAyuso,Isabel Diaz Ayuso,Tue Apr 29 05:18:27 +0000 2025,"Buenos días.

Metro de Madrid inicia el servicio a las 8:00 en toda la red, excepto Línea 7A.

Circularán el 80% de los trenes de una hora punta normal de mañana.

Todas las líneas de @EMTmadrid e Interurbanos están operativas al 100% y serán gratuitas durante todo el día. 

Los",5251,1031,340,518471,279,0,1,0,0.0,neutral
1916985629746901359,IdiazAyuso,Isabel Diaz Ayuso,Mon Apr 28 22:39:24 +0000 2025,"Con el objetivo de facilitar la movilidad en la Comunidad de Madrid, todos los autobuses interurbanos serán gratuitos mañana durante todo el día.",6833,1011,261,1416740,145,0,0,0,0.0,neutral
1916970345136783746,IdiazAyuso,Isabel Diaz Ayuso,Mon Apr 28 21:38:40 +0000 2025,"Sigue todo el Gobierno de la Comunidad de Madrid en @112cmadrid.

75 de 179 municipios de Madrid han recuperado el suministro eléctrico.

Mañana todos los taxis y VTC podrán salir a dar servicio, como los autobuses interurbanos, que se refuerzan. 

Metro se está preparando para",6284,1318,293,481553,278,0,1,0,0.0,neutral
1916966088161583354,IdiazAyuso,Isabel Diaz Ayuso,Mon Apr 28 21:21:45 +0000 2025,"La Comunidad de Madrid mantendrá mañana las escuelas infantiles, colegios, institutos y centros de FP abiertos, aunque sin actividad lectiva.

Estarán para ayudar a las familias, y a los niños y jóvenes, hasta que se recupere completamente el suministro eléctrico.",4193,816,181,323197,264,0,0,0,-0.5574,negative
1916846743498399898,IdiazAyuso,Isabel Diaz Ayuso,Mon Apr 28 13:27:31 +0000 2025,"El consejo de Gobierno de la Comunidad de Madrid se encuentra reunido en la Agencia de Seguridad y Emergencias Madrid 112.

Tenemos activado el nivel 2 del PLATERCAM con todos los medios desplegados para atender las situaciones de emergencia que se están produciendo.

Hemos",3721,665,407,325508,274,0,0,0,0.0,neutral
1916769596331147675,IdiazAyuso,Isabel Diaz Ayuso,Mon Apr 28 08:20:58 +0000 2025,"Madrid lidera el empleo en España.

En Madrid se han creado los 21,3% nuevos empleos nacionales.

La tasa de paro femenino es inferior al de los hombres, y la de paro juvenil, 6,9 puntos inferior a la nacional.",1361,278,142,105386,210,0,0,0,-0.6597,negative
1916593977572335690,IdiazAyuso,Isabel Diaz Ayuso,Sun Apr 27 20:43:07 +0000 2025,"Bienvenidos a la Comunidad de Madrid, la casa de todos los acentos. 

La plaza mayor del cine iberoamericano. Os esperamos en esta región de todos, abierta, mestiza y alegre.

Larga vida a nuestro cine.

#PLATINO25 https://t.co/NTQswXNMw0",1793,281,309,210393,238,1,0,1,0.0,neutral
1916465732642066664,IdiazAyuso,Isabel Diaz Ayuso,Sun Apr 27 12:13:31 +0000 2025,"Felicidades @RNRmadmaraton por esta nueva carrera en la que han participado 45.000 corredores de 120 países.

Las calles de Madrid están llenas de alegría en este precioso domingo. 

¡Nos vemos el año que viene! ¡Enhorabuena, @yagorojo95! https://t.co/LbcWOHnont",766,135,87,44601,262,0,2,1,0.0,neutral
1916116244219969615,IdiazAyuso,Isabel Diaz Ayuso,Sat Apr 26 13:04:46 +0000 2025,"Enhorabuena, Eva Longoria, premio Platino de Honor 2025. 

Bienvenida a esta plaza mayor de la Hispanidad y la cultura en español: Madrid. https://t.co/oKudEVFQUF",1926,286,177,72460,162,0,0,1,0.4939,positive
1915864698257363292,IdiazAyuso,Isabel Diaz Ayuso,Fri Apr 25 20:25:13 +0000 2025,Mi condena absoluta a los actos de terrorismo y mi solidaridad con las víctimas. https://t.co/eRifnksrse,1867,290,742,191672,104,0,0,1,0.0,neutral
1915783400931180663,IdiazAyuso,Isabel Diaz Ayuso,Fri Apr 25 15:02:10 +0000 2025,"Vamos a tener el mejor circuito del mundo. 

El Gran Premio de Fórmula 1 de España, para todos los españoles, desde esta región de gente alegre y con ganas. https://t.co/J4eRAYdGwR",3986,657,959,736402,180,0,0,1,0.0,neutral
1915731297646821477,IdiazAyuso,Isabel Diaz Ayuso,Fri Apr 25 11:35:08 +0000 2025,"Felicidades, Nacho Cano.
Uno de los mejores y más libres músicos de España gracias a su talento.

Nadie, puede ser perseguido por los poderes del Estado por motivos políticos.

Eso es dictadura y censura.
Que la cultura tome nota de lo que ha pasado aquí. https://t.co/mvIh3JFNP5",10266,2609,485,166977,279,0,0,1,0.34,positive
1915335990257881519,IdiazAyuso,Isabel Diaz Ayuso,Thu Apr 24 09:24:19 +0000 2025,Se hace difícil coincidir con la izquierda machista en las inauguraciones. https://t.co/f2C8ZjwmjM,3101,740,312,61947,98,0,0,1,0.0,neutral
1915330296355950807,IdiazAyuso,Isabel Diaz Ayuso,Thu Apr 24 09:01:42 +0000 2025,La izquierda madrileña no quiere que venga el Gran Premio de Fórmula 1 porque son unos tristes. https://t.co/lx0FBUFywh,7642,1721,910,252229,119,0,0,1,-0.296,negative
1915326050898252029,IdiazAyuso,Isabel Diaz Ayuso,Thu Apr 24 08:44:50 +0000 2025,En la Comunidad de Madrid caben todos los acentos. https://t.co/0Pxiny25Cv,1770,389,714,372088,74,0,0,1,0.0,neutral
1915086379119218739,IdiazAyuso,Isabel Diaz Ayuso,Wed Apr 23 16:52:28 +0000 2025,"Álvaro Pombo, Cervantes 2024: ""Ya nadie se bate en duelo por su honor ni por el honor de España"". 

Enhorabuena por este nuevo e importante reconocimiento, por tus maravillosas palabras. https://t.co/RazOvdwPpI",1740,313,137,51726,210,0,0,1,0.7506,positive
1914991715909242924,IdiazAyuso,Isabel Diaz Ayuso,Wed Apr 23 10:36:18 +0000 2025,"Hoy es el Día del la lengua española, la de Cervantes, y el Día del libro. 

El más oportuno para felicitar a la Cuesta de Moyano, que será condecorada en el 2 de Mayo por ser parte de la vida de Madrid y de todos los que venían con sus inquietudes bajo el brazo, durante los https://t.co/pkPUUxsZu5",2803,597,264,72264,299,0,0,1,0.0,neutral
1914977811934126500,IdiazAyuso,Isabel Diaz Ayuso,Wed Apr 23 09:41:03 +0000 2025,"Con Ángela de Miguel, candidata a presidir CEPYME, en defensa de la mediana y la pequeña empresa, la más libre y perjudicada por el abuso político.

La empresa española no aguanta más regulación e impuestos por parte del Gobierno.

Siempre contará con nuestro apoyo. https://t.co/kaZ65GgcsX",743,142,88,25067,290,0,0,1,-0.296,negative
1914725286937289124,IdiazAyuso,Isabel Diaz Ayuso,Tue Apr 22 16:57:36 +0000 2025,DROGAS. https://t.co/bQUN7rY2V6,764,173,209,61167,31,0,0,1,0.0,neutral
1914631807959441715,IdiazAyuso,Isabel Diaz Ayuso,Tue Apr 22 10:46:09 +0000 2025,"Madrid, más de moda que nunca. 
https://t.co/h4pG203Fk0",921,194,174,37154,55,0,0,1,0.0,neutral
1914577933823263054,IdiazAyuso,Isabel Diaz Ayuso,Tue Apr 22 07:12:05 +0000 2025,Venezuela. https://t.co/EsvT4BGjv3,5469,2053,876,139628,34,0,0,1,0.0,neutral
1914407250476622315,IdiazAyuso,Isabel Diaz Ayuso,Mon Apr 21 19:53:51 +0000 2025,"Madrid brilla como capital mundial del deporte y acoge los premios internacionales más importantes con alegría y orgullo: los #Laureus.

Enhorabuena @AlmeidaPP_ y @comunidadmadrid por hacer de esta región capital el mejor lugar del mundo. https://t.co/hluCXcPOdd",2092,394,172,59358,262,1,2,1,0.0,neutral
1914302881689194627,IdiazAyuso,Isabel Diaz Ayuso,Mon Apr 21 12:59:07 +0000 2025,"Presentamos el Metro del futuro: 

La línea 6 será totalmente autónoma, los vagones más amplios, con una frecuencia máxima de 2 minutos.

Toda la red de metro estará 100% conectada y la tarjeta, incorporada al móvil.

715 millones de usuarios al año avalan uno de los mejores https://t.co/Ang3EIGGLy",4851,607,653,439683,299,0,0,1,0.0,neutral
1914298352109310028,IdiazAyuso,Isabel Diaz Ayuso,Mon Apr 21 12:41:07 +0000 2025,"En el libro de condolencias que la Embajada de Perú ha dispuesto en homenaje a Mario Vargas Llosa, recordamos que fue un caballero, un hombre bueno y libre, al que echaremos mucho de menos. https://t.co/Hcm31XZG3g",951,167,94,40066,213,0,0,1,0.34,positive
1914250363147780604,IdiazAyuso,Isabel Diaz Ayuso,Mon Apr 21 09:30:26 +0000 2025,"El pésame de todo el gobierno regional a los 1.400 millones de católicos del mundo por la muerte del Papa Francisco, el primer Pontífice hispanoamericano.

Decretamos tres días de luto oficial en la Comunidad de Madrid.",6598,857,589,196857,219,0,0,0,0.0,neutral
1914056167279714444,IdiazAyuso,Isabel Diaz Ayuso,Sun Apr 20 20:38:46 +0000 2025,"Todo listo para esta nueva etapa de la L3 de @metro_madrid entre El Casar (Getafe) y Villaverde Alto.

Desde mañana lunes, a las 6:05, un millón de personas podrán ir de Getafe, Leganés, Móstoles o Alcorcón a la Puerta del Sol en solo treinta minutos. https://t.co/K1tJyXL7lk",2002,328,293,202841,275,0,1,1,0.0,neutral
1913896617826029924,IdiazAyuso,Isabel Diaz Ayuso,Sun Apr 20 10:04:46 +0000 2025,"Feliz Pascua de Resurrección. 

Hoy celebramos que nuestro mundo se funda sobre la esperanza, la alegría, la hermandad y el valor sagrado de cada vida. https://t.co/Cb0ncOOvaH",7869,1059,1038,234815,175,0,0,1,0.0,neutral
1913551351377776886,IdiazAyuso,Isabel Diaz Ayuso,Sat Apr 19 11:12:48 +0000 2025,"30 años de uno de los varios intentos de ETA por evitar la alternancia política.

Como decía el propio Aznar: “mis convicciones sobre política antiterrorista eran las mismas que un minuto antes; y mi decisión de llevarlas a efecto, mucho mayor”. 

Si ETA renta hoy tras tanto https://t.co/tszHZW28Mt",2081,564,517,234915,299,0,0,1,0.0,neutral
1913336766074925343,IdiazAyuso,Isabel Diaz Ayuso,Fri Apr 18 21:00:07 +0000 2025,"La Archicofradía Jesús de Medinaceli afronta con solemnidad y entereza la lluvia sobre Madrid. 

Devoción, fe y esperanza en esta ciudad de todos. https://t.co/Pbb06D1Jtn",2664,393,599,274549,170,0,0,1,0.0,neutral
1913170995734577481,IdiazAyuso,Isabel Diaz Ayuso,Fri Apr 18 10:01:25 +0000 2025,"En el mesón Licinia en Morata de Tajuña, se prueban algunos de los mejores aceites y vinos de la Comunidad de Madrid. 

Gracias a Ramón, a Ana y a toda la familia por su excelente trabajo. https://t.co/kzxU14RLNP",1617,253,209,70863,212,0,0,1,0.0,neutral
1912997303876538708,IdiazAyuso,Isabel Diaz Ayuso,Thu Apr 17 22:31:13 +0000 2025,"La Pasión Viviente de Morata de Tajuña es uno de los acontecimientos religiosos y culturales más espectaculares de la Comunidad de Madrid. 

Se remonta a 1987. Desde entonces, más de 20.000 visitantes se acercan a Morata cada Jueves Santo. https://t.co/L5yIhu3Akf",1874,302,212,60915,263,0,0,1,0.0,neutral
1912868810513670314,IdiazAyuso,Isabel Diaz Ayuso,Thu Apr 17 14:00:38 +0000 2025,"Otros 9 millones de leuros para decirle a los niños que no se comporten como Sánchez.

https://t.co/H6VMypFuj7",4465,1152,774,162301,110,0,0,1,-0.296,negative
1912789678077460568,IdiazAyuso,Isabel Diaz Ayuso,Thu Apr 17 08:46:11 +0000 2025,"Mario Vargas Llosa: un caballero de la libertad.

https://t.co/d9dXtScEjX",3011,456,221,78550,73,0,0,1,0.0,neutral
1912620983841628351,IdiazAyuso,Isabel Diaz Ayuso,Wed Apr 16 21:35:51 +0000 2025,"Con la Hermandad y Cofradía de Los Gitanos, que después de un año de ilusionante espera no han podido llegar a la Puerta del Sol, donde les esperábamos centenares de personas.

Os veremos el año que viene en vuestra plaza. Como todo lo que se hace esperar, valdrá doblemente la https://t.co/XeCq6yDvnJ",1152,208,96,50063,301,0,0,1,-0.296,negative
1912458149455396878,IdiazAyuso,Isabel Diaz Ayuso,Wed Apr 16 10:48:49 +0000 2025,"Ecuador: la libertad y la Hispanidad. 

https://t.co/OuUVBWTBEd",1665,344,198,44671,63,0,0,1,0.0,neutral
1911783635801219330,IdiazAyuso,Isabel Diaz Ayuso,Mon Apr 14 14:08:32 +0000 2025,"Desde la Comunidad de Madrid concederemos a Mario Vargas Llosa la Medalla Internacional de las Artes a título póstumo.

Los Premios de Cultura de este año estarán dedicados a su obra.

En la Hispanidad 2025, además, habrá eventos especiales en torno a su figura. https://t.co/I01BLnxaW7",6018,1182,344,131797,286,0,0,1,0.0,neutral
1911661115689349330,IdiazAyuso,Isabel Diaz Ayuso,Mon Apr 14 06:01:41 +0000 2025,"Lamento profundamente la muerte del Nobel Vargas Llosa, gran pérdida para la literatura universal. 

Me siento muy honrada por haber compartido tantos momentos con este hombre generoso y libre. 

Le echaremos mucho de menos. https://t.co/7o5tBW3e7d",8208,1259,326,153824,248,0,0,1,0.0,neutral
1911654230529540514,IdiazAyuso,Isabel Diaz Ayuso,Mon Apr 14 05:34:20 +0000 2025,"Felicidades @DanielNoboaOk por ganar las elecciones en #Ecuador. 

Es el momento de consolidar un proyecto que defienda la libertad y prosperidad del pueblo ecuatoriano, que luche con la inseguridad y el narcotráfico.

Todo lo mejor desde Madrid. https://t.co/kKaN7hrDjq",7092,1315,257,107259,270,1,1,1,0.0,neutral
1911410254736240721,IdiazAyuso,Isabel Diaz Ayuso,Sun Apr 13 13:24:51 +0000 2025,"El Domingo de Ramos está siendo trágico para quienes sufren los planes despiadados de los totalitarios.

Nuestra solidaridad y nuestro apoyo para todas estas familias. 

Feliz Domingo de Ramos para todos. https://t.co/dLDdeDjiDY",3340,821,468,144959,228,0,0,1,0.0,neutral
1911393607463862544,IdiazAyuso,Isabel Diaz Ayuso,Sun Apr 13 12:18:42 +0000 2025,"¡Enhorabuena, Alcalá!",799,113,60,68167,21,0,0,0,0.0,neutral
1910393809659195640,IdiazAyuso,Isabel Diaz Ayuso,Thu Apr 10 18:05:52 +0000 2025,"Invertir en Madrid es hacerlo en una de las regiones más pujantes del momento.

Internacional, alegre, tradicional y moderna, castiza, mestiza, llena de vida.

Apostamos por la empresa, la propiedad y los mejores servicios públicos. https://t.co/LVPwtHPZhq",1582,349,319,50008,256,0,0,1,0.0,neutral
1910386603169554928,IdiazAyuso,Isabel Diaz Ayuso,Thu Apr 10 17:37:14 +0000 2025,"Quieren enfrentarlo todo, también lo público con lo privado.

Es el business del momento. https://t.co/SvbR2tcvOR",3232,737,390,63913,113,0,0,1,0.0,neutral
1910231334905143749,IdiazAyuso,Isabel Diaz Ayuso,Thu Apr 10 07:20:15 +0000 2025,"Ayer como hoy, Ecuador y España nos aportamos tanto bueno, que cualquier país o cultura daría cualquier cosa por lo que nosotros tenemos.

La Hispanidad es nuestro gran orgullo y nuestro gran legado al mundo.

Desde la Universidad de las Américas: gracias por su defensa de la https://t.co/fRBPET5XDn",1182,251,254,50729,300,0,0,1,0.0,neutral
1910022407341105638,IdiazAyuso,Isabel Diaz Ayuso,Wed Apr 09 17:30:03 +0000 2025,"Firmamos un importante protocolo con el Gobierno de Ecuador para reconocer las competencias profesionales de sus ciudadanos en Madrid. 

Para que puedan crecer laboralmente, atraer grandes profesionales, reforzar la mano de obra cualificada en sectores clave o ayudar a quien https://t.co/XBe5ZqrOPZ",1352,356,384,49030,299,0,0,1,0.0,neutral
1909977617589031036,IdiazAyuso,Isabel Diaz Ayuso,Wed Apr 09 14:32:04 +0000 2025,"Sánchez ha ido a China:  

• al servicio de Zapatero y su Internacional antioccidente, 
• ⁠a homenajear la memoria de tiranos sanguinarios, 
• ⁠y a dejar a España aislada en el mundo y enfrentada a sus socios. 

Además, la Unión Europea lo ha desacreditado como “mediador”.",8081,2355,2061,1549296,273,0,0,0,0.5859,positive
1909688373687533678,IdiazAyuso,Isabel Diaz Ayuso,Tue Apr 08 19:22:43 +0000 2025,"Más bien Zapatero y Sánchez buscan que los intereses de España desempeñen un papel clave en los suyos para cuando España los despida, y así ellos puedan consumar su traición a España y Occidente.

 https://t.co/ZfHMbmNNpv",2402,748,490,57665,221,0,0,1,0.0,neutral
1909238680868336042,IdiazAyuso,Isabel Diaz Ayuso,Mon Apr 07 13:35:48 +0000 2025,"La cocaína lo destroza todo, y a todos los que quieres.

D̵R̵O̵G̵A̵S̵ https://t.co/O22x4vRFdb",1750,447,362,70978,93,0,0,1,0.0,neutral
1908933570543878427,IdiazAyuso,Isabel Diaz Ayuso,Sun Apr 06 17:23:24 +0000 2025,"Profesionales que pasan el MIR, un examen muy difícil, obligatorio e idéntico para todos los futuros profesionales sanitarios, también los de la privada donde tanto gustan ir los amantes de desguazar lo público para vivir de ello. 

Y que luego acuden a lo privado a sacarse https://t.co/jRaZejtBIS",6622,1946,442,199866,298,0,0,1,0.0,neutral
1907855658680046052,IdiazAyuso,Isabel Diaz Ayuso,Thu Apr 03 18:00:09 +0000 2025,"Bayer lleva 125 años en España. 

En su sede Berlimed acompañamos a su excelente equipo donde se une investigación, alimentación, medicamentos…

Gracias a todos los que hacen Bayer por confiar en nuestra región. https://t.co/0LXJUazQOB",1091,212,113,39685,235,0,0,1,0.0,neutral
1907737071562719414,IdiazAyuso,Isabel Diaz Ayuso,Thu Apr 03 10:08:56 +0000 2025,"En Aló presidente, desde La Moncloa, hoy Pedro Sánchez nos habla de aranceles.

-En la semana en la que ha prohibido las Golden Visa.

-Cuando ha subido 94 veces los impuestos.

-Cuando la recaudación por impuestazos equivale a 3.076€ por hogar.

-Comiéndose el 47% de los",8455,2620,1340,444007,272,0,0,0,0.5859,positive
1972692855853592826,IdiazAyuso,Isabel Diaz Ayuso,Mon Sep 29 16:00:02 +0000 2025,"Para esta #Hispanidad2025 desde Madrid tenemos una herramienta para entendernos en todos los acentos del español:

Las ganas de celebrar juntos. https://t.co/Q1b3NSD285",1392,374,756,224819,168,1,0,1,0.0,neutral
1971966630306459952,IdiazAyuso,Isabel Diaz Ayuso,Sat Sep 27 15:54:16 +0000 2025,"No sólo hay bandas ""latinas”, y tenemos que combatirlas por igual. 

Todas son crimen organizado, narcotráfico, sectas que fanatizan a los jóvenes, revolucionarios que quieren dinamitar el orden constitucional y la convivencia. 

Destruyen familias, barrios y sociedades enteras. https://t.co/UxfhNiHow2",1650,378,648,216006,303,0,0,1,-0.296,negative
1971619705464279493,IdiazAyuso,Isabel Diaz Ayuso,Fri Sep 26 16:55:43 +0000 2025,"Recibimos a los grupos políticos con representación en la Asamblea de Madrid, como siempre, en cada periodo de sesiones: PP, Más Madrid, PSOE y Vox.

Gracias a todos por sus aportaciones. https://t.co/Tc1OnUYdrD",889,162,151,56771,211,0,0,1,0.0,neutral
1970776724612026766,IdiazAyuso,Isabel Diaz Ayuso,Wed Sep 24 09:06:01 +0000 2025,"Madrid, en el edificio más alto del mundo ❤️ https://t.co/HX2MMbaiPq",3555,530,551,135229,68,0,0,1,0.0,neutral
1970577225314611614,IdiazAyuso,Isabel Diaz Ayuso,Tue Sep 23 19:53:16 +0000 2025,"Terminamos el día con @nnggmadrid @Idancausa.

El papel de los jóvenes de Madrid nunca había sido más determinante para España.

Porque somos región universitaria, internacional, viva, alegre y libre. 

Una voz necesaria en tiempos de extremos y mentiras. https://t.co/NwsHkyRZ0M",999,198,444,131779,279,0,2,1,0.0,neutral
1970470509973315639,IdiazAyuso,Isabel Diaz Ayuso,Tue Sep 23 12:49:13 +0000 2025,"Anunciamos la ampliación y reforma del Hospital Niño Jesús, el único hospital de España dedicado 100% a la pediatría.

11 quirófanos nuevos, diagnóstico por imagen, más ensayos y tratamientos para trastornos alimentarios…

También un Instituto de Neurociencias y Salud Mental. https://t.co/MlUgiTLofQ",2880,593,447,91333,300,0,0,1,0.0,neutral
1970111494797861128,IdiazAyuso,Isabel Diaz Ayuso,Mon Sep 22 13:02:37 +0000 2025,"Las artes en la Comunidad de Madrid, en libertad y pluralidad, gozan de una salud que asombra a quien nos visita y nos tiene, a los que vivimos aquí, con el corazón partío:

¿A qué concierto, presentación, estreno, reposición, corrida de toros, exposición, ballet, musical, https://t.co/ALc3RytNAg",737,168,429,61418,297,0,0,1,0.0,neutral
1969814845844304039,IdiazAyuso,Isabel Diaz Ayuso,Sun Sep 21 17:23:51 +0000 2025,"Nos aislamos en cuestiones fundamentales que comprometen la competitividad de nuestras empresas, nuestra seguridad y nuestra posición en el mundo.

Un retroceso sin precedentes que pagaremos por generaciones.

https://t.co/wXTy4ZOA3N",2321,687,623,78468,233,0,0,1,-0.5574,negative
1969707826210598932,IdiazAyuso,Isabel Diaz Ayuso,Sun Sep 21 10:18:35 +0000 2025,"Madrid corre por la preciosa Madrid y celebra la #Hispanidad2025 este año con más alegría y deportividad que nunca.

Bienvenidos a esta casa de todos, los que habéis corrido desde otras regiones y países.

#MadridCorrePorMadrid https://t.co/K9PdgVrFY8",2425,382,321,117752,251,2,0,1,0.0,neutral
1968600438975963523,IdiazAyuso,Isabel Diaz Ayuso,Thu Sep 18 08:58:14 +0000 2025,"La Comunidad de Madrid otorga su Medalla Internacional a Jonas Vingegaard, ganador de la Vuelta Ciclista a España.

Ni él ni España se merecen que la imagen de este triunfo quede reducida a un podio hecho con cajas de hielo en el parking de un hotel.

También, premiaremos a La https://t.co/zLWQTEv8CH",8069,1776,824,217889,301,0,0,1,0.0,neutral
1968574890291732821,IdiazAyuso,Isabel Diaz Ayuso,Thu Sep 18 07:16:42 +0000 2025,Las ganas de convivir juntos en este Madrid de todos han de ser más fuertes que las pretensiones de una minoría rabiosa.,2639,528,357,189821,120,0,0,0,0.0,neutral
1967645454692487502,IdiazAyuso,Isabel Diaz Ayuso,Mon Sep 15 17:43:28 +0000 2025,"El deporte, las artes, la ciencia, están por encima de cualquier conflicto. 

Violar los principios fundamentales del deporte solo causa más desprestigio y destrucción.",3881,844,1478,384614,168,0,0,0,0.0,neutral
1966407519196086274,IdiazAyuso,Isabel Diaz Ayuso,Fri Sep 12 07:44:21 +0000 2025,Ya lo dijeron: gobernaremos con o sin parlamento… https://t.co/yxr5Z1gsO8,2342,853,292,57264,73,0,0,1,-0.5574,negative
1966211210124169569,IdiazAyuso,Isabel Diaz Ayuso,Thu Sep 11 18:44:17 +0000 2025,"¡La Champions se juega en casa!
Orgullo, @Atleti.",2255,211,225,259992,49,0,1,0,0.5707,positive
1966151445402587500,IdiazAyuso,Isabel Diaz Ayuso,Thu Sep 11 14:46:48 +0000 2025,"Todo nuestro apoyo a los deportistas que están corriendo la Vuelta Ciclista a España bajo presiones y violencia.

Por el deporte en libertad y sin politización. Todo el ánimo para estos últimos días. Sois un orgullo para España.

https://t.co/00qSydLLO3",6995,1276,801,171290,253,0,0,1,-0.5574,negative
1966144086571888798,IdiazAyuso,Isabel Diaz Ayuso,Thu Sep 11 14:17:34 +0000 2025,"Gracias al secretario general del Partido Popular, @Mtelladof, por acompañarnos en el Debate del Estado de la Región. 

También, al alcalde Almeida y a los expresidentes Aguirre y Leguina.

Rectores, CEIM, FMM, gracias a todos.

#DER2025Madrid https://t.co/TplBnb2H4Y",893,194,184,36657,267,1,1,1,0.4215,positive
1965420923269292344,IdiazAyuso,Isabel Diaz Ayuso,Tue Sep 09 14:23:58 +0000 2025,"Cada día la educación especial saca adelante a miles de familias con problemas extraordinarios.

No hay derecho a faltar el respeto a estas familias, a sus hijos y a los profesores. 

Esta mala gente sabe lo que quiere: destruir la raíz de la educación, negar que cada persona es https://t.co/li23o5XFEV",5232,1629,452,168228,303,0,0,1,-0.296,negative
1965384859796361251,IdiazAyuso,Isabel Diaz Ayuso,Tue Sep 09 12:00:40 +0000 2025,"Algunas novedades de la vuelta al colegio en la Comunidad de Madrid.

-Patios abiertos todos los días, para alumnos y otros niños del barrio.

-Más jornadas partidas (opción libre), por la salud de los alumnos y la conciliación. 

-Plan de rescate de las matemáticas, que están en https://t.co/xVMRtdwena",1344,257,251,106828,304,0,0,1,0.0,neutral
1964257504927318384,IdiazAyuso,Isabel Diaz Ayuso,Sat Sep 06 09:20:57 +0000 2025,"Veamos las manifestaciones, los boicots, las flotas, los paros educativos, las pancartas, las camisetas, los vídeos, los artistas en pie y protestando:",17361,5321,1097,753652,151,0,0,0,0.0,neutral
1963586532863856858,IdiazAyuso,Isabel Diaz Ayuso,Thu Sep 04 12:54:45 +0000 2025,"Han expulsado a las Fuerzas y Cuerpos de Seguridad y cualquier otra autoridad nacional del País Vasco. 

Y una vez en la Historia de la vergüenza, se someten a los etarras.

Cobardes que se ceban con los deportistas, artistas… Y por supuesto, son antisemitas y odian éxitos https://t.co/ksyL8bAlDQ",4568,1300,1899,377374,297,0,0,1,0.0,neutral
1963340747576406187,IdiazAyuso,Isabel Diaz Ayuso,Wed Sep 03 20:38:05 +0000 2025,"As nossas condolências aos que morreram no acidente de #Lisboa.

Também a todos os lisboetas, cuja bela e alegre cidade sofreu um rude golpe.

Muitas felicidades a este país irmão.
@Moedas",616,99,356,110812,188,1,1,0,-0.6369,negative
1963263433752625370,IdiazAyuso,Isabel Diaz Ayuso,Wed Sep 03 15:30:52 +0000 2025,"Declaramos Bien de Interés Cultural la maravillosa Quinta de los Molinos.

Es patrimonio histórico, paisajístico y botánico que cada año disfrutan miles de personas y que debemos cuidar cara al futuro.

https://t.co/wtWtDWzJt1",925,180,147,32919,226,0,0,1,0.0,neutral
1963218728796987705,IdiazAyuso,Isabel Diaz Ayuso,Wed Sep 03 12:33:14 +0000 2025,"La política migratoria del Gobierno está fuera de control. Además, trae menores con perfiles cada vez más complejos que después abandona para contentar a cuatro demagogos y a sus socios.

Nosotros cumplimos con la Ley. No hay nada peor que tratarles como mercancía. 

Es urgente https://t.co/kGodaVDwhM",2568,796,666,74298,302,0,0,1,-0.296,negative
1963201758320079099,IdiazAyuso,Isabel Diaz Ayuso,Wed Sep 03 11:25:48 +0000 2025,"“Perdonar” y asumir las deudas de los independentistas es tan, tan positivo para la economía española, que este Gobierno de caraduras sólo ha tardado 7 años en plantearlo.

7 años y múltiples desuellos de rodillas.",4789,1190,520,151123,214,0,0,0,0.34,positive
1962821102142452189,IdiazAyuso,Isabel Diaz Ayuso,Tue Sep 02 10:13:12 +0000 2025,https://t.co/C9wQX3JMzx,9097,2380,911,351033,23,0,0,1,0.0,neutral
1962790533308260546,IdiazAyuso,Isabel Diaz Ayuso,Tue Sep 02 08:11:44 +0000 2025,"También decía:

Que la amnistía era inconstitucional; 

Y que jamás pactaría con Podemos o con Bildu;

O que traería a Puigdemont a rendir cuentas ante la justicia;

Que no iría a ningún sitio con el Populismo “como el de la Venezuela de Maduro”.

Ni permitiría que la https://t.co/QDNXEiCvIs",8288,3010,818,168734,292,0,0,1,-0.296,negative
1962607869020209249,IdiazAyuso,Isabel Diaz Ayuso,Mon Sep 01 20:05:54 +0000 2025,"Estamos esperando a que RTVE haga lo mismo que en Gaza por los problemas del periodismo en Nicaragua, Venezuela, Rusia, China o Corea del Norte. 

Los “viernes negros” solo existían cuando no gobernaba la ultraizquierda y los independentistas que odian a España.",6291,1422,1324,633678,262,0,0,0,-0.296,negative
1962558423024701601,IdiazAyuso,Isabel Diaz Ayuso,Mon Sep 01 16:49:25 +0000 2025,"Primero se aprueba el proyecto de ley de condonación.

Que es el primer paso para el cupo: 

- les quito deudas en que han incurrido para que TV3 apoye sus tesis y las embajadas digan que España les oprime,

- y luego les saco del sistema ordinario, de modo que esa deuda la pague https://t.co/mCcSTDH7Km",2629,1031,358,92749,304,0,0,1,0.0,neutral
1962078098570006910,IdiazAyuso,Isabel Diaz Ayuso,Sun Aug 31 09:00:47 +0000 2025,"Cada día son menores más agresivos y llegan en peores condiciones. Y la respuesta del gobierno de Sánchez es multiplicar su llegada y desatenderse de ellos mientras nos insultan a los presidentes.

A lo que se suman los cientos de miles de adultos que llegan por Bajaras cada año https://t.co/pVxNIBymvm",11769,2991,3641,1358412,303,0,0,1,0.0,neutral
1961764671989469371,IdiazAyuso,Isabel Diaz Ayuso,Sat Aug 30 12:15:20 +0000 2025,"Gracias a los vecinos de Ribadesella, a @AlvaroQueipo y a Paulo García por su amabilidad y hospitalidad.

Deseando el cambio político en Asturias para que lleguen muchas más oportunidades a los jóvenes, a los autónomos… A todos.

Es una tierra única. https://t.co/8ltsp0iSxl",2527,424,447,100967,274,0,1,1,0.0,neutral
1961347045635067944,IdiazAyuso,Isabel Diaz Ayuso,Fri Aug 29 08:35:50 +0000 2025,"Madrid no compite con el resto de regiones, está a su servicio. 
Madrid se la juega con las grandes capitales de Europa y el mundo.

Mientras atacan nuestra autonomía fiscal, fabrican una Hacienda catalana ilegítima, que será el caballo de Troya del golpismo y el fraude masivo. https://t.co/h04ZoOxn58",2703,901,517,69097,302,0,0,1,-0.296,negative
1961111463570927739,IdiazAyuso,Isabel Diaz Ayuso,Thu Aug 28 16:59:43 +0000 2025,"El Gobierno que:

• Expulsa a la Guardia Civil de regiones enteras.
• Permite que los independentistas incumplan las sentencias.
• Indulta a golpistas y malversadores.
• Acerca a etarras y permite que los homenajeen.
• Pone en la calle a violadores.
• No tiene política https://t.co/gw5Jsn2FxM",3430,1334,755,82316,293,0,0,1,-0.296,negative
1961038387328004390,IdiazAyuso,Isabel Diaz Ayuso,Thu Aug 28 12:09:20 +0000 2025,"El Premio de Cultura 2025 de la Comunidad de Madrid, en la categoría de Literatura, es para Alfonso Ussía.

Ha sido un honor acercarle este reconocimiento a su casa de Cantabria. Se le echa de menos por las calles de Chamberí.

Enhorabuena en nombre de todos los madrileños. https://t.co/EK8aNVM3OR",4211,742,624,186566,298,0,0,1,0.6808,positive
1961003968378630547,IdiazAyuso,Isabel Diaz Ayuso,Thu Aug 28 09:52:34 +0000 2025,"El @metro_madrid uno de los mejores del mundo. Rápido, puntual, seguro, muy asequible.

Un orgullo de todos los madrileños y quienes nos visitan. https://t.co/iUoYcdXtLw",3679,755,695,225809,169,0,1,1,0.0,neutral
1959541587840561242,IdiazAyuso,Isabel Diaz Ayuso,Sun Aug 24 09:01:35 +0000 2025,"Madrid se atreve a soñar en salud.

https://t.co/SH3TUe5qFW",1341,253,373,69605,59,0,0,1,0.0,neutral
1958862114942001335,IdiazAyuso,Isabel Diaz Ayuso,Fri Aug 22 12:01:36 +0000 2025,"¿Que Madrid ha apostado por los centros de datos? Espera, que vamos… https://t.co/iWL7yJI8Mk",4607,1340,498,227081,92,0,0,1,0.34,positive
1957834357873238183,IdiazAyuso,Isabel Diaz Ayuso,Tue Aug 19 15:57:40 +0000 2025,"Planes de reforestación, reconstrucción y prevención ante los incendios, no.

El dinero de los españoles, para los siete votos de la vergüenza. https://t.co/AYBMUH8B3H",5092,1961,1230,276275,167,0,0,1,0.0,neutral
1957698981808468356,IdiazAyuso,Isabel Diaz Ayuso,Tue Aug 19 06:59:44 +0000 2025,"El Gregorio Marañón revoluciona la cirugía infantil con una técnica que puede cambiar la vida de bebés con cardiopatías.

https://t.co/trCUpsPkOD",2101,405,193,77394,145,0,0,1,0.0,neutral
1956632230098342343,IdiazAyuso,Isabel Diaz Ayuso,Sat Aug 16 08:20:50 +0000 2025,"Esta mañana la familia de Isabel Guerrero se despide de una niña buena y muy querida por todos. 

Su lucha contra el cáncer infantil es la nuestra, y por eso estamos unidos a sus seres queridos, a la Fundación CRIS y a todos los que queremos acabar con este sufrimiento. https://t.co/ScobIxyJKP",5905,726,450,123040,294,0,0,1,0.0,neutral
1956410477682295269,IdiazAyuso,Isabel Diaz Ayuso,Fri Aug 15 17:39:40 +0000 2025,"Dadas las circunstancias, la gravedad de la situación en toda España, el Gobierno debería desplegar el Ejército, maquinaria pesada y solicitar más medios aéreos al mecanismo europeo.

Estamos enviando nuestros recursos a zonas alejadas, más allá de lo previsto, comprometiendo los",9583,2400,1617,582149,280,0,0,0,0.0,neutral
1955957167397224795,IdiazAyuso,Isabel Diaz Ayuso,Thu Aug 14 11:38:23 +0000 2025,"España, con Sánchez, cada día. El abandono, el abuso en el gasto público, el poder contra la sociedad libre, el empobrecimiento y la pérdida de libertad a sorbos, poco a poco, hasta llevarnos a lo que no somos: un país invivible, agraviado, apagado. https://t.co/INs2EIDLZJ",3372,1116,1284,136954,273,0,0,1,-0.296,negative
1955939370902413585,IdiazAyuso,Isabel Diaz Ayuso,Thu Aug 14 10:27:40 +0000 2025,"Enviamos dos helicópteros de extinción en apoyo a @jcyl y @Junta_Ex por los graves incendios que están azotando a las dos regiones.

Juntos contra el fuego.",5038,866,541,191574,156,0,2,0,-0.296,negative
1955609848902717853,IdiazAyuso,Isabel Diaz Ayuso,Wed Aug 13 12:38:16 +0000 2025,"El #IFTresCantos ya ha sido controlado y pasamos a situación operativa cero. #BomberosCM seguirán refrescando la zona.

#AgentesForestalesCM y SEPRONA investigan la causa de este incendio.",1936,387,473,112654,188,3,0,0,0.34,positive
1955287841719665073,IdiazAyuso,Isabel Diaz Ayuso,Tue Aug 12 15:18:43 +0000 2025,"El Gobierno de la Comunidad de Madrid, reunidas de urgencia las consejerías implicadas, evaluará los daños y ofrecerá apoyo a los afectados de Tres Cantos, así como medidas para la recuperación forestal y de fauna salvaje de la zona quemada del Soto de Viñuelas.

También,",3901,865,812,220482,272,0,0,0,0.0,neutral
1954649245170171958,IdiazAyuso,Isabel Diaz Ayuso,Sun Aug 10 21:01:10 +0000 2025,"Estamos en riesgo extremo de incendio en toda España.

Desde la @ComunidadMadrid ayudamos a Castilla y León, y estamos a disposición de las demás regiones que precisen medios para combatir los graves incendios simultáneos que se están produciendo.",1700,401,219,89381,247,0,1,0,-0.296,negative
1953068458972729575,IdiazAyuso,Isabel Diaz Ayuso,Wed Aug 06 12:19:41 +0000 2025,"Enhorabuena al Hospital público Gregorio Marañón por ser el primer centro de España en lograr la acreditación de excelencia en el tratamiento de la artritis psoriásica.

La Comunidad de Madrid sigue liderando con una sanidad pública innovadora, de calidad y centrada en el",3969,783,444,195208,272,0,0,0,0.0,neutral
1952325451268977092,IdiazAyuso,Isabel Diaz Ayuso,Mon Aug 04 11:07:14 +0000 2025,"Enhorabuena a la consejera de sanidad madrileña Fátima Matute, reconocida por la @RSNA como miembro honorífico.

Es el mayor reconocimiento internacional en radiología. 

https://t.co/G1pECOWbTG",2067,449,247,95385,194,0,1,1,0.0,neutral
1951923917515334094,IdiazAyuso,Isabel Diaz Ayuso,Sun Aug 03 08:31:41 +0000 2025,"La realidad: 

La Comunidad de Madrid aporta el 80% de su recaudación; el 70% de la caja común. Solo con el margen regional bajamos los impuestos mientras la Generalidad fríe a los catalanes para sus negocios a costa de todos los españoles.

https://t.co/CV2rgfEyUH",8092,2881,983,408901,265,0,0,1,0.0,neutral
1950619420621218183,IdiazAyuso,Isabel Diaz Ayuso,Wed Jul 30 18:08:05 +0000 2025,Volcados en este incendio en pleno Valle del Tiétar 😢 💔,891,162,161,76449,55,0,0,0,-0.25,negative
1950530707215749153,IdiazAyuso,Isabel Diaz Ayuso,Wed Jul 30 12:15:34 +0000 2025,"Un estado paralelo a sorbitos, a la cara de todos, sufragado por todos.",3471,1253,613,335658,71,0,0,0,0.0,neutral
1950484131097276431,IdiazAyuso,Isabel Diaz Ayuso,Wed Jul 30 09:10:29 +0000 2025,El mundo de ayer. https://t.co/J6b9or19Xb,2546,525,833,1612696,41,0,0,1,0.0,neutral
1950207322627678256,IdiazAyuso,Isabel Diaz Ayuso,Tue Jul 29 14:50:33 +0000 2025,"La televisión pública de todos los españoles, revistiendo de éxito la derrota del dictador Maduro. 

El parecido entre los dos gobiernos es cada vez mayor.  

Sánchez, Zapatero: ¡cómplices!",12939,3298,665,318441,189,0,0,0,0.0,neutral
1949899538589692124,IdiazAyuso,Isabel Diaz Ayuso,Mon Jul 28 18:27:32 +0000 2025,"El TSJM inadmite el recurso del PSOE contra la concesión de la Medalla Internacional de la Comunidad a @JMilei. 

https://t.co/pb704Lj2WX",4483,949,640,112449,137,0,1,1,0.0,neutral
1949556717215432953,IdiazAyuso,Isabel Diaz Ayuso,Sun Jul 27 19:45:17 +0000 2025,"Con el subcampeonato europeo la selección española femenina de fútbol culmina una semana extraordinaria para el deporte español.

En Singapur, la natación artística y el waterpolo han llevado a España a la cima del medallero mundial.

En Bergen, los relevos del atletismo Sub‑23",1536,213,196,75073,278,0,0,0,0.0,neutral
1949436567006990593,IdiazAyuso,Isabel Diaz Ayuso,Sun Jul 27 11:47:51 +0000 2025,"El camino a la libertad en Venezuela es irreversible, imparable. 

Y muchos haremos lo que esté en nuestra mano para contribuir a que este proceso llegue cuando antes.  

@MariaCorinaYA 

https://t.co/GwC8i6cqqQ",6709,2110,624,173518,211,0,1,1,-0.2023,negative
1948785657062547963,IdiazAyuso,Isabel Diaz Ayuso,Fri Jul 25 16:41:21 +0000 2025,"Día De Santiago Apóstol, patrón de España, de Galicia y de muchos lugares de Hispanoamérica. 

Desde la Reconquista, el Apóstol inspira lo mejor de nuestra vocación occidental, de nuestro papel fundamental en la Historia.",3198,470,599,145240,221,0,0,0,0.0,neutral
1948686803227365701,IdiazAyuso,Isabel Diaz Ayuso,Fri Jul 25 10:08:33 +0000 2025,Lleva desde 2017 advirtiendo de esta gran mentira. https://t.co/oF97h7qJ6F,2266,736,346,70628,74,0,0,1,0.0,neutral
1948092675783102954,IdiazAyuso,Isabel Diaz Ayuso,Wed Jul 23 18:47:42 +0000 2025,"Es un honor haber recibido a Héctor Ernesto Infante de Sedas, embajador de Panamá.

Un país hermano al que nos unen muchas inversiones, turismo y nuevos proyectos que pondremos en marcha. https://t.co/hpH2Ygv5Hc",724,127,208,43374,211,0,0,1,0.4939,positive
1948039792081395899,IdiazAyuso,Isabel Diaz Ayuso,Wed Jul 23 15:17:33 +0000 2025,"En #ConsejoDeGobierno:

• Comienzo de las obras de modernización del Hospital público Clínico San Carlos.

• 47 millones € en material para cirugías robóticas en nuestros hospitales.

• @metro_madrid también será transporte de paquetería: sistema novedoso, ágil y que",639,176,140,52551,267,1,1,0,0.0,neutral
1948009484531507300,IdiazAyuso,Isabel Diaz Ayuso,Wed Jul 23 13:17:08 +0000 2025,"Alfonso Ussia, @alfonso_ussia, premio Cultura en Literatura de la Comunidad de Madrid.

Uno de los columnistas más influyentes de España. 

Periodista, escritor, genio. 

¡Enhorabuena! https://t.co/hjY4Te3RsV",2262,404,638,143020,208,0,1,1,0.0,neutral
1947690607058583936,IdiazAyuso,Isabel Diaz Ayuso,Tue Jul 22 16:10:01 +0000 2025,"Enhorabuena a José Luis Zamorano y al grandísimo equipo que lidera en el Ramón y Cajal.

Tenemos la mejor sanidad del mundo.",1013,223,218,64080,124,0,0,0,0.0,neutral
1947640919278141535,IdiazAyuso,Isabel Diaz Ayuso,Tue Jul 22 12:52:35 +0000 2025,"Arco Verde une los tres grandes parques regionales con la Sierra de Guadarrama.

200 kilómetros que unen 25 municipios recuperando flora y fauna autóctonas.

Desde hoy un nuevo puente conectará Mejorada del Campo con San Fernando de Henares. https://t.co/4TReiZgLOZ",1017,221,192,64908,265,0,0,1,0.0,neutral
1947389394736058694,IdiazAyuso,Isabel Diaz Ayuso,Mon Jul 21 20:13:07 +0000 2025,"Enhorabuena a “Música en vena” por la maravillosa actividad que realiza tocando para pacientes en la UCI de los hospitales.

Una alegría encontrármelos en la puerta de La Paz, equipo sanitario al que agradezco su enorme esfuerzo, especialmente en estas fechas. https://t.co/zGQVjG686v",939,168,167,43513,284,0,0,1,0.0,neutral
1947272259145699700,IdiazAyuso,Isabel Diaz Ayuso,Mon Jul 21 12:27:39 +0000 2025,Patrocinado por la ceja butolínica: https://t.co/Mi2bcghBZS,1444,288,317,85978,59,0,0,1,0.0,neutral
1947257682089361657,IdiazAyuso,Isabel Diaz Ayuso,Mon Jul 21 11:29:44 +0000 2025,De manera ilegal nos fabrican una República federal plurinacional que pagamos y pagaremos todos los españoles. https://t.co/i09b4OfPta,3475,979,761,79734,134,0,0,1,0.0,neutral
1947255947333689830,IdiazAyuso,Isabel Diaz Ayuso,Mon Jul 21 11:22:50 +0000 2025,"Es inadmisible lo que rodea a esta huelga, justo cuando más se necesita proteger la vida y el patrimonio natural. https://t.co/w3RiSbXTwZ",1455,304,872,1948549,137,0,0,1,0.3612,positive
1947252696009904321,IdiazAyuso,Isabel Diaz Ayuso,Mon Jul 21 11:09:55 +0000 2025,"¿Tenía antecedentes? 

Si los tenía: ¿por qué, aun así, el Gobierno permitió que entrara? 

Y si no lo sabía: ¿en qué manos estamos?

¿Cuántos casos más van a dejar que se produzcan?

https://t.co/kBF0SOv1YN",11383,2837,2290,559086,207,0,0,1,-0.4871,negative
1947241828610101482,IdiazAyuso,Isabel Diaz Ayuso,Mon Jul 21 10:26:44 +0000 2025,"Esto, a los vecinos de Chamberí, Tetuán, Moncloa y de todo Madrid les gustará. 

Pensado con todo nuestro cariño. Por un Madrid más popular, saludable y culto. https://t.co/UlBrASgseT",1308,293,254,81803,183,0,0,1,0.4215,positive
1947202189677490316,IdiazAyuso,Isabel Diaz Ayuso,Mon Jul 21 07:49:13 +0000 2025,"Los privilegios para Cataluña son una tomadura de pelo para el resto de los españoles: no recibirá inmigrantes y será la única en mantener la energía nuclear. 

Sánchez invade competencias de la Comunidad de Madrid (universidad, autonomía fiscal…) mientras da todo tipo de https://t.co/2qiqC90OZO",4086,1577,515,108754,296,0,0,1,-0.296,negative
1946906153381659092,IdiazAyuso,Isabel Diaz Ayuso,Sun Jul 20 12:12:53 +0000 2025,"El campo, los agricultores, el agua y nuestros mejores profesionales, todos juntos contra el fuego bajo una misma consejería. @CarlosNovilloPi",1016,211,179,66113,142,0,1,0,0.0,neutral
1946876674513010817,IdiazAyuso,Isabel Diaz Ayuso,Sun Jul 20 10:15:45 +0000 2025,"Zapatero y Sánchez pretenden liderar el comunismo en el mundo disfrazados de “demócratas”, mientras separan a España de las primeras potencias, aislándola.

Un daño a nuestra seguridad, integridad, reputación, intereses, empresas e inversiones, que nos lastrará mucho tiempo. https://t.co/XwJOnnTnt0",4968,1947,946,142928,299,0,0,1,0.0,neutral
1946518821763702930,IdiazAyuso,Isabel Diaz Ayuso,Sat Jul 19 10:33:46 +0000 2025,"Los vecinos de Calamocha y Cariñena no pueden ser más amables, cariñosos y trabajadores.

Elaboran grandes vinos y productos de los que toda España está orgullosa.

Gracias @Jorge_Azcon y #RadioCalamocha. https://t.co/k5aV2SO4Uz",1343,223,343,65121,228,1,1,1,-0.296,negative
1946245837547249940,IdiazAyuso,Isabel Diaz Ayuso,Fri Jul 18 16:29:01 +0000 2025,"Grandes hechos para Madrid, malos para quienes no la quieren.",2837,630,637,169972,61,0,0,0,-0.296,negative
1946193127892525240,IdiazAyuso,Isabel Diaz Ayuso,Fri Jul 18 12:59:34 +0000 2025,En Calamocha y su gente. Donde vuelvo con toda la ilusión 🇪🇸 https://t.co/2e5iXzUGxu,884,119,269,82024,84,0,0,1,0.0,neutral
1946136161056956675,IdiazAyuso,Isabel Diaz Ayuso,Fri Jul 18 09:13:12 +0000 2025,"Queremos que los jóvenes disfruten en entornos seguros, hagan más actividades y aprendan nuevas cosas en las largas vacaciones.

Y que los de menos recursos de partida, tengan palancas para encontrar sus primeros empleos. https://t.co/zuVIfo4i8G",594,166,320,42124,245,0,0,1,0.0,neutral
1946074321769709803,IdiazAyuso,Isabel Diaz Ayuso,Fri Jul 18 05:07:29 +0000 2025,"Buenos días.

El #IFMéntidra sigue en fase de control. Durante la noche se ha perimetrado todo el frente. 

Madrid continúa con 13 dotaciones entre Bomberos, Brigadas forestales y Drones. 

Los medios aéreos se incorporan a las 8:30h.

La zona afectada es de unas 3.100 ha entre",1443,251,195,90623,278,1,0,0,0.5859,positive
1945931114750583108,IdiazAyuso,Isabel Diaz Ayuso,Thu Jul 17 19:38:26 +0000 2025,"Trabajamos con Castilla- La Mancha y la UME en el control del #IFMéntrida, que afecta a ambas comunidades.

Su evolución es favorable, pero se necesita la colaboración ciudadana para que los servicios de extinción puedan trabajar en el entorno de la A5, que aún permanece cortada.",1314,298,147,69217,280,1,0,0,0.4767,positive
1945893028800946586,IdiazAyuso,Isabel Diaz Ayuso,Thu Jul 17 17:07:05 +0000 2025,"Hispanidad 2025. Del 3 al 12 de octubre en plazas, teatros, colegios, universidades y museos de toda la Comunidad de Madrid.

El concierto de Gloria Estefan y la gran cabalgata, el 5. 

No te pierdas esta gran fiesta de la alegría, el color y la libertad. https://t.co/9aVh9Fd15n",1123,240,238,54712,279,0,0,1,0.2263,positive
1945831093459992700,IdiazAyuso,Isabel Diaz Ayuso,Thu Jul 17 13:00:59 +0000 2025,"En Madrid caben todos los acentos del español. 

Ahora más que nunca somos tierra de libertad, de alianzas, de apertura. 

El mejor Madrid, donde cubanos, mejicanos, españoles encuentran prosperidad, vida y libertad. 

Gracias @GloriaEstefan. https://t.co/ImD7ppOtvm",4632,777,1678,1026408,266,0,1,1,0.0,neutral
1945777960994181300,IdiazAyuso,Isabel Diaz Ayuso,Thu Jul 17 09:29:51 +0000 2025,"La epilepsia es síntoma de un mal funcionamiento del sistema nervioso central. En España afecta a más de 450.000 personas.

@AnpeEpilepsia nos presenta su guía para informar mejor en las aulas y centros de trabajo. 

Contribuiremos con esta importante labor. https://t.co/GToCGuZ4sh",876,217,231,38537,282,0,1,1,0.0,neutral
1945762719568695487,IdiazAyuso,Isabel Diaz Ayuso,Thu Jul 17 08:29:17 +0000 2025,La nueva modalidad de atraco. https://t.co/xAjxKQ3Bgb,6108,1876,1311,222938,53,0,0,1,0.0,neutral
1945473131650429356,IdiazAyuso,Isabel Diaz Ayuso,Wed Jul 16 13:18:34 +0000 2025,"Los inspectores de Hacienda piden la dimisión de la Ministra Montero. 

El cupo catalán es “inconstitucional”, “insostenible” y fomenta la “desigualdad” entre regiones.

Basta de mentirnos a la cara.

https://t.co/dwNB2FnAiy",13818,4566,1208,626730,224,0,0,1,0.0,neutral
1945183248998429104,IdiazAyuso,Isabel Diaz Ayuso,Tue Jul 15 18:06:40 +0000 2025,"Sobre el cupo:

¿No resulta sospechoso que se pretenda limitar la autonomía fiscal solo a la baja y no al alza, cuando la Constitución prohíbe expresamente que los impuestos sean confiscatorios?

Todo esto va contra España y contra la libertad. De impunidad y de tener una https://t.co/O8UPIAJb8z",2874,904,308,74267,296,0,0,1,-0.296,negative
1945050886826229842,IdiazAyuso,Isabel Diaz Ayuso,Tue Jul 15 09:20:43 +0000 2025,"Bruselas dice en el TJUE que la amnistía no responde al interés general sino a un ""acuerdo político"" para investir a Sánchez.

https://t.co/3IOKsqvu1J",7186,2422,442,109921,150,0,0,1,-0.296,negative
1945027194880774293,IdiazAyuso,Isabel Diaz Ayuso,Tue Jul 15 07:46:34 +0000 2025,"Ser socialista hoy en España.

https://t.co/z5QhFwfgxE",1618,515,314,72391,54,0,0,1,0.0,neutral
1944793325426323471,IdiazAyuso,Isabel Diaz Ayuso,Mon Jul 14 16:17:15 +0000 2025,Pedro Sánchez es el peligro para España. https://t.co/KATaK9qAKv,8011,2261,923,130357,64,0,0,1,0.0,neutral
1944748257130790965,IdiazAyuso,Isabel Diaz Ayuso,Mon Jul 14 13:18:10 +0000 2025,"Mi más sincero deseo de recuperación a @bsemper, que emprende una batalla contra el cáncer. 

Ojalá todo pase pronto. Todo nuestro cariño.",3633,364,112,118965,138,0,1,0,0.0,neutral
1944699652571386202,IdiazAyuso,Isabel Diaz Ayuso,Mon Jul 14 10:05:02 +0000 2025,"Las subidas masivas de impuestos, la persecución al patrimonio y a todos los contribuyentes y la arbitrariedad, siempre acababan destrozando la economía.

Así es cómo el socialismo, hoy en la ultraizquierda, ha quebrado cada administración que ha gestionado. https://t.co/KdVG4FESDv",2738,1054,377,65717,282,0,0,1,0.5859,positive
1943709855472103862,IdiazAyuso,Isabel Diaz Ayuso,Fri Jul 11 16:31:56 +0000 2025,"Los de ETA mandan y el PSOE humilla y vende a España entera.

https://t.co/J1C9hiCqmN",5576,1744,964,349083,85,0,0,1,0.0,neutral
1943685134194037148,IdiazAyuso,Isabel Diaz Ayuso,Fri Jul 11 14:53:42 +0000 2025,"Sentido homenaje a los conductores de la DANA.

Gracias a ellos, la Comunidad de Madrid dará nombre a un puente en la carretera CV-403 de Valencia, en Torrent, sobre el barranco del Poyo. 

Gracias al pueblo valenciano ❤️ https://t.co/NGT83IvhOF",2266,451,178,99062,245,0,0,1,0.0,neutral
1943608402044711040,IdiazAyuso,Isabel Diaz Ayuso,Fri Jul 11 09:48:48 +0000 2025,"Esto sí es España: solidaridad, comunidad, humanidad. Lo de todos, que es de todos.

Lástima que nos quieran romper en identidades fabricadas, negocios y agravios. 

Juntos somos todo esto.

#Valencia #Madrid #España https://t.co/EueZcjvwg9",3036,783,471,99116,240,3,0,1,0.0,neutral
1943047704872943985,IdiazAyuso,Isabel Diaz Ayuso,Wed Jul 09 20:40:47 +0000 2025,"Sánchez prepara la anexión de Navarra al País Vasco y la ruta hacia el Estado Plurinacional que buscan sus socios.

Esta trama va de la mano de la corrupción en Navarra.

Se quiere legitimar el terrorismo, la extorsión, el secuestro, la limpieza étnica, la manipulación de la https://t.co/octrovXGru",3676,1239,943,196416,299,0,0,1,0.0,neutral
1942932590958153972,IdiazAyuso,Isabel Diaz Ayuso,Wed Jul 09 13:03:22 +0000 2025,"En mitad del verano, siguen con la agenda de ruptura, a espaldas de los españoles, desguazando el Estado de derecho, la caja y nuestro futuro en común. https://t.co/Tksac5fqea",2809,719,519,59064,175,0,0,1,0.0,neutral
1942929828619198911,IdiazAyuso,Isabel Diaz Ayuso,Wed Jul 09 12:52:23 +0000 2025,"Tenemos un gobierno corrompido de arriba a abajo. 

Existencia gracias a la corrupción. https://t.co/353FjD4YeJ",5108,1253,862,100662,111,0,0,1,0.0,neutral
1942865077712851069,IdiazAyuso,Isabel Diaz Ayuso,Wed Jul 09 08:35:05 +0000 2025,"“Todavía tenemos que culminar ese proyecto siempre inconcluso que es el modelo autonómico”.

Nuestro modelo autonómico se culminó hace décadas. 

Sánchez miente porque lo que prepara es la anexión de Navarra al País Vasco y la ruta hacia el Estado plurinacional que buscan sus",2079,587,444,107720,276,0,0,0,0.0,neutral
1942491589491974653,IdiazAyuso,Isabel Diaz Ayuso,Tue Jul 08 07:50:59 +0000 2025,"Vemos con preocupación el incendio forestal de Tarragona, en el inicio de un verano complicado en toda España.

Ofrecemos al gobierno catalán nuestros equipos de extinción y todo nuestro apoyo y cariño a los vecinos afectados.",2785,465,563,187739,226,0,0,0,0.0,neutral
1942239429420314666,IdiazAyuso,Isabel Diaz Ayuso,Mon Jul 07 15:08:59 +0000 2025,"Enhorabuena a @_amayamendiko por su reelección como rectora de la Universidad Autónoma de Madrid, una de las mejores de España.

Afrontaremos retos como la IA y la nueva Ciudad de la Salud, la biosanitaria más importante de Europa.

La universidad madrileña, cada día mejor. https://t.co/duEXayB0RX",658,144,133,39834,298,0,1,1,0.0,neutral
1942201429046776231,IdiazAyuso,Isabel Diaz Ayuso,Mon Jul 07 12:37:59 +0000 2025,"Sólo la desesperación y el giro a la ultraizquierda explica por qué los ganadores y referentes socialistas están en un lado, y los nadie, abucheándoles en el otro, sin despeinarse:

Felipe González,
Leguina,
Page,
Candido Méndez,
Lambán,
Nicolás Redondo,
Alfonso Guerra,
Paco",1931,458,646,151881,275,0,0,0,-0.5574,negative
1942164898772893759,IdiazAyuso,Isabel Diaz Ayuso,Mon Jul 07 10:12:50 +0000 2025,"Mucha izquierda española se extraña-queja de que haya tantos mejicanos en Madrid, en su casa, últimamente.

Cuando se acaba con la independencia y la seguridad jurídica, cae todo.

Afortunadamente, en Méjico hay políticas como @AlessandraRdlv, que entregan su vida por mejorar la https://t.co/wPkqBZs8sG",5134,698,1121,556918,303,0,1,1,0.0,neutral
1941922640773448016,IdiazAyuso,Isabel Diaz Ayuso,Sun Jul 06 18:10:11 +0000 2025,Comunismo o Libertad. https://t.co/aBBHHv3Yms,4835,1216,1289,311634,45,0,0,1,0.0,neutral
1973123252789600701,IdiazAyuso,Isabel Diaz Ayuso,Tue Sep 30 20:30:16 +0000 2025,"Apoyo a @Moedas en su campaña a la reelección como alcalde de Lisboa.

Está haciendo un gran trabajo y deseo todo lo mejor para el alcalde de la capital de nuestra querida Portugal. 

Ganas de libertad. https://t.co/AwWzKvPTXg",859,157,196,45390,226,0,1,1,0.0,neutral
1973074626935652572,IdiazAyuso,Isabel Diaz Ayuso,Tue Sep 30 17:17:03 +0000 2025,"La economía de la Comunidad de Madrid supone ya el 19’8% de la nacional.

Una región al servicio de España. https://t.co/bMQBN8P9rn",2252,446,736,99646,131,0,0,1,0.0,neutral
1972692855853592826,IdiazAyuso,Isabel Diaz Ayuso,Mon Sep 29 16:00:02 +0000 2025,"Para esta #Hispanidad2025 desde Madrid tenemos una herramienta para entendernos en todos los acentos del español:

Las ganas de celebrar juntos. https://t.co/Q1b3NSD285",1392,374,756,224819,168,1,0,1,0.0,neutral
1972677359330357466,IdiazAyuso,Isabel Diaz Ayuso,Mon Sep 29 14:58:27 +0000 2025,"La Comunidad de Madrid honra y valora el esfuerzo y el resultado de decenas de alumnos con calificaciones excelentes que a su vez son deportistas de alto rendimiento.

Gracias por vuestro ejemplo y por representarnos así por el resto de España y el mundo. https://t.co/uSQBkG6Rnb",837,167,162,42470,279,0,0,1,0.0,neutral
1971966630306459952,IdiazAyuso,Isabel Diaz Ayuso,Sat Sep 27 15:54:16 +0000 2025,"No sólo hay bandas ""latinas”, y tenemos que combatirlas por igual. 

Todas son crimen organizado, narcotráfico, sectas que fanatizan a los jóvenes, revolucionarios que quieren dinamitar el orden constitucional y la convivencia. 

Destruyen familias, barrios y sociedades enteras. https://t.co/UxfhNiHow2",1650,378,648,216006,303,0,0,1,-0.296,negative
1971874186386931952,IdiazAyuso,Isabel Diaz Ayuso,Sat Sep 27 09:46:56 +0000 2025,"Este incendio no parece interesar mucho, pero llevamos 6 días trabajando en la extinción del #IFPeñalbaDeLaSierra, Guadalajara. 

Hoy, con más medios aéreos y terrestres.

Gracias quienes están trabajando para apagarlo y nuestro apoyo a las personas afectadas.",3357,1016,470,157981,260,1,0,0,-0.296,negative
1971863792662523987,IdiazAyuso,Isabel Diaz Ayuso,Sat Sep 27 09:05:38 +0000 2025,"La nueva ola del pop-urbano y música indie en España llega a Madrid el 3 de octubre. 

Artistas emergentes que os esperan a todos en Vistalegre.

https://t.co/BkcBvhdJwH",375,98,88,32460,169,0,0,1,0.0,neutral
1941908885402529981,IdiazAyuso,Isabel Diaz Ayuso,Sun Jul 06 17:15:31 +0000 2025,"Somos la casa común de los que quieren derribar los muros en España.

@NunezFeijoo https://t.co/dsFA6lqKwA",1748,412,643,383943,106,0,1,1,0.0,neutral
1941902883886190987,IdiazAyuso,Isabel Diaz Ayuso,Sun Jul 06 16:51:40 +0000 2025,Pero no gobierna la derecha. https://t.co/ca4i1PwbZh,3513,720,368,67865,52,0,0,1,-0.296,negative
1941577385322872990,IdiazAyuso,Isabel Diaz Ayuso,Sat Jul 05 19:18:16 +0000 2025,"Este es el @ppmadrid: siempre al servicio de España en un momento histórico.

Orgullosa de todos y cada uno de los afiliados de los 179 municipios de la región.

Gracias a todos. https://t.co/UDoQ6juYSW",2797,527,536,82334,202,0,1,1,0.0,neutral
1940817567305871385,IdiazAyuso,Isabel Diaz Ayuso,Thu Jul 03 16:59:01 +0000 2025,"Enhorabuena, @AlmeidaPP_ y Teresa, por traer a este mundo al pequeños Lucas. 

Os deseamos lo mejor y que seáis muy felices ❤️ los tres.",5916,514,448,423705,136,0,1,0,0.0,neutral
1940805397855850713,IdiazAyuso,Isabel Diaz Ayuso,Thu Jul 03 16:10:39 +0000 2025,Lo importante en política. #Madrid #Valencia https://t.co/u6De3gE5wB,1172,274,271,108907,68,2,0,1,0.0,neutral
1940439296303112666,IdiazAyuso,Isabel Diaz Ayuso,Wed Jul 02 15:55:54 +0000 2025,"Felicidades a @Mtelladof, nuevo secretario general del Partido Popular. 

No tengo más que palabras buenas a quien deseo todo lo mejor.",1607,234,326,92190,135,0,1,0,0.1531,positive
1940424751497019747,IdiazAyuso,Isabel Diaz Ayuso,Wed Jul 02 14:58:06 +0000 2025,Sanchismo. https://t.co/3lmuJ0J6Ct,12419,3561,1410,489176,34,0,0,1,0.0,neutral
1940117933369565629,IdiazAyuso,Isabel Diaz Ayuso,Tue Jul 01 18:38:55 +0000 2025,Estás viendo al responsable de tu vida. No a las D̶̵̶R̶̵̶O̶̵̶G̶̵̶A̶̵̶S̶̵̶. #LasDrogasDestrozanTuVida https://t.co/YH0KhJVVYq,1272,257,303,120722,124,1,0,1,-0.296,negative
1940053707011527084,IdiazAyuso,Isabel Diaz Ayuso,Tue Jul 01 14:23:42 +0000 2025,"En la futura unidad de protonterapia del Hospital de Fuenlabrada, terapia pionera que está salvando la vida a niños y jóvenes.

Madrid se convierte en la región que más ofrece en la lucha contra el cáncer con sus ensayos, cribados y tratamientos, que también llegan a casa. https://t.co/TbyAliqfoD",1513,323,160,70092,297,0,0,1,0.0,neutral
1940016338589655174,IdiazAyuso,Isabel Diaz Ayuso,Tue Jul 01 11:55:13 +0000 2025,"Lo que más duele es la falta de cariño a España, que está abandonada. 

Mientras, los socios del Gobierno se lucran cada día que pasa.

Resultado: cientos de personas abandonas en mitad del campo y el calor. https://t.co/BjBrZMokRn",6300,1456,892,152864,231,0,0,1,0.0,neutral
1940002152585322621,IdiazAyuso,Isabel Diaz Ayuso,Tue Jul 01 10:58:51 +0000 2025,Sánchez es el principal beneficiario de una trama a la que le debe el poder. https://t.co/xTLkDSpb2Z,3372,788,612,228138,100,0,0,1,0.0,neutral
