tweet_id,username,politician,date,text,likes,retweets,replies,views,length,hashtags,mentions,links,sentiment,sentiment_label
1906789394414973006,IoneBelarra,Ione Belarra,Mon Mar 31 19:23:12 +0000 2025,@pilar_lima Es un honor 💜,61,9,3,1195,25,0,1,0,0.8126,positive
1906776005236203853,IoneBelarra,Ione Belarra,Mon Mar 31 18:30:00 +0000 2025,"Cuando @akapobisoko llegó a España con 10 años la primera frase que oyó en el colegio fue: ""Put* negro, vete a tu put* país"". Desde entonces decidió politizar la rabia y hacer frente al racismo. Gracias por tu lucha Guillermo, un orgullo tenerte en nuestra candidatura. https://t.co/YLrCp7ozSd",2703,800,588,153375,293,0,1,1,0.0,neutral
1906738257489998090,IoneBelarra,Ione Belarra,Mon Mar 31 16:00:00 +0000 2025,"Francho Aijón @Franchoai es, al igual que su hijo Javitxu, un profundo antifascista que no se va a callar cuando vea que hay una injusticia contra la que luchar.

Es un orgullo contar con él en nuestra candidatura 'Orgullosamente Podemos' para La Quinta de Podemos. https://t.co/jzxgccdk96",1517,677,78,51660,289,0,1,1,-0.296,negative
1906700509404127643,IoneBelarra,Ione Belarra,Mon Mar 31 13:30:00 +0000 2025,Orgullo de equipazo. Orgullosamente Podemos. ¡A por La Quinta! https://t.co/BWp9Hbbb5B,2453,822,1034,2156543,86,0,0,1,0.0,neutral
1906689849953862047,IoneBelarra,Ione Belarra,Mon Mar 31 12:47:39 +0000 2025,@pilar_lima Pilar 💜,48,6,0,690,19,0,1,0,0.6369,positive
1906660369138929949,IoneBelarra,Ione Belarra,Mon Mar 31 10:50:30 +0000 2025,"Tenemos el mejor equipo para que Podemos sea una izquierda transformadora orgullosamente antirracista, feminista, ecologista, que defienda la paz y los derechos de la gente trabajadora. ¡Orgullosamente Podemos! https://t.co/36viKDxGJE",1824,826,293,82692,234,0,0,1,0.0,neutral
1906617149377974367,IoneBelarra,Ione Belarra,Mon Mar 31 07:58:46 +0000 2025,"A partir de las 10:30 presentamos nuestra candidatura a La Quinta de Podemos en donde voy a estar rodeada del mejor equipo. Aquí puedes seguir en directo el acto de presentación. ¡A por La Quinta! 💜
https://t.co/DKzGWehF43",853,422,95,47413,222,0,0,1,0.6696,positive
1906429709694693672,IoneBelarra,Ione Belarra,Sun Mar 30 19:33:57 +0000 2025,"La presunción de inocencia prevalece si eres un futbolista con pasta al que acusan de agresión sexual, si eres un joven antifascista que pelea por los derechos de todas, acabas en la cárcel. Feliz cumpleaños Javitxu. Estamos contigo. ¡Indulto ya!",4047,1922,628,132137,246,0,0,0,0.0,neutral
1906280237727703198,IoneBelarra,Ione Belarra,Sun Mar 30 09:40:00 +0000 2025,¿Quiénes se pueden permitir pagar una vivienda a tocateja? La respuesta en este vídeo 👇 https://t.co/duKEF7pLra,2319,1111,899,129206,111,0,0,1,0.0,neutral
1906051230272540916,IoneBelarra,Ione Belarra,Sat Mar 29 18:30:00 +0000 2025,"Hermana, yo sí te creo. https://t.co/1Qrzn5bVYz",2517,925,773,114727,47,0,0,1,0.0,neutral
1906028580254925240,IoneBelarra,Ione Belarra,Sat Mar 29 17:00:00 +0000 2025,Hoy en Málaga defendiendo el derecho a la vivienda. Hay que seguir empujando para que se les acabe el chollo a los rentistas y a los fondos buitre. Gracias a quienes habéis asistido y a @NicoSguiglia por organizarlo y por seguir luchando por una Málaga vivible para todas/os. 💜 https://t.co/P1sGYjGXaY,1175,523,159,29128,301,0,1,1,0.6369,positive
1906020569704747217,IoneBelarra,Ione Belarra,Sat Mar 29 16:28:10 +0000 2025,Correcto,4415,1091,585,227327,8,0,0,0,0.0,neutral
1905977038940328046,IoneBelarra,Ione Belarra,Sat Mar 29 13:35:12 +0000 2025,¿Por qué pueden movilizar 800.000 millones de euros para una carrera armamentística y no para solucionar la crisis de la vivienda que tiene la gente trabajadora? https://t.co/3dYcueAHfR,3614,1901,380,74060,185,0,0,1,-0.743,negative
1905926476261675299,IoneBelarra,Ione Belarra,Sat Mar 29 10:14:16 +0000 2025,@luciadalda 💜💜💜,22,3,2,382,15,0,1,0,0.9274,positive
1905901929319821818,IoneBelarra,Ione Belarra,Sat Mar 29 08:36:44 +0000 2025,La manera en la que @luciadalda desnuda el fascismo de este señorO que la quiere calladita es digna de aplauso. Hace falta mucha valentía e inteligencia para hacer esto. Gracias💜,1038,572,83,22428,178,0,1,0,0.6369,positive
1905602963101413521,IoneBelarra,Ione Belarra,Fri Mar 28 12:48:45 +0000 2025,"La sentencia absolutoria a Dani Alves no sólo desprotege a la víctima, manda también un mensaje terrible a todas las mujeres. Basta de justicia patriarcal, basta de violencia institucional.",2786,1220,859,153558,189,0,0,0,-0.6486,negative
1905578819680895051,IoneBelarra,Ione Belarra,Fri Mar 28 11:12:49 +0000 2025,"El Gobierno de Cantabria ha anunciado el sacrificio inminente de 41 lobos sumándose así a la guerra que las derechas le han declarado al lobo ibérico. Es intolerable y tenemos que frenar esta barbaridad entre todas/os.
Tenemos que movilizarnos por el lobo. https://t.co/58nxz092IE https://t.co/vd6y5lo3z6",1402,1027,163,24673,304,0,0,2,0.34,positive
1905318906065289715,IoneBelarra,Ione Belarra,Thu Mar 27 18:00:00 +0000 2025,Necesitamos toda la fuerza posible para afrontar los retos que Podemos tiene por delante. Y para ello necesito tu aval a mi candidatura a secretaria general de Podemos en La Quinta. Recuerda que tienes hasta media noche para hacerlo. Gracias por el apoyo. https://t.co/ByoCDP3HSs,1151,553,158,23512,279,0,0,1,0.0,neutral
1905286875599769765,IoneBelarra,Ione Belarra,Thu Mar 27 15:52:44 +0000 2025,"Hoy me he reunido en el Congreso, junto a @isabelfaraldo, con representantes del Consejo General del Trabajo Social. Hemos abordado la necesidad de una ley de servicios sociales común a todos los territorios del Estado que defienda un sistema público frente a las privatizaciones. https://t.co/wzZcWKCjc5",646,355,31,11477,304,0,1,1,0.0,neutral
1905267062509101410,IoneBelarra,Ione Belarra,Thu Mar 27 14:34:00 +0000 2025,Ayer me preguntaron en la radio pública sobre los kit de supervivencia que propone la UE. Mi respuesta creo que no pudo ser más clara: menos propaganda de guerra y más protección social. https://t.co/YYRXWcJeYs,3460,1732,197,53663,210,0,0,1,-0.4939,negative
1905184096218910758,IoneBelarra,Ione Belarra,Thu Mar 27 09:04:19 +0000 2025,El Gobierno no se atreve a traer los presupuestos al Congreso porque eso dejaría en evidencia que el único socio que tiene en este régimen de guerra es el PP. https://t.co/6eCNz02v4b,1872,999,127,22856,182,0,0,1,-0.296,negative
1904986717519487397,IoneBelarra,Ione Belarra,Wed Mar 26 20:00:01 +0000 2025,Flaco favor se hace el PSOE a sí mismo defendiendo una justicia atrincherada a las órdenes del PP que sí tiene diferente criterio si el apellido es Rajoy o Cospedal. https://t.co/LD1vAq6mIQ,1582,876,105,35415,189,0,0,1,0.4019,positive
1904967840341303531,IoneBelarra,Ione Belarra,Wed Mar 26 18:45:00 +0000 2025,El mundo de la cultura lo vuelve a tener claro y hoy les hemos acompañado a las puertas del Congreso. ¡NO A LA GUERRA! https://t.co/7QATEd05ed,2068,1004,311,54990,142,0,0,1,0.0,neutral
1904946450535940103,IoneBelarra,Ione Belarra,Wed Mar 26 17:20:00 +0000 2025,"Hoy se ha abierto el plazo para recibir los avales para mi candidatura a la Secretaría General de Podemos.

Para seguir defendiendo el feminismo, los servicios públicos, el ecologismo y el fin de la militarización, entra en https://t.co/ByoCDP3a2U y haz tu aval. #AvalaPodemos https://t.co/yCS40cmxPb",2397,994,695,68315,300,1,0,2,0.34,positive
1904918282273952246,IoneBelarra,Ione Belarra,Wed Mar 26 15:28:04 +0000 2025,"La amenaza rusa suena igual que esas armas de destrucción masiva que, con seguridad, tenía Saddam Hussein en Irak. https://t.co/s4u62BV0hp",4890,2452,688,391114,138,0,0,1,0.0,neutral
1904878434813165766,IoneBelarra,Ione Belarra,Wed Mar 26 12:49:44 +0000 2025,@Borja_SRT Tomo nota jeje,14,0,1,489,25,0,1,0,0.0,neutral
1904864515524530312,IoneBelarra,Ione Belarra,Wed Mar 26 11:54:25 +0000 2025,"Con esos 17.000 millones de euros que tan fácilmente han encontrado para el rearme, se podrían comprar todos los pisos de fondos buitre para ponerlos en alquiler social. Pero, claro, para eso hace falta valentía. https://t.co/St8RFl7eo0",5275,2810,496,133506,236,0,0,1,0.0,neutral
1904554552650559512,IoneBelarra,Ione Belarra,Tue Mar 25 15:22:44 +0000 2025,Hoy nos hemos reunido de nuevo con Juristas por Palestina en el Congreso. Les hemos acompañado en su propuesta de exigir a España que actúe frente al genocidio que Israel está perpetrando en Palestina. Tienen todo nuestro apoyo. Hay que llevar ya a los genocidas ante la justicia. https://t.co/6xrCdS5nnq,1255,662,153,21264,304,0,0,1,0.0,neutral
1904515783092273370,IoneBelarra,Ione Belarra,Tue Mar 25 12:48:41 +0000 2025,Pedro Sánchez tiene que decir la verdad a la gente sobre el aumento del gasto militar y los recortes que conllevan. https://t.co/LGJgjgOFSd,2158,1224,205,42834,139,0,0,1,0.0,neutral
1904266363142611124,IoneBelarra,Ione Belarra,Mon Mar 24 20:17:35 +0000 2025,"Cuando la barbarie comienza nadie está a salvo, ni siquiera quien recibe un Oscar como Hamdan Ballal. Mi repulsa más firme a este ataque cobarde y repugnante. Es hora de pararle los pies a Israel y detener este genocidio.",2800,1434,156,60394,221,0,0,0,0.0,neutral
1904190704919715992,IoneBelarra,Ione Belarra,Mon Mar 24 15:16:56 +0000 2025,"Señora Cospedal, ustedes estarían en la cárcel de no ser por los sectores reaccionarios del poder judicial que les han protegido. https://t.co/JKQoDOLObh",6496,2856,315,88050,153,0,0,1,-0.296,negative
1904138791717154870,IoneBelarra,Ione Belarra,Mon Mar 24 11:50:39 +0000 2025,Al PP no le gusta la Policía cuando hace informes que demuestran su brutal corrupción. https://t.co/mv0bumUMLR,4348,2325,203,65905,110,0,0,1,-0.743,negative
1903914667681927584,IoneBelarra,Ione Belarra,Sun Mar 23 21:00:04 +0000 2025,"Dice @olgarodriguezfr que no es honesto despreciar las vías alternativas a la escalada bélica y tachar de ingenuos a quienes la cuestionan, porque no hay mayor ingenuidad que creer que el aumento del gasto militar mejorará el mundo. Qué gran verdad. Leedla.https://t.co/QgypyH1LnZ",1018,563,51,32334,280,0,1,1,-0.5267,negative
1903782734968898046,IoneBelarra,Ione Belarra,Sun Mar 23 12:15:49 +0000 2025,"Hoy lamentamos la pérdida de Jesús Santos, teniente de Alcalde de Alcorcón. Desde Podemos queremos transmitir nuestro más sentido pésame a sus familiares y seres queridos, que están atravesando este durísimo trance. Que la tierra te sea leve.",1503,461,59,97690,242,0,0,0,0.0,neutral
1903380542558810515,IoneBelarra,Ione Belarra,Sat Mar 22 09:37:39 +0000 2025,"La gente quiere seguridad y protección con unos servicios públicos fuertes, no que nuestro país se embarque en una carrera armamentística que nos pone en riesgo a todas y a todos. https://t.co/ParXrRgVvK",2552,1441,297,49051,203,0,0,1,-0.296,negative
1902824648263311447,IoneBelarra,Ione Belarra,Thu Mar 20 20:48:43 +0000 2025,"El sábado 29 de marzo en Málaga nos volvemos a levantar por la vivienda con esta fantástica jornada en donde vamos a poder seguir organizándonos y haciendo frente, juntas, a la terrible especulación con el derecho a la vivienda. Guárdate la fecha y vente. 💜 https://t.co/2ueXuctC2a",803,504,78,19619,281,0,0,1,0.2732,positive
1902676994929651734,IoneBelarra,Ione Belarra,Thu Mar 20 11:02:00 +0000 2025,Hoy el PP ha vuelto a demostrar que son un partido de golpistas que no respeta los mínimos democráticos. Gracias @MartinaVelardeG por tu valentía denunciándolo.,983,551,69,20125,160,0,1,0,0.0516,positive
1902438332824432705,IoneBelarra,Ione Belarra,Wed Mar 19 19:13:38 +0000 2025,El Estado terrorista de Israel ha vuelto a masacrar a la población palestina y continúa con su plan genocida de exterminio con el apoyo de EEUU y Trump. Hoy volvemos a salir a las calles para exigir el embargo total de armas. Los genocidas no pueden seguir sembrando el terror. https://t.co/ld3TzaUBfd,6527,3411,460,79229,301,0,0,1,-0.4939,negative
1902407119720022052,IoneBelarra,Ione Belarra,Wed Mar 19 17:09:37 +0000 2025,"Ayuso es consciente de que la gente cada vez sabe más la verdad sobre lo ocurrido en las residencias de la Comunidad de Madrid por culpa de su gestión homicida. Por eso solo les queda el amedrentamiento y las amenazas. Juntas vamos a llegar al final. Todo mi apoyo, compañero.",2808,1348,544,79835,276,0,0,0,0.0,neutral
1902326481260269702,IoneBelarra,Ione Belarra,Wed Mar 19 11:49:11 +0000 2025,"Podemos no va a permitir que retrocedamos en los derechos que tanto costó conseguir.

Frente a la alianza de derechas del PP, VOX, Junts y PNV para desproteger al lobo, más @AlianzaVerde_ y su lucha por los derechos de los animales. https://t.co/vXuT48EeAY",1360,660,205,39826,256,0,1,1,-0.296,negative
1902295083245789586,IoneBelarra,Ione Belarra,Wed Mar 19 09:44:25 +0000 2025,"‼️Ayer el genocida Netanyahu volvió a bombardear Gaza, con el beneplácito de EEUU y Trump, asesinando a más de 400 personas. Hay que redoblar todos los esfuerzos para parar los pies a estos genocidas. Esta tarde todas/os a esta concentración. ¡Embargo total de armas a Israel YA! https://t.co/T7hr0ZGcdl",1535,1018,205,26535,303,0,0,1,0.0,neutral
1902267558696218910,IoneBelarra,Ione Belarra,Wed Mar 19 07:55:03 +0000 2025,Tenemos que detener la carrera armamentística que imponen la OTAN y el fascista de Trump. https://t.co/z0993LCGAa,2247,1068,229,32634,113,0,0,1,0.0,neutral
1902064205928526314,IoneBelarra,Ione Belarra,Tue Mar 18 18:26:59 +0000 2025,"Aquí @J_Sanchez_Serna muestra de manera muy clara la incongruencia de quienes están alimentando el régimen de guerra a costa de los derechos de la clase trabajadora como pide la OTAN, mientras ponen la excusa de no depender de EEUU. Pura hipocresía.",767,441,31,15777,249,0,1,0,-0.296,negative
1902027993368666498,IoneBelarra,Ione Belarra,Tue Mar 18 16:03:06 +0000 2025,@PabloEchenique 💜💜💜💜💜,76,10,1,1115,21,0,1,0,0.9719,positive
1902024487597461793,IoneBelarra,Ione Belarra,Tue Mar 18 15:49:10 +0000 2025,La banda de fundamentalistas organizada en torno al nombre Abogados Cristianos está utilizando la justicia para perseguir a Pablo Echenique por denunciar el racismo y los abusos sexuales en el seno de la Iglesia. Todo mi cariño y apoyo ante este burdo acoso judicial.,1542,736,84,27699,267,0,0,0,0.0,neutral
1901973463880933488,IoneBelarra,Ione Belarra,Tue Mar 18 12:26:25 +0000 2025,"Ninguna querella puede tapar la verdad, que las residencias de la Comunidad de Madrid tuvieron una mortalidad un 129% superior al resto de comunidades. La gestión de Ayuso fue homicida y nosotras no nos vamos a callar. https://t.co/IzzrQussO4",3585,1863,675,89053,242,0,0,1,0.3182,positive
1901949101647814864,IoneBelarra,Ione Belarra,Tue Mar 18 10:49:36 +0000 2025,"Los fondos buitre y los grandes propietarios están acaparando vivienda en España como si fueran latas y fuera a haber un ataque nuclear. Lo peor, que el Gobierno no piensa hacer nada para evitarlo 👇🏻 https://t.co/pmiSqrnXoB",1348,768,103,18942,223,0,0,1,-0.296,negative
1901888367668699236,IoneBelarra,Ione Belarra,Tue Mar 18 06:48:16 +0000 2025,El vídeo que publicó Trump sobre cómo quieren que sea Gaza no dejaba lugar a dudas sobre el plan de limpieza étnica en Palestina. El genocidio nunca ha cesado y esta noche Israel ha vuelto a la más cruel ofensiva en Gaza. ¡Embargo formal de armas ya!,3885,1979,217,76194,250,0,0,0,-0.3595,negative
1901672375403618814,IoneBelarra,Ione Belarra,Mon Mar 17 16:30:00 +0000 2025,"La semana pasada todo el mundo pudo comprobar la gestión homicida de Ayuso en el documental sobre la muerte de 7.291 personas por los protocolos de la vergüenza. No nos van a amedrentar con sus denuncias, vamos a seguir denunciándolo hasta el final.",1639,849,261,46656,249,0,0,0,-0.296,negative
1901642179644215755,IoneBelarra,Ione Belarra,Mon Mar 17 14:30:01 +0000 2025,"Las guerras siempre las pagan los pueblos, por eso no vamos a hacer seguidismo de quienes se empeñan en ser señores de la guerra aumentando el gasto militar a costa de los derechos sociales de la gente. Lo volvemos a decir alto y claro, no a los recortes, no a la guerra.",1012,565,78,22344,271,0,0,0,-0.6808,negative
1901610469732843835,IoneBelarra,Ione Belarra,Mon Mar 17 12:24:00 +0000 2025,El jueves pasado supimos que la Generalitat Valenciana manipuló una imagen de Mazón y hoy sabemos que también manipularon el audio de la llamada a emergencias del día de la DANA. Es terrible la forma que tiene el PP de humillar al pueblo valenciano. Son delincuentes descarados.,3618,1901,72,42530,278,0,0,0,-0.4767,negative
1901283481444909354,IoneBelarra,Ione Belarra,Sun Mar 16 14:44:40 +0000 2025,@Macca15Paul @PODEMOS Sois ls mejores!,295,48,19,3072,38,0,2,0,0.0,neutral
1900981081630720342,IoneBelarra,Ione Belarra,Sat Mar 15 18:43:03 +0000 2025,"Hasta que la dignidad, cosa que el PP no conoce, se haga costumbre 💜",1824,814,190,51881,68,0,0,0,0.4588,positive
1900932713432940905,IoneBelarra,Ione Belarra,Sat Mar 15 15:30:51 +0000 2025,Orgullo de militancia hoy en Zaragoza que nos sostiene en pie. Vamos todas juntas hacia La Quinta de Podemos. 💜 https://t.co/H1YDLjCNYU,1389,591,156,27847,135,0,0,1,0.6369,positive
1900898834693169629,IoneBelarra,Ione Belarra,Sat Mar 15 13:16:13 +0000 2025,¿Les gustan las guerras? Pues que envíen a sus hijos e hijas. https://t.co/JLRharSGu9,5917,2982,963,158850,85,0,0,1,0.0,neutral
1900823940697674134,IoneBelarra,Ione Belarra,Sat Mar 15 08:18:37 +0000 2025,"Digan lo que digan, cada euro más que se invierta en gasto militar no se invierte en avance social. Esa es la única realidad. https://t.co/QopI5Kl3UY",1914,931,284,47427,149,0,0,1,-0.296,negative
1900562562560716945,IoneBelarra,Ione Belarra,Fri Mar 14 15:00:00 +0000 2025,Por esto no salió adelante la Ley de Familias la pasada legislatura. https://t.co/NYuSaW7ZMA,1375,750,58,22179,92,0,0,1,-0.296,negative
1900515452314365969,IoneBelarra,Ione Belarra,Fri Mar 14 11:52:48 +0000 2025,El ministro @oscar_puente_ debería dejar de hacer gracias con un tema tan serio. El Gobierno se va a gastar el dinero de Cercanías y de la Ley de Familias en armas. Nos tendrán enfrente. https://t.co/qRme0oGA9X,2917,1532,273,98114,210,0,1,1,0.0,neutral
1900472032199946456,IoneBelarra,Ione Belarra,Fri Mar 14 09:00:16 +0000 2025,"Llevamos mucho tiempo diciéndolo, el permiso de 8 semanas tiene que ser remunerado. Ayer conseguimos aprobar nuestra iniciativa en el Congreso pero el PSOE votó en contra. Es totalmente inexplicable que sigan dando la espalda así a tantas familias. https://t.co/JLg4Fm0zgT",1962,1138,121,47750,272,0,0,1,0.0,neutral
1900210115979923544,IoneBelarra,Ione Belarra,Thu Mar 13 15:39:30 +0000 2025,"No al aumento del gasto militar, no a los recortes, NO A LA GUERRA. https://t.co/psd0nmi3Yv",4627,2205,586,123940,91,0,0,1,-0.7456,negative
1900180572464414751,IoneBelarra,Ione Belarra,Thu Mar 13 13:42:06 +0000 2025,Junts y PNV hoy van de la mano de la derecha del PP para cargarse la protección del lobo usando la Ley de Desperdicio Alimentario. Las derechas siempre van juntas a la hora de retroceder en derechos de los animales. Una vergüenza que va en contra del país animalista que ya somos.,708,455,38,19941,280,0,0,0,0.0,neutral
1900130873577538011,IoneBelarra,Ione Belarra,Thu Mar 13 10:24:37 +0000 2025,Un informe pericial concluye que la foto de Mazón entrando al Cecopi es técnicamente falsa. Basta ya de mentir a todo el pueblo valenciano. Desde Podemos pedimos que se entreguen todas las pruebas para que las valencianas/os sepan toda la verdad de la gestión criminal de Mazón.,951,562,34,19926,278,0,0,0,-0.5267,negative
1900098253103710460,IoneBelarra,Ione Belarra,Thu Mar 13 08:15:00 +0000 2025,"Los principios éticos se demuestran cuando nadie mira y el Gobierno, cuando nadie mira, permite el comercio de armas con el Estado genocida de Israel. https://t.co/IeJ2OPFP4I",2086,1162,146,32618,174,0,0,1,0.0,neutral
1899905736618238353,IoneBelarra,Ione Belarra,Wed Mar 12 19:30:00 +0000 2025,"Este sábado la ruta rumbo a La Quinta llega a Zaragoza. Nos reuniremos con la militancia en un encuentro en el Centro Cívico Río Ebro a las 12 de la mañana. Vente.

Juntas y juntos vamos a seguir poniendo en pie a la izquierda valiente y transformadora. https://t.co/Y7zU6oHxTS",443,239,21,10088,277,0,0,1,0.0,neutral
1899890635286646968,IoneBelarra,Ione Belarra,Wed Mar 12 18:30:00 +0000 2025,Hoy en @LaBase_TV he podido explicar de forma más extendida por qué desde Podemos nos oponemos a un aumento de gasto militar. https://t.co/NOinY77kh8,1367,679,110,24175,149,0,1,1,0.0,neutral
1899867823054180778,IoneBelarra,Ione Belarra,Wed Mar 12 16:59:21 +0000 2025,Lo que se gasta en armamento no se gasta en sanidad o educación. Algunos se empeñan en negar esta realidad pero la realidad siempre les acaba dejando en evidencia.,1150,613,302,46797,163,0,0,0,-0.296,negative
1899843438683500700,IoneBelarra,Ione Belarra,Wed Mar 12 15:22:27 +0000 2025,¿Está dispuesto usted ministro a que sus hijos vayan al frente? https://t.co/QZvSqxS6IY,6091,3001,408,130180,87,0,0,1,0.0,neutral
1899749100926455993,IoneBelarra,Ione Belarra,Wed Mar 12 09:07:35 +0000 2025,"Señora Montero, nadie les votó para duplicar el gasto militar a costa de nuestros servicios públicos. https://t.co/tkesR0V8MJ",2905,1507,325,146522,125,0,0,1,0.0,neutral
1899550905311318414,IoneBelarra,Ione Belarra,Tue Mar 11 20:00:02 +0000 2025,"Hoy nos hemos reunido con Diego Borja, candidato a la vicepresidencia de Ecuador para mostrarle todo nuestro apoyo en la segunda vuelta de las elecciones que se van a celebrar en abril. Ecuador vota a @LuisaGonzalezEc y @DiegoBorjaPC para derrotar a las políticas neoliberales. https://t.co/F6uxFWCa8t",394,155,43,8012,301,0,2,1,0.0,neutral
1899532606624137241,IoneBelarra,Ione Belarra,Tue Mar 11 18:47:19 +0000 2025,"La Ley de Familias es urgente, por mucho que el Gobierno la tenga en un cajón. Es hora de retribuir los permisos de 8 semanas, ampliar los de ma/paternidad y reparar la injusticia hacia las familias monomarentales. 

Este viernes nos vemos en el Congreso.
https://t.co/MXBTd11VUX https://t.co/NwvE0YEUvh",537,373,25,12389,303,0,0,2,0.0,neutral
1899425045224493459,IoneBelarra,Ione Belarra,Tue Mar 11 11:39:55 +0000 2025,"Nos dijeron de todo por decir que Juan Roig es un capitalista despiadado. Despiadado, aprovechado, usurero, añado. Literalmente se han dedicado a robarle a la gente su dinero especulando con los alimentos. Para desamparada, la gente.",3741,1291,1339,410739,233,0,0,0,0.0,neutral
1899388957244150089,IoneBelarra,Ione Belarra,Tue Mar 11 09:16:31 +0000 2025,Hoy más que nunca las víctimas del #11Marzo y sus familias en nuestro recuerdo. También la ternura y la solidaridad de la gente común. No olvidemos que las guerras y las mentiras de los poderosos las pagan siempre los pueblos.,1104,581,106,25532,226,1,0,0,-0.296,negative
1899184684526870719,IoneBelarra,Ione Belarra,Mon Mar 10 19:44:48 +0000 2025,"La Sexta publica unas declaraciones de @_PabloFdez_ como si fueran sobre Monedero, cuando la pregunta era de ¡otro tema! Es muy burdo pero van con ello. Pura corrupción periodística.",2927,1754,115,44437,182,0,1,0,0.0,neutral
1899056217646874883,IoneBelarra,Ione Belarra,Mon Mar 10 11:14:19 +0000 2025,"Hemos pasado del Gobierno autodenominado progresista que no hace ninguna transformación para nuestro país, al Gobierno de los señores de la guerra que compromete el futuro de nuestros hijos/as en las próximas décadas.

Insistimos, NO al aumento del gasto militar y NO a la OTAN.",1646,921,207,44764,278,0,0,0,-0.7944,negative
1899008422676165112,IoneBelarra,Ione Belarra,Mon Mar 10 08:04:24 +0000 2025,"Se habla mucho de guerra y de más gasto militar, pero bastante menos de ampliar derechos y políticas sociales. Las dinámicas del miedo y de la ley de las armas solo refuerzan el marco de la extrema derecha.

Leed hoy este análisis de @olgarodriguezfr 👇
https://t.co/WXpoIl50Ia",1152,674,205,25325,276,0,1,1,0.0,neutral
1898405714738995668,IoneBelarra,Ione Belarra,Sat Mar 08 16:09:27 +0000 2025,@luciadalda Eres la mejor 💜,76,11,5,1822,27,0,1,0,0.6369,positive
1898355876773114256,IoneBelarra,Ione Belarra,Sat Mar 08 12:51:25 +0000 2025,El feminismo es imparable. ¡A cambiarlo todo! #8Marzo https://t.co/Cty5TOOSmD,2468,938,1336,166988,77,1,0,1,0.0,neutral
1898313156482498593,IoneBelarra,Ione Belarra,Sat Mar 08 10:01:40 +0000 2025,El feminismo y su poder transformador ha cambiado nuestro país para siempre. Y lo ha hecho de la mano de las movilizaciones del 8M. Por eso un año más vamos a seguir peleando desde las calles el avance en derechos para todas. Que viva el orgullo feminista y la esperanza infinita.,1294,617,521,49218,280,0,0,0,0.5859,positive
1898101745307247029,IoneBelarra,Ione Belarra,Fri Mar 07 20:01:35 +0000 2025,"El presidente @sanchezcastejon no puede decir que va a construir autonomía estratégica en la UE mientras le lame las botas al fascista de Trump duplicando el gasto militar para que las empresas armamentísticas se forren. Pues que le quede claro, por ahí Podemos no va a pasar. https://t.co/lyXnEW1K9k",1650,892,298,37937,300,0,1,1,-0.7351,negative
1898052766813270032,IoneBelarra,Ione Belarra,Fri Mar 07 16:46:58 +0000 2025,"Siempre lo hemos dicho, los jueces de este país vienen del franquismo y están orgullosos de demostrarlo, como vimos ayer en el juicio contra Héctor de Miguel. Demasiado tiempo tolerando el machismo, racismo o LGTBifobia desde la judicatura. Hay que poner fin a tanta reacción.",2964,1352,794,109482,276,0,0,0,0.0,neutral
1898007043153256806,IoneBelarra,Ione Belarra,Fri Mar 07 13:45:17 +0000 2025,Sánchez dice que se opone a Trump pero le lame las botas y acelera el aumento gasto militar que ha pedido Trump para llegar antes al 2% del PIB. Este gobierno está cavando su propia tumba. Cada euro en armas es un recorte a nuestra sanidad y educación publicas. Así no.,2144,1101,480,99706,269,0,0,0,-0.1027,negative
1897753537922130390,IoneBelarra,Ione Belarra,Thu Mar 06 20:57:56 +0000 2025,"Que Junts no ponga la excusa del autogobierno en Catalunya para hacer racismo institucional, porque en Podemos siempre vamos a ser antirracistas. https://t.co/ShOzdZPgc8",1234,610,909,214311,169,0,0,1,-0.296,negative
1897606322712924337,IoneBelarra,Ione Belarra,Thu Mar 06 11:12:57 +0000 2025,Propuesta número uno: no ser racistas. https://t.co/1l8gG099r2,3495,1525,1178,369119,62,0,0,1,-0.296,negative
1897586887688167582,IoneBelarra,Ione Belarra,Thu Mar 06 09:55:44 +0000 2025,"Esto es el PP, un peligro para la vida👇🏻",1167,671,146,26792,40,0,0,0,0.0,neutral
1897359456431661149,IoneBelarra,Ione Belarra,Wed Mar 05 18:52:00 +0000 2025,Decimos NO a descentralizar el racismo institucional. Regularización YA. https://t.co/7j4S3KakfR,1588,728,598,146804,96,0,0,1,-0.4466,negative
1897355375256736242,IoneBelarra,Ione Belarra,Wed Mar 05 18:35:47 +0000 2025,"Las navarras tampoco tenemos fama de graciosas. No se enfade tanto, señor Feijóo. Lo que no tiene puñetera gracia es que nos investigaran ilegalmente y que inventaran informes falsos de financiación irregular para desprestigiarnos. De eso ni mú, ¿no?",3544,1191,687,178142,250,0,0,0,-0.5267,negative
1897331276576661759,IoneBelarra,Ione Belarra,Wed Mar 05 17:00:01 +0000 2025,Esta mañana le he dicho a Rajoy todo el daño que hizo el PP con la utilización de los aparatos del Estado. Esta mañana se ha destapado otro caso de infiltración policial en un movimiento de solidaridad con Palestina. El daño irreparable a nuestra democracia no solo viene del PP.,2092,927,674,136360,279,0,0,0,0.0516,positive
1897304656457400698,IoneBelarra,Ione Belarra,Wed Mar 05 15:14:14 +0000 2025,Por fin alguien del PP reconoce lo obvio. Solo había que dejarles cantar a ellos solos. Que no vuelvan nunca más. https://t.co/Vm53lqYmLX,4683,2080,345,116626,137,0,0,1,-0.296,negative
1897257282414444990,IoneBelarra,Ione Belarra,Wed Mar 05 12:06:00 +0000 2025,Hoy desvelo el misterio más inquietante de la democracia reciente en este interrogatorio a Rajoy. https://t.co/qagaVEmP1x,5267,2500,979,191168,121,0,0,1,0.0,neutral
1896951471566213316,IoneBelarra,Ione Belarra,Tue Mar 04 15:50:49 +0000 2025,"Este viernes la ruta que pone rumbo a La Quinta de Podemos llegará a Sevilla donde podremos reunirnos con la militancia en este acto junto a @IreneMontero y @RaquelAlmeraya.

Entre todas/os vamos a seguir poniendo en pie a la izquierda valiente y transformadora. Te esperamos. https://t.co/Yj2UirNZl7",588,344,183,19314,300,0,2,1,0.0,neutral
1896901644010328119,IoneBelarra,Ione Belarra,Tue Mar 04 12:32:49 +0000 2025,Es obvio que Junts quiere las competencias de inmigración para hacer políticas aún más racistas y contrarias a los derechos humanos. Por ahí no. Lo que es urgente para la justicia social en nuestro país es la regularización extraordinaria. https://t.co/DsVD1Yaju4,1192,593,1103,361534,263,0,0,1,0.0,neutral
1896855384754720913,IoneBelarra,Ione Belarra,Tue Mar 04 09:29:00 +0000 2025,"Lo que es urgente en nuestro país es que se apruebe la ILP de regularización que lleva un año esperando. El PSOE ha pactado con Junts, un partido anti inmigración que compite con la ultraderecha catalana, darles las competencias de migración. No se hará con los votos de Podemos.",1194,626,636,529669,279,0,0,0,-0.2732,negative
1896837986307952680,IoneBelarra,Ione Belarra,Tue Mar 04 08:19:52 +0000 2025,"Gracias a la denuncia y al trabajo de @Podem_ para sacar a la luz la terrible gestión del PP en la DANA de Valencia, las valencianas y valencianos cada vez están más cerca de conocer la verdad. Mazón hizo una gestión homicida y tiene que pagar por todas las vidas que destrozó.",1264,707,169,35354,277,0,1,0,-0.4767,negative
1896659344567226837,IoneBelarra,Ione Belarra,Mon Mar 03 20:30:00 +0000 2025,"La represión hacia quienes luchan hoy por ensanchar la democracia viene heredada de un Estado que nunca abandonó el franquismo. Un Estado que no ha reparado la memoria de los cinco trabajadores de Vitoria asesinados por la policía hace 49 años. Y de aquellos polvos, estos lodos.",1029,497,111,26754,279,0,0,0,-0.2584,negative
1896643102980575594,IoneBelarra,Ione Belarra,Mon Mar 03 19:25:28 +0000 2025,"Este jueves tenemos una nueva parada en nuestra ruta hacia La Quinta en donde vamos a seguir planteando y debatiendo los retos que tenemos por delante con Podemos.

Vamos a estar en Madrid con @IreneMontero e @Isaserras en el Espacio Próxima Estación a las 19h. Vente. 💜 https://t.co/1eiuOEoFcZ",681,379,176,22210,294,0,2,1,0.6369,positive
1896606769948066250,IoneBelarra,Ione Belarra,Mon Mar 03 17:01:05 +0000 2025,Ayuso es la máxima responsable de la muerte de 7.291 personas en las residencias de la CAM y por ello debería estar en la cárcel. Pero lejos de eso se permite hacer política golpista con la protección de la justicia y de los medios de comunicación al servicio del PP. Es infame.,2369,1313,648,87162,278,0,0,0,0.0,neutral
1896569544216584364,IoneBelarra,Ione Belarra,Mon Mar 03 14:33:10 +0000 2025,La represión judicial y estatal a las activistas climáticas es brutal. Esto es una vergüenza 👇🏻,1125,718,172,41764,95,0,0,0,-0.6249,negative
1896518279981928572,IoneBelarra,Ione Belarra,Mon Mar 03 11:09:28 +0000 2025,"Seguir en la OTAN es seguir al fascista de Trump que humilla y amenaza a Europa. Hay que salirse inmediatamente de esta organización, cerrar las bases militares de EEUU en España y poner fin al aumento del gasto militar. Basta ya de defender los intereses imperialistas de EEUU.",2517,1209,955,278633,278,0,0,0,0.1027,positive
1896244111788716409,IoneBelarra,Ione Belarra,Sun Mar 02 17:00:01 +0000 2025,"Muchas felicidades a @OrsiYamandu, @CosseCarolina y a todo el pueblo de la República del Uruguay. Arranca el nuevo gobierno progresista del @Frente_Amplio que desde toda América Latina y desde esta orilla miramos con gran esperanza. Toda la fuerza y los aciertos.",660,303,50,24427,263,0,3,0,0.0,neutral
1896194854792679897,IoneBelarra,Ione Belarra,Sun Mar 02 13:44:17 +0000 2025,Salir de la OTAN es el único camino. https://t.co/HxGXUaIrwz,4064,1768,807,159399,60,0,0,1,0.0,neutral
1895759825323376671,IoneBelarra,Ione Belarra,Sat Mar 01 08:55:38 +0000 2025,"Trump ha tenido en público una discusión que se suele dar en privado. Hoy todo el mundo puede ver de qué iba la guerra de Ucrania. La gente, la democracia, la libertad les importa una mierda, Rusia quería tierras y EEUU gas, petróleo y minerales. Es la hora de la gente decente.",6123,2416,1093,279693,278,0,0,0,0.34,positive
1895541981239235028,IoneBelarra,Ione Belarra,Fri Feb 28 18:30:00 +0000 2025,"Retrasar los datos de unas ventas que afirmaron, por activa y por pasiva durante meses, que no existían. El Gobierno se ríe en la cara de la gente. Es indecente. Dejen de una vez de hacer cómplice de la barbarie a nuestro país. https://t.co/jMFkEJtm8H",1492,874,97,26305,251,0,0,1,-0.296,negative
1895511783009366159,IoneBelarra,Ione Belarra,Fri Feb 28 16:30:00 +0000 2025,"Hoy 28 de febrero Andalucía celebra un año más la conquista de su autogobierno. El pueblo andaluz camina hacia la soberanía, hacia la defensa de la paz y hacia un republicanismo que proteja lo público para todos y para todas las andaluzas. ¡Viva Andalucía libre! 💚🤍💚",751,322,264,32210,266,0,0,0,0.6696,positive
1895453615575244943,IoneBelarra,Ione Belarra,Fri Feb 28 12:38:52 +0000 2025,"Se van a repartir Ucrania como una tarta, las tierras ocupadas para Rusia y los recursos naturales para EEUU. Nunca les importó el pueblo, sólo el dinero y el poder. Es hora de salir de la OTAN para que Europa tenga futuro. https://t.co/LNYqGtOQL1",5174,2510,626,274547,247,0,0,1,0.0,neutral
1895076612120449075,IoneBelarra,Ione Belarra,Thu Feb 27 11:40:47 +0000 2025,"Frente al reparto colonial de Ucrania entre Trump y Putin, los pueblos de Europa tenemos que organizarnos y movilizarnos para construir una paz justa que rompa los lazos con el imperialismo.

Mañana nos vemos en la IV Conferencia Europea por la Paz con todas estas compañeras/os. https://t.co/m2xHUOxuLl",778,472,257,47644,303,0,0,1,0.0,neutral
1894764266592330161,IoneBelarra,Ione Belarra,Wed Feb 26 14:59:38 +0000 2025,"En abril celebraremos La Quinta de Podemos, pero antes arrancamos una ruta por territorios en donde vamos a seguir poniendo en pie a la izquierda transformadora.

Comenzamos este domingo en València junto a @IreneMontero y @m_tere_perez.

¡Vente! https://t.co/jTE1nIUmlN",674,374,330,21215,270,0,2,1,0.0,neutral
1894718575396442228,IoneBelarra,Ione Belarra,Wed Feb 26 11:58:05 +0000 2025,La gente exige que los permisos de ocho semanas para cuidado de niños y niñas sean REMUNERADOS. Una decisión exclusiva del Gobierno que Sánchez se niega a tomar. Basta ya de negar la conciliación a las familias.,912,549,91,22303,211,0,0,0,0.0,neutral
1894674311291474334,IoneBelarra,Ione Belarra,Wed Feb 26 09:02:11 +0000 2025,"¿Le ha obligado Junts, presidente, a arrodillarse ante el fascista de Trump y a comprometer un aumento del gasto militar sin precedentes? Cambie de rumbo o usted será el único responsable de que los fascistas entren en Moncloa. https://t.co/F0RpyPt3DS",2267,1256,287,126594,251,0,0,1,-0.296,negative
1894485017092366499,IoneBelarra,Ione Belarra,Tue Feb 25 20:30:00 +0000 2025,"Hay que tener muy poca vergüenza para llevar mintiendo más de 16 meses sobre la compraventa y transporte de armamento a Israel y que tengas como único argumento, ""Lo estamos mirando"".",1897,1092,238,43311,183,0,0,0,0.0,neutral
1894450264477671637,IoneBelarra,Ione Belarra,Tue Feb 25 18:11:54 +0000 2025,"Hoy el PSOE, el PNV y Junts tienen que elegir, o con la #RegularizaciónYa o con los racistas de PP y VOX. Los fachas se han enfadado mucho por describirles como lo que son, racistas, signo de que vamos bien. https://t.co/GxNgl9ns7H",2050,1068,497,178371,231,1,0,1,0.0,neutral
1894332272850968915,IoneBelarra,Ione Belarra,Tue Feb 25 10:23:03 +0000 2025,"Los jueces tienen que cumplir la ley y retirar las visitas a los maltratadores. Si no, fuera. https://t.co/uuOUyBZQ3A",1728,895,408,119992,117,0,0,1,0.0,neutral
1894309929915154823,IoneBelarra,Ione Belarra,Tue Feb 25 08:54:16 +0000 2025,"58 personas van a quedarse en la calle por el desahucio de un asentamiento de temporeros en Níjar, Almería. Familias en un extremo grado de vulnerabilidad social sin que ninguna administración pública haya puesto una alternativa habitacional. Exigimos que se respeten sus DDHH.",1323,759,438,55934,277,0,0,0,-0.5574,negative
1894002920951099458,IoneBelarra,Ione Belarra,Mon Feb 24 12:34:19 +0000 2025,El PSOE tiene que dejar de usar a Junts como excusa para no hacer lo que no quiere hacer. Es obvio que van a hacer lo que el PSOE diga. Miau.,942,469,171,65943,141,0,0,0,-0.5267,negative
1893981790370443604,IoneBelarra,Ione Belarra,Mon Feb 24 11:10:21 +0000 2025,"Una paz justa y duradera para Ucrania se construye, en primer lugar, abandonado el consenso de guerra que el PSOE lleva tres años alimentando. Continuar con la escalada bélica en este contexto de reparto colonial de Ucrania entre Putin y Trump roza ya el ridículo, señor Sánchez.",1345,814,227,46957,279,0,0,0,0.0,neutral
1893761451979894846,IoneBelarra,Ione Belarra,Sun Feb 23 20:34:49 +0000 2025,"Los resultados de las elecciones en Alemania lo dejan claro, los gobiernos autodenominados “progresistas” que favorecen a las élites, apoyan genocidios e impulsan la guerra son una alfombra roja a la derecha y la extrema derecha. Europa solo tiene futuro si es con derechos.",2043,1026,586,124034,274,0,0,0,0.0,neutral
1893588824124440634,IoneBelarra,Ione Belarra,Sun Feb 23 09:08:51 +0000 2025,Lo que hizo el franquismo con la izquierda y que no se puede volver a repetir. https://t.co/gWingGRuoK,1889,985,954,68410,102,0,0,1,-0.296,negative
1893315424055357936,IoneBelarra,Ione Belarra,Sat Feb 22 15:02:27 +0000 2025,"La muerte de Franco fue un día cualquiera para la judicatura en España porque la cultura, las personas y las familias judiciales franquistas pervivieron y perviven hasta nuestros días. Y de aquellos polvos, estos lodos. https://t.co/owU8O8wnnh",1950,975,1263,110079,243,0,0,1,0.0,neutral
1893276566022484084,IoneBelarra,Ione Belarra,Sat Feb 22 12:28:03 +0000 2025,"En nuestro país solo se aparta a los hombres poderosos cuando hay un escándalo mediático. Podemos actuó cuando nadie miraba, que es cuando era difícil hacerlo. Los mismos que nos criticaron por apartar a Juan Carlos Monedero son los que hoy dicen que no le apartamos lo suficiente https://t.co/fAGo1EL9gz",3055,1454,1371,445133,304,0,0,1,-0.296,negative
1893230865439690791,IoneBelarra,Ione Belarra,Sat Feb 22 09:26:27 +0000 2025,"La edad de oro de la progresía mediática. El País reproduciendo en portada, en una noticia de @pchouza, un bulo publicado originalmente por el Confidencial Digital. Parece que hay mucha gente rabiosa porque Podemos actuó y otros, a quienes siempre han protegido, no.",2417,1470,469,114108,266,0,1,0,0.0,neutral
1892998804170801158,IoneBelarra,Ione Belarra,Fri Feb 21 18:04:19 +0000 2025,Hoy hemos recibido a @Casapalestina_ y expresado nuestro apoyo a su campaña de recogida de firmas para pedir al Gobierno la ruptura de relaciones con Israel y el embargo total de armas. Agradecida por este encuentro y toda la gente que sigue manteniendo bien alta la bandera 🇵🇸 ✊ https://t.co/tpvty5jJy4,1451,674,668,52495,303,0,1,1,0.0,neutral
1892963777173151799,IoneBelarra,Ione Belarra,Fri Feb 21 15:45:08 +0000 2025,"Acusan a las activistas climáticas de terrorismo, pero aquí los únicos que hacen terrorismo climático, comprometiendo la vida humana y del Planeta son Josu Jon Imaz, Repsol y las empresas energéticas. https://t.co/Src2DttXzb",1512,844,340,42242,224,0,0,1,0.0,neutral
1892875185759330338,IoneBelarra,Ione Belarra,Fri Feb 21 09:53:06 +0000 2025,"Podemos ha trabajado mucho y seguirá haciéndolo para ser un espacio seguro para todas las mujeres. No todo vale, Podemos actuó en cuanto tuvo conocimiento de los testimonios contra Juan Carlos Monedero, apartándole de la actividad del partido, tal y como solicitaron las víctimas. https://t.co/bodjGl0JTE",2981,1366,2656,607245,304,0,0,1,0.0516,positive
1892612738809000089,IoneBelarra,Ione Belarra,Thu Feb 20 16:30:14 +0000 2025,Esto es un escándalo democrático. El gobierno de España no puede estar arrodillado ante Marruecos mientras se violenta a representantes públicas españolas democráticamente elegidas. Qué vergüenza.,6303,2226,2976,786072,196,0,0,0,-0.296,negative
1892602883146731590,IoneBelarra,Ione Belarra,Thu Feb 20 15:51:04 +0000 2025,"Exigimos a las autoridades españolas, europeas y marroquíes que se atengan a sus obligaciones, permitiéndoles realizar su labor de observación sobre las vulneraciones de Marruecos a la reciente sentencia del TJUE que anula los acuerdos de agricultura y pesca entre UE- Marruecos.",534,258,131,47606,279,0,0,0,0.0,neutral
1892602322712162605,IoneBelarra,Ione Belarra,Thu Feb 20 15:48:51 +0000 2025,"Una delegación de eurodiputados, entre los que se encuentra la eurodiputada de Podemos @isaserras, está siendo retenida en estos momentos en El Aaiún, Sáhara Occidental, territorio ocupado por Marruecos, por personas no identificadas mientras realizan una misión de DDHH.",1707,1029,832,540602,271,0,1,0,-0.296,negative
1892593799324459201,IoneBelarra,Ione Belarra,Thu Feb 20 15:14:59 +0000 2025,"La condena a Rubiales demuestra que el Solo sí es sí ya es un consenso: si no hay consentimiento, es agresión. Aunque, eso sí, es una condena insuficiente que también deja claro que queda mucho por avanzar en la reparación para las víctimas.",1160,518,869,114736,241,0,0,0,-0.296,negative
1892545259260809536,IoneBelarra,Ione Belarra,Thu Feb 20 12:02:06 +0000 2025,"Otro barco sospechoso de contener armamento se dirige a Cartagena procedente de Israel. Esta vez el gobierno no puede hacer el paripé de nuevo. Es su obligación vigilar estos barcos, frenar el comercio de armas y acordar un embargo total. https://t.co/18YiuV70OK",1550,989,379,65103,262,0,0,1,-0.296,negative
1892516631810609606,IoneBelarra,Ione Belarra,Thu Feb 20 10:08:20 +0000 2025,"Tras 50 años desde la muerte de Franco no podemos olvidar que el franquismo sigue presente en todas las instituciones del Estado. Por eso debemos avanzar hacia una República que deje atrás, de una vez por todas, esa influencia antidemocrática. Este sábado nos vemos en La Morada. https://t.co/iJyvbjpBcN",984,593,791,46849,303,0,0,1,-0.296,negative
1892459895200288890,IoneBelarra,Ione Belarra,Thu Feb 20 06:22:53 +0000 2025,"El gobierno de España miente de nuevo y se demuestra que ha permitido que 60.000 piezas de armamento se envíen a Israel por avión desde Zaragoza, desde enero de 2024 y hasta la actualidad, según publica @olgarodriguezfr ¿Hasta cuando va a seguir Sánchez apoyando un genocidio?",2273,1458,420,72889,276,0,1,0,0.34,positive
1892210152595439859,IoneBelarra,Ione Belarra,Wed Feb 19 13:50:30 +0000 2025,"Hay cosas que si Podemos no las defiende en el Congreso, no las defiende nadie. https://t.co/9P0KxsM8bo",2418,1196,406,56184,103,0,0,1,-0.5267,negative
1892174794017349644,IoneBelarra,Ione Belarra,Wed Feb 19 11:30:00 +0000 2025,"Claro que desde Podemos hacemos política, política útil para defender derechos y blindar los servicios públicos. El PP mientras tanto solo piensa en los negocios y los beneficios de unos pocos, gobierne donde gobierne. El PP siempre es corrupción.",777,459,87,21585,247,0,0,0,0.1027,positive
1892148047796199880,IoneBelarra,Ione Belarra,Wed Feb 19 09:43:43 +0000 2025,"Señora Montero, a mí no me salen las cuentas con este salario mínimo. Si esto no es puramente subsistir, entonces, ¿qué es? https://t.co/JkXjgCDYTd",4045,2054,322,106233,147,0,0,1,-0.5267,negative
1891940751359050231,IoneBelarra,Ione Belarra,Tue Feb 18 20:00:00 +0000 2025,El eco mediático que todo esto está teniendo es una ínfima parte de todo el daño que causó. Por eso lo hicieron. Una auténtica vergüenza cómo el PP utilizó a los aparatos del Estado de una forma tan burda y corrupta. Que no vuelvan a gobernar nunca más. https://t.co/rj4UGF9vMv,1316,879,91,21929,277,0,0,1,-0.296,negative
1891915197578871193,IoneBelarra,Ione Belarra,Tue Feb 18 18:18:27 +0000 2025,"La avaricia de los rentistas ha roto el saco, hay que presionar el freno de emergencia con la vivienda. https://t.co/cS1Ion5fJZ",1535,804,256,33360,127,0,0,1,0.34,positive
1891879755965677994,IoneBelarra,Ione Belarra,Tue Feb 18 15:57:37 +0000 2025,Esto es una barbaridad que nos subordina más a EEUU mientras hacemos cada vez más ricos a los señores de la guerra y sus empresas armamentísticas. El dinero debe ir a los servicios públicos y no a la guerra. No con nuestra complicidad. https://t.co/7qqnzF8zwe,1662,954,327,35707,259,0,0,1,-0.5267,negative
1891850330511442053,IoneBelarra,Ione Belarra,Tue Feb 18 14:00:42 +0000 2025,Las grandes fortunas del IBEX 35 tienen que arrimar el hombro tras un año de beneficios récord. Por eso hoy hemos registrado una proposición de ley para crear un nuevo impuesto temporal del 50% sobre sus beneficios. Basta ya de que los de abajo paguen mientras los de arriba no.,1769,884,516,105625,278,0,0,0,0.0,neutral
1891821842937081993,IoneBelarra,Ione Belarra,Tue Feb 18 12:07:30 +0000 2025,El Gobierno tiene que ilegalizar ya a los comandos neonazis como Desokupa. https://t.co/fi1vTx7ZN2,3843,1834,1315,180826,98,0,0,1,0.0,neutral
1891789954985967637,IoneBelarra,Ione Belarra,Tue Feb 18 10:00:47 +0000 2025,"Esto no es una negociación de paz, es un reparto colonial de Ucrania y sus recursos, dándole la espalda, una vez más, a los pueblos que han pagado con su sangre esta guerra inhumana. Es necesario impulsar una paz justa y duradera desde abajo, con la gente. https://t.co/dG4yYEBBdu",1370,745,230,33030,280,0,0,1,-0.296,negative
1891569150549512333,IoneBelarra,Ione Belarra,Mon Feb 17 19:23:23 +0000 2025,Este viernes hemos organizado unas jornadas en el Congreso que no le van a gustar a los diputados de Repsol. Porque las energéticas tienen que hacerse cargo de su responsabilidad en la crisis climática y tienen que pagar lo que les toca. Inscríbete y vente https://t.co/3uc54SJa9h https://t.co/cpcsu02G7r,588,379,31,12849,304,0,0,2,-0.743,negative
1891548674997502132,IoneBelarra,Ione Belarra,Mon Feb 17 18:02:02 +0000 2025,"Franco, 50 años después de su muerte, sigue muy presente en la judicatura, los medios de comunicación, la Iglesia...

Toca localizar #DóndeEstáFranco para acabar con su sombra alargada y poder avanzar hacia una República.
https://t.co/sfDdgcN8vY",1851,1028,1073,94329,245,1,0,1,0.0,neutral
1891525517238571355,IoneBelarra,Ione Belarra,Mon Feb 17 16:30:00 +0000 2025,"Hay que estar muy fuera de la realidad para creer que cobrar el SMI es suficiente para afrontar unos precios de la vivienda totalmente disparados. El Gobierno debe rectificar, y si no lo hace, daremos la batalla en el Congreso para evitar que quienes menos ganan tributen el IRPF.",866,496,54,17794,280,0,0,0,-0.296,negative
1891495316739821995,IoneBelarra,Ione Belarra,Mon Feb 17 14:30:00 +0000 2025,"Es repugnante leer el comentario de Miguel Ángel Rodríguez contra la hija de una víctima de los protocolos de la vergüenza de Ayuso. No solo gestionan de forma criminal, sino que insultan a quienes sufren sus políticas de la muerte. Hay que acabar con la omertá con la que actúan.",3634,1339,199,61089,280,0,0,0,-0.6808,negative
1891475629956096348,IoneBelarra,Ione Belarra,Mon Feb 17 13:11:46 +0000 2025,Cada nueva información que se destapa de la guerra sucia del PP contra Podemos es peor. Un auténtico atentado contra la democracia que hace un destrozo irreparable a las instituciones del Estado. El PP debe pagar por tanto daño causado. https://t.co/hsHhtGSBZo,2848,1876,117,31784,260,0,0,1,0.0,neutral
1891435018662125760,IoneBelarra,Ione Belarra,Mon Feb 17 10:30:24 +0000 2025,La tortura animal no es cultura. Hoy lo volvemos a decir acompañando a los colectivos sociales que han conseguido 715.000 firmas para la Iniciativa Legislativa Popular que pide que la tauromaquia deje de ser patrimonio cultural. Ahora toca que todas lo apoyemos en el Congreso. https://t.co/SNGsWoNOVd,2671,1194,369,46176,301,0,0,1,0.1531,positive
1890778095361180008,IoneBelarra,Ione Belarra,Sat Feb 15 15:00:01 +0000 2025,"Tenemos una enorme deuda con quienes sufrieron las mayores atrocidades del franquismo. Y la masacre de La Desbandá es una de ellas. Verdad, justicia y reparación para las víctimas de la represión y sus familiares tras décadas de desmemoria y de olvido institucional.",1646,883,286,43490,266,0,0,0,0.0,neutral
1890752781050409275,IoneBelarra,Ione Belarra,Sat Feb 15 13:19:26 +0000 2025,Esto es repugnantemente clasista. Los rentistas están obligados a acatar esta medida y no a plantear ideas trasnochadas más propias de la España franquista que del país que aspiramos a ser. Cumplan la ley.,1981,808,197,75059,205,0,0,0,-0.296,negative
1890385661426856024,IoneBelarra,Ione Belarra,Fri Feb 14 13:00:38 +0000 2025,"Si creen que el SMI es un salario suficiente, ahora se entiende que no vean el grave problema de la vivienda.",3457,1402,206,81950,109,0,0,0,-0.5859,negative
1890046079510692182,IoneBelarra,Ione Belarra,Thu Feb 13 14:31:15 +0000 2025,"A los fachas les gustan la libertad, el humor y la ironía hasta que las usan los demás, que entonces ya no les gustan tanto. El tiro al pichón no es un deporte, gracias @EgioVictor por ser dignidad. Frente a sus amenazas y su odio, nos tienes a tu lado.",711,313,294,30544,253,0,1,0,-0.3182,negative
1890026529570390168,IoneBelarra,Ione Belarra,Thu Feb 13 13:13:34 +0000 2025,No puedo con tanta hipocresía. https://t.co/igWWbw8ZLQ,1999,1015,315,56307,54,0,0,1,-0.296,negative
1890011917671879090,IoneBelarra,Ione Belarra,Thu Feb 13 12:15:30 +0000 2025,"Sí, @IdiazAyuso es la presidenta más corrupta de la historia de la Comunidad de Madrid. ¿Por qué los medios no hablan de eso? https://t.co/lv5Xan1sNd",6321,2993,1071,123907,149,0,1,1,-0.296,negative
1889966088328241220,IoneBelarra,Ione Belarra,Thu Feb 13 09:13:23 +0000 2025,"Nosotras dijimos hace tres años que había que apostar por el fin de la guerra en Ucrania. Porque las guerras las pagan los pueblos y no quienes las ordenan. 

Pero Europa contribuyó a la escalada bélica y ahora le está regalando el significante de la paz a un fascista como Trump. https://t.co/673kG5jdBy",3010,1548,576,132988,304,0,0,1,-0.296,negative
1889775828931617275,IoneBelarra,Ione Belarra,Wed Feb 12 20:37:22 +0000 2025,"Lo dijimos hace tres años y hoy tristemente se confirma. Las guerras son una decisión política y siempre las pagan los pueblos, no quienes las ordenan. ¿Quién repara ahora el daño? La pérdida de vidas humanas y el impacto en las vidas de millones de personas han sido terribles.",2694,1266,310,95605,278,0,0,0,-0.296,negative
1889713578468581681,IoneBelarra,Ione Belarra,Wed Feb 12 16:30:00 +0000 2025,"Los bancos españoles ganaron, en 2024, 31.000 millones de euros. El mayor beneficio de su historia. Esto ocurre mientras las familias cada vez tienen más dificultades para pagar su vivienda. Una estafa en toda regla que hay que atajar. Esta intervención hoy de @J_Sanchez_Serna 👇",785,479,52,16086,279,0,1,0,0.0,neutral
1889685880115216523,IoneBelarra,Ione Belarra,Wed Feb 12 14:39:57 +0000 2025,Hoy Podemos registra de la mano de @Ceuta_Ya una iniciativa para que el Estado repare a todas aquellas personas que vieron robada su identidad durante el proceso de regularización administrativa de los años ochenta. Todo el mundo tiene derecho a llevar sus propios apellidos. https://t.co/YZbpykphxX,542,257,23,13722,299,0,1,1,0.0,neutral
1889646922668888256,IoneBelarra,Ione Belarra,Wed Feb 12 12:05:08 +0000 2025,¿Junts también tiene la culpa de que le vayamos a regalar miles de millones de euros a las aseguradoras sanitarias privadas a través de MUFACE? Déjense de excusas y gobiernen de una vez. https://t.co/rhJmH4QwOr,2818,1500,155,50406,210,0,0,1,0.0,neutral
1889621917012734150,IoneBelarra,Ione Belarra,Wed Feb 12 10:25:47 +0000 2025,"224 personas murieron por la DANA en Valencia, 224 muertes que tienen culpables. No vamos a parar hasta que esos culpables paguen por la gestión criminal de la catástrofe y esto es un gran paso para que sepamos la verdad. Adelante, compañeras/os de @podem_ https://t.co/TAUcz5FCkq",933,559,49,12931,280,0,1,1,-0.6808,negative
1889386945815707896,IoneBelarra,Ione Belarra,Tue Feb 11 18:52:05 +0000 2025,"Lo dijimos y lo mantengo, Netanyahu no tiene ninguna intención de poner fin a su plan de exterminio del pueblo palestino. Es imprescindible mantener toda la presión política y social para que se le juzgue, vaya a la cárcel y el genocidio termine. https://t.co/V7e0iWIHBv",5045,2728,503,69663,270,0,0,1,-0.296,negative
1889353731864506435,IoneBelarra,Ione Belarra,Tue Feb 11 16:40:06 +0000 2025,"Es un escándalo que este Gobierno esté perdonando los impuestos a las grandes empresas energéticas como Repsol mientras obliga a tributar el IRPF a las personas que cobran el SMI. Este Gobierno no hace nada, solo busca el titular. https://t.co/xOV6L9cW0t",3011,1527,266,76991,254,0,0,1,-0.296,negative
1889285476323938777,IoneBelarra,Ione Belarra,Tue Feb 11 12:08:53 +0000 2025,Estamos hartas de un Gobierno que solo busca el titular por el titular. Anuncian que suben el SMI y de repente “you have been PSOED” de nuevo porque por primera vez en la historia le aplican el IRPF y dejan la subida en nada. Gobiernen de una vez.,4121,1457,605,233066,247,0,0,0,0.0,neutral
1889270336044052582,IoneBelarra,Ione Belarra,Tue Feb 11 11:08:43 +0000 2025,Ya hay una mayoría social que está a favor de intervenir el mercado de la vivienda. Por eso el Gobierno tiene que dejar de hacer las mismas políticas de vivienda que el PP. Porque hacer oídos sordos a este clamor mayoritario solo pone una alfombra a la extrema derecha.,973,508,122,23300,269,0,0,0,0.4019,positive
1889229202601259054,IoneBelarra,Ione Belarra,Tue Feb 11 08:25:16 +0000 2025,"@IreneMontero Juntas, hasta que todo sea como lo soñamos, querida @IreneMontero 💜 Sois el mejor equipo que podría tener.",370,78,23,4854,120,0,2,0,0.6369,positive
1889228708994564184,IoneBelarra,Ione Belarra,Tue Feb 11 08:23:19 +0000 2025,@PeppeQuare Gracias 🥰,111,9,8,11345,21,0,1,0,0.8074,positive
1889222846364447056,IoneBelarra,Ione Belarra,Tue Feb 11 08:00:01 +0000 2025,Tengo algo importante que contaros. https://t.co/VT9QGbLlGT,3894,1795,1266,598800,59,0,0,1,0.0,neutral
1888979955762999305,IoneBelarra,Ione Belarra,Mon Feb 10 15:54:51 +0000 2025,"Netanyahu is a genocidal perpetrator, but by supporting him, Trump is too. https://t.co/8pJAa1ZEm8",18747,5830,700,244239,98,0,0,1,0.4118,positive
1888925288534352069,IoneBelarra,Ione Belarra,Mon Feb 10 12:17:37 +0000 2025,"Podemos convoca “La Quinta”, nuestra Asamblea Ciudadana Estatal, para estar preparadas para cualquier escenario político y electoral posible. El protagonismo será de la militancia, lo mejor que tiene nuestra organización. ¡Arrancamos!",1427,780,120,33740,234,0,0,0,0.0,neutral
1888599425959809278,IoneBelarra,Ione Belarra,Sun Feb 09 14:42:46 +0000 2025,Toda la fuerza a @LuisaGonzalezEc @DiegoBorjaPC y a los/as compañeras de @RC5Oficial en las elecciones de hoy en Ecuador. Una campaña levantada a pulso aún con las reglas del juego electoral trucadas. Que la esperanza inunde de votos las urnas y la voluntad popular sea respetada.,485,230,36,15491,280,0,3,0,0.4215,positive
1888561074070339784,IoneBelarra,Ione Belarra,Sun Feb 09 12:10:22 +0000 2025,Volvemos a salir a las calles a exigir que se intervenga el mercado de la vivienda. Si el Gobierno no lo hace está abocado al fracaso y le pone una alfombra roja a un Gobierno del PP y VOX. https://t.co/yhkmyuD6JB,2548,1284,313,65234,213,0,0,1,-0.296,negative
1888241385972846881,IoneBelarra,Ione Belarra,Sat Feb 08 15:00:02 +0000 2025,"Hay que ser valiente denunciando a quienes, durante mucho tiempo, han sostenido el plan de exterminio del pueblo palestino. Porque escuchar a Trump es repugnante, pero también lo ha sido ver a la UE o a España poner sus puertos al servicio de los genocidas. No lo vamos a olvidar.",2436,1328,330,47219,280,0,0,0,0.0516,positive
1888205650422833543,IoneBelarra,Ione Belarra,Sat Feb 08 12:38:02 +0000 2025,"La ofensiva fascista de los Trump, Milei o Netanyahu también se va a frenar con más organización feminista. Y en esa tarea estamos todas, todes y todos. Nos queda orgullo feminista y esperanza infinita para rato. Gracias por abarrotar hoy el acto de Podemos. 💜 https://t.co/DaB0PuAozK",1532,688,654,68952,284,0,0,1,0.6369,positive
1887878987558367294,IoneBelarra,Ione Belarra,Fri Feb 07 15:00:00 +0000 2025,Todo mi apoyo a la manifestación de mañana para arropar a las 6 trabajadoras de la Suiza condenadas por querer mejorar sus condiciones laborales. Basta ya de criminalizar la lucha social. https://t.co/FYTVkwKzhS,3671,1699,301,78545,211,0,0,1,0.0,neutral
1887833451434262922,IoneBelarra,Ione Belarra,Fri Feb 07 11:59:03 +0000 2025,"El Banco de España confirmaba esta semana que las familias llevan más de dos décadas empobreciéndose. Hoy vemos las obscenas ganancias récord de la banca. Lo avisamos, el impuesto a la banca es totalmente insuficiente. Es hora de aprobar el impuestazo del 50% a sus beneficios.",5451,2273,1144,346412,277,0,0,0,0.0,neutral
1887798560248189082,IoneBelarra,Ione Belarra,Fri Feb 07 09:40:25 +0000 2025,Esto es mañana y no te lo puedes perder. ¡Vente! 💜,645,345,119,18024,50,0,0,0,0.5093,positive
1887782911719415916,IoneBelarra,Ione Belarra,Fri Feb 07 08:38:14 +0000 2025,En el mundo reina la doctrina del mal y la gente decente no lo puede seguir permitiendo. https://t.co/OR82EG7qWq,1451,800,458,56893,112,0,0,1,-0.296,negative
1887518866923770034,IoneBelarra,Ione Belarra,Thu Feb 06 15:09:00 +0000 2025,La sociedad vasca se está movilizando para decir NO a los eventos deportivos que le lavan la cara al genocidio de Israel en Palestina. El Gobierno tiene que evitar el partido entre el Baskonia y el Maccabi de Tel Aviv. https://t.co/wA81NGpSxR,4851,2269,516,96872,242,0,0,1,-0.4466,negative
1887456470276690161,IoneBelarra,Ione Belarra,Thu Feb 06 11:01:04 +0000 2025,"La brutal intervención de la G. Civil empleando material antidisturbios contra personas indefensas, provocó la muerte de 14 personas migrantes en la playa del Tarajal. 11 años después seguimos pidiendo justicia. Exigimos vías seguras para migrar, porque ninguna persona es ilegal.",1272,606,405,44807,280,0,0,0,-0.6249,negative
1887195483581595818,IoneBelarra,Ione Belarra,Wed Feb 05 17:44:00 +0000 2025,"In his meeting with Netanyahu, Trump explicitly reaffirms the U.S. support for the terrorist state of Israel for decades. Displacing the Palestinian people from Gaza is a crime against humanity, and the U.S. is responsible. The government must cut ties with the genocidal regime.",2454,911,178,47535,279,0,0,0,-0.743,negative
1887147859109110022,IoneBelarra,Ione Belarra,Wed Feb 05 14:34:45 +0000 2025,"Netanyahu es un genocida, pero Trump dándole su apoyo, también https://t.co/8v1TYioBT0",13765,5656,1054,183199,86,0,0,1,0.0,neutral
1887122363839295876,IoneBelarra,Ione Belarra,Wed Feb 05 12:53:27 +0000 2025,@Pauetevilo @MaviMata2023 @PODEMOS Todo nuestro apoyo querida compañera 💜,199,43,3,2499,73,0,3,0,0.6369,positive
1887117275464868337,IoneBelarra,Ione Belarra,Wed Feb 05 12:33:14 +0000 2025,Este domingo se celebran elecciones en Ecuador. Todo nuestro apoyo a @LuisaGonzalezEc y los compañeros/as de Revolución Ciudadana @RC5Oficial. Hay que derrotar las políticas neoliberales con un gobierno que recupere el país para las clases populares. El domingo Ecuador vota al 5. https://t.co/6Y2v4rwyux,1281,610,128,23407,304,0,2,1,0.0,neutral
1887067044178264277,IoneBelarra,Ione Belarra,Wed Feb 05 09:13:37 +0000 2025,"En su encuentro con Netanyahu, Trump explicita el apoyo de EEUU al estado terrorista de Israel desde hace décadas. Desplazar al pueblo palestino de Gaza es un crimen contra la humanidad y EEUU es responsable. Insisto, no habrá presupuestos mientras se tengan lazos con genocidas.",2857,1369,299,62511,279,0,0,0,-0.296,negative
1886759774923993277,IoneBelarra,Ione Belarra,Tue Feb 04 12:52:39 +0000 2025,"Tenemos que conseguir que, de una vez por todas, se intervenga el mercado de la vivienda en nuestro país. Basta ya de especulación. Este domingo todas y todos a las calles por el derecho a la vivienda. No puedes faltar. #9FTomamosLaCalle #NosRobanLaVivienda https://t.co/0dB3UKNfGR",3184,1718,556,84806,281,2,0,1,-0.296,negative
1886425432326586762,IoneBelarra,Ione Belarra,Mon Feb 03 14:44:05 +0000 2025,"Si los beneficios de las grandes empresas crecen un 80% en los últimos cinco años y al mismo tiempo los salarios caen un 8% en el mismo periodo, claro que sí, hay que ponerle un impuestazo a esas empresas para que devuelvan lo que están robándole a la gente.",4150,1563,930,242830,258,0,0,0,0.0,neutral
1886378868870713443,IoneBelarra,Ione Belarra,Mon Feb 03 11:39:04 +0000 2025,"El PSOE no quiere afrontar los grandes retos del país, como intervenir el mercado de la vivienda o el impuesto a las energéticas. Y para no hacerlo pone como excusa a Junts y PNV que ya han demostrado que votan lo que diga el Gobierno. Hay que retomar la senda transformadora YA.",702,380,46,18790,279,0,0,0,-0.5267,negative
1886357598091239767,IoneBelarra,Ione Belarra,Mon Feb 03 10:14:32 +0000 2025,"Todas vimos la agresión sexual de Luis Rubiales a Jenni Hermoso y cómo todo un país dijo se acabó a la impunidad para los agresores. Hoy Jenni afronta un proceso judicial y estamos todas a su lado para sostenerla. Porque nuestro país ya dijo hace mucho tiempo, que Solo sí es sí.",2651,958,913,211076,279,0,0,0,0.0,neutral
1885727916031381551,IoneBelarra,Ione Belarra,Sat Feb 01 16:32:24 +0000 2025,"El PSOE lleva un año contándole al país que Junts es un león, cuando demuestran una y otra vez ser gatitos. Están usando de excusa a Puigdemont para no hacer lo que hay que hacer, bajar los alquileres de una vez. https://t.co/yx03IbNU5H",1805,951,162,138942,236,0,0,1,-0.296,negative
1885346047331098928,IoneBelarra,Ione Belarra,Fri Jan 31 15:15:00 +0000 2025,"El Gobierno no puede volver a permitir este lavado de cara deportivo del estado terrorista y genocida de Israel. Suspendan el partido de una vez, señor Sánchez.",1356,715,248,40766,160,0,0,0,-0.296,negative
1885311720136069474,IoneBelarra,Ione Belarra,Fri Jan 31 12:58:36 +0000 2025,"El desalojo de Casa Orsola ha conseguido ser aplazado hoy por la resistencia popular, pero la ofensiva especulativa no va a parar. Por eso es tan importante que todas tengamos muy presente esto que cuenta aquí @menoscanas 👇",1034,600,104,34526,223,0,1,0,0.4588,positive
1885025182953464186,IoneBelarra,Ione Belarra,Thu Jan 30 18:00:00 +0000 2025,Casa Orsola es un edificio que es símbolo de la lucha colectiva de sus vecinas/os contra la especulación inmobiliaria en Barcelona. Mañana quieren ejecutar su desalojo para que un fondo buitre pueda hacer pisos de lujo. Todo nuestro apoyo a quienes están peleando para evitarlo.,870,445,131,23310,278,0,0,0,0.0,neutral
1884968377921241564,IoneBelarra,Ione Belarra,Thu Jan 30 14:14:16 +0000 2025,"Hoy el BOE hace oficial que Errenteria sea declarada Zona Tensionada, convirtiéndose así en el primer municipio de Euskadi que va a demostrar que la aplicación de la Ley de Vivienda frena la subida de los alquileres y la especulación. Zorionak eta eskerrik asko @maite_gartzia!",1083,624,59,27303,277,0,1,0,0.0,neutral
1884928908358713785,IoneBelarra,Ione Belarra,Thu Jan 30 11:37:26 +0000 2025,Trump anuncia que va a deportar a los universitarios extranjeros que participen en protestas propalestinas. Es hora de construir una alianza internacional contra este imperialismo americano repulsivo y represor.,14235,3841,2932,557072,211,0,0,0,0.0,neutral
1884665530277114296,IoneBelarra,Ione Belarra,Wed Jan 29 18:10:52 +0000 2025,"En España sigue habiendo mucho racismo. No vamos a dejar nunca solos a quienes, como nuestro compañero @Serigne_Mbaye_, son perseguidos por denunciar el racismo institucional. https://t.co/O5oWkYxuOG",2379,1066,500,44946,199,0,1,1,-0.296,negative
1884584701119070653,IoneBelarra,Ione Belarra,Wed Jan 29 12:49:41 +0000 2025,Las falsas terapias de conversión atentan contra los derechos más básicos de las personas LGTBIQ+ y están totalmente prohibidas por la Ley Trans. Hoy me he reunido con el abogado Saúl Castro que está luchando para que se criminalice esta violencia perversa. Todo nuestro apoyo. https://t.co/zYtVal3AAp,876,455,98,24020,301,0,0,1,0.0,neutral
1884528728572657718,IoneBelarra,Ione Belarra,Wed Jan 29 09:07:16 +0000 2025,Que finalmente las medidas de protección social que habíamos pactado con el PSOE se hayan salvado es una buena noticia para la gente de nuestro país. Pero no hay que olvidar que todo esto demuestra la debilidad de un Gobierno sin rumbo de izquierdas que sigue sin gobernar.,1106,596,88,21966,273,0,0,0,-0.8555,negative
1884285356570550544,IoneBelarra,Ione Belarra,Tue Jan 28 17:00:11 +0000 2025,"El Gobierno se arrodilla ante las aseguradoras privadas en vez de apostar por la sanidad pública. El modelo MUFACE es injusto, segregador, contrario al interés general. Es desolador ver cómo al Gobierno siempre le tiemblan las piernas cada vez que tiene que plantar cara al poder.",3421,1641,446,111413,280,0,0,0,0.0,neutral
1884199496021860635,IoneBelarra,Ione Belarra,Tue Jan 28 11:19:01 +0000 2025,"Denunciar el racismo institucional no puede ser motivo para la persecución y criminalización de las personas antirracistas. Por eso hoy hemos acompañado a nuestro compañero @Serigne_Mbaye_ a los juzgados de Plaza Castilla. Como dice Serigne, el antirracismo va a seguir adelante.",1189,598,161,27358,279,0,1,0,-0.296,negative
1883892762434822381,IoneBelarra,Ione Belarra,Mon Jan 27 15:00:10 +0000 2025,"La respuesta de Petro, Sheinbaum y Castro ante las deportaciones y amenazas de Trump fue un gran ejemplo de dignidad del pueblo de América Latina. Todo nuestro apoyo a quienes defienden la soberanía de los pueblos ante las agresiones racistas e imperialistas. Somos muchas más.",2037,971,479,60498,277,0,0,0,0.0,neutral
1883860273993490829,IoneBelarra,Ione Belarra,Mon Jan 27 12:51:04 +0000 2025,"Este Gobierno tiene la obligación de proteger a las personas de riesgo de desahucios y de mantener las ayudas al transporte, así lo pactó con Podemos. Como si tiene que aprobar el real decreto todos los meses hasta que termine la legislatura. Lo primero la gente.",1209,668,187,31866,263,0,0,0,0.0,neutral
1883629853037215916,IoneBelarra,Ione Belarra,Sun Jan 26 21:35:27 +0000 2025,"Dijo Pablo Iglesias que el presidente Petro es un referente ético para el mundo, con una autoridad que nadie tenía desde Allende. Hoy se vuelve a demostrar. Colombia no está sola.",11266,3431,961,298863,179,0,0,0,-0.296,negative
1883143031370686803,IoneBelarra,Ione Belarra,Sat Jan 25 13:21:00 +0000 2025,La motosierra de la derecha y la irresponsabilidad del PSOE han hecho caer el escudo social dejando de proteger a las familias más vulnerables. Volvemos a exigir al Gobierno que apruebe un real decreto que evite esta terrible desprotección que su estrategia fallida ha producido.,1357,817,220,45799,279,0,0,0,-0.1779,negative
1882743512841744583,IoneBelarra,Ione Belarra,Fri Jan 24 10:53:27 +0000 2025,"Esa es la estrategia que parece que está intentando el gobierno y es nefasta. De hecho, si fuera necesario el gobierno puede aprobar el real decreto cada mes, un decreto mensual, con tal de proteger a las personas vulnerables en riesgo de desahucio o las ayudas al transporte.",568,286,64,20931,276,0,0,0,0.0,neutral
1939752765276004514,IoneBelarra,Ione Belarra,Mon Jun 30 18:27:52 +0000 2025,"@CandidoGCarnero Un orgullo siempre caminar a tu lado, con la seguridad de estar en el lugar correcto 💜",27,7,0,306,103,0,1,0,0.6369,positive
1939745657662943294,IoneBelarra,Ione Belarra,Mon Jun 30 17:59:38 +0000 2025,Tú haciendo malabares para llegar a fin de mes y ellos así. Hay que echarles.,4179,1366,2241,1356534,77,0,0,0,0.0,neutral
1939698842095554670,IoneBelarra,Ione Belarra,Mon Jun 30 14:53:36 +0000 2025,"La periodista @SarahPerezSanta lleva mucho tiempo recibiendo una campaña de odio en redes totalmente intolerable. Pura violencia política machista. Tienes todo mi apoyo, Sarah. No nos van a callar por mucho que intenten amedrentarnos y violentarnos.",1663,737,1182,152478,249,0,1,0,-0.296,negative
1939662890262216724,IoneBelarra,Ione Belarra,Mon Jun 30 12:30:44 +0000 2025,Es terrible para la gente progresista de este país ver cómo el PSOE se ha aprovechado de su confianza para volver a meter la mano en la caja. El daño a la democracia y a la mayoría progresista es irreparable.,906,418,290,49258,208,0,0,0,-0.1779,negative
1939609373115818288,IoneBelarra,Ione Belarra,Mon Jun 30 08:58:05 +0000 2025,"La #HuelgaMetalCádiz continúa tras el rechazo al acuerdo que estaba sobre la mesa en otra asamblea masiva. Todo lo bueno, todos los derechos que disfrutamos hoy se han conseguido peleando, unidos. Los trabajadores tienen todo nuestro apoyo.",891,485,79,23651,240,1,0,0,0.0,neutral
1939335161851592803,IoneBelarra,Ione Belarra,Sun Jun 29 14:48:28 +0000 2025,"En mi visita a Xixón para acompañar a las 6 sindicalistas de La Suiza, he podido hacer esta entrevista para @lanuevaespana. Insistimos en que este rearme y este seguidismo vasallo a la OTAN va a ser un terrible castigo para la gente trabajadora.

Leedla 👇
https://t.co/9Nr2ElCkEU",1194,609,130,27279,279,0,1,1,-0.4767,negative
1939305254891254171,IoneBelarra,Ione Belarra,Sun Jun 29 12:49:37 +0000 2025,"Las 6 de La Suiza representan lo mejor de nuestro país, trabajadoras que se organizan para defender a quienes padecen la precariedad y el abuso laboral. Hoy estamos en Xixón dándoles todo nuestro apoyo frente a la criminalización que sufren por parte de la justicia reaccionaria. https://t.co/YN1JOA2Yce",2067,1037,132,54162,303,0,0,1,0.1027,positive
1938940777238843494,IoneBelarra,Ione Belarra,Sat Jun 28 12:41:19 +0000 2025,"Enhorabuena a @mpozueloc, @LlamasMAngel y @Neniques, nuevs coordinadors de Podemos en Catalunya, Castilla y León y Navarra respectivamente. Os deseamos todo el acierto para fortalecer nuestro proyecto, porque vuestra suerte será la de todas. ¡Sí se puede!",885,422,63,26677,255,0,3,0,0.0,neutral
1938897351843737969,IoneBelarra,Ione Belarra,Sat Jun 28 09:48:46 +0000 2025,"El odio y la lgtbifobia solo se frenan con más derechos LGTBIQA+. Porque son derechos que hay que defender con valentía frente a quienes quieren acabar con ellos. Por un Orgullo con más derechos para todas, todos y todes, que viva la lucha LGTBIQA+, que viva la Furia Trans 🏳️‍🌈🏳️‍⚧️✊",880,405,275,35807,284,0,0,0,0.1027,positive
1938480455613091918,IoneBelarra,Ione Belarra,Fri Jun 27 06:12:10 +0000 2025,"La periodista @olgarodriguezfr y el @palyouthmvmt desvelan que desde hace meses la empresa Sidenor envía material a la armamentística israelí IMI. 

Basta ya de hipocresía, el Gobierno debe impedir salir al barco que tiene previsto hacerlo desde Barcelona el 1 de julio.",1293,881,212,34282,270,0,2,0,0.0,neutral
1938280368307605900,IoneBelarra,Ione Belarra,Thu Jun 26 16:57:05 +0000 2025,Esto de @PabloIglesias es muy necesario y pedagógico👇🏻,1102,598,129,44352,54,0,1,0,0.0,neutral
1938209725264367631,IoneBelarra,Ione Belarra,Thu Jun 26 12:16:23 +0000 2025,¿Por qué hay que salirse de la OTAN? https://t.co/R04OYrbL2M,3391,1717,379,72523,60,0,0,1,0.0,neutral
1938153997967253823,IoneBelarra,Ione Belarra,Thu Jun 26 08:34:56 +0000 2025,"Frente a las amenazas de Trump: salir de la OTAN, prohibir el uso de las bases y romper el acuerdo del 5%. https://t.co/9on9cJiITH",2457,1242,399,48235,130,0,0,1,0.0,neutral
1937957977035829450,IoneBelarra,Ione Belarra,Wed Jun 25 19:36:01 +0000 2025,Las amenazas de Trump a nuestro país son inaceptables. Sánchez nunca debió firmar ese acuerdo que respalda los objetivos de la OTAN y compromete el 5% del PIB para el gasto militar. La única respuesta posible: bloquear el uso de bases y salir de la OTAN. Es hora ponernos en pie.,2197,1091,493,107161,279,0,0,0,0.0,neutral
1937941492057719084,IoneBelarra,Ione Belarra,Wed Jun 25 18:30:31 +0000 2025,"Esto es una gran noticia. Las Cortes de Castilla y León aprueban nuestra ley para que el PP deje de controlar medios de comunicación con dinero público vía publicidad institucional. Cada vez que te digan que no se puede, recuerda este auténtico hito de @_PabloFdez_. ¡Enhorabuena!",1095,506,54,29155,280,0,1,0,-0.3595,negative
1937923732233740587,IoneBelarra,Ione Belarra,Wed Jun 25 17:19:57 +0000 2025,En España más de 90 millones de animales se hacinan en jaulas en granjas. Frente a esta insoportable crueldad hoy nos hemos manifestado a las puertas del Congreso junto a asociaciones que buscan acabar con las jaulas en la industria ganadera. Todo nuestro apoyo. #EndTheCageAge https://t.co/n747fqt7DD,776,367,47,17301,301,1,0,1,0.0,neutral
1937880742731604153,IoneBelarra,Ione Belarra,Wed Jun 25 14:29:07 +0000 2025,"Hoy se consuma la traición de Sánchez a la gente trabajadora de este país, firma el 5% del PIB para gasto militar y nos pone en riesgo permitiendo que se use España en los ataques ilegales de EEUU. No con nuestro silencio. https://t.co/2paJ55pc03",3349,1727,825,165087,246,0,0,1,-0.296,negative
1937861563244859669,IoneBelarra,Ione Belarra,Wed Jun 25 13:12:55 +0000 2025,Es urgente construir la alternativa a este bipartidismo de la guerra y de la corrupción o tendremos extrema derecha en España para rato.,589,220,191,103104,136,0,0,0,0.0,neutral
1937861243433521445,IoneBelarra,Ione Belarra,Wed Jun 25 13:11:38 +0000 2025,"Sánchez lleva a cabo la mayor traición a la gente trabajadora de este país desde la austeridad. Ha firmado en nombre de España el 5% del PIB para el gasto militar, sin excepciones, y nos pone en riesgo plegándose a la OTAN, una organización que extiende la guerra por el mundo.",2193,1015,1052,670840,277,0,0,0,-0.296,negative
1937840111288230275,IoneBelarra,Ione Belarra,Wed Jun 25 11:47:40 +0000 2025,"Se detectaron envíos con transbordos en los puertos de Valencia y Barcelona de empresas como Ronopolidan, con sede en la colonia Barkan.

Gracias @olgarodriguezfr por contar lo que intentan ocultar. El Gobierno debe romper todas las relaciones con el Estado terrorista de Israel.",125,73,3,4395,279,0,1,0,0.0,neutral
1937840108956471440,IoneBelarra,Ione Belarra,Wed Jun 25 11:47:39 +0000 2025,"Esta investigación de @palyouthmvmt destapa que España colabora con los territorios palestinos colonizados por Israel, algo contrario a las resoluciones de la ONU y que profundiza el apoyo de nuestro país a los genocidas.

Basta ya de colaboracionismo.
https://t.co/KonHICSIfW",551,420,32,13317,276,0,1,1,0.0,neutral
1937819710030270842,IoneBelarra,Ione Belarra,Wed Jun 25 10:26:36 +0000 2025,"Todo nuestro apoyo a las 4 de Rebeldía. Basta ya de criminalizar la protesta antifascista.

Hoy @IreneMontero ha estado en los juzgados acompañándolas.

Tú también puedes apoyarlas en https://t.co/YWwPh8pq1d",743,370,32,16670,207,0,1,1,0.34,positive
1937787109869293990,IoneBelarra,Ione Belarra,Wed Jun 25 08:17:03 +0000 2025,Fuck Trump! https://t.co/vq7yE9BjZv,8314,3556,672,154171,35,0,0,1,-0.5848,negative
1937597847542874395,IoneBelarra,Ione Belarra,Tue Jun 24 19:45:00 +0000 2025,"Hoy también me reuní con el movimiento juvenil de solidaridad con Palestina, @palyouthmvmt, que hace un trabajo imprescindible destapando las rutas de comercio de armas de Israel durante el genocidio. Hay que seguir empujando para conseguir el embargo integral de armas a Israel. https://t.co/7WiHITaWGI",650,314,33,11093,303,0,1,1,0.0,neutral
1937579471365972308,IoneBelarra,Ione Belarra,Tue Jun 24 18:31:59 +0000 2025,Hoy me he podido reunir con el abogado Palestino especializado en Derechos Humanos @MunirNuseibah. Munir da apoyo jurídico a personas palestinas haciendo una labor extraordinaria en un contexto tremendamente difícil. Todo un ejemplo de resistencia palestina frente a la barbarie. https://t.co/luG0mpHDOk,507,249,36,12317,303,0,1,1,0.0,neutral
1937553773116772368,IoneBelarra,Ione Belarra,Tue Jun 24 16:49:52 +0000 2025,Rutte a Trump: ¡Europa va a pagar a lo grande! https://t.co/Ey7wsQrbdY,2203,1142,140,37413,70,0,0,1,0.0,neutral
1937493281572569594,IoneBelarra,Ione Belarra,Tue Jun 24 12:49:29 +0000 2025,"La voz de @FranceskAlbs es indispensable en la lucha palestina. Hoy he podido reunirme con ella en el Congreso y compartirle nuestra visión de que el fin del genocidio pasa, ineludiblemente, por conseguir que occidente abra por fin los ojos ante la barbarie. Hay esperanza. https://t.co/Rgob4LbMpx",1048,555,46,18667,297,0,1,1,0.0,neutral
1937464541098697072,IoneBelarra,Ione Belarra,Tue Jun 24 10:55:17 +0000 2025,Las decisiones irresponsables del presidente Sánchez nos están poniendo en riesgo a todas y todos. https://t.co/z5M9JgEUHf,2461,1145,624,71153,122,0,0,1,0.0,neutral
1937239239650922706,IoneBelarra,Ione Belarra,Mon Jun 23 20:00:01 +0000 2025,Sánchez ha dicho que va a cumplir en su totalidad todas las exigencias de la OTAN en una declaración que es un engaño a la ciudadanía. Le pedimos al Gobierno que no firme ese aumento del gasto militar a costa de recortes o veremos de nuevo la foto de las Azores pero en La Haya.,727,401,66,24818,278,0,0,0,0.0516,positive
1937227909837783073,IoneBelarra,Ione Belarra,Mon Jun 23 19:15:00 +0000 2025,La industria del metal en la provincia de Cádiz da trabajo a 26.000 personas que han dicho basta a tanta precarización. Desde Podemos tienen todo nuestro apoyo en su lucha por un convenio justo y digno que recoja las reivindicaciones de un sector clave para los gaditano/as.,1175,577,30,30748,274,0,0,0,0.0,neutral
1937218030917898459,IoneBelarra,Ione Belarra,Mon Jun 23 18:35:44 +0000 2025,EEUU utilizó las mentiras para atacar Irak en 2003 y ahora hace lo mismo para atacar ilegalmente a Irán. Y España vuelve a alinearse con EEUU e Israel no condenando un ataque que nos pone en peligro. Hay que salirse ya de la OTAN y evitar que nuestras bases sean utilizadas.,900,497,113,28874,274,0,0,0,-0.296,negative
1937195586161082413,IoneBelarra,Ione Belarra,Mon Jun 23 17:06:33 +0000 2025,"Todo mi apoyo a las 4 de Rebeldía que se enfrentan a un proceso judicial injusto por simplemente protestar contra la extrema derecha.

Apóyalas firmando el manifiesto y aportando a la caja de resistencia.
https://t.co/mVSpcxbcAk

Basta ya de tanta criminalización. https://t.co/tJWODzIM30",1291,671,80,19990,288,0,0,2,0.0,neutral
1937171112099783104,IoneBelarra,Ione Belarra,Mon Jun 23 15:29:18 +0000 2025,"Las mentiras tienen las patas muy cortas y a Sánchez ya le conocemos bien. Ayer necesitaba fuegos artificiales para tapar su corrupción. Hoy EEUU y la OTAN confirman lo que todas sabíamos, que está firmando todos los compromisos que le ponen delante. De la mentira no se vuelve.",3052,1277,792,352441,278,0,0,0,-0.296,negative
1937128071393374239,IoneBelarra,Ione Belarra,Mon Jun 23 12:38:16 +0000 2025,"La corrupción del PSOE hace un daño gravísimo a la democracia y da por finiquitada esta legislatura. Nosotras, tras 11 años de vida, estamos en la antítesis de todo eso con cero casos de corrupción. No tiene que cundir el desánimo, hay alternativa y se llama Podemos.",964,455,294,45332,267,0,0,0,-0.296,negative
1936871097070227780,IoneBelarra,Ione Belarra,Sun Jun 22 19:37:09 +0000 2025,"Sí, hay alternativa al bipartidismo corrupto y esa alternativa se llama Podemos. https://t.co/kLWOZcvAL8",2380,1148,738,95610,104,0,0,1,0.0,neutral
1936836357982507507,IoneBelarra,Ione Belarra,Sun Jun 22 17:19:07 +0000 2025,"Comprometerse con los objetivos de la OTAN implica enormes aumentos del gasto militar y participar de las guerras ilegales de Donald Trump, como los ataques a Irán. Exigimos a Pedro Sánchez que no firme ningún acuerdo porque está poniendo a nuestro pueblo en serio riesgo.",1613,791,278,76340,272,0,0,0,-0.296,negative
1936776832646254715,IoneBelarra,Ione Belarra,Sun Jun 22 13:22:35 +0000 2025,Hoy en las calles defendiendo al lobo de la desprotección a la que se está viendo sometido por parte de las derechas. Y también denunciamos la pasividad de un Gobierno que lo está permitiendo. Queremos un lobo ibérico vivo y protegido. https://t.co/GPrrY8zYBR,2032,857,259,62220,259,0,0,1,0.0,neutral
1936766648242856169,IoneBelarra,Ione Belarra,Sun Jun 22 12:42:06 +0000 2025,@menoscanas Todo mi apoyo y solidaridad Laura. Las verdades les duelen.,340,73,7,4951,71,0,1,0,0.0,neutral
1936681612541845786,IoneBelarra,Ione Belarra,Sun Jun 22 07:04:12 +0000 2025,Es la hora de trabajar para la paz y para la estabilidad de la comunidad internacional y eso pasa por dejar de ser los lacayos de Trump y de Netanyahu. La gente decente en España y en todo el mundo tiene que volver a decir No a la Guerra.,1158,440,51,17151,238,0,0,0,-0.296,negative
1936680870657605699,IoneBelarra,Ione Belarra,Sun Jun 22 07:01:16 +0000 2025,"España ya estuvo en una guerra ilegal en Irak por seguir las órdenes de otro fascista con ínfulas monárquicas, Bush, y todos sabemos cómo acabo. Exigimos a Pedro Sánchez que no comprometa un sólo aumento más de gasto militar y se salga de la OTAN. Nos está poniendo en peligro.",1241,483,36,19254,277,0,0,0,-0.296,negative
1972926516284846342,IoneBelarra,Ione Belarra,Tue Sep 30 07:28:31 +0000 2025,"Es fácil de entender, la solución no va a venir en ningún caso del país que ha armado hasta los dientes a Israel y que es el principal interesado en mantener una colonia de su control en Oriente Medio. España deje de estar rendida a los intereses de los EEUU.",612,246,48,14289,259,0,0,0,0.0516,positive
1972926141972492313,IoneBelarra,Ione Belarra,Tue Sep 30 07:27:02 +0000 2025,Es terrible que el presidente del Gobierno dé la bienvenida al plan de dominación colonial para Palestina anunciado por Trump. Es una humillación al pueblo palestino que tiene derecho a ser libre. De nuevo Sánchez colocándose en el lado incorrecto de la historia.,3851,1748,685,176912,263,0,0,0,-0.4767,negative
1972740154566877517,IoneBelarra,Ione Belarra,Mon Sep 29 19:07:59 +0000 2025,@VickyRosell @ICA_LasPalmas @Abogacia_es Enhorabuena de corazón!!!,268,35,3,3653,66,0,3,0,0.0,neutral
1972610652423499802,IoneBelarra,Ione Belarra,Mon Sep 29 10:33:23 +0000 2025,¡Todos los ojos deben estar en la Flotilla ante esto que denuncia @luciadalda! La presión social ya ha demostrado que funciona. Los gobiernos tienen que impedir esta detención ilegal de la Flotilla por parte de los genocidas.,1672,1059,298,59332,225,0,1,0,0.4003,positive
1971901187864584531,IoneBelarra,Ione Belarra,Sat Sep 27 11:34:13 +0000 2025,"Hoy rendimos homenaje a los cinco militantes antifascistas que fueron asesinados hace 50 años por la dictadura criminal. Continuar su legado, ser semillas de libertad. https://t.co/GIiX5mgJ6f",2241,1077,484,40787,191,0,0,1,-0.5267,negative
1971608208365207753,IoneBelarra,Ione Belarra,Fri Sep 26 16:10:02 +0000 2025,"La constructora ACS de Florentino Pérez junto a INECO, dependiente de @oscar_puente_, y la vasca CAF, empresas que la ONU identifica como colaboradoras de la ocupación ilegal israelí. Que no reciban ni un euro público más, que se rompan esos contratos manchados de sangre.",2271,1564,290,85088,272,0,1,0,-0.296,negative
1970928746615144794,IoneBelarra,Ione Belarra,Wed Sep 24 19:10:05 +0000 2025,"Redoblemos la presión. Lo hemos dicho muchas veces, este genocidio no lo van a detener aquellos que tenían en su mano pararle los pies a Israel (EEUU y toda la UE) y no lo han hecho en 23 meses, lo hará la gente decente en todo el mundo organizándose.",765,347,25,14971,251,0,0,0,-0.5267,negative
1970927902712791502,IoneBelarra,Ione Belarra,Wed Sep 24 19:06:44 +0000 2025,Ahora la presión social empieza a funcionar. Italia primero y justo después España anuncian que enviarán dos barcos para operaciones de rescate a la Flotilla. Tarde pero necesario. Los barcos deben ESCOLTAR a la Flotilla para que cumpla su misión humanitaria.,910,393,64,24076,259,0,0,0,0.0,neutral
1970927116440174753,IoneBelarra,Ione Belarra,Wed Sep 24 19:03:37 +0000 2025,"La Global Sumud Flotilla ha recibido numerosos ataques de drones israelíes, el último ayer por la noche con artefactos explosivos y productos químicos. Los gobiernos europeos han mirado hacia otro lado durante casi un mes mientras civiles hacían lo que deberían haber hecho ellos",1348,690,292,41860,279,0,0,0,0.34,positive
1970856091337781354,IoneBelarra,Ione Belarra,Wed Sep 24 14:21:23 +0000 2025,"Hoy en el Congreso con la Coordinadora estatal de apoyo a la Querella Argentina contra los crímenes franquistas donde nos han entregado 100 firmas de apoyo de organizaciones memorialistas al manifiesto '50 años de impunidad'.

Memoria y Justicia para las víctimas del franquismo. https://t.co/Cy8xJl5MER",562,270,56,14829,303,0,0,1,0.0,neutral
1970831968251039944,IoneBelarra,Ione Belarra,Wed Sep 24 12:45:32 +0000 2025,"Hemos enviado una carta a @sanchezcastejon para exigir al Gobierno a que actúe para proteger a la Global Sumud Flotilla tras los ataques recibidos por parte de Israel.

El presidente tiene que demostrar su compromiso contra el genocidio con hechos y no solo con palabras. https://t.co/Ew1SqAGJIr",3047,1614,823,108861,295,0,1,1,-0.296,negative
1970812960743518697,IoneBelarra,Ione Belarra,Wed Sep 24 11:30:00 +0000 2025,"Que la Italia de Meloni esté haciendo esto y el Gobierno de España no haya movido un dedo por la Flotilla me avergüenza profundamente.
https://t.co/Zfd6HRi2he",1120,597,200,44864,158,0,0,1,-0.296,negative
1970775228050547179,IoneBelarra,Ione Belarra,Wed Sep 24 09:00:04 +0000 2025,Es hora de proteger a la Global Sumud Flotilla de los ataques de los genocidas. ¡Estamos a vuestro lado! Somos más las que gritamos Viva Palestina Libre. https://t.co/9zdG5fMvTK,4505,2256,808,62471,177,0,0,1,0.0,neutral
1970740963011170471,IoneBelarra,Ione Belarra,Wed Sep 24 06:43:54 +0000 2025,"Exigimos al gobierno de España que se deje de discursos y empiece a actuar. Es hora de proteger a la Global Sumud Flotilla con todas las estrategias posibles, políticas, diplomáticas y militares. Están haciendo lo que los gobiernos tenían que haber hecho hace mucho.",2725,1465,899,132808,266,0,0,0,0.0,neutral
1970571369730486342,IoneBelarra,Ione Belarra,Tue Sep 23 19:30:00 +0000 2025,"Este sábado se cumplen 50 años de los últimos fusilamientos del franquismo. Y de las 5 víctimas que sufrieron esta terrible represión, a día de hoy, solo se han anulado 2 sentencias. Hay que revertir esta injusticia histórica. https://t.co/4JO68wwr7D",961,529,135,12862,250,0,0,1,-0.4767,negative
1970492843966726550,IoneBelarra,Ione Belarra,Tue Sep 23 14:17:58 +0000 2025,"Hoy se confirma que el embargo de armas a Israel anunciado por el Gobierno es un embargo FAKE que no impide el tránsito de armas por nuestro país y tampoco incluye a empresas españolas que son filiales israelíes. Necesitamos un embargo real ya, no este FAKE. https://t.co/3aKMO4sPc4",2574,1373,256,38623,282,0,0,1,-0.6054,negative
1970462661897773536,IoneBelarra,Ione Belarra,Tue Sep 23 12:18:02 +0000 2025,"Esto es una grandísima noticia y la demostración de que la presión social contra la criminalización de la protesta funciona. Un abrazo muy fuerte a @javitxuaijon, @Franchoai y a los compañeros antifascistas de los 6 de Zaragoza. Gracias por vuestra lucha.
https://t.co/DGaV2VCEJr",1002,508,43,27338,279,0,2,1,0.0,neutral
1970112329871245354,IoneBelarra,Ione Belarra,Mon Sep 22 13:05:57 +0000 2025,"Lo dijimos, la firma del aumento del gasto militar en la Cumbre de la OTAN era un vasallaje al fascista de Trump. A ver qué excusa busca ahora el Gobierno para hacernos creer que Trump no dice lo que dice aquí de forma obscena. Rompamos con la OTAN, rompamos con el imperialismo.",3056,1898,238,55478,279,0,0,0,-0.296,negative
1969763547618922825,IoneBelarra,Ione Belarra,Sun Sep 21 14:00:00 +0000 2025,Un embargo que no afecte a los envíos de armas de EEUU a Israel en buques que pasan por nuestros puertos y no revoque los 46 contratos públicos adjudicados a empresas israelíes es un engaño a la gente. El @CentreDelas desmonta el embargo FAKE del Gobierno. https://t.co/lBBjHU8X5m,1395,1022,149,28666,280,0,1,1,-0.8038,negative
1969693750965190661,IoneBelarra,Ione Belarra,Sun Sep 21 09:22:40 +0000 2025,"No hay competición deportiva ni evento cultural que esté por encima de la dignidad humana de un pueblo que está siendo exterminado. Boicot internacional a Israel YA.

@parlamento_rne https://t.co/AgXvbDNVtt",3170,1583,438,43453,206,0,1,1,-0.296,negative
1969321886116167740,IoneBelarra,Ione Belarra,Sat Sep 20 08:45:00 +0000 2025,"Al racismo hay que frenarlo en seco, lo extienda VOX o Junts.

@parlamento_rne https://t.co/frMlFl7fKC",1383,763,905,289262,102,0,1,1,0.0,neutral
1968793508610785545,IoneBelarra,Ione Belarra,Thu Sep 18 21:45:25 +0000 2025,Hoy en el barrio de Tetuán en Madrid exigiendo la ruptura de relaciones con los genocidas y dando todo nuestro apoyo a los compañeros y compañeras de la Global Sumud Flotilla que siguen desprotegidas por los gobiernos. La gente decente va a parar a los genocidas. https://t.co/wchcOwtOyg,1949,952,324,33046,287,0,0,1,0.0,neutral
1968715224116052414,IoneBelarra,Ione Belarra,Thu Sep 18 16:34:21 +0000 2025,Otro barco más que el Gobierno de España deja pasar por los puertos de nuestro país cargado de armas con destino a Israel sin retener la carga. Así es como han construido su complicidad con los genocidas estos 23 meses. Vergüenza. https://t.co/TrrwJZm5zE,1292,902,141,20798,254,0,0,1,-0.5574,negative
1968646771933937853,IoneBelarra,Ione Belarra,Thu Sep 18 12:02:20 +0000 2025,El pueblo movilizado ha hecho más contra el genocidio que el Gobierno. https://t.co/xYvKAT0oYK,1424,708,305,18427,94,0,0,1,0.34,positive
1968369860863517034,IoneBelarra,Ione Belarra,Wed Sep 17 17:42:00 +0000 2025,Esto es el Gobierno. Dice sentirse orgulloso de los manifestantes y a la vez de quienes los reprimen con porras y gas pimienta. Soplar y sorber al mismo tiempo hasta la vergüenza más absoluta.,897,572,78,20738,192,0,0,0,0.0,neutral
1967666175380267153,IoneBelarra,Ione Belarra,Mon Sep 15 19:05:48 +0000 2025,"Cuando la derecha gobierna va a saco mientras que cuando gobierna un Gobierno progresista débil, no avanza nada. Es así como nuestro país es cada vez más como quiere la derecha. Hay que romper con esa espiral y con la frustración que eso genera en la izquierda. https://t.co/uBvXtFXgP8",1472,732,304,35265,285,0,0,1,-0.296,negative
1967575717782356093,IoneBelarra,Ione Belarra,Mon Sep 15 13:06:21 +0000 2025,"Desobedecer ante lo injusto es una obligación ética. Ese lavado de cara a los genocidas nunca debió haberse producido. Por cierto, el único que va a ir ante los tribunales eres tú por financiación irregular de tu partido.",8215,2091,997,322536,221,0,0,0,0.0,neutral
1967521072842002764,IoneBelarra,Ione Belarra,Mon Sep 15 09:29:13 +0000 2025,¿Qué importan unas vallas cuando lo que estamos viendo es un genocidio? https://t.co/BKZ8sTWJ1I,1992,942,430,31150,95,0,0,1,0.0,neutral
1967266674144583948,IoneBelarra,Ione Belarra,Sun Sep 14 16:38:19 +0000 2025,Hoy la movilización social ha vuelto hacer lo que debería haber hecho el gobierno hace mucho tiempo. ¡La vuelta se para completamente en Madrid! Este genocidio lo va a detener la gente decente en todo el mundo.,3157,1242,828,144923,210,0,0,0,0.4003,positive
1966891108249858138,IoneBelarra,Ione Belarra,Sat Sep 13 15:45:57 +0000 2025,"Hoy en la sierra de Madrid la movilización pacífica de la gente contra el genocidio ha triunfado sobre el despliegue represivo del gobierno. Gracias a todas las compañeras. Hay que seguir adelante, a movilizarse mañana en Madrid capital hasta que este horror termine. ¡No pasarán!",2644,1132,873,178219,280,0,0,0,-0.3802,negative
1966431025703051601,IoneBelarra,Ione Belarra,Fri Sep 12 09:17:45 +0000 2025,"Pásalo!
https://t.co/ZZOHrLGjR9",1932,1447,85,29056,31,0,0,1,0.0,neutral
1966151232621539584,IoneBelarra,Ione Belarra,Thu Sep 11 14:45:57 +0000 2025,"Hoy 11 de septiembre el pueblo de Catalunya sale a las calles a celebrar su Diada. Un día para seguir peleando por una Catalunya para la gente y para seguir luchando por más justicia social y más derechos para todas y todos.

Feliç Diada al poble catalá, feliç Diada a tothom!",426,183,76,17164,276,0,0,0,0.0,neutral
1966080669072703715,IoneBelarra,Ione Belarra,Thu Sep 11 10:05:34 +0000 2025,"Israel les llamó terroristas, luego les ha atacado esta semana con dos drones en Túnez. No sé qué más tiene que pasar para que el Gobierno tome medidas para proteger a la Global Sumud Flotilla. Todo mi apoyo a los familiares que están pidiendo protección. https://t.co/MWzAOouq91",3047,1795,877,80935,279,0,0,1,0.0516,positive
1965840892297896135,IoneBelarra,Ione Belarra,Wed Sep 10 18:12:46 +0000 2025,A la gente movilizada no la para nadie. Esta maniobra de los jueces que nunca hacen política es ridícula y solo muestra el miedo que le tienen a la voluntad del pueblo organizado. Todas y todos a las calles contra el genocidio. ✊🇵🇸,1900,960,199,46166,231,0,0,0,-0.296,negative
1965674179090604529,IoneBelarra,Ione Belarra,Wed Sep 10 07:10:19 +0000 2025,Esta noche se ha producido un segundo ataque con un dron de Israel contra la Global Sumud Flotilla y tanto @sanchezcastejon como @vonderleyen siguen sin hacer nada para proteger la misión humanitaria. Conviene recordarlo para cuando te hablen de lado correcto de la historia.,1614,1095,387,52295,275,0,2,0,-0.296,negative
1965490392691867742,IoneBelarra,Ione Belarra,Tue Sep 09 19:00:01 +0000 2025,"Esto es lo que piensan las familias de este país de los “permisos” de conciliación del Gobierno.

Brava @noepmp 👏 https://t.co/C2mB8AIvRI",756,389,53,15965,137,0,1,1,0.0,neutral
1965467739528876182,IoneBelarra,Ione Belarra,Tue Sep 09 17:30:00 +0000 2025,"Basta de tomaduras de pelo.
Embargo real de armas YA. https://t.co/u9IWxEkisr",2884,1412,252,28214,77,0,0,1,0.0,neutral
1965341279262306703,IoneBelarra,Ione Belarra,Tue Sep 09 09:07:29 +0000 2025,"El Gobierno tiene que proteger a la Global Sumud Flotilla, después de ser atacada por un dron israelí la pasada noche, porque están haciendo lo que los gobiernos deberían hacer y no hacen. https://t.co/pn5P42yaSI",3859,2020,999,82856,212,0,0,1,-0.296,negative
1964974479534407765,IoneBelarra,Ione Belarra,Mon Sep 08 08:49:58 +0000 2025,"Cuando lo veamos, lo creeremos. Viva Palestina Libre.",502,201,20,8651,53,0,0,0,0.0,neutral
1964974357383618875,IoneBelarra,Ione Belarra,Mon Sep 08 08:49:28 +0000 2025,"Lo hace después de meses en los que se ha redoblado la importación de material militar israelí para asegurar que seguimos dependiendo militarmente de ellos y sin romper relaciones diplomáticas, comerciales y culturales/deportivas.",399,167,9,8820,230,0,0,0,-0.296,negative
1964973457420304801,IoneBelarra,Ione Belarra,Mon Sep 08 08:45:54 +0000 2025,"Sánchez anuncia después de dos años de genocidio un embargo de armas que el gobierno lleva meses diciendo que ya hacía. Reconoce así que no ha parado de mentir. Lo hace además a través de real decreto ley cuando bastaba con un real decreto, exponiéndose a perderlo por Junts.",2065,1072,198,74205,275,0,0,0,-0.2584,negative
1964308069141053919,IoneBelarra,Ione Belarra,Sat Sep 06 12:41:53 +0000 2025,"El Gobierno mantiene todas las relaciones con los genocidas, incluido permitir su participación en eventos deportivos y culturales que les lavan la cara, y encima se dedica a detener a la gente digna que denuncia el peor genocidio de nuestra época. Todo mi apoyo a ls activistas.",2025,1135,357,57104,279,0,0,0,0.0,neutral
1963579414018474425,IoneBelarra,Ione Belarra,Thu Sep 04 12:26:28 +0000 2025,"La responsabilidad de esta humillación a las personas trans no es solo de VOX, sino también de la Mesa del Congreso con mayoría del PSOE y SUMAR por permitir el acto.

Al fascismo se le para con hechos, no con palabras y políticas conservadoras.
https://t.co/p3wMd2IVdq",1978,1050,183,28502,269,0,0,1,-0.5267,negative
1963231989554614447,IoneBelarra,Ione Belarra,Wed Sep 03 13:25:56 +0000 2025,"Ver a la docencia de Madrid movilizarse por el pueblo palestino emociona, porque cada vez son más quienes desde la sociedad civil están diciendo basta al genocidio. Todos y todas al Círculo de Bellas Artes a apoyar esta iniciativa. https://t.co/OlAdL6YhJ0",2996,1330,319,32565,255,0,0,1,0.0,neutral
1963209091838579027,IoneBelarra,Ione Belarra,Wed Sep 03 11:54:56 +0000 2025,Hoy estamos junto a los bomberos forestales de la Comunidad de Madrid que se han concentrado exigiendo mejorar sus condiciones laborales y conseguir un convenio digno. Siempre vamos a estar junto a quienes ponen el cuerpo para cuidarnos a todas y a todos. https://t.co/ihr6a45xk0,2309,1082,383,33221,279,0,0,1,0.0,neutral
1962895236041986053,IoneBelarra,Ione Belarra,Tue Sep 02 15:07:47 +0000 2025,"¿Quiénes son los terroristas?

Esto que nos envía @luciadalda desde la @GlobalSumudF frente a las amenazas de los genocidas. ¡Brava!",1785,908,332,44618,132,0,2,0,0.0,neutral
1962617386705498152,IoneBelarra,Ione Belarra,Mon Sep 01 20:43:43 +0000 2025,"Sánchez ha dejado claro hoy que no tiene ninguna propuesta para responder a los problemas reales del país y evitar el avance de las derechas. Es más, él mismo gobierna a base de rearme y complicidad con el genocidio, como haría el PP. Resistir en el camino equivocado es perder.",1880,877,487,87696,278,0,0,0,0.0516,positive
1962131967996035452,IoneBelarra,Ione Belarra,Sun Aug 31 12:34:50 +0000 2025,¡Alto al genocidio! ¡Viva Palestina Libre! ¡Arriba la Global Sumud Flotilla! https://t.co/tfdGpDRnIw,6075,2681,846,97595,100,0,0,1,0.0,neutral
1961502321520910475,IoneBelarra,Ione Belarra,Fri Aug 29 18:52:51 +0000 2025,@SarahPerezSanta Es absolutamente repugnante,872,187,134,25060,44,0,1,0,0.0,neutral
1961465980791480642,IoneBelarra,Ione Belarra,Fri Aug 29 16:28:26 +0000 2025,"Este domingo la Global Sumud Flotilla zarpa rumbo a Gaza para romper un bloqueo humanitario de Israel que está matando de hambre al pueblo de Palestina.

Orgullosa de @luciadalda y @Serigne_Mbaye_ por poner el cuerpo contra la inacción de los gobiernos ante el genocidio. https://t.co/zpQrlg4p9O",2495,1378,392,45749,295,0,2,1,0.0,neutral
1961050626072129581,IoneBelarra,Ione Belarra,Thu Aug 28 12:57:58 +0000 2025,Un periodista ha sido brutalmente agredido por fascistas. Hay que frenar ya este terrorismo de extrema derecha. https://t.co/TWh3KRh1hJ,4086,1919,1291,162064,135,0,0,1,0.34,positive
1960983599831728530,IoneBelarra,Ione Belarra,Thu Aug 28 08:31:38 +0000 2025,"La derecha que pregona libertad es la primera que busca acallar las voces que no les bailan el agua en la televisión pública. Este acoso a @SarahPerezSanta es intolerable. ¿Dónde están, esta vez, las asociaciones de periodistas?

Todo mi apoyo, Sarah.",1658,879,313,46640,251,0,1,0,-0.296,negative
1960965076032348327,IoneBelarra,Ione Belarra,Thu Aug 28 07:18:01 +0000 2025,"Esto tiene un nombre, terrorismo de extrema derecha. Cazan a personas migrantes, cazan a los periodistas valientes que están desenmascarando a acosadores cobardes. El PSOE haría bien en no mirar para otro lado, otra vez.",5660,2444,1029,355176,220,0,0,0,-0.296,negative
1960801591054791077,IoneBelarra,Ione Belarra,Wed Aug 27 20:28:23 +0000 2025,"Santi, lo único que está invadiendo Europa es vuestro racismo repugnante. Habría que verte a ti subiéndote a una patera, cobarde.",5214,1294,937,272492,129,0,0,0,0.0,neutral
1960663089210139088,IoneBelarra,Ione Belarra,Wed Aug 27 11:18:02 +0000 2025,"El PSOE no quiere presupuestos, quiere una excusa para convocar elecciones. Si no hay dinero para políticas sociales, ¿cómo es posible que encontraran 10.500 millones para el rearme sin presupuestos? Dejen de tomarle el pelo a la gente. https://t.co/mB098b7giJ",1456,864,136,31759,260,0,0,1,-0.7906,negative
1960624567858143575,IoneBelarra,Ione Belarra,Wed Aug 27 08:44:58 +0000 2025,"Háganse así, señorías del PP y VOX, que se les ha quedado un montón de racismo en sus chaquetas. https://t.co/UqBgafLBkQ",2310,1226,283,45280,120,0,0,1,0.34,positive
1955598431722111456,IoneBelarra,Ione Belarra,Wed Aug 13 11:52:54 +0000 2025,@irezugasti Un gran acto 💜🥰,81,10,4,1497,27,0,1,0,0.91,positive
1955597384957808922,IoneBelarra,Ione Belarra,Wed Aug 13 11:48:44 +0000 2025,"Merecer el señalamiento de los EEUU, el principal responsable junto con Israel del genocidio contra el pueblo de Palestina e impulsor por la vía violenta de regímenes antidemocráticos en todo el mundo, es un honor.",4627,2047,721,161031,214,0,0,0,0.4939,positive
1955357654089400405,IoneBelarra,Ione Belarra,Tue Aug 12 19:56:08 +0000 2025,En una democracia plena este tipo habría sido detenido y llevado ante la Audiencia Nacional por promover el terrorismo racista de extrema derecha. Sigue suelto y así nos va.,2684,1046,1418,196275,173,0,0,0,0.0,neutral
1955350343874650495,IoneBelarra,Ione Belarra,Tue Aug 12 19:27:05 +0000 2025,No os preocupéis que para nada hay infiltración de la ideología de extrema derecha en las Fuerzas y Cuerpos de Seguridad del Estado. Todo muy democrático. Gracias @wiesenthal1632 y @CanalRed_TV por este trabajo imprescindible.,1724,920,144,48964,226,0,2,0,-0.296,negative
1954820528578990590,IoneBelarra,Ione Belarra,Mon Aug 11 08:21:47 +0000 2025,El plan sionista para ocupar por la vía terrestre Ciudad de Gaza se suma a meses de exterminio silencioso a través de la hambruna planificada y ejecutada por Netanyahu. Esto sólo lo para la gente. Apoyemos la Sumud Global Flotilla que el 31 de agosto partirá para romper el asedio,2993,1540,316,85648,280,0,0,0,0.0,neutral
1953166779674501529,IoneBelarra,Ione Belarra,Wed Aug 06 18:50:23 +0000 2025,"Todo el mundo sabe que si el estado terrorista de Israel no fuera un aliado estratégico de EEUU habría sanciones económicas ejemplares, embargo total de armas e intervención militar para frenar el genocidio. Eso es lo que pesará siempre sobre la conciencia de los líderes europeos",4715,2231,487,105726,280,0,0,0,-0.296,negative
1952736582043041882,IoneBelarra,Ione Belarra,Tue Aug 05 14:20:55 +0000 2025,"Hoy hacer honor a la memoria de las #13Rosas es exigir verdad, justicia y reparación para los bebés robados y sus familias, es que no quede un asesinado sin recuperar en una cuneta, es tirar abajo los símbolos de la dictadura de una vez, como la cruz del Valle de Cuelgamuros.",1855,891,291,61150,276,1,0,0,-0.3818,negative
1950227071487394006,IoneBelarra,Ione Belarra,Tue Jul 29 16:09:01 +0000 2025,El mismo Sánchez al que le ha dado igual gobernar dos años sin presupuestos de repente está muy preocupado por sacarlos. ¿Será la misma excusa que en 2019 para convocar elecciones?,854,520,198,29435,180,0,0,0,-0.296,negative
1950202150631452835,IoneBelarra,Ione Belarra,Tue Jul 29 14:30:00 +0000 2025,La Global Sumud Flotilla va a enviar varios barcos humanitarios hacia Gaza para intentar romper el bloqueo criminal que los genocidas están ejecutando contra la población palestina. Hay que frenar la hambruna que está matando de hambre a 2.000.000 de personas. Todo nuestro apoyo. https://t.co/LzXzqaPTTv,4340,2509,507,69183,304,0,0,1,-0.5267,negative
1950183713033073142,IoneBelarra,Ione Belarra,Tue Jul 29 13:16:44 +0000 2025,https://t.co/Neh2iiT0xh,181,96,25,37066,23,0,0,1,0.0,neutral
1950183674047082545,IoneBelarra,Ione Belarra,Tue Jul 29 13:16:35 +0000 2025,"Este artículo de @junqueras es un insulto a la inteligencia. Solo alguien que busque extender un bulo o que esté tan desinformado que no escuchara mi respuesta completa puede escribir esto. TODAS las FCSE tienen un problema de racismo institucional, como la justicia o el gobierno",1674,820,377,145147,280,0,1,0,-0.296,negative
1949830764842950687,IoneBelarra,Ione Belarra,Mon Jul 28 13:54:15 +0000 2025,"El Gobierno se pliega, de la mano de Von Der Leyen, a convertir España en tierra de sacrificio para gloria de Trump y los EEUU. Banquete de armas y tanques para beneficio de los ricos y migajas en forma de permisos que no se pueden denominar ni insuficientes para las familias.",1826,1083,189,42737,277,0,0,0,-0.296,negative
1949388723197563333,IoneBelarra,Ione Belarra,Sun Jul 27 08:37:44 +0000 2025,Vivimos en una época en la que se secuestra a los activistas y barcos que transportan ayuda humanitaria para frenar una hambruna provocada deliberadamente por el Estado terrorista de Israel y se protege a los genocidas. Vergüenza para quien permanezca en silencio #FreedomFlotilla,3740,2185,586,95279,280,1,0,0,0.0,neutral
1949133464902488466,IoneBelarra,Ione Belarra,Sat Jul 26 15:43:25 +0000 2025,"Y muchas no olvidamos que pudimos ir a la universidad gracias al esfuerzo de nuestras familias y al de personas que, como Diego Cañamero, pelearon por nuestros derechos antes que nosotras. Grande Víctor.",2179,1017,229,55700,203,0,0,0,-0.296,negative
1948729813478326414,IoneBelarra,Ione Belarra,Fri Jul 25 12:59:27 +0000 2025,"Desgarrador esto que cuenta Manu Levin en TVE. No hay grises cuando se trata de proteger a un menor. El Gobierno y la justicia han desoído a las víctimas y las consecuencias serán su responsabilidad.
https://t.co/XzxCF6gQm4",1922,1032,346,56544,223,0,0,1,-0.296,negative
1948287032180326420,IoneBelarra,Ione Belarra,Thu Jul 24 07:40:00 +0000 2025,"Mientras el Estado terrorista de Israel mata de hambre a dos millones de personas, el Gobierno de Pedro Sánchez es el que más armas y municiones ha importado de Israel de toda la UE este 2025. Qué vergüenza insoportable. 
https://t.co/LlTOBjrQp6",1964,1346,332,34311,245,0,0,1,0.34,positive
1948040547106529781,IoneBelarra,Ione Belarra,Wed Jul 23 15:20:33 +0000 2025,Se tenía que hacer y se hizo👇🏻,1288,525,619,77083,30,0,0,0,0.0,neutral
1948035380382671119,IoneBelarra,Ione Belarra,Wed Jul 23 15:00:02 +0000 2025,"Este Gobierno vive de espaldas a la crisis de vivienda y de conciliación, no hay mejor muestra que la sesión de ayer. Su único objetivo es ganar leyes “al kilo”. https://t.co/YMiRQiMzAf",1299,751,158,19580,185,0,0,1,-0.743,negative
1948007998963540374,IoneBelarra,Ione Belarra,Wed Jul 23 13:11:13 +0000 2025,El Gobierno tiene que dejar de trabajar para un oligopolio eléctrico que hace beneficios milmillonarios a costa de los derechos de la gente. https://t.co/tc6gvNT7mk,1460,774,186,25855,164,0,0,1,0.0,neutral
1947993949953495353,IoneBelarra,Ione Belarra,Wed Jul 23 12:15:24 +0000 2025,"El problema de los del PP no es sólo que se inventen títulos, es que se los regalen en las universidades públicas como a Casado y Cifuentes y que sean comerciales de los ricos en vez de representantes públicos. Lo del clasismo y la titulitis de algunos, lo dejamos para otro día.",1558,770,211,49387,279,0,0,0,-0.296,negative
1947977453793673653,IoneBelarra,Ione Belarra,Wed Jul 23 11:09:51 +0000 2025,"Exigimos al Gobierno de España que proteja al hijo menor de Juana Rivas, es su responsabilidad y le obliga la ley española. Si no lo hace, será responsable de cualquier violencia que ese niño pueda sufrir. https://t.co/JiYHV8Ycf5",1315,618,414,39141,229,0,0,1,-0.296,negative
1947944562921443675,IoneBelarra,Ione Belarra,Wed Jul 23 08:59:09 +0000 2025,"Este Gobierno no gobierna e intenta permanentemente engañar a la gente para que este país no sepa que las grandes energéticas de este país, que el año pasado ganaron 7.700 millones de euros de beneficios, fueron las responsables del gran apagón del 28 de abril. https://t.co/Kw4Om1ePPq",2431,1499,361,62516,285,0,0,1,-0.5267,negative
1947647289733910967,IoneBelarra,Ione Belarra,Tue Jul 22 13:17:54 +0000 2025,"En este país te acusan de terrorismo por tirar zumo de remolacha en las escaleras del Congreso, pero si alientas cacerías contra migrantes la policía te da un abrazo, te invita a un café y te acompaña al coche. https://t.co/X9tZrdsFl4",5407,3100,745,149086,234,0,0,1,0.0,neutral
1947624057135849514,IoneBelarra,Ione Belarra,Tue Jul 22 11:45:34 +0000 2025,Esto es terrible porque no solo son condenas de privación de libertad sino que también les condenan a estar endeudados de por vida. Esta criminalización es insoportable. Podéis ayudarles aquí https://t.co/bAJju5cmTn ¡Indulto ya!,1162,923,127,45708,228,0,0,1,-0.68,negative
1947620733850435762,IoneBelarra,Ione Belarra,Tue Jul 22 11:32:22 +0000 2025,Lo que está pasando con el hijo de la madre protectora Juana Rivas es gravísimo. El Estado tiene la obligación legal de proteger al menor y eso implica no entregarle a su padre. Conocemos las consecuencias de abandonar a su suerte a mujeres y niñs víctimas de violencia machista.,680,354,288,39882,279,0,0,0,-0.1779,negative
1947602178849247459,IoneBelarra,Ione Belarra,Tue Jul 22 10:18:38 +0000 2025,Israel está matando de hambre a 2 millones de personas. https://t.co/KLDesEzqqv,7260,4469,571,98604,79,0,0,1,0.0,neutral
1947581608514478484,IoneBelarra,Ione Belarra,Tue Jul 22 08:56:54 +0000 2025,"El real decreto del Gobierno no va de prevenir apagones, no impone ninguna sanción ni obligación al oligopolio eléctrico. Ya está bien de mentir a la gente. Que no cuenten con los votos de Podemos para esto. https://t.co/S5VZoNjN5z",1893,1080,259,33856,231,0,0,1,-0.6808,negative
1947365515573530959,IoneBelarra,Ione Belarra,Mon Jul 21 18:38:13 +0000 2025,"La policía nacional hace redadas racistas en cada parada de metro, en cada calle de este país, también en Cataluña. Los mossos harían lo mismo porque el problema es el racismo institucional. Gobernáis un país que no conocéis y así nos va en España y en Catalunya.",1454,669,1054,268601,263,0,0,0,-0.296,negative
1947311145095762023,IoneBelarra,Ione Belarra,Mon Jul 21 15:02:10 +0000 2025,"La pregunta no es por qué Podemos vota en contra de un real decreto que no previene apagones y no le toca un pelo al oligopolio eléctrico, sino por qué cualquier partido autodenominado progresista puede apoyarlo con evidencias como esta.",1213,742,150,97392,237,0,0,0,-0.6808,negative
1947285478819930431,IoneBelarra,Ione Belarra,Mon Jul 21 13:20:11 +0000 2025,Los votos de Podemos están para pararle los pies al oligopolio eléctrico y obligarles a prevenir otro apagón y no para engañar a la gente.,1634,858,371,72505,138,0,0,0,-0.296,negative
1947240410306289762,IoneBelarra,Ione Belarra,Mon Jul 21 10:21:06 +0000 2025,"La hambruna en Gaza está entrando en fase de no retorno, sólo ayer Israel mató de hambre a 18 personas y asesinó a disparos a 66 personas que esperaban ayuda humanitaria. Debemos mantener toda la presión política sobre los genocidas y sus cómplices europeos.",4874,2774,468,124885,258,0,0,0,-0.296,negative
1947204056524472397,IoneBelarra,Ione Belarra,Mon Jul 21 07:56:39 +0000 2025,"Os molesta que os digamos la verdad, que sólo queréis las competencias para hacer políticas racistas y competir con Aliança Catalana. Podemos quiere regularización ya y derogar la ley de extranjería, no exponer a miles de personas racializadas en Catalunya a más redadas racistas.",1548,719,1690,553724,280,0,0,0,-0.296,negative
1947197351539462633,IoneBelarra,Ione Belarra,Mon Jul 21 07:30:00 +0000 2025,"VOX es el instigador político del terrorismo racista como el que hemos visto en Torre Pacheco. Pero no olvidemos la pata mediática, porque, por ejemplo, Daniel Esteve de Desokupa es un producto que salió de programas como el de Ana Rosa Quintana.

https://t.co/K1qO1qHaWt https://t.co/eEVTU2zdbA",2183,1198,918,66728,295,0,0,2,-0.296,negative
1946655814376194386,IoneBelarra,Ione Belarra,Sat Jul 19 19:38:07 +0000 2025,"Ante el terrorismo racista alentado por la extrema derecha política y mediática, nos van a tener enfrente en las calles. ✊ https://t.co/tDfIq6nxPh",1611,741,1024,140644,146,0,0,1,0.0,neutral
1946520686148702306,IoneBelarra,Ione Belarra,Sat Jul 19 10:41:10 +0000 2025,"El Gobierno pretende convalidar un real decreto para prevenir apagones que no ataca ninguna de las causas que provocaron el del 28 de abril. Ni una sanción, ni una obligación para el oligopolio energético que lo provocó. Que no cuenten con Podemos para seguir mintiendo a la gente",1811,1094,310,116248,280,0,0,0,-0.5267,negative
1946194237046792244,IoneBelarra,Ione Belarra,Fri Jul 18 13:03:59 +0000 2025,"La lucha sirve. Siempre que los trabajadores se organizan se demuestra que nada es posible en este país, ni en ningún lugar, sin ellos. ¡Mi enhorabuena de corazón! Y gracias @EgioVictor por acompañar esta digna lucha.",1841,820,224,90002,217,0,1,0,-0.5983,negative
1946184502956400696,IoneBelarra,Ione Belarra,Fri Jul 18 12:25:18 +0000 2025,Hoy sabemos que la corrupción del PP de Montoro iba más allá y que también incluía a grandes constructoras. Ninguna sorpresa para quienes llevamos más de una década denunciando el bipartidismo corrupto. Estamos a tiempo de frenarlo y construir una alternativa digna de este país.,2071,1070,443,116799,279,0,0,0,0.0,neutral
1946182444295520654,IoneBelarra,Ione Belarra,Fri Jul 18 12:17:07 +0000 2025,"Te veo nervioso @vitoquiles, quizás porque durante mucho tiempo te has creído impune, pero lo que haces es incitación a la violencia terrorista racista y al odio, y antes o después acabarás en la cárcel. Ya lo estarías, si España fuese una democracia plena.",10823,2870,7814,3456192,257,0,1,0,0.0,neutral
1946181554989830230,IoneBelarra,Ione Belarra,Fri Jul 18 12:13:35 +0000 2025,"Las 6 de la Suiza logran el tercer grado gracias a la impresionante movilización social y política. El sindicalismo no es delito, han sido condenadas por apoyar a una trabajadora embarazada víctima de acoso laboral. Es hora de que se les conceda el indulto y vuelvan a ser libres.",3215,1413,183,78515,280,0,0,0,-0.296,negative
1945968111712079874,IoneBelarra,Ione Belarra,Thu Jul 17 22:05:26 +0000 2025,"@OscarReina23 Muchas gracias querido Óscar, vamos juntas y vamos lejos 💜",183,31,24,2971,72,0,1,0,0.6369,positive
1945870472622535132,IoneBelarra,Ione Belarra,Thu Jul 17 15:37:27 +0000 2025,"El movimiento de solidaridad palestina denuncia la presencia en España de 2 buques que abastecen el genocidio. El Overseas Santorini hacia Algeciras y el Overseas Suncoast en Barcelona. El Gobierno podría pasar de las palabras a los hechos deteniéndolos, pero de nuevo no lo hará.",1261,823,222,47062,280,0,0,0,-0.296,negative
1945845846345498980,IoneBelarra,Ione Belarra,Thu Jul 17 13:59:36 +0000 2025,"Siempre lo hemos dicho, el bipartidismo es corrupción y no gobiernan para la gente. Y esta imputación de Montoro deja muy claro que el exministro era un comercial de las empresas gasísticas. https://t.co/Jd8Du5QDe2",1533,879,244,37921,214,0,0,1,-0.296,negative
1945824852402717080,IoneBelarra,Ione Belarra,Thu Jul 17 12:36:11 +0000 2025,"La ampliación del aeropuerto de Barcelona sólo sirve para agravar la emergencia climática y la crisis de vivienda. Barcelona no necesita ni más CO2, ni más turistas. Este proyecto sólo tiene sentido si quieres meter la mano en la caja. https://t.co/RQXw5flxUy",1242,640,275,41467,259,0,0,1,-0.743,negative
1945783831480385621,IoneBelarra,Ione Belarra,Thu Jul 17 09:53:10 +0000 2025,"Sin asistencia sanitaria en 9 días de huelga de hambre, la patronal y Navantia siguen sin sentarse a negociar. Les hacemos responsables de lo que pueda pasar.

¿Dónde está, una vez más, el Gobierno de España? Todo mi apoyo y fuerza en vuestra lucha.",1973,1260,260,73127,249,0,0,0,-0.802,negative
1945739998797410571,IoneBelarra,Ione Belarra,Thu Jul 17 06:59:00 +0000 2025,"Las lágrimas de esta madre son las lágrimas de cualquiera que tenga el más mínimo de humanidad. Todas las personas somos eso, personas. Diferentes pero iguales en derechos. Unidas, frente al terrorismo racista. Mi abrazo más fuerte.",2206,901,1627,268392,232,0,0,0,0.0,neutral
1945736803324977661,IoneBelarra,Ione Belarra,Thu Jul 17 06:46:18 +0000 2025,@EgioVictor Estamos a tu lado querido @EgioVictor 💪🏾 ¡No pasarán!,523,96,4,9073,65,0,2,0,0.0,neutral
1945561219357639136,IoneBelarra,Ione Belarra,Wed Jul 16 19:08:36 +0000 2025,"El Montoro de la amnistía fiscal y del rescate a la banca con el dinero de la gente. Nos gobernaron ladrones y lacayos al servicio de los poderosos. Que la mafia del PP no vuela a gobernar nunca más nuestro país.
https://t.co/9X8i4GITP1",6187,3109,782,118669,236,0,0,1,-0.296,negative
1945544445006360613,IoneBelarra,Ione Belarra,Wed Jul 16 18:01:56 +0000 2025,"Pronto la gente descubrirá que las balas no se comen y que la poca soberanía alimentaria que nos queda se va al garete. Esto es lo que han firmado todos los líderes europeos, incluido Pedro Sánchez, recortes salvajes para financiar el rearme. 
https://t.co/pPcfDcpRzo",1648,1128,225,37028,267,0,0,1,-0.296,negative
1945470552623255738,IoneBelarra,Ione Belarra,Wed Jul 16 13:08:19 +0000 2025,La justicia reaccionaria se sigue ensañando con Juana Rivas y su familia. La justicia está obligada a proteger a las víctimas de violencias machistas y a las infancias que también las sufren. Esta decisión judicial debe ser rectificada y evitar tanto dolor para Juana y sus hijos.,705,419,371,43585,280,0,0,0,0.0,neutral
1945427218567508225,IoneBelarra,Ione Belarra,Wed Jul 16 10:16:07 +0000 2025,"Es intolerable que se permita terrorismo racista mientras 6 trabajadoras de La Suiza entran en prisión por hacer sindicalismo. Por eso hoy exigimos al Gobierno su indulto. Basta ya de criminalizar a quienes luchan por ampliar derechos, basta ya de este insoportable doble rasero.",1783,896,488,99464,279,0,0,0,0.0,neutral
1945396766171357469,IoneBelarra,Ione Belarra,Wed Jul 16 08:15:07 +0000 2025,Hay decenas de miles de personas en España que fallecen antes de obtener su derecho a la dependencia. Ahora vemos esto y cómo mintieron quienes aseguraron que el aumento del gasto militar no traería recortes. Este Gobierno del PSOE es ya clavado al del PP. https://t.co/rnoLsh2smZ,905,597,227,56048,280,0,0,1,-0.296,negative
1945174267550687497,IoneBelarra,Ione Belarra,Tue Jul 15 17:30:59 +0000 2025,"Ah, y esto",2612,1000,214,70723,10,0,0,0,0.0,neutral
1945154020684747017,IoneBelarra,Ione Belarra,Tue Jul 15 16:10:32 +0000 2025,"Se os ha caído esto
Vía @FonsiLoaiza https://t.co/VFenbMfVth",10511,4311,1413,729383,60,0,1,1,0.34,positive
1945122960160801029,IoneBelarra,Ione Belarra,Tue Jul 15 14:07:06 +0000 2025,Esto es inexplicable desde cualquier punto de vista. La universidad española pierde uno de sus mejores activos🥲,3269,925,2491,468260,111,0,0,0,0.0,neutral
1945077693294247940,IoneBelarra,Ione Belarra,Tue Jul 15 11:07:14 +0000 2025,"Frente al terrorismo racista de extrema derecha, solidaridad con la gente trabajadora de Torre Pacheco. https://t.co/XJ8VuWFImR",3327,1549,2345,240384,127,0,0,1,0.0,neutral
1945030584310407588,IoneBelarra,Ione Belarra,Tue Jul 15 08:00:02 +0000 2025,Todo el mundo sabe que si no fueran de ultraderecha todos los que están en el chat de Telegram organizando cacerías a personas migrantes estarían siendo detenidas y llevadas ante la Audiencia Nacional acusadas de terrorismo. Pero como son lo que son… https://t.co/7eHGcO3N0B,3685,1823,1041,154508,274,0,0,1,-0.296,negative
1945016117786710374,IoneBelarra,Ione Belarra,Tue Jul 15 07:02:33 +0000 2025,"Hemos venido a apoyar a los trabajadores de las empresas auxiliares de Navantia en Cartagena que llevan una semana en huelga de hambre, sin asistencia sanitaria y casi un mes en huelga indefinida. Así es como avanzan los derechos laborales de todos y de todas. https://t.co/W02BQGNqvU",1536,819,198,61729,284,0,0,1,-0.5574,negative
1944762669883347367,IoneBelarra,Ione Belarra,Mon Jul 14 14:15:27 +0000 2025,En una democracia plena Abascal y sus secuaces de VOX ya estarían en prisión provisional por los actos de terrorismo racista de extrema derecha que hemos visto en Torre Pacheco este fin de semana. Las imágenes que hemos visto son el Ku Klux Klan del siglo XXI y hay que pararlo ya,2117,1228,1110,143338,280,0,0,0,0.0,neutral
1944695390445371684,IoneBelarra,Ione Belarra,Mon Jul 14 09:48:06 +0000 2025,"Este Gobierno reconoce, por fin, que lleva año y medio comprando y vendiendo armas a Israel para su genocidio. No quieren hacer nada, sólo buscan el titular. Si quisieran mañana mismo pueden acordar el embargo de armas vía Real Decreto, que no necesita mayoría parlamentaria.",995,577,96,33029,275,0,0,0,-0.5267,negative
1944667699746935112,IoneBelarra,Ione Belarra,Mon Jul 14 07:58:04 +0000 2025,"Progromos racistas en Torre Pacheco, ni una decena de detenidos a pesar de la extrema violencia alentada por la ultraderecha, y Marlaska en Wimbledon. ¿Para qué sirve este gobierno aparte de para cebar un gobierno PPVOX? Qué vergüenza.",2089,967,886,263376,235,0,0,0,0.0,neutral
1944320350738600305,IoneBelarra,Ione Belarra,Sun Jul 13 08:57:49 +0000 2025,"Libertad para Eva y Alesia, ya.

Dos compañeras militantes feministas que están siendo criminalizadas y privadas de libertad de forma totalmente intolerable en Argentina por el Gobierno represor de Milei.

Tienen todo nuestro apoyo. Basta ya de represión a las argentinas/os. https://t.co/TmE1SRttNS",1794,849,493,65837,299,0,0,1,0.0,neutral
1944035200687607910,IoneBelarra,Ione Belarra,Sat Jul 12 14:04:44 +0000 2025,Todo mi apoyo y solidaridad con las 23 personas detenidas en la huelga del metal en Cádiz. Basta de represión a la clase trabajadora. https://t.co/3rgFYXeaab,2596,1299,221,51335,157,0,0,1,0.0,neutral
1943975027344285818,IoneBelarra,Ione Belarra,Sat Jul 12 10:05:38 +0000 2025,"Hay que parar esta violencia racista y sólo hay una manera de hacerlo: regularización inmediata de todas las personas que viven aquí, cortarle el grifo mediático a la ultraderecha -sus discursos no son una opinión, son odio- y servicios públicos fuertes. Es la hora de hacerlo.",3333,1163,6626,1934111,277,0,0,0,-0.296,negative
1943732021135622611,IoneBelarra,Ione Belarra,Fri Jul 11 18:00:01 +0000 2025,Un grupo de trabajadores de empresas auxiliares de Navantia en Cartagena han dicho basta a la precariedad y se han puesto en huelga de hambre. Es una vergüenza que Navantia firme contratos millonarios mientras se beneficia de su precarización. Todo mi apoyo a estos trabajadores. https://t.co/nAiRTHYfub,3123,1614,516,205671,303,0,0,1,0.0,neutral
1943701037224776065,IoneBelarra,Ione Belarra,Fri Jul 11 15:56:54 +0000 2025,Hoy @IreneMontero y yo nos hemos reunido con @ehbildu en Gasteiz para analizar la situación política en el Estado. Frente a la crisis bipartidista y auge reaccionario de las derechas hay que seguir avanzando en derechos. Hay que superar este Régimen del 78 que sigue lastrándonos. https://t.co/6mjV3l4UUJ,1588,644,1650,416315,304,0,2,1,-0.6249,negative
1943656278951166286,IoneBelarra,Ione Belarra,Fri Jul 11 12:59:02 +0000 2025,El 1 de julio se ha puesto fin a las medidas para transporte público que logramos en 2022. Se acaban los bonos gratuitos de Cercanías y Media Distancia y se encarece el transporte urbano. Otra muestra de que sin Podemos en el Gobierno vuelven los recortes para los de siempre.,3058,1643,620,178900,276,0,0,0,-0.296,negative
1943583264117072377,IoneBelarra,Ione Belarra,Fri Jul 11 08:08:54 +0000 2025,"El Gobierno sigue cumpliendo los compromisos con la OTAN. Las mentiras tienen las patas muy cortas. Nos están poniendo en riesgo por plegarnos a los intereses políticos, militares y económicos de los EEUU. Hay que romper la lealtad con los criminales de guerra.",639,377,90,24612,261,0,0,0,0.0,neutral
1943565922750599414,IoneBelarra,Ione Belarra,Fri Jul 11 07:00:00 +0000 2025,"El terrible incendio en Tarragona se cobró ayer una vida, un trabajador de los equipos de extinción de incendios @bomberscat. Quiero enviar todo mi cariño y apoyo a sus familiares y allegados en estos momentos tan difíciles. Hay que cuidar a quienes nos cuidan con más medios.",1119,526,109,36505,276,0,1,0,-0.4767,negative
1943353664011223136,IoneBelarra,Ione Belarra,Thu Jul 10 16:56:33 +0000 2025,Estamos en un momento que recuerda mucho al 2011. El Congreso hablando de corrupción y la calle hablando de vivienda. Es la hora de poner en pie la alternativa. https://t.co/vAKnCaNd5c,975,493,153,21744,184,0,0,1,0.0,neutral
1943289763923988798,IoneBelarra,Ione Belarra,Thu Jul 10 12:42:38 +0000 2025,"A pesar de que hace unos días la empresa Sidenor anunciaba que cancelaba las ventas a una empresa armamentística israelí, hoy nos alertan de que 40 lotes de acero esperan para cargarse en el puerto de Barcelona. El Gobierno debe impedirlo. Dejemos de colaborar con el genocidio. https://t.co/PefvYL9Cpb",2493,1385,219,40505,302,0,0,1,0.0,neutral
1943250252422676750,IoneBelarra,Ione Belarra,Thu Jul 10 10:05:38 +0000 2025,Pedro Sánchez dice genocidio después de año y medio de exterminio pero sigue comprando armas a Israel por cientos de millones y manteniendo la relación estratégica de Indra con los fabricantes de drones. https://t.co/KNviieHZGz,1196,676,91,18647,227,0,0,1,0.0,neutral
1943221887393214597,IoneBelarra,Ione Belarra,Thu Jul 10 08:12:55 +0000 2025,"El régimen del fascista Donald Trump sanciona a @FranceskAlbs por denunciar la colaboración de EEUU con Israel en el genocidio del pueblo palestino. No podemos tolerar que quienes velan por el cumplimiento de los derechos humanos sean criminalizados así. Todo mi apoyo, Francesca.",2408,1218,134,36907,280,0,1,0,-0.296,negative
1943195362103070914,IoneBelarra,Ione Belarra,Thu Jul 10 06:27:31 +0000 2025,El juez Lino Rubio decreta la entrada en prisión de las 6 sindicalistas de La Suiza. Un atentado a la democracia que es posible por la connivencia del poder económico y judicial reaccionarios. El Gobierno tiene que indultarlas YA.,2058,1217,142,49120,230,0,0,0,0.0,neutral
1942992584596455785,IoneBelarra,Ione Belarra,Wed Jul 09 17:01:45 +0000 2025,Sánchez vuelve a subrayar su lealtad a la OTAN de Donald Trump. Ellos leales a los criminales de guerra y los genocidas y nosotras insumisas contra el rearme y por la paz. https://t.co/1MDMr8F0ID,1735,885,137,30768,195,0,0,1,0.0,neutral
1942969937737216077,IoneBelarra,Ione Belarra,Wed Jul 09 15:31:46 +0000 2025,"El circo del bipartidismo corrupto que hemos visto esta mañana no tapa su impotencia, que Feijóo no puede impulsar una moción de censura y que Sánchez no puede presentar una moción de confianza. Ninguno tiene números. https://t.co/JUJel9qCC3",1116,595,164,35662,241,0,0,1,-0.6808,negative
1942941054346338796,IoneBelarra,Ione Belarra,Wed Jul 09 13:37:00 +0000 2025,@SociologiAnimal Digo sí!💜🥰,91,9,2,1204,27,0,1,0,0.9151,positive
1942897814897574031,IoneBelarra,Ione Belarra,Wed Jul 09 10:45:11 +0000 2025,Señor Sánchez y señor Feijóo suban aquí y digan que ACCIONA no recibirá un euro más de dinero público. No lo harán porque ustedes forman parte de un sistema que se deja comprar por las grandes empresas. https://t.co/H3xJeMXvB5,3285,1756,297,109224,226,0,0,1,-0.5267,negative
1942834829445275862,IoneBelarra,Ione Belarra,Wed Jul 09 06:34:54 +0000 2025,@M4RIASOLIS Igual aprendían algo porque encima el hemiciclo está CONGELADO para que los señores lleven traje y corbata.,33,11,6,1422,119,0,1,0,0.0,neutral
1942673451820498944,IoneBelarra,Ione Belarra,Tue Jul 08 19:53:38 +0000 2025,"La represión, las detenciones contra los trabajadores que se han organizado para defender sus derechos laborales es inaceptable en una democracia. Aporta en su caja de resistencia 👇🏻",662,446,42,25139,182,0,0,0,0.1027,positive
1942634010439737533,IoneBelarra,Ione Belarra,Tue Jul 08 17:16:55 +0000 2025,"Hoy el Congreso debate retirarle la acreditación a los mamporreros acosadores de la ultraderecha, algo que la Presidenta podría haber hecho hace meses. Sin embargo, el problema de fondo permanece, la corrupción periodística de alto nivel como la de Ana Rosa Quintana o Ferreras.",1985,919,822,139751,278,0,0,0,-0.5574,negative
1942625564730208369,IoneBelarra,Ione Belarra,Tue Jul 08 16:43:21 +0000 2025,"Ante las olas de calor, todos los trabajadores que curran al aire libre ¡a casa! https://t.co/xzgchYzggk",2250,907,1036,233699,104,0,0,1,0.0,neutral
1942586487843017034,IoneBelarra,Ione Belarra,Tue Jul 08 14:08:04 +0000 2025,"Pedro Sánchez ha demostrado que no tiene un compromiso real para terminar con la corrupción ni con el machismo ni en su partido, ni en España. No esperamos nada de su comparecencia de mañana. https://t.co/2io4Ivwgc2",839,396,213,20633,215,0,0,1,-0.25,negative
1942560626116813206,IoneBelarra,Ione Belarra,Tue Jul 08 12:25:18 +0000 2025,@CesarSinde La palabra que buscas es ACAPARAR ilegítimamente vivienda para subir artificialmente los precios. De nada.,106,25,25,4547,118,0,1,0,0.0,neutral
1942547544103375052,IoneBelarra,Ione Belarra,Tue Jul 08 11:33:19 +0000 2025,"Claro que sí, echemos a los extranjeros de España, pero a los que nos roban y se quedan con nuestras viviendas, que son los fondos buitre. https://t.co/DWHeLfQT97",5025,2198,789,182570,162,0,0,1,0.0,neutral
1973032910937596399,IoneBelarra,Ione Belarra,Tue Sep 30 14:31:17 +0000 2025,Trump propuso crear un resort de lujo en la Franja de Gaza y es tan responsable como Netanyahu del genocidio. ¿Cómo va a ser una buena idea su plan? Vergüenza para quien le apoye. https://t.co/qU7YwH7coW,7577,3600,811,111499,203,0,0,1,0.0,neutral
1972952055183769608,IoneBelarra,Ione Belarra,Tue Sep 30 09:10:00 +0000 2025,La entrada de un portaaviones nuclear de EEUU en Palma plantea un terrible peligro para la seguridad de nuestro país y ahonda en la complicidad de España con los genocidas. El Gobierno debe impedir su entrada en Palma. Basta ya de vasallaje al imperialismo de Trump y la OTAN.,1533,901,281,45676,276,0,0,0,-0.4767,negative
1972926516284846342,IoneBelarra,Ione Belarra,Tue Sep 30 07:28:31 +0000 2025,"Es fácil de entender, la solución no va a venir en ningún caso del país que ha armado hasta los dientes a Israel y que es el principal interesado en mantener una colonia de su control en Oriente Medio. España deje de estar rendida a los intereses de los EEUU.",612,246,48,14289,259,0,0,0,0.0516,positive
1942507969016393742,IoneBelarra,Ione Belarra,Tue Jul 08 08:56:04 +0000 2025,El Estado genocida de Israel lleva casi dos años haciendo a los palestinos lo que los nazis hicieron a los judíos. El campo de concentración que plantean crear al sur de Gaza es un paso más en ese exterminio. Netanyahu es el Hitler del siglo XXI y no frenarle nos condena a todas.,3643,1944,298,74057,280,0,0,0,-0.296,negative
1942193879756726683,IoneBelarra,Ione Belarra,Mon Jul 07 12:07:59 +0000 2025,Tal día como hoy hace 17 años fue asesinada Nagore Laffage en Pamplona en pleno San Fermín. Un asesinato machista que fue además otra muestra más del machismo en la justicia que se perpetúa hasta hoy. Todo mi apoyo a su familia y a quienes siguen reclamando justicia y reparación.,1712,823,374,86157,280,0,0,0,0.0,neutral
1942152465161277529,IoneBelarra,Ione Belarra,Mon Jul 07 09:23:25 +0000 2025,"Como bien dice @Julio_Rodr_ es una barbaridad que la UE y el Gobierno apuesten por la doctrina del shock militar que aumenta los presupuestos para la guerra reactivando una industria armamentística a base de capitalismo verde oliva, verde militar. Leedle👇
https://t.co/ao8MKwyYGE",713,473,38,14651,279,0,1,1,-0.3818,negative
1941815640119279813,IoneBelarra,Ione Belarra,Sun Jul 06 11:05:00 +0000 2025,"¡Viva Palestina Libre!
https://t.co/56x5cT7XHy",2088,677,635,397402,46,0,0,1,0.0,neutral
1941785081980326126,IoneBelarra,Ione Belarra,Sun Jul 06 09:03:34 +0000 2025,El PSOE ha envejecido 20 años de golpe con este gravísimo caso de corrupción en el seno de su partido y la forma que está teniendo de abordarlo. Es decepcionante para mucha gente. https://t.co/U2uwYyZhj7,1924,1007,448,51771,203,0,0,1,0.34,positive
1941619844626948290,IoneBelarra,Ione Belarra,Sat Jul 05 22:06:59 +0000 2025,Siempre orgullosas de luchar por un país con más derechos 🫶💜🏳️‍⚧️🏳️‍🌈 https://t.co/oP7fN21n4v,1173,458,224,41873,93,0,0,1,0.6369,positive
1941234250042441813,IoneBelarra,Ione Belarra,Fri Jul 04 20:34:46 +0000 2025,"Mucho Orgullo y Furia Trans esta tarde en Madrid. Orgullo de compañeras, compañeros y compañeres que ponen el cuerpo por los derechos de las personas LGTBIQA+. Orgullosa de estar siempre a vuestro lado 🏳️‍🌈🏳️‍⚧️💜 https://t.co/bNo3sIIdWx",803,363,149,35006,236,0,0,1,0.6369,positive
1940840464858730596,IoneBelarra,Ione Belarra,Thu Jul 03 18:30:00 +0000 2025,"Mañana por la tarde no puedes faltar a este acto en Madrid.

Porque con Orgullo y Furia Trans frenamos el odio. 🏳️‍🌈🏳️‍⚧️✊ https://t.co/f1kGhqhO47",480,233,163,20048,146,0,0,1,-0.296,negative
1940814736381415724,IoneBelarra,Ione Belarra,Thu Jul 03 16:47:46 +0000 2025,Se van a cumplir dos años desde que aprobamos el permiso parental retribuido de 8 semanas que el Gobierno sigue sin hacer efectivo. Hasta la justicia va más rápida en el reconocimiento del derecho al cuidado que este Gobierno.,1099,678,38,29642,226,0,0,0,-0.5574,negative
1940750186877419579,IoneBelarra,Ione Belarra,Thu Jul 03 12:31:16 +0000 2025,Las personas trans sufren una gravísima exclusión laboral y unos niveles de desempleo del 50%. Hoy junto a la @PlataformaTrans proponemos un cupo laboral trans como mandata la Ley Trans y de Derechos LGTBIQA+ que hay que implementar ya para atajar esta terrible discriminación.,718,398,200,36483,277,0,1,0,-0.4767,negative
1940683564095590454,IoneBelarra,Ione Belarra,Thu Jul 03 08:06:32 +0000 2025,@btcpd @PODEMOS Lo siento muchísimo Boti. Pero por muchos intentos no se puede borrar la realidad. Gracias siempre por tu trabajo incansable por el avance en derechos.,309,75,1,3681,167,0,2,0,-0.296,negative
1940674141692281064,IoneBelarra,Ione Belarra,Thu Jul 03 07:29:06 +0000 2025,"Vamos a construir una alternativa al bipartidismo de los recortes, el rearme y la corrupción. Una alternativa al servilismo y a la hipoteca para las próximas décadas que Sánchez ha firmado con la OTAN.

Leed hoy esta entrevista que me han hecho en El País. https://t.co/q6s2HamsA0",1776,983,444,61264,280,0,0,1,0.34,positive
1940377732543897733,IoneBelarra,Ione Belarra,Wed Jul 02 11:51:16 +0000 2025,"Esto es el infierno en la tierra y tiene responsables con nombres y apellidos: Netanyahu, Trump y todos los líderes europeos que han permitido convertir Gaza en este horror. https://t.co/CvNqPHp8sh",3628,2988,206,55117,197,0,0,1,-0.5719,negative
1940131808915624178,IoneBelarra,Ione Belarra,Tue Jul 01 19:34:03 +0000 2025,"Todo lo que VOX y PP han acordado para aprobar presupuestos en la Región de Murcia es cerrar un centro de niños migrantes desechando 7 millones de fondos europeos para viviendas tuteladas. Esto es lo único que les importa, medidas racistas y no medidas para la gente trabajadora.",2303,1068,987,166728,279,0,0,0,-0.296,negative
1940065789622485484,IoneBelarra,Ione Belarra,Tue Jul 01 15:11:43 +0000 2025,"La empresa vasca Sidenor suspende relaciones comerciales con Israel. Una muy buena noticia que demuestra que la presión social funciona. Sigamos denunciando el genocidio, sigamos movilizándonos.",3788,1665,171,89166,194,0,0,0,0.0,neutral
1940036071355527370,IoneBelarra,Ione Belarra,Tue Jul 01 13:13:38 +0000 2025,"Lo dijimos, no puede haber aumento del gasto militar sin recortes que condenan a nuestro país a la austeridad. Por eso hay que romper con la OTAN, con el compromiso de aumento del gasto militar e impedir que el fascista Trump use las bases que ponen en peligro a nuestro país.",1269,713,139,54787,276,0,0,0,-0.7003,negative
1939996663340245272,IoneBelarra,Ione Belarra,Tue Jul 01 10:37:02 +0000 2025,Es decepcionante ver cómo el PSOE responde a la corrupción igual que el PP. https://t.co/kzjXPwvilL,1975,965,938,102388,99,0,0,1,0.0,neutral
1973032910937596399,IoneBelarra,Ione Belarra,Tue Sep 30 14:31:17 +0000 2025,Trump propuso crear un resort de lujo en la Franja de Gaza y es tan responsable como Netanyahu del genocidio. ¿Cómo va a ser una buena idea su plan? Vergüenza para quien le apoye. https://t.co/qU7YwH7coW,7577,3600,811,111499,203,0,0,1,0.0,neutral
1972952055183769608,IoneBelarra,Ione Belarra,Tue Sep 30 09:10:00 +0000 2025,La entrada de un portaaviones nuclear de EEUU en Palma plantea un terrible peligro para la seguridad de nuestro país y ahonda en la complicidad de España con los genocidas. El Gobierno debe impedir su entrada en Palma. Basta ya de vasallaje al imperialismo de Trump y la OTAN.,1533,901,281,45676,276,0,0,0,-0.4767,negative
1972926516284846342,IoneBelarra,Ione Belarra,Tue Sep 30 07:28:31 +0000 2025,"Es fácil de entender, la solución no va a venir en ningún caso del país que ha armado hasta los dientes a Israel y que es el principal interesado en mantener una colonia de su control en Oriente Medio. España deje de estar rendida a los intereses de los EEUU.",612,246,48,14289,259,0,0,0,0.0516,positive
1972926141972492313,IoneBelarra,Ione Belarra,Tue Sep 30 07:27:02 +0000 2025,Es terrible que el presidente del Gobierno dé la bienvenida al plan de dominación colonial para Palestina anunciado por Trump. Es una humillación al pueblo palestino que tiene derecho a ser libre. De nuevo Sánchez colocándose en el lado incorrecto de la historia.,3852,1748,685,176912,263,0,0,0,-0.4767,negative
1972740154566877517,IoneBelarra,Ione Belarra,Mon Sep 29 19:07:59 +0000 2025,@VickyRosell @ICA_LasPalmas @Abogacia_es Enhorabuena de corazón!!!,268,35,3,3653,66,0,3,0,0.0,neutral
1972712293319295242,IoneBelarra,Ione Belarra,Mon Sep 29 17:17:16 +0000 2025,¿A qué está esperando el Gobierno para cancelar estos contratos de una empresa pública española con Israel? Porque si de verdad quieren tener credibilidad deberían de haberlo hecho ya. Menos propaganda y electoralismo barato y más acciones concretas contra los genocidas.,888,557,101,23488,271,0,0,0,-0.25,negative
1972638876943646932,IoneBelarra,Ione Belarra,Mon Sep 29 12:25:32 +0000 2025,Los jueces que no hacían política van con todo porque les molesta la democracia. No toleran no controlar lo público y por eso cargan así contra la libertad de expresión. Pues no nos vamos a amilanar frente al golpismo judicial. Nos tendrán enfrente juntas.,2101,1123,255,43200,256,0,0,0,-0.5736,negative
1972623594019561590,IoneBelarra,Ione Belarra,Mon Sep 29 11:24:49 +0000 2025,"Desde Podemos lo tenemos claro, si no se paralizan las ampliaciones del Puerto de Valencia y del Aeropuerto del Prat la Ley de Movilidad Sostenible no servirá para nada. Basta ya de titulares vacíos y de dar dinero a empresas como Acciona que está inmersa en casos de corrupción. https://t.co/qHcYKlN8AO",1119,584,142,34325,303,0,0,1,-0.5267,negative
1972610652423499802,IoneBelarra,Ione Belarra,Mon Sep 29 10:33:23 +0000 2025,¡Todos los ojos deben estar en la Flotilla ante esto que denuncia @luciadalda! La presión social ya ha demostrado que funciona. Los gobiernos tienen que impedir esta detención ilegal de la Flotilla por parte de los genocidas.,1672,1059,298,59332,225,0,1,0,0.4003,positive
1972276511249207603,IoneBelarra,Ione Belarra,Sun Sep 28 12:25:38 +0000 2025,Un fructífero e interesante encuentro con los representantes del Partido Comunista Chino para compartir impresiones sobre los cambios en la política internacional y el panorama mediático. https://t.co/sV1xEpuaXS,2936,1132,1759,785973,211,0,0,1,0.0,neutral
1971901187864584531,IoneBelarra,Ione Belarra,Sat Sep 27 11:34:13 +0000 2025,"Hoy rendimos homenaje a los cinco militantes antifascistas que fueron asesinados hace 50 años por la dictadura criminal. Continuar su legado, ser semillas de libertad. https://t.co/GIiX5mgJ6f",2241,1077,484,40787,191,0,0,1,-0.5267,negative
1971608208365207753,IoneBelarra,Ione Belarra,Fri Sep 26 16:10:02 +0000 2025,"La constructora ACS de Florentino Pérez junto a INECO, dependiente de @oscar_puente_, y la vasca CAF, empresas que la ONU identifica como colaboradoras de la ocupación ilegal israelí. Que no reciban ni un euro público más, que se rompan esos contratos manchados de sangre.",2273,1564,290,85088,272,0,1,0,-0.296,negative
1971541385288532035,IoneBelarra,Ione Belarra,Fri Sep 26 11:44:30 +0000 2025,"No es un embargo de armas, es un colador para que el Gobierno pueda seguir siendo cómplice de los genocidas mientras hace electoralismo barato.
https://t.co/KemvA8wkgW",795,508,103,14932,167,0,0,1,-0.296,negative
1971488786854052043,IoneBelarra,Ione Belarra,Fri Sep 26 08:15:29 +0000 2025,"VOX sabe que quien más les puede plantar cara son las feministas, por eso atacan así a Cristina Fallarás. Lo que no saben es que juntas no nos para ningún machista lleno de complejos como los que hay dentro de VOX. Todo mi apoyo a Cristina, no estás sola. https://t.co/ywNeFwBZwb",1979,1089,363,37216,279,0,0,1,-0.6808,negative
1971207782721323191,IoneBelarra,Ione Belarra,Thu Sep 25 13:38:53 +0000 2025,"La movilización social ha conseguido que España e Italia envíen buques a la Flotilla. Pero esos buques no pueden ser para rescatarla, sino para escoltarla en su travesía.

No podemos permitir que se desincentive la misión humanitaria, que es el principal objetivo de la Flotilla. https://t.co/x2gCwDISrw",4159,1976,911,96704,303,0,0,1,-0.25,negative
1971131710587756654,IoneBelarra,Ione Belarra,Thu Sep 25 08:36:36 +0000 2025,Todo mi apoyo a la huelga estudiantil de este 2 de octubre convocada por el Sindicato de Estudiantes para denunciar el genocidio del pueblo palestino. Solo la gente decente organizada puede parar esta barbarie. ¡Todas y todos a la huelga! https://t.co/4J65ed1DTK,2924,1402,502,56473,262,0,0,1,0.0,neutral
1970928746615144794,IoneBelarra,Ione Belarra,Wed Sep 24 19:10:05 +0000 2025,"Redoblemos la presión. Lo hemos dicho muchas veces, este genocidio no lo van a detener aquellos que tenían en su mano pararle los pies a Israel (EEUU y toda la UE) y no lo han hecho en 23 meses, lo hará la gente decente en todo el mundo organizándose.",765,347,25,14971,251,0,0,0,-0.5267,negative
1970927902712791502,IoneBelarra,Ione Belarra,Wed Sep 24 19:06:44 +0000 2025,Ahora la presión social empieza a funcionar. Italia primero y justo después España anuncian que enviarán dos barcos para operaciones de rescate a la Flotilla. Tarde pero necesario. Los barcos deben ESCOLTAR a la Flotilla para que cumpla su misión humanitaria.,910,393,64,24076,259,0,0,0,0.0,neutral
1970927116440174753,IoneBelarra,Ione Belarra,Wed Sep 24 19:03:37 +0000 2025,"La Global Sumud Flotilla ha recibido numerosos ataques de drones israelíes, el último ayer por la noche con artefactos explosivos y productos químicos. Los gobiernos europeos han mirado hacia otro lado durante casi un mes mientras civiles hacían lo que deberían haber hecho ellos",1348,690,292,41860,279,0,0,0,0.34,positive
1970904060283715636,IoneBelarra,Ione Belarra,Wed Sep 24 17:32:00 +0000 2025,"Basta ya de electoralismo barato con algo tan grave como un genocidio. El Gobierno quiere colarnos un #EmbargoFake

Vamos a seguir movilizándonos por un embargo REAL de armas y la ruptura de todas las relaciones económicas, tecnológicas, deportivas y culturales con los genocidas. https://t.co/a5kxM09pHX",996,612,85,16522,304,1,0,1,-0.3818,negative
1973032910937596399,IoneBelarra,Ione Belarra,Tue Sep 30 14:31:17 +0000 2025,Trump propuso crear un resort de lujo en la Franja de Gaza y es tan responsable como Netanyahu del genocidio. ¿Cómo va a ser una buena idea su plan? Vergüenza para quien le apoye. https://t.co/qU7YwH7coW,7577,3600,811,111499,203,0,0,1,0.0,neutral
1972952055183769608,IoneBelarra,Ione Belarra,Tue Sep 30 09:10:00 +0000 2025,La entrada de un portaaviones nuclear de EEUU en Palma plantea un terrible peligro para la seguridad de nuestro país y ahonda en la complicidad de España con los genocidas. El Gobierno debe impedir su entrada en Palma. Basta ya de vasallaje al imperialismo de Trump y la OTAN.,1533,901,281,45676,276,0,0,0,-0.4767,negative
1972926516284846342,IoneBelarra,Ione Belarra,Tue Sep 30 07:28:31 +0000 2025,"Es fácil de entender, la solución no va a venir en ningún caso del país que ha armado hasta los dientes a Israel y que es el principal interesado en mantener una colonia de su control en Oriente Medio. España deje de estar rendida a los intereses de los EEUU.",612,246,48,14289,259,0,0,0,0.0516,positive
1972926141972492313,IoneBelarra,Ione Belarra,Tue Sep 30 07:27:02 +0000 2025,Es terrible que el presidente del Gobierno dé la bienvenida al plan de dominación colonial para Palestina anunciado por Trump. Es una humillación al pueblo palestino que tiene derecho a ser libre. De nuevo Sánchez colocándose en el lado incorrecto de la historia.,3851,1748,685,176912,263,0,0,0,-0.4767,negative
1972740154566877517,IoneBelarra,Ione Belarra,Mon Sep 29 19:07:59 +0000 2025,@VickyRosell @ICA_LasPalmas @Abogacia_es Enhorabuena de corazón!!!,268,35,3,3653,66,0,3,0,0.0,neutral
1972712293319295242,IoneBelarra,Ione Belarra,Mon Sep 29 17:17:16 +0000 2025,¿A qué está esperando el Gobierno para cancelar estos contratos de una empresa pública española con Israel? Porque si de verdad quieren tener credibilidad deberían de haberlo hecho ya. Menos propaganda y electoralismo barato y más acciones concretas contra los genocidas.,888,557,101,23488,271,0,0,0,-0.25,negative
1972638876943646932,IoneBelarra,Ione Belarra,Mon Sep 29 12:25:32 +0000 2025,Los jueces que no hacían política van con todo porque les molesta la democracia. No toleran no controlar lo público y por eso cargan así contra la libertad de expresión. Pues no nos vamos a amilanar frente al golpismo judicial. Nos tendrán enfrente juntas.,2100,1123,255,43200,256,0,0,0,-0.5736,negative
1972623594019561590,IoneBelarra,Ione Belarra,Mon Sep 29 11:24:49 +0000 2025,"Desde Podemos lo tenemos claro, si no se paralizan las ampliaciones del Puerto de Valencia y del Aeropuerto del Prat la Ley de Movilidad Sostenible no servirá para nada. Basta ya de titulares vacíos y de dar dinero a empresas como Acciona que está inmersa en casos de corrupción. https://t.co/qHcYKlN8AO",1119,584,142,34325,303,0,0,1,-0.5267,negative
1972610652423499802,IoneBelarra,Ione Belarra,Mon Sep 29 10:33:23 +0000 2025,¡Todos los ojos deben estar en la Flotilla ante esto que denuncia @luciadalda! La presión social ya ha demostrado que funciona. Los gobiernos tienen que impedir esta detención ilegal de la Flotilla por parte de los genocidas.,1672,1059,298,59332,225,0,1,0,0.4003,positive
1972276511249207603,IoneBelarra,Ione Belarra,Sun Sep 28 12:25:38 +0000 2025,Un fructífero e interesante encuentro con los representantes del Partido Comunista Chino para compartir impresiones sobre los cambios en la política internacional y el panorama mediático. https://t.co/sV1xEpuaXS,2936,1132,1759,785972,211,0,0,1,0.0,neutral
1971901187864584531,IoneBelarra,Ione Belarra,Sat Sep 27 11:34:13 +0000 2025,"Hoy rendimos homenaje a los cinco militantes antifascistas que fueron asesinados hace 50 años por la dictadura criminal. Continuar su legado, ser semillas de libertad. https://t.co/GIiX5mgJ6f",2241,1077,484,40787,191,0,0,1,-0.5267,negative
1971608208365207753,IoneBelarra,Ione Belarra,Fri Sep 26 16:10:02 +0000 2025,"La constructora ACS de Florentino Pérez junto a INECO, dependiente de @oscar_puente_, y la vasca CAF, empresas que la ONU identifica como colaboradoras de la ocupación ilegal israelí. Que no reciban ni un euro público más, que se rompan esos contratos manchados de sangre.",2271,1564,290,85088,272,0,1,0,-0.296,negative
1971541385288532035,IoneBelarra,Ione Belarra,Fri Sep 26 11:44:30 +0000 2025,"No es un embargo de armas, es un colador para que el Gobierno pueda seguir siendo cómplice de los genocidas mientras hace electoralismo barato.
https://t.co/KemvA8wkgW",795,508,103,14932,167,0,0,1,-0.296,negative
1971488786854052043,IoneBelarra,Ione Belarra,Fri Sep 26 08:15:29 +0000 2025,"VOX sabe que quien más les puede plantar cara son las feministas, por eso atacan así a Cristina Fallarás. Lo que no saben es que juntas no nos para ningún machista lleno de complejos como los que hay dentro de VOX. Todo mi apoyo a Cristina, no estás sola. https://t.co/ywNeFwBZwb",1979,1089,363,37216,279,0,0,1,-0.6808,negative
1971207782721323191,IoneBelarra,Ione Belarra,Thu Sep 25 13:38:53 +0000 2025,"La movilización social ha conseguido que España e Italia envíen buques a la Flotilla. Pero esos buques no pueden ser para rescatarla, sino para escoltarla en su travesía.

No podemos permitir que se desincentive la misión humanitaria, que es el principal objetivo de la Flotilla. https://t.co/x2gCwDISrw",4159,1976,911,96704,303,0,0,1,-0.25,negative
1971131710587756654,IoneBelarra,Ione Belarra,Thu Sep 25 08:36:36 +0000 2025,Todo mi apoyo a la huelga estudiantil de este 2 de octubre convocada por el Sindicato de Estudiantes para denunciar el genocidio del pueblo palestino. Solo la gente decente organizada puede parar esta barbarie. ¡Todas y todos a la huelga! https://t.co/4J65ed1DTK,2924,1402,502,56473,262,0,0,1,0.0,neutral
1970928746615144794,IoneBelarra,Ione Belarra,Wed Sep 24 19:10:05 +0000 2025,"Redoblemos la presión. Lo hemos dicho muchas veces, este genocidio no lo van a detener aquellos que tenían en su mano pararle los pies a Israel (EEUU y toda la UE) y no lo han hecho en 23 meses, lo hará la gente decente en todo el mundo organizándose.",765,347,25,14971,251,0,0,0,-0.5267,negative
1970927902712791502,IoneBelarra,Ione Belarra,Wed Sep 24 19:06:44 +0000 2025,Ahora la presión social empieza a funcionar. Italia primero y justo después España anuncian que enviarán dos barcos para operaciones de rescate a la Flotilla. Tarde pero necesario. Los barcos deben ESCOLTAR a la Flotilla para que cumpla su misión humanitaria.,910,393,64,24076,259,0,0,0,0.0,neutral
1970927116440174753,IoneBelarra,Ione Belarra,Wed Sep 24 19:03:37 +0000 2025,"La Global Sumud Flotilla ha recibido numerosos ataques de drones israelíes, el último ayer por la noche con artefactos explosivos y productos químicos. Los gobiernos europeos han mirado hacia otro lado durante casi un mes mientras civiles hacían lo que deberían haber hecho ellos",1348,690,292,41860,279,0,0,0,0.34,positive
1970904060283715636,IoneBelarra,Ione Belarra,Wed Sep 24 17:32:00 +0000 2025,"Basta ya de electoralismo barato con algo tan grave como un genocidio. El Gobierno quiere colarnos un #EmbargoFake

Vamos a seguir movilizándonos por un embargo REAL de armas y la ruptura de todas las relaciones económicas, tecnológicas, deportivas y culturales con los genocidas. https://t.co/a5kxM09pHX",996,612,85,16522,304,1,0,1,-0.3818,negative
1976613151371338037,IoneBelarra,Ione Belarra,Fri Oct 10 11:37:53 +0000 2025,"Hoy en el Congreso apoyando a los y las Juristas por Palestina que están denunciando el terrible precedente de impunidad, también a nivel jurídico, que Israel está instaurando con el genocidio. Libertad para el pueblo de Palestina y todo el peso de la ley para los genocidas. https://t.co/t6tZ7pwJPU",1240,682,337,36967,299,0,0,1,-0.4767,negative
1976328627995496932,IoneBelarra,Ione Belarra,Thu Oct 09 16:47:17 +0000 2025,"Siempre hemos creído que el 12 de octubre no hay nada que celebrar. Porque conmemorar un genocidio y un saqueo al pueblo de América Latina no es una celebración a la altura del país que ya somos. Este viernes, en La Morada de Vallecas, vente a hacer resistencia decolonial. https://t.co/7kHw7nKk3l",1325,642,3144,892289,297,0,0,1,-0.5267,negative
1976264960846991569,IoneBelarra,Ione Belarra,Thu Oct 09 12:34:18 +0000 2025,"Hoy nos hemos reunido con @Mundubat, organización que trabaja por la paz y la acción social. Hemos coincidido en la necesidad de destinar el aumento del gasto militar a cooperación e inversión social en los próximos presupuestos. Porque la mejor seguridad es tener más derechos. https://t.co/PADrrbDsC6",1145,593,149,31148,302,0,1,1,0.0,neutral
1976245957609275720,IoneBelarra,Ione Belarra,Thu Oct 09 11:18:47 +0000 2025,El alto al fuego en Gaza sólo será permanente si la movilización social y política mantiene la presión. Israel ya ha incumplido antes y ha intentado continuar con su plan colonial de exterminio. El genocidio solo terminará con justicia y una Palestina libre y democrática.,2017,1031,945,71384,272,0,0,0,0.5859,positive
1975988413389062393,IoneBelarra,Ione Belarra,Wed Oct 08 18:15:24 +0000 2025,"El Gobierno hace público que se aplazan las obras de ampliación del aeropuerto de El Prat hasta al menos 2031. Una vez más se demuestra que pelear e ir más allá de los límites del PSOE es bueno para nuestro país, para la lucha contra la crisis climática y para la gente. https://t.co/oOV18xjfr0",1700,825,496,235911,294,0,0,1,-0.6249,negative
1975952519030530240,IoneBelarra,Ione Belarra,Wed Oct 08 15:52:46 +0000 2025,"Defender la lucha contra la crisis climática no se hace con un pin verde de quita y pon, ni se hace con pelotazos insostenibles.

Por eso una Ley de Movilidad Sostenible no es compatible con macroproyectos como la ampliación del aeropuerto del Prat o del puerto de Valencia.",582,339,62,16817,274,0,0,0,-0.7964,negative
1975838575632552046,IoneBelarra,Ione Belarra,Wed Oct 08 08:20:00 +0000 2025,El embargo de armas FAKE del Gobierno está pensado para mantener el coladero que ha permitido a nuestro país ser cómplice del genocidio durante 2 años. Esa es la verdad y hay que decirla. https://t.co/XteFvARFKG,1769,1149,299,28165,211,0,0,1,-0.347,negative
1975654601362715047,IoneBelarra,Ione Belarra,Tue Oct 07 20:08:57 +0000 2025,¡Qué asco lo que acaba de hacer el PSOE! ¡La tortura no es mi cultura! https://t.co/j0PUtEKk38,4010,1908,991,273850,94,0,0,1,-0.4184,negative
1975578575379345749,IoneBelarra,Ione Belarra,Tue Oct 07 15:06:51 +0000 2025,"En un día como hoy era muy importante dejar claro, también en Europa, que la desprotección de la Flotilla por parte de los gobiernos europeos ha sido una vergüenza. Gracias @IreneMontero por dejarlo claro en el Parlamento Europeo.",2148,1158,267,35451,230,0,1,0,0.34,positive
1975509026621305061,IoneBelarra,Ione Belarra,Tue Oct 07 10:30:29 +0000 2025,"Se cumplen dos años de la última fase de un genocidio contra el pueblo palestino retransmitido en directo. Nadie nunca podrá decir que no lo sabía.

Hoy hacemos un llamamiento a la huelga general por Palestina del 15 de octubre. Rompamos todas las relaciones con los genocidas. https://t.co/6k7kpz84Sk",3015,1644,1318,120578,301,0,0,1,-0.296,negative
1975155998865183015,IoneBelarra,Ione Belarra,Mon Oct 06 11:07:41 +0000 2025,La lista de delitos cometidos por Israel con el secuestro de la Flotilla es larga y no puede quedar en la impunidad. Por eso hemos presentado estas dos acciones legales en donde denunciamos a Netanyahu y su Gobierno genocida y terrorista. Liberación YA de todas las secuestradas.,2649,1529,541,60527,279,0,0,0,-0.296,negative
1974916391187743082,IoneBelarra,Ione Belarra,Sun Oct 05 19:15:34 +0000 2025,"En el Aeropuerto de Barajas dando la bienvenida a los y las valientes que han hecho lo que los gobiernos no se atreven, romper el bloqueo humanitario que Israel impone en Gaza. Exigimos la puesta en libertad del resto de secuestradas y la ruptura de relaciones con los genocidas. https://t.co/Vf932kt2yb",4163,1916,1147,131514,303,0,0,1,-0.296,negative
1974751854245400772,IoneBelarra,Ione Belarra,Sun Oct 05 08:21:45 +0000 2025,Ayer el pueblo volvió a dar una lección a los gobiernos cómplices de Israel abarrotando las calles de todo el país. Por la liberación de las activistas secuestradas y por el fin de todas las relaciones con los genocidas. Solo la movilización frenará la barbarie. Sigamos empujando https://t.co/1URTKYPWBh,2122,1081,326,66355,304,0,0,1,0.0,neutral
1974529636538134761,IoneBelarra,Ione Belarra,Sat Oct 04 17:38:44 +0000 2025,Cientos de miles de personas salen a las calles en todo el país para exigir la liberación de las activistas secuestradas por Israel y por la ruptura de todas las relaciones con los genocidas. https://t.co/RaJ1iyuktR,2934,1455,708,45226,215,0,0,1,0.0,neutral
1974171344758845456,IoneBelarra,Ione Belarra,Fri Oct 03 17:55:01 +0000 2025,"Desde que el Gobierno aprobó en #CMin el embargo fake de armas, 4 buques han pasado por nuestros puertos cargados con material militar con destino Israel. El Petrolina Ocean, Zim Virginia, Danica Sunrise y Marianne Danica. Dejen de mentir a la gente y aprueben un embargo REAL YA.",1444,955,145,35139,280,1,0,0,-0.4767,negative
1973647708729835734,IoneBelarra,Ione Belarra,Thu Oct 02 07:14:17 +0000 2025,"El gobierno de España tiene que condenar firmemente el secuestro ilegal a la Flotilla, un nuevo crimen de guerra de Israel, y asegurar que las activistas son liberadas inmediatamente. Oposición frontal al plan de colonización de Trump y ruptura de relaciones con los genocidas YA.",2225,1211,577,69141,280,0,0,0,0.0,neutral
1973446156480078012,IoneBelarra,Ione Belarra,Wed Oct 01 17:53:23 +0000 2025,"La Flotilla acaba de ser interceptada por las fuerzas genocidas israelíes. Hacemos responsables a sus cómplices, todos los gobiernos europeos, de cualquier cosa que ocurra. Han tenido un mes para protegerles y no lo han hecho. Todas con Palestina y todas con la Flotilla.",8340,3887,1286,203842,271,0,0,0,-0.296,negative
1973437240505172384,IoneBelarra,Ione Belarra,Wed Oct 01 17:17:57 +0000 2025,‼️ Máxima alerta para la Flotilla ‼️ https://t.co/CBkiXmYf2C,4657,2058,528,59111,60,0,0,1,0.0,neutral
1973372149826994373,IoneBelarra,Ione Belarra,Wed Oct 01 12:59:18 +0000 2025,Estamos en un momento de máxima alerta para la Flotilla por riesgo de secuestro por parte de Israel. El Gobierno tiene que protegerla en su misión y dejar de hacerle el trabajo sucio a Netanyahu y a Trump. https://t.co/QVyApBXOKl,2302,1201,418,43165,229,0,0,1,0.0,neutral
