tweet_id,username,politician,date,text,likes,retweets,replies,views,length,hashtags,mentions,links,sentiment,sentiment_label
1906731061775642661,IreneMontero,Irene Montero,Mon Mar 31 15:31:25 +0000 2025,"¿Por qué dicen con desprecio que “no es tiempo de pancartas”? ¿Hay algún derecho que se conquiste sin pancartas? 

Orgullosamente militantes 💜 https://t.co/sp1CfnxuQI",2875,1317,561,77301,166,0,0,1,0.2406,positive
1906609822193107365,IreneMontero,Irene Montero,Mon Mar 31 07:29:39 +0000 2025,"Los derechos trans son Derechos Humanos y amplían las oportunidades de felicidad de todas las personas.
A quienes extienden el odio, a los reaccionarios y al fascismo se les para con más derechos, con más visibilidad, con mucho orgullo y furia trans.
#DiaVisibilidadTrans 🏳️‍⚧️💜✊🏽 https://t.co/dUTWY2IBjT",917,394,324,37214,304,1,0,1,0.6369,positive
1906080117190795331,IreneMontero,Irene Montero,Sat Mar 29 20:24:47 +0000 2025,Esto es lo que os pasa con el caso Dani Alves 👇🏼 https://t.co/FvMblE3qjc,8762,3169,1972,526916,72,0,0,1,0.0,neutral
1906057719401873821,IreneMontero,Irene Montero,Sat Mar 29 18:55:47 +0000 2025,"Es lo que haríamos cualquiera, antes de permitir que tu familia pase una sola noche en la calle.

¡Ni gente sin casas, ni casas sin gente!",1983,659,680,156288,138,0,0,0,-0.8172,negative
1906046194213613989,IreneMontero,Irene Montero,Sat Mar 29 18:09:59 +0000 2025,Al odio y al fascismo se les para con más visibilidad y mucho orgullo LGTBI y furia trans https://t.co/dhrkIEyd1w,3117,1090,1288,235925,113,0,0,1,0.0,neutral
1905729683771281908,IreneMontero,Irene Montero,Fri Mar 28 21:12:18 +0000 2025,"Hoy he participado en la presentación de La liturgia de la carne, el nuevo poemario de mi querido @ZazoGil . Hemos disfrutado de una conversación interesante y sobre todo, de mucho amor 🥰 

Gracias a @laanonimalib por la acogida https://t.co/20J1zyc0RM",447,154,122,24282,252,0,2,1,0.9062,positive
1905637006345932941,IreneMontero,Irene Montero,Fri Mar 28 15:04:01 +0000 2025,"Dani Alves ha cambiado hasta cinco veces de versión, pero según estos jueces la que no es creíble es la víctima.

Basta de justicia patriarcal. Sólo sí es sí https://t.co/F4U1kk1SDv",7032,2281,1959,436237,181,0,0,1,0.0516,positive
1905626376834556276,IreneMontero,Irene Montero,Fri Mar 28 14:21:47 +0000 2025,Y luego nos dicen a las mujeres que por qué no denunciamos. Sobre la absolución de Dani Alves 👇 https://t.co/KVTCdJMcJr,2215,970,857,116500,119,0,0,1,-0.296,negative
1905610266261201281,IreneMontero,Irene Montero,Fri Mar 28 13:17:46 +0000 2025,"Sobre la decisión del TSJ de Cataluña de absolver a Dani Alves.

 Luego nos preguntan que por qué no denunciamos. ¡Sólo si es sí! https://t.co/LWn5rct3pY",5347,2176,2387,654365,153,0,0,1,-0.3595,negative
1905582160653725719,IreneMontero,Irene Montero,Fri Mar 28 11:26:05 +0000 2025,"La sentencia que absuelve a Dani Alves alegando que la víctima no es creíble es un claro ejemplo de violencia institucional y de justicia patriarcal que desprotege a las mujeres y, como dice la ONU, mantiene la cultura de impunidad de los agresores

Una y mil veces: sólo sí es sí https://t.co/1dgrXWzEPH",8254,3072,3841,1873124,304,0,0,1,-0.296,negative
1905387047419773013,IreneMontero,Irene Montero,Thu Mar 27 22:30:47 +0000 2025,Este artículo de @VickyRosell es imprescindible para entender que esto no va de libertad de expresión o creación sino de pura violencia machista 👇🏼,755,399,87,40049,147,0,1,0,-0.296,negative
1905349029162086694,IreneMontero,Irene Montero,Thu Mar 27 19:59:42 +0000 2025,"Este caso, escalofriante y violento, sirve para entender que el problema no es que haya feministas destruyendo la vida de hombres inocentes,  sino demasiados hombres que a pesar de ser agresores tienen un entorno que les ayuda a ejercer violencia y les garantiza impunidad 👇🏼",3784,1488,247,132188,275,0,0,0,-0.296,negative
1905342027983978767,IreneMontero,Irene Montero,Thu Mar 27 19:31:53 +0000 2025,"Qué barbaridad, @el_pais, propaganda de guerra sin ningún tipo de escrúpulo.

Luego se preguntan de dónde viene la desinformación 👇🏼",921,465,150,34585,132,0,1,0,-0.6808,negative
1905327478689644653,IreneMontero,Irene Montero,Thu Mar 27 18:34:04 +0000 2025,Se ríen de la gente https://t.co/JYeYMEoJaI,3327,1583,500,82934,43,0,0,1,0.0,neutral
1905294674534736315,IreneMontero,Irene Montero,Thu Mar 27 16:23:43 +0000 2025,"Os recuerdo que la Quinta Asamblea ya está en marcha y que durante todo el día de hoy todavía podéis avalar a vuestros precandidatos o precandidatas entrando en https://t.co/iC1cxqvqnI 

Participa, porque en Podemos las decisiones importantes las tomas tú https://t.co/YFu6rkuRhV",353,195,61,10646,279,0,0,2,0.0,neutral
1905009824095670480,IreneMontero,Irene Montero,Wed Mar 26 21:31:50 +0000 2025,"Finlandia y Reino Unido ya reconocen recortes sociales para pagar el aumento de gasto militar. Lo mismo ha exigido Rutte desde la OTAN.

O Pedro Sánchez hace milagros, o nos está mintiendo con descaro",2101,1070,400,108888,200,0,0,0,0.34,positive
1904902415217754257,IreneMontero,Irene Montero,Wed Mar 26 14:25:01 +0000 2025,Señor de la guerra hablar con lengua de serpiente. Y en 2022 llamaba ruido a la defensa de la paz,2129,1333,153,59477,97,0,0,0,0.0,neutral
1904898001023148424,IreneMontero,Irene Montero,Wed Mar 26 14:07:29 +0000 2025,"La apuesta de Podemos por la paz y contra el envío de armas fue, junto con las leyes feministas, la mayor crisis de Gobierno con el PSOE, por la que Sánchez nos echó en cuanto pudo

Sánchez ataca a Podemos porque decimos la verdad: va a hacer recortes sociales para comprar armas https://t.co/FylimppdZp",1712,1264,127,41536,303,0,0,1,-0.6249,negative
1904891537948881166,IreneMontero,Irene Montero,Wed Mar 26 13:41:48 +0000 2025,"Este sábado 29 de marzo a las 18h en la Plaza Pedro Zerolo salimos orgullosas a proteger la furia trans frente al odio y la transfobia. 

Al fascismo se le para con más movilización y más derechos. 
@PlataformaTrans https://t.co/rk2s36N5db",2311,995,1066,193044,239,0,1,1,0.0,neutral
1904844968520204663,IreneMontero,Irene Montero,Wed Mar 26 10:36:45 +0000 2025,"La Quinta Asamblea de Podemos ya está en marcha 😊 Hasta mañana puedes avalar a tus precandidatas/os aquí 
https://t.co/iC1cxqvqnI 

En Podemos hacemos política sin pedir un euro a los bancos, y las decisiones importantes las toma la gente. No os olvidéis de participar 💜",629,354,94,20199,270,0,0,1,0.6597,positive
1904259245429690703,IreneMontero,Irene Montero,Mon Mar 24 19:49:18 +0000 2025,"Nunca más. Memoria, verdad, justicia.

Inmensamente agradecidas por habernos dejado compartir este 24 de marzo con ustedes 💜🇦🇷🥰 https://t.co/3YPPIC2Zw3",3749,907,399,99602,151,0,0,1,0.8074,positive
1903847905024221658,IreneMontero,Irene Montero,Sun Mar 23 16:34:46 +0000 2025,Colombia es hoy gran esperanza para la humanidad por la valentía y dignidad de su pueblo y su Gobierno en defensa de la democracia y la vida . Es un privilegio compartir camino y amistad con @PizarroMariaJo y @andrescamachom_ . Con ustedes siempre: lo mejor está por venir 💜 https://t.co/Lgvu2Eatvv,1563,529,209,41815,298,0,2,1,0.6369,positive
1903806095186968619,IreneMontero,Irene Montero,Sun Mar 23 13:48:38 +0000 2025,"En tiempos de crisis como éste, los dueños del mundo ejercen violencia contra los pueblos para intentar que nada cambie y sostener sus privilegios https://t.co/YhQ2e20iDt",4278,2177,632,125177,170,0,0,1,-0.6249,negative
1903788081490063524,IreneMontero,Irene Montero,Sun Mar 23 12:37:03 +0000 2025,Nuestro pésame para sus familiares y seres queridos. Que la tierra le sea leve.,675,204,24,45750,79,0,0,0,0.0,neutral
1903215135755268526,IreneMontero,Irene Montero,Fri Mar 21 22:40:23 +0000 2025,El movimiento Ni una menos prendió una llama que desde Argentina nos convocó a todas. Sin ellas no se entendería la huelga feminista de 2018. Hoy pude conocer su espacio y me regalaron una poderosa conversación. Gracias @lucicava86 y que viva la lucha feminista 💜🔥 https://t.co/ANpEWif1Gz,770,301,136,21412,288,0,1,1,-0.4588,negative
1903202777498784047,IreneMontero,Irene Montero,Fri Mar 21 21:51:16 +0000 2025,"La resignación y el conformismo, el “así es la vida” es una alfombra roja al fascismo https://t.co/zt9AnEftHh",3831,1801,787,105307,109,0,0,1,0.0,neutral
1903142903821611470,IreneMontero,Irene Montero,Fri Mar 21 17:53:21 +0000 2025,La vida juntó nuestros caminos siendo ministras y qué suerte la mía. Desde entonces vamos de la mano en la Internacional Feminista y en la vida. Hoy nos hemos vuelto a abrazar y conversar con mi querida compañera y amiga @EliGAlcorta. Muy feliz y agradecida 😊 https://t.co/qXyFp2N9RW,1065,361,137,31293,283,0,1,1,0.7184,positive
1903130935375048989,IreneMontero,Irene Montero,Fri Mar 21 17:05:48 +0000 2025,"Con las compañeras de La Cámpora, hermanas argentinas, compartimos un hermoso camino militante por más justicia social, soberanía y derechos. Y sabemos que por difícil que se ponga, estaremos espalda con espalda. Conmovida por su hospitalidad ayer en Quilmes. Les queremos ✊🏽💜 https://t.co/4z1ZaS8doT",672,316,83,18573,300,0,0,1,0.6369,positive
1903050369334124833,IreneMontero,Irene Montero,Fri Mar 21 11:45:39 +0000 2025,"Ayer pude conversar con el compañero @JuanGrabois sobre el camino que compartimos para construir un mundo de paz, justicia social y más derechos para todas las personas. Son momentos difíciles para la humanidad y por eso estaremos ahí, juntos y juntas, con esperanza y valentía https://t.co/RFF9pV3pTZ",1177,402,188,30106,301,0,1,1,0.0,neutral
1903042757280592019,IreneMontero,Irene Montero,Fri Mar 21 11:15:24 +0000 2025,"Cristina recibe la violencia de los poderosos porque enciende y hace crecer la voluntad de los pueblos de soñar y construir otro mundo posible, más justo.
Ayer puede abrazarla y conversar juntas sobre la necesidad de un mundo de paz y más derechos. 
Siempre contigo @CFKArgentina",4042,1055,1748,209042,279,0,1,0,0.0,neutral
1902721133461299408,IreneMontero,Irene Montero,Thu Mar 20 13:57:23 +0000 2025,"No digas rearme, di “salto tecnológico” Igual que no era una crisis, era una “desaceleración” y no es un genocidio, es una “guerra”. Y no serán recortes sino “cambios en los presupuestos”

Sanchez quiere ser un señor de la guerra pero sin que se note",2708,1543,462,96724,250,0,0,0,-0.9382,negative
1902706578207244603,IreneMontero,Irene Montero,Thu Mar 20 12:59:33 +0000 2025,Esta historia ya la conocemos 👇 https://t.co/FPbHF0Q7oH,2612,1501,258,39756,55,0,0,1,0.0,neutral
1902479955650551891,IreneMontero,Irene Montero,Wed Mar 19 21:59:02 +0000 2025,Hungría prohíbe el Orgullo LGTBIQ+. ¡Respondamos con más orgullo! https://t.co/eBVaJOyj0h,2479,928,1632,214751,89,0,0,1,0.0,neutral
1902413356985667916,IreneMontero,Irene Montero,Wed Mar 19 17:34:24 +0000 2025,Así funciona la manipulación informativa sobre Palestina 👇 https://t.co/inLxI2VBfA,4982,2853,492,66475,82,0,0,1,0.0,neutral
1902413047076983121,IreneMontero,Irene Montero,Wed Mar 19 17:33:10 +0000 2025,"Ninguna querella puede tapar una gestión homicida. Quieren forzar nuestro silencio con querellas: no lo van a conseguir.

Contigo @_PabloFdez_",2618,1092,576,84606,142,0,1,0,-0.296,negative
1902328112043462952,IreneMontero,Irene Montero,Wed Mar 19 11:55:40 +0000 2025,SAME VIBES https://t.co/3HAboJE2Sv,615,372,55,19567,34,0,0,1,0.0,neutral
1902075778965111163,IreneMontero,Irene Montero,Tue Mar 18 19:12:59 +0000 2025,"El comando de extrema derecha Abogados Cristianos no va a callarnos a golpe de guerra sucia. Justicia si, pero para las víctimas de violencia sexual en la Iglesia Católica

Al fascismo se le para con más derechos y libertad de expresión

Contigo, jefe @PabloEchenique ✊🏽",1614,781,285,37404,270,0,1,0,-0.296,negative
1902055993950851473,IreneMontero,Irene Montero,Tue Mar 18 17:54:22 +0000 2025,"En Gaza no hay una guerra, hay un genocidio. Terrorista es el Estado de Israel, que lleva décadas de violencia y ocupación ilegal contra Palestina y 15 meses de macabra ofensiva genocida para exterminar a los palestinos.

Esto no es información, es propaganda sionista y genocida. https://t.co/kwlgADbVqV",5114,2677,384,74919,304,0,0,1,-0.6597,negative
1902045324555747619,IreneMontero,Irene Montero,Tue Mar 18 17:11:58 +0000 2025,Israel rompe el alto el fuego en Palestina bajo la impunidad y la protección que le dan Europa y EE.UU. ¡Hay que pararlos ya! https://t.co/rSf3j5IIfw,5341,2925,469,89114,149,0,0,1,0.0,neutral
1902031773229342937,IreneMontero,Irene Montero,Tue Mar 18 16:18:07 +0000 2025,"Fueron PSOE y PP quienes pactaron meter a Orban y Meloni en la Comisión Europea.Las personas LGTBI necesitan ahora más que nunca  que construyamos lugares seguros y no miremos para otro lado

Para parar al fascismo, más furia trans y más Orgullo LGTBI.",197,87,62,11455,252,0,0,0,-0.296,negative
1902031771505479729,IreneMontero,Irene Montero,Tue Mar 18 16:18:07 +0000 2025,"Hungría prohíbe el orgullo LGTBI para, según ellos ""proteger a los menores"".

Criminalizar a las personas LGTBI, su visibilidad y derechos, es violencia, pero lo grave es que han sido las élites europeas las que han dado poder a esta extrema derecha.",2403,892,613,96491,250,0,0,0,-0.3818,negative
1901995144804450481,IreneMontero,Irene Montero,Tue Mar 18 13:52:34 +0000 2025,"Es intolerable que la policía, a las órdenes del PSOE, reprima a estudiantes antifascistas en lugar de actuar contra la fascista que provoca la intervención policial

Mi solidaridad y agradecimiento a las y los estudiantes por poner el cuerpo contra el fascismo: es por todas ✊🏽",3561,1661,1835,472755,278,0,0,0,0.0,neutral
1901922323327766566,IreneMontero,Irene Montero,Tue Mar 18 09:03:12 +0000 2025,"Israel ha roto el alto al fuego bombardeando masivamente Gaza. Su objetivo fue siempre el mismo: exterminar al pueblo palestino y apropiarse de sus tierras. La complicidad de Europa y EEUU con los genocidas, que Trump ha reforzado de forma macabra, no puede quedar en la impunidad",7716,3595,526,171402,280,0,0,0,0.3818,positive
1901642456501719040,IreneMontero,Irene Montero,Mon Mar 17 14:31:07 +0000 2025,"Mazón debe sentarse en el banquillo para aclarar si han manipulado pruebas para proteger su impunidad frente a una gestión homicida. 

Las víctimas, las familias y la ciudadanía merecen justicia.",1807,911,207,44313,195,0,0,0,0.0,neutral
1900974794067091792,IreneMontero,Irene Montero,Sat Mar 15 18:18:03 +0000 2025,"No te creas que el PP usa la justicia para proteger a las víctimas de las residencias durante la COVID-19. Utilizan la justicia para intentar asegurar su impunidad después de una gestión homicida. El PP es un peligro para la democracia y para nuestras vidas

Contigo, @ionebelarra",3304,1585,710,149183,280,0,1,0,-0.296,negative
1900561233394241795,IreneMontero,Irene Montero,Fri Mar 14 14:54:43 +0000 2025,"Regular el mercado de la vivienda funciona y quien diga lo contrario, miente. https://t.co/eX4vOkEA53",3116,1463,1114,449694,101,0,0,1,0.0,neutral
1900507123118731411,IreneMontero,Irene Montero,Fri Mar 14 11:19:42 +0000 2025,"Ayer PSOE y VOX votaron en contra de retribuir el permiso de 8 semanas para cuidar. Europa ya ha multado a España por ello. Sánchez prefiere pagar la multa que a las familias.

El Congreso ha aprobado nuestra iniciativa, ahora necesitamos un gobierno que lo haga realidad https://t.co/nKsU4VBHTy",2081,1322,128,58347,295,0,0,1,0.5859,positive
1900215565068730657,IreneMontero,Irene Montero,Thu Mar 13 16:01:09 +0000 2025,"Señores de la guerra, mujeres por la paz.

NO A LA GUERRA 

@ionebelarra 💜 https://t.co/vO4eMldnmC",5461,1812,1181,933817,98,0,1,1,0.3109,positive
1900141164088467874,IreneMontero,Irene Montero,Thu Mar 13 11:05:31 +0000 2025,Es sencillo: más tanques son menos hospitales. https://t.co/ENl2lwtnUz,3185,1635,1251,147215,70,0,0,1,0.0,neutral
1900128874035306635,IreneMontero,Irene Montero,Thu Mar 13 10:16:40 +0000 2025,La verdad importa y la gente tiene derecho a saber 👇🏼,2829,1660,153,58953,53,0,0,0,0.0,neutral
1899935399755079800,IreneMontero,Irene Montero,Wed Mar 12 21:27:53 +0000 2025,"Por decencia, los señores de la guerra deben dejar de negar lo evidente.

El rearme es un robo. El dinero que se van a gastar en armas saldrá de nuestra sanidad y nuestras pensiones.  

Pedro Sánchez, deja de mentir",1758,922,361,85095,215,0,0,0,0.0,neutral
1899785651601465732,IreneMontero,Irene Montero,Wed Mar 12 11:32:50 +0000 2025,"Nadie les votó para gastar en armas el dinero de hospitales, pensiones y servicios públicos.
Sánchez le está poniendo una alfombra roja a la derecha

Gracias @ionebelarra  por defender la paz. España necesita una izquierda fuerte para avanzar en derechos",2454,1214,528,84628,254,0,1,0,0.1027,positive
1899540359392251997,IreneMontero,Irene Montero,Tue Mar 11 19:18:08 +0000 2025,"Cuentas con todo nuestro apoyo antifascista, “enserio” @Elba_Celo",1077,410,201,38884,65,0,1,0,0.0,neutral
1899527339639538094,IreneMontero,Irene Montero,Tue Mar 11 18:26:23 +0000 2025,"Europa militariza las fronteras y quiere implementar deportaciones y encarcelamientos masivos de personas migrantes. 

Esta política criminal, patrocinada por Trump y Meloni, es posible en Europa porque los socialdemócratas lo apoyan. La gran coalición de guerra es un peligro",1158,742,374,50993,276,0,0,0,-0.5267,negative
1899506998674120852,IreneMontero,Irene Montero,Tue Mar 11 17:05:34 +0000 2025,"Querida @KarolCariola, no estás sola. Gracias por tu valentía y dignidad, es por ti, es por Borja y es por todas

Esta guerra sucia judicial, esta violencia política es insoportable e intolerable. Pero somos más y seguiremos construyendo juntas un mundo mejor y más feminista ✊🏽💜",510,223,151,32035,279,0,1,0,0.4588,positive
1899479778937241903,IreneMontero,Irene Montero,Tue Mar 11 15:17:24 +0000 2025,¿Mas armas significa más seguridad? 👇 https://t.co/6x5fFfpz3f,1925,967,1209,483837,61,0,0,1,0.0,neutral
1899190502978671047,IreneMontero,Irene Montero,Mon Mar 10 20:07:55 +0000 2025,"La Sexta es pura corrupción y guerra sucia mediática. El daño que le están haciendo a la democracia no debería quedar en la impunidad. 

Mirad el video, es escandaloso 👇🏼",3602,1912,471,126734,170,0,0,0,-0.296,negative
1899174756269936752,IreneMontero,Irene Montero,Mon Mar 10 19:05:21 +0000 2025,"Si te preocupan más las ocupaciones en precario que una familia durmiendo en la calle, el problema lo tienes tú 👇🏼 https://t.co/jlckusmDby",2467,1055,1421,145302,138,0,0,1,0.0,neutral
1899091782081601911,IreneMontero,Irene Montero,Mon Mar 10 13:35:38 +0000 2025,"Pedro Sánchez quiere ser uno más de los señores de la guerra en Europa, pero no tiene legitimidad para meter a España en la boca del lobo poniéndonos en peligro

Ni aumento del gasto militar ni envío de tropas. Cualquier decisión de guerra debe pasar por el Congreso 👇🏼",1692,908,318,61823,269,0,0,0,-0.296,negative
1899012814590615764,IreneMontero,Irene Montero,Mon Mar 10 08:21:51 +0000 2025,Israel corta la electricidad a los pocos lugares de Gaza que todavía tienen luz como parte del plan macabro de robar sus tierras a los palestinos para convertir Gaza en un resort. ¿Qué va a decir Europa? Nada sería posible sin su complicidad con los genocidas https://t.co/303RtCccou,4635,3179,953,142153,283,0,0,1,-0.5574,negative
1898733609176936802,IreneMontero,Irene Montero,Sun Mar 09 13:52:23 +0000 2025,"Querida compañera, estamos contigo ❤️‍🩹 @KarolCariola 
Esta violencia política y judicial es insoportable pero no quedará sin respuesta. Somos más",627,264,164,35878,146,0,1,0,0.1838,positive
1898344706041335957,IreneMontero,Irene Montero,Sat Mar 08 12:07:02 +0000 2025,"Orgullosamente feministas, con esperanza infinita, a llegar mucho más lejos: nos va a vida en ello. Que viva la lucha de las mujeres 🔥💜 https://t.co/eZ8aPo8hwa",5980,2029,2359,380383,159,0,0,1,0.4215,positive
1898299410099970167,IreneMontero,Irene Montero,Sat Mar 08 09:07:02 +0000 2025,"Orgullosamente feministas, ¡a las calles, es por todas! El feminismo lo está cambiando todo y nos va la vida en ello

Somos más que los que nos castigan y silencian, que quienes dicen que incomodamos o que hemos ido demasiado lejos

Más feminismo para llegar aún más lejos🔥💜 #8M",5154,1444,2493,604591,278,1,0,0,0.4753,positive
1898085621895196868,IreneMontero,Irene Montero,Fri Mar 07 18:57:31 +0000 2025,"Nos quieren avergonzadas, una izquierda callada y sin capacidad de transformar. Respondámosles con orgullo de ser lo que somos: orgullosamente feministas, orgullosamente antifascistas, defensoras de lo público. No hemos ido demasiado lejos: tenemos que ir mucho más lejos https://t.co/CTZZzK2Zqz",4811,2010,1698,166339,295,0,0,1,-0.7003,negative
1898036443001339928,IreneMontero,Irene Montero,Fri Mar 07 15:42:06 +0000 2025,En esta foto: el rearme es un camino de sangre y sufrimiento para los pueblos de Europa https://t.co/2XHfVWL5Cb,1691,854,502,69582,111,0,0,1,0.0,neutral
1897928069697913038,IreneMontero,Irene Montero,Fri Mar 07 08:31:28 +0000 2025,Hoy nos hemos reunido con estibadores españoles que llevan mucho tiempo luchando contra la desregulación y la precarización de este sector estratégico. Son trabajadores esenciales en nuestros puertos y estaremos a su lado para que no haya ningún retroceso en sus derechos,860,418,413,49716,271,0,0,0,-0.296,negative
1897745865655423263,IreneMontero,Irene Montero,Thu Mar 06 20:27:27 +0000 2025,Nos están robando y poniendo en peligro 👇 https://t.co/jWvxcu8KDs,4156,2181,1272,160431,65,0,0,1,0.0,neutral
1897355570337997161,IreneMontero,Irene Montero,Wed Mar 05 18:36:33 +0000 2025,Hoy hemos llevado el caso de Juana Rivas al Parlamento Europeo. El Gobierno de España debe impedir que Daniel sea puesto en peligro volviendo con su padre maltratador. Basta de violencia institucional contra las madres protectoras https://t.co/ksiPH1Cv2T,2131,929,771,86886,254,0,0,1,0.0,neutral
1897313138003075294,IreneMontero,Irene Montero,Wed Mar 05 15:47:57 +0000 2025,Las feministas cambiamos las cosas porque incomodamos. Tenemos derecho a incomodar. Más incomoda el machismo y su violencia https://t.co/nxy2SqTMyL,2028,871,1113,119095,147,0,0,1,0.0,neutral
1897248683890237449,IreneMontero,Irene Montero,Wed Mar 05 11:31:50 +0000 2025,"Perseguir a quienes organizan la solidaridad con Palestina y contra el genocidio hace un daño irreparable a la democracia y vulnera derechos fundamentales. 

Marlaska, la policía a perseguir a  ladrones con corbata, fascistas y a los neonazis que echan a la gente de sus casas. https://t.co/R0IozmOJIU",2237,1231,692,97528,301,0,0,1,0.0,neutral
1897193148843229569,IreneMontero,Irene Montero,Wed Mar 05 07:51:09 +0000 2025,"Este viernes estaremos en Sevilla para seguir con la ruta rumbo a la Quinta y para encontrarnos con muchos compañeros y compañeras sin los que todo esto sería imposible. ¡Necesitamos de vuelta una izquierda de poder y gobierno para cambiarlo todo!, No faltéis 💜 https://t.co/x4o5sZOCKr",656,390,336,30469,285,0,0,1,-0.2244,negative
1897175452273549765,IreneMontero,Irene Montero,Wed Mar 05 06:40:50 +0000 2025,"Querida compañera @IraciHassler, un abrazo inmenso. No estáis solas y frente a tanta guerra sucia, más feminismo y esperanza para seguir cambiándolo todo 💜",557,277,106,30522,155,0,1,0,0.4588,positive
1896989628068192742,IreneMontero,Irene Montero,Tue Mar 04 18:22:26 +0000 2025,"Las élites europeas solo pueden conseguir 800.000 mill para armas sacándolos de sanidad o pensiones

El rearme es un robo: quitarle a la gente derechos y servicios públicos para llenar los bolsillos de la industria militar y grandes corporaciones que mandan más que los gobiernos",3044,1856,599,192404,279,0,0,0,0.0,neutral
1896935080519745700,IreneMontero,Irene Montero,Tue Mar 04 14:45:41 +0000 2025,"Hemos propuesto en Baleares una modificación de la Ley de Vivienda para que los Ayuntamientos y Consells puedan expropiar temporalmente casas vacías de los grandes tenedores de viviendas para destinarlas a vivienda social. 

La vivienda es un derecho y toca poner todos los medios",1297,637,934,154105,280,0,0,0,0.0,neutral
1896871272203915546,IreneMontero,Irene Montero,Tue Mar 04 10:32:08 +0000 2025,"Reforzar la seguridad europea hoy es salir de la OTAN, parar la escalada bélica, invertir en servicios públicos e intervenir empresas estratégicas para tener seguridad alimentaria, energética y social y para recuperar soberanía y poder",227,92,69,14075,235,0,0,0,0.0,neutral
1896871268437389611,IreneMontero,Irene Montero,Tue Mar 04 10:32:07 +0000 2025,"El “rearme” de Von der Leyen es lo que pone a Europa en peligro

Ya llevan años aumentando el gasto en armas y no tenemos más seguridad ni libertad: la gente vive peor y los fascistas mandan más

¿Qué hace Pedro Sánchez siendo cómplice de esta peligrosa gran coalición de guerra?",2074,1147,535,125326,279,0,0,0,-0.296,negative
1896866503586406669,IreneMontero,Irene Montero,Tue Mar 04 10:13:11 +0000 2025,"En España hay más de 500.000 personas migrantes que necesitan con urgencia ser regularizadas. 

Los votos de Podemos son votos para conquistar derechos, no para que los arreglos del PSOE con Junts le abran la puerta al racismo. Ningún ser humano es ilegal",1331,655,1647,515010,255,0,0,0,-0.296,negative
1896851270629249226,IreneMontero,Irene Montero,Tue Mar 04 09:12:39 +0000 2025,"Europa sólo tiene salida y futuro si se convierte en una potencia de paz, feminismo, antirracismo y derechos",201,85,41,9337,108,0,0,0,0.0,neutral
1896851266510496247,IreneMontero,Irene Montero,Tue Mar 04 09:12:38 +0000 2025,"Es decir, con el régimen de guerra las élites europeas pisotean el antifascismo que hizo posible la UE y ponen una alfombra roja a la extrema derecha que agita el odio racista y machista, que nos hace menos libres y nos roba los derechos conquistados por nuestras madres y abuelas",189,76,13,8292,280,0,0,0,0.0,neutral
1896851261812863243,IreneMontero,Irene Montero,Tue Mar 04 09:12:37 +0000 2025,"También nos dicen que la guerra es por la libertad y los valores europeos. 

Pero la realidad es que precisamente con la excusa de la guerra las élites europeas han metido a los fascistas de Meloni y Orban en la Comisión Europea. Con la guerra, más fascismo y menos libertad",160,65,1,2118,274,0,0,0,0.0,neutral
1896851257241067684,IreneMontero,Irene Montero,Tue Mar 04 09:12:36 +0000 2025,"La seguridad no es más armas, son más hospitales, colegios y universidades, seguridad alimentaria, viviendas dignas o pensiones

La seguridad se consigue con más derechos, servicios públicos y control público de empresas estratégicas como energéticas, telecomunicaciones o banca",191,86,7,4944,278,0,0,0,-0.296,negative
1896851250609901659,IreneMontero,Irene Montero,Tue Mar 04 09:12:34 +0000 2025,"Las élites europeas nos dicen que más gasto militar es más seguridad.

Pero la realidad es que Europa ha pasado de gastar en armas 210 mill en 2021 a 326 mill en 2024 y Europa no es más segura ahora. Al contrario, tenemos más problemas y más inseguridad",154,64,4,2080,253,0,0,0,0.0516,positive
1896851243034955836,IreneMontero,Irene Montero,Tue Mar 04 09:12:32 +0000 2025,"¿Quién gana con más guerra? Los dueños del mundo. 

Las empresas de defensa se disparan en bolsa tras la cumbre de Londres. Las energéticas, las distribuidoras de alimentos o la banca acumulan beneficios récord en estos años",160,71,3,2365,224,0,0,0,0.0,neutral
1896851239444660561,IreneMontero,Irene Montero,Tue Mar 04 09:12:31 +0000 2025,"Las élites europeas, imponiendo el régimen de guerra, han aumentado nuestra dependencia económica, energética y militar de EEUU y de grandes corporaciones que mandan más que nuestros gobiernos",161,75,5,2595,192,0,0,0,0.0,neutral
1896851236261142968,IreneMontero,Irene Montero,Tue Mar 04 09:12:31 +0000 2025,"La cumbre de Londres y el “rearme” profundizan el hoyo en el que las élites han metido a Europa con la guerra

España pagará caro que Sánchez nos mantenga en esa Gran Coalición de guerra en lugar de salir de OTAN e intervenir empresas estratégicas para reforzar nuestra seguridad",1135,608,164,51486,279,0,0,0,0.0,neutral
1896809050152829184,IreneMontero,Irene Montero,Tue Mar 04 06:24:53 +0000 2025,"Compañera querida, @KarolCariola, qué asquerosa violencia política estás teniendo que soportar. Pretenden frenar los cambios y castigar a quienes luchan: nos encontrarán juntas y con toda la esperanza para seguir cambiándolo todo con mucho feminismo. Cuenta conmigo 💜",571,309,135,27095,267,0,1,0,0.6369,positive
1896620361011363919,IreneMontero,Irene Montero,Mon Mar 03 17:55:06 +0000 2025,Hoy le he dicho al Vicepresidente fascista de la Comisión Europea que el problema de la vivienda es de especulación. ¿Por qué agitan el odio contra otros seres humanos pero permiten a saqueadores extranjeros robar las casas a las familias europeas? https://t.co/XwLkLWLElC,4558,2061,1359,194988,272,0,0,1,0.0,neutral
1896567258731753607,IreneMontero,Irene Montero,Mon Mar 03 14:24:05 +0000 2025,"Cuando las instituciones fallan, solo nos tenemos entre nosotras https://t.co/VKSgx7Z30h",1525,670,906,112050,88,0,0,1,0.0,neutral
1896532388681019793,IreneMontero,Irene Montero,Mon Mar 03 12:05:31 +0000 2025,"Qué importante lo que cuenta ""No Other Land"" que ayer ganó un Oscar. Qué necesarias las palabras de @basel_adra y de @yuval_abraham poniendo voz a quienes no la tienen y recordando que el genocidio no empezó hace un año y medio, sino mucho antes

Viva Palestina libre",2604,1196,360,72692,267,0,2,0,-0.5267,negative
1896451411422126295,IreneMontero,Irene Montero,Mon Mar 03 06:43:45 +0000 2025,Que vuele alto Juan Margallo ❤️‍🩹 Abrazos para toda su gente querida,530,146,41,38103,68,0,0,0,0.0,neutral
1896301821192466878,IreneMontero,Irene Montero,Sun Mar 02 20:49:20 +0000 2025,"Leed este artículo de @SanchezCedillo “La política del mal menor es el periodo de anestesia necesario para la irrupción triunfal de lo peor” 

Al fascismo se le para con más derechos y por eso necesitamos recuperar una izquierda fuerte para cambiarlo todo
https://t.co/2LJRy7f3Cf",1263,697,281,46519,279,0,1,1,0.0,neutral
1896299640200548725,IreneMontero,Irene Montero,Sun Mar 02 20:40:40 +0000 2025,"He disfrutado honestamente de esta conversación con @JDSato para @publico_es . Es distinta a lo habitual, más personal e íntima. Hablamos de amistad y militancia. No quiero una vida sin amigas 💜 
Espero que la disfrutéis ☺️

https://t.co/vg0MTxBlaz",894,459,138,31036,248,0,2,1,0.34,positive
1896189075260133448,IreneMontero,Irene Montero,Sun Mar 02 13:21:19 +0000 2025,"Los fascistas van con todo. Pues nosotras, más orgullosas que nunca de ser lo que somos https://t.co/0K42VWgwLk",4619,1750,3874,1886139,111,0,0,1,0.0,neutral
1895851507922452643,IreneMontero,Irene Montero,Sat Mar 01 14:59:57 +0000 2025,"Trump es un peligro, pero en realidad hizo a las claras lo que EE.UU ha hecho siempre https://t.co/0684DuypFP",4886,1932,1289,170669,109,0,0,1,0.34,positive
1895569248975741044,IreneMontero,Irene Montero,Fri Feb 28 20:18:21 +0000 2025,"Trump ha escenificado hoy lo que lleva pasando toda la vida: su dominación imperialista. Bien lo saben América Latina o Palestina

Las élites europeas han sometiendo militar y económicamente a Europa a EEUU

Basta de hipocresía, hay que actuar. Europa debe abandonar la OTAN",1442,458,167,88192,274,0,0,0,0.34,positive
1895567552694403280,IreneMontero,Irene Montero,Fri Feb 28 20:11:37 +0000 2025,"EEUU no tiene aliados, tiene siervos a los que someter, expoliar y humillar

Es el momento de salir de la OTAN y construir un sistema de seguridad europeo: control estatal de empresas estratégicas y más servicios públicos; no más gasto en armas; control común del arsenal nuclear",8930,2494,2127,927356,279,0,0,0,-0.5267,negative
1895563238148096132,IreneMontero,Irene Montero,Fri Feb 28 19:54:28 +0000 2025,"Andalucía es una tierra de luchas y dignidad. Hoy los y las andaluzas celebran la conquista de su autonomía, que hubiese sido imposible sin la organización popular. La represión a esa movilización implicó el asesinato de Caparrós un 4 de diciembre. Viva Andalucía libre",857,318,221,39579,269,0,0,0,-0.2023,negative
1895475314522038619,IreneMontero,Irene Montero,Fri Feb 28 14:05:05 +0000 2025,"Tener seguridad no es gastar más dinero en armas, es tener los mejores hospitales y las mejores escuelas 👇 https://t.co/siYVlZrQr7",3477,1628,1165,163829,130,0,0,1,-0.296,negative
1895197656533868994,IreneMontero,Irene Montero,Thu Feb 27 19:41:47 +0000 2025,"Ojalá podáis ver pronto el documental que hemos visto hoy, Invertidos de Martín Costa, un ejercicio de memoria democrática sobre la injusticia, el daño, la tortura, la represión y la violencia a la que nuestra sociedad ha sometido a las personas LGTBI. Memoria para que nunca más https://t.co/GfKqRCK1Z8",1596,757,404,66061,303,0,0,1,0.34,positive
1895077982839931031,IreneMontero,Irene Montero,Thu Feb 27 11:46:14 +0000 2025,"Mañana volvemos a juntarnos en la IV Conferencia de Paz para alzar la voz frente al régimen de guerra, austeridad y genocidio y defender una Europa de paz y derechos. 

A las 12h en el Espacio Larra 💜💪🏼 https://t.co/oLKZe0ilsc",609,338,182,23885,226,0,0,1,0.6808,positive
1895049540786417935,IreneMontero,Irene Montero,Thu Feb 27 09:53:13 +0000 2025,"La consecuencia más dolorosa de que haya jueces aplicando mal la Ley Sólo sí es sí es que revictimizan a las mujeres tal y como alerta la ONU

Pero esto es más grave: una guerra sucia reaccionaria contra el derecho a la libertad sexual a la que debemos responder con más feminismo https://t.co/lER6H0Qrh3",2456,1387,1779,317450,304,0,0,1,-0.3818,negative
1895046747669323808,IreneMontero,Irene Montero,Thu Feb 27 09:42:07 +0000 2025,"Los medios de comunicación tienen responsabilidades en el tratamiento de la información relativa a las violencias machistas. No todo vale

Aquí tenéis completa la Recomendación General 33 del Comité CEDAW de Naciones Unidas: https://t.co/Tfh9T0JcgE",401,195,51,13427,248,0,0,1,-0.296,negative
1895046375752052758,IreneMontero,Irene Montero,Thu Feb 27 09:40:38 +0000 2025,"La ONU dice que, por machismo, algunos jueces aplican mal las leyes que protegen a las mujeres, incluyendo su revictimización

¿Por qué si daña al PSOE lo llamáis lawfare pero si van a por el feminismo, participáis de esa guerra sucia judicial y mediática @el_pais @eldiarioes? https://t.co/PIzi2p6lym",1929,1041,576,179113,301,0,2,1,0.0,neutral
1894732491337908418,IreneMontero,Irene Montero,Wed Feb 26 12:53:23 +0000 2025,Este vídeo que ha subido Trump es absolutamente siniestro y asqueroso https://t.co/IdP1ax9XBs,13567,6288,2103,463530,93,0,0,1,0.34,positive
1894727165326852131,IreneMontero,Irene Montero,Wed Feb 26 12:32:13 +0000 2025,"Este gobierno, que permite a las energéticas y la banca hacer beneficios récord sin obligarles a pagar lo que les corresponde, asfixia a las familias negándose a remunerar el permiso de cuidados de 8 semanas.
 
Así es como Sánchez le pone una alfombra roja a las derechas.",1195,723,143,37603,272,0,0,0,-0.5574,negative
1894683973936189809,IreneMontero,Irene Montero,Wed Feb 26 09:40:35 +0000 2025,"Al PSOE se le agota la excusa de Junts. Y miren a Alemania: la socialdemocracia con su inacción ante los problemas de la gente y su miedo a parar los pies a las élites le pone una alfombra roja al fascismo

Qué valiente eres @ionebelarra",1228,627,205,55270,237,0,1,0,0.0,neutral
1894674215170715947,IreneMontero,Irene Montero,Wed Feb 26 09:01:48 +0000 2025,"Este vídeo es macabro, idealizando la ocupación ilegal y la violencia contra Palestina. Si hoy Trump puede imponer el terror es porque las élites mundiales ya han apoyado el genocidio desde el inicio. Derecha y progresía han puesto la alfombra roja que ahora pisa el fascismo https://t.co/aAkKkbxvJK",3899,1887,641,119683,299,0,0,1,-0.5267,negative
1894482643799974214,IreneMontero,Irene Montero,Tue Feb 25 20:20:34 +0000 2025,"Quieren ser racistas pero que nadie se lo diga a la cara. Pues por mucho que griten no nos vamos a callar. Ningún ser humano es ilegal.

Valiente @ionebelarra",2138,907,723,100294,158,0,1,0,-0.296,negative
1894482615261905068,IreneMontero,Irene Montero,Tue Feb 25 20:20:27 +0000 2025,"Este domingo toca encontrarnos para rendir cuentas de lo logrado y empezar a pensar ya en lo que queda por venir, porque la esperanza es un trabajo, y, como dice Angela Davis, es infinita.

Nos vemos este domingo en Valencia 💜 https://t.co/tHRJYzyLhN",1062,518,596,52339,250,0,0,1,0.6369,positive
1894335858292982223,IreneMontero,Irene Montero,Tue Feb 25 10:37:18 +0000 2025,"Gracias @ionebelarra por llevar al Congreso la voz de Gabriel, hijo mayor de Juana Rivas, víctimas de violencia de género y de una insoportable violencia institucional que les desprotege

Los jueces tienen que cumplir la ley: un maltratador nunca es un buen padre",2194,1053,480,85768,263,0,1,0,0.0,neutral
1894310599703609515,IreneMontero,Irene Montero,Tue Feb 25 08:56:56 +0000 2025,"Quieren desahuciar un asentamiento de temporeros en Níjar donde viven 58 personas, entre ellas 9 niños y niñas que se quedarán en la calle si las administraciones no hacen nada. Es absolutamente inhumano. Estas personas necesitan urgentemente una alternativa.",2049,1018,1438,246423,259,0,0,0,-0.296,negative
1894117894423708111,IreneMontero,Irene Montero,Mon Feb 24 20:11:11 +0000 2025,Feijoo es lo de siempre: quieren expulsar a personas pero no a los fondos buitre que especulan con tu vivienda https://t.co/WPEEhDfLqZ,3431,1476,1146,122523,134,0,0,1,-0.296,negative
1894018417742500194,IreneMontero,Irene Montero,Mon Feb 24 13:35:54 +0000 2025,"El PSOE pinta a Junts como un feroz león porque les necesitan de excusa para no hacer lo que en realidad es Sánchez quien no quiere hacer. 

Por eso a la hora de la hora… miau 😸",728,339,214,57531,177,0,0,0,0.2732,positive
1894002750435803408,IreneMontero,Irene Montero,Mon Feb 24 12:33:39 +0000 2025,Europa toma la peor decisión apostando por la lógica de guerra y el envío de armas frente al reparto colonial de Ucrania propuesto por Trump y Putin. La impotencia e incapacidad de las élites europeas aleja la posibilidad de una paz justa y mete a Europa en un callejón sin salida,1637,873,637,203317,280,0,0,0,-0.5574,negative
1893772455669285354,IreneMontero,Irene Montero,Sun Feb 23 21:18:32 +0000 2025,"Congratulations, @dieLinke @HeidiReichinnek! A militant campaign with deep convictions and ideological firmness. Brave left: they govern, we transform 🔥💜✊🏽",2108,534,319,177879,155,0,2,0,0.8858,positive
1893759603948564624,IreneMontero,Irene Montero,Sun Feb 23 20:27:28 +0000 2025,"Elecciones en Alemania: el gobierno para los de siempre, el racismo, el apoyo al genocidio y el consenso de guerra son una alfombra roja al fascismo. La izquierda es fuerte y útil cuando dice “ellos gobiernan, nosotras transformamos”. Tiempos difíciles, esperanza infinita",2412,900,1024,338113,272,0,0,0,0.0,neutral
1893245421826228613,IreneMontero,Irene Montero,Sat Feb 22 10:24:18 +0000 2025,"El País lleva hoy un bulo en portada solo para dañar a Podemos.

No sé a quién cree @PepaBueno que beneficia tanta mentira y manipulación o si es solo odio, pero esto no es periodismo, es mafia. 

Después te dirán que la desinformación viene de la derecha. No todo vale.",3866,2194,1398,391636,270,0,1,0,-0.6808,negative
1892875162338386096,IreneMontero,Irene Montero,Fri Feb 21 09:53:01 +0000 2025,"Ante un caso de violencia sexual lo primero son las víctimas: reconocimiento y respeto a sus decisiones, no ser señaladas y actuar

Podemos lleva años realizando esfuerzos para ser un espacio seguro y así seguiremos

Que el feminismo lo siga cambiando todo también en Podemos",607,295,497,74272,275,0,0,0,-0.296,negative
1892875159217803359,IreneMontero,Irene Montero,Fri Feb 21 09:53:00 +0000 2025,"Demasiadas veces ante la violencia sexual es habitual mirar para otro lado y a muchos hombres se les aparta solo cuando todo se hace público

En Podemos hemos actuado para dar respuesta a las mujeres y que la organización sea un lugar seguro, no para frenar un escándalo mediático https://t.co/LTqEOO58Jg",2809,1362,2977,691257,304,0,0,1,-0.296,negative
1892642007501119985,IreneMontero,Irene Montero,Thu Feb 20 18:26:32 +0000 2025,"La relatora de la ONU para Palestina pide al Gobierno de @sanchezcastejon que deje de permitir vuelos con material militar para el Estado terrorista de Israel que salen de España. 

Basta de hipocresía y de complicidad con los genocidas 👇🏼",2035,1111,943,148517,239,0,1,0,0.0,neutral
1892639326619472036,IreneMontero,Irene Montero,Thu Feb 20 18:15:53 +0000 2025,Agentes marroquíes retienen ilegalmente a @isaserras y varios compañeros en El Aaiún para impedir su trabajo como eurodiputados en defensa del pueblo saharaui. España y Europa no pueden mirar para otro lado y deben actuar frente al régimen dictatorial de Marruecos,2896,1345,1723,426340,264,0,1,0,-0.296,negative
1892612311396786421,IreneMontero,Irene Montero,Thu Feb 20 16:28:32 +0000 2025,"Nuestra compañera @isaserras está siendo en este momento retenida junto con otros eurodiputados en El Aaiún, en el Sáhara Occidental, un territorio ocupado por Marruecos. No les dejan bajar del avión y les está siendo impedido realizar una misión de Derechos Humanos.",3619,1724,2679,617609,267,0,1,0,-0.296,negative
1892564985110208696,IreneMontero,Irene Montero,Thu Feb 20 13:20:29 +0000 2025,"Hace no tanto era impensable que la justicia reconociese un beso no consentido como agresión sexual. El feminismo lo está cambiando todo: sólo sí es sí

Pero aún queda camino por hacer: la multa y la reparación es mínima, sin inhabilitación y no se reconoce su posición de poder",5134,1310,2468,856689,278,0,0,0,-0.8481,negative
1891949927904800888,IreneMontero,Irene Montero,Tue Feb 18 20:36:28 +0000 2025,Este final de la guerra no es un acuerdo de paz: es un reparto colonial de Ucrania https://t.co/wTLpj4wBFX,3740,1594,1281,299773,106,0,0,1,-0.296,negative
1891895523340079524,IreneMontero,Irene Montero,Tue Feb 18 17:00:17 +0000 2025,"El Gobierno de España debe cumplir la Convención de Derechos del Niño y aplicar la excepción del Convenio de La Haya, denegando la entrega de Daniel para protegerle del grave peligro -reconocido por la justicia española- que supone volver con su padre

https://t.co/VkykSe69jg",1790,907,564,88929,276,0,0,1,-0.3818,negative
1891882411056566645,IreneMontero,Irene Montero,Tue Feb 18 16:08:10 +0000 2025,"Como el dinero no cae del cielo, que paguen más los que más tienen para que con ese dinero podamos garantizar los derechos de quienes más lo necesitan 

Proponemos un impuesto del 50% sobre los beneficios de las empresas del IBEX 35 👇🏼",1975,871,1154,160841,235,0,0,0,-0.296,negative
1891862338841579838,IreneMontero,Irene Montero,Tue Feb 18 14:48:25 +0000 2025,"Esto es un gravísimo ejercicio de censura. 

La libertad de Milei es también una gran estafa. Y éste es el amigo de Ayuso y Abascal",5596,1784,586,152445,131,0,0,0,0.0,neutral
1891821594063814820,IreneMontero,Irene Montero,Tue Feb 18 12:06:31 +0000 2025,"Dicen que no hay dinero para escuelas infantiles, permisos de cuidados o centros de crisis para víctimas de violencias machistas, pero para llenar los bolsillos de los señores de la guerra siempre encuentran dinero público. Hoy se lo he dicho a la Comisaria 👇 https://t.co/N1RTjisccU",4605,2324,533,80122,283,0,0,1,-0.743,negative
1891580093861917095,IreneMontero,Irene Montero,Mon Feb 17 20:06:52 +0000 2025,"Seguridad dan los servicios públicos. 

Continuar con la escalada armamentistica y reforzar la dependencia de EEUU llenando los bolsillos de su complejo militar industrial solo traerá inseguridad, austeridad y más problemas a los pueblos de Europa

Qué tremenda irresponsabilidad",2409,1142,333,98798,279,0,0,0,0.0,neutral
1891549840011640901,IreneMontero,Irene Montero,Mon Feb 17 18:06:39 +0000 2025,"Franco murió pero el franquismo sigue 50 años después en la monarquía, el poder judicial, la iglesia o el poder empresarial y mediático. La memoria sirve para no olvidar y cambiar por fin lo que Franco dejó atado y bien atado. 

#DóndeEstáFranco https://t.co/qN74gzbFhD",2002,886,1725,167927,269,1,0,1,-0.296,negative
1891467991356698694,IreneMontero,Irene Montero,Mon Feb 17 12:41:25 +0000 2025,Milei usa su poder para desposeer a millones de personas y extraer su dinero para beneficiar a unos pocos. Es así como funciona la clase dominante. Es corrupción y es una estafa por la que no solo debe responder Milei sino todos los poderosos que le protegen,1052,497,257,35880,258,0,0,0,-0.296,negative
1891456061090959693,IreneMontero,Irene Montero,Mon Feb 17 11:54:01 +0000 2025,"Las palabras de MAR son repugnantes, pero si puede decirlas es porque hay una estructura de poder judicial, mediático y empresarial que garantiza impunidad a Ayuso y su banda. 

Democratizar el poder judicial y mediático es tan importante como ganarles en las urnas",8133,2854,540,139740,265,0,0,0,0.0,neutral
1891087630701375534,IreneMontero,Irene Montero,Sun Feb 16 11:30:00 +0000 2025,"Este artículo de @olgarodriguezfr es imprescindible para entender por qué las élites europeas han metido a Europa en un callejón sin salida con la escalada bélica. Del fin de la guerra (que no será paz) saldrán reforzados EEUU y Rusia 👇🏼

https://t.co/wKOLhESaKc",1072,696,212,36707,262,0,1,1,-0.7003,negative
1890504621887529165,IreneMontero,Irene Montero,Fri Feb 14 20:53:20 +0000 2025,El juicio a Rubiales demuestra que la mayoría de la sociedad ya no normaliza la violencia sexual y ha entendido que si no hay consentimiento es agresión 👇🏼 https://t.co/LHau8Xs1zW,2919,1106,1193,106992,179,0,0,1,-0.25,negative
1890348075635413390,IreneMontero,Irene Montero,Fri Feb 14 10:31:16 +0000 2025,La pregunta es qué van a decir ahora quienes llevan tres años diciendo que con más guerra Ucrania ganaría y ridiculizando a quienes propusimos desde el principio dedicar todos los esfuerzos a la negociación para la paz y no a la escalada bélica con la que solo ganan EEUU y Rusia,2821,1782,413,96312,279,0,0,0,-0.296,negative
1890008066424528999,IreneMontero,Irene Montero,Thu Feb 13 12:00:12 +0000 2025,Tenía una deuda pendiente con Bilbao y con La Sinsorga y por fin mañana estaré presentando a partir de las 19:00h “Algo habremos hecho” con mi querida Nerea Barjola. No faltéis 💜 https://t.co/ogcuqqMK7x,1029,459,372,36017,202,0,0,1,0.4588,positive
1889987310244315620,IreneMontero,Irene Montero,Thu Feb 13 10:37:43 +0000 2025,"Las élites europeas fingen que están preocupadas con Trump, pero llevan años haciendo lo mismo que hace Trump, solo que por la puerta de atrás. Trump no es otra cosa que el capitalismo de siempre, pero esta vez sin máscaras.",2079,1086,331,65600,224,0,0,0,-0.7003,negative
1889957833871073580,IreneMontero,Irene Montero,Thu Feb 13 08:40:35 +0000 2025,"La transfobia no es libertad de expresión, es odio. Y la Ley 4/2023 mandata a todos los medios de comunicación a eliminar contenidos que inciten al odio y la discriminación contra las personas LGTBI.

Gracias @PabloIglesias por no guardar silencio ante el asqueroso odio tránsfobo https://t.co/gI2S0MfiaV",1415,703,826,201925,304,0,1,1,-0.5267,negative
1889767382819733614,IreneMontero,Irene Montero,Wed Feb 12 20:03:48 +0000 2025,"Europa lleva 3 años alimentando la escalada bélica diciendo que con más guerra, Ucrania ganaría. Mentían

Han prolongado cruelmente la guerra, los muertos y el sufrimiento de los pueblos y el resultado es una mayor dependencia de EEUU y entregar a Trump el liderazgo de la paz https://t.co/9M9qPyHoRK",2642,1202,1246,678685,300,0,0,1,0.0,neutral
1889724021270343968,IreneMontero,Irene Montero,Wed Feb 12 17:11:30 +0000 2025,Esto es justicia feminista. Y la justicia feminista salva vidas ❤️‍🩹💜,5141,1048,798,234519,69,0,0,0,0.6369,positive
1889723357949555059,IreneMontero,Irene Montero,Wed Feb 12 17:08:52 +0000 2025,BRAVO,2437,642,162,61317,5,0,0,0,0.0,neutral
1889684352126054583,IreneMontero,Irene Montero,Wed Feb 12 14:33:52 +0000 2025,¡Libertad para Jorge Glass ya!,224,98,32,20466,30,0,0,0,0.0,neutral
1889631251499282689,IreneMontero,Irene Montero,Wed Feb 12 11:02:52 +0000 2025,"Comisario, que los mejores amigos de Europa sean un agresor sexual y un genocida pone a Europa en grave riesgo https://t.co/KWYzd2aYY1",6706,3125,617,130164,134,0,0,1,-0.3818,negative
1889617255517856194,IreneMontero,Irene Montero,Wed Feb 12 10:07:15 +0000 2025,La declaración de Rubiales es un manual de la cultura de la violación 👇🏼 https://t.co/RccpCvSOAM,5034,1754,1318,221342,96,0,0,1,0.0,neutral
1889402590502560202,IreneMontero,Irene Montero,Tue Feb 11 19:54:15 +0000 2025,"Perdonan los impuestos a las energéticas y la banca mientras obligan a pagar impuestos por cobrar el SMI. 

You have been PSOED https://t.co/2wFaJEogCb",1860,818,233,99107,151,0,0,1,0.0,neutral
1889337218486997466,IreneMontero,Irene Montero,Tue Feb 11 15:34:29 +0000 2025,"Impuestos para las eléctricas y bancos, no para el SMI https://t.co/7jMWZDTCg0",3781,1652,427,85505,78,0,0,1,-0.296,negative
1889305030676615623,IreneMontero,Irene Montero,Tue Feb 11 13:26:35 +0000 2025,"Los servicios públicos los tenemos que mejorar con un impuestazo a las grandes energéticas y a la banca, que tienen beneficios multimillonarios y récord. No obligando a pagar IRPF al SMI. 

Con este gobierno, para qué necesitamos al PP",2486,1003,223,75845,235,0,0,0,-0.296,negative
1889304060634759545,IreneMontero,Irene Montero,Tue Feb 11 13:22:44 +0000 2025,"El gobierno sube el SMI pero obliga a que pague IRPF por primera vez. De los 50 euros de subida 21 se va en IRPF.

Con un gobierno que pone impuestos al salario mínimo pero no a las empresas energéticas o a la banca, ¿para qué necesitamos al PP?",9741,3338,723,390446,245,0,0,0,-0.296,negative
1889295061113839957,IreneMontero,Irene Montero,Tue Feb 11 12:46:58 +0000 2025,"Pedro Sánchez se ve débil y por eso dice cosas feministas. Pero cuando tuvo que parar la ofensiva reaccionaria y machista del poder judicial y mediático contra la Ley solo si es si, les dejó paso y dijo que el feminismo molestaba a sus amigos. https://t.co/6p3IIdFlnS",2549,1168,560,96985,267,0,0,1,0.0,neutral
1889283742742536361,IreneMontero,Irene Montero,Tue Feb 11 12:02:00 +0000 2025,"Estés o no emocionado, seas o no impulsivo, ocupes o no un rol institucional, sin consentimiento es agresión. La “falta de control” de un hombre no sirve para minimizar, negar o normalizar una agresión sexual. 

Esta declaración es un manual de la cultura de la violación",5090,1425,1348,509358,271,0,0,0,-0.886,negative
1889223661544255490,IreneMontero,Irene Montero,Tue Feb 11 08:03:15 +0000 2025,"La mujer más valiente que conozco. La mejor. Querida @ionebelarra, en tu equipo hasta el final, ahora en La Quinta porque para que España vuelva a avanzar en derechos necesitamos una izquierda fuerte, autónoma y con capacidad de transformar. 

Sí se puede. Lo mejor está por venir",2650,951,460,91013,280,0,1,0,0.0,neutral
1888961524942692503,IreneMontero,Irene Montero,Mon Feb 10 14:41:37 +0000 2025,"El Estado debe tener muchas puertas de entrada seguras para las víctimas, sin alimentar el “lo que tienes que hacer es denunciar” que tanto desprotege

Y comprometerse de una vez con una justicia con perspectiva de género, que salva vidas. La justicia patriarcal cuesta vidas",1659,808,393,120021,275,0,0,0,-0.5574,negative
1888927349829234822,IreneMontero,Irene Montero,Mon Feb 10 12:25:49 +0000 2025,"Convocamos la quinta asamblea ciudadana estatal de Podemos, que nos permitirá pensar juntas desde ahora hasta el 11 y 12 de abril 🔥💜 

La quinta, porque España necesita una izquierda fuerte, valiente y autónoma con capacidad de transformar y hacer posible lo imposible.",2001,881,540,102838,269,0,0,0,0.4215,positive
1888678471414796390,IreneMontero,Irene Montero,Sun Feb 09 19:56:52 +0000 2025,"Hoy vota Ecuador. Fuerza @RC5Oficial @LuisaGonzalezEc para que el pueblo recupere su gobierno y salgan los oligarcas que destruyen lo común. La comunidad internacional atenta para que la voluntad popular se respete

Con @MashiRafael cerca, por el buen vivir ¡Con ustedes!",922,295,193,45079,271,0,3,0,0.4753,positive
1888676680924877134,IreneMontero,Irene Montero,Sun Feb 09 19:49:45 +0000 2025,Gracias @olgarodriguezfr por decir esto tan claro. Las élites europeas y de EEUU que hoy se escandalizan con Trump llevan más de un año apoyando a los genocidas… Trump es precisamente la consecuencia de no haber parado los pies al Estado terrorista de Israel,1657,822,210,65809,258,0,1,0,-0.296,negative
1888218096789237773,IreneMontero,Irene Montero,Sat Feb 08 13:27:30 +0000 2025,"La realidad es que el genocidio empezó mucho antes de Trump y muchos de los que ahora se echan las manos a la cabeza estuvieron ahí con Biden y antes, siendo cómplices. Basta de hipocresía. Palestina nos necesita más que nunca 👇🏼 https://t.co/Fz39Y3WP8Z",6349,2985,1414,309752,253,0,0,1,0.0,neutral
1887872110212628759,IreneMontero,Irene Montero,Fri Feb 07 14:32:40 +0000 2025,No entiendo la indignación con lo de Victoria Federica cuando es la mejor definición de la libertad de Ayuso. Libertad para que te roben los Borbones y de paso se rían en tu cara https://t.co/dKE7U9LX1i,11298,2773,1683,520841,202,0,0,1,-0.296,negative
1887794799727509791,IreneMontero,Irene Montero,Fri Feb 07 09:25:28 +0000 2025,"Este sábado nos juntamos con mucho orgullo feminista. 

Como dice Angela Davis, ante las decepciones infinitas de este mundo hostil, esperanza infinita porque el feminismo lo está cambiando todo.

¡No faltes! https://t.co/UmSjw8BOdg",1138,549,510,69225,232,0,0,1,0.0,neutral
1887592389516419402,IreneMontero,Irene Montero,Thu Feb 06 20:01:10 +0000 2025,"Si no llegas a fin de mes, Trump no es tu Presidente https://t.co/kgmwlx1pz9",2600,1189,1451,208742,76,0,0,1,-0.5267,negative
1887562127457542374,IreneMontero,Irene Montero,Thu Feb 06 18:00:55 +0000 2025,Donald Trump y su odio a las personas trans https://t.co/65xqbkq5I1,1961,772,1945,220382,67,0,0,1,0.0,neutral
1887508756126208504,IreneMontero,Irene Montero,Thu Feb 06 14:28:50 +0000 2025,Hace 11 años la Guardia Civil usó material antidisturbios contra un grupo de migrantes indefensos provocando la muerte de 14 personas en el Tarajal. Son necesarias vías seguras para migrar y no más externalización y militarización de fronteras. Ningún ser humano es ilegal.,2072,857,1037,160704,273,0,0,0,-0.296,negative
1887412096683368875,IreneMontero,Irene Montero,Thu Feb 06 08:04:44 +0000 2025,"Usar tu poder institucional para convertir en norma el odio y la transfobia es una de las formas de violencia más crueles y agresivas que existen. 

Ahora más que nunca las personas trans necesitan que les garanticemos espacios seguros y más derechos. Que viva la furia trans https://t.co/LKHpbbsGv3",2352,705,2152,342228,299,0,0,1,0.0,neutral
1887266548785524883,IreneMontero,Irene Montero,Wed Feb 05 22:26:23 +0000 2025,"Este vídeo es oro. Al final el señor reconoce que el problema no era un error en la Ley Solo sí es sí sino “la redacción, que sin autorización es agresión”. Es decir, que hay jueces en contra del consentimiento y se negaron a aplicar bien la ley para frenar ese avance en derechos",4704,1796,450,175936,280,0,0,0,-0.8176,negative
1887133361941934332,IreneMontero,Irene Montero,Wed Feb 05 13:37:09 +0000 2025,¿Os imagináis que Hitler hubiese dado una rueda de prensa con el presidente de los EE.UU para anunciar el exterminio de los judíos? Pues eso le han hecho hoy al pueblo palestino ante una UE que calla y apoya a los genocidas 👇 https://t.co/8CvTzsRaJj,23518,10946,2323,604979,249,0,0,1,0.0,neutral
1887064504350961733,IreneMontero,Irene Montero,Wed Feb 05 09:03:32 +0000 2025,"Trump y Netanyahu quieren expulsar al pueblo palestino de sus tierras para apropiarse ilegalmente de Gaza. Ojo, éste fue siempre el plan y Europa y EEUU lo apoyan desde el principio

Por el bien de la humanidad, hay que parar a estos criminales que se creen dueños del mundo https://t.co/b8nkMaNKiq",14696,6595,1400,455507,298,0,0,1,0.0,neutral
1886819475372077134,IreneMontero,Irene Montero,Tue Feb 04 16:49:52 +0000 2025,Es perfectamente compatible haber sido agredida con celebrar un mundial. A ver si se enteran algunos 👇 https://t.co/B4ehne2i6v,5325,1851,917,182829,126,0,0,1,0.0,neutral
1886741291523838000,IreneMontero,Irene Montero,Tue Feb 04 11:39:12 +0000 2025,Mañana estaré en Barcelona en el Teatre Texas con @CarlaVall  y @BrbaraMestanza poniendo en común aprendizajes y experiencias feministas antes de ver la obra de teatro Sucia. ¡Venid! 💜 https://t.co/G1aK74g7pq,1000,486,314,36570,208,0,2,1,0.6696,positive
1886448855245295685,IreneMontero,Irene Montero,Mon Feb 03 16:17:10 +0000 2025,"Gracias Presidenta por ponerse con valentía al servicio del pueblo hasta parar los pies a los amos del mundo. Hoy Trump retrocede y suspende los aranceles impuestos.

Ternura con los de abajo y firmeza con los súper ricos: así se avanza en derechos y se frena a los reaccionarios.",5091,1655,1282,330738,280,0,0,0,0.0,neutral
1886408411912278167,IreneMontero,Irene Montero,Mon Feb 03 13:36:27 +0000 2025,@AitaXcorp Imagínate estar en un festival y que estuviesen todos los tíos encima del escenario  y debajo sin camiseta y sudando… ah espera que es lo que lleva pasando toda la vida. Ahora pregúntate por qué te molesta tanto que una mujer muestre las tetas y no que lo haga un hombre.,197,36,253,23415,282,0,1,0,-0.3818,negative
1886377946492875024,IreneMontero,Irene Montero,Mon Feb 03 11:35:24 +0000 2025,"Mucho “libertad, libertad” pero enseña Inés Hernand las tetas y se ponen a llorar 👇🏼 https://t.co/FTaMXQbsj1",6383,1760,2946,507087,108,0,0,1,0.0,neutral
1886346496833900852,IreneMontero,Irene Montero,Mon Feb 03 09:30:26 +0000 2025,"Hoy empieza el juicio a Rubiales por agresión sexual y coacciones a Jenni Hermoso. Sabemos lo que es para una víctima afrontar un proceso judicial. Hagámosle saber que estamos orgullosamente a su lado. 

Jenni, no estás sola. El feminismo lo está cambiando todo. Se acabó 💜",5976,1332,1743,1002586,273,0,0,0,0.4588,positive
1886154129665315215,IreneMontero,Irene Montero,Sun Feb 02 20:46:02 +0000 2025,"México tiene una Presidenta que no agacha la cabeza ante los poderosos que intentan aplastar a su pueblo. Coordinación si, subordinación jamás.

Frente a la guerra de los súper ricos, reaccionarios y criminales contra la humanidad de Trump, dignidad y lucha. Gracias Presidenta",7164,1956,671,191914,277,0,0,0,-0.296,negative
1885843966106444123,IreneMontero,Irene Montero,Sun Feb 02 00:13:33 +0000 2025,Es que TAL CUAL 👇🏼,1043,458,117,36028,18,0,0,0,0.0,neutral
1885426040316547178,IreneMontero,Irene Montero,Fri Jan 31 20:32:52 +0000 2025,"Esto no es libertad de expresión, es odio y una forma de discriminación contraria a la ley en España. 

Mediaset no puede mirar para otro lado https://t.co/f1SUoahaa4",7086,2243,1931,384450,166,0,0,1,-0.5267,negative
1885363772505624614,IreneMontero,Irene Montero,Fri Jan 31 16:25:26 +0000 2025,Me preguntaron sobre Ana Rosa y respondí esto 👇🏼 https://t.co/EevaEueNVt,5654,2245,815,140059,72,0,0,1,0.0,neutral
1885324284316246157,IreneMontero,Irene Montero,Fri Jan 31 13:48:31 +0000 2025,Pude conversar e intercambiar puntos de vista con el jefe de Estado de Cuba. El fin del bloqueo criminal de EEUU contra Cuba es condición de posibilidad para que la situación económica mejore y superar la excepcionalidad que somete a la isla a un estado de guerra permanente https://t.co/o4e5An3Wic,3375,1308,2346,384983,298,0,0,1,-0.5267,negative
1885042635259138409,IreneMontero,Irene Montero,Thu Jan 30 19:09:21 +0000 2025,"Cada vez que el capitalismo entra en crisis recupera las estrategias más crueles y violentas de dominación: el genocidio, el expolio, el colonialismo y la desposesión. 
Pero como dice Ángela Davis, ante las decepciones infinitas, esperanza infinita: otro mundo es posible 👇 https://t.co/u3HIKoMb3u",3932,1907,751,109045,297,0,0,1,-0.6249,negative
1884990315624378846,IreneMontero,Irene Montero,Thu Jan 30 15:41:27 +0000 2025,"Trump deportará a los universitarios extranjeros que defiendan a Palestina. 

Es el apoyo de EEUU y Europa a los genocidas lo que explica esta violencia contra quienes rompen el silencio. La humanidad no callará y defenderá al pueblo palestino frente a su violencia.",5390,2319,965,208408,266,0,0,0,-0.296,negative
1884914885974278433,IreneMontero,Irene Montero,Thu Jan 30 10:41:43 +0000 2025,Qué valiente Fallarás contando esto para explicar cómo es la red y cómo son las prácticas que mantienen la impunidad de los agresores y el miedo de las víctimas de violencias sexuales 👇🏼,2450,1128,382,199777,186,0,0,0,0.0,neutral
1884587748931035233,IreneMontero,Irene Montero,Wed Jan 29 13:01:47 +0000 2025,"No podrás pagar un alquiler, ni llegar a fin de mes, pero oye, estará prohibido decir “todes”. Enhorabuena. https://t.co/h0Ah9rd0Pk",5840,2104,2860,392248,131,0,0,1,-0.296,negative
1884548661163495451,IreneMontero,Irene Montero,Wed Jan 29 10:26:28 +0000 2025,"En España hay miles de personas migrantes a quienes se imponen condiciones inhumanas de trabajo y vida, en asentamientos, sin derechos y abandonados por las instituciones. Pedimos a Europa que ponga fin a estos campos de esclavitud del siglo XXI.",1435,798,477,63059,246,0,0,0,-0.5574,negative
1884289979985322275,IreneMontero,Irene Montero,Tue Jan 28 17:18:34 +0000 2025,"¿Bajar los precios del alquiler? ¿Impuestos a las empresas energéticas? ¿Parar los pies a los jueces reaccionarios y machistas?

No, el gobierno va a llenar los bolsillos de los que hacen negocio con tu derecho a la salud 

Luego dirán que por lo menos no gobierna la derecha 🤦🏻‍♀️",3798,1758,233,139666,281,0,0,0,-0.4098,negative
1884202332822594012,IreneMontero,Irene Montero,Tue Jan 28 11:30:17 +0000 2025,"Intentan criminalizar a Serigne porque es un activista antirracista, para que nadie se atreva, como hace él, a decir las cosas como son: existe racismo institucional y debemos acabar con él.

Serigne, siempre contigo. No conseguirán nuestro silencio",2607,1189,622,106815,249,0,0,0,-0.296,negative
1884155650198102088,IreneMontero,Irene Montero,Tue Jan 28 08:24:47 +0000 2025,Los reyes son unos antipatriotas 👇🏼 https://t.co/fWioUuyWze,7430,2800,1958,268923,59,0,0,1,0.0,neutral
1883947203754168557,IreneMontero,Irene Montero,Mon Jan 27 18:36:30 +0000 2025,"Europa nos llevó a la guerra diciendo que así “ganaríamos” a Rusia.

Ahora han entregado a Trump el liderazgo de una propuesta de paz ventajosa para Rusia y EEUU en la que el papel de Europa será seguir regalando millones a la economía de EEUU y pagar la reconstrucción",2927,1118,425,309084,269,0,0,0,0.0,neutral
1883942954223677502,IreneMontero,Irene Montero,Mon Jan 27 18:19:36 +0000 2025,"La extrema derecha llama pederastia a la educación sexual porque prefieren el silencio de las víctimas ante las violencias machistas. 

Hoy he podido recordar también que Europa debe garantizar protección a las madres protectoras como Juana Rivas y a sus hijos e hijas. https://t.co/VUjbRxdKaO",3275,1446,705,100325,293,0,0,1,0.0,neutral
1883888762998194627,IreneMontero,Irene Montero,Mon Jan 27 14:44:16 +0000 2025,El único delincuente es Donald Trump https://t.co/8yYgLkmpHJ,12323,5246,3760,1736958,60,0,0,1,0.0,neutral
1883842858865524891,IreneMontero,Irene Montero,Mon Jan 27 11:41:52 +0000 2025,"La impunidad de los agresores nunca fue un error de la ley o del sistema: siempre fue el sistema. Por eso las feministas tenemos que ir aún más lejos, hasta cambiarlo todo",1501,681,325,79363,171,0,0,0,-0.4019,negative
1883783503072157929,IreneMontero,Irene Montero,Mon Jan 27 07:46:00 +0000 2025,"Con titulares así del principal medio “progresista” de España, que no nos vuelvan a decir que la desinformación viene de las redes sociales y de la extrema derecha.

Un servilismo miserable con Trump mientras @petrogustavo gana representando la dignidad de la humanidad",6245,2248,1025,325421,269,0,1,0,-0.6597,negative
1883629343072727390,IreneMontero,Irene Montero,Sun Jan 26 21:33:26 +0000 2025,"Mi apoyo al Presidente Petro y al pueblo colombiano ante las agresiones imperialistas y racistas de Trump.

Gracias @Claudiashein, @XiomaraCastroZ, @petrogustavo por tanta valentía en defensa de la dignidad y la humanidad. No miremos para otro lado hasta ganarle al odio",16716,4677,2177,696326,270,0,3,0,-0.296,negative
1883536522273870060,IreneMontero,Irene Montero,Sun Jan 26 15:24:35 +0000 2025,Israel quiere exterminar al pueblo palestino y Trump lo apoya a las claras 👇🏼 https://t.co/aQtR5ZnQjt,4571,2546,646,112877,101,0,0,1,0.0,neutral
1883518769009668501,IreneMontero,Irene Montero,Sun Jan 26 14:14:03 +0000 2025,"El genocidio no ha terminado y el Estado terrorista de Israel cuenta con el apoyo de EEUU en su plan de exterminio del pueblo palestino. Hoy Donald Trump confirma su apoyo al desplazamiento forzoso y limpieza étnica sionista.

Trump, criminal https://t.co/MkKup00uDx",3676,1978,482,106810,266,0,0,1,-0.6636,negative
1882830556205023613,IreneMontero,Irene Montero,Fri Jan 24 16:39:20 +0000 2025,Milei necesita educación sexual https://t.co/x6zIGnvvio,5781,2045,4014,518405,55,0,0,1,0.0,neutral
1882818943871819867,IreneMontero,Irene Montero,Fri Jan 24 15:53:11 +0000 2025,Lo que no verás reclamar al Rey es respeto de los jueces a las víctimas de violencias machistas https://t.co/pMC5OtCkUE,3090,1380,1114,163597,119,0,0,1,-0.296,negative
1882801751155462422,IreneMontero,Irene Montero,Fri Jan 24 14:44:52 +0000 2025,"La gran coalición de guerra apoyada por el PSOE y el PP en Europa consiste básicamente en sacar dinero de nuestra sanidad y nuestras pensiones para pagar las guerras de Donald Trump.

¡Europa necesita paz, no más guerra y más austeridad!",1439,946,261,60936,237,0,0,0,-0.3595,negative
1882767731864535479,IreneMontero,Irene Montero,Fri Jan 24 12:29:42 +0000 2025,"No podemos pasar un solo día sin ayudas al transporte y sin suspensión de los desahucios. 

Exigimos al Gobierno que cumpla lo pactado con Podemos y apruebe ya un nuevo Real Decreto que asegure el escudo social",2621,1353,774,226419,210,0,0,0,-0.8555,negative
1882477854753247549,IreneMontero,Irene Montero,Thu Jan 23 17:17:49 +0000 2025,Además de un homenaje a Mujica es una muy bella canción ❤️‍🩹,1795,761,158,49743,60,0,0,0,0.0,neutral
1882448655065743386,IreneMontero,Irene Montero,Thu Jan 23 15:21:48 +0000 2025,Canal Red echa a andar también en México para hacer crecer las fuerzas de la esperanza y de otro mundo posible frente al odio y la reacción. ¡Enhorabuena y adelante! 🔥,2906,1128,610,195843,167,0,0,0,-0.4003,negative
1882392109933813910,IreneMontero,Irene Montero,Thu Jan 23 11:37:06 +0000 2025,Ninguna duda de que van a salir con el club Bilderberg 😂 https://t.co/bdZ07fLZYm,7085,2976,1167,247128,80,0,0,1,0.4404,positive
1882380790476267653,IreneMontero,Irene Montero,Thu Jan 23 10:52:08 +0000 2025,"Hubo un tiempo en el que decir que hay jueces machistas, que se necesita formación, perspectiva de género y especialización de la justicia molestaba a la derecha y a los amigos de 40 y 50 años del Presidente

Menos mal que el feminismo está cambiando todo

https://t.co/617VpqIlfg",1945,933,310,38745,280,0,0,1,0.0,neutral
1939760033081762143,IreneMontero,Irene Montero,Mon Jun 30 18:56:45 +0000 2025,"Hoy, con los trabajadores del metal en huelga, exigimos al Gobierno el fin de la represión a quienes hacen lo que haríamos cualquiera: pelear el pan de sus familias y trabajo digno

Si hoy tenemos jornada de 8h y derechos laborales es porque hay trabajadores que han hecho huelga. https://t.co/saNX5Xgw1z",2837,1365,475,135718,304,0,0,1,0.0,neutral
1939669479136571825,IreneMontero,Irene Montero,Mon Jun 30 12:56:55 +0000 2025,"Lo que le están haciendo a @SarahPerezSanta es violencia política contra las mujeres y el objetivo es que callando a una nos callen a todas

Tienes todo mi apoyo Sarah. El silencio solo sirve para que nada cambie. Al fascismo se le para alzando la voz y avanzando en derechos",2815,1197,1868,337677,275,0,1,0,0.0,neutral
1939350611050352854,IreneMontero,Irene Montero,Sun Jun 29 15:49:51 +0000 2025,"Mi solidaridad con @juliamengo 

Es violencia política organizada desde el poder más reaccionario: van contra una para disciplinar a todas. Y creen que cuanto más miserable y cruel sea más nos asustan y aíslan

Nos encontrarán juntas para cambiarlo todo y acabar con su impunidad",989,368,305,70374,279,0,1,0,-0.7906,negative
1939218801167605939,IreneMontero,Irene Montero,Sun Jun 29 07:06:05 +0000 2025,"“El rearme supone una escalada, ya que se adquiere material militar para usarlo o para venderlo: no permanece eternamente en almacenes, ya que envejece y caduca […] Eso supone una escalada en algún lugar del mundo” @olgarodriguezfr 

https://t.co/2YWaWopW0Q",1262,729,222,36362,257,0,1,1,-0.296,negative
1939024482435264777,IreneMontero,Irene Montero,Sat Jun 28 18:13:56 +0000 2025,"Orban ha prohibido el Orgullo diciendo que es un peligro para la infancia

Lo que les pone en peligro es el odio y la LGTBIfobia. Les protegemos si desde pequeños saben que tienen derecho a ser quienes son

Al fascismo y al odio se les para con visibilidad y Orgullo LGTBIQ+ https://t.co/2XimSmbKjF",5490,1824,2458,545465,298,0,0,1,0.34,positive
1938996387867472095,IreneMontero,Irene Montero,Sat Jun 28 16:22:18 +0000 2025,Orbán ha prohibido el Orgullo y esta ha sido la respuesta. Más visibilidad y mucho LGTBIAQ+ para parar su fascismo y su odio  💜🏳️‍🌈🏳️‍⚧️✊ https://t.co/wgf7vUlc51,6457,1759,1748,1092374,161,0,0,1,0.8402,positive
1938922721317958129,IreneMontero,Irene Montero,Sat Jun 28 11:29:34 +0000 2025,"El Orgullo no es de a quién amas sino de ser quien eres 

Por eso cuestionar a las personas LGTBIQ+ y oponerse a las leyes que garantizan sus derechos es abrir la puerta a la discriminació

Aún estáis a tiempo de retirar el recurso de inconstitucionalidad de la Ley Trans y LGTBI https://t.co/4fGIPzo5na",1748,727,488,71850,303,0,0,1,-0.296,negative
1938885100755882000,IreneMontero,Irene Montero,Sat Jun 28 09:00:05 +0000 2025,"El viernes nos encontramos con mucho Orgullo LGTBIAQ+ y furia trans porque es juntas, juntes y juntos como avanzamos en derechos y como nos protegemos del odio.

¡Estáis todes invitades! https://t.co/wkK3Wvlv0Z",691,281,320,45791,210,0,0,1,0.0,neutral
1938875205423898945,IreneMontero,Irene Montero,Sat Jun 28 08:20:46 +0000 2025,"Orgullo LGTBIQ+ para que todas las personas puedan vivir su vida y no solo imaginarla: no es democracia si no estamos todas, todos y todes

Orgullo, memoria, visibilidad y furia trans para frenar el odio y avanzar en derechos y vidas dignas. https://t.co/B7DzfLP58U",1442,569,523,78840,265,0,0,1,-0.6808,negative
1938665521278238797,IreneMontero,Irene Montero,Fri Jun 27 18:27:33 +0000 2025,"Estamos en Hungría porque Orban ha prohibido el Orgullo. Vamos a responder al odio, la LGTBIfobia y el fascismo de Orban con visibilidad, mucho orgullo y más derechos 🏳️‍🌈🏳️‍⚧️ https://t.co/cUFyK4KZ9B",4658,1713,2714,598873,200,0,0,1,0.34,positive
1938614616604422210,IreneMontero,Irene Montero,Fri Jun 27 15:05:16 +0000 2025,El gobierno de Orbán persigue a las personas LGTBIAQ+ y ha prohibido el Orgullo. Las personas LGTBIAQ+ en Hungría responderán con visibilidad y recibirán la solidaridad de toda Europa. Estamos allí con ellas. Vamos a parar el odio con mucho orgullo y con derechos ✊🏼🏳️‍🌈🏳️‍⚧️,1624,852,584,100026,275,0,0,0,0.34,positive
1938473990990823835,IreneMontero,Irene Montero,Fri Jun 27 05:46:29 +0000 2025,"El Gobierno de España, en cumplimiento de la ley y la legalidad internacional, debe impedir que este barco salga de cualquier puerto del Estado.

Basta de complicidad con el genocidio",1401,810,158,53401,183,0,0,0,0.0,neutral
1938192424347558382,IreneMontero,Irene Montero,Thu Jun 26 11:07:38 +0000 2025,"La realidad es que ayer todos los gobiernos de Europa, y España igual que el resto, acordaron en la OTAN una década de guerras y recortes sociales para pagar armas a las órdenes de EEUU

Es un asalto a nuestra soberanía

No a la guerra y no a la OTAN https://t.co/QlE8dTPBNI",4990,2519,613,109159,274,0,0,1,-0.5267,negative
1938152436079739084,IreneMontero,Irene Montero,Thu Jun 26 08:28:44 +0000 2025,"El acuerdo de la OTAN es un asalto a la soberanía de España y Europa. Nos pone a las órdenes de la mayor amenaza a la paz mundial, EEUU, y nos lleva a una década de recortes sociales.

Por lo demás, ¿alguien se cree que Alemania va a necesitar gastar el 5% pero España solo el 2%? https://t.co/uLFlLr4vrW",2112,1085,226,45166,304,0,0,1,0.0,neutral
1937957511400964167,IreneMontero,Irene Montero,Wed Jun 25 19:34:10 +0000 2025,"Sánchez ha firmado arrodillarnos a EEUU igual que el resto, llevándonos a una década de guerra y recortes sociales para pagar armas

De Trump no aceptamos ni amenazas ni órdenes a través de la OTAN: hay que impedir el uso de nuestras bases militares y salir de la OTAN ya https://t.co/ZTGlwUbDjI",3780,1695,904,541159,295,0,0,1,0.0516,positive
1937861789024174303,IreneMontero,Irene Montero,Wed Jun 25 13:13:48 +0000 2025,"Sánchez ha comprometido ante la OTAN el 5% del PIB en gasto militar 

No hay excepciones, Sánchez mintió. Sí habrá duros recortes sociales para pagar esas armas y hacer las guerras que Trump ordena

Es una grave decisión que pone a España en peligro

No a la OTAN. No a la guerra",4956,1813,1725,693863,279,0,0,0,-0.7003,negative
1937801356103864412,IreneMontero,Irene Montero,Wed Jun 25 09:13:40 +0000 2025,"El rearme y la OTAN nos ponen en peligro

Sánchez no debe firmar el acuerdo de guerra y genocidio en la OTAN. No queremos una nueva foto de las Azores, un nuevo Irak, un nuevo 11M

Gracias a @ElHuffPost por esta entrevista 

https://t.co/imn5TJkWeo",913,473,123,22879,248,0,1,1,-0.5267,negative
1937560439707029648,IreneMontero,Irene Montero,Tue Jun 24 17:16:21 +0000 2025,"La OTAN nos pone en riesgo. 

No queremos ni recortes para pagar armas, ni otro Irak ni otro 11M 

Somos un país de paz. Si quieren guerra, que vayan ellos https://t.co/N3uvYMXVFz",4639,2221,619,95285,179,0,0,1,-0.296,negative
1937531861816996037,IreneMontero,Irene Montero,Tue Jun 24 15:22:48 +0000 2025,"“Europa va a pagar a lo grande, y será tu victoria” le dice el jefe de la OTAN a Trump

El rearme y la OTAN nos ponen en peligro: no sirven para defendernos sino para ponernos a las órdenes de Trump

Proteger a España es no firmar mañana este acuerdo de guerra en la OTAN https://t.co/Ejpi4TVWdy",2553,1519,278,68007,295,0,0,1,-0.5267,negative
1937481306579042679,IreneMontero,Irene Montero,Tue Jun 24 12:01:54 +0000 2025,"Puro golpismo judicial

El PSOE se equivocó dedicando más tiempo a frenar a la izquierda y a las feministas que incomodaban que a parar a los reaccionarios. Les dieron la mano y les han cogido el brazo

La tarea sigue siendo urgente: defender la democracia de estos golpistas https://t.co/FY7x01DkhT",2894,1434,784,115340,299,0,0,1,0.1027,positive
1937436332873154796,IreneMontero,Irene Montero,Tue Jun 24 09:03:12 +0000 2025,"La OTAN y el rearme nos ponen en peligro. No sirven para defendernos sino para hacer las guerras que Trump ordena

España es un país de paz. No podemos seguir siendo aliados de EEUU e Israel, los dos mayores peligros para la seguridad del mundo 👇 https://t.co/6Ly8b6qPdP",5389,2669,660,127144,270,0,0,1,-0.5267,negative
1937190875416711410,IreneMontero,Irene Montero,Mon Jun 23 16:47:50 +0000 2025,"El domingo dijo el 2,1%, hoy ya es el 3,5%, y el miércoles Pedro Sánchez firmará el 5% del gasto militar junto a Trump. 

Suena a eso que decía Felipe González… 5% de entrada, no. Y ya sabemos cómo termina 👇 https://t.co/7CDaisnZwW",1652,875,412,103265,231,0,0,1,0.0,neutral
1936824403834069399,IreneMontero,Irene Montero,Sun Jun 22 16:31:36 +0000 2025,"Sánchez no debe firmar este acuerdo en la próxima cumbre de la OTAN

Comprometerse con esta alianza criminal no nos protege, nos lleva a la guerra de la mano de EEUU e Israel, las mayores amenazas a la seguridad mundial

España es un país de paz. No queremos otro Irak ni otro 11M",808,325,91,30649,280,0,0,0,-0.8402,negative
1936823746616078515,IreneMontero,Irene Montero,Sun Jun 22 16:29:00 +0000 2025,"Después del ataque ilegal de EEUU e Israel a Irán, queda claro que ser sus aliados es un grave peligro. Rearme y OTAN no sirven para defendernos sino para hacer sus guerras

Hay que salir de la OTAN, impedirles el uso de nuestras bases militares y embargo de armas a los genocidas",875,308,86,33792,280,0,0,0,-0.5859,negative
1936821387055735271,IreneMontero,Irene Montero,Sun Jun 22 16:19:37 +0000 2025,"El Gobierno acepta un aumento de gasto militar, aunque flexible, y cumplir los objetivos de la OTAN

Más allá del titular, hay aumento de gasto militar que se pagará con recortes. Y estar en la OTAN sigue siendo un peligro para España porque haremos las guerras que Trump ordena",3023,1214,550,209943,278,0,0,0,0.2263,positive
1936758872955408613,IreneMontero,Irene Montero,Sun Jun 22 12:11:13 +0000 2025,"Ser aliados de EEUU e Israel nos pone en peligro. 

El rearme y la OTAN no son para protegernos, sirven para que Europa vaya a las guerras que Trump ordena.

No queremos otro Irak ni otro 11M. El Gobierno debe sacar ya a España de la OTAN. https://t.co/j75uO8oYGX",14646,5274,2431,1641649,263,0,0,1,-0.5267,negative
1936731277102879153,IreneMontero,Irene Montero,Sun Jun 22 10:21:33 +0000 2025,"El PSOE nos pide que quitemos importancia a su corrupción porque si no, viene la derecha. Pero el único partido que ha facilitado un gobierno de derechas es el PSOE. 

Hay que construir la alternativa al bipartidismo

Gracias @Fgarea por esta entrevista

https://t.co/zc94SB3RyD",1362,659,251,40262,278,0,1,1,0.34,positive
1936684637717147820,IreneMontero,Irene Montero,Sun Jun 22 07:16:14 +0000 2025,"Además, el Gobierno debe impedir que EEUU use bases militares españolas para agredir ilegalmente a Irán y practicar un embargo total de armas a los genocidas.

España es un país de paz. No queremos otro Irak ni otro 11M",2490,857,217,56325,219,0,0,0,-0.296,negative
1936683273867915405,IreneMontero,Irene Montero,Sun Jun 22 07:10:48 +0000 2025,"EEUU ataca ilegalmente a Irán junto a Israel

Trump ataca contando con Europa de aliada. El rearme y la OTAN nos ponen en peligro: no sirven para defendernos sino para que Europa haga las guerras que Trump ordena

Exigimos a Sánchez que saque ya a España de esta alianza criminal https://t.co/I2Z8ZvZz5F",8243,3507,1948,545881,303,0,0,1,-0.6808,negative
1936153752391635191,IreneMontero,Irene Montero,Fri Jun 20 20:06:41 +0000 2025,Si el Gobierno quiere hacer algo que se deje de titulares grandilocuentes y de palabrería y que haga un embargo total de armas y rompa relaciones diplomáticas con los genocidas YA https://t.co/tDHhEL61Tb,4466,1960,453,89096,203,0,0,1,0.0,neutral
1936149746462134681,IreneMontero,Irene Montero,Fri Jun 20 19:50:46 +0000 2025,"Por si no tenías claro que el rearme es un robo a mano armada a las órdenes de Donald Trump, aquí la monarquía corrupta dando su apoyo a gastar en armas el dinero de escuelas y hospitales👇🏼",2018,843,365,117986,189,0,0,0,-0.296,negative
1936054048870088875,IreneMontero,Irene Montero,Fri Jun 20 13:30:30 +0000 2025,"Europa ha sancionado en los últimos años a decenas de países en todo el mundo, ¿por qué Israel sigue exterminando a los palestinos y bombardeando los países que le da la gana con total impunidad? https://t.co/kMll5WoXkQ",5970,3152,538,95466,219,0,0,1,0.34,positive
1935987942427967499,IreneMontero,Irene Montero,Fri Jun 20 09:07:49 +0000 2025,"Nosotras no queremos tener que elegir entre lo malo y lo peor, entre la corrupción del PSOE o la del PP, entre el rearme del PSOE o del PP.

Hay que construir la alternativa para que España siga avanzando en derechos. Estos años hemos demostrado que es posible. https://t.co/Sk7CPVBxur",1764,827,589,66686,285,0,0,1,-0.296,negative
1935795606175277312,IreneMontero,Irene Montero,Thu Jun 19 20:23:32 +0000 2025,"Un joven es estrangulado hasta morir por un policía en Torrejon, y 41.000 personas lo celebran en las redes. Si normalizamos el odio y el racismo, el racismo mata. 

No cedamos ni un milímetro al racismo y la violencia institucional https://t.co/XpLmDGOnu3",9823,3627,3227,686766,256,0,0,1,-0.296,negative
1935791849060384931,IreneMontero,Irene Montero,Thu Jun 19 20:08:36 +0000 2025,"Pedro Sánchez ha admitido hoy que aumentar hasta el 5% el gasto en defensa implicaría recortes. Lo negó siempre, pero es que el 2% que subió también ha implicado recortes. Insumisas frente al rearme, defendemos un país de paz y más derechos👇 https://t.co/arkkFYdCAn",2757,1183,370,127959,265,0,0,1,0.5859,positive
1935645816573858249,IreneMontero,Irene Montero,Thu Jun 19 10:28:19 +0000 2025,"Adri, tú y tu familia no estáis solos. 

Seguiremos peleando por tu libertad y por el fin de la criminalización de la protesta",809,416,65,27091,126,0,0,0,-0.296,negative
1935637521242747221,IreneMontero,Irene Montero,Thu Jun 19 09:55:22 +0000 2025,"En 11 años, #CorrupciónCero y no le debemos ni un euro a los bancos

El bipartidismo es el problema. Hay que construir la alternativa. Solo hay una fuerza más poderosa que el bipartidismo corrupto: la de la gente que no se resigna a elegir entre lo malo y lo peor. https://t.co/nUCZBgCfN1",4030,2574,532,91912,288,1,0,1,-0.5267,negative
1935615050401698276,IreneMontero,Irene Montero,Thu Jun 19 08:26:04 +0000 2025,"La alternativa a la corrupción del PSOE nunca puede ser la corrupción del PP. El bipartidismo es el problema. 

La alternativa tenemos que construirla nosotras 👇 https://t.co/9naIMKm1Wy",1619,729,648,54990,185,0,0,1,0.0,neutral
1935360551825137782,IreneMontero,Irene Montero,Wed Jun 18 15:34:47 +0000 2025,"El Gobierno debe revocar la autorización de uso a EEUU de las bases militares que Trump esté usando para enviar fuerza militar a Israel

Así lo permiten los acuerdos bilaterales y en el marco de la OTAN

Basta de complicidad con los genocidas https://t.co/xkyODJjVvn",1903,1138,325,68956,266,0,0,1,0.0,neutral
1935288220029444574,IreneMontero,Irene Montero,Wed Jun 18 10:47:22 +0000 2025,Israel y EE.UU son hoy la mayor amenaza para la humanidad y Europa se arrodilla a sus órdenes https://t.co/mC6EE4V0KU,24101,11091,1537,508824,117,0,0,1,0.0,neutral
1935054580146123145,IreneMontero,Irene Montero,Tue Jun 17 19:18:58 +0000 2025,Israel y EE.UU son hoy la principal amenaza a la humanidad https://t.co/06TbEKsHSO,12724,5259,2722,628394,82,0,0,1,0.0,neutral
1935020742141186137,IreneMontero,Irene Montero,Tue Jun 17 17:04:30 +0000 2025,"Ojalá, por fin, este paso sea el primero por el cual la justicia haga justicia con Juana Rivas y sus dos hijos, y sean protegidos frente a la violencia machista y la violencia institucional que llevan años sufriendo

Contigo y con tus hijos, Juana 💜

https://t.co/HDIUN9SnLc",1317,572,223,135879,274,0,0,1,0.6369,positive
1935011842360758376,IreneMontero,Irene Montero,Tue Jun 17 16:29:08 +0000 2025,"Frente a la Europa de rearme y complicidad con el genocidio, a las órdenes de Trump, nosotras construimos una Europa de paz y avance en derechos. 

Este jueves a las 18.30h acto internacional para decirle a las élites europeas que a la guerra vayan ellos 👇 https://t.co/7vSdviasFA",626,379,57,19131,280,0,0,1,0.0,neutral
1934996664424488988,IreneMontero,Irene Montero,Tue Jun 17 15:28:49 +0000 2025,"Europa mejora la lucha contra las violencias sexuales en la infancia pero sigue teniendo una deuda pendiente con las madres protectoras, que defienden a sus hijos e hijas y a si mismas de la violencia machista de sus maltratadores 👇🏼 https://t.co/XLmpQKFA1m",1277,621,134,28612,257,0,0,1,0.0,neutral
1934970438280442254,IreneMontero,Irene Montero,Tue Jun 17 13:44:37 +0000 2025,"Nos piden que le quitemos importancia a la corrupción porque “viene la derecha” 

Pero al fascismo lo paran las feministas, no los corruptos.

El bipartidismo es el problema. Tenemos que construir la alternativa https://t.co/97mgfDUrV0",1897,920,737,101584,235,0,0,1,-0.296,negative
1934939822613004629,IreneMontero,Irene Montero,Tue Jun 17 11:42:57 +0000 2025,"El Gobierno debe aclarar si Trump está usando la base de Morón para dar apoyo a Israel en pleno ataque ilegal a Irán y genocidio en Gaza y si es así restringir la autorización de uso

España no puede seguir siendo ruta clave de la fuerza militar con la que actúan los genocidas https://t.co/66fv7cEFjl",4489,2536,693,233888,301,0,0,1,-0.296,negative
1934873610805760332,IreneMontero,Irene Montero,Tue Jun 17 07:19:51 +0000 2025,"Israel ataca de forma ilegal a Irán mientras continúa el exterminio en Gaza. ¿Lo condena Europa? No, apoyan al agresor insistiendo en la propaganda genocida de que Israel tiene derecho a defenderse

Von der Leyen y la UE deben responder por este criminal apoyo a los genocidas",6900,2967,621,199344,276,0,0,0,-0.6597,negative
1934689293525557524,IreneMontero,Irene Montero,Mon Jun 16 19:07:27 +0000 2025,"Qué peligroso el discurso que culpa a las mujeres de las agresiones sexuales.

El único responsable de una agresión machista es el agresor https://t.co/t3fSNMuZA0",5046,1751,696,171601,162,0,0,1,0.0,neutral
1934648769422774758,IreneMontero,Irene Montero,Mon Jun 16 16:26:25 +0000 2025,"Al fascismo no le puede parar quien roba, quien comercia armas con genocidas, quien va a gastar en armas el dinero de hospitales y pensiones

Nos quieren hacer elegir entre la corrupción del PSOE y la del PP. Pero el problema es el bipartidismo. Toca construir la alternativa",482,211,103,24655,275,0,0,0,-0.296,negative
1934648765257830461,IreneMontero,Irene Montero,Mon Jun 16 16:26:24 +0000 2025,"Sánchez no ha dicho nada

Hoy critica el machismo pero cuando había que proteger los avances feministas eligió defender a esos amigos de 40 y 50 a los que el feminismo molestaba

No quiere acabar con la corrupción sino que le quitemos importancia “porque si no, viene la derecha”",2938,975,635,278247,279,0,0,0,-0.4284,negative
1934593987995644229,IreneMontero,Irene Montero,Mon Jun 16 12:48:44 +0000 2025,"El PSOE roba, impone el rearme, sigue comerciando armas con Israel… y todavía se atreven a pedir que no le demos tanta importancia, que si no viene la derecha

Lo siento, pero no. Hay alternativa al PSOE y al PP. Demasiadas veces nos han dicho que era imposible y lo hemos hecho",3610,1369,1262,280769,278,0,0,0,-0.5267,negative
1934575244347343136,IreneMontero,Irene Montero,Mon Jun 16 11:34:15 +0000 2025,"Sánchez no quiere acabar con la corrupción, quiere una foto que lave su imagen

Para minimizar la importancia de la corrupción con Podemos que no cuenten",1346,521,650,178363,153,0,0,0,-0.5267,negative
1934567248699830275,IreneMontero,Irene Montero,Mon Jun 16 11:02:29 +0000 2025,"Los que roban no pueden parar a la extrema derecha.

La corrupción, el rearme y la complicidad con el genocidio es lo que le abre la puerta a que lleguen las derechas

La corrupción es la forma de gobierno del bipartidismo y no vamos a elegir entre la del PP y la del PSOE. https://t.co/vbYB3tGeWb",2111,1038,533,79135,297,0,0,1,-0.5267,negative
1934250296772870653,IreneMontero,Irene Montero,Sun Jun 15 14:03:02 +0000 2025,"No vamos a elegir entre la corrupción del PSOE o del PP, entre el rearme del PSOE o del PP, entre las privatizaciones del PSOE o del PP

El bipartidismo no da más. Vamos a levantar la alternativa republicana, feminista y plurinacional para seguir avanzando en derechos https://t.co/4TUr4yGI6v",3979,1719,1390,302958,292,0,0,1,-0.5267,negative
1933923728435425750,IreneMontero,Irene Montero,Sat Jun 14 16:25:22 +0000 2025,"Esto ya no es el caso Koldo, ni Ábalos ni Cerdán, es el caso PSOE. No son manzanas podridas, se necesitaba la estructura del partido y del Gobierno. La corrupción es la forma de gobierno del bipartidismo https://t.co/60x0nMBQ9x",1891,809,545,86299,227,0,0,1,-0.5267,negative
1933813564642296180,IreneMontero,Irene Montero,Sat Jun 14 09:07:36 +0000 2025,"Vuelve a quedar claro que bipartidismo es corrupción. Y rearme, recortes, complicidad con el genocidio. 

Volvamos a demostrar juntas que es posible cambiar el rumbo de este país por uno de paz, feminismo y servicios públicos 👇 

https://t.co/OY9WQs9d6W",1914,824,1548,1348896,253,0,0,1,0.0,neutral
1933600206806814767,IreneMontero,Irene Montero,Fri Jun 13 18:59:48 +0000 2025,"Los genocidas no pueden quedar en la impunidad, pero tampoco quienes les amparan y apoyan: Úrsula Von der Leyen, Kaja Kallas y todos los cómplices europeos y estadounidenses https://t.co/SZ6WCwcHfR",7109,3594,675,98807,197,0,0,1,-0.296,negative
1933522399124992084,IreneMontero,Irene Montero,Fri Jun 13 13:50:37 +0000 2025,"Nos quieren resignadas para imponer el rearme, los recortes y la complicidad con el genocidio. Nos encontrarán con esperanza y fortaleciendo nuestras alianzas europeas para construir la alternativa feminista, de paz y derechos 👇",1117,604,160,36004,228,0,0,0,0.0,neutral
1933431607181881848,IreneMontero,Irene Montero,Fri Jun 13 07:49:51 +0000 2025,"Israel ha atacado esta noche a Irán mientras en Gaza continúa su plan de exterminio asesinando a quienes buscan comida

No tienen límite porque nadie les pone límites. Europa y España deben practicar un embargo de armas y romper relaciones. Basta de complicidad con los genocidas",7259,2778,845,212633,279,0,0,0,0.0516,positive
1933198762572206368,IreneMontero,Irene Montero,Thu Jun 12 16:24:36 +0000 2025,"Sánchez intenta con disculpas cerrar el tema y no afectar al Gobierno. Pero para adjudicar contratos hacen falta gobiernos

La corrupción es la forma de gobierno del bipartidismo. Lo que Sánchez debe dar y no puede es reparación -el dinero es público- y garantías de no repetición",1968,857,505,149520,280,0,0,0,-0.6808,negative
1933174394874134647,IreneMontero,Irene Montero,Thu Jun 12 14:47:47 +0000 2025,"La dimisión de Santos Cerdán intenta acabar con el escándalo mediático pero no resuelve el problema

La corrupción no es individual, ha sido posible gracias a la estructura del partido a través de su Secretaría de Organización

No es el caso Abalos o Cerdán, es el caso PSOE",11301,1700,2224,1075325,274,0,0,0,-0.4939,negative
1933164393878990858,IreneMontero,Irene Montero,Thu Jun 12 14:08:02 +0000 2025,"Cada vez más informaciones apuntan a que lo que estamos viendo ya no va de manzanas podridas, ni del “Caso Ábalos”, sino de algo estructural que afecta al PSOE y hace un daño enorme a nuestra democracia.",1268,621,239,64944,203,0,0,0,-0.296,negative
1933123776935235938,IreneMontero,Irene Montero,Thu Jun 12 11:26:38 +0000 2025,"El bipartidismo es corrupción

Este Gobierno es una alfombra roja para la derecha y los fascistas, que ya mandan aunque no gobiernen

España necesita una izquierda fuerte para que pasen las cosas que el bipartidismo no quiere que pasen: paz, feminismo, derechos",5707,1662,2080,541652,261,0,0,0,-0.5267,negative
1932864004944232810,IreneMontero,Irene Montero,Wed Jun 11 18:14:24 +0000 2025,"Si compara a una mujer con una botella, amiga, ahí no es https://t.co/9VYdkX9hjO",4840,1301,700,170996,80,0,0,1,-0.296,negative
1932769961279197669,IreneMontero,Irene Montero,Wed Jun 11 12:00:42 +0000 2025,Mi compañera @RimaHas lleva dos días secuestrada por el ejército israelí y va a ser trasladada a la prisión de Givon. Es inaceptable. El Parlamento Europeo y la Comisión Europea deben actuar ya frente a los genocidas para garantizar la seguridad de la eurodiputada,11233,4861,1104,404674,264,0,1,0,0.0,neutral
1932765664202178875,IreneMontero,Irene Montero,Wed Jun 11 11:43:38 +0000 2025,Pactar el Consejo General del Poder Judicial con el PP fue una excelente jugada. Qué podía salir mal 🤦🏻‍♀️,2194,931,173,68439,106,0,0,0,0.0,neutral
1932705180216406327,IreneMontero,Irene Montero,Wed Jun 11 07:43:17 +0000 2025,"El Secretario General de la OTAN deja claro que el aumento de gasto militar se hará destrozando los servicios públicos 

Exigimos al Gobierno que no firme este aumento de gasto militar y que no mientan más

Si quieren guerra que la paguen ellos, no con nuestra salud y educación",1712,1167,223,45732,278,0,0,0,-0.6808,negative
1932696240334180407,IreneMontero,Irene Montero,Wed Jun 11 07:07:46 +0000 2025,"El camino del rearme es el de los recortes y la destrucción de los servicios públicos

Hay que movilizarse ahora que estamos a tiempo y decir no a este Gobierno de la guerra, el rearme y la complicidad con el genocidio

Paz, feminismo, servicios públicos, más derechos https://t.co/IHvzgrmYu8",658,432,73,14826,292,0,0,1,-0.296,negative
1932550520440267058,IreneMontero,Irene Montero,Tue Jun 10 21:28:43 +0000 2025,"El actual ministro de Justicia de Argentina, con Milei, explica que @CFKArgentina es INOCENTE",1658,666,351,134256,93,0,1,0,0.0,neutral
1932534272742564051,IreneMontero,Irene Montero,Tue Jun 10 20:24:10 +0000 2025,"La condena a Cristina Fernández es golpismo: guerra sucia judicial y mediática para que, golpeando a una, todo un pueblo renuncie a una vida con derechos

La quieren presa y fuera de la política. A las fuerzas democráticas del mundo nos deben encontrar a su lado

Contigo Cristina",4979,1366,2103,449265,280,0,0,0,0.0,neutral
1932520666361635083,IreneMontero,Irene Montero,Tue Jun 10 19:30:06 +0000 2025,"Después de Vicky Rosell, granadinas, PISA, el TS robando un escaño a Podemos, Neurona o la ofensiva contra la Ley Sólo sí es sí ¿alguien duda que lo del Fiscal General es guerra sucia?

Aprietan para que dimita, pero lo urgente es parar a los golpistas y acabar con su impunidad",3543,1690,173,72449,278,0,0,0,0.0,neutral
1932486449347051552,IreneMontero,Irene Montero,Tue Jun 10 17:14:08 +0000 2025,"Era Marchena quien firmaba las cartas a Batet para retirar un escaño a Podemos de forma inconstitucional y antidemocrática

Eran los tiempos en los que el PSOE miraba para otro lado o peor, legitimaba la guerra sucia

Les dieron la mano y les cogieron el brazo",2389,1754,104,42285,260,0,0,0,0.0,neutral
1932461541573468581,IreneMontero,Irene Montero,Tue Jun 10 15:35:09 +0000 2025,Qué belleza 💜,614,235,43,16722,13,0,0,0,0.6369,positive
1932460901526884617,IreneMontero,Irene Montero,Tue Jun 10 15:32:36 +0000 2025,"Y de aquellos polvos, estos lodos.

A los golpistas si les das la mano, te cogen el brazo",2178,1146,205,59224,89,0,0,0,0.0,neutral
1932453344867500368,IreneMontero,Irene Montero,Tue Jun 10 15:02:35 +0000 2025,"El proceso contra el FGE es guerra sucia. Hay sectores reaccionarios que mandan sin control democrático, dispuestos a hacer golpismo para que siga siendo así

Es guerra sucia, pero ¿qué esperaba el PSOE que miró para otro lado cuando iban contra Podemos o contra las feministas? https://t.co/YZVJ65mU2j",1441,770,148,19242,302,0,0,1,-0.5574,negative
1932439471271952880,IreneMontero,Irene Montero,Tue Jun 10 14:07:27 +0000 2025,Si hoy el Fiscal General del Estado puede acabar sentado en el banquillo es porque hay golpistas haciendo guerra sucia a la democracia desde el poder judicial y mediático https://t.co/0cIgHZrI1T,4544,2043,719,82922,194,0,0,1,0.0,neutral
1932044906064695525,IreneMontero,Irene Montero,Mon Jun 09 11:59:35 +0000 2025,"Les tuvimos que parar los pies a tiempo, pero como entonces al PSOE le beneficiaba electoralmente, les dejaron pasar

Hoy, igual que ayer, a los golpistas que hacen guerra sucia se les para con valentía y avanzando en derechos, no con un Gobierno bipartidista y en parálisis",1645,921,146,42306,274,0,0,0,-0.296,negative
1932041771338403928,IreneMontero,Irene Montero,Mon Jun 09 11:47:08 +0000 2025,"Procesan al FGE porque en este país la derecha manda aunque no gobierne

Por eso pactar con ellos el CGPJ, permitir la ofensiva contra la Ley Sólo sí es sí o hacer política bipartidista como hace Sánchez es ponerles una alfombra roja. A los golpistas se les para con más derechos",2098,957,455,70147,279,0,0,0,-0.296,negative
1931996881824989645,IreneMontero,Irene Montero,Mon Jun 09 08:48:46 +0000 2025,La Flotilla de la Libertad ha sido secuestrada por Israel. Exigimos a Pedro Sánchez y los líderes europeos que garanticen su seguridad y la inmediata puesta en libertad de las defensoras de DDHH a bordo. Basta de complicidad europea con los genocidas https://t.co/IoLM8utzjH,8299,4322,1375,182439,274,0,0,1,0.34,positive
1931949033414688818,IreneMontero,Irene Montero,Mon Jun 09 05:38:38 +0000 2025,"La Flotilla de la Libertad ha sido asaltada y secuestrada por el ejército israelí esta noche violando el derecho internacional

Exigimos al Gobierno de España y las instituciones europeas que garanticen la seguridad y puesta en libertad de los y las defensoras de DDHH a bordo",6582,2728,762,197004,276,0,0,0,0.34,positive
1931820352104989145,IreneMontero,Irene Montero,Sun Jun 08 21:07:18 +0000 2025,"La Flotilla de la Libertad lleva a Gaza ayuda humanitaria. Israel ha anunciado que hará “lo que haga falta” para impedirlo

Las instituciones europeas y el Gobierno de España deben actuar ya para garantizar la seguridad de la Flotilla. Basta de complicidad con los genocidas",5625,1984,355,307699,274,0,0,0,0.34,positive
1931800038348599608,IreneMontero,Irene Montero,Sun Jun 08 19:46:34 +0000 2025,"El CGPJ debe impedir que Salvador Alba, ex juez expulsado de la carrera judicial por delincuente y corrupto, siga ejerciendo violencia contra @VickyRosell

El sistema debe proteger a las víctimas, no a los delincuentes que hacen guerra sucia aunque tengan contactos y poder",1851,1055,47,39954,273,0,1,0,-0.296,negative
1931448087668551730,IreneMontero,Irene Montero,Sat Jun 07 20:28:03 +0000 2025,¡Buenas noticias! 🥰,824,313,48,30022,19,0,0,0,0.8221,positive
1931317272481603972,IreneMontero,Irene Montero,Sat Jun 07 11:48:14 +0000 2025,El Gobierno no puede volver a firmar otro aumento del gasto militar a las órdenes de Trump. El rearme es un robo. Ese dinero para escuelas y hospitales 👇 https://t.co/AvGGkwAIbf,3823,1852,603,85161,177,0,0,1,-0.296,negative
1931021661383369161,IreneMontero,Irene Montero,Fri Jun 06 16:13:35 +0000 2025,"Los partidos del Gobierno dicen que están en contra del rearme, pero en cuanto Trump lo ordena lo firman sin rechistar 

Tenemos que cambiar desde las calles el rumbo de guerra y complicidad con el genocidio de este Gobierno, el más belicista de la democracia https://t.co/eWxXBOYQ97",1263,593,132,20407,283,0,0,1,-0.5574,negative
1930946928637841697,IreneMontero,Irene Montero,Fri Jun 06 11:16:37 +0000 2025,"El TS dice que @ionebelarra no es diputada cuando pone un twit. A este ridículo tienen que llegar para garantizar la impunidad de los suyos y perseguir a las diputadas que hacemos nuestro trabajo defendiendo la democracia de jueces corruptos

Contigo, Ione
https://t.co/FKyPGIJL4j",3170,1690,284,71727,280,0,1,1,-0.296,negative
1930920834056454556,IreneMontero,Irene Montero,Fri Jun 06 09:32:56 +0000 2025,"Ayuso es capaz de someterse ante los extranjeros que compran Madrid a trozos y que expulsan a las familias de los barrios, pero se enfada por que en España existan varias lenguas oficiales. “En los trances duros, los señoritos invocan la patria y la venden” decía Machado https://t.co/osVQyb3vht",5060,1991,781,124032,295,0,0,1,0.0,neutral
1930903939068690764,IreneMontero,Irene Montero,Fri Jun 06 08:25:48 +0000 2025,"Este gobierno de guerra va a firmar el mayor aumento de gasto militar de la democracia porque lo ordena Trump. Es dinero que no irá a escuelas y hospitales. 

Por eso, mañana sábado 7 de junio a las 12h nos vemos en Atocha para decir no al rearme y no al Gobierno de la guerra https://t.co/wO6oXhZ5hT",861,485,173,41168,300,0,0,1,-0.6808,negative
1930617259908542478,IreneMontero,Irene Montero,Thu Jun 05 13:26:38 +0000 2025,¿Los rentistas se esfuerzan para dar un servicio a la sociedad? Aquí mi respuesta https://t.co/FNSYY2JyVE,1114,601,239,29238,105,0,0,1,0.0,neutral
1930602787013865898,IreneMontero,Irene Montero,Thu Jun 05 12:29:07 +0000 2025,"Dimite por una denuncia de agresión sexual y Rueda dice que espera recuperarle. Como Feijóo con el “divorcio duro”, le faltó decir que “fue una mala noche”

El pacto entre caballeros para protegerse es cultura de la violación

Luego dirán que las feministas vamos demasiado lejos https://t.co/YLbnp3OxHf",1946,1055,407,52276,303,0,0,1,0.0,neutral
1930581994234073351,IreneMontero,Irene Montero,Thu Jun 05 11:06:30 +0000 2025,"La señora no se pone el pinganillo porque se cree más que nadie…

Pero luego se planta en Londres y da una conferencia en castellano pidiendo a los asistentes que se pongan el pinganillo",14210,3206,3308,1097789,186,0,0,0,-0.296,negative
1930549242898141519,IreneMontero,Irene Montero,Thu Jun 05 08:56:22 +0000 2025,"Ves este machismo asqueroso y el poder que le dan a machirulos como éste y sólo puedes pensar que poco hacemos las mujeres 

Todo mi apoyo a @SIntxaurrondo",8306,1349,1503,585653,155,0,1,0,0.0,neutral
1930536619414626536,IreneMontero,Irene Montero,Thu Jun 05 08:06:12 +0000 2025,Las 6 de la Suiza van a ir a prisión porque la justicia criminaliza a quienes hacen lo correcto: defender a una compañera del acoso laboral y sindicalismo para que todas tengamos derechos. Gracias a quienes estaréis a las 19:00h frente al Ayuntamiento de Xixon para dar apoyo.,1432,747,108,52704,276,0,0,0,0.1027,positive
1930223947485770216,IreneMontero,Irene Montero,Wed Jun 04 11:23:45 +0000 2025,Es macabro que este genocida lave su imagen utilizando a un niño después de asesinar a más de 15.000 en Palestina https://t.co/JKlUMYfGS1,12125,6143,1008,145239,137,0,0,1,0.0,neutral
1930217901585228024,IreneMontero,Irene Montero,Wed Jun 04 10:59:44 +0000 2025,"Desde que echamos a Rajoy, solo ha habido PGE en España con Podemos en el Gobierno 

Tomemos nota: no hemos ido demasiado lejos, tenemos que ir mucho más lejos y hacer más ruido. Los problemas se resuelven con más democracia, más feminismo y más derechos",1185,442,73,17918,254,0,0,0,0.0516,positive
1930215045947883807,IreneMontero,Irene Montero,Wed Jun 04 10:48:23 +0000 2025,"¿Os acordáis cuando decían que “hacíamos ruido”, que el bipartidismo era estabilidad?

Con este bochorno se vuelve a ver que bipartidismo es corrupción y que todo siga igual

La mayor estabilidad en España los últimos años ha sido avanzando en derechos con Podemos en el Gobierno",2851,1230,581,102613,279,0,0,0,0.34,positive
1929938690630889770,IreneMontero,Irene Montero,Tue Jun 03 16:30:15 +0000 2025,"El abogado de un acusado de violar a una chica de 14 años dice que “los que sufren son ellos”, que ser hombre no es fácil y cuestiona el consentimiento. Así suena la guerra abierta contra el derecho a la libertad sexual https://t.co/yQqBneHo0F",3882,1859,430,70258,243,0,0,1,-0.296,negative
1929933766828441873,IreneMontero,Irene Montero,Tue Jun 03 16:10:41 +0000 2025,"La armada Israelí anuncia que se ""preparan"" para la llegada de la Flotilla de la libertad que lleva ayuda humanitaria a Gaza y donde van @GretaThunberg  y la eurodiputada @RimaHas . Es absolutamente inaceptable esta amenaza a un barco que lleva ayuda humanitaria. Todo el apoyo.",8337,4145,631,177524,278,0,2,0,0.0,neutral
1929880216828010513,IreneMontero,Irene Montero,Tue Jun 03 12:37:53 +0000 2025,La verdadera okupación es la especulación 👇 https://t.co/BuhCdJLGIQ,4847,2162,816,123782,67,0,0,1,0.0,neutral
1929861589475152012,IreneMontero,Irene Montero,Tue Jun 03 11:23:52 +0000 2025,"Tenemos que volver a llenar las calles de Madrid por la paz, contra la guerra y el rearme. 

Este 7 de junio a las 12h nos vemos en Atocha, porque somos un pueblo de paz que se opone al gobierno del rearme y la complicidad con el genocidio. 

#7JContraElRearme https://t.co/o3rAT3XBtl",1099,722,168,24908,284,1,0,1,0.0,neutral
1929788897287925840,IreneMontero,Irene Montero,Tue Jun 03 06:35:01 +0000 2025,"Israel es un Estado terrorista pero si sigue asesinando impunemente es porque EEUU y Europa se lo permiten

El Gobierno de España sigue hoy mismo comprando, vendiendo y permitiendo el tránsito de armas a Israel

Gracias a esta hipocresía Israel asesina. Embargo de armas YA",5786,2937,462,124473,273,0,0,0,0.0,neutral
1929621537004368226,IreneMontero,Irene Montero,Mon Jun 02 19:29:59 +0000 2025,"Todo mi apoyo a las @6delaSuiza que pueden entrar en prisión después de una condena injusta que criminaliza la actividad sindical

Basta de perseguir a quienes se organizan en los trabajos. Gracias al sindicalismo y la organización social todas tenemos derechos",2023,1015,118,49752,261,0,1,0,0.0,neutral
1929468764686286871,IreneMontero,Irene Montero,Mon Jun 02 09:22:55 +0000 2025,"No es una guerra, es un genocidio

¿Y por qué no hacen lo que exigen? Israel bloquea la entrada de ayuda humanitaria porque ustedes se lo permiten

España sigue hoy comprando, vendiendo y permitiendo el tránsito de armas a Israel

Su hipocresía es criminal. Embargo de armas ya",2420,1332,320,70699,277,0,0,0,-0.7783,negative
1929435519055790276,IreneMontero,Irene Montero,Mon Jun 02 07:10:49 +0000 2025,"El Gobierno ha incluido en el plan de rearme la compra de armas a Israel “probadas en combate”, es decir, probadas en el genocidio

La hipocresía de este Gobierno es insoportable y criminal. 

El rearme y la complicidad con el genocidio van de la mano https://t.co/jW4WWgDSLz",1446,994,178,34173,275,0,0,1,-0.25,negative
1929117403251659158,IreneMontero,Irene Montero,Sun Jun 01 10:06:44 +0000 2025,"Es un avance. A nosotras nos pedían autocrítica. Y nos decían que las cloacas “se habían ido por el desagüe”. Y nos caía un chaparrón por decir que España no es una democracia plena

Ahora a ver si aceptan que a los fascistas se les para con más derechos, no con rearme y recortes",2273,1073,198,69750,280,0,0,0,-0.5267,negative
1928878106019766626,IreneMontero,Irene Montero,Sat May 31 18:15:51 +0000 2025,"Por la paz, contra este gobierno de guerra, rearme y complicidad con el genocidio. 

Exigimos a Sánchez que retire el plan de rearme y no comprometa más gasto militar por órdenes de Trump en la próxima cumbre de la OTAN. Menos armas, más escuelas y hospitales",1549,821,194,46089,259,0,0,0,-0.296,negative
1928721962500551070,IreneMontero,Irene Montero,Sat May 31 07:55:24 +0000 2025,En un rato estaré firmando libros en la Feria del libro de Madrid en la Carpa BOJ. Os espero por allí 💜 https://t.co/6jZn8KtOa9,1470,599,733,86058,127,0,0,1,0.6369,positive
1928427807178162648,IreneMontero,Irene Montero,Fri May 30 12:26:32 +0000 2025,Sobre el “yo en política no me meto” https://t.co/gNW3EkaFy2,3732,1728,764,82876,60,0,0,1,-0.296,negative
1928391759488262308,IreneMontero,Irene Montero,Fri May 30 10:03:17 +0000 2025,Pocas cosas hay más repugnantes que divertirte mientras participas en un genocidio https://t.co/OtUJnzK6X3,14793,5591,3344,687004,106,0,0,1,0.0,neutral
1928357419848962427,IreneMontero,Irene Montero,Fri May 30 07:46:50 +0000 2025,"La violencia vicaria es violencia machista y contra la infancia y se ejerce para dar a las mujeres donde más duele

Para proteger a las víctimas hay que apoyar a las madres y a sus hijas/os cuando están vivas, no cuestionarlas o mirar para otro lado

Mi apoyo. Nos queremos vivas",1209,607,318,70533,279,0,0,0,-0.296,negative
1928112515075952888,IreneMontero,Irene Montero,Thu May 29 15:33:40 +0000 2025,"Feijóo quiere moción de censura porque  la derecha ya manda aunque no gobierne. Guerra sucia desde el poder judicial y mediático y Sánchez gobernando como el PP: rearme, apoyo a Israel, regalos a rentistas, recortes en políticas feministas.A la derecha se le para con más derechos",2087,963,604,102972,280,0,0,0,-0.296,negative
1928021025800732708,IreneMontero,Irene Montero,Thu May 29 09:30:08 +0000 2025,"La pareja de Ayuso, a dar su mejor versión sentado en el banquillo por llenarse los bolsillos con comisiones durante la pandemia y luego intentar estafar a hacienda

No gobiernan, roban. Ayuso dimisión. https://t.co/07gBWnLdSc",3716,1642,619,129707,226,0,0,1,-0.296,negative
1927999925658300600,IreneMontero,Irene Montero,Thu May 29 08:06:17 +0000 2025,"La hipocresía del Gobierno buscando titulares de apoyo a Palestina mientras sigue comprando, vendiendo y permitiendo el tránsito de armas a Israel es criminal.

Embargo total de armas ya",1269,661,169,35002,186,0,0,0,-0.5267,negative
1927712439472169057,IreneMontero,Irene Montero,Wed May 28 13:03:55 +0000 2025,"¿Por qué permitimos que seres humanos se jueguen la vida y se ahoguen en nuestras fronteras?

No es un “drama”, es la consecuencia de políticas racistas y criminales en frontera

Urge abrir vías legales y seguras para migrar y dar más recursos a salvamento marítimo, no a FRONTEX",2242,1037,1498,232161,279,0,0,0,-0.5267,negative
1927705910807306590,IreneMontero,Irene Montero,Wed May 28 12:37:58 +0000 2025,"Llamar antisemita a quienes hacen todo lo posible para parar el genocidio es propaganda genocida, lo digan Ayuso o Netanyahu https://t.co/9m93vZ4aD5",7311,3413,571,104146,148,0,0,1,-0.25,negative
1927659922306548143,IreneMontero,Irene Montero,Wed May 28 09:35:14 +0000 2025,La violencia de los reaccionarios contra las mujeres trans aumenta amparada por tribunas mediáticas que las legitiman. Todo el apoyo a nuestra compañera agredida en Galicia. Mucho orgullo y furia Trans para hacer frente al odio,653,391,94,24541,227,0,0,0,0.0,neutral
1927639386729886045,IreneMontero,Irene Montero,Wed May 28 08:13:38 +0000 2025,"A Jorge, con su bandera en la pulsera, le parece mal expropiar viviendas de fondos de inversión y especuladores que no saben ni dónde está España para que pueda vivir en ellas la gente de a pie.

Van de patriotas para vender la patria.",3879,970,798,274720,235,0,0,0,-0.296,negative
1927285356912607579,IreneMontero,Irene Montero,Tue May 27 08:46:50 +0000 2025,"Me dicen ¿qué se puede hacer para no llegar al punto de la expropiación? 

¿Y por qué no expropiar? Para que las casas sean para vivir tenemos que ir al menos tan lejos como van cada día rentistas y grandes tenedores haciendo negocio con un derecho https://t.co/QCYRkoQiAW",3389,1525,2146,951100,272,0,0,1,-0.5803,negative
1927282422413975585,IreneMontero,Irene Montero,Tue May 27 08:35:11 +0000 2025,"Dos años de guerra sucia judicial y mediática contra @IraciHassler y de paso a @KarolCariola que terminan archivados

Conocemos bien esta violencia política para impedir los avances en derechos y desprestigiar a quienes los impulsan

¿Quién repara ahora el daño?

Todo mi apoyo 💜",522,281,28,24368,279,0,2,0,0.6369,positive
1927098836234735674,IreneMontero,Irene Montero,Mon May 26 20:25:40 +0000 2025,"La misión europea que visita hoy   Barcelona está pactada entre PP y PSOE para proteger los intereses de los rentistas y alimentar el bulo de la okupación dando voz a racistas como Albiol. Pero no querían escuchar a la PAH. Nosotras sí

¡Las casas son para vivir! https://t.co/gmIKODHxZr",1523,784,434,149667,287,0,0,1,-0.3595,negative
1926976400080228377,IreneMontero,Irene Montero,Mon May 26 12:19:09 +0000 2025,Lo que hace el Estado de Israel se llama terrorismo 👇 https://t.co/XfjxHyfV5Y,6816,3575,852,122500,77,0,0,1,0.0,neutral
1926915135349698795,IreneMontero,Irene Montero,Mon May 26 08:15:43 +0000 2025,Hoy visita Barcelona una misión europea de vivienda pactada por PP y PSOE para limpiar la imagen de rentistas y especuladores y alimentar el bulo de la okupación. No escucharán a la PAH pero sí al racista Albiol. No participaré y estaré aquí defendiendo el derecho a la vivienda👇🏼 https://t.co/iOz81O9arp,869,481,125,29290,304,0,0,1,-0.5267,negative
1926711021185409508,IreneMontero,Irene Montero,Sun May 25 18:44:38 +0000 2025,"El Gobierno pide un embargo de armas mientras ellos mismos siguen hoy vendiendo, comprando y permitiendo el tránsito de armas a Israel 

La hipocresía del Gobierno beneficia a los genocidas https://t.co/TeaZWneZkZ",3096,1484,266,43252,213,0,0,1,0.0,neutral
1926604869231640952,IreneMontero,Irene Montero,Sun May 25 11:42:50 +0000 2025,"Lo que está haciendo Ayuso con la sanidad madrileña, a parte de una gestión criminal, se llama corrupción 👇 https://t.co/om8S2gn6yQ",5417,2141,637,105409,131,0,0,1,-0.5267,negative
1925873762878026228,IreneMontero,Irene Montero,Fri May 23 11:17:40 +0000 2025,"Vull mostrar tot el meu suport a la #VagaGeneral29M convocada al País Valencià, sobren motius. 

@AcordSocialVLC @IntersindicalV https://t.co/Qj6qc4pkb9",1990,912,218,34776,152,1,2,1,0.0,neutral
1925591056378118176,IreneMontero,Irene Montero,Thu May 22 16:34:18 +0000 2025,"Gastan 10.500 millones en armas mientras recortan en políticas feministas

Con este Gobierno, ¿para qué sirve el PP? https://t.co/NhzGozp7gz",2000,986,522,35405,140,0,0,1,0.0,neutral
1925537865032773663,IreneMontero,Irene Montero,Thu May 22 13:02:56 +0000 2025,¿Qué más tiene que pasar? Europa sigue siendo cómplice del genocidio https://t.co/wiKCxVZceQ,5682,3145,522,74176,92,0,0,1,0.0,neutral
1925268605375058255,IreneMontero,Irene Montero,Wed May 21 19:12:59 +0000 2025,"Para todos los de la propaganda sionista de que “Israel tiene derecho a defenderse” 👇🏼

Tenemos la obligación de defender a Palestina del genocidio, la ocupación ilegal y el exterminio del Estado terrorista de Israel https://t.co/fhlRpNteU5",12961,6656,573,252192,240,0,0,1,-0.1531,negative
1925238147794829705,IreneMontero,Irene Montero,Wed May 21 17:11:58 +0000 2025,"Mi solidaridad y apoyo al compañero @ecuarauz ante la guerra sucia judicial y política a la que está siendo sometido por defender la democracia y los derechos del pueblo ecuatoriano frente al multimillonario offshore Novoa. 

Estamos contigo",1134,457,109,32770,241,0,1,0,0.1027,positive
1925161443164373485,IreneMontero,Irene Montero,Wed May 21 12:07:10 +0000 2025,"14.000 niños y niñas morirán de hambre en Gaza en las próximas horas y el Gobierno de España jugando al titular con un embargo de armas a Israel

No hay palabras para esta cruel hipocresía https://t.co/7tnBMtPsJz",1287,763,263,49924,212,0,0,1,-0.7184,negative
1925158135989198932,IreneMontero,Irene Montero,Wed May 21 11:54:01 +0000 2025,"Europa lleva un año y medio apoyando a los genocidas, ¿y ahora quién les para?",4768,1742,290,93718,78,0,0,0,0.0,neutral
1925144847373025545,IreneMontero,Irene Montero,Wed May 21 11:01:13 +0000 2025,"Claramente, el feminismo molestaba al Presidente. Ahora están más cómodos, gastando el dinero en armas y recortando en políticas feministas https://t.co/fePvDZn8BM",2190,1514,253,60254,163,0,0,1,0.0,neutral
1925123629315915805,IreneMontero,Irene Montero,Wed May 21 09:36:54 +0000 2025,¿Sabes qué ha pasado con la “oficina antiocupación” de Ayuso? https://t.co/6eV1iJxoVI,2360,1282,591,59559,85,0,0,1,0.34,positive
1925082544787042770,IreneMontero,Irene Montero,Wed May 21 06:53:39 +0000 2025,"El Gobierno debe aprobar ya un embargo total de armas a Israel. Puede hacerlo hoy mismo

Ya han mentido demasiado, que no mientan más. 

Mientras el embargo no se aprueba, el Gobierno sigue colaborando con los genocidas con comercio y transito de armas

No hay excusas. Embargo ya",2132,1012,177,38848,280,0,0,0,-0.6808,negative
1924907407173390537,IreneMontero,Irene Montero,Tue May 20 19:17:43 +0000 2025,"Un año y medio de genocidio después, alguna duda parece que hay 🤦🏻‍♀️ https://t.co/7Fw8hz6TEM",1238,639,124,24092,93,0,0,1,0.0,neutral
1924875417103601858,IreneMontero,Irene Montero,Tue May 20 17:10:36 +0000 2025,"El Gobierno dice que no comercia armas a Israel. Entonces ¿para qué votan a favor del embargo? 

Y si están a favor del embargo ¿por qué llevan año y medio de genocidio sin hacerlo? 

La hipocresía del Gobierno se traduce en mentiras en España y armas para los genocidas https://t.co/t2HmEahSsD",1832,931,129,23304,294,0,0,1,-0.1926,negative
1924859246828486885,IreneMontero,Irene Montero,Tue May 20 16:06:21 +0000 2025,"¿Por qué en lugar de construir más viviendas, redistribuimos las que ya existen? ¿Por qué no expropiamos las viviendas a los fondos buitre y grandes propietarios que hacen negocio con un derecho? 

¿Y por qué se gastan el dinero de los europeos en armas y no en casas? https://t.co/MIkQH8SoSO",3002,1428,1118,140376,292,0,0,1,-0.6046,negative
1924784216476180830,IreneMontero,Irene Montero,Tue May 20 11:08:12 +0000 2025,"Si votas a favor de un embargo de armas a Israel es porque España sí compra y vende armas a Israel. Es decir, Pedro Sánchez ha mentido

Lo más grave es que el Gobierno puede acordar hoy mismo el embargo ¿por qué no lo hacen?

De la hipocresía del PSOE se benefician los genocidas https://t.co/4uEqygf34r",1297,690,135,25905,303,0,0,1,0.0772,positive
1924750213035532496,IreneMontero,Irene Montero,Tue May 20 08:53:05 +0000 2025,"Este video de Netanyahu hablando de la ocupación ilegal de Gaza en nombre de la lucha contra el terrorismo es pura propaganda sionista y genocida. 

Que Europa permita a los genocidas reproducir esta propaganda es colaboración con el genocidio. Terrorista es el Estado de Israel https://t.co/OC8i1btP7a",4579,2152,524,97095,302,0,0,1,-0.4588,negative
1924532175602401679,IreneMontero,Irene Montero,Mon May 19 18:26:41 +0000 2025,"Piensa qué pasaría si países como España deciden salir de Eurovisión hasta que no echen a Israel.

Ya no basta con palabras. https://t.co/INX56cwbjB",3097,1311,996,81328,148,0,0,1,-0.5267,negative
1924512369838813189,IreneMontero,Irene Montero,Mon May 19 17:07:59 +0000 2025,"Hacer declaraciones sobre Palestina para ganar el aplauso, pero seguir vendiendo armas a Israel. Es una crueldad terrible 👇 https://t.co/FKHV5Kg9o6",6553,2955,671,142184,147,0,0,1,-0.4767,negative
1924438188862439903,IreneMontero,Irene Montero,Mon May 19 12:13:13 +0000 2025,"Un año y medio de genocidio después, tras dos ediciones de Eurovisión, Sánchez pide expulsar a Israel mientras les sigue comprando y vendiendo armas.

La hipocresía de Sánchez no para el genocidio. Un embargo total de armas si. ¿Por qué no lo hacen? https://t.co/xsI2XaqDS6",1744,853,239,37386,273,0,0,1,-0.5267,negative
1924416065351598314,IreneMontero,Irene Montero,Mon May 19 10:45:18 +0000 2025,"Israel da un paso más en su plan de exterminio de Palestina, apoyado por EEUU y Europañ

Si lo que busca es acabar con este genocidio y no un aplauso hipócrita, Pedro Sánchez puede hoy mismo romper relaciones y practicar un embargo de armas a los genocidas ¿Por qué no lo hace? 👇 https://t.co/89TKfJJ3Ml",2008,1243,322,51814,303,0,0,1,-0.5267,negative
1924379443453202530,IreneMontero,Irene Montero,Mon May 19 08:19:47 +0000 2025,"Si llamas “genocidio” al genocidio, ¿por qué sigues comprando y vendiendo armas a los genocidas?

Qué cruel hipocresía querer que te aplaudan por defender a Palestina mientras colaboras militarmente con Israel

Embargo de armas ya. España no puede seguir comerciando con genocidas",5270,1967,460,120991,280,0,0,0,-0.6808,negative
1923765308394701163,IreneMontero,Irene Montero,Sat May 17 15:39:26 +0000 2025,"El día contra la LGTBIfobia hay que recordar que no podemos mirar para otro lado ante el odio. El odio no es un chiste, ni una broma o un simple comentario: esa es la base de las violencias más agresivas.
Hay que ir más lejos. El odio se frena con orgullo y más derechos 🏳️‍🌈🏳️‍⚧️💜 https://t.co/JgkjSDnIC5",988,439,465,43183,305,0,0,1,0.2023,positive
1923755319668208023,IreneMontero,Irene Montero,Sat May 17 14:59:44 +0000 2025,"Presidente, ¿por qué hace cualquier cosa menos lo que es urgente hacer?

Embargo de armas ya. Dejad de comprar y vender armas a Israel y de permitir el tránsito de armas para el genocidio

Es insoportable que este Gobierno busque más el titular que frenar el genocidio",3701,1680,462,107538,268,0,0,0,0.0,neutral
1923654348829040870,IreneMontero,Irene Montero,Sat May 17 08:18:31 +0000 2025,O nos movemos hoy contra el rearme o mañana será tarde https://t.co/pFdbRuiuRg,3119,1674,453,60398,78,0,0,1,0.0,neutral
1923425403558940677,IreneMontero,Irene Montero,Fri May 16 17:08:46 +0000 2025,¿De verdad somos las feministas las que vamos demasiado lejos? https://t.co/ypWGQQzBc7,2279,967,756,55621,86,0,0,1,0.0,neutral
1923365575054549297,IreneMontero,Irene Montero,Fri May 16 13:11:02 +0000 2025,Este es otro ejemplo más del terrorismo israelí al que lleva sometido el pueblo palestino desde hace 77 años. Es absolutamente insportable https://t.co/hrtISilwmQ,5642,3570,603,78584,162,0,0,1,0.0,neutral
1923364554592960884,IreneMontero,Irene Montero,Fri May 16 13:06:58 +0000 2025,"Representas los intereses de un Estado terrorista con el Hitler de nuestro siglo al frente, haciendo contra los palestinos lo mismo que los nazis hicieron a los judíos

Tenéis la complicidad de las élites europeas, los pueblos de Europa estamos con Palestina",3589,1246,1205,463081,258,0,0,0,0.0,neutral
1923283730501693855,IreneMontero,Irene Montero,Fri May 16 07:45:48 +0000 2025,"Una red de pederastia, 4 futbolistas a juicio por difundir videos sexuales, el PP en Madrid promociona la actuación de un agresor sexual confeso.

¿De verdad alguien puede decir que es el feminismo lo que incomoda? ¿O que el feminismo está destruyendo a pobres hombres inocentes?",4023,1565,938,279312,279,0,0,0,0.0,neutral
1923124206843129892,IreneMontero,Irene Montero,Thu May 15 21:11:55 +0000 2025,"Gracias eurofans por esta tremenda pitada al Estado genocida de Israel

La organización de Eurovisión ha expulsado en los ensayos a seis personas por sacar una bandera Palestina, pero la gente lo tiene claro: los pueblos de Europa no guardan silencio ante los genocidas",8634,1870,861,371098,269,0,0,0,0.0516,positive
1923094007506149876,IreneMontero,Irene Montero,Thu May 15 19:11:55 +0000 2025,¿Por qué mienten en lugar de practicar un embargo total de armas a los genocidas?,2665,1246,269,68836,81,0,0,0,0.0,neutral
1923085899690057969,IreneMontero,Irene Montero,Thu May 15 18:39:42 +0000 2025,"Llamar ruido al avance en derechos, legitimar la transfobia, permitir la ofensiva judicial y mediática contra los derechos feministas, decir que las feministas hemos ido demasiado lejos o que el feminismo molesta a los amigos del Presidente… tiene consecuencias👇🏼",1346,692,236,72263,263,0,0,0,0.0,neutral
1923004381948969288,IreneMontero,Irene Montero,Thu May 15 13:15:47 +0000 2025,"Pregunta a Pedro Sánchez: Si Israel es un Estado genocida, ¿por qué el Gobierno les da apoyo comprando y vendiéndoles armas? https://t.co/LZF3Mho1KU",3824,1913,560,68483,148,0,0,1,0.0,neutral
1922981796691485154,IreneMontero,Irene Montero,Thu May 15 11:46:02 +0000 2025,"El genocidio contra el pueblo palestino forma parte de un plan de exterminio por parte del Estado terrorista de Israel que comenzó hace 77 años con la Nakba, el desplazamiento forzado de casi un millón de palestinos y la ocupación ilegal de sus tierras. https://t.co/GcFSwQwVUu",3732,2084,343,51659,277,0,0,1,0.0,neutral
1922736527735492933,IreneMontero,Irene Montero,Wed May 14 19:31:25 +0000 2025,"Ser un Gobierno cómplice del genocidio es insoportable pero no se soluciona mintiendo, como hace Pedro Sánchez, sino practicando un embargo total de armas y rompiendo relaciones con el Estado terrorista de Israel https://t.co/1DT1B4Ao6l",906,476,142,26076,236,0,0,1,-0.296,negative
1922715892242137441,IreneMontero,Irene Montero,Wed May 14 18:09:25 +0000 2025,"PP y PSOE han votado en contra de nuestra propuesta de crear una empresa pública de energía

Ambos son responsables de las privatizaciones que nos han puesto en peligro al convertir en negocios nuestros derechos

Si las grandes empresas mandan más que el gobierno no es democracia https://t.co/qAloxXTJyD",2563,1675,363,56349,304,0,0,1,-0.296,negative
1922640585724199031,IreneMontero,Irene Montero,Wed May 14 13:10:11 +0000 2025,"Siento mucho no poder estar esta tarde en el reconocimiento a Julio Anguita. Me comprometo a reparar pronto esta ausencia

La tarea política más importante hoy es la paz. En esta orilla de paz, frente al Gobierno del rearme y la complicidad con el genocidio nos vamos a encontrar https://t.co/DmQZUTd9lv",1112,483,182,40866,303,0,0,1,-0.296,negative
1922374176310018268,IreneMontero,Irene Montero,Tue May 13 19:31:34 +0000 2025,"“Pertenezco a una generación que quiso cambiar el mundo, fui aplastado, derrotado, pulverizado, pero sigo soñando que vale la pena luchar para que la gente pueda vivir un poco mejor y con un mayor sentido de la igualdad""

Que vuele alto Pepe Mujica. Gracias por todo https://t.co/rRR4JiYpsr",22450,6025,620,388243,290,0,0,1,0.0,neutral
1922337622162034749,IreneMontero,Irene Montero,Tue May 13 17:06:19 +0000 2025,El apagón ha demostrado que es un peligro dejar en manos privadas los sectores estratégicos de la economía. Hace falta una #EmpresaPúblicaEnergía y que las grandes energéticas paguen con sus grandes beneficios los daños del apagón. https://t.co/zidaWeWI7P,756,463,124,18295,255,1,0,1,0.34,positive
1922331052162343065,IreneMontero,Irene Montero,Tue May 13 16:40:12 +0000 2025,"Quedan dos días para que los genocidas cumplan su amenaza de ocupar Gaza y expulsar a los palestinos y palestinas. No miremos para otro lado. 

Palestina libre https://t.co/YpGKxW2kur",8216,5145,682,95608,183,0,0,1,-0.296,negative
1922285198516826291,IreneMontero,Irene Montero,Tue May 13 13:38:00 +0000 2025,Eurovisión no puede servir para que Europa aplauda el genocidio y la LGTBIfobia https://t.co/auGcyo4pUI,4596,2042,973,144200,103,0,0,1,-0.296,negative
1922263655472665017,IreneMontero,Irene Montero,Tue May 13 12:12:24 +0000 2025,"Las mal llamadas terapias de conversión son tortura, una grave vulneración de DDHH. 

En España están prohibidas gracias a la Ley Trans y LGTBI y necesitamos que Europa también lo haga

Europa debe ser segura para todas, todos y todos

Firma aquí 

https://t.co/ECJWpUgDfP",649,376,117,22274,272,0,0,1,-0.3818,negative
1922257616236941671,IreneMontero,Irene Montero,Tue May 13 11:48:24 +0000 2025,"De principio a fin 

Qué maravillosa es @menoscanas 🔥",795,402,51,22071,53,0,1,0,-0.34,negative
1922234871541318015,IreneMontero,Irene Montero,Tue May 13 10:18:01 +0000 2025,No falla que todos los de “comunismo o libertad” acaban siendo una estafa,11011,2144,1279,777601,73,0,0,0,-0.296,negative
1922229400591868293,IreneMontero,Irene Montero,Tue May 13 09:56:17 +0000 2025,"Gracias al feminismo cada vez más mujeres rompen el silencio y cada vez más agresores pierden su impunidad

Siempre habrá quien diga que hemos ido demasiado lejos, que el feminismo les incomoda. Nosotras a llegar más lejos hasta tener vidas libres de violencias machistas https://t.co/hkyMHJZajo",1465,713,688,89580,295,0,0,1,0.0,neutral
1922003321922981914,IreneMontero,Irene Montero,Mon May 12 18:57:55 +0000 2025,"El problema siempre ha sido el mismo: un sector de la justicia en guerra abierta contra el derecho a la libertad sexual. Contrarios al consentimiento, siguen exigiendo la resistencia expresa para reconocer la agresión

Una y mil veces: sólo sí es sí

https://t.co/LHmreiQsn2",1182,724,164,25663,274,0,0,1,0.34,positive
1921996267925672306,IreneMontero,Irene Montero,Mon May 12 18:29:53 +0000 2025,"La guerra sucia judicial y mediática es una agresión a la democracia. Sus responsables son golpistas pero es posible por el silencio cómplice de demasiada gente que, como la progresía, solo actúa ahora que les golpea a ellos

Nadie reparará el daño pero no estás sola @monicaoltra https://t.co/vi0F12RP9c",2110,1132,500,107783,304,0,1,1,-0.296,negative
1921897193671127218,IreneMontero,Irene Montero,Mon May 12 11:56:12 +0000 2025,"Decimos que el Gobierno es cómplice de los genocidas igual que lo decís vosotros, @iescolar @eldiarioes, porque es la verdad 👇🏼 https://t.co/6JnETQIobi",1996,1206,197,86491,151,0,2,1,0.0,neutral
1921870035561091496,IreneMontero,Irene Montero,Mon May 12 10:08:17 +0000 2025,"Este trabajo de @NBarjola y @Bbennettardon es imprescindible: las violencias sexuales siguen siendo el día a día de demasiadas mujeres. Y las canceladas son ellas cuando hablan. Que nunca más, como dice @VickyRosell, después del silencio venga más silencio
https://t.co/GJh0RlXdIG",511,335,44,13666,280,0,3,1,0.0,neutral
1920879658339332195,IreneMontero,Irene Montero,Fri May 09 16:32:53 +0000 2025,"Hoy hemos desplegado una pancarta gigante en Palma para decirle alto y claro a las élites que quieren desmantelar el Estado del bienestar para llevarnos a la guerra, que basta ya de que las guerras de las élites las paguen los de siempre. 

¡A la guerra que vayan ellos y ellas! https://t.co/eDgD2m7V7t",1468,824,237,31100,302,0,0,1,0.0,neutral
1920855003230503306,IreneMontero,Irene Montero,Fri May 09 14:54:55 +0000 2025,Alguien os tiene que decir que esto no es cultura de la cancelación https://t.co/AyBjTpXsyF,5510,1642,784,767632,91,0,0,1,-0.296,negative
1920760871447384441,IreneMontero,Irene Montero,Fri May 09 08:40:52 +0000 2025,"Europa existe gracias a la victoria antifascista y el deseo de paz de sus pueblos

Hoy las élites europeas ponen en peligro a Europa con el rearme, la complicidad con el genocidio y los pactos con fascistas mientras desmantelan el Estado de Bienestar

Paz, antifascismo, derechos",2266,1068,658,126746,279,0,0,0,0.0,neutral
1920572140664897627,IreneMontero,Irene Montero,Thu May 08 20:10:55 +0000 2025,"Elegido nuevo Papa, León XIV. Millones de personas esperan que defienda la paz y la justicia social

También es hora de actuar frente las agresiones sexuales en la Iglesia, respetar los derechos de las mujeres y personas LGTBI y acabar con privilegios como el Concordato en España",1712,557,631,175686,280,0,0,0,0.0,neutral
1920419837051912407,IreneMontero,Irene Montero,Thu May 08 10:05:43 +0000 2025,"Pongamos nuestros ojos en Chipre. Desde hace décadas, Turquía tiene ocupada ilegalmente una parte de este país hermano. Ahora Erdogan les amenaza y no podemos permitirlo. 

Chipre no está sola. Ειρήνη στην Κύπρο https://t.co/Izk4PXorR0",1931,1014,238,38332,235,0,0,1,-0.5267,negative
1920408072167493689,IreneMontero,Irene Montero,Thu May 08 09:18:58 +0000 2025,"Alba es un exjuez corrupto, expulsado de la carrera judicial por ser un delincuente. 

Ni un solo céntimo de los impuestos españoles, que es riqueza creada por la gente con su esfuerzo, para pagarle a este delincuente su guerra sucia

https://t.co/sm1WcPJKZY",1934,1146,123,30746,258,0,0,1,0.0,neutral
1920168113837854901,IreneMontero,Irene Montero,Wed May 07 17:25:27 +0000 2025,"Las mentiras de Pedro Sánchez empiezan a ser infinitas 🤦🏻‍♀️

No a la guerra. No al rearme",2309,1185,297,79976,90,0,0,0,-0.5267,negative
1920165481958326681,IreneMontero,Irene Montero,Wed May 07 17:15:00 +0000 2025,"El apagón ha demostrado que la energía no puede ser un negocio. 

Las privatizaciones de PP y PSOE han sido una estafa. Hay que nacionalizar la energía https://t.co/m8v1hINoKa",1387,676,147,22643,175,0,0,1,0.0516,positive
1920126750123577559,IreneMontero,Irene Montero,Wed May 07 14:41:06 +0000 2025,España ha vendido más armas que nunca a Israel desde que empezó el genocidio 🤬 https://t.co/2nxV0u7bEU,2561,1527,277,33249,102,0,0,1,0.34,positive
1920076654518427977,IreneMontero,Irene Montero,Wed May 07 11:22:02 +0000 2025,Los que ridiculizan la paz y ordenan el rearme ¿enviarían a sus hijos a la guerra? https://t.co/UZV4uCMJ9m,6561,3540,341,67668,106,0,0,1,0.0,neutral
1920014966460944518,IreneMontero,Irene Montero,Wed May 07 07:16:54 +0000 2025,Cuánta impunidad tienes que tener para decir esto sin ninguna vergüenza 👇 https://t.co/1afTJLWHcm,14147,7449,1473,361298,97,0,0,1,-0.5574,negative
1919807697702019517,IreneMontero,Irene Montero,Tue May 06 17:33:18 +0000 2025,¿Con qué autoridad habla Europa a Cuba de Derechos Humanos mientras apoyan el genocidio en Palestina? https://t.co/6cEOpRwrc2,15698,7586,1244,247871,125,0,0,1,0.0,neutral
1919705300942127291,IreneMontero,Irene Montero,Tue May 06 10:46:24 +0000 2025,"Israel ha anunciado la ocupación total de Gaza. Este fue siempre su plan, el exterminio del pueblo palestino. No miremos para otro lado: movilicémonos https://t.co/CXcLYPLtWe",8750,5039,929,134721,174,0,0,1,0.0516,positive
1919678234137903191,IreneMontero,Irene Montero,Tue May 06 08:58:51 +0000 2025,"La Sexta de Ferreras, obligada a rectificar una burda manipulación sobre Podemos

Es muy burdo cada día, pero aún así van con ello. Lo bueno es que ya no engañan a nadie 

Enhorabuena y gracias por dar la pelea querido @_PabloFdez_ 💜🔥",2372,1034,97,47094,234,0,1,0,0.1531,positive
1919644159826116697,IreneMontero,Irene Montero,Tue May 06 06:43:27 +0000 2025,"Hoy desayunamos rearme con Antonio Costas en @La_SER: “EEUU legítimamente le pide a Europa que invierta más en defensa” 

Las élites europeas quieren que aceptemos sin más que el dinero de sanidad, vivienda o pensiones se malgaste en armas porque Trump lo ordena “legítimamente”",954,566,81,24108,278,0,1,0,-0.5574,negative
1919461771229745547,IreneMontero,Irene Montero,Mon May 05 18:38:42 +0000 2025,No mires para otro lado porque esto está pasando en Palestina 👇 https://t.co/ntd0eGvf4Y,7482,4787,632,113684,87,0,0,1,-0.296,negative
1919385994161271140,IreneMontero,Irene Montero,Mon May 05 13:37:36 +0000 2025,"Qué importante trabajo está haciendo @olgarodriguezfr 

Leed lo que cuenta, es insoportable la complicidad del Gobierno de guerra de Sánchez con los genocidas de Israel",715,370,69,16840,168,0,1,0,0.0,neutral
1919378237303521284,IreneMontero,Irene Montero,Mon May 05 13:06:46 +0000 2025,"El Gobierno es incapaz de hacer frente a la guerra comercial porque hace justo lo contrario: cumplir sin rechistar las órdenes de rearme de Trump

El decreto de aranceles no sirve para nada: no protege el tejido productivo ni a los y las trabajadoras. Nos abstendremos",823,464,56,24400,268,0,0,0,-0.7906,negative
1919374753741128031,IreneMontero,Irene Montero,Mon May 05 12:52:56 +0000 2025,El golpismo judicial necesita impunidad para seguir haciendo la guerra sucia al feminismo y a la democracia 👇🏼 https://t.co/5adQKqeIZm,1853,917,334,59138,134,0,0,1,0.0,neutral
1919291201368297748,IreneMontero,Irene Montero,Mon May 05 07:20:55 +0000 2025,"Cuando ellos te intentan humillar es su derecho, libertad de expresión. Cuando tú les describes como corruptos o golpistas con toga, te denuncian por daños a su honor como García Castellón

Les falta poner en los papeles “algo habrán hecho, poco les hacemos”",1997,1062,217,109842,258,0,0,0,0.4939,positive
1918964231786963377,IreneMontero,Irene Montero,Sun May 04 09:41:40 +0000 2025,"Puro PSOE: te da el titular mientras su Gobierno tiene decenas de contratos de armas con Israel y pone a su disposición los puertos y aeropuertos españoles, ruta clave para que les lleguen las armas.

Ojalá fuese solo hipocresía. Es pura complicidad con los genocidas https://t.co/lPuz2ku8xZ",1183,729,202,32681,291,0,0,1,0.0,neutral
1918957291249742128,IreneMontero,Irene Montero,Sun May 04 09:14:05 +0000 2025,"El patriarcado rompe las alianzas feministas promoviendo que las mujeres compitamos entre nosotras por ser “las elegidas”

Es una cuestión de seducción y también de disciplinamiento. Es una cuestión, como siempre, de poder. Lo explica aquí Fallarás

https://t.co/mae574AKrU",1298,624,1037,182964,273,0,0,1,0.0,neutral
1918624114492797080,IreneMontero,Irene Montero,Sat May 03 11:10:09 +0000 2025,"¿De dónde saldrán los 15 o 20.000 millones más para armas que anuncian Comisión Europea y OTAN?

El Gobierno de guerra de Sánchez va a desmantelar servicios públicos y derechos conquistados a las órdenes de Trump y la élite europea

Insumisión frente al rearme. Nos jugamos todo https://t.co/wnhBJraZnX",1338,892,467,61419,302,0,0,1,0.0,neutral
1918598285377286432,IreneMontero,Irene Montero,Sat May 03 09:27:31 +0000 2025,"Ninguna persona trans es inconstitucional.

Leed este artículo de @CambrolleMar 

Al fascismo y la transfobia se les para con mucho orgullo y más derechos 

https://t.co/Vnceikkq5d",975,410,461,70534,180,0,1,1,0.0,neutral
1918422677364326691,IreneMontero,Irene Montero,Fri May 02 21:49:43 +0000 2025,"Israel ataca a un barco civil con ayuda humanitaria para Gaza: un crimen de guerra 

Ningún líder europeo ha condenado esta violación del Derecho Internacional y marítimo como pide la Relatora ONU para los territorios palestinos

Las élites europeas son cómplices de los genocidas",10893,5218,357,157091,280,0,0,0,0.34,positive
1918239795031241166,IreneMontero,Irene Montero,Fri May 02 09:43:00 +0000 2025,"Si el Estado terrorista de Israel sigue ejerciendo esta violencia es porque cuenta con el apoyo de Europa y EEUU. Una complicidad vergonzosa por la que las élites europeas, incluido el Gobierno de Sánchez, deben responder ante el mundo

No en mi nombre y no con nuestro silencio",4098,2610,267,71087,278,0,0,0,-0.5267,negative
1917909350309298263,IreneMontero,Irene Montero,Thu May 01 11:49:56 +0000 2025,"La mayor amenaza para los trabajadores y trabajadoras es el rearme que va a desmantelar los servicios públicos y los derechos conquistados por nuestras madres y abuelos.

Llamamos a la insumisión y la movilización frente a la guerra y el rearme. https://t.co/IFnO0QviTx",2471,1296,532,84637,269,0,0,1,0.0,neutral
1917600483687981110,IreneMontero,Irene Montero,Wed Apr 30 15:22:37 +0000 2025,La caída del sistema eléctrico demuestra que necesitamos control público de la energía. No podemos seguir en manos de grandes energéticas a las que les da igual que se apague un país con tal de seguir llenando sus bolsillos https://t.co/gVjIEPpygY,2808,1351,959,88445,247,0,0,1,-0.296,negative
1917567543470088601,IreneMontero,Irene Montero,Wed Apr 30 13:11:43 +0000 2025,"La explotación reproductiva es una forma de violencia contra las mujeres

Es una buena noticia que todas las instituciones hagan su parte para acabar con esta violencia machista que es a la vez una vulneración de derechos fundamentales de la infancia https://t.co/S17VnRS6GI",1443,580,274,68609,274,0,0,1,0.0,neutral
1972945513491124450,IreneMontero,Irene Montero,Tue Sep 30 08:44:00 +0000 2025,"Lo de Trump y Netanyahu es un plan de negocio y dominación contrario al derecho internacional: niega el derecho de autodeterminación y retorno de los palestinos.  

Sánchez está fuera de la ley apoyando este plan ilegal de Trump y Netanyahu. Su apoyo a Palestina, solo  postureo",4562,2064,783,164310,278,0,0,0,0.0,neutral
1972933197211259333,IreneMontero,Irene Montero,Tue Sep 30 07:55:04 +0000 2025,"Al mismo tiempo que apoya el genocidio y presenta junto a Netanyahu un plan de dominación colonial de Palestina, EEUU muestra con este portaviones que también manda en Europa

Como exige @luciadalda, el Gobierno debe impedir que este barco de guerra entre en el puerto de Palma",1113,617,145,35911,277,0,1,0,0.0,neutral
1972754929044598832,IreneMontero,Irene Montero,Mon Sep 29 20:06:41 +0000 2025,"Trump presenta un plan para Gaza con Israel y EEUU como dueños de Palestina y Tony Blair reviviendo la bota opresora del Mandato británico

Si los palestinos no aceptan, Netanyahu amenaza: “Israel terminará el trabajo”

Basta de dominio colonial. Palestina debe ser libre",8218,3653,1060,184168,271,0,0,0,-0.296,negative
1972614925286858790,IreneMontero,Irene Montero,Mon Sep 29 10:50:22 +0000 2025,Como explica aquí @luciadalda  Israel quiere volver a secuestrar a los miembros de la Flotilla. Los Gobiernos europeos tienen obligación de impedir esta grave vulneración del derecho internacional ¡Protejan a la Flotilla de los genocidas!,1757,1022,468,57746,238,0,1,0,-0.4389,negative
1972354032539975924,IreneMontero,Irene Montero,Sun Sep 28 17:33:40 +0000 2025,"Aunque los reaccionarios no quieran, el aborto debe ser gratuito, libre, seguro y para todas las mujeres. Si el aborto no está garantizado por la pública entonces no es un derecho efectivo. https://t.co/NB0SwFxLnV",2665,942,807,67596,213,0,0,1,-0.6808,negative
1972326802283778276,IreneMontero,Irene Montero,Sun Sep 28 15:45:28 +0000 2025,"La verdad al poder mediático le incomoda tanto como le es útil a la gente

Gracias @_PabloFdez_ por no dejarte intimidar",836,381,62,28269,120,0,1,0,-0.296,negative
1971843906347385088,IreneMontero,Irene Montero,Sat Sep 27 07:46:37 +0000 2025,"Hoy hace 50 años fueron asesinados por orden de Franco los 5 últimos fusilados del franquismo.

Hoy seguimos exigiendo verdad, justicia y reparación y la anulación de todas sus condenas. 

Porque fueron, somos. https://t.co/cgfPu8qjqp",3698,1798,1371,95597,234,0,0,1,0.0,neutral
1971611797842235810,IreneMontero,Irene Montero,Fri Sep 26 16:24:18 +0000 2025,"No podemos conformarnos con que la mayoría de países abandone la sala mientras habla un genocida. Existe una orden de detención de la Corte Penal Internacional y eso debería ocurrir: Netanyahu debería estar detenido, no hablando ante la ONU.",14875,4919,957,252144,241,0,0,0,-0.5267,negative
1971606792821235862,IreneMontero,Irene Montero,Fri Sep 26 16:04:24 +0000 2025,"La ONU identifica a ACS,constructora de Florentino Pérez, come empresa que colabora con el Estado terrorista de Israel

El Gobierno y todas las administraciones deben suspender ya todos los contratos con ACS y prohibir nuevas contrataciones

Boicot a los socios de los genocidas https://t.co/ckX0iVbilf",3926,2407,920,272495,302,0,0,1,0.0,neutral
1971557116130586836,IreneMontero,Irene Montero,Fri Sep 26 12:47:00 +0000 2025,"VOX ha organizado una cacería de sus escuadristas contra Cristina Fallarás. Pretenden silenciar a las feministas y la lucha contra las violencias machistas. Nos encontrarán unidas haciendo más feminismo y conquistando más derechos

Cristina no estás sola. Es por ti y es por todas",2765,1297,965,106143,280,0,0,0,0.0516,positive
1970826353961537936,IreneMontero,Irene Montero,Wed Sep 24 12:23:13 +0000 2025,¿Que por qué es racista la ley de Junts y PSOE para transferir competencias migratorias a Catalunya? Aquí lo explica perfectamente Miriam Nogueras. https://t.co/TPg90ji765,2203,1126,394,58212,171,0,0,1,0.0,neutral
1970820708470337863,IreneMontero,Irene Montero,Wed Sep 24 12:00:47 +0000 2025,¡Israel vuelve a atacar a la Flotilla! Exigimos a los Gobiernos de Europa y de España protección y escolta militar a la Global Sumud Flotilla hasta que llegue a Gaza https://t.co/yXIL1VEpsQ,6986,3423,1890,158883,189,0,0,1,0.0,neutral
1970743281765228734,IreneMontero,Irene Montero,Wed Sep 24 06:53:07 +0000 2025,Esta noche ha vuelto a ser atacada la flotilla Global Sumud. Israel amenaza y ataca violando el derecho internacional: son ciudadanos europeos en misión humanitaria en aguas internacionales. Los Gobiernos de Europa y España son responsables de lo que les pase. Exigimos protección,2802,1397,1144,124047,280,0,0,0,0.34,positive
1970524924243567019,IreneMontero,Irene Montero,Tue Sep 23 16:25:27 +0000 2025,"No es un embargo a Israel, es desgraciadamente una precampaña electoral 

Con lo aprobado por el Gobierno, España sigue hoy manteniendo relaciones armamentisticas, comerciales y diplomáticas con los genocidas 

¡Basta de hipocresía! Embargo total y ruptura de relaciones ¡ya! https://t.co/VT1VMMktUU",2019,1171,464,37972,299,0,0,1,-0.4184,negative
1970472480893730889,IreneMontero,Irene Montero,Tue Sep 23 12:57:03 +0000 2025,"No es un embargo de armas a Israel, es una precampaña electoral

Con el texto aprobado, España sigue manteniendo relaciones militares, comerciales y diplomáticas con Israel

¡Es un genocidio! La obligación legal del Gobierno es embargo total de armas y romper relaciones ¡ya!",1641,941,242,47307,275,0,0,0,-0.3147,negative
1970445170563764644,IreneMontero,Irene Montero,Tue Sep 23 11:08:32 +0000 2025,"La lucha contra la represión sirve y hoy dos de los seis de Zaragoza, encarcelados por ser antifascistas, reciben el indulto

La alegría es inmensa, queridos @javitxuaijon  y @Franchoai y la lucha continúa. GRACIAS, es por vosotros y es por todas

Antifascistas siempre✊🏽",2009,891,201,56204,271,0,2,0,0.0,neutral
1968948369163780537,IreneMontero,Irene Montero,Fri Sep 19 08:00:47 +0000 2025,"¿Es Felipe González defendiendo el terrorismo de Estado? Imposible, nadie lo podría imaginar https://t.co/D90hVfFSQC",5436,2062,1709,211154,116,0,0,1,0.0,neutral
1968282281707216910,IreneMontero,Irene Montero,Wed Sep 17 11:53:59 +0000 2025,El genocidio en Gaza es una forma extrema y televisada en directo de lo que llevan sufriendo los palestinos desde hace décadas https://t.co/2kuWePHX8J,2471,1221,746,43196,150,0,0,1,0.0,neutral
1968242367124971921,IreneMontero,Irene Montero,Wed Sep 17 09:15:23 +0000 2025,"Cuando el Gobierno quiere hacer algo, lo hace. Con Palestina más de una semana después no han pasado del titular

Los embargos de armas son para prevenir el genocidio, no para hacer precampaña electoral https://t.co/jniJFbfVOh",1189,721,178,32657,226,0,0,1,-0.5267,negative
1967568655480414530,IreneMontero,Irene Montero,Mon Sep 15 12:38:17 +0000 2025,"Si un Estado terrorista estuviese quemando a mis hijos vivos, yo también querría que en cualquier parte del mundo alguien moviese una valla para parar el genocidio ¿Tú no? https://t.co/kX8Bd7UF6g",7913,3373,3088,455248,195,0,0,1,0.0,neutral
1966505387391099258,IreneMontero,Irene Montero,Fri Sep 12 14:13:14 +0000 2025,Sobre el asesinato de Charlie Kirk https://t.co/vpS1QHD8Me,13505,5727,4433,1917149,58,0,0,1,0.0,neutral
1966457757743165907,IreneMontero,Irene Montero,Fri Sep 12 11:03:59 +0000 2025,"Israel está ahora haciendo detenciones masivas en Cisjordania. Más de 1500 personas que irán a prisión sin juicio. Es el terror organizado por el Estado para ocupar ilegalmente y echar a los palestinos de sus tierras

Hay que dejar los titulares y parar el terrorismo de Israel https://t.co/dLKlWnlL88",6971,4383,592,136145,301,0,0,1,-0.7906,negative
1966433658895540482,IreneMontero,Irene Montero,Fri Sep 12 09:28:13 +0000 2025,"Esto de @olgarodriguezfr 

La esperanza es el motor de las mejores cosas de la vida 💜 hasta las que parecen imposibles",785,426,101,28292,118,0,1,0,0.6369,positive
1966433272738505121,IreneMontero,Irene Montero,Fri Sep 12 09:26:41 +0000 2025,"Y nosotras muy orgullosas de ti 🔥💜

Viva Palestina libre",2866,1020,475,84318,56,0,0,0,0.4215,positive
1966086301762929129,IreneMontero,Irene Montero,Thu Sep 11 10:27:57 +0000 2025,"La movilización social contra el genocidio obliga a Von der Leyen, como a Pedro Sánchez, a aparentar que hacen algo  

Tristemente son titulares con pocas consecuencias. Europa, cuando quiere, actúa. Con estas medidas Europa seguirá siendo con EEUU el principal apoyo de Israel https://t.co/dODx6nQXYd",4296,2141,492,67052,301,0,0,1,0.0,neutral
1966079643087474740,IreneMontero,Irene Montero,Thu Sep 11 10:01:29 +0000 2025,"Las privatizaciones y la corrupción son gasolina para los incendios

¿Va a volver el PP a despedir a los bomberos que se han jugado la vida apagando los incendios? https://t.co/0g8bawmIMt",1621,839,223,29224,187,0,0,1,0.0,neutral
1965809710495596644,IreneMontero,Irene Montero,Wed Sep 10 16:08:52 +0000 2025,Quien pone en peligro a las mujeres es la ultraderecha 👇 https://t.co/aRhxPaBaqM,5592,2438,1551,194587,80,0,0,1,0.0,neutral
1965653614741102933,IreneMontero,Irene Montero,Wed Sep 10 05:48:36 +0000 2025,"La Global Sumud Flotilla es atacada por segunda vez con un dron. El objetivo es detener la misión en Túnez e impedir que lleguen a Gaza

Son barcos europeos en misión civil humanitaria: ¿dónde están las instituciones y gobiernos? ¡Protejan a la flotilla de los genocidas!",5667,2497,1196,174335,271,0,0,0,0.0,neutral
1965388372513640456,IreneMontero,Irene Montero,Tue Sep 09 12:14:37 +0000 2025,"Hay que reducir la jornada laboral porque con menos horas de trabajo basta y sobra y queremos más tiempo para vivir.

Si el Gobierno no ha conseguido los votos es porque no está a lo que hay que estar. Aquí doy mi opinión 👇🏼 https://t.co/vfrJzvO43t",3558,1475,1002,193594,248,0,0,1,-0.5,negative
1965360665339789743,IreneMontero,Irene Montero,Tue Sep 09 10:24:31 +0000 2025,"Con los anuncios de ayer del Presidente sobre Israel, desgraciadamente, yo hasta que no lo vea no lo creo. Llevan dos años mintiendo 👇 https://t.co/B7IeyVizpk",2120,1084,238,29602,158,0,0,1,-0.5267,negative
1964975556346479025,IreneMontero,Irene Montero,Mon Sep 08 08:54:14 +0000 2025,"El pueblo argentino regala al mundo una rotunda victoria sobre Milei en las elecciones legislativas en defensa de la democracia y la justicia social, contra la miseria y la crueldad del fascismo. 
Con ustedes compañeras, en las calles y las urnas, a ganar de nuevo en octubre 💪🏼💜",4652,1131,483,194436,279,0,0,0,0.6369,positive
1963985555013689703,IreneMontero,Irene Montero,Fri Sep 05 15:20:20 +0000 2025,"La vivienda sube un 12,7% mientras la gente no puede comprar ni pagar un alquiler. Son especuladores quienes suben el precio acaparando casas

Hay que expropiar casas a fondos y rentistas, prohibir la compra a no residentes y regular precios. O les paramos o destrozan la sociedad",5452,1803,1769,855276,280,0,0,0,-0.5267,negative
1963626491045982383,IreneMontero,Irene Montero,Thu Sep 04 15:33:32 +0000 2025,"El problema es el genocidio, no los que protestan contra el genocidio.

El equipo de Israel debe ser expulsado de La Vuelta https://t.co/aozOlDkiIa",11052,4772,1300,252234,147,0,0,1,-0.296,negative
1963592822042362127,IreneMontero,Irene Montero,Thu Sep 04 13:19:45 +0000 2025,"No es libertad, es odio

El Congreso tiene obligación legal de proteger los derechos de las mujeres y las personas trans. Armengol debe suspender estas jornadas

Ah! El odio lo esparce un ex magistrado del Supremo. Así se entiende por qué hicieron la guerra a las leyes feministas https://t.co/yIXJhUM5wZ",2324,1173,423,56632,304,0,0,1,0.3595,positive
1963576731089903629,IreneMontero,Irene Montero,Thu Sep 04 12:15:48 +0000 2025,"Israel debe ser expulsado de la vuelta. Lo incívico y bochornoso no son las protestas, sino permanecer en silencio ante un genocidio. https://t.co/D4q7yCZ0X5",4584,1982,877,84859,157,0,0,1,-0.296,negative
1963269724784951361,IreneMontero,Irene Montero,Wed Sep 03 15:55:52 +0000 2025,"El Rey es el jefe de las Cloacas del Estado.

La monarquía es un problema para la democracia y para España. https://t.co/kgUGdJM8jE",9850,3436,1982,509571,131,0,0,1,0.0,neutral
1963225645082628194,IreneMontero,Irene Montero,Wed Sep 03 13:00:43 +0000 2025,"Mientras China, Rusia e India se reúnen para fortalecer sus alianzas, Europa desmantela su Estado de Bienestar para rearmarse hasta los dientes arrodillándose a EE.UU e Israel. Europa se mete en un callejón sin salida mientras los dueños del mundo se disputan el poder.",4107,1772,560,123832,269,0,0,0,-0.5574,negative
1963204743607570523,IreneMontero,Irene Montero,Wed Sep 03 11:37:40 +0000 2025,"Sánchez dice ahora que los jueces hacen política: es verdad. Pero cuando iban a por nosotras lo vio con sus propios ojos y miró para otro lado

Y lo más grave: ¿por qué no hacen nada ante el golpismo judicial y mediático que actúan juntos contra la democracia? Hay que pararles ya",4270,1714,667,128314,280,0,0,0,-0.5859,negative
1963194097805541473,IreneMontero,Irene Montero,Wed Sep 03 10:55:21 +0000 2025,"Un grupo de docentes se encierra en el CBA exigiendo al Gobierno un embargo de armas a Israel

Aunque el Gobierno crea que nos tragamos sus falsos titulares, la mayoría sabe que el Gobierno comercia armas con Israel. Basta de complicidad con los genocidas. Todo el apoyo. https://t.co/2ceaMZzkDt",1353,742,338,38982,295,0,0,1,0.0,neutral
1962978601319706992,IreneMontero,Irene Montero,Tue Sep 02 20:39:03 +0000 2025,"El Rey Felipe va a recibir en La Zarzuela a Eduardo Inda y OKDiario

Protección Real para los matones mediáticos de la extrema derecha: así es como garantizan su impunidad

La monarquía es un pilar del poder corrupto y reaccionario. La monarquía es un grave problema para España https://t.co/cJsgRXMOH7",4102,2058,767,117761,302,0,0,1,-0.3818,negative
