tweet_id,date,text,likes,retweets,replies,views,length,hashtags,mentions,links,author,outlet,handle,sentiment,sentiment_label
1885473508186067343,Fri Jan 31 23:41:29 +0000 2025,"Shakira lanza una nueva versión de su clásico ‘Estoy aquí’, del álbum ‘Pies descalzos’ (1995), con el DJ brasileño Papatinho. https://t.co/PRPAPKztIE",14,4,0,7611,149,0,0,1,EFEnoticias,Agencia EFE,EFEnoticias,0.0,neutral
1885461198159614052,Fri Jan 31 22:52:34 +0000 2025,#ÚLTIMAHORA | Venezuela aboga por canales diplomáticos abiertos con EE.UU. tras la visita del enviado de Trump. https://t.co/oSX6qGUOBa,79,41,13,21062,135,1,0,1,EFEnoticias,Agencia EFE,EFEnoticias,0.0,neutral
1885460193540026622,Fri Jan 31 22:48:34 +0000 2025,"El presidente de EE.UU., Donald Trump, anuncia que, a partir del 18 de febrero, impondrá aranceles al petróleo y gas que el país importa.
https://t.co/4Z6wlJCMlW",20,9,5,10278,161,0,0,1,EFEnoticias,Agencia EFE,EFEnoticias,0.0,neutral
1885459128979509499,Fri Jan 31 22:44:21 +0000 2025,"Estados Unidos afirma, tras la reanudación de la atención consular en Bogotá y la emisión de visados, que su compromiso de cooperación con Colombia se mantiene firme.
https://t.co/7rt1PfFuli",10,4,1,8430,190,0,0,1,EFEnoticias,Agencia EFE,EFEnoticias,0.0,neutral
1885458867422654889,Fri Jan 31 22:43:18 +0000 2025,"Disney anuncia una nueva colección de vestidos de novia para 2025 que rinde homenaje a sus princesas, fruto de su colaboración con Allure Bridals, que llega a su sexto año de trabajo conjunto.
https://t.co/ZsrhZhMONO",4,3,3,8570,216,0,0,1,EFEnoticias,Agencia EFE,EFEnoticias,0.0,neutral
1885457864128344214,Fri Jan 31 22:39:19 +0000 2025,"Ecuador entra en su última semana de campaña electoral, con el presidente Daniel Noboa y la candidata del correísmo, Luisa González, como los principales favoritos. https://t.co/OEyLrq6EBL",6,4,2,8250,188,0,0,1,EFEnoticias,Agencia EFE,EFEnoticias,0.0,neutral
1885457821698756979,Fri Jan 31 22:39:09 +0000 2025,"""No aceptan nuestros vehículos no aceptan nuestros productos agrícolas, esencialmente no aceptan casi nada, y tenemos un enorme déficit con la Unión Europea. Así que haremos algo muy importante, vamos a equilibrar la balanza"", añadió Trump. https://t.co/q947TxDDYn",13,7,6,8973,264,0,0,1,EFEnoticias,Agencia EFE,EFEnoticias,-0.5267,negative
1885452649346015291,Fri Jan 31 22:18:36 +0000 2025,"VIDEO | El expresidente de Bolivia Jorge 'Tuto' Quiroga denuncia que el Gobierno ""desempolvó"" un proceso judicial por un caso de hace 15 años para inhabilitar su candidatura en las elecciones presidenciales del próximo 17 de agosto. https://t.co/CffpYvSbfI",3,2,1,9736,256,0,0,1,EFEnoticias,Agencia EFE,EFEnoticias,0.0,neutral
1885451519715090658,Fri Jan 31 22:14:06 +0000 2025,"La portavoz de la Casa Blanca, Karoline Leavitt, afirma que el presidente de EE.UU., Donald Trump, no reconoce a Nicolás Maduro como presidente de Venezuela, pese a haber encargado a su enviado especial de Richard Grenell que viajara al país caribeño. https://t.co/OWBKOZhegk https://t.co/N3HcfWK4ge",37,14,3,10372,299,0,0,2,EFEnoticias,Agencia EFE,EFEnoticias,-0.296,negative
1885450197225865273,Fri Jan 31 22:08:51 +0000 2025,"""Biden fue y compraron millones de barriles de petróleo. No voy a permitir que vuelva a pasar algo así de estúpido"", afirmó Trump sobre Venezuela. https://t.co/OWBKOZhegk https://t.co/YHv7DlteAO",26,17,2,10673,194,0,0,2,EFEnoticias,Agencia EFE,EFEnoticias,-0.296,negative
1885448282769375291,Fri Jan 31 22:01:15 +0000 2025,"#ÚLTIMAHORA | El presidente de Estados Unidos, Donald Trump, asegura que no permitirá la compra de petróleo a Venezuela. https://t.co/Niu6ERapZV",532,297,42,43225,144,1,0,1,EFEnoticias,Agencia EFE,EFEnoticias,-0.296,negative
1885446049466048815,Fri Jan 31 21:52:22 +0000 2025,"#ÚLTIMAHORA | El presidente de Estados Unidos, Donald Trump, impondrá aranceles a una amplia gama de importaciones incluyendo el petróleo, los metales y los chips en los próximos meses. https://t.co/069hg9eX9h",76,45,2,12054,209,1,0,1,EFEnoticias,Agencia EFE,EFEnoticias,0.0,neutral
1885441186594201853,Fri Jan 31 21:33:03 +0000 2025,"El funcionario estadounidense fue recibido en el Palacio de Miraflores, sede del Gobierno, por Maduro, cuyo tercer mandato no es reconocido por EE.UU., que considera al opositor Edmundo González Urrutia como el ""presidente electo"" del país suramericano. https://t.co/OWBKOZhegk",5,3,2,8005,277,0,0,1,EFEnoticias,Agencia EFE,EFEnoticias,-0.296,negative
1885439493634711961,Fri Jan 31 21:26:19 +0000 2025,"El Gobierno de Donald Trump retoma la reconstrucción del muro fronterizo en la ciudad mexicana de Tijuana, después de ocho meses de que las obras estuvieran suspendidas.
https://t.co/CPEQVsZ8fW",21,19,0,10207,193,0,0,1,EFEnoticias,Agencia EFE,EFEnoticias,0.0,neutral
1885438970940563723,Fri Jan 31 21:24:15 +0000 2025,"#ÚLTIMAHORA | El presidente de Estados Unidos, Donald Trump, dice que ""por supuesto"" impondrá aranceles a los productos de la Unión Europea. https://t.co/QjrmzEId5E",224,146,34,35541,164,1,0,1,EFEnoticias,Agencia EFE,EFEnoticias,0.0,neutral
1885436404198478063,Fri Jan 31 21:14:03 +0000 2025,"VIDEO | Te contamos en 60 segundos cómo transcurrió el 31 de enero en América.
Toda la información en Efeservicios: https://t.co/gFbBZhqQJA https://t.co/bzPb2ZAgza",6,2,1,8037,163,0,0,2,EFEnoticias,Agencia EFE,EFEnoticias,0.0,neutral
1885432446532882911,Fri Jan 31 20:58:19 +0000 2025,"La NASA lanzará el próximo 27 de febrero su nuevo telescopio SPHEREx, con el objetivo de crear el mapa del cielo más colorido y completo de la historia.
https://t.co/XjodLszMcZ",10,0,0,7132,176,0,0,1,EFEnoticias,Agencia EFE,EFEnoticias,0.0,neutral
1885430689903841658,Fri Jan 31 20:51:20 +0000 2025,"El grupo apostólico de origen peruano Sodalicio de Vida Cristiana (SVC) acepta su disolución por el papa Francisco y pide perdón a las víctimas de abusos denunciados contra varios de sus miembros, incluido su fundador Luis Fernando Figari. 
https://t.co/8NCXWndgEK",252,137,14,18158,264,0,0,1,EFEnoticias,Agencia EFE,EFEnoticias,0.0,neutral
1885429190188527635,Fri Jan 31 20:45:23 +0000 2025,"Vox expulsa de su grupo en Castilla y León a dos parlamentarios que exigían primarias.

https://t.co/1Nsgoyi21j https://t.co/8XB8CBXLnK",12,10,2,8810,135,0,0,2,EFEnoticias,Agencia EFE,EFEnoticias,0.0,neutral
1885426913247658141,Fri Jan 31 20:36:20 +0000 2025,"El Gobierno de EE.UU. insiste en que considera ""inaceptable"" que el canal de Panamá esté ""controlado"" por compañías chinas, a pesar de que no existen pruebas que respalden esta afirmación.
https://t.co/ggu4Y3ilG2",40,31,9,10547,212,0,0,1,EFEnoticias,Agencia EFE,EFEnoticias,-0.296,negative
1885426350413983827,Fri Jan 31 20:34:06 +0000 2025,"#ÚLTIMAHORA | Indra compra el 89,7 % de Hispasat a Redeia por 725 millones de euros. https://t.co/uPjIgCS57e",7,7,0,8388,108,1,0,1,EFEnoticias,Agencia EFE,EFEnoticias,0.0,neutral
1885421653800206611,Fri Jan 31 20:15:26 +0000 2025,"La Casa Blanca dice que EE.UU. sigue en pie el plan de imponer un 25 % de aranceles sobre México y Canadá, y un 10 % sobre China, desde este sábado 1 de febrero, una acción que podría afectar el comercio global. 
https://t.co/4Z6wlJCMlW",13,9,3,7435,236,0,0,1,EFEnoticias,Agencia EFE,EFEnoticias,0.0,neutral
1885421442042339346,Fri Jan 31 20:14:35 +0000 2025,VIDEO | El Brexit cumple cinco años sin festejos y con incertidumbres sobre el futuro. https://t.co/f7xa8jk4Ml,10,4,0,7623,110,0,0,1,EFEnoticias,Agencia EFE,EFEnoticias,-0.5574,negative
1885420502979613054,Fri Jan 31 20:10:51 +0000 2025,"La Cámara Baja del Parlamento alemán rechazó este viernes por un estrecho margen un polémico proyecto de ley para restringir la migración impulsado por la oposición conservadora y que contaba con el apoyo por la ultraderecha.

https://t.co/Z2kESnw0Iz",8,3,1,6441,250,0,0,1,EFEnoticias,Agencia EFE,EFEnoticias,0.0,neutral
1885420377267949795,Fri Jan 31 20:10:22 +0000 2025,"El primero de dos vuelos con migrantes hondureños deportados de EE.UU. en aviones militares llega a La Lima, norte de Honduras y es recibido por autoridades del Gobierno que preside Xiomara Castro.
https://t.co/bbTV9jAvsW",9,7,0,6472,221,0,0,1,EFEnoticias,Agencia EFE,EFEnoticias,0.0,neutral
1885416217126510627,Fri Jan 31 19:53:50 +0000 2025,"La película 'Atropia' recibe el gran premio del jurado del Festival de Sundance 2025 en la selección de drama estadounidense, mientras que la india 'Sabar Bonda' logra el mismo galardón en la competencia de cine mundial.
https://t.co/PkhbWhaxnK",2,0,0,6196,244,0,0,1,EFEnoticias,Agencia EFE,EFEnoticias,0.4939,positive
1885415853199364449,Fri Jan 31 19:52:23 +0000 2025,"#ÚLTIMAHORA | Nicolás Maduro recibe al enviado especial del presidente de EE.UU., Donald Trump, y plantea una ""agenda cero"". https://t.co/vSs5gb0pKr",73,46,6,21408,148,1,0,1,EFEnoticias,Agencia EFE,EFEnoticias,0.0,neutral
1885414794661871970,Fri Jan 31 19:48:11 +0000 2025,"Un muerto al saltar de un edificio en llamas en Basauri (Bizkaia) y cuatro personas rescatadas, una mujer con sus dos hijos y un varón.

https://t.co/kr87yoK0Uc https://t.co/O25eXRfgHn",1,0,0,6122,184,0,0,2,EFEnoticias,Agencia EFE,EFEnoticias,0.0,neutral
1885413583342748138,Fri Jan 31 19:43:22 +0000 2025,"El principal candidato para reemplazar a Justin Trudeau como primer ministro de Canadá, Mark Carney, dice que el país no va a ceder a las presiones del presidente de EE.UU., Donald Trump.
https://t.co/sij1ILLKJ4",80,48,2,8656,211,0,0,1,EFEnoticias,Agencia EFE,EFEnoticias,-0.296,negative
1885410560113569991,Fri Jan 31 19:31:21 +0000 2025,"Emmanuel 'Meme' del Real, tecladista y miembro de la banda mexicana Café Tacvba, emprende su carrera en solitario con el lanzamiento del sencillo 'Princesa'. https://t.co/6gkGcekuoy",3,1,0,6680,181,0,0,1,EFEnoticias,Agencia EFE,EFEnoticias,0.0,neutral
1885407288170529026,Fri Jan 31 19:18:21 +0000 2025,"Las autoridades de Colombia detienen a Beraldo Enrique Atencio Padilla, alias Chocolate, un jefe de la banda transnacional Tren de Aragua que está pedido en extradición por Venezuela acusado de ""homicidios selectivos"".
https://t.co/Kvw8zlrNYL",11,7,0,6956,242,0,0,1,EFEnoticias,Agencia EFE,EFEnoticias,0.0,neutral
1885406783717470235,Fri Jan 31 19:16:21 +0000 2025,Un solo controlador estaba a cargo del tráfico de aviones y helicópteros en el aeropuerto de Washington cuando ocurrió el accidente en el que fallecieron 67 personas. https://t.co/PuhNqVNHCz,14,10,3,7129,190,0,0,1,EFEnoticias,Agencia EFE,EFEnoticias,0.0,neutral
1885401502333690212,Fri Jan 31 18:55:21 +0000 2025,"La actriz española Karla Sofía Gascón, nominada a un Óscar por 'Emilia Pérez', cierra su cuenta en la red social X, a petición de su familia, y denuncia estar sometida a una ""campaña de odio y desinformación"" que no va a seguir consintiendo. https://t.co/FlbUIk1dDe",43,9,32,15707,265,0,0,1,EFEnoticias,Agencia EFE,EFEnoticias,-0.296,negative
1885400997582836100,Fri Jan 31 18:53:21 +0000 2025,"El secretario de Estado de EE.UU., Marco Rubio, inicia en Panamá un viaje que lo llevará también a El Salvador, Costa Rica, Guatemala y República Dominicana, países aliados de EE.UU. https://t.co/aBr0b9KLhD",22,12,0,6813,206,0,0,1,EFEnoticias,Agencia EFE,EFEnoticias,0.0,neutral
1885400256579318169,Fri Jan 31 18:50:24 +0000 2025,"El presidente de Colombia, Gustavo Petro, confirma una operación militar con la colaboración de la Fuerza Armada Nacional Bolivariana (FANB) para luchar contra el Ejército de Liberación Nacional (ELN) en la frontera con Venezuela. https://t.co/6F8uvbrJwl",33,20,3,7540,254,0,0,1,EFEnoticias,Agencia EFE,EFEnoticias,0.0,neutral
1885399741413937273,Fri Jan 31 18:48:22 +0000 2025,"Vinícius: Es «importante» entrar en la historia del Real Madrid, como Ronaldo y CR7.

https://t.co/ZoL9ZsW3Yy https://t.co/3CA2qAwfxb",8,2,0,6347,133,0,0,2,EFEnoticias,Agencia EFE,EFEnoticias,0.0,neutral
1885399737609711798,Fri Jan 31 18:48:21 +0000 2025,"La Oficina de Naciones Unidas para los DD.HH. pide al Gobierno de Nicaragua que revise las reformas que el Parlamento ha aprobado y que otorgan poder prácticamente absoluto al presidente Daniel Ortega y a su esposa, Rosario Murillo. 
https://t.co/1iNQW5pA8s",7,3,4,6461,257,0,0,1,EFEnoticias,Agencia EFE,EFEnoticias,0.34,positive
1885396031694631039,Fri Jan 31 18:33:37 +0000 2025,"La megacárcel símbolo de la ""guerra"" contra las pandillas del presidente Nayib Bukele en El Salvador cumple dos años conteniendo, según las autoridades, a los pandilleros ""más peligrosos"".
https://t.co/BLjhVb598D",15,6,2,7237,212,0,0,1,EFEnoticias,Agencia EFE,EFEnoticias,0.0,neutral
1885393957019926884,Fri Jan 31 18:25:22 +0000 2025,"Un herido grave al saltar de un edificio en llamas en Basauri (Bizkaia) y tres rescatados.

https://t.co/kr87yoK0Uc https://t.co/PgqgwEyfw0",9,8,1,12773,139,0,0,2,EFEnoticias,Agencia EFE,EFEnoticias,-0.3818,negative
1885393325160550478,Fri Jan 31 18:22:52 +0000 2025,#ÚLTIMAHORA | 'Atropia' y 'Sabar Bonda (Cactus Pears)' se coronan en el Festival de Sundance con el premio del jurado. https://t.co/gEhTUYjHsB,6,2,1,12398,142,1,0,1,EFEnoticias,Agencia EFE,EFEnoticias,0.4939,positive
1885391333826642372,Fri Jan 31 18:14:57 +0000 2025,#ÚLTIMAHORA | El polémico proyecto de ley para restringir la migración apoyado por la ultraderecha es rechazado en Cámara Baja alemana. https://t.co/yY5bWCEbjy,67,23,5,15034,159,1,0,1,EFEnoticias,Agencia EFE,EFEnoticias,0.0,neutral
1885388184516759687,Fri Jan 31 18:02:26 +0000 2025,"#FOTOGALERÍA | Política, cultura, deportes... 

Repaso a la actualidad informativa de la última semana desde el objetivo de los fotógrafos de EFE en el mundo. https://t.co/xjHSlgTaD3",0,2,0,6442,182,1,0,1,EFEnoticias,Agencia EFE,EFEnoticias,0.0,neutral
1885383900957950295,Fri Jan 31 17:45:25 +0000 2025,"México advierte de un costo estimado de 20.475 millones de dólares para cerca de 89 millones de familias en EE.UU. por el alza de precios, si se concretan los aranceles del 25 % que ha anunciado Donald Trump a productos mexicanos. https://t.co/QIG526dfNn",3,9,5,6539,254,0,0,1,EFEnoticias,Agencia EFE,EFEnoticias,0.34,positive
1885383292675121522,Fri Jan 31 17:43:00 +0000 2025,"ENTREVISTA | Coque Malla: ""No volvería a los Ronaldos ni a ese tipo de energía, ni podría ni quiero"".

Por Javier Herrero
(@jotaherrero)
https://t.co/1LGOmZilRj https://t.co/AbZazuqxJ0",1,0,0,6303,184,0,1,2,EFEnoticias,Agencia EFE,EFEnoticias,0.0,neutral
1885373872142180516,Fri Jan 31 17:05:34 +0000 2025,"El objetivo de la visita de Grenell es lograr que Venezuela, que no mantiene relaciones diplomáticas con EE.UU., acepte vuelos de deportación de migrantes indocumentados y conseguir la liberación de ciudadanos estadounidenses detenidos en el país. https://t.co/OWBKOZhegk",6,7,3,6902,271,0,0,1,EFEnoticias,Agencia EFE,EFEnoticias,-0.296,negative
1885368033218019509,Fri Jan 31 16:42:22 +0000 2025,"Gavi renueva con el Barcelona hasta junio de 2030.

https://t.co/SaYoSfvQWO https://t.co/SGXetIKk1v",2,0,0,6108,99,0,0,2,EFEnoticias,Agencia EFE,EFEnoticias,0.0,neutral
1885365326017106431,Fri Jan 31 16:31:36 +0000 2025,VIDEO | La presión social de cientos de personas contra un desahucio en la Casa Orsola de Barcelona ha provocado que la comitiva judicial lo haya aplazado hasta la madrugada del martes. https://t.co/yqTcUIpKzO,7,4,1,6935,209,0,0,1,EFEnoticias,Agencia EFE,EFEnoticias,0.34,positive
1885364139138125902,Fri Jan 31 16:26:53 +0000 2025,"La Audiencia Nacional procesa a cinco exjefes etarras por el atentado contra el concejal del PP en San Sebastián Gregorio Ordóñez, del que se han cumplido 30 años.

https://t.co/sYOZFU007u https://t.co/sWpnwn5VWi",11,1,1,5800,212,0,0,2,EFEnoticias,Agencia EFE,EFEnoticias,0.0,neutral
1885359741741748586,Fri Jan 31 16:09:25 +0000 2025,#ÚLTIMAHORA | La Audiencia Nacional procesa a cinco exjefes etarras por el crimen de Gregorio Ordóñez. https://t.co/KdcamPWWVg,152,43,11,30397,126,1,0,1,EFEnoticias,Agencia EFE,EFEnoticias,0.0,neutral
1885355481251627302,Fri Jan 31 15:52:29 +0000 2025,#ÚLTIMAHORA | Nueve países se comprometen al arresto de Netanyahu y prevenir la provisión de armas a Israel. https://t.co/CB6xCVy9rz,4491,1545,138,183855,132,1,0,1,EFEnoticias,Agencia EFE,EFEnoticias,0.0,neutral
1885353437019111648,Fri Jan 31 15:44:22 +0000 2025,"¿Cómo funciona el comité del Parlamento Europeo que abordará la denuncia contra Toni Comín?

https://t.co/uhvkmHYgvQ https://t.co/eljMBIM19d",3,2,0,5821,140,0,0,2,EFEnoticias,Agencia EFE,EFEnoticias,0.0,neutral
1885344727932793005,Fri Jan 31 15:09:45 +0000 2025,"#ÚLTIMAHORA | Richard Grenell, enviado especial del presidente de EE.UU., Donald Trump, se reúne este viernes en Venezuela con Nicolás Maduro, según el canal CNN. https://t.co/CcJLi3qP7k",220,146,30,34781,186,1,0,1,EFEnoticias,Agencia EFE,EFEnoticias,0.0,neutral
1885343874681377008,Fri Jan 31 15:06:22 +0000 2025,"ENTREVISTA | Kapo sobre su éxito: exploré mucho tiempo para lograr lo que quería mostrarle a la gente. 

✍️ Jorge Gil Ángel. 
https://t.co/UuUYW98QWn",0,2,0,6423,149,0,0,1,EFEnoticias,Agencia EFE,EFEnoticias,0.0,neutral
1885321388921077939,Fri Jan 31 13:37:01 +0000 2025,"Las administraciones públicas españolas, salvo las locales, acumulan un déficit de 29.411 millones de euros en los once primeros meses de 2024.

Es una cifra un 1,9 % superior, debido al impacto de las  ayudas de la dana.

https://t.co/MiW1MJuXp5 https://t.co/M7bCyofU1h",6,1,1,6456,270,0,0,2,EFEnoticias,Agencia EFE,EFEnoticias,0.5423,positive
1885321128085684608,Fri Jan 31 13:35:59 +0000 2025,"Parte de la cúpula fiscal pide al fiscal general su renuncia por no responder al juez en el Tribunal Supremo.

https://t.co/bJrCJc9UDZ https://t.co/u2jKgam0lH",13,3,4,6406,158,0,0,2,EFEnoticias,Agencia EFE,EFEnoticias,0.1779,positive
1885318379625390094,Fri Jan 31 13:25:03 +0000 2025,"VIDEO I La Guardia Civil ha desarticulado un violento grupo criminal que asaltaba viviendas de lujo en España. Se le atribuyen al menos 16 robos por valor de unos 10 millones de euros.

📹Imágenes: Guardia Civil https://t.co/qXVkRENABC",20,11,0,8848,234,0,0,1,EFEnoticias,Agencia EFE,EFEnoticias,-0.25,negative
1885315004888441247,Fri Jan 31 13:11:39 +0000 2025,"El Gobierno aprobará próximamente un decreto con entregas a cuenta a las comunidades autónomas.

https://t.co/L1Z3hSSUEl https://t.co/h3P1zvScWD",4,3,0,5532,144,0,0,2,EFEnoticias,Agencia EFE,EFEnoticias,0.0,neutral
1885314634736971950,Fri Jan 31 13:10:11 +0000 2025,"Egipto confirma que hoy abre el paso de Rafah que conecta con Gaza para el traslado de heridos.

https://t.co/ZM9k5kqAc4",13,7,1,5633,120,0,0,1,EFEnoticias,Agencia EFE,EFEnoticias,0.0,neutral
1885309478372773937,Fri Jan 31 12:49:41 +0000 2025,"Los 50 años del cubo de Rubik, obra de diseño convertida en juguete matemático e icono pop.

El húngaro Erno Rubik buscaba un diseño en el que volcar su interés por las formas tridimensionales cuando ideó unos bloques unidos por gomas y clips.

https://t.co/CmtN5GZsxb https://t.co/UhhMXOH1DE",4,6,0,5727,292,0,0,2,EFEnoticias,Agencia EFE,EFEnoticias,0.0,neutral
1885307832188211209,Fri Jan 31 12:43:09 +0000 2025,"Juanma Moreno, designado candidato del Partido Popular Europeo a presidir el Comité Europeo de las Regiones.

https://t.co/agLPPCTZQ7 https://t.co/RxHbKZhwy9",4,1,1,5430,157,0,0,2,EFEnoticias,Agencia EFE,EFEnoticias,0.4215,positive
1895617691194413534,Fri Feb 28 23:30:51 +0000 2025,"Después del enfrentamiento entre Trump y Zelenski hubo un intento de reconducir la cita, pero fracasó.
https://t.co/LelNNXAV3f",17,11,0,11133,126,0,0,1,EFEnoticias,Agencia EFE,EFEnoticias,0.0,neutral
1895614518094676333,Fri Feb 28 23:18:14 +0000 2025,"#ÚLTIMAHORA | 'Emilia Pérez', la gran ganadora de los premios César con siete galardones. https://t.co/bBWDBfb3CA",24,10,6,18234,113,1,0,1,EFEnoticias,Agencia EFE,EFEnoticias,0.0,neutral
1895614195036778725,Fri Feb 28 23:16:57 +0000 2025,"#ÚLTIMAHORA | El presidente de Ucrania, Volodímir Zelenski, dice que tiene ""respeto"" por el mandatario estadounidense, Donald Trump, pero evita disculparse. https://t.co/hHUDdidT3N",152,46,30,19553,180,1,0,1,EFEnoticias,Agencia EFE,EFEnoticias,0.0,neutral
1895613585600233623,Fri Feb 28 23:14:32 +0000 2025,"#ÚLTIMAHORA | El presidente de Uruguay, Luis Lacalle Pou, se despide arropado por sus seguidores: ""Por supuesto que lo volvería a vivir"". https://t.co/IjeXk8TlMZ",73,20,3,16776,161,1,0,1,EFEnoticias,Agencia EFE,EFEnoticias,0.0,neutral
1895607735523426372,Fri Feb 28 22:51:17 +0000 2025,"#ÚLTIMAHORA | Trump dice que, para volver al diálogo, Zelenski debe hablar de paz y evitar las críticas a Putin. https://t.co/rdSqJibtmt",95,58,34,32945,136,1,0,1,EFEnoticias,Agencia EFE,EFEnoticias,0.0,neutral
1895605570205598131,Fri Feb 28 22:42:41 +0000 2025,#ÚLTIMAHORA | La española Elena López Riera gana el premio César al mejor cortometraje documental. https://t.co/9O2ug2nNF6,87,23,2,20171,122,1,0,1,EFEnoticias,Agencia EFE,EFEnoticias,0.0,neutral
1895604324811882513,Fri Feb 28 22:37:44 +0000 2025,"""Creo que todos hemos tenido razón al ayudar a Ucrania y sancionar a Rusia hace tres años y al continuar haciéndolo. Y cuando digo nosotros, son Estados Unidos, los europeos, los canadienses, los japonenes y algunos más"", insistió el francés.
https://t.co/DCtI6jtQKb https://t.co/6iHaazpd1d",93,24,17,16460,290,0,0,2,EFEnoticias,Agencia EFE,EFEnoticias,0.0,neutral
1895601017237950903,Fri Feb 28 22:24:35 +0000 2025,"El Gobierno de Nicaragua que preside Daniel Ortega y Rosario Murillo anuncia su retiro de la Organización Internacional del Trabajo y de la Organización Internacional para las Migraciones.
https://t.co/T4mgc5eTRz",12,15,4,10300,212,0,0,1,EFEnoticias,Agencia EFE,EFEnoticias,0.0,neutral
1895596104311586842,Fri Feb 28 22:05:04 +0000 2025,"#ÚLTIMAHORA | El gobernador de la provincia de Buenos Aires dice que el presidente argentino, Javier Milei, ""avanza con el sueño autoritario de intervenir una provincia"". https://t.co/p3FPqGomr7",17,5,4,9929,194,1,0,1,EFEnoticias,Agencia EFE,EFEnoticias,0.0,neutral
1895595733702557849,Fri Feb 28 22:03:36 +0000 2025,"El presidente de Brasil, Luiz Inácio Lula da Silva, designa como ministra de Relaciones Institucionales a la diputada Gleisi Hoffmann, actual presidenta del Partido de los Trabajadores (PT).
https://t.co/BfnnKVO34u",9,3,1,8851,214,0,0,1,EFEnoticias,Agencia EFE,EFEnoticias,0.0,neutral
1895593878964867163,Fri Feb 28 21:56:13 +0000 2025,"#ÚLTIMAHORA | El presidente de Francia, Emmanuel Macron: ""Si hay alguien que juega a la Tercera Guerra Mundial se llama Vladímir Putin"". https://t.co/RnLF2t2c22",8169,2534,361,306415,160,1,0,1,EFEnoticias,Agencia EFE,EFEnoticias,0.0,neutral
1895591418212577664,Fri Feb 28 21:46:27 +0000 2025,"El presidente de Argentina, Javier Milei, le pide al gobernador de la provincia de Buenos Aires, el peronista Axel Kicillof, que renuncie a su cargo.
https://t.co/IlRsQCGFpq",23,11,3,11462,173,0,0,1,EFEnoticias,Agencia EFE,EFEnoticias,0.0,neutral
1895590950505980415,Fri Feb 28 21:44:35 +0000 2025,"VIDEO | Trump, visiblemente enfadado, le dijo a Zelenski que Ucrania ""está en muchos problemas"" y advirtió que ""va a ser difícil hacer un trato porque las actitudes deben cambiar"". https://t.co/QZMQQvJG8n",13,5,1,7738,204,0,0,1,EFEnoticias,Agencia EFE,EFEnoticias,0.0,neutral
1895585677028278307,Fri Feb 28 21:23:38 +0000 2025,"Los cuatro conciertos que Shakira dio en su natal Colombia en las últimas dos semanas tuvieron un impacto económico de 206.000 millones de pesos (unos 49,6 millones de dólares).
https://t.co/ruVECHMZC4 https://t.co/ixom1g2SE5",9,3,1,8953,225,0,0,2,EFEnoticias,Agencia EFE,EFEnoticias,0.0,neutral
1895584350734782678,Fri Feb 28 21:18:22 +0000 2025,"Microsoft cerrará Skype, la aplicación de mensajería de texto y voz, en mayo y reemplazará la plataforma con la versión gratuita de Microsoft Teams.
https://t.co/jncYMNTYld https://t.co/Crhj38JONh",23,17,2,10778,196,0,0,2,EFEnoticias,Agencia EFE,EFEnoticias,0.0,neutral
1895582773060206739,Fri Feb 28 21:12:05 +0000 2025,"Europa arropa a Zelenski tras el enfrentamietno verbal con Trump: «Ucrania no está sola». 

https://t.co/DCtI6jtQKb",846,310,140,28314,115,0,0,1,EFEnoticias,Agencia EFE,EFEnoticias,-0.296,negative
1895582076570681505,Fri Feb 28 21:09:19 +0000 2025,"La presidenta de México, Claudia Sheinbaum, recuerda que faltan tres días para llegar al límite de tiempo que dio Trump para evitar los aranceles del 25 % a productos mexicanos y confía en lograr un acuerdo.
https://t.co/EBlQtz3Rn5",12,6,0,8604,231,0,0,1,EFEnoticias,Agencia EFE,EFEnoticias,0.0,neutral
1895580340506255774,Fri Feb 28 21:02:26 +0000 2025,VIDEO | Liberan a cientos de presos fueron liberados de diferentes centros penitenciarios de Filipinas en consonancia con el plan del Gobierno para descongestionar las superpobladas celdas de todo el país. https://t.co/V3D06InEFl,8,1,2,11601,229,0,0,1,EFEnoticias,Agencia EFE,EFEnoticias,0.0,neutral
1895579046412685640,Fri Feb 28 20:57:17 +0000 2025,"El fiscal general de México, Alejandro Gertz Manero, asegura que los 29 narcotraficantes trasladados el jueves a Estados Unidos fueron entregados y no extraditados, pues la operación se hizo de acuerdo a la Ley de Seguridad Nacional. https://t.co/I10CJQV31A https://t.co/0XsCa2a96I",4,4,1,8721,281,0,0,2,EFEnoticias,Agencia EFE,EFEnoticias,-0.296,negative
1895578306767896621,Fri Feb 28 20:54:21 +0000 2025,"Argentina implementa un sistema que obliga a las empresas que brindan el servicio de cobro con tarjeta de débito a los comercios a ofrecer la opción de realizar pagos en dólares, medida que será opcional para los vendedores. https://t.co/S78GVovjPN",3,3,0,8014,248,0,0,1,EFEnoticias,Agencia EFE,EFEnoticias,0.0,neutral
1895578169903890872,Fri Feb 28 20:53:48 +0000 2025,VIDEO | El Gobierno rumano supera una moción de censura de los ultranacionalistas. https://t.co/TtR7VWoRtR,8,0,1,8302,106,0,0,1,EFEnoticias,Agencia EFE,EFEnoticias,0.0,neutral
1895577624015176124,Fri Feb 28 20:51:38 +0000 2025,"VIDEO | El papa sufre un crisis ""repentina"" de broncoespasmo en su día 15 en el hospital. https://t.co/i8sZZtU4HX",6,8,0,9652,113,0,0,1,EFEnoticias,Agencia EFE,EFEnoticias,-0.6249,negative
1895573530252574948,Fri Feb 28 20:35:22 +0000 2025,"El presidente del Gobierno, Pedro Sánchez, tras la tensa reunión entre Trump y Zelenski: «Ucrania, España está contigo».

https://t.co/ZpHAVwrEH0 https://t.co/AzMhYuLJPA",223,76,70,17642,169,0,0,2,EFEnoticias,Agencia EFE,EFEnoticias,0.0,neutral
1895571751960211853,Fri Feb 28 20:28:18 +0000 2025,"Rafael Caro Quintero se declaró no culpable de los cargos de narcotráfico, organización criminal, uso de armas de fuego y asesinato que se le imputan en una corte de Nueva York y que podrían acarrearle cadena perpetua o pena de muerte. https://t.co/I10CJQV31A",0,2,0,6892,259,0,0,1,EFEnoticias,Agencia EFE,EFEnoticias,-0.6808,negative
1895568198776565999,Fri Feb 28 20:14:11 +0000 2025,"#ÚLTIMAHORA | Bruselas apoya a Zelenski: ""Su dignidad honra la valentía del pueblo ucraniano"". https://t.co/s7YeZOdb6E",4350,1199,260,95693,118,1,0,1,EFEnoticias,Agencia EFE,EFEnoticias,0.0,neutral
1895566391585218872,Fri Feb 28 20:07:00 +0000 2025,"¿Quiénes son los directores de cine con más premios Óscar?

https://t.co/jiTdOreSu8

#Oscars https://t.co/anQFqzmnry",5,3,1,7840,116,1,0,2,EFEnoticias,Agencia EFE,EFEnoticias,0.0,neutral
1895566229311799780,Fri Feb 28 20:06:21 +0000 2025,"Los dos líderes tenían previsto refrendar este documento, considerado un paso previo para la firma de un acuerdo de paz entre Kiev y Moscú.
https://t.co/HK0cKoDPAP https://t.co/NLKx4VFk89",8,4,1,7374,187,0,0,2,EFEnoticias,Agencia EFE,EFEnoticias,0.0,neutral
1895564378675564891,Fri Feb 28 19:59:00 +0000 2025,"¿Quiénes son los actores y actrices con más Óscar?

https://t.co/mmqRqConaM

#Oscars https://t.co/KFT1MKkirz",1,2,0,6438,108,1,0,2,EFEnoticias,Agencia EFE,EFEnoticias,0.0,neutral
1895563682312265878,Fri Feb 28 19:56:14 +0000 2025,VIDEO | Masivas protestas en Grecia contra el Gobierno por el accidente que dejó 57 muertos. https://t.co/lYCfI4MeTV,17,7,0,9420,116,0,0,1,EFEnoticias,Agencia EFE,EFEnoticias,0.0,neutral
1895558938197651755,Fri Feb 28 19:37:23 +0000 2025,"La actriz Karla Sofía Gascón reaparece en la alfombra roja de los premios César.

https://t.co/GbpVM2XR7T https://t.co/gdfOdbsAyl",3,3,2,7958,129,0,0,2,EFEnoticias,Agencia EFE,EFEnoticias,0.0,neutral
1895558684316504159,Fri Feb 28 19:36:22 +0000 2025,"El Tribunal Contencioso Electoral (TCE) suspende por dos años los derechos de participación política de la vicepresidenta de Ecuador, Verónica Abad, quien califica el fallo como una ""cortina de humo"". https://t.co/fgtufhfHi5",1,2,1,7243,224,0,0,1,EFEnoticias,Agencia EFE,EFEnoticias,0.0,neutral
1895556180031705452,Fri Feb 28 19:26:25 +0000 2025,"El secretario general de la ONU, António Guterres, advierte contra cualquier proyecto de ""traslado forzoso de población"" en Gaza y contra ""toda forma de limpieza étnica"". https://t.co/kQzuw3NkEa",44,28,12,8130,194,0,0,1,EFEnoticias,Agencia EFE,EFEnoticias,0.0,neutral
1895555975677165911,Fri Feb 28 19:25:36 +0000 2025,"Tras la reunión en el Despacho Oval, Trump y Zelenski tenían programado un almuerzo conjunto y una rueda de prensa, pero ambos eventos fueron cancelados.
https://t.co/HK0cKoDPAP https://t.co/VpCNxHEQhx",14,4,2,6715,201,0,0,2,EFEnoticias,Agencia EFE,EFEnoticias,0.0,neutral
1895555480996729192,Fri Feb 28 19:23:39 +0000 2025,"En su mensaje, Trump calificó la reunión de ""muy significativa"". ""Aprendimos mucho que nunca podríamos haber aprendido sin una conversación bajo semejante presión"", afirmó.
https://t.co/HK0cKoDPAP https://t.co/LZr8YNzvIy",17,10,3,13969,220,0,0,2,EFEnoticias,Agencia EFE,EFEnoticias,-0.5574,negative
1895555203312844960,Fri Feb 28 19:22:32 +0000 2025,#ÚLTIMAHORA | La Casa Blanca dice que el acuerdo de explotación conjunta de recursos minerales de Ucrania no se ha firmado tras el choque de Trump y Zelenski. https://t.co/DPut9SYESk,290,179,27,36886,182,1,0,1,EFEnoticias,Agencia EFE,EFEnoticias,-0.5,negative
1895552634389737581,Fri Feb 28 19:12:20 +0000 2025,#ÚLTIMAHORA | El cofundador y líder del extinto Cartel de Guadalajara Rafael Caro Quintero se declara no culpable de los cargos de narcotráfico en Nueva York. https://t.co/UoExT95q9N,11,10,4,16593,182,1,0,1,EFEnoticias,Agencia EFE,EFEnoticias,-0.296,negative
1895549283069542905,Fri Feb 28 18:59:01 +0000 2025,#ÚLTIMAHORA | Zelenski sale de la Casa Blanca tras una tensa reunión con Trump y sin confirmar si el pacto de minerales se firmará. https://t.co/AMxkI5an9N,99,37,14,16125,155,1,0,1,EFEnoticias,Agencia EFE,EFEnoticias,-0.5574,negative
1895546046471946653,Fri Feb 28 18:46:09 +0000 2025,"El papa Francisco sufrió este viernes una crisis «aislada» de broncospasmo y un «repentino» empeoramiento de su cuadro respiratorio de Roma, aunque ha respondido «bien» a la terapia, informó la Santa Sede.

https://t.co/JtfwedzxrA",11,7,1,9686,230,0,0,1,EFEnoticias,Agencia EFE,EFEnoticias,-0.4019,negative
1895543459861446842,Fri Feb 28 18:35:52 +0000 2025,"Cientos de miles de griegos protestan contra el Gobierno por el accidente con 57 muertos. 

https://t.co/GSOv6JCwVu",10,4,0,6664,115,0,0,1,EFEnoticias,Agencia EFE,EFEnoticias,0.0,neutral
1895542281975054805,Fri Feb 28 18:31:12 +0000 2025,"#ÚLTIMAHORA | Donald Trump no negociará con el presidente de Ucrania, Volodímir Zelenski, y le dice que ""puede volver cuando esté listo para la paz"". https://t.co/uYi5SSjDJ9",256,195,26,36808,173,1,0,1,EFEnoticias,Agencia EFE,EFEnoticias,-0.296,negative
1895541507094167604,Fri Feb 28 18:28:07 +0000 2025,"#ÚLTIMAHORA | El papa sufre un ""repentino"" empeoramiento respiratorio tras una crisis de broncospasmo. https://t.co/Rpqgo8YaX8",314,213,37,118446,126,1,0,1,EFEnoticias,Agencia EFE,EFEnoticias,-0.6249,negative
1895538868612710822,Fri Feb 28 18:17:38 +0000 2025,"El presidente estadoundiense, Donald Trump, tiene lista una orden ejecutiva para declarar el inglés como ""lengua oficial de Estados Unidos"", un título que nunca ha existido en la historia de la nación norteamericana. https://t.co/3hJfHN2loL",11,1,0,6690,240,0,0,1,EFEnoticias,Agencia EFE,EFEnoticias,0.34,positive
1895537634086379929,Fri Feb 28 18:12:44 +0000 2025,"Tras 30 minutos de declaraciones ante los medios, la tensión estalló cuando el mandatario estadounidense afirmó que Zelenski no estaba en posición de dictar condiciones sobre la guerra.
https://t.co/HK0cKoDPAP https://t.co/MYzNiXcuRB",10,12,2,6435,233,0,0,2,EFEnoticias,Agencia EFE,EFEnoticias,-0.296,negative
1895536697884164517,Fri Feb 28 18:09:00 +0000 2025,"""No estás en posición de dictar lo que vamos a sentir"", afirmó Trump ante los medios de comunicación, sentado junto a Zelenski.
https://t.co/HK0cKoDPAP https://t.co/jTxILJA7ea",5,9,3,6800,175,0,0,2,EFEnoticias,Agencia EFE,EFEnoticias,0.0,neutral
1895533381494194327,Fri Feb 28 17:55:50 +0000 2025,"Zelenski apuntó ante la prensa que quiere hablar con Trump ""qué está dispuesto a hacer"", y dijo apoyarse en su ""fuerte postura"" para frenar al mandatario ruso, Vladímir Putin.
https://t.co/HK0cKoDPAP https://t.co/E44c3om7Xy",10,4,0,5670,223,0,0,2,EFEnoticias,Agencia EFE,EFEnoticias,0.0,neutral
1895533173070508053,Fri Feb 28 17:55:00 +0000 2025,"Los profesionales sanitarios son más tras la covid, pero están ""más quemados"".

Por Adaya González

https://t.co/BDLBYuLxK1 https://t.co/RjSIwqqrdU",3,0,0,5745,147,0,0,2,EFEnoticias,Agencia EFE,EFEnoticias,0.0,neutral
1895533168771666077,Fri Feb 28 17:54:59 +0000 2025,"#ÚLTIMAHORA | Trump acusa a Zelenski de estar ""jugando"" con la Tercera Guerra Mundial. https://t.co/ZmGHRmtPgM",51,30,15,13727,110,1,0,1,EFEnoticias,Agencia EFE,EFEnoticias,0.0,neutral
1895532049932697906,Fri Feb 28 17:50:32 +0000 2025,"""Estoy haciendo esto para salvar vidas, más que nada, y en segundo lugar, para ahorrar mucho dinero, aunque considero que eso es mucho menos importante"", afirmó el líder republicano.
https://t.co/HK0cKoDPAP https://t.co/qZVYR11oqt",6,4,3,5731,230,0,0,2,EFEnoticias,Agencia EFE,EFEnoticias,0.0,neutral
1895531482103607421,Fri Feb 28 17:48:17 +0000 2025,VIDEO | Un ataque suicida en una mezquita en el norte de Pakistán deja al menos 4 muertos. https://t.co/FVPvaZriL3,1,4,0,6253,114,0,0,1,EFEnoticias,Agencia EFE,EFEnoticias,0.0,neutral
1895531418639593642,Fri Feb 28 17:48:02 +0000 2025,"""Confío en que este documento, este primer documento, sea el primer paso hacia garantías reales de seguridad para Ucrania"", le dijo Zelenski a Trump.
https://t.co/HK0cKoDPAP https://t.co/HQ7d4GVPgI",9,2,2,5053,197,0,0,2,EFEnoticias,Agencia EFE,EFEnoticias,0.0,neutral
1895530745235689905,Fri Feb 28 17:45:21 +0000 2025,"""Este es un momento emocionante, pero el verdadero momento emocionante será cuando cesen los disparos y lleguemos a un acuerdo. Y creo que estamos bastante cerca de lograrlo"", afirmó Trump en el Despacho Oval de la Casa Blanca.
https://t.co/HK0cKoDPAP",11,11,1,5233,251,0,0,1,EFEnoticias,Agencia EFE,EFEnoticias,0.0,neutral
1895528406902878374,Fri Feb 28 17:36:04 +0000 2025,"#ÚLTIMAHORA | Trump protagoniza un tenso intercambio con Zelenski y le dice que no tiene ""una buena mano"" para imponer condiciones. https://t.co/nv4UUSyTwE",63,42,13,15921,155,1,0,1,EFEnoticias,Agencia EFE,EFEnoticias,-0.296,negative
1895524665294274733,Fri Feb 28 17:21:12 +0000 2025,"#ÚLTIMAHORA | Zelenski dice que un alto el fuego ""nunca funcionará sin garantías de seguridad"". https://t.co/8XOeZd0Zci",27,16,1,11587,119,1,0,1,EFEnoticias,Agencia EFE,EFEnoticias,-0.5574,negative
1895521242050150561,Fri Feb 28 17:07:35 +0000 2025,"#ÚLTIMAHORA | Trump dice ante Zelenski que se ve como un ""árbitro"" entre Rusia y Ucrania. https://t.co/Bn9rltcsAY",54,19,10,17348,113,1,0,1,EFEnoticias,Agencia EFE,EFEnoticias,0.0,neutral
1895520712833519726,Fri Feb 28 17:05:29 +0000 2025,"VIDEO | Este domingo se celebran los Óscar 2025.

Las películas 'Anora', 'The Brutalist', 'Cónclave' y 'Emilia Pérez' librarán su última batalla tras una temporada de premios marcada por intensas campañas publicitarias y controversias.

Te contamos todas las claves: https://t.co/eChLaRKprG",10,4,0,8418,290,0,0,1,EFEnoticias,Agencia EFE,EFEnoticias,0.0,neutral
1895519262569349509,Fri Feb 28 16:59:43 +0000 2025,"Cierre parcial del Bernabéu condicionado dos años por por comportamiento discriminatorio de los aficionados del Real Madrid en el último partido de la Liga de Campeones ante el Manchester City.

https://t.co/sgCIapVg59 https://t.co/MmvjueQtlO",251,48,9,51926,242,0,0,2,EFEnoticias,Agencia EFE,EFEnoticias,0.0,neutral
1895515758689710214,Fri Feb 28 16:45:48 +0000 2025,#ÚLTIMAHORA | Zelenski confía en que el pacto económico con Trump sea un paso para tener las garantías de seguridad para Ucrania. https://t.co/C7mIpikHkX,39,11,5,12088,153,1,0,1,EFEnoticias,Agencia EFE,EFEnoticias,0.0,neutral
1895515450618118447,Fri Feb 28 16:44:35 +0000 2025,"#ÚLTIMAHORA | Trump dice ante Zelenski que están ""bastante cerca"" de un acuerdo para acabar la guerra en Ucrania. https://t.co/1EOXmSGbLv",23,9,2,11928,137,1,0,1,EFEnoticias,Agencia EFE,EFEnoticias,0.0,neutral
1895515206278856760,Fri Feb 28 16:43:36 +0000 2025,#ÚLTIMAHORA | El órgano de Apelación de la UEFA decide el cierre parcial del estadio Santiago Bernabéu. https://t.co/MHJ69tu2Y9,1367,303,87,317914,127,1,0,1,EFEnoticias,Agencia EFE,EFEnoticias,0.0,neutral
1895513703291723874,Fri Feb 28 16:37:38 +0000 2025,"La cantante colombiana Shakira se despidió de su país tras vivir ""unas noches inolvidables"" en las que dio cuatro conciertos.
https://t.co/ruVECHMZC4",6,3,1,6344,149,0,0,1,EFEnoticias,Agencia EFE,EFEnoticias,0.0,neutral
1906857980621983978,Mon Mar 31 23:55:44 +0000 2025,VIDEO | Nicaragua afirma que no recibirá en su país al expresidente panameño Ricardo Martinelli hasta que no se aclare la alerta de Interpol. https://t.co/8KkRlqlNGr,12,9,1,5871,165,0,0,1,EFEnoticias,Agencia EFE,EFEnoticias,-0.5267,negative
1906855713302774024,Mon Mar 31 23:46:44 +0000 2025,"Las donaciones que el magnate Elon Musk ha realizado para favorecer al candidato conservador en el Tribunal Supremo del estado de Wisconsin han trastocado los comicios.
https://t.co/QAqbkBzvIh",11,4,1,5463,192,0,0,1,EFEnoticias,Agencia EFE,EFEnoticias,0.6486,positive
1906847135422697817,Mon Mar 31 23:12:39 +0000 2025,"La Casa Blanca asegura que el caso ""Signalgate"" se da por cerrado y que el asesor de Seguridad Nacional, Mike Waltz, seguirá en su puesto. 
https://t.co/qpFzZlh1fe",22,9,5,9594,163,0,0,1,EFEnoticias,Agencia EFE,EFEnoticias,0.0,neutral
1906846593350815977,Mon Mar 31 23:10:30 +0000 2025,"VIDEO | Te contamos en 60 segundos cómo transcurrió el 31 de marzo en América. 
Toda la información en Efeservicios: https://t.co/fN8vqamJT0 https://t.co/THep3X8Hgo",3,1,0,5454,164,0,0,2,EFEnoticias,Agencia EFE,EFEnoticias,0.0,neutral
1906845359780905289,Mon Mar 31 23:05:35 +0000 2025,"De acuerdo con las fuentes de la Red Nacional de Defensa de Derechos Humanos (RNDDH), de los 532 detenidos que han escapado hoy de prisión en Haití, unos 460 estaban a la espera de juicio. https://t.co/D7Shm4vImb",6,4,1,6025,212,0,0,1,EFEnoticias,Agencia EFE,EFEnoticias,0.0,neutral
1906845206047010986,Mon Mar 31 23:04:59 +0000 2025,"Esta protección se otorga a ciudadanos de países designados debido a condiciones como conflictos armados, desastres naturales u otras condiciones extraordinarias que impiden el regreso seguro a su lugar de origen.
https://t.co/kEeoJlR1LT",7,5,0,5733,237,0,0,1,EFEnoticias,Agencia EFE,EFEnoticias,0.0,neutral
1906843658957009261,Mon Mar 31 22:58:50 +0000 2025,"""Seremos muy benévolos en comparación con lo que otros países hacen"", dijo Trump sobre el anuncio de nuevos aranceles que hará esta semana. https://t.co/4y0TkYozWE https://t.co/lzoK6rktvF",6,4,1,4874,187,0,0,2,EFEnoticias,Agencia EFE,EFEnoticias,0.0,neutral
1906840816183554241,Mon Mar 31 22:47:32 +0000 2025,"El Gobierno de Donald Trump está usando un sistema de puntos para valorar la deportación de venezolanos en el país, según denuncia en tribunales la Unión de Libertades Civiles (ACLU). https://t.co/C2AhX41Dcu",9,3,0,5523,207,0,0,1,EFEnoticias,Agencia EFE,EFEnoticias,0.0,neutral
1906838651390382214,Mon Mar 31 22:38:56 +0000 2025,#ÚLTIMAHORA | Más de 500 presos escapan de una cárcel tras la irrupción de bandas armadas en Haití. https://t.co/FaFJiorm5k,112,90,4,19838,123,1,0,1,EFEnoticias,Agencia EFE,EFEnoticias,0.0,neutral
1906834559540359305,Mon Mar 31 22:22:40 +0000 2025,"Treinta años después de su asesinato, Selena Quintanilla sigue vigente con un nuevo documental y el renovado furor por sus discos.
https://t.co/mFtLwn0mPF",3,3,1,5971,154,0,0,1,EFEnoticias,Agencia EFE,EFEnoticias,0.0,neutral
1906834402409406919,Mon Mar 31 22:22:03 +0000 2025,"#ÚLTIMAHORA | Trump dice que será ""benévolo"" con los aranceles que impondrá en los próximos días. https://t.co/JDe12XRsyW",49,30,8,14630,121,1,0,1,EFEnoticias,Agencia EFE,EFEnoticias,0.0,neutral
1906833055844614490,Mon Mar 31 22:16:42 +0000 2025,"La compañía minera canadiense First Quantum Minerals desiste de continuar con la demanda de arbitraje presentada ante la Cámara de Comercio Internacional contra el Gobierno de Panamá por el cierre de la mina Cobre Panamá.
https://t.co/ZjmyVYJx7m",8,6,3,7407,245,0,0,1,EFEnoticias,Agencia EFE,EFEnoticias,0.0,neutral
1906831314503733666,Mon Mar 31 22:09:47 +0000 2025,#ÚLTIMAHORA | Un juez bloquea el intento de la Administración de Donald Trump de acabar con el Estatus de Protección Temporal para los venezolanos y haitianos en EE.UU. https://t.co/kMG91GgaLC,317,177,6,22338,192,1,0,1,EFEnoticias,Agencia EFE,EFEnoticias,0.0,neutral
1906830192737239508,Mon Mar 31 22:05:19 +0000 2025,"El banco Goldman Sachs aumenta del 20 al 35 % la probabilidad de que EE.UU. entre en recesión en los próximos doce meses, debido a un menor crecimiento de referencia y un deterioro de la confianza de los hogares y las empresas. https://t.co/LkEHNYajRa",52,60,4,10490,251,0,0,1,EFEnoticias,Agencia EFE,EFEnoticias,0.0,neutral
1906826231993020539,Mon Mar 31 21:49:35 +0000 2025,"Centenares de maestros colombianos salen a las calles de Bogotá y otras ciudades del país en una movilización para exigir mejores condiciones laborales y de la atención en salud.
https://t.co/pd0kvXyWVH",15,4,4,7321,202,0,0,1,EFEnoticias,Agencia EFE,EFEnoticias,0.0,neutral
1906824340580253886,Mon Mar 31 21:42:04 +0000 2025,"La copresidenta de Nicaragua, Rosario Murillo, leyó un comunicado de la Cancillería y dijo que el caso de Martinelli se trata de una «situación compleja contradictoria que llama mucho la atención».
https://t.co/64TObFgyOW",5,2,0,7088,221,0,0,1,EFEnoticias,Agencia EFE,EFEnoticias,0.0,neutral
1906819873117798884,Mon Mar 31 21:24:19 +0000 2025,"Miembros de la coalición armada Vivre Ensemble (Vivir Junto) irrumpen en la ciudad de Mirebalais (centro de Haití) y liberan presos de una cárcel, invaden la estación de policía e incendian un número no precisado de casas. https://t.co/D7Shm4vImb",7,3,0,7612,246,0,0,1,EFEnoticias,Agencia EFE,EFEnoticias,-0.296,negative
1906816667813818541,Mon Mar 31 21:11:35 +0000 2025,"El presidente de Brasil, Luiz Inácio Lula da Silva, hace un llamado para enfrentar las «amenazas autoritarias» que «insisten en sobrevivir», al recordar el inicio del golpe militar en el país, hace 61 años.
https://t.co/pJ64uITF8t",14,7,3,7931,230,0,0,1,EFEnoticias,Agencia EFE,EFEnoticias,0.0,neutral
1906808928970653953,Mon Mar 31 20:40:50 +0000 2025,"El presidente de Ecuador, Daniel Noboa, volverá a participar en la campaña electoral sin pedir licencia del cargo como establece la normativa ecuatoriana para las autoridades que buscan su reelección inmediata. https://t.co/7YW9r9u2dB",3,2,1,8115,234,0,0,1,EFEnoticias,Agencia EFE,EFEnoticias,-0.5574,negative
1906806579820704081,Mon Mar 31 20:31:30 +0000 2025,#ÚLTIMAHORA | Nicaragua no recibirá al expresidente de Panamá Ricardo Martinelli mientras no se aclare la alerta de Interpol. https://t.co/1YIKveBJUQ,67,50,3,20234,149,1,0,1,EFEnoticias,Agencia EFE,EFEnoticias,-0.5267,negative
1906805030033801684,Mon Mar 31 20:25:20 +0000 2025,"Los seguidores del expresidente de Bolivia Evo Morales anuncian que crearán el partido político ‘Evo Pueblo’, en medio de una pugna con el oficialismo, y dicen que denunciarán al mandatario Luis Arce. https://t.co/RQajMQvL7c",11,3,1,7663,224,0,0,1,EFEnoticias,Agencia EFE,EFEnoticias,0.0,neutral
1906804541934239985,Mon Mar 31 20:23:24 +0000 2025,"Donald Trump dio las gracias a Nayib Bukele por aceptar a ""criminales"" deportados por Estados Unidos y aseguró que les está dando un lugar ""maravilloso"" para vivir, aunque la mayoría están encarcelados. https://t.co/JyD72ucerM https://t.co/8basmxKL31",10,3,1,7977,250,0,0,2,EFEnoticias,Agencia EFE,EFEnoticias,0.0,neutral
1906803817431113761,Mon Mar 31 20:20:31 +0000 2025,"El presidente de Estados Unidos, Donald Trump, anunciará su nueva tanda de aranceles en un gran evento en la Rosaleda de la Casa Blanca, donde estará acompañado de todo su gabinete. https://t.co/4y0TkYozWE https://t.co/a8ALWtXz0z",10,6,1,8975,229,0,0,2,EFEnoticias,Agencia EFE,EFEnoticias,0.0,neutral
1906801796401488108,Mon Mar 31 20:12:29 +0000 2025,"La pobreza en la población urbana de Argentina se sitúa en el 38,1 % en el segundo semestre del año pasado.
https://t.co/v4X1tPxaCH",4,6,8,8292,131,0,0,1,EFEnoticias,Agencia EFE,EFEnoticias,0.0,neutral
1906794720820334730,Mon Mar 31 19:44:22 +0000 2025,"El secretario de Estado de Estados Unidos, Marco Rubio, pedirá a sus socios de la OTAN un aumento del gasto en defensa.
https://t.co/PXu5EjtpTN",17,9,6,8464,143,0,0,1,EFEnoticias,Agencia EFE,EFEnoticias,0.0,neutral
1906785795081633989,Mon Mar 31 19:08:54 +0000 2025,"#ÚLTIMAHORA | La pobreza urbana en Argentina baja al 38,1 % en el segundo semestre de 2024. https://t.co/abTeuNrNbR",147,53,23,15586,115,1,0,1,EFEnoticias,Agencia EFE,EFEnoticias,0.0,neutral
1906781168739000601,Mon Mar 31 18:50:31 +0000 2025,"Protesta en Barcelona contra la absolución de Dani Alves: ""¡Compañera, yo sí te creo!"".

https://t.co/BJ9Vuz6LzT https://t.co/sHBcRgoLQ6",27,20,3,9472,136,0,0,2,EFEnoticias,Agencia EFE,EFEnoticias,0.0,neutral
1906778355275555098,Mon Mar 31 18:39:20 +0000 2025,#ÚLTIMAHORA | Daniel Noboa se ausenta de la Presidencia de Ecuador hasta el final de la campaña electoral. https://t.co/5JDtpPpl15,13,12,2,15404,130,1,0,1,EFEnoticias,Agencia EFE,EFEnoticias,0.0,neutral
1906776984996217343,Mon Mar 31 18:33:54 +0000 2025,"#ÚLTIMAHORA | Trump da las gracias a Bukele por recibir en El Salvador a ""criminales"" deportados por Estados Unidos. https://t.co/UCaKze2UBJ",21,7,3,15451,140,1,0,1,EFEnoticias,Agencia EFE,EFEnoticias,0.0,neutral
1906775218590216372,Mon Mar 31 18:26:52 +0000 2025,#ÚLTIMAHORA | La líder ultraderechista francesa Marine Le Pen aseguró que continuará batallando para poder presentarse a las presidenciales de 2027 pese a la sentencia que le condenó este lunes a cinco años de inhabilitación. https://t.co/qX1y5riJ2x,10,3,0,6790,249,1,0,1,EFEnoticias,Agencia EFE,EFEnoticias,0.0,neutral
1906772531446792327,Mon Mar 31 18:16:12 +0000 2025,"La diputada Maribel Vaquero sustituirá como portavoz del PNV en el Congreso de los Diputados a Aitor Esteban.

https://t.co/rElb5rAvvE https://t.co/MUL4f673mn",2,2,1,6797,158,0,0,2,EFEnoticias,Agencia EFE,EFEnoticias,0.0,neutral
1906769222933291017,Mon Mar 31 18:03:03 +0000 2025,"VIDEO | Felipe VI aparece con el rostro quemado por el sol en un acto en el que, antes de comenzar su discurso, ha pedido disculpas por su aspecto: ""Esto es lo que ocurre cuando uno no se protege adecuadamente"", ha dicho. 

https://t.co/J9juI2aQI9 https://t.co/z0sJ05DEae",37,7,21,32360,271,0,0,2,EFEnoticias,Agencia EFE,EFEnoticias,0.3818,positive
1906768315713720488,Mon Mar 31 17:59:27 +0000 2025,"El Gobierno español afirma no ir contra la universidad privada, sino contra los chiringuitos.

https://t.co/qEc598GKnU https://t.co/HL8Z9aJvxx",10,2,11,6453,142,0,0,2,EFEnoticias,Agencia EFE,EFEnoticias,-0.296,negative
1906767103077531736,Mon Mar 31 17:54:38 +0000 2025,"El cantante canadiense Michael Bublé asegura en la ceremonia de entrega de los premios musicales Juno 2025 que su país ""no está en venta"" y que es ""la nación más grandiosa del mundo"", aludiendo a declaraciones de Donald Trump. https://t.co/qyEDdZV3tr",15,4,1,6147,250,0,0,1,EFEnoticias,Agencia EFE,EFEnoticias,0.0,neutral
1906766534690660581,Mon Mar 31 17:52:22 +0000 2025,"Una jueza ordena dejar en libertad al exnarcotraficante colombiano Carlos Lehder, porque ya prescribió la pena por fabricación, tráfico y porte de armas y municiones de uso privativo de las Fuerzas Armadas por la que fue detenido. https://t.co/ZfN3HmaDHN",9,7,0,6156,254,0,0,1,EFEnoticias,Agencia EFE,EFEnoticias,0.0,neutral
1906763828257280062,Mon Mar 31 17:41:37 +0000 2025,"Conmoción, dolor y luto en León por el fallecimiento de sus cinco mineros.

https://t.co/9WJxfuLyxi https://t.co/KEJCo4MKBs",13,17,1,8387,123,0,0,2,EFEnoticias,Agencia EFE,EFEnoticias,0.0,neutral
1906762441607843932,Mon Mar 31 17:36:06 +0000 2025,"Andalucía atendió a 2.615 menores migrantes no acompañados en 2024 y Madrid a 2.442 jóvenes.

https://t.co/8Pi9nlcGjx https://t.co/wz24vKb31J",2,2,0,6489,141,0,0,2,EFEnoticias,Agencia EFE,EFEnoticias,-0.296,negative
1906760255704351199,Mon Mar 31 17:27:25 +0000 2025,"El presidente de Estados Unidos, Donald Trump, baraja anunciar una batería de aranceles más agresiva de lo que había sugerido en días previos, incluyendo la opción de un impuesto aduanero generalizado del 20 %. https://t.co/4y0TkYozWE",7,12,0,6585,234,0,0,1,EFEnoticias,Agencia EFE,EFEnoticias,0.0,neutral
1906755211323920840,Mon Mar 31 17:07:22 +0000 2025,"La búsqueda de una joven en Ciudad de México refleja la crisis que afronta la presidenta Claudia Sheinbaum.

✍️María Julia Castañeda
https://t.co/2bR1KbG3LD",6,2,1,5510,156,0,0,1,EFEnoticias,Agencia EFE,EFEnoticias,-0.6249,negative
1906754457209114700,Mon Mar 31 17:04:23 +0000 2025,"EE.UU. anuncia que deportó a El Salvador a otras 17 personas a las que acusa de pertenecer a las bandas criminales Tren de Aragua (TdA) y MS-13 y a las que el presidente Nayib Bukele califica como ""asesinos"" y ""delincuentes"". https://t.co/lzziuC6Aec",6,9,0,5900,249,0,0,1,EFEnoticias,Agencia EFE,EFEnoticias,0.0,neutral
1906754249150570907,Mon Mar 31 17:03:33 +0000 2025,"Estados Unidos suplanta a la ONU en los grandes conflictos mundiales.

✍️Javier Otazu
https://t.co/U6I5KaGPAT",7,7,0,6079,109,0,0,1,EFEnoticias,Agencia EFE,EFEnoticias,0.0,neutral
1906752901017481696,Mon Mar 31 16:58:12 +0000 2025,VIDEO | Los muertos en Birmania superan los 2.000 entre dificultades para la ayuda humanitaria. https://t.co/7NZAXQujcB,7,4,0,5696,119,0,0,1,EFEnoticias,Agencia EFE,EFEnoticias,0.0,neutral
1906751745226612786,Mon Mar 31 16:53:36 +0000 2025,"El G5+ quiere más presión a Rusia, incluso nuevas sanciones, para lograr la paz. 

https://t.co/2cZ0YbwvIT",8,9,1,5331,106,0,0,1,EFEnoticias,Agencia EFE,EFEnoticias,0.0,neutral
1906749974492123394,Mon Mar 31 16:46:34 +0000 2025,"Escasez y dependencia farmacéutica: el posible coste de los aranceles de EE.UU. a la India.

✍️Juan Verano y Mikaela Viqueira
https://t.co/B7edIZCFT8",9,5,0,6521,149,0,0,1,EFEnoticias,Agencia EFE,EFEnoticias,0.0,neutral
1906749213473484818,Mon Mar 31 16:43:32 +0000 2025,"Cuba empieza a aplicar un nuevo esquema de pago de salarios a ciertas empresas extranjeras y mixtas por el cual las compañías pagan por los sueldos la mitad que hasta ahora, pero esas divisas se cambian a moneda local a una tasa cinco veces mayor. https://t.co/pKYb9gjnzF",2,1,1,5245,271,0,0,1,EFEnoticias,Agencia EFE,EFEnoticias,0.0,neutral
1906748683124703683,Mon Mar 31 16:41:26 +0000 2025,"El fin de la licencia de Chevron y los aranceles de Trump, un nuevo dilema para Venezuela.

✍️Carlos Seijas Meneses
https://t.co/byck4DHwyn",6,5,0,5361,139,0,0,1,EFEnoticias,Agencia EFE,EFEnoticias,0.0,neutral
1906740715398271324,Mon Mar 31 16:09:46 +0000 2025,"La Policía Nacional ha detenido a un hombre como supuesto autor de amenazas de muerte hacia el president de la Generalitat Valenciana, Carlos Mazón, en redes sociales a lo largo de tres meses.

https://t.co/Dn0XlqjCAM https://t.co/0MAInnm85B",6,2,3,6421,241,0,0,2,EFEnoticias,Agencia EFE,EFEnoticias,0.34,positive
1906732670572278023,Mon Mar 31 15:37:48 +0000 2025,"VIDEO | El Gobierno aprobará mañana una ley para endurecer los criterios de creación de nuevas universidades con el fin de que sean vinculantes y preceptivos los informes que deben emitir las agencias como la ANECA o de evaluación autonómicas, y para que se garantice un mínimo de https://t.co/7SI0OhCHOG",14,7,2,7864,304,0,0,1,EFEnoticias,Agencia EFE,EFEnoticias,0.0,neutral
1906708378165936335,Mon Mar 31 14:01:16 +0000 2025,"#ÚLTIMAHORA | Wayne Griffiths deja la dirección de Seat y Cupra para emprender ""nuevos retos"". https://t.co/jTgIjriwbg",0,0,2,7573,118,1,0,1,EFEnoticias,Agencia EFE,EFEnoticias,0.0,neutral
1906701159361880176,Mon Mar 31 13:32:35 +0000 2025,#ÚLTIMAHORA | Más de cincuenta muertos en un ataque yihadista a un campamento militar en Burkina Faso. https://t.co/gXNJ9RAgt8,23,21,1,9978,126,1,0,1,EFEnoticias,Agencia EFE,EFEnoticias,0.0,neutral
1906698980085383662,Mon Mar 31 13:23:56 +0000 2025,#ÚLTIMAHORA | Cuba establece un nuevo tipo de cambio de divisas a ciertas personas jurídicas para pagar los sueldos. https://t.co/TCS1O22h0T,5,4,0,8030,140,1,0,1,EFEnoticias,Agencia EFE,EFEnoticias,0.0,neutral
1906695506832576953,Mon Mar 31 13:10:08 +0000 2025,"La presidenta del Banco Santander, Ana Botín, advierte de que se están reescribiendo las normas globales que han regido durante 80 años.

Considera, con cierto optimismo, que «Europa está despertando» y ahora hay que pasar a la acción.

https://t.co/BVYbWjmNoi https://t.co/zLxR4liRsC",7,6,1,7087,284,0,0,2,EFEnoticias,Agencia EFE,EFEnoticias,0.0,neutral
1906693793266438431,Mon Mar 31 13:03:19 +0000 2025,#ÚLTIMAHORA | La oposición eleva a más de 2.400 los muertos por el terremoto en Birmania. https://t.co/nKVYZBxpN6,8,3,1,6141,113,1,0,1,EFEnoticias,Agencia EFE,EFEnoticias,0.0,neutral
1906684645304897792,Mon Mar 31 12:26:58 +0000 2025,"VIDEO | Le Pen, condenada a prisión e inhabilitada durante cinco años para cargo público. https://t.co/9cOzIrZUgQ",171,71,21,23243,113,0,0,1,EFEnoticias,Agencia EFE,EFEnoticias,0.0,neutral
1906684026573713588,Mon Mar 31 12:24:31 +0000 2025,"La actriz María León asegura que ha sufrido un proceso judicial «difícil e injusto».

https://t.co/sTvqUNTZNi https://t.co/W3VvdQ8q5H",3,0,1,7005,133,0,0,2,EFEnoticias,Agencia EFE,EFEnoticias,0.34,positive
1906683551073890304,Mon Mar 31 12:22:37 +0000 2025,"El actor británico Ralph Fiennes se suma a Richard Gere como estrella invitada de la novena edición del festival de cine BCN Film Fest.

https://t.co/PAaf2UDkjz https://t.co/XdF9GCEiwG",12,2,2,6946,184,0,0,2,EFEnoticias,Agencia EFE,EFEnoticias,0.4939,positive
1906677887027011859,Mon Mar 31 12:00:07 +0000 2025,"El Gobierno aprobará este martes una ley para endurecer los criterios de creación de nuevas universidades.

https://t.co/1oz7TiqR6T https://t.co/EIEOcDUDYL",15,4,1,7945,155,0,0,2,EFEnoticias,Agencia EFE,EFEnoticias,0.0,neutral
1906673416381374770,Mon Mar 31 11:42:21 +0000 2025,"La Comisión Europea anuncia un pago anticipado a España de 100 millones de euros con cargo al Fondo de Solidaridad de la UE (FSUE) para ayudar en las tareas de recuperación tras la dana del pasado octubre.

https://t.co/F3Y8XJvJGu",4,4,4,6075,230,0,0,1,EFEnoticias,Agencia EFE,EFEnoticias,0.0,neutral
1906670376274243798,Mon Mar 31 11:30:16 +0000 2025,"Dieciocho de los diecinueve acusados por la trama Gürtel en Arganda del Rey aceptan las penas solicitadas por la fiscal, que ha rebajado su petición ante sus confesiones.

https://t.co/0avuzRerD0 https://t.co/wo1YNS6hrG",8,5,0,5976,219,0,0,2,EFEnoticias,Agencia EFE,EFEnoticias,0.34,positive
1906668368058339412,Mon Mar 31 11:22:17 +0000 2025,"Felipe VI aparece con el rostro quemado por el sol en un acto en el que, antes de comenzar su discurso, ha pedido disculpas por su aspecto.

""Esto es lo que ocurre cuando uno no se protege adecuadamente"", ha dicho.

https://t.co/FODSWBsdbG https://t.co/OF7CTtleE8",383,85,366,783545,263,0,0,2,EFEnoticias,Agencia EFE,EFEnoticias,0.3818,positive
1917726553447846051,Wed Apr 30 23:43:34 +0000 2025,"La fecha de inauguración del nuevo aeropuerto internacional de Lima fue anunciada por el ministro de Transportes y Comunicaciones de Perú, Raúl Pérez, quien añadió que se esperan recibir hasta a 40 millones de pasajeros anuales.
https://t.co/Af8TZOA4pk",6,1,0,6176,252,0,0,1,EFEnoticias,Agencia EFE,EFEnoticias,0.0,neutral
1917721397629182293,Wed Apr 30 23:23:05 +0000 2025,"El Sabadell carga contra Competencia y pide al BBVA más transparencia con sus accionistas
https://t.co/02CQ6lYyeE",9,1,0,6812,113,0,0,1,EFEnoticias,Agencia EFE,EFEnoticias,0.0,neutral
1917719544589660315,Wed Apr 30 23:15:43 +0000 2025,"El presidente de EE.UU., Donald Trump, celebra con su gabinete sus primeros 100 días de mandato y culpa a Joe Biden del ""caos"" económico en el país.
https://t.co/r4l1ejkGuQ",9,8,7,7588,172,0,0,1,EFEnoticias,Agencia EFE,EFEnoticias,0.0,neutral
1917718369261752320,Wed Apr 30 23:11:03 +0000 2025,"Estados Unidos y Ucrania firman el acuerdo que permitirá la explotación conjunta de minerales ucranianos, que estaba previsto los dos países suscribieran a finales de febrero.
https://t.co/83waSk4lxa https://t.co/g1r48WxHra",24,16,4,14407,223,0,0,2,EFEnoticias,Agencia EFE,EFEnoticias,0.0,neutral
1917707444160954831,Wed Apr 30 22:27:38 +0000 2025,"El gigante tecnológico Microsoft anuncia un beneficio neto de 74.599 millones de dólares en los nueve primeros meses de su ejercicio 2025, un 12,8 % más interanual.
https://t.co/9GPSK7OdtA",8,3,2,7531,188,0,0,1,EFEnoticias,Agencia EFE,EFEnoticias,0.0,neutral
1917706335514230827,Wed Apr 30 22:23:14 +0000 2025,"Competencia aprueba la opa al Sabadell porque los compromisos del BBVA son ""suficientes"" https://t.co/GTy0z7VgLM",2,2,1,8305,112,0,0,1,EFEnoticias,Agencia EFE,EFEnoticias,0.0,neutral
1917705875159986418,Wed Apr 30 22:21:24 +0000 2025,"Argentina crea el Parque Provincial Patagonia Azul, una nueva área protegida costera en la patagónica provincia de Chubut.
https://t.co/Fk1z4Zbsi9",30,8,1,8402,146,0,0,1,EFEnoticias,Agencia EFE,EFEnoticias,0.0,neutral
1917705693076791514,Wed Apr 30 22:20:41 +0000 2025,"Donald Trump destituye a los miembros del patronato del Museo del Holocausto de Estados Unidos nombrados por el anterior Gobierno, entre ellos Doug Emhoff, esposo de la exvicepresidenta Kamala Harris. https://t.co/QnrEPFitAb",20,11,1,7404,224,0,0,1,EFEnoticias,Agencia EFE,EFEnoticias,0.0,neutral
1917701422096998770,Wed Apr 30 22:03:42 +0000 2025,#ÚLTIMAHORA | Estados Unidos y Ucrania firman el acuerdo para la explotación conjunta de minerales ucranianos. https://t.co/UBycPeOoWb,155,119,5,31134,134,1,0,1,EFEnoticias,Agencia EFE,EFEnoticias,0.0,neutral
1917699850524659818,Wed Apr 30 21:57:28 +0000 2025,#ÚLTIMAHORA | El nuevo aeropuerto internacional de Lima será inaugurado el próximo 1 de junio. https://t.co/aC8Z9ZU50f,55,16,1,16602,118,1,0,1,EFEnoticias,Agencia EFE,EFEnoticias,0.0,neutral
1917699066516980149,Wed Apr 30 21:54:21 +0000 2025,"El liderazgo demócrata en el Congreso de EE.UU. denuncia el ""caos"" y los ""fallos"" de las medidas de los primeros 100 días de mandato de Donald Trump.
https://t.co/CTZZ6W8pYs",10,3,0,7460,173,0,0,1,EFEnoticias,Agencia EFE,EFEnoticias,0.0,neutral
1917698496867524916,Wed Apr 30 21:52:05 +0000 2025,"El gigante estadounidense de las redes sociales Meta -matriz de Facebook, Instagram y WhatsApp- anuncia un beneficio de 16.644 millones de dólares en el primer trimestre de 2025, un 35 % más interanual.
https://t.co/kgOdhyVSSb",8,4,0,8046,226,0,0,1,EFEnoticias,Agencia EFE,EFEnoticias,0.0,neutral
1917694533145366756,Wed Apr 30 21:36:20 +0000 2025,"Donald Trump regresó al poder con la promesa de completar su obra de reconfigurar EE.UU., una transformación que está realizando a base de órdenes ejecutivas a un ritmo que lo ha llevado a batir el récord histórico de decretos en los primeros 100 días. https://t.co/1UV169xcZl",3,2,0,7854,276,0,0,1,EFEnoticias,Agencia EFE,EFEnoticias,0.34,positive
1917694033477980217,Wed Apr 30 21:34:21 +0000 2025,"Trump, 100 días gobernando a golpe de orden ejecutiva y con aires más autoritarios.

✍Andrés Sánchez Braun
https://t.co/VSGgYXPMqF",17,9,6,12261,130,0,0,1,EFEnoticias,Agencia EFE,EFEnoticias,0.0,neutral
1917679192818205004,Wed Apr 30 20:35:22 +0000 2025,#ÚLTIMAHORA | Meta aumenta su beneficio un 35 % en el primer trimestre de 2025. https://t.co/mpUkK075UZ,11,3,1,17327,103,1,0,1,EFEnoticias,Agencia EFE,EFEnoticias,0.0,neutral
1917669077641842753,Wed Apr 30 19:55:11 +0000 2025,"El Ministerio de Economía ha insistido en que analizará ""con rigor y detalle"" el informe de la Comisión Nacional de los Mercados y la Competencia (CNMC) que aprueba la oferta de compra del BBVA sobre el Sabadell para tomar una decisión al respecto. 

https://t.co/tAD9aAvKil https://t.co/UlTF1vyJFG",8,8,1,9007,298,0,0,2,EFEnoticias,Agencia EFE,EFEnoticias,0.34,positive
1917668646672818657,Wed Apr 30 19:53:28 +0000 2025,"Ye, antes conocido como Kanye West, lanza por primera vez su álbum 'Donda 2' en plataformas digitales, luego de que en 2022 estuviera disponible únicamente durante dos meses a través del Stem Player.
https://t.co/3D6sjihevy",3,2,0,8557,223,0,0,1,EFEnoticias,Agencia EFE,EFEnoticias,0.0,neutral
1917668187228811314,Wed Apr 30 19:51:39 +0000 2025,"Detenido un hombre por matar a martillazos a su madre de 77 años en Colmenar Viejo (Madrid).

https://t.co/Zsak5Qg9jz https://t.co/EFOMks5CBF",1,5,1,8161,141,0,0,2,EFEnoticias,Agencia EFE,EFEnoticias,0.0,neutral
1917664423398777314,Wed Apr 30 19:36:41 +0000 2025,"París acogerá el próximo lunes una conferencia, encabezada por Emmanuel Macron y Ursula von der Leyen, para intentar atraer a Europa a científicos que estén en el extranjero, especialmente en Estados Unidos.

https://t.co/lzBIFQL8ox",114,58,26,12597,232,0,0,1,EFEnoticias,Agencia EFE,EFEnoticias,0.0,neutral
1917658587780034940,Wed Apr 30 19:13:30 +0000 2025,"Los hutíes del Yemen afirman haber derribado un caza estadounidense en el mar Rojo.

https://t.co/5brkQzxgRG https://t.co/ChNgSLKYCR",13,8,1,7489,132,0,0,2,EFEnoticias,Agencia EFE,EFEnoticias,0.0,neutral
1917658555387203673,Wed Apr 30 19:13:22 +0000 2025,"La productora Miriam Haley, una de las tres mujeres que acusa a Harvey Weinstein de abuso sexual, se derrumbó en el juicio mientras recordaba un ""humillante"" episodio con él. 
https://t.co/WO0e5ANI6n",7,2,0,6019,199,0,0,1,EFEnoticias,Agencia EFE,EFEnoticias,0.0,neutral
1917657523362095355,Wed Apr 30 19:09:16 +0000 2025,"Interior desactiva la declaración de emergencia de interés nacional que permanecía en vigor para las comunidades de Extremadura y Madrid al certificar el normal y correcto funcionamiento de los servicios tras el apagón eléctrico.

https://t.co/fWX89tKTfI https://t.co/7eYLLBGDka",1,2,0,6699,278,0,0,2,EFEnoticias,Agencia EFE,EFEnoticias,0.2732,positive
1917653932978970691,Wed Apr 30 18:55:00 +0000 2025,#ÚLTIMAHORA | El Ministerio del Interior desactiva el nivel 3 de emergencia en Madrid tras el apagón. https://t.co/wA8c9GP43u,23,17,1,13627,125,1,0,1,EFEnoticias,Agencia EFE,EFEnoticias,0.0,neutral
1917652521528537228,Wed Apr 30 18:49:24 +0000 2025,"La ultraderecha de Brasil avanza en el trámite de una iniciativa parlamentaria que pudiera llevar a suspender la acción penal que acusa de golpismo al expresidente Jair Bolsonaro.
https://t.co/vedZZHxSHp",9,6,1,6817,203,0,0,1,EFEnoticias,Agencia EFE,EFEnoticias,0.0,neutral
1917647877666373655,Wed Apr 30 18:30:56 +0000 2025,"Miles de personas han sido evacuadas de sus casas debido a un macroincendio con varios focos que asola una región de monte cercana a Jerusalén.

https://t.co/DK6QJ2ooUT https://t.co/SldU1vsecs",20,14,3,6968,192,0,0,2,EFEnoticias,Agencia EFE,EFEnoticias,0.0,neutral
1917642206258561185,Wed Apr 30 18:08:24 +0000 2025,#ÚLTIMAHORA | Una jueza de Bolivia anula la orden de captura contra el expresidente Evo Morales por el caso de trata de personas. https://t.co/HtLuhBEAzk,189,128,18,21133,153,1,0,1,EFEnoticias,Agencia EFE,EFEnoticias,0.0,neutral
1917642012662042790,Wed Apr 30 18:07:38 +0000 2025,"La CNMC ha aprobado, con compromisos, la posible compra del Banco Sabadell por el BBVA, lo que abre la puerta a que el Gobierno pueda opinar sobre esta operación e incluso endurecer las condiciones para llevarla a cabo.

https://t.co/tAD9aAvKil https://t.co/grUP4GDVf4",6,4,0,6634,268,0,0,2,EFEnoticias,Agencia EFE,EFEnoticias,0.34,positive
1917637988403626352,Wed Apr 30 17:51:39 +0000 2025,"El presidente de Estados Unidos, Donald Trump, asegura que China está ""siendo duramente golpeada"" por los aranceles que le impuso, aunque agrega que no quiere que el gigante asiático sufra. https://t.co/2zMQMBzHZq",8,5,13,7382,213,0,0,1,EFEnoticias,Agencia EFE,EFEnoticias,-0.296,negative
1917637730260955606,Wed Apr 30 17:50:37 +0000 2025,"""Los escritores solo nos representamos a nosotros mismos, y a duras penas"", afirma el español Javier Cercas.

✍Paula Cabaleiro
https://t.co/jhDChj5Jpr",12,2,1,6367,150,0,0,1,EFEnoticias,Agencia EFE,EFEnoticias,0.0,neutral
1917637339850944984,Wed Apr 30 17:49:04 +0000 2025,#ÚLTIMAHORA | La Comisión Nacional de los Mercados y la Competencia (CNMC) autoriza la opa del BBVA al Sabadell y deja la operación en manos del Gobierno. https://t.co/j11ZBmq0rN,46,43,3,22335,178,1,0,1,EFEnoticias,Agencia EFE,EFEnoticias,0.0,neutral
1917636698546098462,Wed Apr 30 17:46:31 +0000 2025,"Carlos III dice que sufrir cáncer es «a veces aterrador» en un mensaje sobre su dolencia.

https://t.co/r8i296E4xz https://t.co/JricB11EyK",10,3,1,5657,138,0,0,2,EFEnoticias,Agencia EFE,EFEnoticias,0.0,neutral
1917636338880503930,Wed Apr 30 17:45:05 +0000 2025,"La Asociación Austriaca de Comercio Minorista y Greenpeace demandan al Gobierno austríaco y a la Comisión Europea que tomen medidas contra la llegada masiva de paquetes de las plataformas chinas de venta electrónica Temu, Shein y AliExpress.

https://t.co/EvKYOptMHN",11,9,1,6288,266,0,0,1,EFEnoticias,Agencia EFE,EFEnoticias,0.0,neutral
1917632652670296367,Wed Apr 30 17:30:26 +0000 2025,"El vicesecretario de Economía del Partido Popular, Juan Bravo, asegura que, sin un cambio de rumbo, su formación no apoyará el plan del Gobierno para paliar el impacto de las medidas arancelarias.

https://t.co/kZ0ENqcsRj https://t.co/mZ97jLouUG",8,6,3,6026,245,0,0,2,EFEnoticias,Agencia EFE,EFEnoticias,-0.4588,negative
1917630939301306399,Wed Apr 30 17:23:38 +0000 2025,"Airbus obtuvo 793 millones de euros de beneficios en el primer trimestre de este año, lo que significa un 33 % más que en el mismo periodo de 2024.

https://t.co/wlkUxTEy7K https://t.co/CndqZDqUKe",3,2,0,5659,196,0,0,2,EFEnoticias,Agencia EFE,EFEnoticias,0.0,neutral
1917628431920931257,Wed Apr 30 17:13:40 +0000 2025,Una jueza federal en California ordena a la Patrulla Fronteriza de EE.UU. suspender los arrestos de indocumentados sin orden judicial en gran parte del estado. https://t.co/I5MPxHVCu2,23,12,1,6578,183,0,0,1,EFEnoticias,Agencia EFE,EFEnoticias,-0.5574,negative
1917628045399126216,Wed Apr 30 17:12:08 +0000 2025,"Universidades de élite, en el foco de Trump en sus primeros cien días de mandato.

✍Andrea Gallego Rodríguez
https://t.co/pBY0969rUt",4,3,1,5243,132,0,0,1,EFEnoticias,Agencia EFE,EFEnoticias,0.0,neutral
1917628045143220729,Wed Apr 30 17:12:08 +0000 2025,"La guerra arancelaria de Trump es ""mucho peor"" que la crisis financiera de 2008, considera el secretario ejecutivo de la Comisión Económica para América Latina y el Caribe (Cepal), José Manuel Salazar-Xirinachs.

✍María M.Mur
https://t.co/qbirGMalKR",4,3,0,5639,249,0,0,1,EFEnoticias,Agencia EFE,EFEnoticias,-0.6249,negative
1917627651960738116,Wed Apr 30 17:10:34 +0000 2025,"#ÚLTIMAHORA | El PP no apoyara el plan del Gobierno para afrontar los aranceles ""sin un cambio de rumbo"". https://t.co/N5Uvy6X7CI",19,11,5,11367,129,1,0,1,EFEnoticias,Agencia EFE,EFEnoticias,-0.7003,negative
1917623084191752457,Wed Apr 30 16:52:25 +0000 2025,"El estudiante palestino de la Universidad de Columbia (Nueva York, EE.UU.) Mohsen Mahdawi, detenido el 14 de abril por su participación en las protestas universitarias contra la guerra de Gaza, es puesto en libertad. https://t.co/iUv0jXvKlk",8,2,0,5146,240,0,0,1,EFEnoticias,Agencia EFE,EFEnoticias,0.0,neutral
1917622631617998913,Wed Apr 30 16:50:37 +0000 2025,"Prisión provisional para los padres de los menores encerrados cuatro años en Oviedo.

https://t.co/877edpjVNY https://t.co/kDuuhwJqRa",3,2,0,6366,133,0,0,2,EFEnoticias,Agencia EFE,EFEnoticias,0.0,neutral
1917621468214747274,Wed Apr 30 16:46:00 +0000 2025,"80 años del suicidio de Adolf Hitler y Eva Braun.

✍️Salvador Martínez Mas

https://t.co/IoMdmw5qCc https://t.co/RTOtrWSFPm",17,13,0,7735,123,0,0,2,EFEnoticias,Agencia EFE,EFEnoticias,0.0,neutral
1917620973559308732,Wed Apr 30 16:44:02 +0000 2025,"Tráfico lento en las salidas de Madrid, Levante y Andalucía con motivo del puente de mayo.

https://t.co/paMimtT8Be https://t.co/HkNY8EpwXe",3,0,2,5848,139,0,0,2,EFEnoticias,Agencia EFE,EFEnoticias,0.0,neutral
1917620497975591005,Wed Apr 30 16:42:09 +0000 2025,"El Parlamento Europeo debatirá el próximo miércoles sobre el apagón eléctrico acaecido en España, Portugal y parte de Francia el pasado lunes.

https://t.co/sjGIFVQXJu",42,33,2,8004,167,0,0,1,EFEnoticias,Agencia EFE,EFEnoticias,0.0,neutral
1917617322467967290,Wed Apr 30 16:29:31 +0000 2025,"La presidenta de México reivindica el crecimiento de la economía del país, tras revelarse que subió un 0,2 % trimestral y un 0,8 % interanual de enero a marzo. https://t.co/Xo39pVIK8r https://t.co/JPrF7648Zw",6,3,2,5376,207,0,0,2,EFEnoticias,Agencia EFE,EFEnoticias,0.0,neutral
1917616316325703708,Wed Apr 30 16:25:32 +0000 2025,"Condenan a un periodista sueco por «difamar» a Erdogan mientras continúa otro juicio por «terrorismo».

https://t.co/IyCixqgE6z https://t.co/yPyGX4tiKU",3,1,0,5146,151,0,0,2,EFEnoticias,Agencia EFE,EFEnoticias,0.0,neutral
1917614423000100975,Wed Apr 30 16:18:00 +0000 2025,"El concejal de Vox de Valencia Juanma Badenas, ""a disposición de cualquier autoridad para colaborar"" tras conocer que la UCO ha pedido información relativa a contratos de su responsabilidad.

https://t.co/KTBOVwB0Sh https://t.co/SsORgC3dqE",2,2,0,5209,239,0,0,2,EFEnoticias,Agencia EFE,EFEnoticias,0.34,positive
1917610840338898950,Wed Apr 30 16:03:46 +0000 2025,"Los primeros 100 días de Trump: su giro migratorio amenaza con crear una crisis constitucional.

✍Alejandra Arredondo
https://t.co/Cvr1gcLUT9",3,0,1,5094,141,0,0,1,EFEnoticias,Agencia EFE,EFEnoticias,-0.6249,negative
1917609801447620646,Wed Apr 30 15:59:38 +0000 2025,"Belém corre para terminar las obras antes de la COP: “La ciudad es un caos”.

✍Jon Martín Cullell
https://t.co/JYYUUmV16N",0,1,0,4702,121,0,0,1,EFEnoticias,Agencia EFE,EFEnoticias,0.0,neutral
1917609735743844706,Wed Apr 30 15:59:23 +0000 2025,"Trump impone, desatado y en 100 días, la ley del más fuerte en la política exterior. https://t.co/K4SpZVc7iX",5,2,3,4574,108,0,0,1,EFEnoticias,Agencia EFE,EFEnoticias,0.0,neutral
1917609492549701838,Wed Apr 30 15:58:25 +0000 2025,"Ucrania firmará este miércoles el acuerdo que permitirá a Estados Unidos acceder a la explotación de recursos naturales en ese país, una condición impuesta por Donald Trump, como parte de su mediación en el conflicto con Rusia. https://t.co/83waSk4lxa",13,8,1,4653,251,0,0,1,EFEnoticias,Agencia EFE,EFEnoticias,0.0,neutral
1917607222047109165,Wed Apr 30 15:49:23 +0000 2025,"El Tribunal de Cuentas sanciona a Vox con 862.000 euros por aceptar donaciones anónimas.

https://t.co/Aa1T8UQ5st https://t.co/B9RrFxoT1U",51,22,7,9670,137,0,0,2,EFEnoticias,Agencia EFE,EFEnoticias,0.0,neutral
1917605621114786180,Wed Apr 30 15:43:02 +0000 2025,"La agencia oficial de noticias siria, SANA, confirma que se han registrado ""bombardeos de la ocupación israelí en los alrededores de la zona de Ashrafieh Sahnaya"".

https://t.co/lc7PURdX7T https://t.co/poA29BETKl",4,0,1,5586,212,0,0,2,EFEnoticias,Agencia EFE,EFEnoticias,0.0,neutral
1917600637224706496,Wed Apr 30 15:23:13 +0000 2025,"#ÚLTIMAHORA | Israel bombardea la localidad de Ashrafieh Sahnaya, a las afueras de Damasco, en medio de fuertes enfrentamientos armados entre las fuerzas de seguridad estatales y grupos presuntamente afiliados a la minoría drusa. https://t.co/sz57lI9NRT",22,17,1,10181,253,1,0,1,EFEnoticias,Agencia EFE,EFEnoticias,0.0,neutral
1917599197286539474,Wed Apr 30 15:17:30 +0000 2025,"Lo histórico y lo emocional pautan la LXXI edición del Festival de Teatro de Mérida.

https://t.co/UHQQlupjPn",2,1,0,5958,109,0,0,1,EFEnoticias,Agencia EFE,EFEnoticias,0.4939,positive
1917596568561094758,Wed Apr 30 15:07:03 +0000 2025,"El cónclave que arrancará el 7 de mayo para escoger al nuevo papa será el más internacional de la historia, con representantes de 71 países diferentes de los cinco continentes y una media de edad que ronda los 72 años.

https://t.co/H23fMuQVAH https://t.co/Z7iwwFqWux",20,11,2,6580,267,0,0,2,EFEnoticias,Agencia EFE,EFEnoticias,0.0,neutral
1917589918433366295,Wed Apr 30 14:40:38 +0000 2025,"Incendios a las afueras de Jerusalén obligan a evacuar localidades y a cortar carreteras.

https://t.co/DK6QJ2ooUT https://t.co/on9dtRxZsG",4,5,0,5440,138,0,0,2,EFEnoticias,Agencia EFE,EFEnoticias,0.0,neutral
1917584103995568408,Wed Apr 30 14:17:32 +0000 2025,"Dolors Montserrat, nueva secretaria general del Partido Popular Europeo (PPE).

https://t.co/k9ux9vWF8o",3,2,1,5689,103,0,0,1,EFEnoticias,Agencia EFE,EFEnoticias,0.4215,positive
1917583039775006959,Wed Apr 30 14:13:18 +0000 2025,"El presidente de Estados Unidos, Donald Trump, culpa a su antecesor, Joe Biden, de la contracción de la economía en el primer trimestre del año y niega que su agresiva política arancelaria haya tenido algo que ver.

https://t.co/YUaLtD8YI3 https://t.co/EZkiD12l3y",6,4,5,6209,263,0,0,2,EFEnoticias,Agencia EFE,EFEnoticias,0.0,neutral
1917579694062592026,Wed Apr 30 14:00:00 +0000 2025,"La Comisión Nacional de los Mercados y la Competencia (CNMC) sigue sin dar su visto bueno aún a la opa del BBVA sobre el Sabadell.

https://t.co/tAD9aAwi7T https://t.co/VaS50QukaX",0,0,0,5546,179,0,0,2,EFEnoticias,Agencia EFE,EFEnoticias,-0.5574,negative
1917574325940404358,Wed Apr 30 13:38:40 +0000 2025,"El producto interior bruto (PIB) mexicano crece un 0,2 % trimestral en los primeros tres meses de 2025, pese a las alertas de recesión por la incertidumbre comercial de Estados Unidos.

https://t.co/Xo39pVIK8r https://t.co/8acFUGWRci",4,3,0,6283,233,0,0,2,EFEnoticias,Agencia EFE,EFEnoticias,0.0,neutral
1928909493565329579,Sat May 31 20:20:35 +0000 2025,"Un juez de EE.UU. impide que la administración de Donald Trump invalide los permisos de trabajo y otros documentos legales que otorgan estatus legal en el país a unos 5.000 venezolanos. 
https://t.co/k1Ml3LRnGX",41,25,1,10203,210,0,0,1,EFEnoticias,Agencia EFE,EFEnoticias,0.128,positive
1928899814592290846,Sat May 31 19:42:07 +0000 2025,VIDEO | Paraguay marcha contra el abuso infantil. https://t.co/KI6If66wyJ,11,4,0,8690,73,0,0,1,EFEnoticias,Agencia EFE,EFEnoticias,0.0,neutral
1928897123619119607,Sat May 31 19:31:26 +0000 2025,"El Ejército israelí emite nuevas órdenes de evacuación forzosa para casi toda la gobernación de Jan Yunis, en el sur de la Franja de Gaza, y pide a los gazatíes que se dirijan al área de Al Mawasi.
https://t.co/l28qnmn5ce",6,12,1,9733,221,0,0,1,EFEnoticias,Agencia EFE,EFEnoticias,0.0,neutral
1928885010259415343,Sat May 31 18:43:18 +0000 2025,"Un nuevo fármaco mejora el tratamiento y la supervivencia en pacientes con cáncer de mama metastático con mutaciones en el gen PIK3CA si se combina con el tratamiento estándar de medicamentos.
https://t.co/EmaI6v5MBj",48,30,2,11254,216,0,0,1,EFEnoticias,Agencia EFE,EFEnoticias,0.0,neutral
1928876887352160710,Sat May 31 18:11:01 +0000 2025,"VIDEO | 'Tukuy', el programa que revoluciona la gastronomía sostenible en Bolivia. https://t.co/OIjQLgmU9C",3,1,0,6909,106,0,0,1,EFEnoticias,Agencia EFE,EFEnoticias,0.0,neutral
1928875876294471840,Sat May 31 18:07:00 +0000 2025,"¿Mamut de 900.000 años o cachalote de menos de 100? Investigan el hallazgo de Cartagena (Murcia).

✍️Celia Cantero

https://t.co/XVLM8qeZhI https://t.co/rYmdF8wnRr",6,1,0,6952,163,0,0,2,EFEnoticias,Agencia EFE,EFEnoticias,0.0,neutral
1928875722128384352,Sat May 31 18:06:23 +0000 2025,"Feijóo apela a la ""responsabilidad histórica"" para manifestarse el próximo 8 de junio contra el ""hedor"" del Gobierno central.

Así lo ha afirmado en un acto en Castelldefels (Barcelona).

https://t.co/bgasln8mYN https://t.co/LgzbAqdP5o",6,2,3,6472,235,0,0,2,EFEnoticias,Agencia EFE,EFEnoticias,0.34,positive
1928875271681196346,Sat May 31 18:04:36 +0000 2025,"La campaña presidencial en Colombia empieza a tomar impulso con el inicio de las inscripciones de candidatos por firmas para la primera vuelta electoral de 2026.
https://t.co/6tYAXmURC8",3,1,0,6231,185,0,0,1,EFEnoticias,Agencia EFE,EFEnoticias,0.0,neutral
1928872485941809325,Sat May 31 17:53:32 +0000 2025,"#ÚLTIMAHORA | El presidente del PP, Alberto Núñez Feijóo, apela a la ""responsabilidad histórica"" para manifestarse el próximo 8 de junio contra el ""hedor"" del Gobierno central. https://t.co/H48d0U3MfI",74,23,46,15809,200,1,0,1,EFEnoticias,Agencia EFE,EFEnoticias,0.0,neutral
1928870137194520899,Sat May 31 17:44:12 +0000 2025,VIDEO | Viena y la Agencia Europea del Espacio (ESA) envían 'El Danubio Azul' a un viaje espacial a donde nadie ha estado jamás https://t.co/HEm0MBhGa0,9,2,1,7018,151,0,0,1,EFEnoticias,Agencia EFE,EFEnoticias,0.34,positive
1928868901917511915,Sat May 31 17:39:17 +0000 2025,"Ucrania no aclara si se presentará a la reunión convocada por Rusia para este lunes en Estambul, a la espera de que Moscú le haga llegar sus condiciones para declarar un alto el fuego.
https://t.co/2ZZBOym4tS",7,7,0,6790,208,0,0,1,EFEnoticias,Agencia EFE,EFEnoticias,-0.296,negative
1928867304198062488,Sat May 31 17:32:56 +0000 2025,"🌎 Un cayuco con 55 personas partió de Mauritania el 23 de enero de 2024. Casi tres meses después apareció en una playa de Brasil, sin supervivientes.

👉 EFE reconstruye qué pasó en este reportaje multimedia: 

https://t.co/ad73ge2577 https://t.co/P8KFWKl5nt",14,9,0,7730,257,0,0,2,EFEnoticias,Agencia EFE,EFEnoticias,-0.5574,negative
1928861860360573212,Sat May 31 17:11:18 +0000 2025,"El presidente de El Salvador, Nayib Bukele, cumple el primer año de su segundo mandato consecutivo, tras reelegirse en febrero de 2024 a pesar que la Constitución lo prohíbe.
https://t.co/7MD0NpMRXU",57,30,23,10323,198,0,0,1,EFEnoticias,Agencia EFE,EFEnoticias,0.0,neutral
1928858297043394711,Sat May 31 16:57:09 +0000 2025,"#ÚLTIMAHORA |  Irán rechaza el reciente informe del Organismo Internacional de Energía Atómica (OIEA) sobre su programa nuclear y lo califica como “desequilibrado, impreciso y motivado políticamente”. https://t.co/IcFAVHoRPW",33,19,2,10480,224,1,0,1,EFEnoticias,Agencia EFE,EFEnoticias,0.0,neutral
1928853299001688355,Sat May 31 16:37:17 +0000 2025,"Alejandro Gaviria y Ricardo Silva unen sus plumas en un relato epistolar de «terapia»

✍️ Por Jorge Gil Ángel
https://t.co/WnLgwOZ3Lv",10,3,0,9156,133,0,0,1,EFEnoticias,Agencia EFE,EFEnoticias,0.0,neutral
1928852795886604378,Sat May 31 16:35:17 +0000 2025,"Las cortes migratorias, el nuevo objetivo de Trump para aumentar arrestos y deportaciones

✍️Por Ana Milena Varón
https://t.co/paaEbYhljJ",6,2,0,7559,137,0,0,1,EFEnoticias,Agencia EFE,EFEnoticias,0.0,neutral
1928851827203739844,Sat May 31 16:31:26 +0000 2025,"Norfolk, el fortín marítimo de EE.UU. y la OTAN frente a China

✍️ Por Esteban Capdepon Sendra
https://t.co/MHr7vsTAg2",7,2,0,6948,118,0,0,1,EFEnoticias,Agencia EFE,EFEnoticias,0.0,neutral
1928845750223384907,Sat May 31 16:07:17 +0000 2025,"Vecinos de diversas zonas de España protestan en contra de los macroproyectos de biogás
https://t.co/DBzUv5QPFp",6,1,0,6831,111,0,0,1,EFEnoticias,Agencia EFE,EFEnoticias,0.0,neutral
1928843359826698322,Sat May 31 15:57:47 +0000 2025,"Hamás asegura que ha entregado su respuesta a la última propuesta estadounidense de alto el fuego en Gaza, y que esta incluye enmiendas de cara a lograr el final de la guerra y el repliegue de las fuerzas israelíes.

https://t.co/v9CrMRCZmC https://t.co/qxXHWlyr2X",8,2,1,7122,264,0,0,2,EFEnoticias,Agencia EFE,EFEnoticias,0.34,positive
1928840289919058209,Sat May 31 15:45:35 +0000 2025,"Gazatíes hambrientos saquean 77 camiones cargados de harina. 

Los camiones entraron anoche y la mañana de este sábado al sur de la Franja de Gaza.
https://t.co/KTMyd9THXo",12,14,7,8437,171,0,0,1,EFEnoticias,Agencia EFE,EFEnoticias,0.0,neutral
1928836442823770401,Sat May 31 15:30:18 +0000 2025,#ÚLTIMAHORA | Hamás responde a la última propuesta de EEUU y pide el fin de guerra y la salida de las tropas israelíes de la Franja de Gaza. https://t.co/GIV4K5cT0Z,126,54,10,21090,164,1,0,1,EFEnoticias,Agencia EFE,EFEnoticias,0.0,neutral
1928835936256688575,Sat May 31 15:28:17 +0000 2025,"La jueza de la Audiencia Nacional María Tardón envió el pasado jueves a prisión a Francisco Martínez, ex número 2 de Interior durante el Gobierno de Mariano Rajoy, al considerar que desempeñó un ""rol central"" en la red de 'Alcasec'.
https://t.co/JuDzv0qy5T",12,19,2,7146,256,0,0,1,EFEnoticias,Agencia EFE,EFEnoticias,0.0,neutral
1928829930747400472,Sat May 31 15:04:26 +0000 2025,VIDEO | La nueva Selectividad comienza el 3 de junio con más de 300.000 estudiantes convocados. Se introduce un nuevo modelo de examen más competencial y unificado. Las penalizaciones por faltas de ortografía y el uso de calculadoras también se han actualizado. https://t.co/koKHyWpmUg,5,1,0,7231,285,0,0,1,EFEnoticias,Agencia EFE,EFEnoticias,0.0,neutral
1928829462197494098,Sat May 31 15:02:34 +0000 2025,"El Ejecutivo madrileño pide al Gobierno la repatriación de diecinueve menores migrantes no acompañados con dificultades de adaptación.
https://t.co/ZDcRjJQNFC",9,7,0,6735,158,0,0,1,EFEnoticias,Agencia EFE,EFEnoticias,-0.296,negative
1928822597891838153,Sat May 31 14:35:17 +0000 2025,"La Feria del Libro trata de recuperar la normalidad celebrando a Mario Vargas Llosa y Ana María Matute.
https://t.co/UNvTmgmHB3",4,4,0,7119,127,0,0,1,EFEnoticias,Agencia EFE,EFEnoticias,0.0,neutral
1928804221358346460,Sat May 31 13:22:16 +0000 2025,"El ejército ruso intensifica su ofensiva en el frente de Zaporiyia y concentra sus esfuerzos en la zona fronteriza de la región de Sumi, según el comandante en jefe de las Fuerzas Armadas ucranianas, Oleksandr Sirski.
https://t.co/PwD1mOp6gz",4,5,0,6746,241,0,0,1,EFEnoticias,Agencia EFE,EFEnoticias,0.0,neutral
1928797211388760078,Sat May 31 12:54:25 +0000 2025,"La Guardia Civil detiene en Bilbao a un hombre por un delito de corrupción de menores relacionado con pornografía infantil tras hallar en su domicilio imágenes y vídeos con contenido pedófilo. 
https://t.co/mTazbVAKRQ",13,5,0,6784,217,0,0,1,EFEnoticias,Agencia EFE,EFEnoticias,0.0,neutral
1928789546679853091,Sat May 31 12:23:57 +0000 2025,"El vehículo, que fue encontrado por unos senderistas, apareció en una zona apartada del lugar de Caneda, según ha confirmado el subdelegado del Gobierno en Pontevedra, Abel Losada.

https://t.co/tfHZo5MEjE",2,3,0,6793,205,0,0,1,EFEnoticias,Agencia EFE,EFEnoticias,0.34,positive
1928788463622533433,Sat May 31 12:19:39 +0000 2025,#ÚLTIMAHORA | Hallan dos cadáveres dentro de un coche calcinado en Campo Lameiro (Pontevedra). https://t.co/BbN6pIHCuS,48,42,3,25556,118,1,0,1,EFEnoticias,Agencia EFE,EFEnoticias,0.0,neutral
1928788024675954914,Sat May 31 12:17:54 +0000 2025,"Mallorca sale de nuevo a la calle para protestar contra la masificación turística.

La plataforma ciudadana ‘Menos Turismo, Más Vida’ ha convocado una nueva manifestación el próximo 15 de junio en Palma.

https://t.co/TJWZIF4KxN https://t.co/6ntGHgpykS",20,8,2,8054,252,0,0,2,EFEnoticias,Agencia EFE,EFEnoticias,0.34,positive
1928786164204413257,Sat May 31 12:10:31 +0000 2025,"EE.UU. advierte sobre los planes de China en Taiwán y pide a Asia más inversión en defensa.

https://t.co/Rkm2U1OHjg https://t.co/tTuhahNQSI",10,3,2,6859,140,0,0,2,EFEnoticias,Agencia EFE,EFEnoticias,0.0,neutral
1928784192688488487,Sat May 31 12:02:41 +0000 2025,"Los termómetros superarán hoy los 40 grados en algunos puntos de la Península, Córdoba y Sevilla en aviso naranja.

https://t.co/FrqNW6feW3 https://t.co/4IYk2kwie3",2,2,1,6663,163,0,0,2,EFEnoticias,Agencia EFE,EFEnoticias,0.0,neutral
1928782920799412728,Sat May 31 11:57:38 +0000 2025,"Yolanda Díaz sobre el caso de Leire Díez y los audios a la UCO: ""Hay comportamientos incompatibles con la democracia"".

https://t.co/IINrZyjY28 https://t.co/P2bqn9l0AJ",8,4,11,8025,167,0,0,2,EFEnoticias,Agencia EFE,EFEnoticias,0.0,neutral
1928779867748794853,Sat May 31 11:45:30 +0000 2025,"La factura de la luz sube por los servicios de ajuste tras el apagón en un mayo de bajos precios.

https://t.co/Kbe2b7TerQ https://t.co/srfjJJCXsS",26,18,24,13170,146,0,0,2,EFEnoticias,Agencia EFE,EFEnoticias,0.0,neutral
1928773160716915012,Sat May 31 11:18:51 +0000 2025,"La decisión suma así un tercer incremento consecutivo en esa cantidad, lo que eleva el total restituido en apenas cuatro meses a 1,37 millones de barriles diarios.

https://t.co/tKtNE2ra4U",2,0,0,6018,188,0,0,1,EFEnoticias,Agencia EFE,EFEnoticias,0.0,neutral
1928771653833462120,Sat May 31 11:12:51 +0000 2025,"Badosa, fin de trayecto en Roland Garros tras caer en tercera ronda ante Kasatkina.

https://t.co/nqKpS2n201 https://t.co/2lNNpdxWVv",2,3,0,6180,132,0,0,2,EFEnoticias,Agencia EFE,EFEnoticias,0.0,neutral
1928769550805311723,Sat May 31 11:04:30 +0000 2025,#ÚLTIMAHORA | La alianza OPEP+ aumenta en 411.000 barriles diarios su producción en julio. https://t.co/wsjlYGVkfG,34,35,3,16405,114,1,0,1,EFEnoticias,Agencia EFE,EFEnoticias,0.0,neutral
1928767823658058137,Sat May 31 10:57:38 +0000 2025,"Irán sigue adelante con los aspectos más controvertidos de su programa nuclear, aumentando en casi un 50 % entre febrero y mayo la producción de uranio altamente enriquecido.

https://t.co/hzJofnZLbU",1,3,0,4937,199,0,0,1,EFEnoticias,Agencia EFE,EFEnoticias,0.0,neutral
1928766308071428165,Sat May 31 10:51:37 +0000 2025,#ÚLTIMAHORA | El OIEA dice que no puede garantizar que el programa nuclear iraní sea pacífico. https://t.co/9CuYjTXDNN,80,53,17,14086,118,1,0,1,EFEnoticias,Agencia EFE,EFEnoticias,-0.296,negative
1928765554120155178,Sat May 31 10:48:37 +0000 2025,"Feijóo: el Congreso de 2022 fue para arreglar problemas del PP y el de 2025, los de España.

El presidente del PP hizo estas declaraciones este sábado en un acto en Zaragoza.

https://t.co/zTk8l8pCWH",4,5,7,6522,199,0,0,1,EFEnoticias,Agencia EFE,EFEnoticias,0.0,neutral
1928763834954555416,Sat May 31 10:41:47 +0000 2025,"Los actos de vandalismo en trenes Renfe tuvieron un coste directo de 11 millones en 2024.

https://t.co/E5vuzmelBY",3,2,0,5132,114,0,0,1,EFEnoticias,Agencia EFE,EFEnoticias,0.0,neutral
1928757115075604480,Sat May 31 10:15:05 +0000 2025,"Córdoba y Sevilla en aviso naranja por altas temperaturas.

https://t.co/FrqNW6feW3 https://t.co/8C7kWpkJW0",5,1,0,5877,107,0,0,2,EFEnoticias,Agencia EFE,EFEnoticias,0.0,neutral
1928753390521307584,Sat May 31 10:00:17 +0000 2025,"Una de las personas que se encontraba ingresada tras el atropello múltiple registrado este viernes en Burela (Lugo) ha fallecido, mientras que cinco de los heridos continúan en planta y dos de ellos han recibido el alta, según han informado fuentes sanitarias. https://t.co/NZc89aYi2G",1,2,0,5163,284,0,0,1,EFEnoticias,Agencia EFE,EFEnoticias,0.34,positive
1928752307140763903,Sat May 31 09:55:59 +0000 2025,#ÚLTIMAHORA | Muere una de las personas atropelladas en Burela (Lugo) y cinco continúan ingresadas. https://t.co/SKtx97EKtO,14,15,1,10534,123,1,0,1,EFEnoticias,Agencia EFE,EFEnoticias,0.0,neutral
1928751123860451529,Sat May 31 09:51:17 +0000 2025,"Israel mata a un supuesto comandante de Hizbulá en un ataque contra el sur del Líbano.

https://t.co/4QLygFU7w8",1,2,1,5308,111,0,0,1,EFEnoticias,Agencia EFE,EFEnoticias,0.0,neutral
1928746022227816557,Sat May 31 09:31:00 +0000 2025,"Ceuta impone la prohibición de fumar en las tres principales playas de la ciudad.

https://t.co/Q83C9L1oXI https://t.co/3ivuKpah6b",135,34,28,16159,130,0,0,2,EFEnoticias,Agencia EFE,EFEnoticias,0.0,neutral
1928743908596445515,Sat May 31 09:22:36 +0000 2025,"Ecológico, comprometido y multicultural: así es el festival reggae Rototom Sunsplash.

https://t.co/6Rh86jal3w https://t.co/8vp98qfzkW",2,3,6,6416,134,0,0,2,EFEnoticias,Agencia EFE,EFEnoticias,0.4939,positive
1928740852802674955,Sat May 31 09:10:28 +0000 2025,"#FOTOGALERÍA | Política, cultura, deportes…

Repaso a la actualidad informativa de la última semana desde el objetivo de los fotógrafos de EFE en el mundo. #EFEnoticias https://t.co/9hUnXMqrD8",5,4,0,6144,192,2,0,1,EFEnoticias,Agencia EFE,EFEnoticias,0.0,neutral
1928738293786583198,Sat May 31 09:00:18 +0000 2025,"El Sudeste Asiático prefiere ""comunicarse"" con EE.UU. que ""vengarse"" con nuevos aranceles.

https://t.co/KN8fHQelIW",3,1,0,4886,115,0,0,1,EFEnoticias,Agencia EFE,EFEnoticias,0.0,neutral
1928735857663430702,Sat May 31 08:50:37 +0000 2025,"Al menos 14 heridos en ataques ucranianos con drones en la región fronteriza rusa de Kursk.

https://t.co/E0PBIXuYBK",1,2,1,5170,116,0,0,1,EFEnoticias,Agencia EFE,EFEnoticias,0.0,neutral
1928734127588573379,Sat May 31 08:43:44 +0000 2025,"Hamás agradece a Barcelona la ruptura de lazos con Israel debido a la ""guerra de exterminio"".

https://t.co/UjXLa8GOas",101,64,134,24034,118,0,0,1,EFEnoticias,Agencia EFE,EFEnoticias,0.0,neutral
1928731572410130891,Sat May 31 08:33:35 +0000 2025,"Un coche se sale de la pista en el Rallye de Hoznayo (Cantabria) y atropella a ocho espectadores.

https://t.co/ms2hJTizqo",1,2,0,5811,122,0,0,1,EFEnoticias,Agencia EFE,EFEnoticias,0.0,neutral
1928727831451754542,Sat May 31 08:18:43 +0000 2025,"Baleares trata de aliviar la saturación turística limitando la entrada de coches.

Ibiza limitará a partir de este domingo la entrada de vehículos desde la Península.

https://t.co/pqEOfSSH34",3,2,1,5606,191,0,0,1,EFEnoticias,Agencia EFE,EFEnoticias,0.0,neutral
1928725158723821732,Sat May 31 08:08:06 +0000 2025,"Detenidos 29 grafiteros por daños valorados en 1,5 millones de euros: Más allá de la gamberrada.

Los arrestados eran especialistas y muchos de ellos grafiteros con antecedentes en este tipo de acciones delictivas.

https://t.co/E5vuzmelBY",21,11,5,10684,239,0,0,1,EFEnoticias,Agencia EFE,EFEnoticias,0.0,neutral
1928717815306912171,Sat May 31 07:38:55 +0000 2025,"Hallan muerto a un hombre con signos de violencia en Vélez-Málaga y detienen a su hijo.

https://t.co/780R8cD1jY",0,4,0,5525,112,0,0,1,EFEnoticias,Agencia EFE,EFEnoticias,0.0,neutral
1928714477626630167,Sat May 31 07:25:39 +0000 2025,"🌎 Un cayuco con 55 personas partió de Mauritania el 23 de enero de 2024. Casi tres meses después apareció en una playa de Brasil, sin supervivientes.  

📷 EFE reconstruye lo que pasó en este reportaje:

https://t.co/ziHzgoRYdF",24,9,0,7607,226,0,0,1,EFEnoticias,Agencia EFE,EFEnoticias,-0.5574,negative
1928712286765723727,Sat May 31 07:16:57 +0000 2025,"Junts negocia el pago por uso con viñeta para vehículos extranjeros en la ley de movilidad.

El pago por ""viñeta"", consiste en una tarifa plana por tiempo de uso y se aplica en países como Bulgaria, República Checa, Hungría, Rumanía, Eslovaquia, Eslovenia, Suiza y Austria.",1,4,0,7470,273,0,0,0,EFEnoticias,Agencia EFE,EFEnoticias,0.0,neutral
1928708895171604536,Sat May 31 07:03:28 +0000 2025,"UE: Los lazos entre China, Corea del Norte y Rusia son ""extremadamente preocupantes"".

https://t.co/Mlb7Bg3ML4 https://t.co/yrO3g8WnQ9",4,2,0,6204,134,0,0,2,EFEnoticias,Agencia EFE,EFEnoticias,0.0,neutral
1928708456086700399,Sat May 31 07:01:44 +0000 2025,"🌎 Un cayuco. 55 personas a bordo. Quince llamadas. 

La embarcación partió de Mauritania el 23 de enero de 2024. Casi tres meses después apareció en una playa de Brasil, sin supervivientes.

👉 EFE reconstruye qué pasó:
https://t.co/8Gi70QETtj",5,6,1,12637,242,0,0,1,EFEnoticias,Agencia EFE,EFEnoticias,-0.5574,negative
1928699769494319253,Sat May 31 06:27:13 +0000 2025,"El acuerdo PP-Vox en Baleares reduce a cinco las comunidades sin presupuestos este año.

https://t.co/mu6sDOdIce https://t.co/CT6BkIKDyo",4,2,0,7100,136,0,0,2,EFEnoticias,Agencia EFE,EFEnoticias,-0.5574,negative
1939835777707356408,Mon Jun 30 23:57:44 +0000 2025,"Wall Street anota ganancias en junio y el segundo trimestre del año a pesar de la guerra comercial y la tensión geopolítica en Oriente Medio.
https://t.co/gnmjgIpUKD",7,1,0,5765,165,0,0,1,EFEnoticias,Agencia EFE,EFEnoticias,0.0,neutral
1939829567088210034,Mon Jun 30 23:33:03 +0000 2025,"Los ministros de Exteriores del G7 y el Alto Representante de la Unión Europea solicitan «urgentemente» a Irán que reanude su total cooperación con el Organismo Internacional de la Energía Atómica.
https://t.co/xErfqNDgYv",9,3,2,6399,221,0,0,1,EFEnoticias,Agencia EFE,EFEnoticias,0.0,neutral
1939829529041682939,Mon Jun 30 23:32:54 +0000 2025,"El presidente de Estados Unidos, Donald Trump, firma una orden ejecutiva para desmantelar las sanciones en contra de Siria.
https://t.co/u2aM6Nytua",5,2,0,6211,147,0,0,1,EFEnoticias,Agencia EFE,EFEnoticias,0.0,neutral
1939825425976332735,Mon Jun 30 23:16:36 +0000 2025,"La segunda parte de la película ‘The Devil Wears Prada’ (‘El diablo viste de Prada’) comienza sus grabaciones  y contará con el regreso de Meryl Streep, Anne Hathaway y Emily Blunt, informa Century Studios.
https://t.co/MMzpk73w8d",100,26,3,14577,230,0,0,1,EFEnoticias,Agencia EFE,EFEnoticias,-0.6597,negative
1939818751257411775,Mon Jun 30 22:50:05 +0000 2025,"El fiscal general de Venezuela informa que el influencer Ángel Ignacio Cárdenas Bravo, alias 'El fresa', fue detenido y será imputado por los presuntos delitos de ""incitación al odio"". https://t.co/P5lYqYq69i",16,15,3,9717,208,0,0,1,EFEnoticias,Agencia EFE,EFEnoticias,0.0,neutral
1939807978258903461,Mon Jun 30 22:07:16 +0000 2025,"Siete de cada diez mexicanos que nacen en la pobreza siguen siendo pobres, por lo que es urgente diseñar una política pública centrada en promover la movilidad social.
https://t.co/zMbIYRgJ4g",6,6,1,8934,191,0,0,1,EFEnoticias,Agencia EFE,EFEnoticias,0.0,neutral
1939804788452909528,Mon Jun 30 21:54:36 +0000 2025,"La subvención pública que financia las actividades oficiales de la monarquía británica y el mantenimiento de sus palacios aumentará a casi 155 millones de euros.
https://t.co/7aNBrCFVm2",1,2,1,8574,185,0,0,1,EFEnoticias,Agencia EFE,EFEnoticias,0.0,neutral
1939799713600897363,Mon Jun 30 21:34:26 +0000 2025,"La actividad económica en Argentina registró en abril pasado un alza del 1,9 % en comparación con marzo último, tras haber caído en aquel mes 1,9 %, informa el Instituto Nacional de Estadística y Censos (Indec).
https://t.co/g7sSgtjI7Z",5,1,1,9534,235,0,0,1,EFEnoticias,Agencia EFE,EFEnoticias,0.0,neutral
1939799232350736828,Mon Jun 30 21:32:31 +0000 2025,"La visita, que tendrá lugar el lunes, llega en medio de presiones por parte de Washington para que se consiga un alto el fuego en la franja de Gaza.
https://t.co/yk81OnTBr5",3,4,1,11171,172,0,0,1,EFEnoticias,Agencia EFE,EFEnoticias,0.0,neutral
1939794392732037217,Mon Jun 30 21:13:17 +0000 2025,"Una intensa ola de frío polar sorprende a varias localidades costeras de la provincia de Buenos Aires, en Argentina, donde la nieve cubre playas y ciudades balnearias. https://t.co/FAB6xM4Tnh",16,3,0,10254,191,0,0,1,EFEnoticias,Agencia EFE,EFEnoticias,0.0,neutral
1939792745406898343,Mon Jun 30 21:06:44 +0000 2025,#ÚLTIMAHORA | Trump recibirá a Netanyahu en la Casa Blanca la próxima semana. https://t.co/3oLjvZKOwF,180,66,13,34121,101,1,0,1,EFEnoticias,Agencia EFE,EFEnoticias,0.0,neutral
1939787096819962146,Mon Jun 30 20:44:18 +0000 2025,La Administración Nacional Oceánica y Atmosférica (NOAA) anuncia que perderá el acceso a datos satelitales esenciales para el pronóstico de huracanes el próximo 31 julio. https://t.co/zPgNZ40BoX,45,60,1,14860,194,0,0,1,EFEnoticias,Agencia EFE,EFEnoticias,0.0,neutral
1939787096597610869,Mon Jun 30 20:44:17 +0000 2025,"La Justicia de Argentina declara inconstitucional la medida del presidente, Javier Milei, para limitar el derecho a huelga en diversos sectores.
https://t.co/EHeyoNmw6s",489,257,10,26862,168,0,0,1,EFEnoticias,Agencia EFE,EFEnoticias,0.0,neutral
1939781065595306117,Mon Jun 30 20:20:20 +0000 2025,"El Supremo de EE.UU. abordará una impugnación del Partido Republicano, apoyada por el Gobierno Trump, que busca reducir los límites al gasto de los partidos en campaña.
https://t.co/SB2AmLAFzM",7,3,0,9199,192,0,0,1,EFEnoticias,Agencia EFE,EFEnoticias,0.4404,positive
1939777576207020394,Mon Jun 30 20:06:28 +0000 2025,"El presidente de Argentina, Javier Milei, afirma que apelará la decisión de una jueza de EE.UU. que obliga al Estado argentino a entregar el 51 % de su participación en la petrolera YPF. https://t.co/DWO44VeQ7o https://t.co/o4KbSVh0mT",14,11,5,11194,234,0,0,2,EFEnoticias,Agencia EFE,EFEnoticias,0.0,neutral
1939774270780907587,Mon Jun 30 19:53:20 +0000 2025,"La Administración Trump demanda a la ciudad de Los Ángeles por su políticas migratorias de ""ciudad santuario"" alegando que estas interfieren con la aplicación de leyes de inmigración del gobierno federal. https://t.co/pa7VZfZtii",5,4,0,8834,228,0,0,1,EFEnoticias,Agencia EFE,EFEnoticias,0.0,neutral
1939774015414956311,Mon Jun 30 19:52:19 +0000 2025,"El inesperado aumento de la salinidad agrava la pérdida de hielo en el océano Antártico.

https://t.co/9nGXYPxOKG",8,3,1,8760,113,0,0,1,EFEnoticias,Agencia EFE,EFEnoticias,0.0,neutral
1939772262946664818,Mon Jun 30 19:45:21 +0000 2025,"La Casa Blanca indica que Estados Unidos sigue en contacto con Irán, pese a que el presidente Trump niega un contacto directo tras el bombardeo a territorio iraní.
https://t.co/uPtZGIpdkY",11,2,1,8127,187,0,0,1,EFEnoticias,Agencia EFE,EFEnoticias,0.0,neutral
1939769483532378205,Mon Jun 30 19:34:18 +0000 2025,"La Casa Blanca confirma la reanudación de las negociaciones comerciales con Canadá, después de que Ottawa anunciara la eliminación del impuesto sobre servicios digitales que afecta a las grandes tecnológicas. https://t.co/5Y85d9sdgb",8,5,1,8434,232,0,0,1,EFEnoticias,Agencia EFE,EFEnoticias,0.0,neutral
1939768916181672204,Mon Jun 30 19:32:03 +0000 2025,"La jueza superior de Distrito de EE.UU. Loretta Preska determinó que en dos semanas Argentina debe transferir sus acciones de YPF a ""una cuenta de custodia global en BNYM (un banco de servicios financieros) en Nueva York"". https://t.co/DWO44VfnWW",5,8,4,9311,246,0,0,1,EFEnoticias,Agencia EFE,EFEnoticias,0.5423,positive
1939768829447483887,Mon Jun 30 19:31:42 +0000 2025,"VIDEO | La Rapa das Bestas, tradición ancestral gallega, regresó un año más a Campo do Oso (Lugo) para rapar, desparasitar y marcar a los caballos criados en libertad. https://t.co/IjpXPeuO62",16,5,0,9082,191,0,0,1,EFEnoticias,Agencia EFE,EFEnoticias,0.0,neutral
1939762199158718710,Mon Jun 30 19:05:21 +0000 2025,"El Colegio de Químicos de Puerto Rico (CQPR) presenta un análisis en el que asegura que la música de artistas como Bad Bunny activa neurotransmisores, como dopamina, serotonina y oxitocina, generando placer y bienestar. https://t.co/fNWRvhl58x",64,13,113,36976,243,0,0,1,EFEnoticias,Agencia EFE,EFEnoticias,-0.5423,negative
1939757341093597574,Mon Jun 30 18:46:03 +0000 2025,#ÚLTIMAHORA | La Justicia de EE.UU. ordena al estado de Argentina renunciar a su participación de 51 % en la petrolera YPF. https://t.co/6sU7b3Axk2,164,131,32,41169,147,1,0,1,EFEnoticias,Agencia EFE,EFEnoticias,0.0,neutral
1939755690584887662,Mon Jun 30 18:39:30 +0000 2025,"La justicia de Ecuador determinó que el exvicepresidente Jorge Glas cometió peculado (malversación de fondos públicos) en el proceso de reconstrucción de las zonas afectadas por el terremoto de 2016 en el país. 
https://t.co/jK2b0SPfiO",11,8,0,7268,235,0,0,1,EFEnoticias,Agencia EFE,EFEnoticias,0.0,neutral
1939751366789857501,Mon Jun 30 18:22:19 +0000 2025,"Panamá y EE.UU., una relación compleja durante el primer año del Gobierno de José Raúl Mulino.

✍ Giovanna Ferullo Mena
https://t.co/oCjMGuANws",8,2,0,8298,143,0,0,1,EFEnoticias,Agencia EFE,EFEnoticias,0.4939,positive
1939750591053668548,Mon Jun 30 18:19:14 +0000 2025,"#ÚLTIMAHORA | El exvicepresidente correísta Jorge Glas, condenado a 13 años de cárcel por peculado en Ecuador. https://t.co/nB6Akh1zOB",69,26,5,21086,134,1,0,1,EFEnoticias,Agencia EFE,EFEnoticias,0.0,neutral
1939746776459641088,Mon Jun 30 18:04:04 +0000 2025,"VIDEO | Cuando se cumplen 20 años de la aprobación del matrimonio homosexual, EFE sale a la calle para conocer qué piensa la gente de esta medida dos décadas después. https://t.co/epVA16sbEE",11,3,3,7998,190,0,0,1,EFEnoticias,Agencia EFE,EFEnoticias,0.0,neutral
1939746318873723242,Mon Jun 30 18:02:15 +0000 2025,"❗ Más cerca del fin de la calvicie: un equipo de investigadores españoles regenera el pelo de ratones con #alopecia androgénica inducida mediante una terapia basada en #CélulasMadre. 

Todos los detalles en la próxima edición de #DiálogosEFE
 
 👉Mañana a las 10 h

📡 En https://t.co/oYEYMgIhBV",16,11,1,9503,293,3,0,1,EFEnoticias,Agencia EFE,EFEnoticias,0.0,neutral
1939745076478939456,Mon Jun 30 17:57:19 +0000 2025,"La Administración Trump informa a la Universidad de Harvard que, tras desarrollar una investigación sobre sus políticas de inclusión, hallaron que ésta había violado los derechos civiles de estudiantes judíos. https://t.co/J9go81de3j",9,1,0,6246,233,0,0,1,EFEnoticias,Agencia EFE,EFEnoticias,0.0,neutral
1939743571797504228,Mon Jun 30 17:51:20 +0000 2025,"El lateral del Real Madrid Dani Carvajal: Si me sueltan en el campo yo voy al 100 %.

https://t.co/0AzIJ2JDLx",8,1,0,7286,109,0,0,1,EFEnoticias,Agencia EFE,EFEnoticias,0.0,neutral
1939743094125339132,Mon Jun 30 17:49:26 +0000 2025,"VIDEO | El calor extremo sofoca a Europa y afecta a escuelas, viajes, torneos y urgencias. https://t.co/VLQsZwqQ3H",7,4,1,7020,114,0,0,1,EFEnoticias,Agencia EFE,EFEnoticias,0.0,neutral
1939742626527203556,Mon Jun 30 17:47:35 +0000 2025,"Detienen al torero Cayetano Rivera por resistencia a la Policía tras un altercado en un bar. 

https://t.co/BC1Ln8kpJM",49,10,19,23413,118,0,0,1,EFEnoticias,Agencia EFE,EFEnoticias,0.0,neutral
1939741401668821476,Mon Jun 30 17:42:43 +0000 2025,"TENIS | Alcaraz debuta en Wimbledon con sufrida victoria ante Fognini.

https://t.co/t5pilUufbS https://t.co/cgpiZOPP5r",8,2,0,6817,119,0,0,2,EFEnoticias,Agencia EFE,EFEnoticias,0.0,neutral
1939739892809957793,Mon Jun 30 17:36:43 +0000 2025,"La Policía británica investiga posibles delitos por cánticos antiisraelíes en Glastonbury.

https://t.co/aDjwkbyYhK",4,6,3,7651,115,0,0,1,EFEnoticias,Agencia EFE,EFEnoticias,0.0,neutral
1939734842200965584,Mon Jun 30 17:16:39 +0000 2025,"""Es signo de estos tiempos, es una provocación"", dice el actor argentino Joaquín Furriel sobre los recortes del Gobierno de Javier Milei al cine y las artes.

✍ Esther Rebollo
https://t.co/uVQjqBL8it",7,3,3,7009,199,0,0,1,EFEnoticias,Agencia EFE,EFEnoticias,0.4939,positive
1939730977531572409,Mon Jun 30 17:01:18 +0000 2025,"El primer canciller de Petro se reunió, según un artículo de prensa, buscó acercarse al secretario de Estado de EE.UU. y ejercer ""presión internacional"" contra el presidente colombiano para poner en su lugar a la vicepresidenta Francia Márquez. https://t.co/fb09TAcSuc",32,20,2,8969,268,0,0,1,EFEnoticias,Agencia EFE,EFEnoticias,0.0,neutral
1939729225616879895,Mon Jun 30 16:54:20 +0000 2025,"El Barça ficha a Juani Marcos hasta 2027.

https://t.co/sfBLPAdiaN",6,1,0,7476,66,0,0,1,EFEnoticias,Agencia EFE,EFEnoticias,0.0,neutral
1939728735374356495,Mon Jun 30 16:52:23 +0000 2025,"El BBVA ha anunciado este lunes que sigue adelante con su oferta pública de adquisición (opa) sobre el Banco Sabadell, a pesar de que el Gobierno impedirá que las dos entidades se fusionen al menos en los próximos tres años. 

https://t.co/qlIRo3r573",2,3,0,6831,250,0,0,1,EFEnoticias,Agencia EFE,EFEnoticias,0.34,positive
1939725366580396134,Mon Jun 30 16:39:00 +0000 2025,"Llega un julio flojo de series a la espera de 'Miércoles', en agosto.

Por Alicia García de Francisco
(@agdefrancisco)
https://t.co/R9QVLJZUna https://t.co/l61peuTPOb",2,2,1,6711,166,0,1,2,EFEnoticias,Agencia EFE,EFEnoticias,0.0,neutral
1939722858109772272,Mon Jun 30 16:29:02 +0000 2025,#ÚLTIMAHORA | El BBVA sigue adelante con su opa sobre el Banco Sabadell. https://t.co/iO2GxX7eQL,41,17,1,19849,96,1,0,1,EFEnoticias,Agencia EFE,EFEnoticias,0.0,neutral
1939722850048614503,Mon Jun 30 16:29:00 +0000 2025,"El PP ultima su congreso de la serenidad.

Por Paula Escalada Medrano
https://t.co/cMJWaYnZAE https://t.co/Ceemxg2OeD",4,0,6,6538,117,0,0,2,EFEnoticias,Agencia EFE,EFEnoticias,0.0,neutral
1939717904779354618,Mon Jun 30 16:09:21 +0000 2025,"La ex primera dama colombiana Nydia Quintero, abuela del senador y precandiato presidencial Miguel Uribe Turbay, fallece en Bogotá a los 93 años. https://t.co/zDNgen0WE9",9,7,0,6905,169,0,0,1,EFEnoticias,Agencia EFE,EFEnoticias,0.0,neutral
1939717327726997521,Mon Jun 30 16:07:03 +0000 2025,"Quién es Bayan Abu Sultán, la reportera que se ha convertido en icono de los ataques a la prensa en Gaza. 

https://t.co/740EtyAwxi",12,10,1,7328,131,0,0,1,EFEnoticias,Agencia EFE,EFEnoticias,0.34,positive
1939716907860390055,Mon Jun 30 16:05:23 +0000 2025,"La Policía ve una casualidad el robo a la madre de Koldo sin relación con el caso judicial.

https://t.co/nXoGEPsZZb",4,3,1,7312,116,0,0,1,EFEnoticias,Agencia EFE,EFEnoticias,-0.5574,negative
1939716480930619728,Mon Jun 30 16:03:41 +0000 2025,"#EFESportBusiness | Ya puedes escuchar el nuevo episodio.

🗣️Javier Gil (@laliga) reflexiona sobre el uso de la IA: ""Las variables de kilómetros recorridos o esfuerzo realizado pueden ser determinantes para prevenir lesiones"".

🎙️Disponible en https://t.co/U6BqgG47jN https://t.co/uCKPJkLe36",3,1,0,7603,291,1,1,2,EFEnoticias,Agencia EFE,EFEnoticias,0.0,neutral
1939714390409818559,Mon Jun 30 15:55:23 +0000 2025,"Los doce miembros del jurado que decidirán el futuro de Sean Combs, conocido como Diddy, en el juicio por tráfico sexual que enfrenta en Nueva York se retiran a deliberar, llegando así a la etapa final del proceso judicial. https://t.co/rljtIE0IVs",8,5,1,6371,247,0,0,1,EFEnoticias,Agencia EFE,EFEnoticias,0.0,neutral
1939711847990456743,Mon Jun 30 15:45:17 +0000 2025,"#ÚLTIMAHORA | Petro asegura que su número dos, la vicepresidenta Francia Márquez, debe dar explicaciones públicas y ante la justicia tras aparecer en una supuesta trama para sacarle del poder en Colombia. https://t.co/ZNHiYDfb94",465,270,30,88726,228,1,0,1,EFEnoticias,Agencia EFE,EFEnoticias,0.0,neutral
1939702585750888795,Mon Jun 30 15:08:29 +0000 2025,"Los abonos de cercanías costarán 20 euros al mes desde mañana. 

https://t.co/UewiZVDV3w",5,3,0,11847,88,0,0,1,EFEnoticias,Agencia EFE,EFEnoticias,0.0,neutral
1939700720090890399,Mon Jun 30 15:01:04 +0000 2025,"VIDEO | La inflación en Alemania baja al 2 % interanual en junio, según cifras provisionales. https://t.co/9lXyxl1pO5",7,4,1,6944,117,0,0,1,EFEnoticias,Agencia EFE,EFEnoticias,0.0,neutral
1939697688372556242,Mon Jun 30 14:49:01 +0000 2025,"España destinará 145 millones de euros para luchar contra la malaria, el sida y la tuberculosis.

https://t.co/zAQ75n62iK https://t.co/UEXmofQ8lq",16,7,4,8667,145,0,0,2,EFEnoticias,Agencia EFE,EFEnoticias,0.0,neutral
1939687194350039518,Mon Jun 30 14:07:19 +0000 2025,VIDEO | Arranca en Sevilla la IV Conferencia Internacional sobre la Financiación para el Desarrollo. https://t.co/CKJm6GmWY3,7,3,1,7933,124,0,0,1,EFEnoticias,Agencia EFE,EFEnoticias,0.0,neutral
1939685568666800359,Mon Jun 30 14:00:51 +0000 2025,VIDEO | Prisión comunicada y sin fianza para Santos Cerdán. https://t.co/SvgkN3jFoG,37,14,5,9191,83,0,0,1,EFEnoticias,Agencia EFE,EFEnoticias,-0.5574,negative
1939678250822672567,Mon Jun 30 13:31:47 +0000 2025,"VIDEO | Marlaska se casó con el que hoy es su marido en octubre de 2005, solo unas semanas después de que fuera legal en España.

Cuando se cumplen 20 años de la aprobación del matrimonio igualitario, Marlaska habla con EFE sobre este ""paso histórico"". https://t.co/dxHAMSkN9w",266,52,199,222895,276,0,0,1,EFEnoticias,Agencia EFE,EFEnoticias,0.128,positive
1939677518832800174,Mon Jun 30 13:28:52 +0000 2025,"César Azpilicueta cierra su etapa en el Atlético “llena de compromiso, entrega y aprendizaje”.

https://t.co/6ZuZiYbWIX https://t.co/7FOWPr1bkM",3,0,1,6996,143,0,0,2,EFEnoticias,Agencia EFE,EFEnoticias,0.0,neutral
1939675244144283799,Mon Jun 30 13:19:50 +0000 2025,"El Gobierno formaliza el asilo de los primeros 827 menores migrantes de Canarias.

https://t.co/fRfxTbUrm0 https://t.co/gfCXMwkpMl",9,7,7,7649,130,0,0,2,EFEnoticias,Agencia EFE,EFEnoticias,0.0,neutral
1939666870023459179,Mon Jun 30 12:46:33 +0000 2025,"El PP dice que Sánchez ""debe abandonar inmediatamente"" La Moncloa tras el ingreso en prisión de Santos Cerdán.

https://t.co/rhFipwyPui https://t.co/AoAEKvAuRT",60,35,14,13184,159,0,0,2,EFEnoticias,Agencia EFE,EFEnoticias,0.0,neutral
1939666637130469516,Mon Jun 30 12:45:38 +0000 2025,"El déficit de las Administraciones Públicas (a falta de las corporaciones locales) crece hasta abril un 5,7 %, hasta 5.523 millones de euros.

https://t.co/MVZNSM0D1F https://t.co/5llTarQ6e6",3,3,1,6831,190,0,0,2,EFEnoticias,Agencia EFE,EFEnoticias,0.0,neutral
1939666532612620327,Mon Jun 30 12:45:13 +0000 2025,"Cuca Gamarra pide dejar la Secretaría General del PP Y Feijóo acepta relevarla.

https://t.co/GIIZTNJCk5 https://t.co/7xhYFhpmqZ",26,17,18,20112,128,0,0,2,EFEnoticias,Agencia EFE,EFEnoticias,0.0,neutral
1939664097500701136,Mon Jun 30 12:35:32 +0000 2025,"La junta general de accionistas de Redeia respalda a Beatriz Corredor como presidenta de la compañía tras rechazar la propuesta de cese planteada por un inversor por el apagón.

https://t.co/FsDTF2EtaD https://t.co/ZhWpXYgLy2",3,1,0,7430,225,0,0,2,EFEnoticias,Agencia EFE,EFEnoticias,0.0,neutral
1939661293184483633,Mon Jun 30 12:24:24 +0000 2025,"'Hoy follas seguro': la campaña de Sanidad este Orgullo por una sexualidad ""sin miedo"".

https://t.co/VeQILuUV9m https://t.co/QkGgeNmvpu",16,7,9,17233,136,0,0,2,EFEnoticias,Agencia EFE,EFEnoticias,-0.5574,negative
1951067812296007909,Thu Jul 31 23:49:50 +0000 2025,"El presidente de EE.UU., Donald Trump, firma una orden ejecutiva que a partir de este viernes eleva del 25 al 35 % los aranceles sobre todos los bienes canadienses que no están cubiertos por el tratado de libre comercio T-MEC.
https://t.co/znQfOEQ9xD https://t.co/xAleAC46kt",6,5,2,6398,274,0,0,2,EFEnoticias,Agencia EFE,EFEnoticias,-0.296,negative
1951065316668350748,Thu Jul 31 23:39:55 +0000 2025,"#ÚLTIMAHORA | El presidente de EE.UU., Donald Trump, eleva los aranceles a Canadá del 25 al 35 % a partir del viernes. https://t.co/A9ZisCcreK",103,81,7,13172,142,1,0,1,EFEnoticias,Agencia EFE,EFEnoticias,0.0,neutral
1951063982606876912,Thu Jul 31 23:34:37 +0000 2025,"El partido oficialista Nuevas Ideas, formación del presidente Nayib Bukele y mayoritaria en la Asamblea Legislativa, propone una reforma constitucional para habilitar la reelección presidencial indefinida en El Salvador.
https://t.co/UIbEBefCXr",75,42,43,26016,244,0,0,1,EFEnoticias,Agencia EFE,EFEnoticias,0.0,neutral
1951060435488096757,Thu Jul 31 23:20:31 +0000 2025,"El Gobierno de EE.UU. paga a más de 150.000 funcionarios para que no regresen a sus puestos de trabajo, como parte de un programa de renuncia en diferido para ahorrar costos ordenado por la administración de Donald Trump.
https://t.co/8tl6D3YayO",10,9,3,6585,245,0,0,1,EFEnoticias,Agencia EFE,EFEnoticias,-0.296,negative
1951055821594341774,Thu Jul 31 23:02:11 +0000 2025,"Varios de los principales funcionarios de emergencia del condado de Kerr no estaban trabajando la noche de la tragedia que azotó con fuertes inundaciones al sur de Texas, EE.UU., revela una audiencia pública.
https://t.co/BNpjrzP5IJ",8,3,1,6402,232,0,0,1,EFEnoticias,Agencia EFE,EFEnoticias,-0.296,negative
1951053373626560718,Thu Jul 31 22:52:27 +0000 2025,"Donald Trump califica la situación en la Franja de Gaza como ""terrible"", pero no responde a la pregunta de la prensa de si lo considera un genocidio perpetrado por Israel. https://t.co/GUzSDIH1j6",21,12,7,6687,195,0,0,1,EFEnoticias,Agencia EFE,EFEnoticias,-0.6486,negative
1951052981249744981,Thu Jul 31 22:50:54 +0000 2025,#ÚLTIMAHORA | El directorio del Fondo Monetario Internacional valida un desembolso inmediato para Argentina de unos 2.000 millones de dólares. https://t.co/m19SEUHKDk,101,67,21,23235,166,1,0,1,EFEnoticias,Agencia EFE,EFEnoticias,0.0,neutral
1951048048903164409,Thu Jul 31 22:31:18 +0000 2025,"Wall Street termina el mes de julio marcado por los acuerdos arancelarios entre EE.UU. y varios países, así como por los sólidos resultados de empresas y la banca estadounidense.
https://t.co/RwS9BlQSKg",5,1,0,7046,202,0,0,1,EFEnoticias,Agencia EFE,EFEnoticias,0.0,neutral
1951048048898961697,Thu Jul 31 22:31:18 +0000 2025,"La productora Lynette Howell Taylor es elegida como la nueva presidenta de la Academia de Hollywood.
https://t.co/pH7M14Efxx",13,7,0,10873,124,0,0,1,EFEnoticias,Agencia EFE,EFEnoticias,0.0,neutral
1951045784901652506,Thu Jul 31 22:22:18 +0000 2025,"Un comercial de la actriz Sydney Sweeney para American Eagle, junto con otro protagonizado por Gavin Casalegno para Dunkin’ ha desatado un intenso debate sobre raza, belleza e ideales de perfección genética.
https://t.co/Hglwd72rAl",19,5,27,14639,231,0,0,1,EFEnoticias,Agencia EFE,EFEnoticias,0.34,positive
1951043101495119928,Thu Jul 31 22:11:38 +0000 2025,"Descubren en Perú un entierro prehispánico de más de mil años de antigüedad en medio de la instalación de tuberías de gas en Lima.
https://t.co/4P7LPPkdja",32,22,0,8726,154,0,0,1,EFEnoticias,Agencia EFE,EFEnoticias,0.0,neutral
1951042769381708203,Thu Jul 31 22:10:19 +0000 2025,"La tregua arancelaria decretada por el presidente de EE.UU., Donald Trump, llega a su fin con acuerdos de última hora y nuevas extensiones.
https://t.co/DvvJ4cYrdw",2,2,1,7608,163,0,0,1,EFEnoticias,Agencia EFE,EFEnoticias,0.0,neutral
1951041756159443235,Thu Jul 31 22:06:17 +0000 2025,"Bayardo Arce Castaño, actual asesor para asuntos económicos y financieros de la Presidencia de Nicaragua, es detenido tras una investigación por ""transacciones y/o negociaciones"" con bienes, propiedades y sociedades.
https://t.co/m7AaeQRyPE",5,5,0,7858,240,0,0,1,EFEnoticias,Agencia EFE,EFEnoticias,0.0,neutral
1951035470684561413,Thu Jul 31 21:41:19 +0000 2025,"El gigante tecnológico Apple anuncia que obtuvo un beneficio neto de 84.544 millones de dólares en los primeros nueve meses de su ejercicio 2025, un 7,02 % más interanual. https://t.co/w8FSc3rop0",7,4,3,8323,195,0,0,1,EFEnoticias,Agencia EFE,EFEnoticias,0.0,neutral
1951034539020624270,Thu Jul 31 21:37:37 +0000 2025,"El expresidente de Bolivia, Evo Morales, se suma a la petición del voto nulo en las elecciones generales del próximo 17 de agosto, como rechazo a la ""derecha"" y al Gobierno de Luis Arce.
https://t.co/9OdKUODiiE",5,5,3,8286,210,0,0,1,EFEnoticias,Agencia EFE,EFEnoticias,0.0,neutral
1951030188604526936,Thu Jul 31 21:20:20 +0000 2025,"El Partido Liberal (PL) de Brasil, que lidera Jair Bolsonaro, expulsa a uno de sus diputados tras criticar públicamente al líder de EE.UU., Donald Trump, por sancionar al juez del Supremo brasileño Alexandre de Moraes.
https://t.co/NGN1efVvJs",5,7,1,9280,242,0,0,1,EFEnoticias,Agencia EFE,EFEnoticias,0.4404,positive
1951028965084148116,Thu Jul 31 21:15:28 +0000 2025,"El dramaturgo y director de escena estadounidense Robert Wilson, uno de los creadores artísticos más importantes de los siglos XX y XXI, fallece en Nueva York a los 83 años tras una breve enfermedad. https://t.co/5L6xhSPSkT",5,5,0,8773,223,0,0,1,EFEnoticias,Agencia EFE,EFEnoticias,0.0,neutral
1951028943441543214,Thu Jul 31 21:15:23 +0000 2025,"La Asamblea Legislativa de El Salvador aprueba una reforma constitucional para que el país deje el Parlamento Centroamericano (Parlacen). 
https://t.co/NqzoxjcR3r https://t.co/5nqO681Coj",8,9,0,12807,186,0,0,2,EFEnoticias,Agencia EFE,EFEnoticias,0.0,neutral
1951024736873370118,Thu Jul 31 20:58:40 +0000 2025,"La excandidata presidencial demócrata Kamala Harris publicará un libro sobre su fallida campaña electoral en Estados Unidos. 
https://t.co/7WZDio1qha",2,4,0,8163,149,0,0,1,EFEnoticias,Agencia EFE,EFEnoticias,0.0,neutral
1951020134711152663,Thu Jul 31 20:40:22 +0000 2025,"Un partido oficialista de El Salvador propone una reforma a la Constitución para que el país se salga del Parlamento Centroamericano (Parlacen).
https://t.co/NqzoxjcR3r",4,4,1,13083,168,0,0,1,EFEnoticias,Agencia EFE,EFEnoticias,0.0,neutral
1951019694053326897,Thu Jul 31 20:38:37 +0000 2025,"El gigante del comercio electrónico Amazon gana 35.291 millones de dólares en el primer semestre de 2025, un 47 % más que en el mismo periodo de 2024. https://t.co/1f8VtiRerf",2,3,1,8303,174,0,0,1,EFEnoticias,Agencia EFE,EFEnoticias,0.1779,positive
1951017353627447702,Thu Jul 31 20:29:19 +0000 2025,"El Gobierno del presidente de Estados Unidos, Donald Trump, anuncia que iniciará en septiembre la construcción de un nuevo salón de baile en la Casa Blanca. 
https://t.co/rWI44nHfs4",5,4,9,8830,181,0,0,1,EFEnoticias,Agencia EFE,EFEnoticias,0.0,neutral
1951009381648048566,Thu Jul 31 19:57:39 +0000 2025,"Una cronología de la guerra comercial de Trump: 120 días plagados de amenazas, treguas y pactos arancelarios con importantes socios.
https://t.co/NNsCS1F04U",6,5,9,12044,156,0,0,1,EFEnoticias,Agencia EFE,EFEnoticias,0.0,neutral
1951007291890716692,Thu Jul 31 19:49:21 +0000 2025,"La causa de la muerte del luchador profesional estadounidense Hulk Hogan fue un ""infarto agudo del miocardio"", derivado de una ""leucemia linfocítica crónica"", confirman a EFE autoridades forenses de Florida (EE.UU.). https://t.co/RD8BuVH3ym",18,15,2,14396,240,0,0,1,EFEnoticias,Agencia EFE,EFEnoticias,0.0,neutral
1951005041571086603,Thu Jul 31 19:40:24 +0000 2025,"El presidente de Estados Unidos, Donald Trump, ofrece un plazo de 60 días a 17 farmacéuticas para garantizar los mejores precios a los nuevos medicamentos.
https://t.co/Qmr3iADqKH",12,8,1,8762,179,0,0,1,EFEnoticias,Agencia EFE,EFEnoticias,0.0,neutral
1951004523352215566,Thu Jul 31 19:38:20 +0000 2025,"Un nido de avispas sometidas a altos niveles de radiación es descubierto en una instalación del gobierno estadounidense en Carolina del Sur, donde se producían materiales para armas nucleares. https://t.co/v2QdiiGNpQ",51,18,8,198053,216,0,0,1,EFEnoticias,Agencia EFE,EFEnoticias,0.0,neutral
1951002837808243070,Thu Jul 31 19:31:39 +0000 2025,"El cantante estadounidense Justin Timberlake revela que padece la enfermedad de Lyme, una infección que se contrae por la picadura de garrapatas y que define como ""increíblemente extenuante"". https://t.co/4URkOEzBEV",10,4,1,13101,215,0,0,1,EFEnoticias,Agencia EFE,EFEnoticias,0.0,neutral
1951000768405799010,Thu Jul 31 19:23:25 +0000 2025,"El Gobierno de Javier Milei ofrece la ciudadanía argentina a los extranjeros que realicen una ""inversión relevante"" en el país. 
https://t.co/0hqFtjdLWa",23,14,9,10861,152,0,0,1,EFEnoticias,Agencia EFE,EFEnoticias,0.0,neutral
1950998766409982435,Thu Jul 31 19:15:28 +0000 2025,"Las vacaciones de agosto comienzan con retenciones en las salidas de Madrid y grandes ciudades.

https://t.co/kD73DUZkmr https://t.co/DdqIftSrZE",6,4,0,7779,144,0,0,2,EFEnoticias,Agencia EFE,EFEnoticias,0.0,neutral
1950994119024845236,Thu Jul 31 18:57:00 +0000 2025,"Ellas toman el relevo en 'Tipos malos 2', la trepidante secuela del éxito de animación.

✍️Javier Picazo

https://t.co/qSVi6hXP4g",1,1,0,6531,129,0,0,1,EFEnoticias,Agencia EFE,EFEnoticias,0.0,neutral
1950993112379072752,Thu Jul 31 18:53:00 +0000 2025,"Un agosto de videojuego: el basket en silla de ruedas de Nintendo y el regreso de 'Mafia'.

✍️Javier Picazo

https://t.co/8k48gdMUUj https://t.co/U78WTn7Jey",0,1,0,6721,156,0,0,2,EFEnoticias,Agencia EFE,EFEnoticias,0.0,neutral
1950989427284627539,Thu Jul 31 18:38:21 +0000 2025,"La familia de Virginia Giuffre, víctima del fallecido Jeffrey Epstein, le pide explicaciones a Trump tras decir que Epstein la ""robó"" de su club en Florida.
https://t.co/e2Iesf7HcE",32,20,2,7605,180,0,0,1,EFEnoticias,Agencia EFE,EFEnoticias,0.0,neutral
1950981378671067362,Thu Jul 31 18:06:22 +0000 2025,"EE.UU. impondrá restricciones de visados a miembros y funcionarios de la Organización para la Liberación de Palestina (OLP) y la Autoridad Nacional Palestina (ANP), por lo que considera como un continuo «apoyo al terrorismo». https://t.co/DXLJHOF4QJ",8,2,1,6533,249,0,0,1,EFEnoticias,Agencia EFE,EFEnoticias,0.0,neutral
1950979254918775087,Thu Jul 31 17:57:56 +0000 2025,"VIDEO | Continúan activos los incendios del norte de Portugal, cercanos a Galicia. https://t.co/54j5meqwzj",11,6,0,6373,106,0,0,1,EFEnoticias,Agencia EFE,EFEnoticias,0.0,neutral
1950977857569620167,Thu Jul 31 17:52:23 +0000 2025,"Santiago González, el segundo español de la Flotilla de la Libertad, llega a Madrid.

https://t.co/OEad0XMBYr",13,5,0,8216,109,0,0,1,EFEnoticias,Agencia EFE,EFEnoticias,0.0,neutral
1950977647330111654,Thu Jul 31 17:51:33 +0000 2025,"La presidenta de México dice que se logró el “mejor acuerdo” con Donald Trump, incluso respecto a lo que han conseguido otras naciones, tras la prórroga de 90 días para que entren en vigor aranceles de 30 % a productos mexicanos. https://t.co/6dTrYfeaGS https://t.co/ayanIv4ReV",7,6,1,10540,277,0,0,2,EFEnoticias,Agencia EFE,EFEnoticias,0.2732,positive
1950975838783984003,Thu Jul 31 17:44:22 +0000 2025,"Max Verstappen despeja rumores y confirma su permanencia en Red Bull para 2026.

https://t.co/FxiYALBB8E",3,2,0,10347,104,0,0,1,EFEnoticias,Agencia EFE,EFEnoticias,0.0,neutral
1950973910662414588,Thu Jul 31 17:36:42 +0000 2025,"El PSOE eleva a cinco años la petición de prisión para el novio de Ayuso.

https://t.co/uh3qlKUzUl",28,8,17,9335,98,0,0,1,EFEnoticias,Agencia EFE,EFEnoticias,0.0,neutral
1950973854081273876,Thu Jul 31 17:36:28 +0000 2025,"El grupo Cox compra Iberdrola México por 3.643 millones de euros.

https://t.co/4D60JDtJtJ",3,2,0,10234,90,0,0,1,EFEnoticias,Agencia EFE,EFEnoticias,0.0,neutral
1950969563358572859,Thu Jul 31 17:19:25 +0000 2025,"El juez descarta investigar a Íñigo Errejón y a Elisa Mouliaá por presionar a testigos.

https://t.co/VpAA3vzJxM",4,2,2,6545,112,0,0,1,EFEnoticias,Agencia EFE,EFEnoticias,0.0,neutral
1950968871516598507,Thu Jul 31 17:16:40 +0000 2025,"Rusia dice haber completado la toma de  Chásiv Yar en otra jornada trágica en Ucrania. 

https://t.co/nKkG3Ktxan",7,2,1,5753,112,0,0,1,EFEnoticias,Agencia EFE,EFEnoticias,0.0,neutral
1950965619412680707,Thu Jul 31 17:03:45 +0000 2025,"Cataluña asumirá funciones de gestión del IRPF a partir de 2028.

https://t.co/1myTHa4fAo",4,3,0,6252,89,0,0,1,EFEnoticias,Agencia EFE,EFEnoticias,0.0,neutral
1950962518282641576,Thu Jul 31 16:51:26 +0000 2025,"La Aemet alerta de una ola de calor desde el domingo hasta, por lo menos, el martes.

https://t.co/90DsH7PAxG",13,5,0,9541,109,0,0,1,EFEnoticias,Agencia EFE,EFEnoticias,0.0,neutral
1950960737473474917,Thu Jul 31 16:44:21 +0000 2025,La misión Crew-11 de la NASA y SpaceX suspende por el clima su despegue con cuatro tripulantes a bordo de una cápsula Dragon desde Florida hacia la Estación Espacial Internacional (EEI) y lo intentarán de nuevo el viernes. https://t.co/A55bPnbQoQ,5,4,1,6218,246,0,0,1,EFEnoticias,Agencia EFE,EFEnoticias,0.0,neutral
1950960325286638064,Thu Jul 31 16:42:43 +0000 2025,"El gigante tecnológico Microsoft supera los cuatro billones de dólares en capitalización bursátil gracias a sus sólidos resultados empresariales, con los que logra un récord que hasta ahora solo tenía Nvidia. https://t.co/8Mx32vD1IU",8,2,1,6138,232,0,0,1,EFEnoticias,Agencia EFE,EFEnoticias,0.0,neutral
1950960020322926607,Thu Jul 31 16:41:30 +0000 2025,"Una estudiante de Florida crea una trampa con IA para detectar a los mosquitos con enfermedades.

✍ Pedro Pablo Cortés
https://t.co/JL03mRqzqo",10,6,0,5915,142,0,0,1,EFEnoticias,Agencia EFE,EFEnoticias,0.4939,positive
1950959801795555751,Thu Jul 31 16:40:38 +0000 2025,"Dave Franco y Alison Brie encarnan en la película ‘Together’ el horror romántico de fundirse en uno.

✍ Mónica Rubalcava
https://t.co/gtMv42KMzB",4,0,0,5704,144,0,0,1,EFEnoticias,Agencia EFE,EFEnoticias,-0.128,negative
1950959585327526308,Thu Jul 31 16:39:46 +0000 2025,"Katya Echazarreta impulsa «regulación espacial» mexicana y aprovechamiento del ‘New Space’.

✍ Ana Báez
https://t.co/lrEiun0xXj",4,3,0,9372,127,0,0,1,EFEnoticias,Agencia EFE,EFEnoticias,0.4939,positive
1950958076112118251,Thu Jul 31 16:33:47 +0000 2025,VIDEO | Al menos 86 gazatíes muertos el miércoles mientras iban a buscar ayuda humanitaria. https://t.co/3c8bZpSNH0,57,65,6,4267,115,0,0,1,EFEnoticias,Agencia EFE,EFEnoticias,-0.3818,negative
1950951175798345995,Thu Jul 31 16:06:21 +0000 2025,"Sheinbaum presumió la ""muy buena llamada"" que tuvo con Trump, con la que evitó el aumento de aranceles planteado para el 1 de agosto y un plazo de 90 días más para ""construir un acuerdo de largo plazo"". https://t.co/6dTrYfeaGS",6,2,0,9656,226,0,0,1,EFEnoticias,Agencia EFE,EFEnoticias,0.0,neutral
1950944909973696947,Thu Jul 31 15:41:27 +0000 2025,"Muere a los 76 años el productor, cineasta y guionista Carles Balagué.

https://t.co/lKMTMpNjg8",1,3,1,6763,95,0,0,1,EFEnoticias,Agencia EFE,EFEnoticias,0.0,neutral
1950943828824801754,Thu Jul 31 15:37:10 +0000 2025,"El BBVA deja la puerta abierta a retirar en pleno agosto la opa al Banco Sabadell. 

https://t.co/TBsj7LP06i",4,2,0,6399,108,0,0,1,EFEnoticias,Agencia EFE,EFEnoticias,0.0,neutral
1950937818517119140,Thu Jul 31 15:13:17 +0000 2025,#ÚLTIMAHORA | Trump pospone otros 90 días los aranceles a México tras hablar con la presidenta Claudia Sheinbaum. https://t.co/PFtVGwV6LD,95,83,6,24411,137,1,0,1,EFEnoticias,Agencia EFE,EFEnoticias,0.0,neutral
1950934080075206894,Thu Jul 31 14:58:25 +0000 2025,"La secretaria general del PSPV-PSOE, la ministra Diana Morant, respeta el ""paso al lado"" del excomisionado de la dana, al que no pidió la dimisión.

https://t.co/0WbNqhOEHP https://t.co/UidQoBlvTw",2,1,4,5738,196,0,0,2,EFEnoticias,Agencia EFE,EFEnoticias,-0.296,negative
1950930482910175475,Thu Jul 31 14:44:08 +0000 2025,"🧠 ¿Cómo puedes estar al día de lo importante sin perder tiempo? ¡Sigue a EFE en WhatsApp!

EFE, la mayor agencia de noticias en español, te envía al móvil lo más importante del día.

🔗 Únete ahora y activa las notificaciones: https://t.co/b9UM2t96eT https://t.co/ceanwrRYYy",4,3,0,10592,273,0,0,2,EFEnoticias,Agencia EFE,EFEnoticias,-0.5983,negative
1950929875390316546,Thu Jul 31 14:41:43 +0000 2025,"El frente principal del incendio de Hurdes se mantiene estable pero sin estar controlado.

https://t.co/WovES7lrbA https://t.co/go1FGVxw6P",6,2,0,6069,138,0,0,2,EFEnoticias,Agencia EFE,EFEnoticias,-0.5574,negative
1950926343392071860,Thu Jul 31 14:27:41 +0000 2025,"Netanyahu se reúne con el enviado estadounidense a Oriente Medio tras su llegada a Israel. 

https://t.co/GFownKS4J9",6,3,0,5555,116,0,0,1,EFEnoticias,Agencia EFE,EFEnoticias,0.0,neutral
1950924423877296312,Thu Jul 31 14:20:03 +0000 2025,"Víctimas del caso Uribe alertan a la ONU y a la Comisión Interamericana de Derechos Humanos de presiones de EEUU a la Justicia colombiana. 

https://t.co/fw40A12lJa",18,11,0,6995,164,0,0,1,EFEnoticias,Agencia EFE,EFEnoticias,0.0,neutral
1950922044217946458,Thu Jul 31 14:10:36 +0000 2025,"Sube a nueve el número de muertos en el  ataque nocturno masivo ruso contra Kiev. 

https://t.co/nKkG3Ktxan",3,4,2,6060,107,0,0,1,EFEnoticias,Agencia EFE,EFEnoticias,0.0,neutral
1950905054136815690,Thu Jul 31 13:03:05 +0000 2025,"Tráfico lento en las salidas de Madrid y accidentes, en el inicio de las vacaciones de agosto.

https://t.co/kD73DUZkmr https://t.co/MW17Zx7TR7",4,0,0,6472,143,0,0,2,EFEnoticias,Agencia EFE,EFEnoticias,0.0,neutral
1962268996541010178,Sun Aug 31 21:39:20 +0000 2025,"El exalcalde de Nueva York Rudy Giuliani se encuentra hospitalizado tras sufrir un accidente de coche en el estado de New Hampshire que le ha ocasionado la fractura de una vértebra, entre otras lesiones.
https://t.co/ikYXv8PVUo",9,3,0,9921,227,0,0,1,EFEnoticias,Agencia EFE,EFEnoticias,0.34,positive
1962240560124572037,Sun Aug 31 19:46:20 +0000 2025,"El ministro de Defensa de Venezuela, Vladimir Padrino, advierte que su país se prepara para luchar si Estados Unidos, que plantea desplegar buques cerca de la nación suramericana, se atreve a ""poner un pie"" en el territorio venezolano. https://t.co/PhG3tepWNl",18,6,11,9924,259,0,0,1,EFEnoticias,Agencia EFE,EFEnoticias,0.0,neutral
1962221763728748930,Sun Aug 31 18:31:39 +0000 2025,VIDEO | El Gobierno de Guatemala y las pandillas 'Barrio 18' y 'Mara Salvatrucha' pugnan por el control de las prisiones desde que el pasado 31 de julio sus líderes fueron trasladados a una cárcel de máxima seguridad para aislarlos. https://t.co/MIas0Hf4ed,3,2,0,9114,256,0,0,1,EFEnoticias,Agencia EFE,EFEnoticias,0.0,neutral
1962191904348713139,Sun Aug 31 16:33:00 +0000 2025,"Lo nuevo de Follet y la primera novela de Woody Allen, dos pesos pesados para acabar 2025.

Por Alida Juliani
(@AlidaJuliani)
https://t.co/y8VzaJ7QxM https://t.co/MtCexW0lvw",4,2,2,9114,173,0,1,2,EFEnoticias,Agencia EFE,EFEnoticias,0.0,neutral
1962188222240305255,Sun Aug 31 16:18:22 +0000 2025,"La Global Sumud Flotilla zarpa con el objetivo de romper el asedio a Gaza y perseverar.

https://t.co/7JvaGWd12E",16,7,2,8092,112,0,0,1,EFEnoticias,Agencia EFE,EFEnoticias,0.0,neutral
1962187992455385597,Sun Aug 31 16:17:27 +0000 2025,"Vuelta a España: Vingegaard se impone en Valdezcaray y Traeen sigue líder.

https://t.co/0Jg5PSkQrC",3,0,0,7595,99,0,0,1,EFEnoticias,Agencia EFE,EFEnoticias,0.0,neutral
1962124153118433308,Sun Aug 31 12:03:47 +0000 2025,"ENTREVISTA | Óscar Puente, ministro de Transportes: Lo que me consta es que el presidente tiene voluntad de agotar el mandato.

https://t.co/j2szeJzgs8 https://t.co/slyCbE6LpJ",313,96,91,18662,175,0,0,2,EFEnoticias,Agencia EFE,EFEnoticias,0.0,neutral
1962081255916220830,Sun Aug 31 09:13:19 +0000 2025,"El ejército israelí continúa su incursión en el barrio de Zeitún, en la capital de Gaza, donde bombardean viviendas y otros edificios.

El sábado, al menos 85 personas fueron asesinadas, entre ellas 43 en la ciudad de Gaza.

https://t.co/5Koh3d2p7P https://t.co/0mxpitUvLa",18,26,5,9686,272,0,0,2,EFEnoticias,Agencia EFE,EFEnoticias,0.0,neutral
1961965238523166999,Sun Aug 31 01:32:19 +0000 2025,"El presidente de Indonesia, Prabowo Subianto, cancela su visita oficial a China debido a la ola de protestas contra los aumentos salariales de los diputados en el país asiático. 
https://t.co/Vuqo30mJB9",23,7,1,9187,202,0,0,1,EFEnoticias,Agencia EFE,EFEnoticias,0.0,neutral
1961956935118241921,Sun Aug 31 00:59:19 +0000 2025,"La 25ª cumbre de la Organización de Cooperación de Shanghái (OCS) arranca en la ciudad de Tianjin, con la participación del presidente chino, Xi Jinping, el presidente ruso, Vladímir Putin, entre otros líderes mundiales.
https://t.co/zz3MWpiyxV",14,5,1,7625,244,0,0,1,EFEnoticias,Agencia EFE,EFEnoticias,0.0,neutral
1961930076791976116,Sat Aug 30 23:12:35 +0000 2025,"El presidente de Bolivia, Luis Arce, sostiene que ""el pueblo"" extrañará a los Gobiernos del oficialista Movimiento al Socialismo (MAS) por los ""avances sociales"" que tuvo el país .
https://t.co/dHqyVKNGAl",15,2,12,9741,204,0,0,1,EFEnoticias,Agencia EFE,EFEnoticias,0.0,neutral
1961913715860574417,Sat Aug 30 22:07:35 +0000 2025,"Disney anuncia que estrenará el 5 de febrero de 2027 la película ‘Ice Age: Boiling Point’ (La era de hielo: Punto de Ebullición), que será la sexta entrega de esta saga de animación. https://t.co/LDKxpo5Jtw",32,8,1,12147,206,0,0,1,EFEnoticias,Agencia EFE,EFEnoticias,0.0,neutral
1961802981147320474,Sat Aug 30 14:47:33 +0000 2025,#ÚLTIMAHORA | La Policía indonesia halla el cuerpo sin vida de la española Matilde Muñoz. https://t.co/WUcSPYHVya,131,44,4,47000,113,1,0,1,EFEnoticias,Agencia EFE,EFEnoticias,-0.5574,negative
1961802169574723750,Sat Aug 30 14:44:20 +0000 2025,"Guillermo del Toro: ""No me asusta la inteligencia artificial, sino la estupidez natural"".

https://t.co/UCpiA5se28",171,41,1,13775,114,0,0,1,EFEnoticias,Agencia EFE,EFEnoticias,0.3612,positive
1961800728340537666,Sat Aug 30 14:38:36 +0000 2025,"La OCS busca en la cumbre en Tianjin «coordinación más estrecha» más allá de la retórica.

https://t.co/sIwWCbrmjm",2,0,1,6899,114,0,0,1,EFEnoticias,Agencia EFE,EFEnoticias,0.0,neutral
1961799113734774938,Sat Aug 30 14:32:11 +0000 2025,"VIDEO | Para humanizar el duelo, tanatorios recurren a la terapia asistida con perros, que funcionan como un ""bálsamo"" para quienes atraviesan momentos de pérdida. https://t.co/02ikzmdO7L",53,8,1,9653,187,0,0,1,EFEnoticias,Agencia EFE,EFEnoticias,0.0,neutral
1961795841238216882,Sat Aug 30 14:19:11 +0000 2025,"VIDEO | Los efectos de la hambruna en cuatro hospitales de Gaza: ""La situación es catastrófica"".

https://t.co/t3FF75Frh5 https://t.co/aquJmbx66O",12,11,5,7365,145,0,0,2,EFEnoticias,Agencia EFE,EFEnoticias,0.0,neutral
1961791663707144288,Sat Aug 30 14:02:35 +0000 2025,"Accidentes en Madrid, Burgos, Murcia o Málaga complican el tráfico del retorno del verano.

https://t.co/ZOFs0lBhQQ",2,0,1,8267,115,0,0,1,EFEnoticias,Agencia EFE,EFEnoticias,0.0,neutral
1961775489736900723,Sat Aug 30 12:58:19 +0000 2025,"Putin viaja a China en busca de apoyo militar y económico ante las presiones de Trump.

https://t.co/s7igSLUfEr",96,52,16,12735,111,0,0,1,EFEnoticias,Agencia EFE,EFEnoticias,0.0,neutral
1961763938934112384,Sat Aug 30 12:12:25 +0000 2025,"ENTREVISTA | El ministro de Transportes, Óscar Puente, replica a las críticas al tren que ""un sistema en caos no crece dos dígitos al año"".

https://t.co/9Hs3NeOeka https://t.co/fsoqlc2wWW",20,9,22,19365,188,0,0,2,EFEnoticias,Agencia EFE,EFEnoticias,-0.296,negative
1961751134999040170,Sat Aug 30 11:21:32 +0000 2025,"Protección Civil dice que la peor ola de fuegos de la historia de España está llegando ""a su fin"".

https://t.co/RYpPPIzahu https://t.co/Y3hF4Liq9p",28,12,12,8629,147,0,0,2,EFEnoticias,Agencia EFE,EFEnoticias,0.0,neutral
1961745672236896321,Sat Aug 30 10:59:50 +0000 2025,"Liga de Campeones: Real Madrid y Athletic empiezan en casa mientras que Barça, Atlético y Villarreal se estrenan fuera.

https://t.co/WEdT8tVgCP https://t.co/1nHvMJ8F9h",3,2,0,7474,168,0,0,2,EFEnoticias,Agencia EFE,EFEnoticias,0.0,neutral
1961736556235935824,Sat Aug 30 10:23:36 +0000 2025,"Los efectos de la hambruna en los hospitales de Gaza: ""La situación es catastrófica"".

https://t.co/t3FF75Frh5 https://t.co/2SZE9MdPVb",144,130,28,13181,134,0,0,2,EFEnoticias,Agencia EFE,EFEnoticias,0.0,neutral
1961715670426492955,Sat Aug 30 09:00:37 +0000 2025,"Gavi, baja ante el Rayo por molestias en la rodilla derecha.

https://t.co/c7dwebNnIE https://t.co/Jl2p17zheT",1,1,0,7439,109,0,0,2,EFEnoticias,Agencia EFE,EFEnoticias,0.0,neutral
1961693534685188347,Sat Aug 30 07:32:39 +0000 2025,"ENTREVISTA | Óscar Puente replica a las críticas al tren que ""un sistema en caos no crece dos dígitos al año""

Lo ha asegurado en una entrevista con @EFEnoticias El ministro de Transportes.

Si quieres publicar este contenido, lo puedes descargar aquí 👉🏼

https://t.co/Jex2q644c8",1,2,2,7076,279,0,1,1,EFEnoticias,Agencia EFE,EFEnoticias,0.0516,positive
1961688344137462201,Sat Aug 30 07:12:02 +0000 2025,"El PP volverá a usar el Senado como ariete opositor a Sánchez en el nuevo curso político.

https://t.co/DJz5gCO1hz https://t.co/zqyKDZVGoe",26,7,48,12628,138,0,0,2,EFEnoticias,Agencia EFE,EFEnoticias,0.0,neutral
1961667196783931825,Sat Aug 30 05:48:00 +0000 2025,"19.000 avisos ciudadanos a Interior en diez años para frenar el radicalismo, cinco al día.

Por Sagrario Ortega
(@sagrarioalvira) 
https://t.co/eqFBe4RtT8 https://t.co/AMoiUK8rW4",9,3,1,10345,178,0,1,2,EFEnoticias,Agencia EFE,EFEnoticias,0.0,neutral
1961665938442580213,Sat Aug 30 05:43:00 +0000 2025,"Nuaman, la aldea imposible que vive atrapada entre Israel y Palestina.

Por Jorge Dastis

https://t.co/DQnZmGmnW9 https://t.co/28F6oLWXmr",2,4,1,8105,137,0,0,2,EFEnoticias,Agencia EFE,EFEnoticias,0.0,neutral
1961665183694102586,Sat Aug 30 05:40:00 +0000 2025,"CRÓNICA | Caminar a Santiago bajo las cenizas y el humo.

Por Paula Fernández
https://t.co/fDXCjzNJYS https://t.co/Coe3hj6AqP",6,4,2,10538,125,0,0,2,EFEnoticias,Agencia EFE,EFEnoticias,0.0,neutral
1961639455259083224,Sat Aug 30 03:57:46 +0000 2025,"Una jueza federal bloquea temporalmente las deportaciones rápidas de migrantes indocumentados del Gobierno del presidente de EE.UU., Donald Trump, dando la razón a grupos de derechos civiles.
https://t.co/v2CfdIYj6d",13,6,1,8752,215,0,0,1,EFEnoticias,Agencia EFE,EFEnoticias,0.0,neutral
1961632112064319800,Sat Aug 30 03:28:35 +0000 2025,#ÚLTIMAHORA | Una jueza federal de EE.UU. bloquea las deportaciones rápidas de migrantes del Gobierno de Trump por violar el debido proceso. https://t.co/uB4iEjf2fU,436,168,5,27433,164,1,0,1,EFEnoticias,Agencia EFE,EFEnoticias,0.0,neutral
1961623470359330817,Sat Aug 30 02:54:15 +0000 2025,"Instituciones de Honduras capturan a al menos nueve personas, entre ellas un hermano del expresidente Juan Orlando Hernández, por presuntos delitos de corrupción.
https://t.co/wCSTtw6xdq",10,5,0,7378,186,0,0,1,EFEnoticias,Agencia EFE,EFEnoticias,0.0,neutral
1961612665421238616,Sat Aug 30 02:11:19 +0000 2025,"Representantes diplomáticos internacionales disputan en Bogotá un torneo de tejo, que busca acercar a los extranjeros a este deporte autóctono colombiano, considerado patrimonio cultural inmaterial de la nación.
https://t.co/j3lD0ePzN7",5,1,0,7187,235,0,0,1,EFEnoticias,Agencia EFE,EFEnoticias,0.0,neutral
1961606613178998932,Sat Aug 30 01:47:16 +0000 2025,"La presidenta de México, Claudia Sheinbaum, hace un llamado a la ONU a ""actuar con decisión"" ante lo que considera ""un grave precedente de persecución política"" en Latinoamérica por el encarcelamiento del expresidente peruano, Pedro Castillo.
https://t.co/pokrXDLwxq",65,36,31,21967,266,0,0,1,EFEnoticias,Agencia EFE,EFEnoticias,-0.3818,negative
1961603090403954796,Sat Aug 30 01:33:16 +0000 2025,"La aerolínea estadounidense Spirit anuncia que se ha acogido por segunda vez en un año a la ley de quiebra del país tras un fallido intento de reorganización de la compañía.
https://t.co/crSWiCgeoW",8,3,0,6694,197,0,0,1,EFEnoticias,Agencia EFE,EFEnoticias,0.4767,positive
1961596880065900646,Sat Aug 30 01:08:35 +0000 2025,"La Embajada de Brasil en Washington notifica al Gobierno de Estados Unidos sobre el inicio de las consultas para estudiar la aplicación de la Ley de Reciprocidad contra el arancel del 50 %.
https://t.co/448FPxn1yi",86,49,0,7943,213,0,0,1,EFEnoticias,Agencia EFE,EFEnoticias,0.0,neutral
1961558302967447860,Fri Aug 29 22:35:18 +0000 2025,"La fiebre de los Labubus, los muñecos de peluche coleccionables con forma de elfo, se abren paso en Estados Unidos, uniéndose a una tendencia que conquistó Corea del Sur y que ahora llega a las calles de Hollywood. https://t.co/iuy7prjxGC",6,2,1,9048,238,0,0,1,EFEnoticias,Agencia EFE,EFEnoticias,0.0,neutral
1961553139816882378,Fri Aug 29 22:14:47 +0000 2025,#ÚLTIMAHORA | Un tribunal federal de apelaciones de EE.UU. considera ilegales los aranceles de Trump pero los deja vigentes. https://t.co/QGPLQHJKMf,121,66,7,23987,148,1,0,1,EFEnoticias,Agencia EFE,EFEnoticias,0.0,neutral
1961552553058979852,Fri Aug 29 22:12:27 +0000 2025,"El equipo de Colombia se proclama vencedor de una competencia entre militares de 16 países americanos en El Salvador, en la que elementos de las Fuerzas Armadas midieron sus destrezas físicas, tácticas y técnicas. https://t.co/2SceBhX0we",12,4,1,8702,237,0,0,1,EFEnoticias,Agencia EFE,EFEnoticias,0.0,neutral
1961550025365869032,Fri Aug 29 22:02:24 +0000 2025,"El Tribunal del Noveno Circuito de Apelaciones de EE.UU. ratifica el fallo de un juez federal que concluyó que el fin del Estatus de Protección Temporal (TPS, en inglés) para aproximadamente 600.000 venezolanos es ilegal.
https://t.co/5Ws4fuqRkE",6,4,2,9008,245,0,0,1,EFEnoticias,Agencia EFE,EFEnoticias,0.0,neutral
1976799476749672806,Fri Oct 10 23:58:17 +0000 2025,"El G7, con excepción de Estados Unidos, junto con varios países europeos, advierten sobre el aumento del uso de flotas fantasma de embarcaciones para evadir sanciones y realizar otras actividades ilegales.
https://t.co/9GKdPAsCeV",8,5,1,6805,229,0,0,1,EFEnoticias,Agencia EFE,EFEnoticias,0.0,neutral
1976798727072338064,Fri Oct 10 23:55:18 +0000 2025,"Al menos 23 personas fallecieron y ocho están desaparecidas tras las fuertes lluvias que azotan México y provocan numerosas inundaciones.
https://t.co/qjlkW5ZF0k",13,8,1,8352,161,0,0,1,EFEnoticias,Agencia EFE,EFEnoticias,0.0,neutral
1976797785812045936,Fri Oct 10 23:51:33 +0000 2025,"El presidente de EE.UU., Donald Trump, dice que viajará a Israel y que posteriormente llegará a Egipto en el marco del acuerdo de liberación de rehenes y retiro de tropas logrado con Hamás.
https://t.co/qRwaO7AYnP",12,10,3,6720,213,0,0,1,EFEnoticias,Agencia EFE,EFEnoticias,0.0,neutral
1976792475701244350,Fri Oct 10 23:30:27 +0000 2025,"Sébastien Lecornu ha sido de nuevo nombrado primer ministro de Francia por el presidente Emmanuel Macron, en una decisión inexplicable para la mayoría de los franceses.
https://t.co/G86FHTGDKC",7,6,1,6753,192,0,0,1,EFEnoticias,Agencia EFE,EFEnoticias,0.34,positive
1976785356163781073,Fri Oct 10 23:02:10 +0000 2025,"El actor y director Bradley Cooper presenta su última película, ‘Is this thing on?’, una comedia dramática que relata la crisis y la «catarsis» de la mediana edad de una pareja.
https://t.co/gbSvfwZroy",10,6,0,7589,201,0,0,1,EFEnoticias,Agencia EFE,EFEnoticias,-0.6249,negative
1976785335909486885,Fri Oct 10 23:02:05 +0000 2025,"La publicación accidental borrada por el presidente de EE.UU., Donald Trump, en su red social Truth Social, era un mensaje privado dirigido a la Fiscal General, Pam Bondi, en la que le urgía a imputar a sus enemigos políticos.
https://t.co/RnWlihWk5k",2736,2133,115,99684,250,0,0,1,EFEnoticias,Agencia EFE,EFEnoticias,0.25,positive
1976784040712978539,Fri Oct 10 22:56:56 +0000 2025,#ÚLTIMAHORA | Trump viajará a Israel y Egipto en el marco del acuerdo con Hamás. https://t.co/O2VynI9tlj,85,36,8,22404,104,1,0,1,EFEnoticias,Agencia EFE,EFEnoticias,0.0,neutral
1976779344937705621,Fri Oct 10 22:38:17 +0000 2025,"Una inmensa mayoría de líderes políticos de América se unen, sin importar la corriente ideológica que siguen, para felicitar a la opositora venezolana María Corina Machado por ganar el Nobel de la Paz 2025.
https://t.co/9bN79vVVW6",222,62,31,11855,230,0,0,1,EFEnoticias,Agencia EFE,EFEnoticias,-0.5574,negative
1976773619918553126,Fri Oct 10 22:15:32 +0000 2025,"Donald Trump anunció que impondrá a partir del 1 de noviembre aranceles del 100 % a China, país al que acusa de querer imponer controles a la exportación de tierras raras. https://t.co/HICumgMWad https://t.co/VFOHeYBQUX",11,7,1,8880,219,0,0,2,EFEnoticias,Agencia EFE,EFEnoticias,0.0,neutral
1976772841446990008,Fri Oct 10 22:12:26 +0000 2025,"La empresa alemana Adidas alcanza un acuerdo reparatorio con artesanos indígenas mexicanos de Oaxaca por la apropiación cultural indebida del huarache (sandalias) tradicional de la comunidad Yalálag.
https://t.co/cRQ6vwH3Fc",111,43,2,20232,223,0,0,1,EFEnoticias,Agencia EFE,EFEnoticias,0.0,neutral
1976771875570164078,Fri Oct 10 22:08:36 +0000 2025,"George Clooney asegura, durante el preestreno de su nueva película ‘Jay Kelly’ en el Festival de Cine de Londres (LFF), que se ""muere"" por trabajar junto con el actor español Javier Bardem. https://t.co/usAwOeTjnJ",23,3,1,8894,213,0,0,1,EFEnoticias,Agencia EFE,EFEnoticias,0.4939,positive
1976754437319164366,Fri Oct 10 20:59:18 +0000 2025,"La estrella estadounidense Lady Gaga aparecerá en la segunda entrega de la aclamada película ‘The Devil Wears Prada’.
https://t.co/VowAiwyZm5",7,2,1,8892,141,0,0,1,EFEnoticias,Agencia EFE,EFEnoticias,-0.6597,negative
1976751416971571223,Fri Oct 10 20:47:18 +0000 2025,"Cinco de los seis activistas de la Global Sumud Flotilla, detenidos la semana pasada, fueron puestos en libertad.
https://t.co/iWn7Cdh0aE",5,2,0,7506,137,0,0,1,EFEnoticias,Agencia EFE,EFEnoticias,0.0,neutral
1976744414283206749,Fri Oct 10 20:19:29 +0000 2025,"El presidente de Francia, Emmanuel Macron, vuelve a nombrar a Sébastien Lecornu como primer ministro, tras una jornada de negociaciones para sacar al país del bloqueo político en el que se encuentra. https://t.co/zrTdMZ8Yx5 https://t.co/GzVnKoME97",5,3,1,9278,247,0,0,2,EFEnoticias,Agencia EFE,EFEnoticias,0.0,neutral
1976741859746554193,Fri Oct 10 20:09:20 +0000 2025,"Miguel Ángel Rodríguez, jefe de gabinete de la presidenta madrileña, Isabel Díaz Ayuso, declaró en el Supremo que acusó al fiscal general por ""deducción"".

https://t.co/GEFvL3lvrC https://t.co/5kQCzqu7Ar",26,24,5,9262,203,0,0,2,EFEnoticias,Agencia EFE,EFEnoticias,0.4404,positive
1976741351107465661,Fri Oct 10 20:07:18 +0000 2025,"El precio del petróleo de Texas cierra con una bajada del 4 %, hasta 58,9 dólares el barril, tras la amenaza de Donald Trump de imponer aranceles masivos a China, y la entrada en vigor del alto el fuego en Gaza. https://t.co/S6M34vmxI3",8,2,1,7137,235,0,0,1,EFEnoticias,Agencia EFE,EFEnoticias,0.2732,positive
1976740928690815174,Fri Oct 10 20:05:38 +0000 2025,"Daddy Yankee y su exesposa Mireddys González alcanzan un acuerdo para que el artista urbano pueda usar sus marcas profesionales, incluidos su nombre artístico y seudónimos, como las siglas DY. https://t.co/zBJJxBg4cq",7,4,1,7378,216,0,0,1,EFEnoticias,Agencia EFE,EFEnoticias,0.0,neutral
1976734309001175367,Fri Oct 10 19:39:19 +0000 2025,"El fiscal general negó tajante haber filtrado datos del novio de Ayuso: «Rotundamente no».

https://t.co/GEFvL3lvrC",14,4,5,7519,115,0,0,1,EFEnoticias,Agencia EFE,EFEnoticias,0.0,neutral
1976730033545691150,Fri Oct 10 19:22:20 +0000 2025,"La concesión del Nobel de la Paz a la líder opositora venezolana María Corina Machado ha frustrado las aspiraciones de Donald Trump, que había expresado en numerosas ocasiones su deseo de conseguir el galardón. https://t.co/SKQfH22r8y",19,4,7,8211,234,0,0,1,EFEnoticias,Agencia EFE,EFEnoticias,0.34,positive
1976729104633188396,Fri Oct 10 19:18:39 +0000 2025,"El Brent se desploma un 3,82 % y se sitúa en 62,73 dólares tras el alto el fuego en Gaza.
https://t.co/PWywq0jrAy",6,3,3,6956,113,0,0,1,EFEnoticias,Agencia EFE,EFEnoticias,0.0,neutral
1976708901429969311,Fri Oct 10 17:58:22 +0000 2025,"¿Quiénes son los 20 rehenes que Israel cree que siguen con vida?
https://t.co/2uRJvqzeUq",2,2,0,5783,88,0,0,1,EFEnoticias,Agencia EFE,EFEnoticias,0.0,neutral
1976706134451909048,Fri Oct 10 17:47:22 +0000 2025,"Varios centenares de personas protestan a las puertas del centro de detención del Servicio de Inmigración y Control de Aduanas (ICE) en el área de Chicago, donde efectivos de la Guardia Nacional de Texas esperan su despliegue. https://t.co/RcccTCRbXG",10,4,1,5892,250,0,0,1,EFEnoticias,Agencia EFE,EFEnoticias,0.0,neutral
1976704878857634274,Fri Oct 10 17:42:23 +0000 2025,"Alice fuerza desalojos y tiene en rojo áreas de Alicante y Murcia, sin incidencias graves.

https://t.co/JVMnW5af2R https://t.co/fFuHn8HOpv",5,2,0,7370,139,0,0,2,EFEnoticias,Agencia EFE,EFEnoticias,-0.7003,negative
1976702002764689513,Fri Oct 10 17:30:57 +0000 2025,"Las termoeléctricas, el talón de Aquiles del sistema eléctrico de Cuba.

✍ Laura Bécquer
https://t.co/E6RZsi9Dwi",10,6,4,8379,112,0,0,1,EFEnoticias,Agencia EFE,EFEnoticias,0.4939,positive
1976701953359991066,Fri Oct 10 17:30:45 +0000 2025,#FOTOGALERÍA | Repaso a la actualidad informativa de la última semana desde el objetivo de los fotógrafos de EFE en el mundo. https://t.co/KoOxovRGu9,2,3,0,6461,149,1,0,1,EFEnoticias,Agencia EFE,EFEnoticias,0.0,neutral
1976700598478160088,Fri Oct 10 17:25:22 +0000 2025,"Las nuevas batallas son ""ante todo culturales"", asegura la ministra colombiana de Culturas, Yannai Kadamani.

✍ Jorge Gil Ángel
https://t.co/Yr6HZbgRF9",21,8,3,9823,151,0,0,1,EFEnoticias,Agencia EFE,EFEnoticias,0.4939,positive
1976699123890872694,Fri Oct 10 17:19:31 +0000 2025,"La primera dama de Estados Unidos, Melania Trump, anuncia que ocho niños ucranianos han regresado con sus familias gracias a un ""canal de comunicación"" que ella ha mantenido con el presidente de Rusia, Vladímir Putin. https://t.co/L3zIbolVWl",188,86,32,20236,241,0,0,1,EFEnoticias,Agencia EFE,EFEnoticias,0.34,positive
1976698585451298898,Fri Oct 10 17:17:22 +0000 2025,"Pizcadores de tomate logran mejoras laborales en California pese a redadas migratorias.

✍ Mónica Rubalcava
https://t.co/ZDaWW8Woxe",5,1,0,6125,131,0,0,1,EFEnoticias,Agencia EFE,EFEnoticias,0.4939,positive
1976698330995392512,Fri Oct 10 17:16:22 +0000 2025,"‘Soy Frankelda’: el primer largometraje mexicano de animación hecho con ""stop motion"".

✍ David Álvarez
https://t.co/W7LEmmf5hu",11,3,0,6184,127,0,0,1,EFEnoticias,Agencia EFE,EFEnoticias,0.25,positive
1976697576171700378,Fri Oct 10 17:13:22 +0000 2025,"Israel ha matado este viernes a 16 gazatíes pese a la entrada en vigor del alto el fuego.
https://t.co/sUxfr1lCw1",724,755,110,43592,113,0,0,1,EFEnoticias,Agencia EFE,EFEnoticias,0.5423,positive
1976692496026538312,Fri Oct 10 16:53:10 +0000 2025,"María Corina Machado calificó su Nobel como ""un impulso único que inyecta energía y confianza en los venezolanos, dentro y fuera del país, para completar"" su tarea que, como ya ha dicho, es la de ""conquistar la libertad"" en Venezuela. https://t.co/0QyLjxUOQy https://t.co/qqmJo713Ki",25,9,1,6410,282,0,0,2,EFEnoticias,Agencia EFE,EFEnoticias,0.34,positive
1976690782875644279,Fri Oct 10 16:46:22 +0000 2025,"Mohamed VI defiende la justicia social como prioridad estratégica sin aludir a las protestas.
https://t.co/2KOkIwkdj4",11,6,5,10437,117,0,0,1,EFEnoticias,Agencia EFE,EFEnoticias,-0.5574,negative
1976690611093639217,Fri Oct 10 16:45:41 +0000 2025,"El dominicano Vicente García celebra el éxito de su música «arriesgada» fiel a su país.

✍ Pedro Pablo Cortés
https://t.co/1K5BpsgYog",1,1,0,5633,133,0,0,1,EFEnoticias,Agencia EFE,EFEnoticias,0.4939,positive
1976689350889914673,Fri Oct 10 16:40:41 +0000 2025,"Las tácticas de ICE que atemorizan los suburbios de Chicago: helicópteros y botes de humo.

✍ Guillermo Azábal
https://t.co/UJ9H36UN6H",3,4,0,5518,134,0,0,1,EFEnoticias,Agencia EFE,EFEnoticias,0.4939,positive
1976689042260402670,Fri Oct 10 16:39:27 +0000 2025,"#ÚLTIMAHORA | La Fiscalía de Perú solicita que se impida salida del país a destituida presidenta, Dina Boluarte. https://t.co/FO7a9KQdaz",310,151,12,26345,136,1,0,1,EFEnoticias,Agencia EFE,EFEnoticias,0.0,neutral
1976688935800582647,Fri Oct 10 16:39:02 +0000 2025,"VIDEO | La dana Alice deja más de 100 litros por metro cuadrado a su paso por el sureste de España.

https://t.co/JVMnW5af2R https://t.co/kxjpl7jZDD",3,3,0,6999,148,0,0,2,EFEnoticias,Agencia EFE,EFEnoticias,0.0,neutral
1976686411488374899,Fri Oct 10 16:29:00 +0000 2025,"La nueva 'Tron', Carmen Maura en una de terror y españoles en el gulag, en las carteleras.

https://t.co/iRnPwETwVf https://t.co/EiAZvrm9uo",0,1,0,5881,139,0,0,2,EFEnoticias,Agencia EFE,EFEnoticias,-0.5267,negative
1976683014676430995,Fri Oct 10 16:15:30 +0000 2025,"El presidente francés, Emmanuel Macron, va a nombrar a un primer ministro en las próximas horas, lo que confirma que descarta el adelanto de las legislativas, tras reunirse con los líderes de los principales partidos moderados del país.

https://t.co/zrTdMZ8Yx5 https://t.co/8oEJt5jhsR",8,12,1,6170,285,0,0,2,EFEnoticias,Agencia EFE,EFEnoticias,0.0,neutral
1976680399305637918,Fri Oct 10 16:05:06 +0000 2025,"La cifra de personas desalojadas en Cartagena (Murcia) por las lluvias supera ya el centenar.

https://t.co/JVMnW5af2R https://t.co/RiI6MLNfaP",10,3,0,7885,142,0,0,2,EFEnoticias,Agencia EFE,EFEnoticias,0.0,neutral
1976679962233962701,Fri Oct 10 16:03:22 +0000 2025,#ÚLTIMAHORA | Macron descarta adelantar las elecciones tras recibir a los grupos políticos moderados. https://t.co/M16S2uhQDP,26,14,4,14161,125,1,0,1,EFEnoticias,Agencia EFE,EFEnoticias,0.0,neutral
1976679067568247167,Fri Oct 10 15:59:49 +0000 2025,"Trump afirmó que China ""se está volviendo muy hostil y está enviando cartas a países de todo el mundo para anunciar que quiere imponer controles de exportaciones a todos los productos relacionados con tierras raras"". https://t.co/HICumgMWad",26,22,8,16201,240,0,0,1,EFEnoticias,Agencia EFE,EFEnoticias,0.0,neutral
1976673589354193340,Fri Oct 10 15:38:03 +0000 2025,"La llegada a España de las cuatro activistas de la Flotilla de la Libertad-Thousands Madleens detenidas por Israel  prevista para este viernes se ha aplazado a mañana porque ""no hay espacio en el vuelo"" que debían abordar.

https://t.co/GAtRkZWFVl https://t.co/c3XVef0vUP",4,5,2,5862,271,0,0,2,EFEnoticias,Agencia EFE,EFEnoticias,0.34,positive
1976671297301352927,Fri Oct 10 15:28:56 +0000 2025,"#ÚLTIMAHORA | María Corina Machado acepta el Premio Nobel de la Paz 2025 y lo dedica a ""cada venezolano"". https://t.co/Vfk77WGy9W",289,72,28,19611,129,1,0,1,EFEnoticias,Agencia EFE,EFEnoticias,0.0,neutral
1976671023576781048,Fri Oct 10 15:27:51 +0000 2025,#ÚLTIMAHORA | Trump dice que ya no se reunirá con Xi Jinping y amenaza con aranceles masivos para China. https://t.co/fhxf5b25pW,580,313,174,126132,128,1,0,1,EFEnoticias,Agencia EFE,EFEnoticias,-0.296,negative
1976666862093312301,Fri Oct 10 15:11:19 +0000 2025,"La dana Alice alcanzará este fin de semana su mayor adversidad y dejará lluvias que podrán superar los 180 litros en 12 horas con vientos muy fuertes en Alicante y Murcia, en alerta roja por riesgo extremo.

https://t.co/KUV46thxRF https://t.co/2OLG0JhQqK",3,1,0,6647,255,0,0,2,EFEnoticias,Agencia EFE,EFEnoticias,0.0,neutral
1976665962293174306,Fri Oct 10 15:07:44 +0000 2025,VIDEO | Netanyahu advierte de que Israel desmilitarizará Gaza “por las buenas o por las malas” en las siguientes fases del plan de alto el fuego. https://t.co/txgOGla7sv,19,5,6,9665,169,0,0,1,EFEnoticias,Agencia EFE,EFEnoticias,0.0,neutral
1976648248895889602,Fri Oct 10 13:57:21 +0000 2025,"#ÚLTIMAHORA | El asesor del presidente de Estados Unidos, Donald Trump, y director de Comunicaciones de la Casa Blanca, Steven Cheung, acusa al Comité de los premios Nobel de anteponer ""la política a la paz"" por no entregárselo al mandatario. https://t.co/E1QhGcHBFN",651,437,428,142047,266,1,0,1,EFEnoticias,Agencia EFE,EFEnoticias,-0.296,negative
1976647857173332188,Fri Oct 10 13:55:48 +0000 2025,"#ÚLTIMAHORA | María Corina Machado ve su Nobel de la Paz como un impulso para ""conquistar la libertad"". https://t.co/01c2kxCaD8",259,82,49,16647,127,1,0,1,EFEnoticias,Agencia EFE,EFEnoticias,0.0,neutral
1976641573321658554,Fri Oct 10 13:30:49 +0000 2025,"Topuria visita a selección española de fútbol y le desea suerte para sus próximos partidos.

https://t.co/JtmC5y19ug https://t.co/il9WTHsTc9",10,3,0,7050,140,0,0,2,EFEnoticias,Agencia EFE,EFEnoticias,0.0,neutral
1976641413430300775,Fri Oct 10 13:30:11 +0000 2025,"VIDEO | Más de 400 empresas de turismo, emprendedores y estudiantes de Panamá recibieron una formación para impulsar el sector en el país, cada vez más en auge, en el ‘Foro de Capacitación Turística’, organizado por la aerolínea Copa. 

En colaboración con @CopaAirlines https://t.co/DeGkMiMVoN",6,5,0,7060,294,0,1,1,EFEnoticias,Agencia EFE,EFEnoticias,0.0,neutral
1976638309141975293,Fri Oct 10 13:17:51 +0000 2025,"Santiago Auserón actuará con su nuevo disco en siete ciudades españolas.

https://t.co/ePMRsj7Dfs https://t.co/ocYQP7jxYG",3,1,0,8473,121,0,0,2,EFEnoticias,Agencia EFE,EFEnoticias,0.0,neutral
1976638177029902633,Fri Oct 10 13:17:20 +0000 2025,"Putin dice que Trump hace mucho para la solución de los conflictos al comentar el Nobel de la Paz 2025.
https://t.co/gbcTFPM5vk",18,6,8,8714,127,0,0,1,EFEnoticias,Agencia EFE,EFEnoticias,0.0,neutral
1976634822140612624,Fri Oct 10 13:04:00 +0000 2025,"ENTREVISTA | Viva Suecia: ""La música no tiene que ser independiente, tiene que ser sostenible y libre"".

✍️Javier Herrero

https://t.co/vsByUMQUvE https://t.co/zUmgkscOQO",15,1,1,8268,170,0,0,2,EFEnoticias,Agencia EFE,EFEnoticias,-0.296,negative
1976634573472907381,Fri Oct 10 13:03:01 +0000 2025,"Una réplica de magnitud 6,7 sacude la isla filipina meridional de Mindanao, activando la alerta de tsunami, horas después de que se registrara un terremoto de magnitud 7,4, que dejó al menos dos fallecidos.
 
https://t.co/wH5hIpmpwt https://t.co/gdaW29chCC",10,10,0,6423,256,0,0,2,EFEnoticias,Agencia EFE,EFEnoticias,0.0,neutral
1976633992683360595,Fri Oct 10 13:00:42 +0000 2025,"Dani Olmo sufre una lesión muscular y causa baja en la selección.

https://t.co/teacDhepuw https://t.co/n81FN9xj5k",2,0,0,5503,114,0,0,2,EFEnoticias,Agencia EFE,EFEnoticias,0.0,neutral
1976614392881115213,Fri Oct 10 11:42:49 +0000 2025,"El primer ministro israelí advierte de que las siguientes fases del plan de alto el fuego en Gaza incluyen la entrega de las armas por parte de Hamás y la desmilitarización de la Franja,  y que si no lo hacen por la buenas, ""se logrará por las malas"". 

https://t.co/3pq7BP5JN0",14,9,7,7050,277,0,0,1,EFEnoticias,Agencia EFE,EFEnoticias,-0.296,negative
1976609116597768483,Fri Oct 10 11:21:51 +0000 2025,"Podemos tacha de golpista a María Corina Machado tras recibir el Premio Nobel de la Paz 2025.

https://t.co/MNY5vY04PG https://t.co/GDouqgqAVm",214,70,243,20144,142,0,0,2,EFEnoticias,Agencia EFE,EFEnoticias,0.0,neutral
1976569741016732044,Fri Oct 10 08:45:23 +0000 2025,"Quién es José Jerí, el inesperado nuevo presidente de Perú

https://t.co/kw6ZhFyfuh https://t.co/w7W2XfTsYg",5,6,1,6010,107,0,0,2,EFEnoticias,Agencia EFE,EFEnoticias,0.0,neutral
1976568901354819755,Fri Oct 10 08:42:03 +0000 2025,"VIDEO | La nueva 'Tron', Carmen Maura en una de terror y españoles en el gulag, en las carteleras. https://t.co/Ph1BeVKzM4",2,3,0,5015,122,0,0,1,EFEnoticias,Agencia EFE,EFEnoticias,-0.5267,negative
1976568884733088126,Fri Oct 10 08:41:59 +0000 2025,"¿Por qué ha sido destituida Dina Boluarte como presidenta de Perú?

https://t.co/xLAOTznCh2 https://t.co/8hHfYhUrMp",5,8,2,4713,115,0,0,2,EFEnoticias,Agencia EFE,EFEnoticias,0.34,positive
