tweet_id,date,text,likes,retweets,replies,views,length,hashtags,mentions,links,author,outlet,handle,sentiment,sentiment_label
1885470624845275411,Fri Jan 31 23:30:01 +0000 2025,"#LoMásLeído 📰Anabel Pantoja y su pareja, investigados por presuntos malos tratos a su hija https://t.co/hxcLYV3J1B",4,1,0,9268,114,1,0,1,abc_es,ABC,abc_es,0.0,neutral
1885463076008288443,Fri Jan 31 23:00:02 +0000 2025,🔌 Esta es la diferencia entre los distintos puertos USB: pocos tienen conocimiento de ella https://t.co/VBJaRfN8q0,6,4,0,7902,114,0,0,1,abc_es,ABC,abc_es,0.0,neutral
1885459293560070586,Fri Jan 31 22:45:00 +0000 2025,‼️ Vapear hoy no será más caro: Hacienda mantiene la subida de precios para abril https://t.co/lIYdtVjEWO,4,2,0,8185,105,0,0,1,abc_es,ABC,abc_es,-0.296,negative
1885458176104947730,Fri Jan 31 22:40:33 +0000 2025,"La portada y la Dos de ABC. Pronto, en @abckioskoymas https://t.co/dWuPgEPJqa",17,13,3,7963,77,0,1,1,abc_es,ABC,abc_es,0.0,neutral
1885455519567282601,Fri Jan 31 22:30:00 +0000 2025,#ABCrecomienda ✍️ Parte de la cúpula fiscal exige a García Ortiz su dimisión como fiscal general del Estado tras no responder al juez https://t.co/cvMWmfhQAX,34,14,4,7436,157,1,0,1,abc_es,ABC,abc_es,-0.296,negative
1885451743896494120,Fri Jan 31 22:15:00 +0000 2025,"🇺🇸En su primer mandato, Trump mantuvo y promovió las políticas de diversidad en aviación a las que ahora culpa del accidente 

✍️ Informa @jansorena 
https://t.co/Au1YZHkHvY",3,4,5,6829,173,0,1,1,abc_es,ABC,abc_es,0.0,neutral
1885447971380355426,Fri Jan 31 22:00:00 +0000 2025,⚽️ Detenidos tres ultras de la Real tras darle un botellazo en la cabeza a un aficionado griego https://t.co/jxg3brruXk,4,2,0,6137,119,0,0,1,abc_es,ABC,abc_es,0.0,neutral
1885447326560391497,Fri Jan 31 21:57:27 +0000 2025,🔴 Trump asegura que impondrá aranceles a los productos europeos: «La UE nos ha tratado terriblemente» https://t.co/G9H857qZYq,48,31,7,12999,125,0,0,1,abc_es,ABC,abc_es,0.34,positive
1885444193814028326,Fri Jan 31 21:45:00 +0000 2025,"🇸🇪 Suecia anuncia un nuevo paquete de ayuda militar a Ucrania valorado en casi 1.200 millones de euros 

Zelenski agradece la ayuda sueca y asevera que «la paz se puede lograr mediante la fuerza»

https://t.co/MpuLkZrpNr",26,10,1,7205,220,0,0,1,abc_es,ABC,abc_es,0.0,neutral
1885442935405052087,Fri Jan 31 21:40:00 +0000 2025,🧑‍🚀 Los dos astronautas varados en la EEI desde hace ocho meses dan su primer paseo juntos por el espacio https://t.co/KjJbRYXqdD,6,4,2,6283,129,0,0,1,abc_es,ABC,abc_es,0.0,neutral
1885440419980333394,Fri Jan 31 21:30:00 +0000 2025,#ABCrecomienda ✍️ Las víctimas del accidente aéreo de Washington: mensajes sin enviar y dolor entre las familias https://t.co/EZHRkpHRyT,0,0,0,5754,136,1,0,1,abc_es,ABC,abc_es,-0.5574,negative
1885437509594669416,Fri Jan 31 21:18:26 +0000 2025,"❗️ La investigación del accidente aéreo en EE.UU. apunta a un fallo de altitud del helicóptero 

✍️ Por @alandete 
https://t.co/9aogUO6Kji",8,5,0,5824,138,0,1,1,abc_es,ABC,abc_es,0.0,neutral
1885436644171419782,Fri Jan 31 21:15:00 +0000 2025,"📣El PP cita a Albares en el Congreso de los Diputados para responder sobre las quejas de los diplomáticos 

✍️ Informa @AngieCalero 
https://t.co/FPUlxlTUug",301,114,20,10000,156,0,1,1,abc_es,ABC,abc_es,0.0,neutral
1885432875845378552,Fri Jan 31 21:00:01 +0000 2025,"🏥Sanidad y Derechos Sociales acuerdan con las comunidades garantizar la Atención Temprana a menores de 6 años en menos de 45 días
 https://t.co/UjVqYYssES",4,1,0,5196,154,0,0,1,abc_es,ABC,abc_es,0.0,neutral
1885429094441222234,Fri Jan 31 20:45:00 +0000 2025,"🔷Valencia lleva al Foro ABC su Capitalidad Verde Europea 
https://t.co/gNGTPNnCDe",0,2,1,5475,81,0,0,1,abc_es,ABC,abc_es,0.0,neutral
1885425812708442159,Fri Jan 31 20:31:57 +0000 2025,"🔴 #ÚLTIMAHORA Indra compra el 89,7% de Hispasat a Redeia por 725 millones de euros https://t.co/2TFOrM2gwy",10,11,1,16166,106,1,0,1,abc_es,ABC,abc_es,0.0,neutral
1885425319777047035,Fri Jan 31 20:30:00 +0000 2025,"#ABCrecomienda ✍️ Aitana Sánchez-Gijón: «El ego es como un niño que pide atención, hay que domesticarlo» https://t.co/3lzdBqdnbl",1,1,0,4938,128,1,0,1,abc_es,ABC,abc_es,0.0,neutral
1885421544635240762,Fri Jan 31 20:15:00 +0000 2025,"💵Las matrículas universitarias más baratas: los estudiantes pagan 5,26 euros menos por crédito que hace una década 

✍️Por @bealozanoechaza 
https://t.co/Ibc6tOpVqv",2,1,0,4930,164,0,1,1,abc_es,ABC,abc_es,0.0,neutral
1885420426509062465,Fri Jan 31 20:10:33 +0000 2025,🔴 #ÚLTIMAHORA Muere un hombre al precipitarse al vacío cuando intentaba huir de las llamas en un incendio en un edificio en Vizcaya https://t.co/aT9qT8gC9F,4,1,0,9562,155,1,0,1,abc_es,ABC,abc_es,0.0,neutral
1885417773700092037,Fri Jan 31 20:00:01 +0000 2025,"🇮🇹 Meloni, al estilo Trump: endurece sus críticas a los jueces tras la apertura de una investigación contra ella 

✍️ Informa Ángel Gómez Fuentes, corresponsal en Roma
https://t.co/GY6geCCQHR",92,16,67,18821,191,0,0,1,abc_es,ABC,abc_es,0.0,neutral
1885416766194545093,Fri Jan 31 19:56:01 +0000 2025,"➡️Vox expulsa a Ana Rosa Hernando y Javier Teira por sus «opiniones y valoraciones movidas por ambiciones personales» 
https://t.co/wVbV6qsZjE",8,4,1,9367,142,0,0,1,abc_es,ABC,abc_es,0.0,neutral
1885414377232257395,Fri Jan 31 19:46:31 +0000 2025,🔴 #ÚLTIMAHORA El juez procesa al hermano de Ximo Puig por estafa y falsedad https://t.co/GeAbGZoUjL,2079,944,88,463553,99,1,0,1,abc_es,ABC,abc_es,0.0,neutral
1885413994975908250,Fri Jan 31 19:45:00 +0000 2025,"👨‍⚖️Un juzgado de Catarroja centraliza la investigación sobre la dana en Valencia 

✍️ Por @tojipi 
https://t.co/lrrPuuicXp",3,2,0,4525,123,0,1,1,abc_es,ABC,abc_es,0.0,neutral
1885410221113196569,Fri Jan 31 19:30:00 +0000 2025,#ABCrecomienda ✍️ Palma quiere acabar con las viviendas caravana: «Me gustaría vivir en una casa de ladrillo pero ni con dos sueldos puedo alquilarla» https://t.co/IL3zqTjb9s,3,4,1,4845,174,1,0,1,abc_es,ABC,abc_es,0.0,neutral
1885409410572321188,Fri Jan 31 19:26:47 +0000 2025,🏆El Comité Olímpico Español reconoce a ABC Salud por su compromiso con la prevención del cáncer https://t.co/kLG1gJMZE9,4,1,0,4858,119,0,0,1,abc_es,ABC,abc_es,0.0,neutral
1885406445308465170,Fri Jan 31 19:15:00 +0000 2025,"📢CC.OO. y UGT mantienen las protestas contra PP y Vox a pesar de que ya se ha desbloqueado la subida de las pensiones 

✍️ Informa Xavier Vilaltela
https://t.co/njYC44pslw",47,27,104,12254,171,0,0,1,abc_es,ABC,abc_es,0.34,positive
1885406070572556297,Fri Jan 31 19:13:31 +0000 2025,🔴 #ÚLTIMAHORA La Justicia italiana vuelve a frustrar los planes de Meloni y ordena el regreso de 43 inmigrantes desde Albania https://t.co/QFetMLNFZg,1,1,0,6106,149,1,0,1,abc_es,ABC,abc_es,0.0,neutral
1885402671143936327,Fri Jan 31 19:00:00 +0000 2025,"❗️❗️El Gobierno confirma que enviará a la Guardia Civil para reforzar el control fronterizo en Gaza 

✍️ @lore_gamarra 
https://t.co/emhgSVnear",20,15,59,18063,143,0,1,1,abc_es,ABC,abc_es,0.0,neutral
1885402669168124174,Fri Jan 31 19:00:00 +0000 2025,🔴#ÚLTIMAHORA La Casa Blanca confirma que Trump impondrá aranceles del 25% a Canadá y México y del 10% a China a partir del sábado https://t.co/T03gtoelGD,45,18,9,12934,153,1,0,1,abc_es,ABC,abc_es,0.0,neutral
1885402139368755300,Fri Jan 31 18:57:53 +0000 2025,"📽️ Pasamos un día con @mikiesparbe y Milena Smit, los protagonistas de 'La chica de nieve'

🤔 ¿Qué novedades trae la segunda temporada de la serie? El reportaje completo, este domingo, en ABC https://t.co/gODgfmZE48",5,4,0,5115,215,0,1,1,abc_es,ABC,abc_es,0.0,neutral
1885398895293063557,Fri Jan 31 18:45:00 +0000 2025,"👨‍⚕️Condenan a 29 años a un médico de familia de Las Palmas de Gran Canaria por abusos sexuales a 26 pacientes 
https://t.co/zmwy4SgILg",5,3,1,4806,135,0,0,1,abc_es,ABC,abc_es,0.0,neutral
1885396296703344656,Fri Jan 31 18:34:40 +0000 2025,"🔴 #ÚLTIMAHORA Karla Sofía Gascón pide perdón por sus tuits y abandona X: «Me han amenazado de muerte, insultado, violentado y vejado hasta la extenuación» https://t.co/MRLK2C5u8n",46,19,69,32951,178,1,0,1,abc_es,ABC,abc_es,0.0,neutral
1885395121296072915,Fri Jan 31 18:30:00 +0000 2025,#ABCrecomienda ✍️ El Gobierno de Ayuso advierte al delegado de Sánchez de que romperá relaciones si no deja de insultar https://t.co/yQ8Eh60jTK,230,63,228,18348,143,1,0,1,abc_es,ABC,abc_es,-0.296,negative
1885392438329507981,Fri Jan 31 18:19:20 +0000 2025,"🎤Spotify ya tiene su veredicto, y el ganador de Benidorm Fest 2025 será…   

✍️ Por Nacho Serrano
https://t.co/T258bMrB2C",2,0,0,27599,121,0,0,1,abc_es,ABC,abc_es,0.0,neutral
1885391345906286844,Fri Jan 31 18:15:00 +0000 2025,🔷 El PP propone prorrogar la jubilación activa mejorada para los médicos de Atención Primaria https://t.co/dDpvBisYNU,3,1,1,6892,117,0,0,1,abc_es,ABC,abc_es,0.34,positive
1885387575147344037,Fri Jan 31 18:00:01 +0000 2025,"🔷 Hamás anuncia los nombres de los rehenes que serán liberados el próximo sábado 

El Gobierno israelí ha confirmado la recepción de los tres nombres pero no la identidad, aunque sí que son tres varones

https://t.co/oL6nI7prGy",11,4,0,4029,227,0,0,1,abc_es,ABC,abc_es,0.3818,positive
1885386312406229055,Fri Jan 31 17:55:00 +0000 2025,"👷Obras de la A-5: cierran seis de los diez pasos subterráneos 

✍️Informa @helen_cor 
https://t.co/K1rw0sHKw3",1,1,0,4254,109,0,1,1,abc_es,ABC,abc_es,0.0,neutral
1885385054224056763,Fri Jan 31 17:50:00 +0000 2025,"🇩🇪La CDU se aleja de la extrema derecha tras el toque de Merkel

✍️Por Rosalía Sánchez
 https://t.co/kqWSTGHOFx",3,4,6,5171,111,0,0,1,abc_es,ABC,abc_es,0.0,neutral
1885383796142342596,Fri Jan 31 17:45:00 +0000 2025,"📉 ¿Por qué si ha subido el euríbor en enero me va a bajar la hipoteca?

🔷 Te contamos los detalles https://t.co/d9334y4YsF",2,0,0,4211,122,0,0,1,abc_es,ABC,abc_es,0.5859,positive
1885382537662652706,Fri Jan 31 17:40:00 +0000 2025,🇨🇳China está construyendo en Pekín un centro militar diez veces mayor que el Pentágono https://t.co/PR32l3TN3V,17,9,4,9917,110,0,0,1,abc_es,ABC,abc_es,0.0,neutral
1885382233353040215,Fri Jan 31 17:38:47 +0000 2025,"🎬 Un encuentro de @ABC_Cultural 

✍️ Redacción @Isra_Viana 
📸 Fotografía @TaniaSieira 
📹 Vídeo Samuel González, Álvaro Rincón y @journopablo

https://t.co/IugOO6yuNl",2,1,0,4109,165,0,4,1,abc_es,ABC,abc_es,0.0,neutral
1885381329488945445,Fri Jan 31 17:35:12 +0000 2025,"🗣️ @JavierMacipe , director de 'La Estrella Azul': «El cine no es representación, sino que es retrato» 

🔗 Charla completa: https://t.co/pWf3t0RWzt https://t.co/NpudvUn1Pg",6,0,1,5098,171,0,1,2,abc_es,ABC,abc_es,-0.296,negative
1885380021008609293,Fri Jan 31 17:30:00 +0000 2025,✍️ #ABCrecomienda  Juristas piden iniciar un juicio político a Milei tras su discurso en Davos https://t.co/8PTaYoWcLK,0,1,3,4115,118,1,0,1,abc_es,ABC,abc_es,0.0,neutral
1885379840427098509,Fri Jan 31 17:29:17 +0000 2025,"🎬 Los tres directores debaten sobre el éxito 

🗣️Isaki Lacuesta : «Me encantaría que mis películas llegaran a mucha gente pero a veces tu forma de hacer las cosas boicotea ese posible éxito o acceso popular»

🔗 Charla completa: https://t.co/pWf3t0RWzt https://t.co/uM4GlazMzA",2,0,1,2420,275,0,0,2,abc_es,ABC,abc_es,0.0,neutral
1885379431612526617,Fri Jan 31 17:27:39 +0000 2025,🔴 El helicóptero involucrado en el trágico accidente en Washington se salió del trayecto que tenía designado https://t.co/JMgsz8AP55,8,1,3,9250,132,0,0,1,abc_es,ABC,abc_es,0.0,neutral
1885376246215041173,Fri Jan 31 17:15:00 +0000 2025,"📷 La vida de la Princesa Leonor a bordo del Elcano, en imágenes https://t.co/6bPX23fbfL",11,1,1,4568,87,0,0,1,abc_es,ABC,abc_es,0.0,neutral
1885376093609218481,Fri Jan 31 17:14:23 +0000 2025,"🔹Los tres directores están nominados con tres largometrajes que tienen una cosa en común: están protagonizados por músicos

🔗 La charla completa puedes verla aquí: https://t.co/IugOO6yuNl https://t.co/HPg7qIBkWd",2,0,1,3251,211,0,0,2,abc_es,ABC,abc_es,0.0,neutral
1885374983804719408,Fri Jan 31 17:09:59 +0000 2025,"🎶🎬La odisea de tres locos de la música en la lucha por los Goya 

▶️ @ABC_Cultural  organiza un encuentro entre Isaki Lacuesta, Javier Macipe y C. Tangana, tres directores con muchas probabilidades de convertirse en los protagonistas de los Premios Goya

https://t.co/IugOO6yuNl",7,1,1,10582,278,0,1,1,abc_es,ABC,abc_es,0.34,positive
1885372479469666810,Fri Jan 31 17:00:02 +0000 2025,🚢Detenido un barco con tripulación rusa sospechoso de dañar un cable entre Suecia y Letonia https://t.co/0aUMYCg64f,11,8,0,4337,115,0,0,1,abc_es,ABC,abc_es,0.0,neutral
1885368696505589969,Fri Jan 31 16:45:00 +0000 2025,👨‍⚖️La Audiencia Nacional procesa a cinco exjefes de ETA por planificar el asesinato de Gregorio Ordóñez https://t.co/RuVzwzqXGx,48,6,2,6089,128,0,0,1,abc_es,ABC,abc_es,0.0,neutral
1885368373678047366,Fri Jan 31 16:43:43 +0000 2025,🔴 #ÚLTIMAHORA El Parlamento alemán rechaza el proyecto de ley de inmigración impulsado por los conservadores y la extrema derecha https://t.co/OtA7B1dNAp,47,13,49,20535,153,1,0,1,abc_es,ABC,abc_es,0.0,neutral
1885364923678540079,Fri Jan 31 16:30:00 +0000 2025,#ABCrecomienda ✍️La OTAN propone a Trump aumentar la presencia militar estadounidense en Groenlandia https://t.co/o0i9x1JPaq,2,3,1,4038,124,1,0,1,abc_es,ABC,abc_es,0.0,neutral
1885361147106439611,Fri Jan 31 16:15:00 +0000 2025,"⚽️Neymar confirma su regreso, doce años después, a donde todo comenzó https://t.co/bMRbBmxQrs",1,0,0,4205,93,0,0,1,abc_es,ABC,abc_es,0.0,neutral
1885357375646818342,Fri Jan 31 16:00:01 +0000 2025,"📢Israel y Hamás afrontan un nuevo intercambio en la primera jornada de evacuación de heridos por Rafah 

✍️Informa @mikelayestaran 
https://t.co/yJVbFIGY8H",3,2,0,3620,155,0,1,1,abc_es,ABC,abc_es,0.0,neutral
1885355715620909364,Fri Jan 31 15:53:25 +0000 2025,📷✈️Varios vídeos muestran nuevos ángulos del choque entre el avión y el helicóptero en Washington https://t.co/oYYvCdR3Df,2,1,1,7308,121,0,0,1,abc_es,ABC,abc_es,0.0,neutral
1885353597409362053,Fri Jan 31 15:45:00 +0000 2025,🟥 Unas 100 personas pasan la noche en la Casa Orsola de Barcelona para rechazar su desalojo https://t.co/JwOKB3AS3w,3,2,1,5885,115,0,0,1,abc_es,ABC,abc_es,0.0,neutral
1885349822968062158,Fri Jan 31 15:30:00 +0000 2025,"🔵 #OPINIÓN El esclavo feliz

🗣️ Despertaba honda perplejidad ver a Sánchez sonreír el otro día desde el atril de La Moncloa tras asumir una nueva humillación ante el forajido de Waterloo

✍️ Por Álvaro Martínez https://t.co/XzRqSdmlL0",14,6,7,4561,234,1,0,1,abc_es,ABC,abc_es,0.0,neutral
1885346048173900023,Fri Jan 31 15:15:00 +0000 2025,"🔎 Investigan a tres menores por romperle el brazo al director de un instituto de Valencia 

La inspección educativa confirma que los presuntos agresores no son alumnos del centro educativo 

✍ Informa @davidmaroto https://t.co/S4yEwVXUSY",9,3,2,5013,237,0,1,1,abc_es,ABC,abc_es,0.25,positive
1885342499712995354,Fri Jan 31 15:00:54 +0000 2025,❗️Buscan en las cámaras de seguridad de un centro comercial el origen de las lesiones de la hija de Anabel Pantoja https://t.co/5JXjnjr8Ae,63,24,7,28404,138,0,0,1,abc_es,ABC,abc_es,0.0,neutral
1885342279809839412,Fri Jan 31 15:00:02 +0000 2025,"🔊 PODCAST | Estamos en la Historia

Ni Madrid ni Barcelona: esta ciudad fue el motor del Imperio español en la conquista de América

Lola Higueras, catedrática en Historia del arte, analiza  el camino hacia el Nuevo Mundo a través del sur de la península

✅ ¡Ya disponible!",2,0,0,3901,273,0,0,0,abc_es,ABC,abc_es,0.0,neutral
1895617502446506337,Fri Feb 28 23:30:06 +0000 2025,#LoMásLeído 📰 Las nuevas pistas sobre la «sospechosa» muerte de Gene Hackman complican aún más el caso https://t.co/lqcqo9nJ7v,3,3,0,7611,126,1,0,1,abc_es,ABC,abc_es,0.0,neutral
1895609953055912199,Fri Feb 28 23:00:06 +0000 2025,🏨✨ El hotel de lujo en Barcelona al que irán los nominamos a los Oscar 2025 https://t.co/2IvnR2CXFJ,2,2,0,6708,99,0,0,1,abc_es,ABC,abc_es,0.3182,positive
1895606153838805080,Fri Feb 28 22:45:00 +0000 2025,⚠️ Alerta sobre fraudes en multas de tráfico: cómo identificar notificaciones falsas https://t.co/IWdmucMPVS,15,18,0,10409,108,0,0,1,abc_es,ABC,abc_es,0.0,neutral
1895602378822570016,Fri Feb 28 22:30:00 +0000 2025,#ABCRecomienda ✍️ La pretemporada llega a su fin: nadie supera la mejor vuelta de Sainz https://t.co/7q2GdQnspD,6,0,0,6534,111,1,0,1,abc_es,ABC,abc_es,0.0,neutral
1895594838000533632,Fri Feb 28 22:00:02 +0000 2025,‼️ Peligro oruga procesionaria: el riesgo oculto de los paseos con el buen tiempo que puede afectar a tu perro https://t.co/Hxf5DcfC6l,2,1,0,6916,134,0,0,1,abc_es,ABC,abc_es,0.0,neutral
1895592382164349298,Fri Feb 28 21:50:16 +0000 2025,"La portada y la Dos de ABC. Pronto, en @abckioskoymas https://t.co/o1sQXedVdx",39,24,4,9541,77,0,1,1,abc_es,ABC,abc_es,0.0,neutral
1895591054184685862,Fri Feb 28 21:45:00 +0000 2025,"🌴📺 El fenómeno Montoya aúpa a Telecinco, pero continúa en mínimos https://t.co/b4xQd7kyx2",2,0,1,8075,89,0,0,1,abc_es,ABC,abc_es,0.0,neutral
1895587448287363187,Fri Feb 28 21:30:40 +0000 2025,"👀 Oksana Serhiyivna Markarova, la embajadora de Ucrania, también ha estado presente en la reunión mantenida entre Zelenski y Donald Trump

‼️ Esta ha sido su reacción en cuanto ha empezado a subir el tono entre los dos líderes políticos https://t.co/2UFox2bo9D",40,8,3,11026,260,0,0,1,abc_es,ABC,abc_es,0.7351,positive
1895587279386681516,Fri Feb 28 21:30:00 +0000 2025,#ABCRecomienda ✍️ Los vestidos más caros de los Premios Oscar: alguno de hasta 4 millones de euros https://t.co/xTzzfrtxEg,3,0,0,5776,122,1,0,1,abc_es,ABC,abc_es,0.0,neutral
1895584250847449472,Fri Feb 28 21:17:58 +0000 2025,"🔎 Qué es un broncoespasmo, la complicación sufrida por el Papa Francisco

Los médicos necesitarán entre 24 y 48 horas para valorar los efectos de esta nueva crisis
https://t.co/GFlsoZahqW",8,3,2,7980,187,0,0,1,abc_es,ABC,abc_es,-0.6249,negative
1895583864925667768,Fri Feb 28 21:16:26 +0000 2025,"➡️ Tragsa trata de cerrar la crisis de la contratación de Jessica Rodriguez con el cese de un mando de tercer nivel

✍️ @bpvazquez, @ChicoteLerena y @carmenlucast  
https://t.co/zXfsc3FfcH",27,15,6,9573,188,0,3,1,abc_es,ABC,abc_es,-0.6249,negative
1895583505066643846,Fri Feb 28 21:15:00 +0000 2025,"🎞️ Las películas y actores que van a ganar el Oscar, según la estadística: del renacimiento de Demi Moore a la batalla entre 'Anora' y 'Cónclave' https://t.co/y3nPRQfo0I",2,1,0,5936,169,0,0,1,abc_es,ABC,abc_es,0.0,neutral
1895583132277207457,Fri Feb 28 21:13:31 +0000 2025,"➡️ J.D. Vance, el vicepresidente enemigo de Zelenski que desató la bronca

✍️ @jansorena 
https://t.co/wAwif2R9Ev",17,5,5,9400,113,0,1,1,abc_es,ABC,abc_es,0.0,neutral
1895582821030252658,Fri Feb 28 21:12:17 +0000 2025,"➡️ Rusia celebra con insultos el descarrilamiento de la reunión entre Zelenski y Trump

«La forma en que Trump y Vance se abstuvieron de atacar a ese sinvergüenza es un milagro de moderación», escribió la portavoz del Ministerio de Exteriores
https://t.co/WtURPpc5kf",7,2,2,4204,266,0,0,1,abc_es,ABC,abc_es,0.0,neutral
1895579732747682018,Fri Feb 28 21:00:01 +0000 2025,"🌀 Registran seis ciclones a la vez en el hemisferio sur por primera vez en más de 30 años 

Las tormentas tropicales se han formado en el Índico y el Pacífico sur
https://t.co/mqvNBhoVXg",5,2,2,5395,186,0,0,1,abc_es,ABC,abc_es,0.0,neutral
1895578471054917929,Fri Feb 28 20:55:00 +0000 2025,👉 La inteligencia estadounidense afirma que Rusia y China están intentando reclutar a empleados federales https://t.co/uyPMHMUTA3,2,3,3,6038,129,0,0,1,abc_es,ABC,abc_es,0.0,neutral
1895575954501841349,Fri Feb 28 20:45:00 +0000 2025,❗️ Descubren por un lavadero de coches a una banda criminal de tráfico de marihuana a gran escala https://t.co/GtKIjqrAVQ,2,1,1,6123,121,0,0,1,abc_es,ABC,abc_es,-0.5267,negative
1895574924435341337,Fri Feb 28 20:40:54 +0000 2025,🗣️ Zelenski da las gracias a Trump y EE.UU. tras su desencuentro en la Casa Blanca: «Ucrania necesita una paz justa y duradera» https://t.co/x9yYdbialn,21,4,2,4946,151,0,0,1,abc_es,ABC,abc_es,0.0,neutral
1895573312094576693,Fri Feb 28 20:34:30 +0000 2025,"🗣️ Los líderes europeos salen en defensa de Zelenski tras el esperpento en el Despacho Oval 

✍️ Por @cperezm97 
https://t.co/U9FBccq9uM",21,5,6,6221,136,0,1,1,abc_es,ABC,abc_es,0.0,neutral
1895572181012398329,Fri Feb 28 20:30:00 +0000 2025,#ABCRecomienda ✍️ Hacienda hace del impuesto de matriculaciones el banco de pruebas del concierto catalán https://t.co/tFbZ9vtruX,0,2,0,5062,129,1,0,1,abc_es,ABC,abc_es,0.0,neutral
1895568404859535514,Fri Feb 28 20:15:00 +0000 2025,"🔹Aleix Sanmartín, el 'gurú' electoral de Sánchez que aupó a Juanma Moreno y pretende hacer lo mismo con Feijóo 

✍️Por @iuripereira98  https://t.co/P4YKUu4x3B",4,0,6,7020,158,0,1,1,abc_es,ABC,abc_es,0.0,neutral
1895567631236976994,Fri Feb 28 20:11:55 +0000 2025,"📹 El corresponsal de ABC en Washington, @alandete , analiza el tenso encuentro entre Donald Trump y Volodímir Zelenski en la Casa Blanca

▶️ Sigue toda la información en directo https://t.co/OIFaF3Oses https://t.co/SmPkqPo9VI",13,5,1,6155,225,0,1,2,abc_es,ABC,abc_es,0.34,positive
1895564632313778463,Fri Feb 28 20:00:00 +0000 2025,#ABCrecomienda ✍️ Óscar López sitúa a Lobato como portavoz adjunto de la Comisión de Estatuto de Autonomía de la Asamblea de Madrid https://t.co/4QxLy3nZVD,1,1,1,4183,155,1,0,1,abc_es,ABC,abc_es,0.0,neutral
1895562113634140366,Fri Feb 28 19:50:00 +0000 2025,💢 El Papa Francisco se enfrentó a varios cardenales por la situación financiera del Vaticano antes de su hospitalización https://t.co/XzZBtLvv6q,14,12,2,16759,144,0,0,1,abc_es,ABC,abc_es,-0.5719,negative
1895560855145890041,Fri Feb 28 19:45:00 +0000 2025,⭕️ Detenida la mujer que prendió fuego a la mesa de una funcionaria en la delegación de Hacienda en Soria https://t.co/IN8o0I6L0B,7,3,1,7051,129,0,0,1,abc_es,ABC,abc_es,0.0,neutral
1895557080582680797,Fri Feb 28 19:30:00 +0000 2025,#ABCrecomienda ✍️El Gobierno intenta pasar de puntillas por las revelaciones de la expareja de Ábalos https://t.co/tyxf9b0jnU,8,4,4,4303,125,1,0,1,abc_es,ABC,abc_es,0.0,neutral
1895553306077835264,Fri Feb 28 19:15:00 +0000 2025,❌📲 Adiós a Skype: Microsoft decide cerrar la aplicación en mayo https://t.co/5wJTMZSRk0,36,14,2,27549,87,0,0,1,abc_es,ABC,abc_es,0.0,neutral
1895550665658888229,Fri Feb 28 19:04:30 +0000 2025,👉 Así ha sido la bronca a gritos entre Trump y Zelenski en la Casa Blanca https://t.co/3gaSNJfZjH https://t.co/rTPSB0Y7LR,37,17,11,11612,121,0,0,2,abc_es,ABC,abc_es,0.34,positive
1895550037406728703,Fri Feb 28 19:02:01 +0000 2025,‼️ Talgo pierde 108 millones por la provisión de la multa de Renfe y se aboca al conflicto laboral https://t.co/zvz3DqlB3H,4,0,0,4498,122,0,0,1,abc_es,ABC,abc_es,0.0,neutral
1895549531808321561,Fri Feb 28 19:00:00 +0000 2025,"🔶 El Kremlin dice haber frustrado el asesinato del 'confesor de Putin' por dos clérigos vinculados a Ucrania 

«Está claro que el régimen de Kiev no se acobarda ante nada», denuncia el portavoz del presidente ruso

https://t.co/bRYsUYK5rD",4,1,1,3906,238,0,0,1,abc_es,ABC,abc_es,0.0516,positive
1895545755722748380,Fri Feb 28 18:45:00 +0000 2025,❗️Detenidos 25 miembros de un organización criminal dedicada a distribuir imágenes de abuso infantil generadas por IA https://t.co/qmVgAkTrPI,4,2,0,4462,141,0,0,1,abc_es,ABC,abc_es,-0.5267,negative
1895544316346712201,Fri Feb 28 18:39:17 +0000 2025,💢 La visita de Zelenski a Trump acaba en una bronca a gritos en el Despacho Oval y sin firmar ningún acuerdo https://t.co/3gaSNJfZjH,21,11,3,7404,132,0,0,1,abc_es,ABC,abc_es,-0.8074,negative
1895541981771923611,Fri Feb 28 18:30:00 +0000 2025,#ABCrecomienda ✍️ De un mercado en Ferrol a la gala de los Oscar: noventa años de éxito para las patatas Bonilla https://t.co/CvLkEPcVWv,2,1,0,4072,136,1,0,1,abc_es,ABC,abc_es,0.0,neutral
1895541605446070719,Fri Feb 28 18:28:30 +0000 2025,🔴 #ÚLTIMAHORA El Papa Francisco sufre una nueva crisis respiratoria https://t.co/IjuyFb9fpu,74,38,6,68100,91,1,0,1,abc_es,ABC,abc_es,-0.6249,negative
1895538206205952480,Fri Feb 28 18:15:00 +0000 2025,🔹Los 'cachorros' de la CUP atacan una sede de la Federación de Fútbol: «¡Basta de encubrir la violencia machista!» https://t.co/uhPrArz5kH,0,1,1,4506,138,0,0,1,abc_es,ABC,abc_es,0.0,neutral
1895534438215241811,Fri Feb 28 18:00:02 +0000 2025,🦈 Un turista ruso muere por un ataque de un tiburón y otro fallece ahogado tras ser arrastrados por la corriente cuando buceaban en Filipinas https://t.co/teofa4quLZ,5,0,0,4200,165,0,0,1,abc_es,ABC,abc_es,0.0,neutral
1895533172869206399,Fri Feb 28 17:55:00 +0000 2025,‼️ El excirujano francés acusado de violar a pacientes confiesa que abusó sexualmente de su nieta https://t.co/4sooY9HNvQ,6,6,6,7464,121,0,0,1,abc_es,ABC,abc_es,0.0,neutral
1895530656127729881,Fri Feb 28 17:45:00 +0000 2025,📱Los 'whatsapps' internos de la dana reflejan la falta de menciones al barranco del Poyo https://t.co/yoWD0SaUX9,12,6,3,5143,112,0,0,1,abc_es,ABC,abc_es,0.0,neutral
1895528140044108210,Fri Feb 28 17:35:00 +0000 2025,📺 La victoria de Los Morancos frente a Chris Pratt: 'El Hormiguero' superó en medio millón de espectadores a 'La Revuelta' https://t.co/wDCy3AdxtC,5,0,1,5436,146,0,0,1,abc_es,ABC,abc_es,0.0,neutral
1895527996506939531,Fri Feb 28 17:34:26 +0000 2025,"🔴 Tensión en el despacho oval durante la reunión entre Trump y Zelenski: «Lo mínimo que puedes hacer es decir 'gracias'» 

🔗 https://t.co/OIFaF3Oses",11,6,5,7309,148,0,0,1,abc_es,ABC,abc_es,0.0,neutral
1895526881610653940,Fri Feb 28 17:30:00 +0000 2025,"#ABCrecomienda ✍️ Arteterapia, el método con pintura que te ayuda a superar tus miedos y conocer tus limitaciones https://t.co/C4QmtmgnRZ",4,2,0,4246,137,1,0,1,abc_es,ABC,abc_es,0.0,neutral
1895523106749546707,Fri Feb 28 17:15:00 +0000 2025,❗️ Detenido en Ecuador un yihadista que ensalzaba el 11-M y mostraba un «odio manifiesto» a España https://t.co/yIXKalhp4i,22,4,0,5201,122,0,0,1,abc_es,ABC,abc_es,0.0,neutral
1895522225245012112,Fri Feb 28 17:11:30 +0000 2025,🔴 #ÚLTIMAHORA La UEFA cerrará el Bernabéu si su afición vuelve a proferir gritos discriminatorios https://t.co/eEGlxsDNRW,102,21,35,31389,121,1,0,1,abc_es,ABC,abc_es,0.0,neutral
1895520590485938200,Fri Feb 28 17:05:00 +0000 2025,👉 TVE publica los sueldos de sus directivos: el presidente José Pablo López cobrará 164.384 euros al año https://t.co/Vd1eehajzQ,76,79,54,10660,128,0,0,1,abc_es,ABC,abc_es,0.0,neutral
1895519340536963455,Fri Feb 28 17:00:02 +0000 2025,"🇪🇺 Von der Leyen califica las relaciones con la India como «piedra angular» para la UE 

✍️ Por @EnriqueSerbeto  https://t.co/O24uIkOxAA",13,2,6,4998,136,0,1,1,abc_es,ABC,abc_es,0.0,neutral
1895518073484165565,Fri Feb 28 16:55:00 +0000 2025,🏎️ Fernando Alonso salva la última sesión de test para Aston Martin https://t.co/14I3r3ml0N,8,2,0,4845,91,0,0,1,abc_es,ABC,abc_es,0.0,neutral
1895515557903880508,Fri Feb 28 16:45:00 +0000 2025,"📷 Vídeo | ¿Qué ha pasado con Karla Sofía Gascón? Las claves de su polémica 

✍️ Por Pablo Amigo, Carlota García y Patricia Donohoe https://t.co/TyflG80DxZ",1,0,0,4100,154,0,0,1,abc_es,ABC,abc_es,0.34,positive
1895514964577951940,Fri Feb 28 16:42:39 +0000 2025,"📍 Trump recibe a Zelenski en la Casa Blanca para tratar la paz en Ucrania

▶️ Síguelo en directo https://t.co/OIFaF3Oses https://t.co/UTM8YxPmJA",14,5,1,7259,144,0,0,2,abc_es,ABC,abc_es,0.34,positive
1895511783663677578,Fri Feb 28 16:30:00 +0000 2025,"🔵 #OPINIÓN Aún estoy aquí 

🗣 «Un exceso de olvido difumina esas líneas rojas, teñidas siempre con la sangre de gente como Paiva» 

✒ Por @CarlosGranes https://t.co/EeVXmDW5nF",4,3,0,4064,175,1,1,1,abc_es,ABC,abc_es,0.0,neutral
1895510523707568534,Fri Feb 28 16:25:00 +0000 2025,"🇷🇺 Rusia pide a EE.UU. el levantamiento de las sanciones a su embajada y reanudar el tráfico aéreo directo entre los países 

✍️ Por @rafael_manueco 
https://t.co/wTtEwipMXL",7,1,0,4330,173,0,1,1,abc_es,ABC,abc_es,0.0,neutral
1895509265621868877,Fri Feb 28 16:20:00 +0000 2025,"❗️ Golpe al español de Trump: el inglés será la única lengua oficial de EE.UU. 

✍️ Por @jansorena 
https://t.co/dHEpmw82Ah",123,23,123,22075,123,0,1,1,abc_es,ABC,abc_es,0.0,neutral
1895508008299376699,Fri Feb 28 16:15:00 +0000 2025,"🏠 La dramática situación de los jóvenes para encontrar casa en Valencia: «Peor que en la burbuja inmobiliaria» 

✍ Informa @davidmaroto https://t.co/QsImpwX17g",7,2,1,5134,159,0,1,1,abc_es,ABC,abc_es,0.4939,positive
1895505140750192923,Fri Feb 28 16:03:36 +0000 2025,🔵 #DIRECTO | Reunión de Trump y Zelenski en la Casa Blanca https://t.co/OIFaF3NUoU https://t.co/xbu647F2iA,71,27,7,60215,106,1,0,2,abc_es,ABC,abc_es,0.0,neutral
1895504231970505148,Fri Feb 28 16:00:00 +0000 2025,"❓ Qué es el grupo 764, la organización terrorista a la que pertenece el detenido en Valencia por amenazar colegios https://t.co/lhzFjcRS3H",3,1,0,3666,138,0,0,1,abc_es,ABC,abc_es,0.0,neutral
1895504127741788565,Fri Feb 28 15:59:35 +0000 2025,🔴 #ÚLTIMAHORA Vuelco en Telefónica: Murtra nombra a Gayo consejero delegado en lugar de Vilá https://t.co/gIdo3rl4K8,7,2,1,12514,116,1,0,1,abc_es,ABC,abc_es,0.0,neutral
1895502825725034560,Fri Feb 28 15:54:25 +0000 2025,🔴 #ÚLTIMAHORA WhatsApp sufre una caída y deja a algunos de sus usuarios sin servicio https://t.co/eMtCBwugUv,31,19,3,15433,108,1,0,1,abc_es,ABC,abc_es,-0.5574,negative
1895500457831027103,Fri Feb 28 15:45:00 +0000 2025,"💆 El único hammam natural de Europa, a un paso de España 

El Vaporarium es una de las atracciones de este balneario, cuyas aguas tienen mucho azufre 

✍ Informa @Rjmontoro https://t.co/klehuhHGeM",4,1,0,4354,196,0,1,1,abc_es,ABC,abc_es,0.6908,positive
1895496682869080515,Fri Feb 28 15:30:00 +0000 2025,"🔵 #EDITORIAL Iberdrola pide repensar el cierre de las nucleares 

🗣 «España es uno de los pocos países, junto con Alemania, que sigue imperturbable el camino de cerrar sus nucleares» https://t.co/vpdJWioqSs",21,6,2,4051,206,1,0,1,abc_es,ABC,abc_es,0.0,neutral
1895492908070866948,Fri Feb 28 15:15:00 +0000 2025,📅 Starmer acogerá el domingo una cumbre con una docena de líderes europeos sobre Ucrania https://t.co/p0ALgct3WR,2,3,2,4398,112,0,0,1,abc_es,ABC,abc_es,0.0,neutral
1895490391803355306,Fri Feb 28 15:05:00 +0000 2025,"🇺🇸🇺🇦 Los detalles del acuerdo sobre minerales que Trump y Zelenski firman hoy en Washington 

✍️ Por @alandete 
https://t.co/hpGQ2aZG2A",8,6,5,4976,135,0,1,1,abc_es,ABC,abc_es,0.0,neutral
1906851528750535122,Mon Mar 31 23:30:06 +0000 2025,"#LoMásLeído 📰 Un terremoto de magnitud 7 se produce cerca de las islas de Tonga, pero se desactiva la alerta de tsunami https://t.co/twjhOyUsuc",4,4,0,3868,143,1,0,1,abc_es,ABC,abc_es,0.0,neutral
1906843978877583813,Mon Mar 31 23:00:06 +0000 2025,"❓«¿Es el Papa Francisco de izquierdas o de derechas?», por Javier Cercas https://t.co/SOHEvrxbHr",7,2,13,9546,96,0,0,1,abc_es,ABC,abc_es,0.0,neutral
1906836437896491344,Mon Mar 31 22:30:08 +0000 2025,#LoMásLeído 📰 Trump promete hacerse con el 100% de Groenlandia y no descarta el uso de fuerza militar https://t.co/SvNi375FOL,13,4,13,7190,125,1,0,1,abc_es,ABC,abc_es,-0.296,negative
1906828888157593854,Mon Mar 31 22:00:08 +0000 2025,👉 Del pueblo con más hombres al que tiene más mujeres: mapa del desequilibrio de género en España https://t.co/ejOPo8gQHc,0,1,0,4898,121,0,0,1,abc_es,ABC,abc_es,0.0,neutral
1906825078215786942,Mon Mar 31 21:45:00 +0000 2025,"➡️ Maribel Vaquero, recambio de Esteban en el Congreso: «Es un honor representar al Grupo Vasco en Madrid» 

✍️ Por @bono_gerard 
https://t.co/OS87kdLnkS",0,1,1,5358,153,0,1,1,abc_es,ABC,abc_es,0.4939,positive
1906821303799308504,Mon Mar 31 21:30:00 +0000 2025,#ABCrecomienda ✍️ Del 'true crime' al 'country noir': la nueva generación de la novela negra https://t.co/NQwFwQtMqr,1,0,1,5560,116,1,0,1,abc_es,ABC,abc_es,-0.1779,negative
1906817528166494440,Mon Mar 31 21:15:00 +0000 2025,"🗣️Morant evita responder acerca de las irregularidades en el CNIO aunque afirma que no existe «ninguna» 

✍️Informa Carlos Mullor
https://t.co/QeiK6XoIHw",13,9,5,7316,153,0,0,1,abc_es,ABC,abc_es,-0.296,negative
1906816477795086609,Mon Mar 31 21:10:49 +0000 2025,"El último intento de Cristina Kirchner para evitar la cárcel

✍️ Por @Lupe_Pineiro_ 
https://t.co/Mvtk6sJjJN",2,4,0,6245,108,0,1,1,abc_es,ABC,abc_es,0.0,neutral
1906813757663355340,Mon Mar 31 21:00:01 +0000 2025,"👉Podemos desprecia la oferta de unidad Yolanda Díaz porque no negocia con «muertos» 

✍️ Informa Patricia Romero
https://t.co/FqkaXc4Dtw",2,5,4,6119,136,0,0,1,abc_es,ABC,abc_es,-0.296,negative
1906813367735451804,Mon Mar 31 20:58:28 +0000 2025,"La portada y la Dos de ABC. Pronto, en
@abckioskoymas https://t.co/UukOMFPx1G",21,12,6,7469,77,0,1,1,abc_es,ABC,abc_es,0.0,neutral
1906811236857335877,Mon Mar 31 20:50:00 +0000 2025,🍫 Piden retirar unos productos de una conocida marca de chocolate por la posible presencia de fragmentos metálicos https://t.co/0e4QphKO0r,1,4,1,7550,138,0,0,1,abc_es,ABC,abc_es,0.0,neutral
1906809978297745427,Mon Mar 31 20:45:00 +0000 2025,"📽️La serie 'Adolescencia' llegará gratis a las aulas del Reino Unido tras el respaldo del primer ministro

✍️ Informa Ivannia Salazar
 https://t.co/aPSrkmSePM",22,5,22,11003,158,0,0,1,abc_es,ABC,abc_es,0.0516,positive
1906809202460512545,Mon Mar 31 20:41:55 +0000 2025,Trump ignora los bloqueos judiciales a las deportaciones y envía a 17 «criminales violentos» a El Salvador https://t.co/TMolf8OnPg,11,3,1,8718,130,0,0,1,abc_es,ABC,abc_es,0.0,neutral
1906806205642891380,Mon Mar 31 20:30:00 +0000 2025,#ABCrecomienda ✍️ Daniel Taub: «Acusar a Israel de genocidio es una perversión del derecho internacional» https://t.co/dtFtV3MAGC,12,6,1,6545,129,1,0,1,abc_es,ABC,abc_es,0.0,neutral
1906802428772761999,Mon Mar 31 20:15:00 +0000 2025,"👉Elon Musk revela quiénes son para él las tres personas más inteligentes del planeta 

✍️ Informa Jorge Herrero
https://t.co/hpsbadm7Lh",1,0,2,6412,135,0,0,1,abc_es,ABC,abc_es,0.0,neutral
1906798657871188336,Mon Mar 31 20:00:01 +0000 2025,"💻Unos hackers filtran información confidencial de Carlos Felipe de Suecia que pone en riesgo su seguridad 

✍️ Por @ThenMarina 
https://t.co/LyCyR7ctjO",1,2,0,5460,151,0,1,1,abc_es,ABC,abc_es,0.0,neutral
1906797645487644807,Mon Mar 31 19:55:59 +0000 2025,"🧑‍🚀 Hablan por primera vez desde la Tierra los astronautas atrapados en el espacio: «Trump y Musk no me han dado motivos para desconfiar de ellos» 

✍️ Por @P_biosca 
https://t.co/u4ju2caCxx",7,1,0,5346,190,0,1,1,abc_es,ABC,abc_es,-0.296,negative
1906794879071776975,Mon Mar 31 19:45:00 +0000 2025,"🇮🇹 Las burradas machistas del presidente de la federación italiana sobre una gimnasta: «Está muy buena» 

✍️ Por A. L. Menéndez
https://t.co/TH6Tr48GGg",28,5,59,22101,151,0,0,1,abc_es,ABC,abc_es,0.0,neutral
1906791749311427011,Mon Mar 31 19:32:34 +0000 2025,"💢 El expresidente ruso Medvedev carga contra los líderes europeos: «drogadictos», «autocastrados», «hermafroditas»... https://t.co/ghdkHnKAfU",3781,851,515,157534,141,0,0,1,abc_es,ABC,abc_es,-0.5719,negative
1906791104541819137,Mon Mar 31 19:30:00 +0000 2025,#ABCrecomienda ✍️ Pesadilla acorazada: la pequeña región que irrita a Putin condenó a Hitler en la IIGM https://t.co/RbYMp6pObD,2,2,0,4933,127,1,0,1,abc_es,ABC,abc_es,0.0,neutral
1906787329492340836,Mon Mar 31 19:15:00 +0000 2025,"🔷La UCO revela que el abogado Corbín, cuñado de Rita Barberá, gastó 250.000 euros en grandes almacenes https://t.co/UtCMgLWonL",10,10,14,8099,126,0,0,1,abc_es,ABC,abc_es,0.0,neutral
1906784813287371210,Mon Mar 31 19:05:00 +0000 2025,"👉Ana Sánchez dejará la Vicepresidencia segunda de la Mesa de las Cortes tras la 'crisis del micro'
 https://t.co/RCG9iIBOKM",4,2,0,4760,123,0,0,1,abc_es,ABC,abc_es,-0.6249,negative
1906783557315367372,Mon Mar 31 19:00:01 +0000 2025,"➡️Detectan un dron ruso sobre un centro de investigación de la Comisión Europea en Italia 
https://t.co/AYbhj7U5Vq",4,4,0,4241,114,0,0,1,abc_es,ABC,abc_es,0.0,neutral
1906779779568968043,Mon Mar 31 18:45:00 +0000 2025,"👉Los economistas y Fedea plantean fijar condiciones más duras para que los parados puedan rechazar un empleo 

✍️Informa Claudia T. Ferrero
https://t.co/XZQamjtTfH",11,3,1,4659,163,0,0,1,abc_es,ABC,abc_es,0.0,neutral
1906776036819226890,Mon Mar 31 18:30:08 +0000 2025,"🔵Astronautas atrapados en el espacio, sigue en directo la última hora de la rueda de prensa de la tripulación del SpaceX-9

https://t.co/4lGjTVW6yI",6,1,1,9248,147,0,0,1,abc_es,ABC,abc_es,0.0,neutral
1906776006003679505,Mon Mar 31 18:30:00 +0000 2025,#ABCrecomienda ✍️ Los niños invisibles que Marruecos quiere esconder https://t.co/7tm4NnodpH,3,2,0,4449,92,1,0,1,abc_es,ABC,abc_es,0.0,neutral
1906775917663297590,Mon Mar 31 18:29:39 +0000 2025,"🔵 #DIRECTO | Rueda de prensa de los astronautas de la NASA Nick Hague, Suni Williams y Butch Wilmore  https://t.co/ESgrmThQHe",13,5,1,10199,125,1,0,1,abc_es,ABC,abc_es,0.0,neutral
1906774218835959977,Mon Mar 31 18:22:54 +0000 2025,"🔴#ÚLTIMAHORA Marine Le Pen, sobre su sentencia: «Es una decisión política. El Estado de derecho ha sido violado» 
https://t.co/LYDUxNsLm3",2,3,2,4489,137,1,0,1,abc_es,ABC,abc_es,0.34,positive
1906772230366708106,Mon Mar 31 18:15:00 +0000 2025,"🗣️ «Matar no puede costar sólo dinero»: vecinos de la mujer que mató a sus perros tirándolos por la ventana se rebelan 

✍️ Por José Luis Fernández
https://t.co/c7y5nmprOk",10,1,0,4200,171,0,0,1,abc_es,ABC,abc_es,-0.296,negative
1906768457158242784,Mon Mar 31 18:00:00 +0000 2025,"⚽️ Los árbitros no aguantan más ataques y piden amparo al CSD, que se reunirá con ellos 

✍️ Informa A. L. Menéndez
https://t.co/hWFJmXBf3Z",1,1,4,5338,139,0,0,1,abc_es,ABC,abc_es,-0.296,negative
1906764680015855760,Mon Mar 31 17:45:00 +0000 2025,📺 La televisión pública valenciana aumentará la presencia del castellano para subir la audiencia https://t.co/hoH6svaLzI,38,2,4,6174,120,0,0,1,abc_es,ABC,abc_es,0.0,neutral
1906763122666299545,Mon Mar 31 17:38:49 +0000 2025,"🔹#ENTREVISTA 🔹 

🗣️Javier Cercas: «El Papa está en guerra consigo mismo, ha peleado a muerte por ser mejor» 

✍️ Por @brunopardoo 
https://t.co/xEFVD2gabM",0,1,1,3965,154,1,1,1,abc_es,ABC,abc_es,0.5859,positive
1906761705306108414,Mon Mar 31 17:33:11 +0000 2025,"👉El dolor de las familias de los fallecidos en la mina de Cerredo: «Me quiero morir a su lado» 

https://t.co/yg56hCjp2C",4,4,1,4183,120,0,0,1,abc_es,ABC,abc_es,0.0,neutral
1906760907193192950,Mon Mar 31 17:30:00 +0000 2025,#ABCrecomienda ✍️ Todas las asociaciones de jueces y fiscales arremeten contra la vicepresidenta Montero por despreciar la presunción de inocencia https://t.co/0JRPHBx8YM,120,57,17,6387,170,1,0,1,abc_es,ABC,abc_es,0.0,neutral
1906759278129512527,Mon Mar 31 17:23:32 +0000 2025,"➡️Te contamos todos los datos que se conocen hasta el momento de la explosión en la mina de Cerredo en Asturias

La información 👉https://t.co/VindZcH9Cb https://t.co/7RMxwxfzow",4,4,1,6243,176,0,0,2,abc_es,ABC,abc_es,0.0,neutral
1906757131094667489,Mon Mar 31 17:15:00 +0000 2025,"🧑‍⚖️La Fiscalía del TC rechaza suspender la inhabilitación de Junqueras antes de que se resuelva su amparo sobre la amnistía 

✍️ Informa Nati Villanueva
https://t.co/A3MatQdleb",9,5,2,4188,177,0,0,1,abc_es,ABC,abc_es,0.0,neutral
1906755334460391729,Mon Mar 31 17:07:52 +0000 2025,"➡️ Si haces la declaración de la renta en Castilla-La Mancha, atento: las deducciones que puedes incluir y no conocías

✍️ Informa @Virginia_Loes 
 https://t.co/oQrupc4LG8",2,1,0,3960,171,0,1,1,abc_es,ABC,abc_es,-0.296,negative
1906754600952082657,Mon Mar 31 17:04:57 +0000 2025,"👀Si haces la declaración de la renta en Baleares, atento: las deducciones de las que te puedes aprovechar 

✍️ Por Jordi Martínez
https://t.co/ZCf1LcstG1",4,1,1,4954,153,0,0,1,abc_es,ABC,abc_es,0.0,neutral
1906753868370731303,Mon Mar 31 17:02:02 +0000 2025,"🗣️ Yolanda Díaz visita Cerredo tras la explosión en la mina: «El peso de la ley recaerá sobre los responsables»

 https://t.co/SszgBkIBjS",1,1,7,4362,137,0,0,1,abc_es,ABC,abc_es,0.0,neutral
1906753358398103612,Mon Mar 31 17:00:01 +0000 2025,"➡️El PSOE de Óscar López busca el choque con Ayuso y lleva al Pleno la autoría de la gratuidad del abono transporte hasta los 14 años 

✍️ Informa @Marianocalleja 
https://t.co/7xej1eVkST",7,1,8,4687,187,0,1,1,abc_es,ABC,abc_es,0.0,neutral
1906750839315739052,Mon Mar 31 16:50:00 +0000 2025,"👉Los letrados del Senado no ven «base constitucional» en el veto de enmiendas aprobado por el Congreso

✍️Informa @jcasillas_bayo y @EmiliovEscudero 
 https://t.co/nOy2cCCVCb",6,8,0,4306,174,0,2,1,abc_es,ABC,abc_es,-0.296,negative
1906749581494276115,Mon Mar 31 16:45:00 +0000 2025,"🗣️ Urtasun: «Analizaremos cada gasto de Defensa para saber cuál es su objetivo y en función de eso votaremos» 

✍️Informa Valle Sánchez 
https://t.co/n82OpF9oEF",3,0,7,4377,160,0,0,1,abc_es,ABC,abc_es,0.0,neutral
1906747064949625119,Mon Mar 31 16:35:00 +0000 2025,"➡️Un medicamento para dormir y un despiste para una huida de película: así escapó el empresario español secuestrado en Brasil de sus captores 

✍️ Informa Jaime Trujillo 
https://t.co/BIJ0td5tpZ",4,0,0,12287,194,0,0,1,abc_es,ABC,abc_es,0.0,neutral
1906745806654169548,Mon Mar 31 16:30:00 +0000 2025,"🔵 #OPINIÓN El último reducto de Hitler 

🗣️ «Todavía hoy en esta isla del Canal de la la Mancha son visibles las enormes moles de hormigón edificadas en la II Guerra Mundial»

✒ Por @pedrocuartango https://t.co/1Yznbgsftx",2,2,0,3374,221,1,1,1,abc_es,ABC,abc_es,0.0,neutral
1906743680846684560,Mon Mar 31 16:21:33 +0000 2025,"👉 Villablino, «consternado» por el accidente mortal en una mina en Asturias: «No pensábamos que íbamos a volver a vivir una tragedia así» 

✍️ Informa Isabel Jimeno
https://t.co/xEbKAleu2h",2,1,1,5653,188,0,0,1,abc_es,ABC,abc_es,0.0,neutral
1906742030874866026,Mon Mar 31 16:15:00 +0000 2025,"🇬🇧 Reino Unido lidera la primera cumbre mundial contra la inmigración ilegal 

✍️ Por Ivannia Salazar
https://t.co/8hqidZPcs8",89,28,78,11078,125,0,0,1,abc_es,ABC,abc_es,0.0,neutral
1906739514846130216,Mon Mar 31 16:05:00 +0000 2025,➡️El Parlamento Europeo sanciona a Alvise con dos días sin dietas por «infringir las obligaciones de transparencia» https://t.co/1tMRT2X5Oe,8,3,9,5241,139,0,0,1,abc_es,ABC,abc_es,-0.5574,negative
1906738264859631889,Mon Mar 31 16:00:02 +0000 2025,"🟩 Vox presiona a Ayuso para que proteja el Valle de los Caídos y el PP le recuerda que no tiene competencias 

✍️ Por @Marianocalleja 
https://t.co/abAj8DWpkD",8,1,0,3343,158,0,1,1,abc_es,ABC,abc_es,-0.296,negative
1906736675037802942,Mon Mar 31 15:53:43 +0000 2025,"➡️Qué es una bolsa de grisú, principal hipótesis del origen del accidente minero de Cerredo 

✍️ Por Alexia Columbia Jerez
https://t.co/hPPf8dKUbE",4,1,1,5843,146,0,0,1,abc_es,ABC,abc_es,0.0,neutral
1906734481266074086,Mon Mar 31 15:45:00 +0000 2025,"🇫🇮 Finlandia se deja seducir por Trump con la venta de submarinos y un rompehielos: «Lo que hace es correcto» 

✍️Por Rosalía Sánchez https://t.co/AIb1NMwEf2",8,3,0,5316,157,0,0,1,abc_es,ABC,abc_es,0.0,neutral
1906733541485916574,Mon Mar 31 15:41:16 +0000 2025,"🔴#ÚLTIMAHORA Detenido un joven por amenazar de muerte a Mazón en redes sociales durante tres meses

✍️ Por @davidmaroto
https://t.co/VMgQI7Jw6G",127,50,44,36692,143,1,1,1,abc_es,ABC,abc_es,0.0,neutral
1906733223498932622,Mon Mar 31 15:40:00 +0000 2025,"🇮🇱 Israel intensifica la presión sobre Hamás con una nueva orden de evacuación forzosa de Rafah 

✍️ Por @mikelayestaran 
https://t.co/qGOVBQuHJ7",5,5,0,3540,145,0,1,1,abc_es,ABC,abc_es,0.0,neutral
1906730706874532154,Mon Mar 31 15:30:00 +0000 2025,"🔵 #EDITORIAL Al menos con transparencia 

🗣 «El alto valor del patrimonio inmobiliario del Estado cedido gratuitamente a los sindicatos y a la patronal exige luz, taquígrafos y cuentas claras, no que se plantee como un arcano» https://t.co/HATLP4IQNk",11,7,2,3384,250,1,0,1,abc_es,ABC,abc_es,-0.296,negative
1906728656862347662,Mon Mar 31 15:21:51 +0000 2025,"🧪Un test de sangre diagnostica el alzhéimer y mide el grado de demencia 

✍️ Informa Rafael Ibarra
https://t.co/zVHUquUh0x",126,55,0,17715,122,0,0,1,abc_es,ABC,abc_es,0.0,neutral
1906728585861181550,Mon Mar 31 15:21:34 +0000 2025,"🔒💧🔋 Protegiendo las infraestructuras del futuro

Telefónica e Idemia presentan la primera eSIM con criptografía Quantum Safe, blindando las comunicaciones de luz, agua y gas frente a ataques cuánticos. 🚀🔐

https://t.co/S9TE7XCXXi",12,0,0,368667,229,0,0,1,abc_es,ABC,abc_es,0.4404,positive
1906728190002802964,Mon Mar 31 15:20:00 +0000 2025,"✈️Un vuelo procedente de Ámsterdam y con destino el Caribe aterriza de emergencia en Santiago

 https://t.co/pAOxeSxRn9",4,1,0,3459,119,0,0,1,abc_es,ABC,abc_es,0.0,neutral
1906727811139653861,Mon Mar 31 15:18:30 +0000 2025,"🗣️Carlos Herrera, duro con María Jesús Montero por sus palabras sobre la educación privada y el caso Dani Alves: «Da vergüenza escucharla» 

✍️ Informa Patricia Marcos
https://t.co/g3dV912Ry2",27,6,3,3691,191,0,0,1,abc_es,ABC,abc_es,0.0,neutral
1906726931401413066,Mon Mar 31 15:15:00 +0000 2025,"👉Óscar López celebra el auto que exonera a su número dos de filtrar el documento del novio de Ayuso 

✍️ Por @mariano_alonsof 
https://t.co/mAB4x0h0It",3,0,4,3936,150,0,1,1,abc_es,ABC,abc_es,0.0,neutral
1906723159262294044,Mon Mar 31 15:00:01 +0000 2025,"🧉 Infusión de regaliz: propiedades, beneficios y por qué tomarla todas las semanas https://t.co/0IwGuyVBX3",1,1,0,3490,106,0,0,1,abc_es,ABC,abc_es,0.0,neutral
1906719381721403808,Mon Mar 31 14:45:00 +0000 2025,"💔 El plan 'PAPEP' para salvar los problemas de comunicación en la pareja

✍️ Por @carlotafominaya  https://t.co/e4i6ICkzeb",2,2,0,4229,122,0,1,1,abc_es,ABC,abc_es,0.2732,positive
1917723145634549882,Wed Apr 30 23:30:02 +0000 2025,#LoMásLeído 📰 Suecia detiene a un adolescente de 16 años por matar a otros tres jóvenes a tiros en Uppsala https://t.co/mq55xNYNkT,11,9,1,5207,130,1,0,1,abc_es,ABC,abc_es,0.0,neutral
1917715594234707996,Wed Apr 30 23:00:01 +0000 2025,🗣 Llegó el día del preparacionista: «Os hemos demostrado que no éramos ningunos frikis» https://t.co/vYFMYEfuwY,1,0,0,4580,111,0,0,1,abc_es,ABC,abc_es,-0.296,negative
1917708045435498709,Wed Apr 30 22:30:01 +0000 2025,"#LoMásLeído 📰 Meghan y Harry, obligados a mandar un comunicado urgente tras ser «pillados» usando el tratamiento de Alteza Real https://t.co/vUY07w2lJ2",1,4,0,6091,151,1,0,1,abc_es,ABC,abc_es,0.0,neutral
1917700493939286360,Wed Apr 30 22:00:01 +0000 2025,"👉 Qué porcentaje de grasa corporal, ya sea por mucha o poca, es peligroso para la salud https://t.co/Wf9xSeDrJL",4,2,0,6022,111,0,0,1,abc_es,ABC,abc_es,0.0,neutral
1917692940186419557,Wed Apr 30 21:30:00 +0000 2025,#ABCrecomienda ✍️ Miedo a la oscuridad: «Al dormir con los niños les negamos la autogestión de emociones incómodas» https://t.co/39Lq6uNBs7,7,1,1,7127,139,1,0,1,abc_es,ABC,abc_es,0.0,neutral
1917683122163896759,Wed Apr 30 20:50:59 +0000 2025,"📰La portada y la Dos de ABC. Pronto, en
@abckioskoymas

#Portadas #PortadaABC https://t.co/mV4Eo5tQ1G",29,17,2,14088,101,2,1,1,abc_es,ABC,abc_es,0.0,neutral
1917677841119891668,Wed Apr 30 20:30:00 +0000 2025,"#ABCrecomienda ✍️Ángel Escribano: «Indra estudia ya varias operaciones de compra, no solo la de Escribano» https://t.co/kjRfj7f5qc",3,1,0,6976,130,1,0,1,abc_es,ABC,abc_es,-0.296,negative
1917677349648138273,Wed Apr 30 20:28:03 +0000 2025,La jueza anula la orden de captura contra Evo Morales por caso de trata de personas https://t.co/DVrQI8DkAG,2,5,1,6558,107,0,0,1,abc_es,ABC,abc_es,0.0,neutral
1917675734522306956,Wed Apr 30 20:21:38 +0000 2025,El CNI visitará las eléctricas para recabar información sobre los motivos del apagón https://t.co/dKHabioctt,5,2,1,6638,108,0,0,1,abc_es,ABC,abc_es,0.0,neutral
1917674064807657901,Wed Apr 30 20:15:00 +0000 2025,"🗣️ Maduro se muestra ahora conciliador y califica a España de «nación amiga» 

✍️Por Ymarú Rojas 
https://t.co/eO9Z7QU3ej",45,24,70,16610,121,0,0,1,abc_es,ABC,abc_es,0.0,neutral
1917670291108405473,Wed Apr 30 20:00:00 +0000 2025,"💡 ¿De dónde viene la luz cuando enciendo el interruptor? 

✍️Por @jmcamarero 
https://t.co/JesQw6aWKU",2,2,2,5123,101,0,1,1,abc_es,ABC,abc_es,-0.3182,negative
1917662742158401540,Wed Apr 30 19:30:00 +0000 2025,"#ABCrecomienda ✍️Descubren 'Eos', una gigantesca y hasta ahora invisible estructura cerca de la Tierra que 'brilla' en la oscuridad

 https://t.co/SLQJ38O8pp",6,7,1,5659,157,1,0,1,abc_es,ABC,abc_es,0.0,neutral
1917658965099569290,Wed Apr 30 19:15:00 +0000 2025,"➡️Los consumidores de la eurozona, «muy dispuestos» a renunciar a productos de EE.UU. por los aranceles 

https://t.co/5C8d00bcbQ",5,4,0,4750,129,0,0,1,abc_es,ABC,abc_es,0.0,neutral
1917655190942945456,Wed Apr 30 19:00:00 +0000 2025,🇫🇮 Finlandia prohíbe los teléfonos móviles en colegios e institutos https://t.co/JW7NJ6f6CM,37,11,2,4924,91,0,0,1,abc_es,ABC,abc_es,0.0,neutral
1917651415616438450,Wed Apr 30 18:45:00 +0000 2025,"📽️ El Gobierno inyecta 8,2 millones a la Generalitat para el cine en catalán

✍️Por @JaimeGMora 
 https://t.co/wO40C2fCK2",428,536,225,35558,121,0,1,1,abc_es,ABC,abc_es,0.0,neutral
1917648309885247589,Wed Apr 30 18:32:39 +0000 2025,"@raulmasa @mariano_alonsof @EmiliovEscudero @tonierres @jpquinonero @julian_quiros @davidmaroto @ANAISANCHEZR @bealozanoechaza @brunopardoo @rosabelmonte @alex_gubern @elenaburesg @bpvazquez @jmcamarero @MontseSerrador @carmenlucast @pdelavarga 👉 «¿Pero con cebolla o sin cebolla?»: un micro capta a Sánchez bromeando en una reunión de crisis tras el apagón 

https://t.co/AwuIJfKWNM",13,7,7,4311,383,0,18,1,abc_es,ABC,abc_es,-0.8271,negative
1917647880711442623,Wed Apr 30 18:30:57 +0000 2025,"🎖️El Rey concede la Gran Cruz de Isabel la Católica a la Infanta Sofía

✍️ Por @AngieCalero 
 https://t.co/vRJvGY3LJD",21,2,2,5774,117,0,1,1,abc_es,ABC,abc_es,0.0,neutral
1917647641460027586,Wed Apr 30 18:30:00 +0000 2025,#ABCrecomienda ✍️El Registro Civil ya no podrá inscribir directamente a nacidos por vientre de alquiler https://t.co/Qxr72H1KEq,2,0,0,4110,127,1,0,1,abc_es,ABC,abc_es,-0.296,negative
1917647061563986372,Wed Apr 30 18:27:42 +0000 2025,"@raulmasa @mariano_alonsof @EmiliovEscudero @tonierres @jpquinonero @julian_quiros @davidmaroto @ANAISANCHEZR @bealozanoechaza @brunopardoo @rosabelmonte @alex_gubern @elenaburesg @bpvazquez @jmcamarero @MontseSerrador @carmenlucast ➡️ Redeia, matriz de Red Eléctrica, gana 137,8 millones en el primer trimestre, un 4,2% más 

✍️ Por @pdelavarga 
https://t.co/5fzkm4Rfbn",9,1,4,5480,370,0,18,1,abc_es,ABC,abc_es,0.0,neutral
1917643866045370497,Wed Apr 30 18:15:00 +0000 2025,"📹El videoanálisis de la cumbre del PP Europeo de Paloma Esteban: «Feijóo aprovecha la presencia internacional para lanzarse a por Sánchez» 

✍️Por @PalomaEsteban 
https://t.co/7GVp1FzNMZ",5,2,2,4273,186,0,1,1,abc_es,ABC,abc_es,0.0,neutral
1917642599801688521,Wed Apr 30 18:09:58 +0000 2025,"🔴#ÚLTIMAHORA La CNMC aprueba la opa de BBVA al Sabadell en una reunión agónica y queda en manos del Gobierno 
https://t.co/OjTH6TF41E",3,2,1,5222,133,1,0,1,abc_es,ABC,abc_es,0.0,neutral
1917640092904047059,Wed Apr 30 18:00:00 +0000 2025,"🗣️ Putin afirma que hay ciudadanos franceses que combaten «hombro con hombro» con los rusos en Ucrania 

https://t.co/c8e1Fu1Kwj",1,1,0,3443,128,0,0,1,abc_es,ABC,abc_es,0.0,neutral
1917636315929272437,Wed Apr 30 17:45:00 +0000 2025,"🇺🇸La Justicia de EE.UU. ordena liberar a un activista palestino de la Universidad de Columbia 

https://t.co/aKeDlYR1Ts",6,2,0,4085,119,0,0,1,abc_es,ABC,abc_es,0.0,neutral
1917632561766977797,Wed Apr 30 17:30:05 +0000 2025,"🔷El PP exige la dimisión de la subdelegada del Gobierno en Zaragoza por «usar medios públicos para su rescate personal» en pleno apagón 

✍️Por @emontanes 
https://t.co/URi0hdFSBk",28,22,2,4586,179,0,1,1,abc_es,ABC,abc_es,0.0,neutral
1917632542020362533,Wed Apr 30 17:30:00 +0000 2025,"#ABCrecomienda ✍️El nacimiento accidental de la llama domada
 https://t.co/dkZahDbNBj",1,0,0,3879,85,1,0,1,abc_es,ABC,abc_es,-0.0772,negative
1917628766790025454,Wed Apr 30 17:15:00 +0000 2025,"👀Los inmigrantes del centro de detención de Texas piden auxilio a un dron formando un 'S.O.S' en el patio 

https://t.co/0xFjPAGmYb",3,2,0,3892,131,0,0,1,abc_es,ABC,abc_es,0.0,neutral
1917627972535681298,Wed Apr 30 17:11:51 +0000 2025,"@raulmasa @mariano_alonsof @EmiliovEscudero @tonierres @jpquinonero @julian_quiros @davidmaroto @ANAISANCHEZR @bealozanoechaza @brunopardoo @rosabelmonte @alex_gubern @elenaburesg @bpvazquez @jmcamarero @MontseSerrador 🗣️Manos Limpias denuncia a Beatriz Corredor en los Juzgados de Madrid por su gestión 

✍️ Informa @carmenlucast 
https://t.co/uIn2RER62M",29,8,3,5013,355,0,17,1,abc_es,ABC,abc_es,0.0,neutral
1917626084092244331,Wed Apr 30 17:04:20 +0000 2025,"@raulmasa @mariano_alonsof @EmiliovEscudero @tonierres @jpquinonero @julian_quiros @davidmaroto @ANAISANCHEZR @bealozanoechaza @brunopardoo @rosabelmonte @alex_gubern @elenaburesg @bpvazquez @jmcamarero ➡️ Investigan si una persona enferma de ELA con respirador murió por el apagón en Castilla y León 

✍️Por @MontseSerrador 
https://t.co/YKhVDvvXwZ",13,3,2,4981,349,0,16,1,abc_es,ABC,abc_es,0.0,neutral
1917624991555748182,Wed Apr 30 17:00:00 +0000 2025,"✝️Más de la mitad de los alumnos eligieron cursar la asignatura de Religión en los colegios 

✍️Por @bealozanoechaza 
https://t.co/vpEv9oQSR8",9,2,1,3576,141,0,1,1,abc_es,ABC,abc_es,0.0,neutral
1917624239403815033,Wed Apr 30 16:57:01 +0000 2025,"🔴Un apagón deja a oscuras a un barrio de Móstoles 

✍️Informa @carloshidalgo_ 
https://t.co/n7Km4KAPKZ",2,1,0,3642,102,0,1,1,abc_es,ABC,abc_es,0.0,neutral
1917621952878985634,Wed Apr 30 16:47:55 +0000 2025,🔴#ÚLTIMAHORA El PP da por rotas las negociaciones con el Gobierno para apoyar el decreto antiaranceles https://t.co/ZHs9ZSJxSj,32,3,1,9104,126,1,0,1,abc_es,ABC,abc_es,0.0,neutral
1917621216879468895,Wed Apr 30 16:45:00 +0000 2025,"🇷🇺 El Kremlin sugiere que la disposición a negociar de Putin persigue la capitulación de Kiev por medios pacíficos 

https://t.co/OI9ObTGav9",0,2,1,3842,140,0,0,1,abc_es,ABC,abc_es,0.0,neutral
1917620046739956017,Wed Apr 30 16:40:21 +0000 2025,"@SanchezdeCastro 🔴Prisión provisional y retirada de la custodia para los padres de los niños encerrados en un chalet en Oviedo

 https://t.co/OLSOunEuZO",6,0,0,3811,152,0,1,1,abc_es,ABC,abc_es,0.0,neutral
1917617442563440843,Wed Apr 30 16:30:00 +0000 2025,"#ABCrecomienda ✍️El meteorito que 'empujó' a la vida fuera del mar
 https://t.co/ezrortyvtf",2,1,0,3943,91,1,0,1,abc_es,ABC,abc_es,0.0,neutral
1917617298539700413,Wed Apr 30 16:29:26 +0000 2025,"👉 La 'casa de los horrores' de Oviedo: una foto a una ventana y las compras 'online' permitieron rescatar a tres niños entre excrementos y sin escolarizar 

✍️Por @SanchezdeCastro 
https://t.co/4AqjB0ILLK",5,3,2,5739,204,0,1,1,abc_es,ABC,abc_es,-0.5574,negative
1917616499470012672,Wed Apr 30 16:26:15 +0000 2025,"🔴#ÚLTIMAHORA Un hombre asesina a su madre a martillazos en su casa de Colmenar Viejo (Madrid)
https://t.co/IccSedVU1T",65,33,4,47648,117,1,0,1,abc_es,ABC,abc_es,0.0,neutral
1917615842411569284,Wed Apr 30 16:23:39 +0000 2025,"@raulmasa @mariano_alonsof @EmiliovEscudero @tonierres @jpquinonero @julian_quiros @davidmaroto @ANAISANCHEZR @bealozanoechaza @brunopardoo @rosabelmonte @alex_gubern @elenaburesg @bpvazquez 👉El Gobierno mantendrá su plan energético tal y como estaba a pesar del apagón

✍️ Informa @jmcamarero 
 https://t.co/Jjj3L20zh1",4,1,7,4854,319,0,15,1,abc_es,ABC,abc_es,0.0,neutral
1917613666825900231,Wed Apr 30 16:15:00 +0000 2025,"🇺🇦 🇺🇸 Ucrania y Estados Unidos firmarán de forma inminente el acuerdo sobre minerales 

✍️Informa Miriam González
https://t.co/mrvulT8XNp",9,3,0,4010,137,0,0,1,abc_es,ABC,abc_es,0.0,neutral
1917611150772166922,Wed Apr 30 16:05:00 +0000 2025,"➡️Ebro Foods nombra consejera independiente a Meritxell Batet tras la renuncia de Murtra en enero
 https://t.co/FDfICdsS3x",2,2,8,6467,122,0,0,1,abc_es,ABC,abc_es,0.0,neutral
1917609906586411145,Wed Apr 30 16:00:03 +0000 2025,"📉Los cardenales abordan los números rojos de las cuentas vaticanas, el primer desafío del próximo Papa 

✍️Por @javierMbrocal 
https://t.co/i8sWAEcryb",7,3,0,4434,150,0,1,1,abc_es,ABC,abc_es,0.0,neutral
1917608081803853840,Wed Apr 30 15:52:48 +0000 2025,"🔴Igualdad estudia prohibir que los asesinos de violencia vicaria difundan su caso tras el libro sobre José Bretón 
https://t.co/gArpRVmucX",5,2,2,5456,138,0,0,1,abc_es,ABC,abc_es,0.0,neutral
1917606116902723606,Wed Apr 30 15:45:00 +0000 2025,"🔷Admitida a trámite una querella de cuatro familias por presunto homicidio imprudente en Letur por la dana 

https://t.co/f2gLcjzPR9",8,2,0,3942,132,0,0,1,abc_es,ABC,abc_es,0.0,neutral
1917602342104621373,Wed Apr 30 15:30:00 +0000 2025,"🔵 #OPINIÓN El 'iberataque' 

🗣 «Quienes nos cruzamos Madrid confirmamos que había más colaboración y sentido común ciudadano del que mostraron los comparecientes públicos» 

✒ Por @MFuentealamo https://t.co/lbLMxrSTDt",13,6,3,4134,217,1,1,1,abc_es,ABC,abc_es,0.0,neutral
1917598567784399015,Wed Apr 30 15:15:00 +0000 2025,"➡️ Los padres de los niños encerrados en un chalet de Oviedo desde hace cuatro años acumulaban medicamentos 

https://t.co/MlYcn4merU",8,1,1,9502,133,0,0,1,abc_es,ABC,abc_es,0.0,neutral
1917596762585416087,Wed Apr 30 15:07:50 +0000 2025,"🗣️Dolors Montserrat llama a la «unidad» de Europa ante las «amenazas» a su libertad como nueva secretaria general del PPE
 
La noticia ➡️https://t.co/IcMyi0byWu

✍️ Por @tojipi https://t.co/yLNwoWN3j3",4,1,1,4348,200,0,1,2,abc_es,ABC,abc_es,0.0,neutral
1917594793384841616,Wed Apr 30 15:00:00 +0000 2025,"👉Conde-Pumpido pospone el debate de la 'ley Trans' tras constatar la división del grupo progresista 

✍️Informa Nati Villanueva
https://t.co/WlqNSIQKKp",2,1,0,3707,151,0,0,1,abc_es,ABC,abc_es,0.0,neutral
1917590680878174332,Wed Apr 30 14:43:40 +0000 2025,🔴#ÚLTIMAHORA El Tribunal de Cuentas multa a Vox con más de 862.000 euros por financiación ilegal https://t.co/iEgSwdBoyK,124,34,22,24612,120,1,0,1,abc_es,ABC,abc_es,0.0,neutral
1917588501329240452,Wed Apr 30 14:35:00 +0000 2025,"🇺🇸El PIB de Estados Unidos se contrae en el primer trimestre por las políticas de Trump 

https://t.co/a23bOkI1Oa",3,3,2,4554,113,0,0,1,abc_es,ABC,abc_es,0.0,neutral
1917587245877301553,Wed Apr 30 14:30:01 +0000 2025,"🔵 #OPINIÓN Cisnes negros 

🗣 «La humanidad ha volado tan alto que se ha convertido en vulnerable a factores que no controla» 

✒ Por @pedrocuartango https://t.co/qEXrceCBM6",2,1,0,4126,172,1,1,1,abc_es,ABC,abc_es,0.1779,positive
1917583989130330591,Wed Apr 30 14:17:04 +0000 2025,"@raulmasa @mariano_alonsof @EmiliovEscudero @tonierres @jpquinonero @julian_quiros @davidmaroto @ANAISANCHEZR @bealozanoechaza @brunopardoo @rosabelmonte @alex_gubern @elenaburesg ➡️Economía estima en un máximo de 800 millones de euros el impacto económico del apagón 

✍️ Informa @bpvazquez 
https://t.co/VGV9WBgNnA",8,3,1,6914,316,0,14,1,abc_es,ABC,abc_es,0.0,neutral
1917583467761553485,Wed Apr 30 14:15:00 +0000 2025,"👉 El Gobierno desdeña el impacto de la guerra comercial y mantiene su previsión de crecimiento en el 2,6% 

✍️ Por @bpvazquez 
https://t.co/InFzF008fx",7,3,1,3943,150,0,1,1,abc_es,ABC,abc_es,0.0,neutral
1917583154233159885,Wed Apr 30 14:13:45 +0000 2025,"🔴#ÚLTIMAHORA Al menos cinco heridos en un atropello múltiple en Copenhague provocado por un anciano que perdió el control de su coche 

https://t.co/tDdskD0jPU",4,8,0,5147,159,1,0,1,abc_es,ABC,abc_es,0.0,neutral
1917580423401459725,Wed Apr 30 14:02:54 +0000 2025,"@raulmasa @mariano_alonsof @EmiliovEscudero @tonierres @jpquinonero @julian_quiros @davidmaroto @ANAISANCHEZR @bealozanoechaza @brunopardoo @rosabelmonte @alex_gubern @elenaburesg 👉 Consumo abre una investigación por potenciales subidas de precios de los VTC durante el apagón 

https://t.co/XgpnitnnVY",7,3,2,5944,302,0,13,1,abc_es,ABC,abc_es,0.0,neutral
1917579699355525511,Wed Apr 30 14:00:01 +0000 2025,"‼ Detenidos tres menores por la brutal agresión a otro joven a la salida de un instituto en Mataró (Barcelona) 

➡ Junto al lugar del ataque, el pasado 23 de abril, aparecieron además pintadas racistas https://t.co/PC6PtSOVIO",4,0,2,4135,225,0,0,1,abc_es,ABC,abc_es,-0.6249,negative
1917579573295747442,Wed Apr 30 13:59:31 +0000 2025,"@raulmasa @mariano_alonsof @EmiliovEscudero @tonierres @jpquinonero @julian_quiros @davidmaroto @ANAISANCHEZR @bealozanoechaza @brunopardoo @rosabelmonte @alex_gubern @elenaburesg 🔴Consumo investiga las denuncias sobre subidas de precio en las VTC durante la desconexión de la red eléctrica

Sigue la última hora ⤵️
https://t.co/DEFKyJrIH1",3,2,1,3086,339,0,13,1,abc_es,ABC,abc_es,0.0,neutral
1917578240060702990,Wed Apr 30 13:54:13 +0000 2025,"@raulmasa @mariano_alonsof @EmiliovEscudero @tonierres @jpquinonero @julian_quiros @davidmaroto @ANAISANCHEZR @bealozanoechaza @brunopardoo @rosabelmonte @alex_gubern @elenaburesg 👉 Tenerife se adelanta a futuros apagones y buscará nuevos nodos de comunicación 

✍️Informa Laura Bautista
https://t.co/sEFAeU5e0W",5,0,1,2313,311,0,13,1,abc_es,ABC,abc_es,0.0,neutral
1917577364932026783,Wed Apr 30 13:50:45 +0000 2025,"@raulmasa @mariano_alonsof @EmiliovEscudero @tonierres @jpquinonero @julian_quiros @davidmaroto @ANAISANCHEZR @bealozanoechaza @brunopardoo @rosabelmonte @alex_gubern ➡️ La defensora del pueblo en Cataluña investiga si la Generalitat garantizó la movilidad y el derecho a la información durante el apagón 

✍️Por @elenaburesg 
https://t.co/HqyFEx2Pmb",5,0,1,2534,350,0,13,1,abc_es,ABC,abc_es,0.0,neutral
1917575918068920727,Wed Apr 30 13:45:00 +0000 2025,"💢 Sumar culpa al «oligopolio eléctrico» español del apagón y exige depurar responsabilidades en una comisión de investigación 

✍ Informa @Patri97__ https://t.co/vgqx7N2CxI",3,1,11,4697,172,0,1,1,abc_es,ABC,abc_es,-0.128,negative
1917572146248966245,Wed Apr 30 13:30:01 +0000 2025,"🔵 #OPINIÓN La milonga de Sánchez 

🗣 «Nunca se ha visto a Pedro Sánchez, en siete años, asumir una responsabilidad ante los ciudadanos de su país» 

✒ Por @teoleongross https://t.co/eI6pRRR1JM",2190,678,160,39642,192,1,1,1,abc_es,ABC,abc_es,0.34,positive
1917568369513095543,Wed Apr 30 13:15:00 +0000 2025,⚠️ China apunta a EE.UU. entre los posibles causantes del Covid en su informe definitivo para conocer el origen https://t.co/fUzvfmFbzl,1,2,1,6150,135,0,0,1,abc_es,ABC,abc_es,0.0,neutral
1928957166561468423,Sat May 31 23:30:01 +0000 2025,#LoMásLeído 📰 Un crucero rompe las amarras por el fuerte viento y dos turistas terminan en el mar https://t.co/6s3vSPZulY,3,1,0,6762,121,1,0,1,abc_es,ABC,abc_es,0.0,neutral
1928949617762136201,Sat May 31 23:00:01 +0000 2025,"«Te voy a dejar calva para que nadie te mire»: condenado a cárcel por violar, agredir y amenazar a su pareja en Castellón https://t.co/4lgC86SePb",1,2,0,5423,145,0,0,1,abc_es,ABC,abc_es,0.0,neutral
1928943914884428142,Sat May 31 22:37:22 +0000 2025,🥹 Luis Enrique y su recuerdo a Xana tras ganar la Champions: «Está todos los días conmigo». https://t.co/agZLLBoS4g,138,13,1,11513,115,0,0,1,abc_es,ABC,abc_es,0.5267,positive
1928942068828618986,Sat May 31 22:30:01 +0000 2025,#LoMásLeído 📰 Una experta en seguridad alimentaria advierte del error que comete la gente al comer mandarinas: «Es la parte más saludable» https://t.co/KIumGdTo2M,2,3,0,6686,162,1,0,1,abc_es,ABC,abc_es,-0.4019,negative
1928934517202415765,Sat May 31 22:00:01 +0000 2025,"Galán (Iberdrola), contundente sobre el apagón: «Red Eléctrica es la responsable de mantener las luces encendidas» https://t.co/trrc53uzOm",402,192,13,11870,138,0,0,1,abc_es,ABC,abc_es,0.0,neutral
1928930746460246066,Sat May 31 21:45:02 +0000 2025,"Alexander-Arnold, el mejor asistente del mundo https://t.co/2bzUQlPY64",4,2,2,7770,70,0,0,1,abc_es,ABC,abc_es,0.0,neutral
1928928917756182841,Sat May 31 21:37:46 +0000 2025,🥹El precioso gesto de la afición del PSG al desplegar un tifo con la icónica imagen de Luis Enrique con su hija Xana https://t.co/KXQ8oWrmiD,369,32,1,26824,140,0,0,1,abc_es,ABC,abc_es,0.0,neutral
1928926968109564382,Sat May 31 21:30:01 +0000 2025,#ABCrecomienda ✍️ La vivienda y la corrupción son los grandes problemas para los españoles https://t.co/9Z4CEoQnkH,25,7,5,7655,114,1,0,1,abc_es,ABC,abc_es,0.0,neutral
1928924081786659088,Sat May 31 21:18:33 +0000 2025,"La portada y la Dos de ABC. Pronto, en @abckioskoymas https://t.co/iZguxT6k8L",30,21,22,9368,77,0,1,1,abc_es,ABC,abc_es,0.0,neutral
1928923195945435565,Sat May 31 21:15:02 +0000 2025,🥣 Un nutricionista enseña cuáles son los cereales más saludables del Lidl: «Siempre es una buena opción» https://t.co/L07vKC2AAM,3,1,0,7967,128,0,0,1,abc_es,ABC,abc_es,0.0,neutral
1928921828346527967,Sat May 31 21:09:36 +0000 2025,🔴 Investigan el homicidio de un hombre en Parla (Comunidad de Madrid) tras el aviso de una reyerta en un domicilio https://t.co/u78Vf3xA1W,2,3,1,7615,138,0,0,1,abc_es,ABC,abc_es,0.0,neutral
1928919810106110210,Sat May 31 21:01:34 +0000 2025,🔴 El éxito del PSG en la final de la Champions desata la violencia en las calles de París https://t.co/Eof46DtB4C,74,29,18,24132,113,0,0,1,abc_es,ABC,abc_es,0.5267,positive
1928919419213816060,Sat May 31 21:00:01 +0000 2025,"📘 Las mejores lecturas que no te puedes perder en esta Feria del Libro, según nuestros críticos https://t.co/0c1nm9iPEq",2,1,0,7148,119,0,0,1,abc_es,ABC,abc_es,-0.296,negative
1928917076204236836,Sat May 31 20:50:43 +0000 2025,"🏆 ¡El PSG de Luis Enrique, campeón de la Champions tras pasar por encima del Inter! (5-0)

🔴🔵El conjunto parisino hace historia y consigue su primera 'orejona'.

🔗 https://t.co/MKxbOuOXVU https://t.co/CkJnmkTZCP",31,8,1,8540,211,0,0,2,abc_es,ABC,abc_es,0.5707,positive
1928915646722482439,Sat May 31 20:45:02 +0000 2025,"Las mejores lecturas que no te puedes perder en esta Feria del Libro, según nuestros críticos https://t.co/1rWJFJSbBT",1,1,0,6638,117,0,0,1,abc_es,ABC,abc_es,-0.296,negative
1928911871563669747,Sat May 31 20:30:02 +0000 2025,"🔵 #OPINIÓN El imperativo energético

🗣️ «Ahora está él, y como espectador uno no le pide virgueros, que nos sobran, sino un fútbol de 'imperativo energético' operando como la nariz de Angelo Stiller, el elegido por Kroos»

✒️ Por @iruizquintano  https://t.co/8lWUEhykI8",6,2,0,6502,269,1,1,1,abc_es,ABC,abc_es,-0.296,negative
1928910620230922373,Sat May 31 20:25:03 +0000 2025,‼ Los Mossos investigan una agresión sexual en una discoteca de Barcelona https://t.co/X6HvkTrtu8,6,1,0,6437,97,0,0,1,abc_es,ABC,abc_es,0.0,neutral
1928908093334679869,Sat May 31 20:15:01 +0000 2025,Primer caso en Aragón: un maltratador reincidente se cambia de sexo en el registro y evita ser juzgado por violencia machista https://t.co/w7ePZQFcmm,20,16,10,10540,149,0,0,1,abc_es,ABC,abc_es,0.0,neutral
1928904320856056024,Sat May 31 20:00:02 +0000 2025,El expresidente Biden reaparece tras anunciar su cáncer «agresivo»: «Me siento bien» https://t.co/bdOKzpE355,1,1,0,5685,108,0,0,1,abc_es,ABC,abc_es,0.0,neutral
1928900544464040390,Sat May 31 19:45:01 +0000 2025,Heridas ocho personas en un atropello durante las fiestas de Burela (Lugo) https://t.co/QYBuehsYlR,2,1,0,6468,98,0,0,1,abc_es,ABC,abc_es,0.3612,positive
1928898030511538657,Sat May 31 19:35:02 +0000 2025,"🗣 Aitana (16 años): «Ser hermana de acogida es crecer sabiendo que el amor puede sanar»

Un total de 18.000 niños y adolescentes siguen esperando una familia en nuestro país, de ellos, más de 1.200 son menores de seis años

https://t.co/q7099UicFI",9,5,0,7528,247,0,0,1,abc_es,ABC,abc_es,0.6124,positive
1928896774653067708,Sat May 31 19:30:02 +0000 2025,"🔵 #OPINIÓN Los bueyes de la Academia

🗣️ «La operación inmunda la ha urdido el gremio de los lingüistas, que quieren convertir el antro en un chiringuito endogámico»

✒️ Por Juan Manuel de Prada  https://t.co/a6eCB7W65Z",2,0,0,5962,219,1,0,1,abc_es,ABC,abc_es,0.34,positive
1928892993756401762,Sat May 31 19:15:01 +0000 2025,"Nueva presunta víctima de agresión sexual, la octava, del capellán del colegio Highlands de los Legionarios de Cristo https://t.co/hJtlJhxEHl",4,2,1,9298,141,0,0,1,abc_es,ABC,abc_es,0.0,neutral
1928890488913809452,Sat May 31 19:05:04 +0000 2025,🔵 Sigue en directo la final de la Champions en la que se enfrentan el PSG y el Inter https://t.co/uydPXnOCRq,1,0,0,5044,108,0,0,1,abc_es,ABC,abc_es,0.5267,positive
1928890480915341750,Sat May 31 19:05:02 +0000 2025,👉 China prepara el desembarco de más de 1.500 trabajadores en la mayor gigafactoría que se construirá en España https://t.co/njdwqhu89P,1,5,0,5625,135,0,0,1,abc_es,ABC,abc_es,0.0,neutral
1928889220203954397,Sat May 31 19:00:01 +0000 2025,"Ketamina, éxtasis, hongos, fármacos... 'The New York Times' acusa a Elon Musk de consumir drogas durante la campaña electoral https://t.co/tYIpRNoVGu",2,2,4,4796,149,0,0,1,abc_es,ABC,abc_es,0.0,neutral
1928888630933680141,Sat May 31 18:57:41 +0000 2025,👉 Imane Khelif deberá superar un test de género para poder competir https://t.co/TJU1H9v9GT,25,4,11,8245,91,0,0,1,abc_es,ABC,abc_es,0.0,neutral
1928886704749817978,Sat May 31 18:50:02 +0000 2025,🗣 Feijóo llama a manifestarse contra un Gobierno «rehén del separatismo y la corrupción» https://t.co/Kksf9xJLP0,10,4,4,5495,112,0,0,1,abc_es,ABC,abc_es,0.0,neutral
1928885447746347191,Sat May 31 18:45:02 +0000 2025,Un experto en adicciones explica cómo lograr que tu hijo deje el peligroso gesto de vapear por estar de moda https://t.co/C52PXuKVCc,4,6,1,6055,132,0,0,1,abc_es,ABC,abc_es,0.0,neutral
1928881671773814949,Sat May 31 18:30:02 +0000 2025,"🔵 #OPINIÓN Corrupción a la española

🗣️ «Leire Díez y el PSOE habían formado una sociedad de socorros mutuos. Por eso, al igual que con Ábalos, Sánchez no puede eludir su responsabilidad»

✒️ Por @PedroCuartango  https://t.co/bIwii4cEyP",19,11,1,5548,236,1,1,1,abc_es,ABC,abc_es,-0.296,negative
1928877895071510906,Sat May 31 18:15:01 +0000 2025,Uno de los dos embalses del trasvase Tajo-Segura ya se habría desbordado sin el canal de desagüe al otro https://t.co/RnxNPepswE,5,3,2,5874,128,0,0,1,abc_es,ABC,abc_es,-0.5574,negative
1928876728308367861,Sat May 31 18:10:23 +0000 2025,"⚫ Muere el científico Étienne Baulieu, 'padre' de la píldora abortiva https://t.co/4BYtPg03Mf",7,1,4,7528,93,0,0,1,abc_es,ABC,abc_es,0.0,neutral
1928875377520189854,Sat May 31 18:05:01 +0000 2025,🏘 El control de los precios sobre el alquiler afecta a la oferta y a la calidad de los pisos: un informe avisa sobre las consecuencias https://t.co/SeTjo71Hpb,3,1,1,4831,158,0,0,1,abc_es,ABC,abc_es,0.0,neutral
1928874123570086064,Sat May 31 18:00:02 +0000 2025,"❓ Quién es quién en 'La viuda negra', la nueva película de Netflix: estos son los actores y personajes reales del caso Maje https://t.co/vp4X2VAO7U",1,0,0,4629,147,0,0,1,abc_es,ABC,abc_es,0.0,neutral
1928870347845026183,Sat May 31 17:45:02 +0000 2025,"El mapa del polen en Madrid, árbol a árbol: así se distribuyen las especies que disparan tus alergias https://t.co/j0xCxH4WV2",6,1,0,5189,125,0,0,1,abc_es,ABC,abc_es,0.0,neutral
1928867830390239717,Sat May 31 17:35:02 +0000 2025,🎵📆 Linkin Park anuncia un gran concierto en Rivas Vaciamadrid el 23 de junio de 2026 https://t.co/grHtf37id0,8,3,0,6039,108,0,0,1,abc_es,ABC,abc_es,0.0,neutral
1928866569729327108,Sat May 31 17:30:01 +0000 2025,"🔵 #OPINIÓN ¿Dónde está el DAO?

🗣️ «En la operación que busca acabar con la UCO, prometen ascensos y limpiezas de sable a todos los que ayuden a cerrarle el pico a Balas»

✒️ Por @alfonsojussia  https://t.co/mp7Eqccpec",5,9,0,4812,218,1,1,1,abc_es,ABC,abc_es,0.0,neutral
1928865306979528735,Sat May 31 17:25:00 +0000 2025,"‼️ El negocio floreciente de la prostitución infantil en Francia: 400 euros la hora 

✍️ Por @jpquinonero 
https://t.co/2N6e3GkQHG",4,8,5,9425,130,0,1,1,abc_es,ABC,abc_es,0.0,neutral
1928862795728113749,Sat May 31 17:15:01 +0000 2025,"La mudanza de los murales de Sijena, en el tejado del MNAC: «Si incumplen, esperaremos autorización y entrarán nuestros técnicos» https://t.co/DYlKFgKSml",6,3,0,4774,153,0,0,1,abc_es,ABC,abc_es,0.0,neutral
1928860280840241510,Sat May 31 17:05:02 +0000 2025,📹 Israel muestra el vídeo de cómo usa un cañón láser en combate real «por primera vez en la historia militar» https://t.co/ifU0vgWhLU,37,11,5,8958,133,0,0,1,abc_es,ABC,abc_es,0.0,neutral
1928859023073292355,Sat May 31 17:00:02 +0000 2025,"Doctora Sari Arponen: «Comer menos, menos veces al día y hacer ayuno nocturno son recursos antienvejecimiento» https://t.co/ZN3ElJuclj",4,1,1,4755,134,0,0,1,abc_es,ABC,abc_es,0.0,neutral
1928857763955769780,Sat May 31 16:55:02 +0000 2025,"🗳 EE.UU. 'vota' por el nacionalista Nawrocki frente al candidato europeísta en las presidenciales de Polonia 

✍ Por Rosalía Sánchez
https://t.co/HpmjO2SaCw",2,1,0,4799,156,0,0,1,abc_es,ABC,abc_es,0.4939,positive
1928855248929542164,Sat May 31 16:45:02 +0000 2025,La ruptura imaginaria entre Alejandro Sanz y Candela Márquez que salpica a Shakira https://t.co/Mw9m2SA2wU,1,0,0,5074,106,0,0,1,abc_es,ABC,abc_es,0.0,neutral
1928852732934230395,Sat May 31 16:35:02 +0000 2025,➡ Hamás responde a la propuesta de EEUU y ofrece la entrega de diez rehenes y 18 cuerpos https://t.co/rmyPfDdh1U,7,2,1,5285,112,0,0,1,abc_es,ABC,abc_es,0.0,neutral
1928851473519030560,Sat May 31 16:30:02 +0000 2025,"🔵 #OPINIÓN La caída

🗣️ «También el Muro de Berlín parecía tan sólido como el de Adriano y en un suspiro se convirtió en escombrera»

✒️ Por @Ramon_Palomar  https://t.co/SrQ1kfexGs",12,3,0,5261,180,1,1,1,abc_es,ABC,abc_es,0.0,neutral
1928847697949200518,Sat May 31 16:15:02 +0000 2025,La maquinaria perfecta del PSG de Luis Enrique https://t.co/Q4HqdVKMKW,3,1,1,5215,70,0,0,1,abc_es,ABC,abc_es,0.34,positive
1928845178363650220,Sat May 31 16:05:01 +0000 2025,📍 Vecinos de Valencia proponen instalar el rótulo «Sobrinas de Ábalos» frente a la Delegación del Gobierno https://t.co/zTa23j4Ji8,2900,672,146,103586,130,0,0,1,abc_es,ABC,abc_es,0.0,neutral
1928844604293431416,Sat May 31 16:02:44 +0000 2025,"➡️ El Gobierno da pábulo a un bulo sobre el plan de una «bomba lapa» contra Pedro Sánchez

https://t.co/q5PHa8V2sl",564,225,99,20560,114,0,0,1,abc_es,ABC,abc_es,0.0,neutral
1928843924199592067,Sat May 31 16:00:02 +0000 2025,📚 Las cinco carreras que nadie estudia y tienen miles de ofertas de empleo en España: alta empleabilidad e inserción laboral casi asegurada https://t.co/xli2azjGN4,12,1,0,12284,163,0,0,1,abc_es,ABC,abc_es,0.0,neutral
1928842099266384208,Sat May 31 15:52:47 +0000 2025,🚴‍♂️ Simon Yates destroza a Del Toro en la Finestre y se lleva el Giro https://t.co/xbhnvhM0Fe,4,0,0,5005,94,0,0,1,abc_es,ABC,abc_es,0.0,neutral
1928840148407427245,Sat May 31 15:45:02 +0000 2025,El Rey Carlos III alquila la cabaña en la que el singular Eduardo VII vivió «noches de desenfreno» https://t.co/NQRGlh9fYK,2,0,1,5303,122,0,0,1,abc_es,ABC,abc_es,0.0,neutral
1928838921393205373,Sat May 31 15:40:09 +0000 2025,🏎 Alonso brilla en la dictadura de McLaren: saldrá décimo con opciones de puntuar https://t.co/1HKx1r1v0H,4,0,0,4724,105,0,0,1,abc_es,ABC,abc_es,0.0,neutral
1928836373558988904,Sat May 31 15:30:02 +0000 2025,"🔵 #OPINIÓN Paulina, la rubia inflamable

🗣️ «Es una diva de mucho tinte, una rubia show, una cabreada del sexipop. Es una superventas de sí misma, entre el arrebato y el capricho»

✒️ Por Ángel Antonio Herrera  https://t.co/OHEXiYrAPK",0,0,1,4800,234,1,0,1,abc_es,ABC,abc_es,0.0,neutral
1928835582051926321,Sat May 31 15:26:53 +0000 2025,‼ Investigan la aparición de dos fallecidos en el interior de un vehículo quemado en Campo Lameiro (Pontevedra) https://t.co/BJOjCYmCWY,2,1,0,4705,135,0,0,1,abc_es,ABC,abc_es,0.0,neutral
1928832598291124567,Sat May 31 15:15:02 +0000 2025,La Guardia Civil investiga a empleados del Tenerife por el robo de material deportivo del club desde hace una década https://t.co/1O3T64601i,5,2,0,4935,140,0,0,1,abc_es,ABC,abc_es,0.0,neutral
1928831337508503962,Sat May 31 15:10:01 +0000 2025,‼ La Guardia Civil avisa ante una nueva moda viral en redes sociales: multas de hasta 200.000 euros https://t.co/IyrLnnu6rB,4,0,0,5052,123,0,0,1,abc_es,ABC,abc_es,0.0,neutral
1928828820770947230,Sat May 31 15:00:01 +0000 2025,"👉 El caso de Maje, la 'viuda negra de Patraix': así se destapó uno de los crímenes más mediáticos del país https://t.co/0r69DyhX4o",3,0,0,4492,130,0,0,1,abc_es,ABC,abc_es,0.0,neutral
1928825046228754538,Sat May 31 14:45:01 +0000 2025,PSG-Inter: la final que soñaba Mbappé. Los de Luis Enrique han crecido como equipo al perder a su antigua estrella https://t.co/Poc9e64c0T,4,0,2,5051,138,0,0,1,abc_es,ABC,abc_es,0.0,neutral
1928821274815480300,Sat May 31 14:30:02 +0000 2025,"🔵 #OPINIÓN El cordero místico y los pastores pasiegos

🗣️ «Por más que algunos se empeñen en convencernos de lo contrario, Sánchez no es un tipo normal, sino un hombre profundamente dañado»

✒️ Por José F. Peláez @MagfcoMargarito  https://t.co/R8LNpwLGkn",10,1,2,5307,254,1,1,1,abc_es,ABC,abc_es,-0.296,negative
1928818757817815354,Sat May 31 14:20:02 +0000 2025,"➡ El PP valenciano arropa a Mazón tras aprobar los presupuestos 

✍ Por Alba Pérez Espada
https://t.co/FtHsX9X232",2,2,1,5012,113,0,0,1,abc_es,ABC,abc_es,0.4939,positive
1939828805205426268,Mon Jun 30 23:30:02 +0000 2025,#LoMásLeído 📰 Un general de EE.UU. sugiere el traslado de las bases de Morón y Rota a Marruecos por la postura de Sánchez en defensa https://t.co/IifSOas97P,6,10,6,5465,156,1,0,1,abc_es,ABC,abc_es,0.0,neutral
1939821253210062940,Mon Jun 30 23:00:01 +0000 2025,"🧠 Enrique Rojas, psiquiatra, explica cómo nos enamoramos: «A los hombres les atrae más el físico; a las mujeres, las emociones» https://t.co/Zfnny02BEX",5,2,1,5000,151,0,0,1,abc_es,ABC,abc_es,0.0,neutral
1939813705115435196,Mon Jun 30 22:30:01 +0000 2025,#LoMásLeído 📰 Okupan una casa y la abandonan en tan solo 24 horas por lo que hace el propietario de la vivienda: «Era la opción más rápida» https://t.co/C6SFSVy8OQ,7,3,1,8433,163,1,0,1,abc_es,ABC,abc_es,0.0,neutral
1939806155007459524,Mon Jun 30 22:00:01 +0000 2025,👑 «Morirían por el Rey de España»: cuando Ceuta decidió por voluntad popular ser española https://t.co/YDHQyTZNcl,26,8,0,7808,113,0,0,1,abc_es,ABC,abc_es,0.4215,positive
1939798604052419015,Mon Jun 30 21:30:01 +0000 2025,#ABCrecomienda ✍️ Trump redobla las presiones al Senado para salvar su ley estrella https://t.co/GHCPzdcDU9,2,1,0,7433,107,1,0,1,abc_es,ABC,abc_es,0.0,neutral
1939795345858253191,Mon Jun 30 21:17:04 +0000 2025,"🔴 Sánchez, a su llegada a la cena de la Cumbre de la ONU en Sevilla: «No quiero foto de familia» https://t.co/Mi3d6uXx8l",262,145,50,36984,120,0,0,1,abc_es,ABC,abc_es,0.0,neutral
1939794829518503997,Mon Jun 30 21:15:01 +0000 2025,"🔴 Encuentran veinte cadáveres, cinco de ellos decapitados, en el estado mexicano de Sinaloa https://t.co/iYDoTBmyk8",5,6,4,9141,115,0,0,1,abc_es,ABC,abc_es,0.0,neutral
1939794828864233509,Mon Jun 30 21:15:01 +0000 2025,"🇦🇷 ¿Privilegio indebido? La fiscalía insiste en trasladar a Cristina Kirchner a prisión

✍ Informa Guadalupe Piñeiro Michel
 https://t.co/6cxpwN0qCA",30,13,1,8094,148,0,0,1,abc_es,ABC,abc_es,0.4939,positive
1939791056226144466,Mon Jun 30 21:00:02 +0000 2025,La empleada de limpieza fallecida en Barcelona durante la ola de calor advirtió a un compañero de que se encontraba mal https://t.co/y7apSoHQCR,8,4,2,9337,143,0,0,1,abc_es,ABC,abc_es,0.0,neutral
1939790263649448058,Mon Jun 30 20:56:53 +0000 2025,"📰La portada y la Dos de ABC. Pronto, en
@abckioskoymas

#Portadas #PortadaABC https://t.co/8D5qXP35zk",102,59,29,75237,101,2,1,1,abc_es,ABC,abc_es,0.0,neutral
1939789356283089188,Mon Jun 30 20:53:16 +0000 2025,🔴 Trump firma el levantamiento de las sanciones a Siria para abrir el diálogo con Israel https://t.co/XLXHL5mEww,10,4,2,7763,112,0,0,1,abc_es,ABC,abc_es,0.0,neutral
1939787693975544111,Mon Jun 30 20:46:40 +0000 2025,⭕️ Pedro Sánchez a su llegada a la cena de la Cumbre de la ONU en Sevilla: «No quiero foto de familia» https://t.co/MaCjtxMesK,24,19,25,18840,126,0,0,1,abc_es,ABC,abc_es,0.0,neutral
1939787283554558177,Mon Jun 30 20:45:02 +0000 2025,"🇬🇧 Reino Unido afronta su verano más letal con decenas de muertes atribuidas al calor y récords de temperatura 

✍ Por Ivannia Salazar
https://t.co/6Ck5xvsegW",4,4,0,6858,158,0,0,1,abc_es,ABC,abc_es,0.4939,positive
1939787278450094513,Mon Jun 30 20:45:01 +0000 2025,➡ La exconsejera imputada vuelve a pedir al Poder Judicial que aparte a la juez de la dana https://t.co/ifTZOh8jZz,8,3,1,7096,114,0,0,1,abc_es,ABC,abc_es,0.0,neutral
1939783505677849029,Mon Jun 30 20:30:01 +0000 2025,#ABCrecomienda ✍️ La Unión Europea prepara una lluvia de sanciones contra las compañías chinas de venta por internet https://t.co/t47PMzlZks,17,10,3,8154,140,1,0,1,abc_es,ABC,abc_es,0.0,neutral
1939783499730268194,Mon Jun 30 20:30:00 +0000 2025,🌊Rescatan a una abuela y a su nieto en una colchoneta a cuatro kilómetros de la costa https://t.co/uHj4M2ZwDU,16,8,1,13088,109,0,0,1,abc_es,ABC,abc_es,0.0,neutral
1939779730653188273,Mon Jun 30 20:15:01 +0000 2025,"👩‍⚖️ Caso Jubany: la juez ordena obtener ADN de la sospechosa que se suicidó en prisión para cotejarlo con el jersey de Helena

✍ Por @elenaburesg
 https://t.co/2iDFGfptzQ",1,2,1,7258,171,0,1,1,abc_es,ABC,abc_es,0.4939,positive
1939776170381263250,Mon Jun 30 20:00:52 +0000 2025,🔴 #ÚLTIMAHORA | Interrumpida la circulación en los trenes entre Madrid y Andalucía por una avería https://t.co/4hE4v2WGUM,1855,655,217,987018,121,1,0,1,abc_es,ABC,abc_es,0.0,neutral
1939775955465040325,Mon Jun 30 20:00:01 +0000 2025,"Detenido un hombre de 38 años en Vitoria por agredir sexualmente a su compañera de piso 
https://t.co/tvvLmZF5zM",11,6,3,6474,112,0,0,1,abc_es,ABC,abc_es,0.0,neutral
1939772179027005588,Mon Jun 30 19:45:01 +0000 2025,"🇺🇸 🇪🇸 La tensión entre Trump y Sánchez se extiende a la base de Rota, el emblema de las relaciones de EE.UU. con España

✍ Por Alexia Columba Jerez
 https://t.co/suHvyZLGNk",21,5,5,7764,172,0,0,1,abc_es,ABC,abc_es,0.4939,positive
1939768408293175633,Mon Jun 30 19:30:02 +0000 2025,#ABCrecomienda ✍️ El intérprete gazatí Kayed Hammad es evacuado de la Franja con su familia: «Hemos vuelto a nacer» https://t.co/ggvDQl2pNq,6,1,1,6240,139,1,0,1,abc_es,ABC,abc_es,0.0,neutral
1939764629632131114,Mon Jun 30 19:15:01 +0000 2025,👨‍🚒 Bomberos de la Comunidad de Madrid queman 22 torretas de maniobras para exigir la aprobación del Acuerdo de Condiciones https://t.co/fm0pls4xz9,6,2,0,5958,147,0,0,1,abc_es,ABC,abc_es,-0.34,negative
1939762119106273601,Mon Jun 30 19:05:02 +0000 2025,🔴 Herida grave una mujer de mediana edad tras caerle encima un árbol en Madrid https://t.co/WVbDZ7ZMc9,9,4,2,11947,102,0,0,1,abc_es,ABC,abc_es,-0.3818,negative
1939760857749037566,Mon Jun 30 19:00:02 +0000 2025,"🇺🇸 EE.UU. se beneficiará de los minerales del Congo tras mediar en el acuerdo de paz con Ruanda 

✍ Informa Gabriel González-Andrío
https://t.co/lyP6PcglND",4,1,1,4869,155,0,0,1,abc_es,ABC,abc_es,0.4939,positive
1939759600187662483,Mon Jun 30 18:55:02 +0000 2025,"🇺🇸 El Senado se faja en una sesión maratoniana para impulsar la gran ley fiscal y de gasto de Trump

✍ Por @jansorena
 https://t.co/30C86Su1gs",1,1,0,5144,142,0,1,1,abc_es,ABC,abc_es,0.4939,positive
1939757082388860945,Mon Jun 30 18:45:02 +0000 2025,"➡ La aspirante a 'mossa', un «parásito» que «destrozaba» a sus víctimas para «someterlas»

✍ Informa @elenaburesg
 https://t.co/aAxMCOJa77",0,1,0,5178,138,0,1,1,abc_es,ABC,abc_es,0.4939,positive
1939756723994026152,Mon Jun 30 18:43:36 +0000 2025,"@bono_gerard @pablomunozabc @JavierLilloA @julian_quiros 🗣️ El fiscal jefe Anticorrupción: «Llevó la corrupción al Ministerio» 

✍️ Informa @carmenlucast 
https://t.co/xGhpKIsdj6",7,1,0,5040,178,0,5,1,abc_es,ABC,abc_es,0.0,neutral
1939755847241826338,Mon Jun 30 18:40:07 +0000 2025,"@bono_gerard @pablomunozabc @JavierLilloA @julian_quiros ➡️ Los periodistas Carmen Lucas-Torres y Javier Lillo analizan qué hay detrás de cada delito imputado a Santos Cerdán
 https://t.co/G2yJDYCfAK",8,0,1,6421,199,0,4,1,abc_es,ABC,abc_es,0.0,neutral
1939753308366737589,Mon Jun 30 18:30:02 +0000 2025,#ABCrecomienda ✍️ Los países fronterizos con Rusia abandonan en cascada el acuerdo contra las minas antipersona https://t.co/p4qt34DFgS,3,1,0,4860,135,1,0,1,abc_es,ABC,abc_es,0.0,neutral
1939752192988103075,Mon Jun 30 18:25:36 +0000 2025,"@bono_gerard @pablomunozabc @JavierLilloA 🔵 #OPINIÓN A Sánchez le cortan su mano derecha  

🗣️ «Cerdán, el principal colaborador de Sánchez junto a Bolaños, es ese del que ahora dicen que no tiene nada que ver con el partido socialista porque desde anoche duerme en el penal de Soto del Real»  

 🖋️@julian_quiros",4,3,3,4292,313,1,4,0,abc_es,ABC,abc_es,-0.296,negative
1939750789070672288,Mon Jun 30 18:20:01 +0000 2025,⚫ Muere ahogada una mujer francesa de 74 años en la playa de Palma https://t.co/2wnjqueZKU,2,0,1,5101,90,0,0,1,abc_es,ABC,abc_es,0.0,neutral
1939750719306756261,Mon Jun 30 18:19:44 +0000 2025,"@bono_gerard @pablomunozabc @JavierLilloA 🔵 #EDITORIAL Una mafia dentro del PSOE

🗣️ «Los hombres de confianza de Sánchez en su reconquista del poder en el partido socialista están investigados por el Tribunal Supremo por delitos cuya gravedad no podía pasar desapercibida a la dirección»

https://t.co/6z5SIan8mC",12,8,2,4762,313,1,3,1,abc_es,ABC,abc_es,0.1779,positive
1939749532264190406,Mon Jun 30 18:15:01 +0000 2025,"Celsa descarta la entrada de un socio industrial tras la renuncia de Criteria

✍ Por @alex_gubern
 https://t.co/9jyqvBsXQH",0,0,0,5173,122,0,1,1,abc_es,ABC,abc_es,0.4939,positive
1939748561622565302,Mon Jun 30 18:11:10 +0000 2025,"@bono_gerard @pablomunozabc 🗣️Cerdán revela que su socio medió para investir a Sánchez 

✍️Por @JavierLilloA y @bono_gerard 
https://t.co/qn9j1uwESp",11,4,1,3844,148,0,4,1,abc_es,ABC,abc_es,0.0,neutral
1939745757822595115,Mon Jun 30 18:00:02 +0000 2025,"➡ El PSC ganaría las elecciones en Barcelona a 8,2 puntos de Comuns https://t.co/pNd6Ou6dcS",1,1,0,4832,91,0,0,1,abc_es,ABC,abc_es,0.0,neutral
1939744498826789370,Mon Jun 30 17:55:01 +0000 2025,"🇪🇺 La UE alcanza un acuerdo comercial con Ucrania de alcance limitado para no enfadar a los agricultores

✍ Por Xavier Vilaltella
 https://t.co/ymKSVdsuem",2,2,0,4813,154,0,0,1,abc_es,ABC,abc_es,0.25,positive
1939743620979957878,Mon Jun 30 17:51:32 +0000 2025,"🔶 La entidad comunica que la operación sigue creando valor para los accionistas, aunque reconoce que la intervención retrasará las sinergias https://t.co/ZfdCqFfp3e",3,1,0,4824,164,0,0,1,abc_es,ABC,abc_es,0.34,positive
1939741983016157364,Mon Jun 30 17:45:02 +0000 2025,"📺 La BBC admite que debió cortar la emisión en directo de Glastonbury tras los cánticos contra el ejército israelí

✍ Informa Ivannia Salazar
 https://t.co/E1aDwFxMsP",11,3,2,4779,166,0,0,1,abc_es,ABC,abc_es,0.4939,positive
1939741110106042388,Mon Jun 30 17:41:33 +0000 2025,"@bono_gerard ➡️ Las primeras horas de Santos Cerdán en Soto del Real: 'DNI carcelario', cacheo, chequeo médico y entrevistas 

✍️ Informa @pablomunozabc 
https://t.co/n7eqhdlcBb",6,3,1,5950,177,0,2,1,abc_es,ABC,abc_es,0.0,neutral
1939739331960131659,Mon Jun 30 17:34:30 +0000 2025,"⁉️Qué es el domo de calor, el fenómeno desconocido que está provocando en España episodios de altas temperaturas

✍️Por A.Columba Jerez
 https://t.co/li0kXTI5JW",9,6,2,4597,160,0,0,1,abc_es,ABC,abc_es,0.0,neutral
1939738990879678578,Mon Jun 30 17:33:08 +0000 2025,"@mariodaza85 Pedro Sánchez veta al presidente andaluz y al alcalde de Sevilla en la cena de la cumbre de la ONU en el palacio de Las Dueñas

✍️Informa @antonio_rvega 
 https://t.co/WCfiPqWcQ4",21,28,14,22763,191,0,2,1,abc_es,ABC,abc_es,0.0,neutral
1939738208046051504,Mon Jun 30 17:30:02 +0000 2025,"#ABCrecomienda ✍️ Gabriel Rufián alienta un frente común a la izquierda del PSOE: «Si no, nos matan» https://t.co/8LFLrya1uU",1,0,2,5191,124,1,0,1,abc_es,ABC,abc_es,0.0,neutral
1939736083836678395,Mon Jun 30 17:21:35 +0000 2025,🔶Richard Gere se une al dalái lama en la India para la semana clave de la sucesión tibetana https://t.co/ppdgho4Kp7,9,2,3,7418,115,0,0,1,abc_es,ABC,abc_es,0.0,neutral
1939735935576387988,Mon Jun 30 17:21:00 +0000 2025,"🎾 Alcaraz gana en cinco sets a un Fognini que lo llevó al límite y pasa a segunda ronda

https://t.co/INImVcXy70",20,3,0,7213,112,0,0,1,abc_es,ABC,abc_es,0.0,neutral
1939734433264718240,Mon Jun 30 17:15:02 +0000 2025,"👩‍⚖️ La juez de la dana rechaza la declaración del ex Secretario de Estado de Seguridad y responsables de Adif y carreteras 
https://t.co/a9pNdXBRce",4,1,0,4691,148,0,0,1,abc_es,ABC,abc_es,0.0,neutral
1939731485939888431,Mon Jun 30 17:03:19 +0000 2025,"🔴 El Ibex cierra su mejor primer semestre desde 1998 a pesar de los vaivenes de Trump 

✍️Por @jmcamarero 
https://t.co/TaFLTXL1CH",4,0,0,4814,130,0,1,1,abc_es,ABC,abc_es,0.0,neutral
1939730657665544367,Mon Jun 30 17:00:01 +0000 2025,🇮🇱 Israel detiene a tres personas por supuesto espionaje en favor de los servicios de Inteligencia de Irán https://t.co/8rFTTrPglz,16,3,0,5016,130,0,0,1,abc_es,ABC,abc_es,0.4019,positive
1939726881902731282,Mon Jun 30 16:45:01 +0000 2025,"🚗 La DGT activa un macrodispositivo para un verano de récord en las carreteras españolas 

✍ Informa A. Noguerol
https://t.co/amFKagT0EM",11,2,11,11822,136,0,0,1,abc_es,ABC,abc_es,0.4939,positive
1939725602938134580,Mon Jun 30 16:39:56 +0000 2025,"@bono_gerard Bárcenas, Rato, Junqueras o Santos Cerdán: así es la prisión de Soto del Real por la que han pasado multitud de políticos
 https://t.co/PDj1Pfo0do",9,4,3,7732,159,0,1,1,abc_es,ABC,abc_es,0.0,neutral
1939723109751292391,Mon Jun 30 16:30:02 +0000 2025,#ABCrecomienda ✍️ Sánchez diseña los presupuestos de 2026 a la medida de sus socios https://t.co/BQFMmkmrnY,18,13,7,5854,107,1,0,1,abc_es,ABC,abc_es,0.0,neutral
1939723059868434689,Mon Jun 30 16:29:50 +0000 2025,"🔴#ÚLTIMAHORA BBVA sigue adelante con la opa sobre Banco Sabadell pese al veto del Gobierno a la fusión 
https://t.co/MD6RQyjnsI",28,9,2,11821,127,1,0,1,abc_es,ABC,abc_es,0.0,neutral
1939722673552314590,Mon Jun 30 16:28:18 +0000 2025,"🇮🇱 Israel, más cerca de un acuerdo con Gaza al situar por primera vez la liberación de los rehenes como prioridad

✍️ Informa @mikelayestaran
https://t.co/Cw54SsnTrd",5,2,0,4458,165,0,1,1,abc_es,ABC,abc_es,0.0,neutral
1939721261057474831,Mon Jun 30 16:22:41 +0000 2025,"@bono_gerard ➡️ Las contradicciones de María Jesús Montero sobre Santos Cerdán: de ser «uno de los mejores» a alguien que «no tiene que ver con el PSOE» 

✍️Por José María Aguilera
https://t.co/DpQ3wmOb5u",36,18,7,7762,204,0,1,1,abc_es,ABC,abc_es,0.0,neutral
1939720592619393346,Mon Jun 30 16:20:02 +0000 2025,"👀 Miles de noruegos creyeron ser ricos por un instante, pero se trataba de un error de la lotería noruega https://t.co/LW49yumluQ",1,0,1,4757,129,0,0,1,abc_es,ABC,abc_es,-0.4019,negative
1939719334290444434,Mon Jun 30 16:15:02 +0000 2025,"👉 El plan de reconstrucción tras la dana de Gan Pampols: 339 medidas y 29.000 millones de euros

✍ Por @tojipi
 https://t.co/3sCwzBMyQs",2,1,1,4926,135,0,1,1,abc_es,ABC,abc_es,0.4939,positive
1939715556262756779,Mon Jun 30 16:00:01 +0000 2025,"🤖 El peculiar acompañante del Camino: «Con los robots evitas problemas porque no juzgan, simplemente actúan»

✍ Ángel Vázquez Rendo
https://t.co/LR9Oauf3Ne",3,1,0,4371,155,0,0,1,abc_es,ABC,abc_es,0.3818,positive
1939712466050814095,Mon Jun 30 15:47:44 +0000 2025,"@bono_gerard 🗣️ María Jesús Montero dice ahora que Santos Cerdán «no tiene nada que ver» con el PSOE 

La noticia ➡️https://t.co/NU40l8MVnY https://t.co/znTzYFcA5B",23,11,19,13049,163,0,1,2,abc_es,ABC,abc_es,0.0,neutral
1939711782173409339,Mon Jun 30 15:45:01 +0000 2025,🍬 La última de Kanye West: pagó a Bianca 250.000 dólares para que usara lencería de dulces que luego ella se comió https://t.co/p4s9Eng0FY,8,1,2,25313,138,0,0,1,abc_es,ABC,abc_es,0.0,neutral
1939708007853568084,Mon Jun 30 15:30:01 +0000 2025,"🔵 #OPINIÓN A la deriva

🗣️ «Cuando un aliado se muestra reacio a sacrificios económicos para reforzar la capacidad de defensa de la Alianza, ¿qué esperarán de él cuando venga el 'todos para uno y uno para todos'»

✒️ Por Fernando García Sánchez
https://t.co/kSgwBdZu5F",1,3,1,4931,268,1,0,1,abc_es,ABC,abc_es,0.0,neutral
1939706443411730940,Mon Jun 30 15:23:48 +0000 2025,"➡ Un brote de salmonelosis afecta a 94 personas en un festival en Oza-Cesuras (La Coruña) 
https://t.co/2Yi8Z8i9mp",2,5,0,5481,114,0,0,1,abc_es,ABC,abc_es,0.4939,positive
1951062831530401832,Thu Jul 31 23:30:02 +0000 2025,#LoMásLeído 📰 Cuánto dinero cobra un banderillero en España por corrida en 2025: sueldos por categoría https://t.co/jYyM6fU2Aw,5,1,1,4808,126,1,0,1,abc_es,ABC,abc_es,0.0,neutral
1951055277513380008,Thu Jul 31 23:00:01 +0000 2025,"🏠 La mansión en la que se rodó 'Ocho apellidos catalanes', a la venta por más de 4 millones de euros https://t.co/InA5joDUY5",5,3,0,6062,124,0,0,1,abc_es,ABC,abc_es,0.0,neutral
1951047729339126116,Thu Jul 31 22:30:02 +0000 2025,#LoMásLeído 📰 Unos padres dejan a su hijo de 10 años en el aeropuerto del Prat y se van de vacaciones sin él por tener el pasaporte caducado: «Es surrealista» https://t.co/y5GMj3CS5a,5,10,1,6017,182,1,0,1,abc_es,ABC,abc_es,-0.5574,negative
1951040178123927690,Thu Jul 31 22:00:01 +0000 2025,"Esterilización animal: Beneficios, riesgos y todo lo que debes saber https://t.co/oAFoXEcMoY",2,1,0,5403,92,0,0,1,abc_es,ABC,abc_es,0.0,neutral
1951036406073016811,Thu Jul 31 21:45:02 +0000 2025,"⚽ El Benfica, el gran rey Midas del fútbol mercado a mercado https://t.co/dBhaR3GBi4",4,2,0,6548,84,0,0,1,abc_es,ABC,abc_es,0.0,neutral
1951032627181285628,Thu Jul 31 21:30:01 +0000 2025,#ABCrecomienda ✍️ El español en la playa: manual de instrucciones https://t.co/QLJ2eYaYAU,5,2,0,6504,89,1,0,1,abc_es,ABC,abc_es,0.0,neutral
1951028855143088448,Thu Jul 31 21:15:02 +0000 2025,🔴 Un luchador y un portero de discoteca matan de una paliza a un hombre y llevan el cadáver a una comisaría de Tenerife https://t.co/03Rz98GZGi,2,3,0,8952,143,0,0,1,abc_es,ABC,abc_es,0.0,neutral
1951026951566524444,Thu Jul 31 21:07:28 +0000 2025,"La portada y la Dos de ABC. Pronto, en
@abckioskoymas https://t.co/FtYSwlhbWe",27,12,10,8026,77,0,1,1,abc_es,ABC,abc_es,0.0,neutral
1951025079711629716,Thu Jul 31 21:00:01 +0000 2025,"‼ La Xunta cree que el peor incendio del verano en Galicia fue intencionado: cinco focos prendidos casi a la vez

✍ @jesus_hierro
https://t.co/pMa4pDEe0A",8,4,2,6536,153,0,1,1,abc_es,ABC,abc_es,0.4939,positive
1951021303541989476,Thu Jul 31 20:45:01 +0000 2025,"🐻 Descubren que los 'superpoderes' de la hibernación están ocultos en nuestro ADN 

✍ @josemnieves
https://t.co/YBwBxVkEs0",11,3,0,7270,122,0,1,1,abc_es,ABC,abc_es,0.4939,positive
1951017529498870130,Thu Jul 31 20:30:01 +0000 2025,#ABCrecomienda ✍️ Vencedores y vencidos de los aranceles de Trump a la UE https://t.co/GFhQw6JeyY,3,3,0,6316,97,1,0,1,abc_es,ABC,abc_es,0.0,neutral
1951013753434013730,Thu Jul 31 20:15:01 +0000 2025,"🎞 La Reina y sus hijas eligen un documental de salud mental para su primera salida en Palma 

✍ Por @AngieCalero 
https://t.co/g23AJjaMUw",18,5,2,7401,137,0,1,1,abc_es,ABC,abc_es,0.4939,positive
1951013748841357370,Thu Jul 31 20:15:00 +0000 2025,"👗 La moda de las fiestas de 15 años llega a España: «Nos hemos gastado 8.000 euros en esta celebración» 

✍️ María Sánchez Palomo
https://t.co/w8HKSs5bD1",5,5,26,13423,153,0,0,1,abc_es,ABC,abc_es,0.3612,positive
1951009978543669459,Thu Jul 31 20:00:01 +0000 2025,➡ Trece menores palestinos enfermos y heridos llegan a España para recibir atención sanitaria https://t.co/SehuiAlJIB,22,4,33,8353,117,0,0,1,abc_es,ABC,abc_es,0.0,neutral
1951006205616197843,Thu Jul 31 19:45:02 +0000 2025,"‼ Asesinado, descuartizado y escondido en un bidón con cal viva: detenidas la novia y la madre https://t.co/uDWbBlJYe8",13,6,1,7518,118,0,0,1,abc_es,ABC,abc_es,0.0,neutral
1951002431476674681,Thu Jul 31 19:30:02 +0000 2025,#ABCrecomienda ✍️ La Seguridad Social deniega el paro a seis de cada diez autónomos https://t.co/7eXH9eHtGh,20,25,5,6035,107,1,0,1,abc_es,ABC,abc_es,0.0,neutral
1950994879154200676,Thu Jul 31 19:00:01 +0000 2025,🙌 Tres policías nacionales salvan la vida a un bebé de un año en Zaragoza https://t.co/7fAggYMMIX,20,4,1,5012,97,0,0,1,abc_es,ABC,abc_es,0.0,neutral
1950994874427195423,Thu Jul 31 19:00:00 +0000 2025,"🔹 #ABCFrenteALosMuros 

La columnista @MFuentealamo se suma a la campaña de ABC ‘Periodismo frente a los muros’.

Ella escribe desde la duda contra el muro del miedo: «porque dudar del miedo quizá nos haga también dudar del muro. Y no se me ocurre una forma mejor de demolerlo» https://t.co/zv0fP2438x",5,4,2,4576,301,1,1,1,abc_es,ABC,abc_es,0.0516,positive
1950992582424642039,Thu Jul 31 18:50:53 +0000 2025,🔴 Muere el aclamado dramaturgo estadounidense Robert Wilson https://t.co/mKbcagmFmO,4,4,0,6664,83,0,0,1,abc_es,ABC,abc_es,0.0,neutral
1950991103999500554,Thu Jul 31 18:45:01 +0000 2025,"🎡 23 heridos, cuatro de ellos de gravedad al partirse en dos una atracción en un parque de diversiones de Arabia Saudí https://t.co/aDYR2yF14z",3,3,0,4896,142,0,0,1,abc_es,ABC,abc_es,0.0,neutral
1950987332938534932,Thu Jul 31 18:30:02 +0000 2025,"#ABCrecomienda ✍️ El juez Hurtado abrirá juicio contra García Ortiz en septiembre, tras el Año Judicial https://t.co/yPlHHUiTVt",14,5,1,5410,127,1,0,1,abc_es,ABC,abc_es,0.0,neutral
1950983556001345559,Thu Jul 31 18:15:01 +0000 2025,‼ Detenido un hombre de 76 años tras un presunto envenenamiento de niños en un campamento en Reino Unido https://t.co/gbRDQzdAks,8,6,0,4844,128,0,0,1,abc_es,ABC,abc_es,0.0,neutral
1950983554059432212,Thu Jul 31 18:15:01 +0000 2025,🔴 Condenan a 8 años de prisión a un hombre por agredir sexualmente a su prima en Ferrol (A Coruña) https://t.co/4BBsWiB7PV,5,4,1,5911,122,0,0,1,abc_es,ABC,abc_es,0.0,neutral
1950982034114990227,Thu Jul 31 18:08:59 +0000 2025,➡️ Un conductor pega un tiro a otro por una discusión de tráfico y huye https://t.co/O5HrMTc2mt,2,1,1,4654,95,0,0,1,abc_es,ABC,abc_es,0.0,neutral
1950980884376531274,Thu Jul 31 18:04:24 +0000 2025,"📉 Cellnex reduce pérdidas un 72,5% el primer semestre hasta 115 millones y sube ingresos un 6% https://t.co/0pu6xlOgqL",3,1,0,4812,118,0,0,1,abc_es,ABC,abc_es,0.0,neutral
1950979779085185251,Thu Jul 31 18:00:01 +0000 2025,"🎮 Conrad Roset, el creativo español que ha conquistado los Oscar de los videojuegos con su arte https://t.co/0R1OO6aZ4m",4,0,1,4020,119,0,0,1,abc_es,ABC,abc_es,0.34,positive
1950976005515948466,Thu Jul 31 17:45:01 +0000 2025,‼ Un tribunal irlandés rechaza el recurso de McGregor en el caso de agresión sexual https://t.co/Ua7fmu9nZa,4,1,0,4168,107,0,0,1,abc_es,ABC,abc_es,0.0,neutral
1950975827786526939,Thu Jul 31 17:44:19 +0000 2025,"🔵 #DIRECTO | Rueda de prensa de Karoline Leavitt, portavoz de la Casa Blanca https://t.co/4cWPPqdd1G",2,1,0,4555,100,1,0,1,abc_es,ABC,abc_es,0.0,neutral
1950972431650205794,Thu Jul 31 17:30:49 +0000 2025,"🔎 Alemania dispuesta a comenzar el proceso para reconocer el Estado palestino

✍️ Rosalía Sánchez
https://t.co/XGjoZeWonb",6,3,0,4386,121,0,0,1,abc_es,ABC,abc_es,0.0,neutral
1950972229308629195,Thu Jul 31 17:30:01 +0000 2025,"#ABCrecomienda ✍️ «Sería mejor que cayera una bomba en Gaza y muriéramos de una vez, en lugar de morir poco a poco cada día» https://t.co/eOz1cyVjf4",1,0,3,3934,148,1,0,1,abc_es,ABC,abc_es,0.0,neutral
1950971552020705312,Thu Jul 31 17:27:19 +0000 2025,"❌ El juez rechaza investigar a Mouliáa por obstrucción a la justicia 

Indica que los mensajes que cruzó con una testigo son naturales entre quienes son «amigas íntimas»

✍️ @JavierLilloA 
https://t.co/Og3GTXX8xG",5,1,1,4256,212,0,1,1,abc_es,ABC,abc_es,0.0,neutral
1950970259726385605,Thu Jul 31 17:22:11 +0000 2025,"🗣️ Un grupo de senadores de EE.UU. acusa a Sánchez de importarle «más la siesta» que ayudar con el 5% en defensa

✍️ @alandete 
https://t.co/8mg5ibHZUj",141,81,69,9703,151,0,1,1,abc_es,ABC,abc_es,0.0,neutral
1950969361717440874,Thu Jul 31 17:18:37 +0000 2025,"➡️ Iberdrola vende a Cox su negocio en México por 3.600 millones

✍️ @raulmasa 
https://t.co/yoTnsDbFHj",1,3,4,4508,103,0,1,1,abc_es,ABC,abc_es,0.0,neutral
1950969104585703596,Thu Jul 31 17:17:36 +0000 2025,"Illa prevé tener la agencia tributaria operativa a pleno rendimiento en 2028 

✍️ Daniel Tercero
https://t.co/yk290nfAgL",0,0,0,4378,120,0,0,1,abc_es,ABC,abc_es,0.0,neutral
1950967967082033420,Thu Jul 31 17:13:05 +0000 2025,"➡️ El Consejo de Informativos de TVE muestra «preocupación» por las productoras externas: «No separan la opinión de la información»

✍️ @ClaraMPagan 
https://t.co/iSt5vxrSTQ",7,8,2,4865,173,0,1,1,abc_es,ABC,abc_es,0.0,neutral
1950964428276433022,Thu Jul 31 16:59:01 +0000 2025,"🔴 #ÚLTIMAHORA El juez procesa al cabecilla de los Petazetaz por dos violaciones a una misma joven, a la que drogó y grabó en vídeo https://t.co/QRCDeC35Tw",24,11,2,22326,154,1,0,1,abc_es,ABC,abc_es,0.0,neutral
1950963483652112537,Thu Jul 31 16:55:16 +0000 2025,"El euríbor se estabiliza por debajo del 2,1% pero las hipotecas a tipo variable seguirán bajando https://t.co/kOT64JqmGN",0,2,0,4241,120,0,0,1,abc_es,ABC,abc_es,0.0,neutral
1950963330710909232,Thu Jul 31 16:54:39 +0000 2025,"🗣️ El PP exige «depurar responsabilidades» en Sanidad tras la dimisión en bloque del comité que elabora el examen MIR

✍️ Esther Armora
https://t.co/s7sKxxv8fr",21,10,2,4870,159,0,0,1,abc_es,ABC,abc_es,0.0,neutral
1950963016939561413,Thu Jul 31 16:53:25 +0000 2025,"➡️ Brasil se defenderá contra la injerencia de Trump contra su soberanía

✍️ @Goyzuet4 
https://t.co/Xzm9Nd4wGi",4,0,0,4096,111,0,1,1,abc_es,ABC,abc_es,0.0,neutral
1950960908785627237,Thu Jul 31 16:45:02 +0000 2025,"El presidente de Italia, otro aliado que se vuelve contra Israel: «Es inhumano reducir a un pueblo al hambre»

✍ Informa @agfuentes1 
https://t.co/AUhD6vx8JA",3,2,2,4480,157,0,1,1,abc_es,ABC,abc_es,0.4939,positive
1950957132800536914,Thu Jul 31 16:30:02 +0000 2025,#ABCrecomienda ✍️ Zapatero se reunirá al menos dos veces en Lanzarote con Sánchez https://t.co/6QQsZjBUXy,3,1,14,5583,105,1,0,1,abc_es,ABC,abc_es,0.0,neutral
1950953358560264415,Thu Jul 31 16:15:02 +0000 2025,"Los españoles dedican un mes más que hace cuatro años al pago de todo tipo de impuestos

✍ Informa José María Camarero
https://t.co/0Lv9kQG24s",394,323,56,80888,142,0,0,1,abc_es,ABC,abc_es,0.4939,positive
1950953014795133248,Thu Jul 31 16:13:40 +0000 2025,"🔴 México logra 'in extremis' otra prórroga de 90 días que evita que EE.UU. aumente los aranceles

✍️ @m_merlo 
https://t.co/3ueELGGrFH",1,0,0,4196,134,0,1,1,abc_es,ABC,abc_es,0.0,neutral
1950952780761346200,Thu Jul 31 16:12:44 +0000 2025,❗️🗣️ Ángel Víctor Torres acusa a Isabel Díaz Ayuso de no querer a los migrantes de Canarias porque son negros https://t.co/Wa0dsOogUc,115,49,348,24630,133,0,0,1,abc_es,ABC,abc_es,-0.296,negative
1950951344300302737,Thu Jul 31 16:07:02 +0000 2025,"➡ El Papa hará doctor de la Iglesia a John Henry Newman, el británico que defendió la prioridad de la conciencia 

✍ @javierMbrocal
https://t.co/x2Wjim504B",22,6,1,4424,155,0,1,1,abc_es,ABC,abc_es,0.4939,positive
1950949582357115292,Thu Jul 31 16:00:01 +0000 2025,"CEOE y Cepyme lamentan que los permisos parentales se aprueben «sin contar» con sindicatos y empresarios

✍ Informa Claudia T. Ferrero
https://t.co/B0prnZbdoY",8,3,0,3801,158,0,0,1,abc_es,ABC,abc_es,0.4939,positive
1950949581480509801,Thu Jul 31 16:00:01 +0000 2025,🔴 Condenado a cadena perpetua el dentista que mató a su mujer con veneno en sus batidos de proteína https://t.co/CwK2JRON4e,24,12,4,18981,123,0,0,1,abc_es,ABC,abc_es,0.0,neutral
1950949581417795770,Thu Jul 31 16:00:01 +0000 2025,"🔹#ABCFrenteALosMuros

@MagfcoMargarito se suma a la campaña ‘Periodismo frente a los Muros’

El columnista y cronista de ABC escribe para derribar el muro de la mediocridad: «En ABC se puede escribir de cualquier tema, pero no de cualquier manera» https://t.co/NbQvvmpI8X",4,1,3,7847,271,1,1,1,abc_es,ABC,abc_es,-0.296,negative
1950948766782988592,Thu Jul 31 15:56:47 +0000 2025,‼️ Sergio Rollón pasa por tercera vez por el quirófano para «sacarle toda la basura que tiene» https://t.co/bE88vBBimW,2,1,0,4710,118,0,0,1,abc_es,ABC,abc_es,0.0,neutral
1950945811015110769,Thu Jul 31 15:45:02 +0000 2025,Un cuñado de Cerdán trabajó como albañil para Servinabar y cobró 61.669 euros de la empresa clave del caso Koldo https://t.co/CfwqmwCJsD,15,13,3,4972,136,0,0,1,abc_es,ABC,abc_es,0.0,neutral
1950942716080083392,Thu Jul 31 15:32:44 +0000 2025,‼ Los Williams responden a la querella por apropiación indebida: «Buscan coaccionarnos» https://t.co/JFJEVsVBvh,3,2,8,4929,111,0,0,1,abc_es,ABC,abc_es,0.0,neutral
1950942034077827366,Thu Jul 31 15:30:02 +0000 2025,"🔵 #OPINIÓN Educación y descanso

🗣️ «Hay quien fía a los menas el pago de nuestras prestaciones de la Seguridad Social aunque no hay previstos cursos que les permitan salidas laborales»

✒️ Por Berta González de Vega
https://t.co/79E0CaKqct",3,2,0,3806,240,1,0,1,abc_es,ABC,abc_es,-0.296,negative
1950938255861391577,Thu Jul 31 15:15:01 +0000 2025,China teme que Nvidia haya explotado sus chips de IA para el espionaje https://t.co/5DlvpeNA97,2,0,1,4402,94,0,0,1,abc_es,ABC,abc_es,0.0,neutral
1950938249460867435,Thu Jul 31 15:15:00 +0000 2025,🔴 #ÚLTIMAHORA Morant rompe su silencio tras las polémicas del PSOE para defender a José María Ángel: «No voy a renunciar a él» https://t.co/oomVcqE7bO,1,2,2,5734,150,1,0,1,abc_es,ABC,abc_es,0.1027,positive
1950938073836949573,Thu Jul 31 15:14:18 +0000 2025,"➡ Una sentencia del Supremo da esperanza a los regantes para salvar el trasvase Tajo-Segura de los recortes del Gobierno 

✍ José Luis Fernández
https://t.co/WPy9u4dYVS",3,3,0,4155,168,0,0,1,abc_es,ABC,abc_es,0.7269,positive
1950934484083200184,Thu Jul 31 15:00:02 +0000 2025,❗ Denuncian que un buque implicado en el comercio de armamento con Israel atraca en Barcelona con la «complicidad» del Gobierno https://t.co/YZKAuaVV8Z,7,2,0,4151,151,0,0,1,abc_es,ABC,abc_es,0.0,neutral
1950930705967435921,Thu Jul 31 14:45:01 +0000 2025,"❗ Dejan inconsciente de una paliza a un hombre en la terraza de un bar para robarle la cartera y el móvil

✍ Informa Isabel Jimeno
https://t.co/tUN53cirwK",20,10,4,7494,154,0,0,1,abc_es,ABC,abc_es,0.4939,positive
1950929443293401142,Thu Jul 31 14:40:00 +0000 2025,El oso pardo regresa a nuestros montes y “Conexión a Tierra” desvela por qué @Endesa #ad https://t.co/SeoTelRZTW,5,4,0,4499,112,1,1,1,abc_es,ABC,abc_es,0.0,neutral
1950929295590748231,Thu Jul 31 14:39:25 +0000 2025,🥇 Un descarado Carles Coll se planta en la final de 200 braza https://t.co/ZV3nvnZpoZ,2,1,0,4592,85,0,0,1,abc_es,ABC,abc_es,0.4767,positive
1950928560106987852,Thu Jul 31 14:36:29 +0000 2025,"🔝 Kendrick Lamar y SZA revolucionan Barcelona con un espectáculo de contrastes en equilibrio

✍️ Informa Claudia Kittsteiner
https://t.co/0QKK9AQmcU",1,1,0,4544,148,0,0,1,abc_es,ABC,abc_es,0.368,positive
1962266652805894407,Sun Aug 31 21:30:01 +0000 2025,"❌ Una jueza bloquea 'in extremis' la deportación de un grupo de menores no acompañados de Guatemala 

✍ @jansorena
https://t.co/zZkoFPXK1c",4,3,0,7894,138,0,1,1,abc_es,ABC,abc_es,0.25,positive
1962265778079535212,Sun Aug 31 21:26:33 +0000 2025,La portada y la Dos de ABC. Pronto en @abckioskoymas https://t.co/fejgNZInV4,22,11,2,10208,76,0,1,1,abc_es,ABC,abc_es,0.0,neutral
1962262879861694794,Sun Aug 31 21:15:02 +0000 2025,📈 Aumenta el número de personas que adquieren la nacionalidad española: estos son los principales países de procedencia https://t.co/or1kGq0QfT,14,7,13,11387,143,0,0,1,abc_es,ABC,abc_es,0.0,neutral
1962262879270256837,Sun Aug 31 21:15:02 +0000 2025,El año de cambios que Ana Rosa Quintana encara con un eterno ritual en su regreso a las mañanas https://t.co/uQittujnaD,9,2,2,8037,119,0,0,1,abc_es,ABC,abc_es,0.0,neutral
1962261619968258216,Sun Aug 31 21:10:01 +0000 2025,‼ Detenido un menor por violar a una joven de 14 años en Hortaleza https://t.co/d2qCFkPsXo,28,18,22,15701,90,0,0,1,abc_es,ABC,abc_es,0.0,neutral
1962259104744739307,Sun Aug 31 21:00:02 +0000 2025,"Un técnico de emergencias explica realmente qué pasa con los 10.000 pasos al día: «Es un mito, pero...» https://t.co/IiYyWixlHu",4,1,1,8495,127,0,0,1,abc_es,ABC,abc_es,0.0,neutral
1962255328722014312,Sun Aug 31 20:45:01 +0000 2025,Cuánto cobra un mecánico de la Fórmula 1: sueldo base y complementos https://t.co/ybfh4ewxeE,4,3,2,9826,92,0,0,1,abc_es,ABC,abc_es,0.0,neutral
1962251552208380341,Sun Aug 31 20:30:01 +0000 2025,🚣‍♂️ Tres hermanos escoceses baten un récord mundial tras cruzar a remo el océano Pacífico en 139 días https://t.co/En6Ky7TQeA,11,2,0,8722,126,0,0,1,abc_es,ABC,abc_es,0.0,neutral
1962247779461325193,Sun Aug 31 20:15:02 +0000 2025,"🔎 Así es 'Cibeles', la canción de Sergio Ramos con un mensaje oculto para Florentino https://t.co/ShRUgoNMdE",2,1,2,9551,108,0,0,1,abc_es,ABC,abc_es,0.0,neutral
1962247778609877368,Sun Aug 31 20:15:01 +0000 2025,Tiene solo tres episodios y es un éxito en Netflix: la nueva serie de Carmen Mola con reparto de 'La casa de papel' que está arrasando https://t.co/ETAL9oaxgf,63,5,3,64843,158,0,0,1,abc_es,ABC,abc_es,0.0,neutral
1962244003341976036,Sun Aug 31 20:00:01 +0000 2025,"El fin de una era: Villa Certosa, el símbolo de poder y excesos de Berlusconi, a un paso de la venta https://t.co/5ksNCtZva9",1,2,0,6599,124,0,0,1,abc_es,ABC,abc_es,0.0,neutral
1962240227218452819,Sun Aug 31 19:45:01 +0000 2025,El barrio de las desdichas: de la venta 'fake' de su sede vecinal al robo en el parque que montaron solos https://t.co/dHnEUXaDJJ,0,0,0,6531,129,0,0,1,abc_es,ABC,abc_es,-0.4767,negative
1962235148558115139,Sun Aug 31 19:24:50 +0000 2025,"‼ España queda eliminada, pese a luchar hasta la extenuación ante Irlanda https://t.co/ztIrbP0Sqx",2,3,0,6320,97,0,0,1,abc_es,ABC,abc_es,0.0,neutral
1962234807661830652,Sun Aug 31 19:23:29 +0000 2025,🏀 España muestra su mejor versión y aplasta a Chipre https://t.co/ev4QtquUk3,2,2,0,6227,76,0,0,1,abc_es,ABC,abc_es,0.0,neutral
1962234702368059889,Sun Aug 31 19:23:04 +0000 2025,"🗣 El primer ministro Bayrou alerta de que «el destino de Francia» está en juego en el voto de confianza del 8 de septiembre 

✍ @jpquinonero
https://t.co/BWEh6IghOp",3,2,0,6311,164,0,1,1,abc_es,ABC,abc_es,0.4939,positive
1962234039131062749,Sun Aug 31 19:20:26 +0000 2025,🗣️ «Levántate con tus cojones y vamos a pelearnos como hombres»: piden prisión para un acusado de amenazar a transexuales https://t.co/WaRsiG9QSa,0,0,1,6061,145,0,0,1,abc_es,ABC,abc_es,0.0,neutral
1962232678293307551,Sun Aug 31 19:15:01 +0000 2025,"La transformación de Osel, el niño lama español: de ser 'el elegido' del budismo a escapar para irse de fiesta a Ibiza... gracias a Linkin Park https://t.co/LIoBJYUvyz",7,2,0,6383,167,0,0,1,abc_es,ABC,abc_es,0.4767,positive
1962228905764364653,Sun Aug 31 19:00:02 +0000 2025,Una joven española aclara si es peligroso viajar sola a Marruecos: «Si no os sentís cómodas...» https://t.co/3qSu4MfGpv,5,3,1,7274,119,0,0,1,abc_es,ABC,abc_es,-0.296,negative
1962225132081914060,Sun Aug 31 18:45:02 +0000 2025,"El batallón de futbolistas y los cientos de hinchas que les siguieron para luchar junto a ellos en la Primera Guerra Mundial 

✍ Por Israel Viana
https://t.co/5DYWybbynT",3,2,0,6094,169,0,0,1,abc_es,ABC,abc_es,0.4939,positive
1962217580522770666,Sun Aug 31 18:15:02 +0000 2025,"Alejandro Amenábar, cineasta: «Si Cervantes hubiera sido homosexual, ¿qué problema habría?» https://t.co/nwdxy9oQ5B",93,10,298,72283,115,0,0,1,abc_es,ABC,abc_es,0.0,neutral
1962213804994899969,Sun Aug 31 18:00:01 +0000 2025,"Mapa de ciudades, caminos y cicatrices de Alatriste https://t.co/FneZyWhDqS",8,2,0,5728,75,0,0,1,abc_es,ABC,abc_es,0.0,neutral
1962194930350137387,Sun Aug 31 16:45:01 +0000 2025,¿Cuál es la verdadera capacidad militar de Venezuela hoy? https://t.co/632zkNLJwn,1,2,5,6257,81,0,0,1,abc_es,ABC,abc_es,0.0,neutral
1962194726687244736,Sun Aug 31 16:44:13 +0000 2025,‼️ Israel afirma haber asesinado al portavoz del brazo armado de Hamás https://t.co/gFRb3Kx5wC,254,57,28,11619,94,0,0,1,abc_es,ABC,abc_es,0.0,neutral
1962194434969280824,Sun Aug 31 16:43:03 +0000 2025,➡️ La Generalitat pide por carta a los ayuntamientos que se sumen a la campaña por el catalán https://t.co/QgH3wCDLw7,0,0,2,5164,117,0,0,1,abc_es,ABC,abc_es,0.0,neutral
1962193988149977475,Sun Aug 31 16:41:17 +0000 2025,"➡️ Carmen Ninet se jubila en plena investigación por su falta de titulación

✍️ @davidmaroto 
https://t.co/MsGAGT7l1E",6,3,2,5780,117,0,1,1,abc_es,ABC,abc_es,0.0,neutral
1962193789956571412,Sun Aug 31 16:40:29 +0000 2025,➡️ El gobernador paulista Tarcisio de Freitas promete indultar a Bolsonaro si es elegido presidente de Brasil https://t.co/XSSbjlFoAi,8,3,0,5426,133,0,0,1,abc_es,ABC,abc_es,0.0,neutral
1962187382007967815,Sun Aug 31 16:15:02 +0000 2025,"Pérez-Reverte, Dan Brown, Chimamanda Ngozi, Woddy Allen... estos son los grandes lanzamientos de la rentrée literaria 

✍ Por @brunopardoo 
https://t.co/UzOB0SdkaL",6,3,1,5622,163,0,1,1,abc_es,ABC,abc_es,0.4939,positive
1962183605989323126,Sun Aug 31 16:00:01 +0000 2025,"🏹 Las flechas que acabaron con Leónidas y sus 300 espartanos 

✍ @MartaC_Grecia
https://t.co/30xZD4gwS9",3,0,0,5292,103,0,1,1,abc_es,ABC,abc_es,0.4939,positive
1962134535631466510,Sun Aug 31 12:45:02 +0000 2025,"De Noriega a Maduro: EE.UU. contra las narcodictaduras

✍ Por @EnriqueSerbeto 
 https://t.co/WpchI8M2Cr",12,7,3,5721,103,0,1,1,abc_es,ABC,abc_es,0.4939,positive
1962130757360451692,Sun Aug 31 12:30:01 +0000 2025,"🔵 #OPINIÓN Reflexivo, sereno, humilde...
 
🗣 «El Rey pidió algo revolucionario: Pararse a pensar tras una hecatombe»

🖋 Por @ExpositoCOPE  https://t.co/cN3K34r0Wc",7,3,2,5615,162,1,1,1,abc_es,ABC,abc_es,0.0,neutral
1962126983736775154,Sun Aug 31 12:15:02 +0000 2025,"Karlos Arguiñano, tajante sobre los chefs con estrella Michelin: «Se ganan la vida fuera de sus restaurantes» https://t.co/QI0ZYOZ4Qi",4,1,1,5840,133,0,0,1,abc_es,ABC,abc_es,0.0,neutral
1962125071914299444,Sun Aug 31 12:07:26 +0000 2025,"José Antonio Morante de la Puebla: «Roca me dijo lo del purito con guasa y me sentó peor» 

✍️La entrevista por @AlbertoGReyes en ⤵️

https://t.co/TcGU7YhtC0",5,1,1,6449,157,0,1,1,abc_es,ABC,abc_es,0.0,neutral
1962123265062650006,Sun Aug 31 12:00:15 +0000 2025,Von der Leyen defiende una «Ucrania bien armada» durante su viaje a la frontera polaca con Bielorrusia https://t.co/qby9slZFDx,6,2,1,5213,126,0,0,1,abc_es,ABC,abc_es,0.0,neutral
1962123206971511103,Sun Aug 31 12:00:01 +0000 2025,Nuevos «suplementos» que cobran algunos bares y las dudas legales que suscitan en redes https://t.co/96ku5H5a9r,2,5,1,4851,111,0,0,1,abc_es,ABC,abc_es,0.0,neutral
1962092932632047906,Sun Aug 31 09:59:43 +0000 2025,"🆕🔷¡Estreno en ABC! 

🔊 #PÓDCAST 'Carlo Acutis: el santo milenial', donde analizamos la figura del nuevo santo y el fenómeno fan que ha desatado entre los católicos

🗓️Este lunes, el primer episodio en https://t.co/TUQ8FzYZO7 y en las principales plataformas de audio https://t.co/zLyEFqORj4",19,8,3,9250,290,1,0,2,abc_es,ABC,abc_es,0.6114,positive
1962090635084575117,Sun Aug 31 09:50:35 +0000 2025,"🔵 ENTREVISTA EXCLUSIVA | José Antonio Morante de la Puebla: «La cornada que tengo en mi cabeza es mucho más difícil que se cierre»

✍️ Esto y mucho más, por @AlbertoGReyes en ➡️ https://t.co/jJMKBZ1tKt https://t.co/gvcxlBX0Jp",14,7,4,13625,225,0,1,2,abc_es,ABC,abc_es,0.0,neutral
1962089235260871103,Sun Aug 31 09:45:02 +0000 2025,"¿Vuelve la mili? Los países europeos se plantean recuperar la mili ante la amenaza rusa

✍ Por Rosalía Sánchez, corrsponsal en Berlín
https://t.co/l9BYjp4u6g",7,3,11,5625,157,0,0,1,abc_es,ABC,abc_es,0.4939,positive
1962085459519017311,Sun Aug 31 09:30:01 +0000 2025,"🔵 #EDITORIAL Asesinatos de periodistas en Gaza

🗣«Desde que empezó la invasión israelí de la Franja 250 periodistas han sido asesinados por ejercer el simple oficio de informar» https://t.co/gDCYYSh7bq",3,0,1,4900,201,1,0,1,abc_es,ABC,abc_es,0.0,neutral
1962081685836579259,Sun Aug 31 09:15:02 +0000 2025,"Ganarse la vida como 'chica imagen': «Piensan que eres prostituta y que por cinco euros harás lo que sea» 

✍ Por Macarena Hortal
https://t.co/L9XmtlRyRu",5,2,7,7649,153,0,0,1,abc_es,ABC,abc_es,0.4939,positive
1962077909880918126,Sun Aug 31 09:00:02 +0000 2025,📈 Las mujeres jóvenes tienen más probabilidad de ictus que los hombres de su misma edad https://t.co/Mp0b9QTN9F,3,1,1,4589,111,0,0,1,abc_es,ABC,abc_es,0.0,neutral
1961994861969604622,Sun Aug 31 03:30:01 +0000 2025,"#LoMásLeído📰 Los veranos distantes de la familia Jurado, cada uno por su lado https://t.co/tb2oU1y9Ot",4,0,1,5423,101,1,0,1,abc_es,ABC,abc_es,0.0,neutral
1961987312914477059,Sun Aug 31 03:00:02 +0000 2025,🧠 Los pulgares y el cerebro evolucionaron juntos para hacernos inteligentes https://t.co/gYgKPReAqD,9,1,1,5641,99,0,0,1,abc_es,ABC,abc_es,0.0,neutral
1961964661009420351,Sun Aug 31 01:30:01 +0000 2025,"#LoMásLeído📰 Gasolina a 0,13 euros por un fallo y tiene que venir la policía por la avalancha https://t.co/p4w6sbM5jY",5,3,0,5267,117,1,0,1,abc_es,ABC,abc_es,0.0,neutral
1961957116379341284,Sun Aug 31 01:00:02 +0000 2025,🏰 El palacio barroco del siglo XVIII declarado Monumento Nacional que puedes visitar gratis en Barcelona https://t.co/LUuNjMNkRa,4,0,0,5002,128,0,0,1,abc_es,ABC,abc_es,0.0516,positive
1961949563578646701,Sun Aug 31 00:30:01 +0000 2025,#LoMásLeído📰 Hacienda traslada a la Autoridad Fiscal una lista de razones para aplazar los Presupuestos de 2026 https://t.co/z2WxKdXOXG,10,7,2,5589,135,1,0,1,abc_es,ABC,abc_es,0.0,neutral
1961942014871658517,Sun Aug 31 00:00:02 +0000 2025,📺 Tiene solo tres episodios y es un éxito en Netflix: la nueva serie de Carmen Mola con reparto de 'La casa de papel' que está arrasando https://t.co/uf3O8vIuch,9,0,1,8350,160,0,0,1,abc_es,ABC,abc_es,0.0,neutral
1961934466307252733,Sat Aug 30 23:30:02 +0000 2025,#LoMásLeído📰 Una investigación española revoluciona el tratamiento del infarto y pone fin a una práctica utilizada desde hace cuatro décadas https://t.co/kwIX1OkpJZ,11,2,2,7155,164,1,0,1,abc_es,ABC,abc_es,0.0,neutral
1961926913955340370,Sat Aug 30 23:00:01 +0000 2025,‼ Hallan una fosa común del Cementerio General del Norte durante las obras de un parking en Arapiles https://t.co/rDFSvtMA1Y,6,2,0,7061,124,0,0,1,abc_es,ABC,abc_es,0.0,neutral
1961919363855847786,Sat Aug 30 22:30:01 +0000 2025,#LoMásLeído📰 Esta es la razón por la qué algunas mujeres saludables sufren infartos e ictus https://t.co/sE6n94G0Eg,14,8,2,8743,115,1,0,1,abc_es,ABC,abc_es,0.0,neutral
1961911815073374711,Sat Aug 30 22:00:01 +0000 2025,🔎 ¿Qué escondían los espías bajo su gabardina?  Un libro rescata algunos de estos objetos fabricados en laboratorios ocultos - XL Semanal https://t.co/nk8nXQiort,5,1,0,7193,161,0,0,1,abc_es,ABC,abc_es,0.0,neutral
1961802345446031833,Sat Aug 30 14:45:02 +0000 2025,"Ni Madrid ni Murcia: esta es la ciudad de España más maleducada, según un estudio https://t.co/ifhVWctTKk",1,2,1,5845,105,0,0,1,abc_es,ABC,abc_es,0.0,neutral
1961802182044364923,Sat Aug 30 14:44:23 +0000 2025,🔴 Muere una persona y otras cinco resultan heridas en un atropello masivo en Francia: hay tres detenidos https://t.co/yVGmvB8Gs5,58,49,8,9975,128,0,0,1,abc_es,ABC,abc_es,0.0,neutral
1961799801986498878,Sat Aug 30 14:34:55 +0000 2025,"📍 Hace tan sólo una semana se encontraron la mayoría de sus efectos personales, excepto sus tarjetas de crédito, teléfono móvil y pasaporte, en la zona de basuras del hotel Bumi Aditya, en la playa de Senggigi https://t.co/4fj9s2gVJf",14,4,1,12529,233,0,0,1,abc_es,ABC,abc_es,0.0,neutral
1961799799943958791,Sat Aug 30 14:34:55 +0000 2025,"📍 Mati llevaba desaparecida en la isla de Lombok (Indonesia) desde el pasado 1 de julio

Exazafata de compañías aéreas, llevaba años recorriendo el mundo, sobre todo el continente asiático, donde aseguraba a sus cercanos sentirse muy contenta https://t.co/2kIrMaX4mo",16,8,2,11861,266,0,0,1,abc_es,ABC,abc_es,0.0,neutral
1961798566520701331,Sat Aug 30 14:30:01 +0000 2025,"🔵 #OPINIÓN La pasta y los impuestos

🗣 «Las covachuelas de nuestras administraciones ocultan un desconocido número de enchufados»

🖋 @Ramon_Palomar  https://t.co/lZGwnPPKda",4,1,0,5349,172,1,1,1,abc_es,ABC,abc_es,0.0,neutral
1961796849058172980,Sat Aug 30 14:23:11 +0000 2025,🔴 #ÚLTIMAHORA Hallados los restos mortales de Mati Muñoz en Indonesia https://t.co/571aIScOU3,167,54,11,46334,93,1,0,1,abc_es,ABC,abc_es,0.0,neutral
1961796039876169859,Sat Aug 30 14:19:58 +0000 2025,🔴 #ÚLTIMAHORA Hallados los restos mortales de Mati Muñoz en Indonesia https://t.co/h6ogfIICuZ,1,0,1,4464,93,1,0,1,abc_es,ABC,abc_es,0.0,neutral
1961794795241627907,Sat Aug 30 14:15:02 +0000 2025,Esta es la razón por la qué algunas mujeres saludables sufren infartos e ictus https://t.co/GQElm4rsMY,1,1,2,5684,102,0,0,1,abc_es,ABC,abc_es,0.0,neutral
1961791974953931077,Sat Aug 30 14:03:49 +0000 2025,🔴 La flotilla internacional partirá de Barcelona a Gaza con más de 20 barcos y más de 300 personas https://t.co/iCFi1CxfBO,22,3,41,12424,122,0,0,1,abc_es,ABC,abc_es,0.0,neutral
1961791019986354528,Sat Aug 30 14:00:02 +0000 2025,"⚽ Royal Saint Gilloise, rival y curioso espejo bruselense del Atlético de Madrid https://t.co/iIi8qmk5zE",1,0,0,4648,104,0,0,1,abc_es,ABC,abc_es,0.0,neutral
1973153390210244946,Tue Sep 30 22:30:02 +0000 2025,"#LoMásLeído 📰 Sebastián de la Rosa, médico especialista en longevidad: «Los carbohidratos son un error tras el ayuno intermitente» https://t.co/SOHSwLMHU7",5,2,0,4100,154,1,0,1,abc_es,ABC,abc_es,-0.4019,negative
1973145838034567489,Tue Sep 30 22:00:01 +0000 2025,😱 Leonardo Sbaraglia se estrena en la escena española con la obra 'Los días perfectos' https://t.co/SA42n1vLYg,1,2,0,4499,110,0,0,1,abc_es,ABC,abc_es,-0.7003,negative
1973098022914441609,Tue Sep 30 18:50:01 +0000 2025,"🌍 Arnold Schwarzenegger presenta en el Vaticano su plan para salvar el planeta del apocalipsis climático

✍ Informa @javierMbrocal 
https://t.co/uLrgy4sjDl",5,2,4,4767,155,0,1,1,abc_es,ABC,abc_es,0.4939,positive
1973097896594587969,Tue Sep 30 18:49:31 +0000 2025,"🗣️ «Tenemos un presidente que no solo está loco, es una presencia muy oscura», ha asegurado el actor Richard Gere sobre Donald Trump en una cena benéfica organizada por la ONG Open Arms https://t.co/q9vWH9EmHA",264,87,582,66367,209,0,0,1,abc_es,ABC,abc_es,0.0516,positive
1973095970238857551,Tue Sep 30 18:41:52 +0000 2025,"⭕️Nuevas imágenes muestran la magnitud del terremoto de 6,9 grados que sacudió Filipinas https://t.co/yg4D93duSL",77,25,1,14545,112,0,0,1,abc_es,ABC,abc_es,0.0,neutral
1973095507946873012,Tue Sep 30 18:40:02 +0000 2025,"💢 Sumar desautoriza a su diputado y remarca que se puede gobernar con los presupuestos prorrogados

✍ Informa @jcasillas_bayo 
https://t.co/EElaTyrBfd",2,1,1,4135,150,0,1,1,abc_es,ABC,abc_es,-0.128,negative
1973094589016715527,Tue Sep 30 18:36:23 +0000 2025,"🗣️ El presidente del Sabadell, sobre David Martínez: «Nunca ha sido un accionista estratégico»

✍️ Informa @danicb13
https://t.co/jasmC2zKIE",0,0,0,4205,140,0,1,1,abc_es,ABC,abc_es,0.34,positive
1973092989028258133,Tue Sep 30 18:30:01 +0000 2025,#ABCrecomienda ✍️ Cáritas se ahoga en su montaña de ropa usada https://t.co/e9PPUVyCFW,2,1,0,4579,86,1,0,1,abc_es,ABC,abc_es,0.0,neutral
1973090475558010989,Tue Sep 30 18:20:02 +0000 2025,👉 El Ayuntamiento de Madrid ofrecerá información sobre el síndrome postaborto https://t.co/qcaiWhbXQm,6,1,2,4345,101,0,0,1,abc_es,ABC,abc_es,0.0,neutral
1973090402497417687,Tue Sep 30 18:19:44 +0000 2025,"@alandete @joanguirado @davidyaguec @rosameneses10 🔵 #EDITORIAL El plan de paz y la impostura 

🗣️ «La propuesta de Trump consigue desactivar la la retórica de Sánchez sobre Gaza e Israel y expone las grietas internas de su Gobierno»

https://t.co/1I9IlDnMnV",1,1,0,3845,258,1,4,1,abc_es,ABC,abc_es,0.0,neutral
1973087960011518049,Tue Sep 30 18:10:02 +0000 2025,🤝 Trump y Pfizer anuncian un acuerdo para bajar los precios de medicamentos en Estados Unidos https://t.co/vhpk3BlKS5,7,4,1,4209,117,0,0,1,abc_es,ABC,abc_es,0.0,neutral
1973085441948582205,Tue Sep 30 18:00:02 +0000 2025,"📺 Dónde ver online y en televisión al Atlético de Madrid hoy en Champions y a qué hora juega el partido contra el Eintracht de Fráncfort 

✍ Informa Ángel Luis Menéndez
https://t.co/wNl6EMsFqf",2,2,0,3323,192,0,0,1,abc_es,ABC,abc_es,0.765,positive
1973054960431407112,Tue Sep 30 15:58:54 +0000 2025,🔵 #DIRECTO | Rueda de prensa de Donald Trump desde la Casa Blanca https://t.co/IFjjnbfwd1,3,2,1,3069,89,1,0,1,abc_es,ABC,abc_es,0.0,neutral
1973053841382719566,Tue Sep 30 15:54:28 +0000 2025,🔴 #ÚLTIMAHORA | El accionista y consejero David Martínez rompe el rechazo unánime del Sabadell y anuncia que acudirá a la opa de BBVA https://t.co/6NQq7GG8KD,3,2,0,3987,157,1,0,1,abc_es,ABC,abc_es,0.0,neutral
1973051470862848270,Tue Sep 30 15:45:02 +0000 2025,"👉 Hamás estudia el plan de paz de Trump y Netanyahu bajo presión internacional

✍ Informa José Ignacio de la Torre
https://t.co/0fJXr07OOr",10,6,1,4911,138,0,0,1,abc_es,ABC,abc_es,0.4939,positive
1973049914268471322,Tue Sep 30 15:38:51 +0000 2025,"@tojipi @davidmaroto ❗️ Ibiza se enfrenta a un diluvio que afecta a centros de salud y causa cortes eléctricos

✍️ Informa @mayte_amoros
https://t.co/jY9aUBhT5z",3,2,1,4257,160,0,3,1,abc_es,ABC,abc_es,0.0,neutral
1973048700227264941,Tue Sep 30 15:34:02 +0000 2025,"✔️ Alineación confirmada del Real Madrid ante el Kairat en el partido de Champions hoy

✍️ Informa Isaac Asenjo
https://t.co/ef9df4gZSV",1,1,1,3817,135,0,0,1,abc_es,ABC,abc_es,0.5267,positive
1973047693720035656,Tue Sep 30 15:30:02 +0000 2025,"🔵 Cartas al director: Necesitamos una nueva ONU

✉ «Han pasado casi 80 años desde su creación y el mundo ha cambiado drásticamente. Ya no es suficiente una estructura que favorezca el 'statu quo' de unos pocos»
 https://t.co/Me95KiX9dY",7,3,4,4359,235,0,0,1,abc_es,ABC,abc_es,0.0516,positive
1973045177741647934,Tue Sep 30 15:20:02 +0000 2025,"❗ La Fiscalía acusa a Bartomeu de causar un perjuicio económico al Barça con el fichaje de Malcom, la contratación de un abogado y pagos al Club Esportiu Laietà

✍ Informa @elenaburesg 
https://t.co/hWY6jOMRgG",8,2,1,5074,209,0,1,1,abc_es,ABC,abc_es,0.4939,positive
1973043027741438035,Tue Sep 30 15:11:29 +0000 2025,"🔴 Fabrican óvulos humanos fecundables a partir de células de la piel 

✍ Informa Rafael Ibarra
https://t.co/C6JAxdfQoy",7,0,1,4095,118,0,0,1,abc_es,ABC,abc_es,0.4939,positive
1973042663801720937,Tue Sep 30 15:10:03 +0000 2025,📺 Dónde ver online y en televisión al Real Madrid hoy en Champions y a qué hora juega el partido contra el Kairat Almaty https://t.co/M4DEjszzHM,5,1,2,7278,144,0,0,1,abc_es,ABC,abc_es,0.5267,positive
1973040146141319335,Tue Sep 30 15:00:02 +0000 2025,"‼ Médicos Sin Fronteras denuncia que los puntos de distribución de ayuda en Gaza son «un espectáculo inhumano»

✍ Clara Luque
https://t.co/X6ui2SWH9r",8,3,1,3627,149,0,0,1,abc_es,ABC,abc_es,-0.1027,negative
1973009819339764049,Tue Sep 30 12:59:32 +0000 2025,"📈 Ayuso exhibe la fuerza de Madrid, que representa ya el 19,8% de la economía nacional

✍️ @Marianocalleja 
https://t.co/D2q91suQnl",20,4,4,4008,131,0,1,1,abc_es,ABC,abc_es,0.0,neutral
1973009016357101906,Tue Sep 30 12:56:20 +0000 2025,"⏰ El Gobierno acelera el registro horario de Yolanda Díaz ante el recelo de la patronal

✍️ @jmcamarero 
https://t.co/MqaEZhFCaL",1,0,2,3608,128,0,1,1,abc_es,ABC,abc_es,-0.34,negative
1973008655227502837,Tue Sep 30 12:54:54 +0000 2025,"➡️ Eslovaquia reforma la constitución para subordinar el derecho comunitario a las leyes nacionales

✍️ Rosalía Sánchez
https://t.co/rfPDuI52Yl",1,1,2,3535,143,0,0,1,abc_es,ABC,abc_es,0.0,neutral
1973008308408811969,Tue Sep 30 12:53:32 +0000 2025,"🔴 Las fuertes lluvias provocan el desprendimiento de un talud del barranco del Poyo a su paso por Picanya

✍️ Alba Pérez Espada
https://t.co/cNN6B1cdJ7",8,5,1,4380,151,0,0,1,abc_es,ABC,abc_es,0.0,neutral
1973007681901539755,Tue Sep 30 12:51:02 +0000 2025,🗣️ Pilar Alegría defiende a Begoña Gómez tras el último informe de la UCO: «No hay nada» https://t.co/I6RVRpAuPe,2,2,6,3878,112,0,0,1,abc_es,ABC,abc_es,0.0,neutral
1973007494650937737,Tue Sep 30 12:50:18 +0000 2025,🔴 Muere una joven de 22 años atropellada por el tranvía en Tenerife https://t.co/69Ebey0egp,0,1,1,4783,91,0,0,1,abc_es,ABC,abc_es,0.0,neutral
1973006170013974847,Tue Sep 30 12:45:02 +0000 2025,"Vox redobla su apuesta contra la inmigración ilegal en Madrid y desafía al PP de Ayuso

Los populares se abren a negociar un acuerdo en la Asamblea si reconocen las competencias regionales

 ✍ Informa @Marianocalleja https://t.co/6cBmMPZAmp",3,1,1,3764,240,0,1,1,abc_es,ABC,abc_es,0.4939,positive
1973006043668938845,Tue Sep 30 12:44:32 +0000 2025,"‼ Almaraz se aproxima a su cierre: la central ya prepara su desmantelamiento

✍️ @Garcia_Duran_ 
https://t.co/AaxUy4gPmU",1,4,1,4061,120,0,1,1,abc_es,ABC,abc_es,0.0,neutral
1973003896873202007,Tue Sep 30 12:36:00 +0000 2025,"🎄 Diosdado Cabello, el secretario general del PSUV, recordó que este 1 de octubre comienza oficialmente la Navidad en Venezuela, una medida que él mismo decretó hace varios años https://t.co/rh8U2b9h10",12,6,10,8550,201,0,0,1,abc_es,ABC,abc_es,0.0,neutral
1973002395568185795,Tue Sep 30 12:30:02 +0000 2025,"🔵 #OPINIÓN Genio de España

🗣️ «Cuando más presumía el Gobierno de inmigración sale el finlandés Stubb y dice que el responsable de ella es… Putin»

✒️ Por @iruizquintano
https://t.co/fLHd2VufvD",4,1,1,4650,194,1,1,1,abc_es,ABC,abc_es,0.0,neutral
1972998618450702434,Tue Sep 30 12:15:01 +0000 2025,"‼ Pulseras antimaltrato defectuosas en Madrid: fallos al mojarse y el mismo pitido para baja batería y agresor cercano

 ✍ Por @Marianocalleja https://t.co/48WaHVePVA",6,3,0,4035,166,0,1,1,abc_es,ABC,abc_es,0.4939,positive
1972994845854593483,Tue Sep 30 12:00:02 +0000 2025,"@alandete @joanguirado @davidyaguec ❌ Sumar se desmarca de Sánchez y considera una «farsa» el plan de paz de Trump en Gaza

✍ Informa Guillermo Calvo  https://t.co/b9QL7ytb3Z",3,2,7,10145,174,0,3,1,abc_es,ABC,abc_es,0.4939,positive
1972975968567361874,Tue Sep 30 10:45:01 +0000 2025,"@tojipi @davidmaroto 🔴 #URGENTE La Aemet eleva a rojo el aviso por lluvias en Ibiza y Formentera.

 ➡ Un colegio ha tenido que ser desalojado a primera hora por inundaciones y filtraciones y una carretera ha sido cortada al tráfico por acumulación de agua https://t.co/5uw6CzRUQa",3,0,1,6596,279,1,2,1,abc_es,ABC,abc_es,0.5859,positive
1972974129146941653,Tue Sep 30 10:37:43 +0000 2025,"🔵 #DIRECTO | Sigue la rueda de prensa tras el Consejo de Ministros
 https://t.co/dsqbrSujLE",3,2,4,10392,91,1,0,1,abc_es,ABC,abc_es,0.0,neutral
1972972193207181575,Tue Sep 30 10:30:01 +0000 2025,"🔵 #OPINIÓN Sacar el barco

🗣️ «La política de inmigración de Pujol ha conseguido que Sílvia Orriols, qué gran oradora y qué mal pelo, se diga islamófoba»

✒️ Por @rosabelmonte
https://t.co/JO3HfpRiOq",2,0,2,3478,199,1,1,1,abc_es,ABC,abc_es,0.34,positive
1972969286957150400,Tue Sep 30 10:18:28 +0000 2025,"🔴 La Audiencia Nacional anula la inhabilitación del expresidente de la RFEF Pedro Rocha

Considera que la conducta del TAD revela «una falta de buena fe y lealtad procedimental» 

✍ Informa @JavierLilloA https://t.co/86WLDc1wqu",2,2,0,3513,227,0,1,1,abc_es,ABC,abc_es,0.4939,positive
1972968418778206649,Tue Sep 30 10:15:01 +0000 2025,"🥩 El precio de la carne, sobre todo la ternera, y la charcutería se disparan un 12% en el último año

➡ La carne picada se eleva un 25%, seguida por el estofado (24%) y el entrecot (16%) https://t.co/7hyP0tCEPW",4,6,0,3685,210,0,0,1,abc_es,ABC,abc_es,-0.2732,negative
1972964651475300603,Tue Sep 30 10:00:03 +0000 2025,"🔊 MATERIA OSCURA

❓ La NASA responde a Loeb: 3i/ATLAS no es una nave extraterrestre

🔭 El cometa interestelar 3I/ATLAS, objeto fascinante y veloz, desató teorías de Avi Loeb sobre naves alienígenas y el «Bosque Oscuro»

🎙️ @josemnieves

🔗 https://t.co/pXeO5PqYk9 https://t.co/SIFeD7WRBQ",10,4,4,7754,286,0,1,2,abc_es,ABC,abc_es,-0.296,negative
1972946015092392422,Tue Sep 30 08:46:00 +0000 2025,💢 Críticas a la televisión estatal iraní por censurar las piernas de la ministra de Exteriores finlandesa durante una reunión de la ONU https://t.co/nNlcnVOAb9,5,1,1,5171,159,0,0,1,abc_es,ABC,abc_es,-0.5719,negative
1972945769528205324,Tue Sep 30 08:45:01 +0000 2025,"@tojipi @davidmaroto 📍 El temporal descarga con fuerza durante toda la noche en Valencia y la zona dana

Las lluvias dejan en las últimas cuatro horas 51,6 l/m2 en Massanassa y otros 50,8 en Catarroja, pero no se han registrado incidencias significativas

✍ Por @davidmaroto https://t.co/0ugVoocwXD",6,2,1,6178,298,0,3,1,abc_es,ABC,abc_es,0.25,positive
1972941994876862507,Tue Sep 30 08:30:01 +0000 2025,"🔵 #OPINIÓN El lado podrido
 
🗣️ «La arrogancia ética del 'lado correcto' se desmorona ante el turbión de venalidad que devora al sanchismo por dentro»

✒️ Por Ignacio Camacho
https://t.co/gXMdfeYe3Z",13,10,7,3870,198,1,0,1,abc_es,ABC,abc_es,0.0,neutral
1972938225141366942,Tue Sep 30 08:15:02 +0000 2025,"➡ Moncloa personifica en el juez Peinado el 'lawfare' para desacreditar su investigación

El Gobierno busca victimizarse y promover un cuestionamiento global de la causa

✍ Informa @ainhoa_mhoyos  https://t.co/995N58Zxe8",16,6,8,3648,220,0,1,1,abc_es,ABC,abc_es,0.4939,positive
1972934445507195193,Tue Sep 30 08:00:01 +0000 2025,"👤 El director de la Policía Municipal de Madrid se reincorpora de su baja tras el incidente de tráfico con una niña 

✍ Informa @carloshidalgo_ https://t.co/JxLKTB9bLe",4,3,1,3162,167,0,1,1,abc_es,ABC,abc_es,0.4939,positive
1972933902143815810,Tue Sep 30 07:57:52 +0000 2025,"Cómo equipar tu primera cocina sin caer en estos fallos. Con @IKEASpain 🔗 https://t.co/LdFieJ1Lnx

#ad https://t.co/myDt82cMRX",1,0,0,3687,126,1,1,2,abc_es,ABC,abc_es,-0.5574,negative
1972930987689652699,Tue Sep 30 07:46:17 +0000 2025,"❌ Como ya pudimos ver este lunes, no se permitieron preguntas al concluir la conferencia de prensa de Trump y Netanyahu https://t.co/Egqj1EscXM",5,2,1,4284,143,0,0,1,abc_es,ABC,abc_es,-0.296,negative
1972930671191392395,Tue Sep 30 07:45:01 +0000 2025,@tojipi @davidmaroto ‼ La Aemet anuncia un cambio drástico del tiempo en España tras las lluvias torrenciales: se instala el anticiclón en estas zonas del país https://t.co/ljpaCYww1Q,5,3,2,5780,183,0,2,1,abc_es,ABC,abc_es,0.0,neutral
1972926897655873861,Tue Sep 30 07:30:02 +0000 2025,"🔵 #EDITORIAL Sin medidores de caudal un año después de la dana

🗣️ «El Sistema de Alerta Temprana (SAT) prometido tras la catastrófica dana del 29 de octubre sigue sin estar operativo de manera inexplicable» https://t.co/lJuXtsgPmx",6,6,2,3693,231,1,0,1,abc_es,ABC,abc_es,-0.802,negative
1972923125894353046,Tue Sep 30 07:15:03 +0000 2025,"@alandete @joanguirado 💬 Feijóo muestra su apoyo al plan de Trump para Gaza: «Un futuro en paz es posible»

El presiente del PP reacciona en redes sociales al anuncio que protagonizaron este lunes Netanyahu y el líder de EE.UU.

 ✍ Informa @davidyaguec https://t.co/Um25NOyD4F",12,5,4,9342,276,0,3,1,abc_es,ABC,abc_es,0.4939,positive
1972919346214150379,Tue Sep 30 07:00:01 +0000 2025,"🚨 La alerta roja mantiene en tensión a la zona de la dana sin incidentes graves
Las lluvias intensas dejan registros de hasta 200 litros en localidades del litoral de Valencia

 ✍ Informan @tojipi, @davidmaroto y Alba Pérez Espada https://t.co/RlyzCR7jP8",21,12,5,29307,254,0,2,1,abc_es,ABC,abc_es,-0.3818,negative
1972900473653924332,Tue Sep 30 05:45:02 +0000 2025,"@alandete ❌ Podemos ignora al PSOE y rechaza negociar el embargo a Israel

El Ejecutivo no cuenta con los apoyos suficientes para su convalidación

✍️ Informa  @joanguirado https://t.co/s7woSJ57LD",5,3,1,7160,196,0,2,1,abc_es,ABC,abc_es,-0.296,negative
1972896696842530943,Tue Sep 30 05:30:01 +0000 2025,"🔵 LA TERCERA DE ABC | El TC debe ser un órgano deliberante

🗣️ «Las instituciones son producto de decisiones humanas, pero también moldean comportamientos. Las normas generan hábitos y patrones de conducta»

🖋️ Por Daniel Berzosa López https://t.co/ZkdsAKgfNU",3,2,0,5116,259,0,0,1,abc_es,ABC,abc_es,0.0,neutral
1972892922665116078,Tue Sep 30 05:15:01 +0000 2025,"📋 El plan de 20 puntos acordado por Trump y Netanyahu: Israel no ocupará la Franja, retirada gradual del Ejército y exclusión de Hamás 

✍️ Te los detalla @alandete, corresponsal en Washington https://t.co/4UaSwzsYqV",38,14,1,22803,216,0,1,1,abc_es,ABC,abc_es,-0.296,negative
1972889146248060983,Tue Sep 30 05:00:01 +0000 2025,🤔 Un doctor explica los cuatro síntomas que podrían indicar que tienes cáncer de colon: «Ve a tu médico cuanto antes» https://t.co/M6968oVdRO,2,1,0,5037,141,0,0,1,abc_es,ABC,abc_es,0.0,neutral
1972881598178546001,Tue Sep 30 04:30:02 +0000 2025,#LoMásLeído 📰 Se niega a dividir la cuenta de la cena y su cita le denuncia ante la Policía https://t.co/v1JcccE9BO,6,1,2,5734,115,1,0,1,abc_es,ABC,abc_es,0.0,neutral
1972874046753685720,Tue Sep 30 04:00:01 +0000 2025,😬 Una española que vive en Estados Unidos no entiende una costumbre de este país: «Nadie de la clase ha dicho nada» https://t.co/ipm2SDxDIX,2,0,1,149126,139,0,0,1,abc_es,ABC,abc_es,-0.296,negative
1972866498675794396,Tue Sep 30 03:30:02 +0000 2025,#LoMásLeído 📰 Una vasca denuncia la discriminación sufrida por unos andaluces a causa de su procedencia: «Te tiene tirria» https://t.co/qfrb0skBeJ,4,0,2,5498,146,1,0,1,abc_es,ABC,abc_es,0.0,neutral
1972858950597947589,Tue Sep 30 03:00:02 +0000 2025,"😱 Una italiana que vive en España, sorprendida al ver lo que hace la gente en la calle a las once de la mañana: «Es maravilloso» https://t.co/z1ipW1pEGe",1,1,0,6104,152,0,0,1,abc_es,ABC,abc_es,-0.7003,negative
1972851397054849090,Tue Sep 30 02:30:01 +0000 2025,#LoMásLeído 📰 ¿Es bueno comerse la parte blanca del jamón serrano? Un experto gastronómico dicta sentencia https://t.co/M10A2O0iP4,3,1,1,4869,130,1,0,1,abc_es,ABC,abc_es,0.0,neutral
