tweet_id,date,text,likes,retweets,replies,views,length,hashtags,mentions,links,author,outlet,handle,sentiment,sentiment_label
1885473533536391257,Fri Jan 31 23:41:35 +0000 2025,"🇨🇴 @ElPaisAmericaCo | El Banco de la República frena los recortes en su primera reunión del año y deja inalterada la tasa de interés en 9,5%. Leonardo Villar ha vuelto a enviar un mensaje de tranquilidad a los mercados y economistas 
 https://t.co/6A9EhbEPdY",7,1,0,20663,258,0,1,1,el_pais,El Pais,el_pais,0.34,positive
1885469355606949933,Fri Jan 31 23:24:59 +0000 2025,"“Cuántas veces más la historia tendrá que expulsar a los moros de España...”; “El mayor atraso de derechos está en el islamismo”. La polémica azota a Karla Sofía Gascón, que se disculpa por antiguos tuits racistas y ofensivos
https://t.co/96bVI7vdXY",197,43,153,75640,249,0,0,1,el_pais,El Pais,el_pais,0.0,neutral
1885466618651623505,Fri Jan 31 23:14:06 +0000 2025,Las autoridades de Venezuela han solicitado el cese de las funciones de los consulados del país sudamericano en Caracas y Puerto Ordaz. Esta medida profundiza el distanciamiento entre el Gobierno de Boric y la Administración chavista de Maduro https://t.co/5TO1KJGTkz,17,5,0,22310,267,0,0,1,el_pais,El Pais,el_pais,0.0,neutral
1885459952816234562,Fri Jan 31 22:47:37 +0000 2025,Hasta 500 euros de multa por dar marcha atrás: la policía de Madrid alerta a los conductores https://t.co/kEcNn3bhyS,7,4,2,26953,116,0,0,1,el_pais,El Pais,el_pais,0.0,neutral
1885452833215877459,Fri Jan 31 22:19:20 +0000 2025,"El presidente de Estados Unidos, Donald Trump, pondrá en marcha a partir de este sábado los aranceles del 25% sobre los productos de México y Canadá, y el 10% sobre China, con los que había amenazado a lo largo de los últimos meses https://t.co/s65V0v3K0M",22,15,7,25519,255,0,0,1,el_pais,El Pais,el_pais,0.0,neutral
1885449212810162186,Fri Jan 31 22:04:56 +0000 2025,¿Qué opciones tienen los 600.000 venezolanos que perderán el Estatus de Protección Especial en Estados Unidos para evitar la deportación? https://t.co/1No2dG7XaH,7,5,3,22619,161,0,0,1,el_pais,El Pais,el_pais,0.0,neutral
1885446356925337901,Fri Jan 31 21:53:36 +0000 2025,"Giorgia Meloni ha vuelto a fracasar, por tercera vez, en su intento de deportar a Albania a migrantes rescatados en el Mediterráneo, pese a que ha introducido cambios legales que pretendían forzar a los jueces a aceptarlos https://t.co/MGWVsR7SjN",56,22,13,23520,246,0,0,1,el_pais,El Pais,el_pais,0.5859,positive
1885439359182094822,Fri Jan 31 21:25:47 +0000 2025,"Richard Grenell, el hombre de Donald Trump para misiones especiales, aterrizó este viernes en Caracas con un mensaje claro: el presidente, Nicolás Maduro, “debe recibir de vuelta a los criminales venezolanos que han sido enviados a Estados Unidos” https://t.co/8SV5BVQl5e",37,22,25,25410,271,0,0,1,el_pais,El Pais,el_pais,0.0,neutral
1885436104519643620,Fri Jan 31 21:12:51 +0000 2025,"Los socios del Real Club de Polo de Barcelona recibieron un mail. Muchos no entendieron por qué se les ofrecía una disculpa. ¿Un vídeo en YouTube? ¿Quién es Ibai? El youtuber había publicado un vídeo titulado “Así Es el Gimnasio Más Lujoso Del Mundo"" https://t.co/gWDglN0CKQ",13,4,2,32023,274,0,0,1,el_pais,El Pais,el_pais,-0.3736,negative
1885433159220629684,Fri Jan 31 21:01:09 +0000 2025,"🔴 Aranceles y guerra comercial: México paga las consecuencias de la mano dura de Trump contra el fentanilo y la migración
https://t.co/gZUoQj0lGv",29,15,19,32699,145,0,0,1,el_pais,El Pais,el_pais,0.0,neutral
1885430541475885416,Fri Jan 31 20:50:45 +0000 2025,"Tras la queja del alcalde de Móstoles, del PP, por los atascos en la A-5 desde que empezaron las obras de soterramiento, que achaca al ""inventito del carril bus"", Óscar Puente muestra con papeles que fue una petición del Gobierno de Ayuso https://t.co/CvaVVBuAK4",562,303,22,27239,262,0,0,1,el_pais,El Pais,el_pais,0.0,neutral
1885425653027127647,Fri Jan 31 20:31:19 +0000 2025,"Gobierno y comunidades han alcanzado un acuerdo estatal para mejorar la atención temprana a menores de seis años con problemas en su desarrollo y reducir los tiempos de espera, para que sean intervenidos en 45 días como máximo desde que se detecta un caso https://t.co/MLMMfIWreG",30,7,1,20021,279,0,0,1,el_pais,El Pais,el_pais,0.0,neutral
1885424109737111576,Fri Jan 31 20:25:11 +0000 2025,🔴  ÚLTIMA HORA | Indra llega a un acuerdo con Redeia para comprar el 89% de Hispasat por 725 millones https://t.co/gBN7y6I9Dz https://t.co/0vcDbE7zF9,35,11,0,52019,149,0,0,2,el_pais,El Pais,el_pais,0.0,neutral
1885418528573886858,Fri Jan 31 20:03:01 +0000 2025,La factura del gas correspondiente a enero que han recibido algunos de los clientes de Endesa Energía y los de Energía XXI ha llegado con una desagradable sorpresa. Un error ha disparado la factura. ¿Qué hacer para no pagar de más? https://t.co/7glbi8BiHI,14,7,2,25333,255,0,0,1,el_pais,El Pais,el_pais,-0.0258,neutral
1885417345167790486,Fri Jan 31 19:58:19 +0000 2025,🔴 ÚLTIMA HORA | Muere un hombre al saltar de un edificio en llamas en la localidad vizcaína de Basauri https://t.co/MIce49pVcL https://t.co/sCIKrKKbCx,19,13,0,48799,150,0,0,2,el_pais,El Pais,el_pais,0.0,neutral
1885412107224539473,Fri Jan 31 19:37:30 +0000 2025,La presencia de aves acuáticas en Doñana fue una de las razones por las que la Unesco designó a este espacio natural como patrimonio de la humanidad. La sequía y el cambio climático han provocado que en enero de 2024 se registrara su cifra más baja https://t.co/77iks2St5b,25,13,3,19533,272,0,0,1,el_pais,El Pais,el_pais,0.3612,positive
1885408849819050119,Fri Jan 31 19:24:33 +0000 2025,🔴 La calima que anaranjó el cielo de España en 2022 llevaba partículas de los ensayos nucleares del siglo XX https://t.co/AnfIRuSJXr,271,77,23,92152,132,0,0,1,el_pais,El Pais,el_pais,0.0,neutral
1885407329438294038,Fri Jan 31 19:18:31 +0000 2025,Mercadona efectuará a partir de febrero una subida del precio de los costes de envío a domicilio de la compra online https://t.co/heTDjdcYHD,14,9,8,32337,140,0,0,1,el_pais,El Pais,el_pais,0.0,neutral
1885404210465776006,Fri Jan 31 19:06:07 +0000 2025,"""Entrar a un pub anónimo de cualquier aldea perdida en las verdes campiñas, en el que solo hay gente local, me hace sentir acogido de inmediato"". Las nueve razones por las que Paco Nadal siempre volvería a Irlanda https://t.co/hTrjYYXF2h",56,3,0,20844,237,0,0,1,el_pais,El Pais,el_pais,0.0,neutral
1885400118318297343,Fri Jan 31 18:49:51 +0000 2025,"🔴 ÚLTIMA HORA | La Casa Blanca confirma que Trump impondrá aranceles del 25% contra México y Canadá, y del 10% contra China a partir de este sábado https://t.co/APvgeyWxz1 https://t.co/XLcC8Ch7pd",241,175,36,84544,195,0,0,2,el_pais,El Pais,el_pais,0.0,neutral
1885398675255357770,Fri Jan 31 18:44:07 +0000 2025,"Rigoberta Bandini disfruta de Benidorm y acaba cantando en un karaoke. “Una intenta encajar como puede, salirse del personaje, probar cosas nuevas, pero te encuentras 'Ay mamá' en un karaoke y dices: ‘¡También he venido a Benidorm para esto!” https://t.co/udkmM3hnal",6,1,1,18902,266,0,0,1,el_pais,El Pais,el_pais,0.0,neutral
1885392287502414309,Fri Jan 31 18:18:44 +0000 2025,"Un oscuro entramado empresarial, manejado desde un caserón a las afueras de Birmingham, ha asaltado el mercado de las revistas científicas españolas. La red está comprando cabeceras históricas para convertirlas en máquinas de ganar dinero rápido https://t.co/MLrtYduRoD",25,33,2,19912,269,0,0,1,el_pais,El Pais,el_pais,0.34,positive
1885388579720839598,Fri Jan 31 18:04:00 +0000 2025,La Administración Federal de Aviación ha decidido cerrar indefinidamente el corredor de helicópteros cercano al aeropuerto Ronald Reagan de Washington como medida preventiva después del accidente que costó la vida en la noche del miércoles a 67 personas https://t.co/sKLqJKt2Py,15,7,0,18835,277,0,0,1,el_pais,El Pais,el_pais,0.34,positive
1885384167644409882,Fri Jan 31 17:46:28 +0000 2025,"🔴 Karla Sofía Gascón afirma que “hay algo muy oscuro” tras la aparición de los tuits ofensivos que le pueden costar el Oscar: “Pido perdón”
https://t.co/7qb4KGqGS3",400,37,319,540047,163,0,0,1,el_pais,El Pais,el_pais,0.0,neutral
1885379604157751468,Fri Jan 31 17:28:20 +0000 2025,"Según las imágenes de seguridad, actuaba solo y era capaz de llevarse hasta 30 bombonas en un mismo golpe. Un hombre ha sido detenido por robar 110 bombonas de propano y butano de gasolineras de la Comunidad de Madrid, que revendía en el mercado negro https://t.co/vFkmYyAYLo",4,2,1,17508,275,0,0,1,el_pais,El Pais,el_pais,0.34,positive
1885376619096789303,Fri Jan 31 17:16:29 +0000 2025,"Después de Ronald Araujo, Gerard Martín y Pedri, era el turno de Gavi. El joven canterano de 20 años, alma del equipo e importante para el Barcelona y para su afición, ha firmado este viernes su renovación hasta 2030 https://t.co/rrL4FHlUyM",9,0,0,16811,240,0,0,1,el_pais,El Pais,el_pais,0.34,positive
1885376401018134899,Fri Jan 31 17:15:37 +0000 2025,🔴 ÚLTIMA HORA | Las autoridades cierran indefinidamente el corredor de helicópteros cercano al aeropuerto de Washington tras el accidente https://t.co/haiVt09AF3 https://t.co/LAEDjG6v3f,66,22,4,48492,185,0,0,2,el_pais,El Pais,el_pais,0.0,neutral
1885373874310611237,Fri Jan 31 17:05:34 +0000 2025,🔴 El Parlamento alemán rechaza la ley que certificaba la unión de derecha y ultraderecha contra la migración https://t.co/3q1zh4rMuR,259,92,36,35069,132,0,0,1,el_pais,El Pais,el_pais,0.0,neutral
1885371080128270784,Fri Jan 31 16:54:28 +0000 2025,"Tras la queja del alcalde de Móstoles, del PP, por los atascos en la A-5 desde que empezaron las obras de soterramiento, que achaca al ""inventito del carril bus"", Óscar Puente muestra con papeles que fue una petición del Gobierno de Ayuso https://t.co/aXPrpaYQcy",2012,1002,53,48227,262,0,0,1,el_pais,El Pais,el_pais,0.0,neutral
1885366130379813371,Fri Jan 31 16:34:48 +0000 2025,FOTOGALERÍA | La Zarzuela hace pública una serie de imágenes de la Princesa de Asturias en alta mar durante su travesía en el buque escuela 'Juan Sebastián Elcano'  https://t.co/D7sVsoAWig,14,2,0,16569,188,0,0,1,el_pais,El Pais,el_pais,0.0,neutral
1885363019879714959,Fri Jan 31 16:22:26 +0000 2025,"Cuenta que a los siete años, su padre le regaló un león.  El ‘influencer’ mexicano Rodolfo 'Fofo' Márquez, de 27 años, ha presumido de mansiones, coches de lujo, viajes y dispendios hasta su condena a 17 años de cárcel por intento de feminicidio https://t.co/lIzTWQIEtk",18,5,6,22418,269,0,0,1,el_pais,El Pais,el_pais,0.34,positive
1885357732229779811,Fri Jan 31 16:01:26 +0000 2025,"Mientras las grandes potencias, China y Estados Unidos, destinan miles de millones a la IA, la Unión Europea opta por fortalecer el marco regulatorio de esta tecnología. ¿Puede Europa competir sin un Silicon Valley propio? En @ARTEesp https://t.co/191P4vEv3X",9,4,3,16687,258,0,1,1,el_pais,El Pais,el_pais,-0.5574,negative
1885350174437896197,Fri Jan 31 15:31:24 +0000 2025,"¿Sabes dónde está este cuadro? La 'Santa Cecilia' de Mengs fue vista por última vez en 2001. Por primera vez, el Museo del Prado pide ayuda en redes sociales para encontrar la pintura, que quiere incluir en una exposición del gran pintor del siglo XVIII https://t.co/rBuFJjHlxa",95,57,3,26152,277,0,0,1,el_pais,El Pais,el_pais,0.0,neutral
1885347249892274293,Fri Jan 31 15:19:47 +0000 2025,"“Hace tiempo dije que mi carrera como modelo de ropa interior había llegado a su fin, pero cuando Boss me transmitió sus ambiciones (...) no me pude negar"". A los 49 años, David Beckham vuelve a desnudarse para una campaña https://t.co/0vlOMSQPX6",43,7,0,29813,246,0,0,1,el_pais,El Pais,el_pais,-0.296,negative
1885343580769636392,Fri Jan 31 15:05:12 +0000 2025,"Marianne Faithfull, que acaba de fallecer, tuvo que esperar dos décadas para que su nombre volviera a aparecer en los créditos de 'Sister Morphine' junto a los de Mick Jagger y Keith Richards. La canción, con mucho de su vida, fue censurada en España https://t.co/TbSlRqHZQG",13,4,0,16502,274,0,0,1,el_pais,El Pais,el_pais,0.0,neutral
1885338807702077572,Fri Jan 31 14:46:14 +0000 2025,"""La presión cultural quiere que el género sea binario. Porque así ha sido siempre en la cultura occidental. En Polinesia hay siete géneros"", dice la zoóloga Lucy Cooke, que desbarata en un libro la visión victoriana sobre las hembras https://t.co/Z4HKFzRWZc",91,22,113,49776,257,0,0,1,el_pais,El Pais,el_pais,0.34,positive
1885334516069183823,Fri Jan 31 14:29:11 +0000 2025,"Tres menores se colaron en el IES La Moreria de Mislata (Valencia) para agredir a un alumno. Acabaron enfrentándose con varios profesores que intentaron detenerlos, entre ellos con el director, al que rompieron un brazo https://t.co/TQSOb8W3z4",141,77,39,43518,243,0,0,1,el_pais,El Pais,el_pais,0.0,neutral
1885328797945217168,Fri Jan 31 14:06:27 +0000 2025,"Los futuros billetes de euro llevarán la cara de figuras de la cultura europea como Cervantes o Marie Curie, o ríos y aves. Son las dos temáticas alternativas que ha elegido el BCE, que convocará un concurso para diseñadores antes de decidir en 2026 https://t.co/X5M4ewTSzI",23,7,1,18766,273,0,0,1,el_pais,El Pais,el_pais,0.34,positive
1885326488901169572,Fri Jan 31 13:57:17 +0000 2025,"Hace años preguntaron a Zakaria Zubeidi por qué nadie hacía una película de su vida. “No resultaría creíble”, dijo. El icono palestino, recién liberado por Israel, escapó en 2021 de un penal de máxima seguridad excavando un túnel con una cuchara https://t.co/4o48j2fOu7",19,5,7,17036,269,0,0,1,el_pais,El Pais,el_pais,0.0,neutral
1885325460139057311,Fri Jan 31 13:53:12 +0000 2025,"El 23 de enero, un pasajero de un vuelo que despegaba del Aeropuerto Nacional de Washington grabó a dos helicópteros realizando maniobras en el aire a escasos metros de la aeronave https://t.co/2y3M4XI5Wi",30,7,2,19239,204,0,0,1,el_pais,El Pais,el_pais,0.0,neutral
1885313602397036837,Fri Jan 31 13:06:04 +0000 2025,"El analista deportivo Álvaro Benito reflexiona sobre la situación actual de Vinicius y dice lo que muchos piensan: ""Al final, todo tiene sus consecuencias"". En @La_Ser https://t.co/PMmdzA37ws",2,0,1,16270,191,0,1,1,el_pais,El Pais,el_pais,0.0,neutral
1885306479663616031,Fri Jan 31 12:37:46 +0000 2025,"Ante los niveles de ruido de más de 80 dB que se esperan durante el Gran Premio de F1, Madrid plantea eximir a la organización de cumplir las normas, cambiar su trazado y trasladar temporalmente a los vecinos https://t.co/DUUsasnuxB",47,55,44,32399,232,0,0,1,el_pais,El Pais,el_pais,0.0,neutral
1885302443056980353,Fri Jan 31 12:21:44 +0000 2025,"🔊 'PÓDCAST' #HoyEnELPAÍS | La primera fase de la tregua entre Israel y Hamás avanza con dificultades. Además del tira y afloja de las entregas de rehenes, cientos de miles de palestinos intentan regresar a sus casas pese a saber que solo hallarán ruinas https://t.co/DVRT3qJLhO",4,3,2,15228,277,1,0,1,el_pais,El Pais,el_pais,0.0,neutral
1885297854555525301,Fri Jan 31 12:03:30 +0000 2025,"Editorial | ""La confianza en las instituciones, tanto en la Fiscalía General del Estado como en el Tribunal Supremo, obliga a aclarar urgentemente todos los detalles de una investigación sin precedentes"" https://t.co/zdnNIRNr4c",18,9,7,16853,227,0,0,1,el_pais,El Pais,el_pais,-0.1779,negative
1885293837578272838,Fri Jan 31 11:47:32 +0000 2025,"🔴 ÚLTIMA HORA | Real Madrid-Manchester City, en la eliminatoria previa a los octavos de la Champions https://t.co/E7TRFAiETL",35,7,2,31179,124,0,0,1,el_pais,El Pais,el_pais,0.5267,positive
1885291530312704142,Fri Jan 31 11:38:22 +0000 2025,"Una menor de Huelva está hospitalizada en Bruselas tras caer desde la ventana de un hotel en su viaje de fin de curso
 https://t.co/najL97KLyz",8,7,0,24800,142,0,0,1,el_pais,El Pais,el_pais,0.0,neutral
1885290012888940579,Fri Jan 31 11:32:20 +0000 2025,Illa anuncia un plan de 18.500 millones para que Cataluña vuelva a liderar la economía española. Intenta desbaratar el mantra independentista de que no puede existir una Cataluña próspera dentro de España y resituar la comunidad a la altura de Madrid https://t.co/fIZ7psqq21,62,30,14,16655,274,0,0,1,el_pais,El Pais,el_pais,-0.296,negative
1885286917031207075,Fri Jan 31 11:20:02 +0000 2025,"Opinión | ""¿Qué puede hacer un jurado o un público votante en un certamen musical cuando los aspirantes más sólidos en el directo cuentan con las propuestas sonoras menos inspiradas y viceversa?"", por Héctor Llanos Martínez https://t.co/wrrnkuU0YM",10,0,2,14516,247,0,0,1,el_pais,El Pais,el_pais,0.0,neutral
1885284136211878223,Fri Jan 31 11:08:59 +0000 2025,"Apple, la empresa más valiosa del mundo, cerró 2024 con un récord de ventas en el cuarto trimestre gracias al tirón de su negocio de servicios y pese al retroceso de su producto estrella, el iPhone https://t.co/9z6KwGlIbe",6,5,1,14533,221,0,0,1,el_pais,El Pais,el_pais,0.0,neutral
1885280847890137187,Fri Jan 31 10:55:55 +0000 2025,🔴 ÚLTIMA HORA | La jueza cita a declarar a la pareja de Ayuso el 24 de febrero por presunto fraude fiscal. Es la quinta citación que recibe González Amador tras aplazarse la última por un viaje profesional https://t.co/Y2ID1cs2ft,308,156,95,31708,229,0,0,1,el_pais,El Pais,el_pais,0.0,neutral
1885278198398607364,Fri Jan 31 10:45:23 +0000 2025,"Un 55% de los británicos considera hoy que el Brexit fue un mal negocio para el Reino Unido. Ese mismo 55% desearía volver a la UE. Incluso entre los que fervorosamente votaron a favor de la salida, uno de cada seis ya se arrepiente https://t.co/2vUBHwwEQn",513,281,46,40706,256,0,0,1,el_pais,El Pais,el_pais,0.4019,positive
1885274856763138089,Fri Jan 31 10:32:07 +0000 2025,"🔴 ÚLTIMA HORA | El euríbor rompe en enero su racha de nueve meses de caídas, pero las hipotecas siguen abaratándose
 https://t.co/ia8pJxcB04",21,5,1,25190,140,0,0,1,el_pais,El Pais,el_pais,0.0,neutral
1885272194139185340,Fri Jan 31 10:21:32 +0000 2025,"“Cuántas veces más la historia tendrá que expulsar a los moros de España...”; “El mayor atraso de derechos está en el islamismo”. La polémica azota a Karla Sofía Gascón, que se disculpa por antiguos tuits racistas y ofensivos https://t.co/D5v5u3Cp82",818,138,575,238749,249,0,0,1,el_pais,El Pais,el_pais,0.0,neutral
1885269352707993667,Fri Jan 31 10:10:14 +0000 2025,🔴ÚLTIMA HORA | Paralizado el desahucio de la Casa Orsola en Barcelona tras la presión vecinal https://t.co/2enRHYENzf,102,28,6,34990,117,0,0,1,el_pais,El Pais,el_pais,0.0,neutral
1885268550585110737,Fri Jan 31 10:07:03 +0000 2025,"En los años 60 nació en la capital de las Islas Canarias el primer Little Korea de España. Y con él, un restaurante de cocina callejera tradicional, que permanece a día de hoy impulsado por su segunda generación https://t.co/uuh9tSSUXQ",5,1,0,15649,235,0,0,1,el_pais,El Pais,el_pais,0.0,neutral
1885264556739473742,Fri Jan 31 09:51:11 +0000 2025,"“El 'porque yo lo digo' sigue muy presente, pero no dimensionamos las implicaciones de ello. Los comportamientos y costumbres arraigadas de nuestras sociedades, con sus diferencias y similitudes, nos imponen valores adultistas que nos condicionan” https://t.co/YRhm62BTWw",9,8,0,13335,271,0,0,1,el_pais,El Pais,el_pais,-0.296,negative
1885256294891655366,Fri Jan 31 09:18:21 +0000 2025,"Desde ‘Diario íntimo de Adèle H’, pasando por ‘Tiburón’, o ‘Picnic en Hanging Rock’. Estas son diez grandes películas que cumplen 50 años en 2025 para ver en plataformas 📽️⬇️ https://t.co/DYsLZgchNc",11,4,3,13362,198,0,0,1,el_pais,El Pais,el_pais,0.0,neutral
1885255366432227416,Fri Jan 31 09:14:40 +0000 2025,🔴 ÚLTIMA HORA | Junts abre una investigación interna ante la denuncia contra el exconsejero y eurodiputado Toni Comín por acoso sexual y psicológico de un exasistente https://t.co/ZaogriJpZu https://t.co/DaVEOM5cIx,76,56,7,45032,214,0,0,2,el_pais,El Pais,el_pais,0.0,neutral
1885252639086051373,Fri Jan 31 09:03:50 +0000 2025,"Opinión | ""Ahora dicen que leer alarga la vida. Yo, pese a haber sido un fumador recalcitrante, he alcanzado una edad catastrófica, quizá porque leía al tiempo de fumar, de modo que lo que perdía por un lado lo ganaba por el otro"", por Juan José Millás https://t.co/BNx46vEmfw",66,12,3,15348,276,0,0,1,el_pais,El Pais,el_pais,0.0,neutral
1885250079356784815,Fri Jan 31 08:53:39 +0000 2025,"Los vecinos del Eixample de Barcelona no desisten y, tras la multitudinaria concentración de ayer, otros varios centenares se han plantado este viernes frente a la Casa Orsola para evitar el desahucio de la finca https://t.co/AuwI45lZb4

📹 @alfcongostrina https://t.co/xmpfp60V72",16,4,1,12856,279,0,1,2,el_pais,El Pais,el_pais,-0.296,negative
1895620328623087814,Fri Feb 28 23:41:19 +0000 2025,"¿La España de hace 300 años es tan distinta de la de ahora? “La monarquía no ha cambiado tanto”, dice Javier Gutiérrez. “En la serie hay una abdicación de un rey en favor de su hijo, y hablamos de un rey que vive de espaldas a lo que sucede en la calle”
 https://t.co/4wHf8ILd36",24,9,21,29847,278,0,0,1,el_pais,El Pais,el_pais,0.169,positive
1895604921375838616,Fri Feb 28 22:40:06 +0000 2025,"Tres meses después de perder la estrella Michelin, El Club Allard echa el cierre. Lo hace siete meses más tarde de que Berasategui anunciara que abandonaba. “Me he ido porque en este tiempo no me han pagado ni un euro” https://t.co/c5AikhavCZ",8,4,3,27670,242,0,0,1,el_pais,El Pais,el_pais,-0.296,negative
1895599885191205291,Fri Feb 28 22:20:05 +0000 2025,La embajadora de Ucrania en Estados Unidos se tapaba la cara con una mano mientras movía la cabeza en señal de desesperación. Esta imagen se ha convertido en el símbolo en los medios ucranios de cómo ha recibido el país lo sucedido en la Casa Blanca https://t.co/madMSsMhf7,137,42,21,28968,273,0,0,1,el_pais,El Pais,el_pais,0.5859,positive
1895596114151178306,Fri Feb 28 22:05:06 +0000 2025,"Los líderes europeos cierran filas con Zelenski tras los ataques de Trump en la Casa Blanca. “Su dignidad honra la valentía del pueblo ucranio”, dice la cúpula de la UE https://t.co/USMiu7JW9o",5874,1781,553,118634,192,0,0,1,el_pais,El Pais,el_pais,0.0,neutral
1895589812268102069,Fri Feb 28 21:40:04 +0000 2025,"Opinión | ""Se plantea el terrible dilema: ¿aceptar los términos de su capitulación que dictarán de común acuerdo Trump y Putin? ¿O seguir luchando para intentar defender su soberanía con el exiguo apoyo que puede proveer Europa?"". Por Andrea Rizzi https://t.co/zJxQ4yh0Pw",50,21,28,27079,271,0,0,1,el_pais,El Pais,el_pais,-0.4696,negative
1895584789639409668,Fri Feb 28 21:20:06 +0000 2025,"La Policía concluyó que Agostina se metió, bajo los efectos del alcohol, en un contenedor de basura y el camión de recogida la transportó a la incineradora. Ahora se han hallado allí los restos de la joven desaparecida  https://t.co/fMGZ78d7sp",15,6,6,29442,243,0,0,1,el_pais,El Pais,el_pais,0.0,neutral
1895581019123621894,Fri Feb 28 21:05:07 +0000 2025,"Guterres alerta de que la retirada de fondos de EE UU pone en riesgo la financiación de programas de la ONU en todo el mundo
 https://t.co/C7DzIXJYmn",13,9,4,22981,149,0,0,1,el_pais,El Pais,el_pais,0.0,neutral
1895574722605182986,Fri Feb 28 20:40:06 +0000 2025,"Brasil busca su primer Oscar con ‘Aún estoy aquí' y su actriz protagonista, Fernanda Torres https://t.co/6vALd1ztTi",56,15,0,26962,115,0,0,1,el_pais,El Pais,el_pais,0.0,neutral
1895565916923908134,Fri Feb 28 20:05:07 +0000 2025,Trump abronca a Zelenski: “Está jugando con la tercera guerra mundial”. Así ha sido el tenso momento entre ambos en el Despacho Oval https://t.co/wgDMmSJ6VA,45,14,35,29291,156,0,0,1,el_pais,El Pais,el_pais,0.34,positive
1895561346043043973,Fri Feb 28 19:46:57 +0000 2025,"🔴 DIRECTO | Sánchez, ha publicado un breve mensaje en su cuenta de X en el que manifiesta su apoyo a Ucrania tras el tenso encuentro que han mantenido Trump y Zelenski en la Casa Blanca. “Ucrania, España está contigo”, ha escrito el presidente https://t.co/cVk9KZRLJN https://t.co/YaLaWqyOvH",614,160,195,39823,291,0,0,2,el_pais,El Pais,el_pais,0.5859,positive
1895560879405465693,Fri Feb 28 19:45:06 +0000 2025,"Opinión | ""Cónclave' retrata con bastante acierto lo que está pasando en la Iglesia, los dilemas que afronta y puede estar contando cómo será más o menos el próximo cónclave, algo que la salud del Papa ha puesto actualidad"". Por Íñigo Domínguez https://t.co/Su5vgpn97z",45,13,2,21537,268,0,0,1,el_pais,El Pais,el_pais,0.34,positive
1895558930031587667,Fri Feb 28 19:37:21 +0000 2025,🔴 DIRECTO | El acuerdo sobre recursos naturales ucranios ha quedado sin firmar tras el tenso encuentro entre Trump y Zelenski https://t.co/cVk9KZRLJN https://t.co/Dwu0uaumZn,114,34,7,29140,173,0,0,2,el_pais,El Pais,el_pais,-0.296,negative
1895556572765687831,Fri Feb 28 19:27:59 +0000 2025,VÍDEO | “Está jugando con la tercera guerra mundial”. Así ha sido la bronca de Trump a Zelenski en el Despacho Oval. Aquí puedes ver el vídeo completo 👉https://t.co/YuZEVoFdjh https://t.co/6TCAEYRs6O,223,101,41,101182,199,0,0,2,el_pais,El Pais,el_pais,0.34,positive
1895555838934176166,Fri Feb 28 19:25:04 +0000 2025,"El objetivo de la subasta era simple: aprovechar el poder de la cultura pop y recaudar fondos para ayudar a los afectados por los incendios de Los Ángeles. Y lo logró. De los 78 trajes icónicos, el de Chappell Roan fue el que más triunfó: 88.900 dólares  https://t.co/WIe2962POP",5,1,0,18133,278,0,0,1,el_pais,El Pais,el_pais,0.0,neutral
1895553873693032715,Fri Feb 28 19:17:15 +0000 2025,🔴 ÚLTIMA HORA | Macron defiende a Zelenski tras la tensa reunión con Trump y afirma que Rusia es el agresor: “Debemos respetar a los que han estado luchando desde el principio” https://t.co/cVk9KZRdUf https://t.co/DBnEOe4eu2,3115,878,122,87957,224,0,0,2,el_pais,El Pais,el_pais,0.0,neutral
1895550805819752755,Fri Feb 28 19:05:04 +0000 2025,"La Iglesia navarra va a indemnizar económicamente a las víctimas de pederastia que hayan sido reconocidas por el Gobierno foral y que lo hayan solicitado. “Son casos todos prescritos”, pero la institución tiene el “compromiso moral de asumirlo” https://t.co/0vuO7qjaZP",58,28,8,20125,268,0,0,1,el_pais,El Pais,el_pais,0.0,neutral
1895546494536630754,Fri Feb 28 18:47:56 +0000 2025,🔴 ÚLTIMA HORA | Trump advierte a Zelenski que “puede volver cuando esté preparado para la paz” y cancela una rueda de prensa prevista tras la tensa reunión https://t.co/cVk9KZRdUf https://t.co/aMaWTY2kL5,119,39,23,43195,203,0,0,2,el_pais,El Pais,el_pais,0.0,neutral
1895545781622296656,Fri Feb 28 18:45:06 +0000 2025,"La declaración ante el Supremo de la expareja de José Luis Ábalos, en la que reconoció que estuvo a sueldo de dos empresas públicas, pero que nunca llegó a trabajar en ellas, ha provocado la renuncia de la responsable del área que la contrató para Tragsa https://t.co/iNibgPAXO6",21,6,16,17385,278,0,0,1,el_pais,El Pais,el_pais,0.6486,positive
1895544384285782143,Fri Feb 28 18:39:33 +0000 2025,🔴  ÚLTIMA HORA | El papa Francisco ha sufrido un “ataque aislado de broncoespasmo” que agrava de nuevo el cuadro respiratorio https://t.co/Hu3jWXOBT5 https://t.co/pYddsMX5mv,145,64,5,84940,173,0,0,2,el_pais,El Pais,el_pais,0.34,positive
1895541916844114226,Fri Feb 28 18:29:45 +0000 2025,"🔴 ÚLTIMA HORA | Trump afirma que Zelenski “no está preparado para la paz”, tras humillarlo en una reunión en la Casa Blanca https://t.co/cVk9KZRLJN https://t.co/YKb5b0q3Pl",398,151,95,89649,171,0,0,2,el_pais,El Pais,el_pais,0.0,neutral
1895540739896934730,Fri Feb 28 18:25:04 +0000 2025,"La Universitat de València suspendió las clases un día antes de la dana que dejó 224 muertos, a propuesta de su comité de emergencias. La institución adoptó esta decisión tras analizar “información pública” sobre previsión de fuertes lluvias https://t.co/DPndAmx6sN",118,80,8,17879,265,0,0,1,el_pais,El Pais,el_pais,0.0,neutral
1895530674087457039,Fri Feb 28 17:45:04 +0000 2025,"El presunto yihadista, un hombre con doble nacionalidad española y ecuatoriana, exhibía un “odio manifiesto a España” en redes sociales y planeaba realizar un ataque en instalaciones de embajadas internacionales en Ecuador https://t.co/WI6VyMBr3v",11,4,6,16819,246,0,0,1,el_pais,El Pais,el_pais,0.0,neutral
1895529418040246636,Fri Feb 28 17:40:05 +0000 2025,🔴 ÚLTIMA HORA | Trump abronca a Zelenski en la reunión en la Casa Blanca: “Estás jugando con la tercera guerra mundial” https://t.co/cVk9KZRdUf https://t.co/FXXUmSIVz2,131,59,30,53929,167,0,0,2,el_pais,El Pais,el_pais,0.0,neutral
1895526547500777499,Fri Feb 28 17:28:40 +0000 2025,La DGT comunicó a una persona seropositiva que su permiso de conducir quedaba limitado a cinco años porque este tomaba un tratamiento antirretroviral. El afectado alegó que no afecta a la conducción. Un juez ha ordenado ampliarle la validez del carné https://t.co/vBVY1uVZST,9,0,2,14389,274,0,0,1,el_pais,El Pais,el_pais,0.0516,positive
1895520614808428617,Fri Feb 28 17:05:06 +0000 2025,"Las continuas y confusas amenazas de aranceles del presidente de Estados Unidos, Donald Trump, parecen estar teniendo de momento un efecto llamada sobre las importaciones estadounidenses https://t.co/GuhEKcsoQt",9,3,0,15418,210,0,0,1,el_pais,El Pais,el_pais,0.0,neutral
1895515574433620305,Fri Feb 28 16:45:04 +0000 2025,Se plantean interrogantes sobre el impacto de las relaciones artificiales. ¿Es saludable construir vínculos afectivos con una IA? ¿Qué consecuencias tendrá esto en la manera en que las nuevas generaciones entienden la interacción humana? En @la_ser https://t.co/RvXagx1QoJ,1,0,1,15206,272,0,1,1,el_pais,El Pais,el_pais,0.0,neutral
1895512700026778061,Fri Feb 28 16:33:39 +0000 2025,🔴 ÚLTIMA HORA | Zelenski llega a la Casa Blanca para reunirse con Trump y firmar el acuerdo sobre la explotación de minerales https://t.co/cVk9KZRdUf https://t.co/AL8H8J26qH,43,14,12,36015,173,0,0,2,el_pais,El Pais,el_pais,0.0,neutral
1895510537833754847,Fri Feb 28 16:25:03 +0000 2025,¿Recuerdas el vestido blanco y dorado o azul y negro? Pues han pasado 10 años de todo aquel debate en internet https://t.co/2vnDzBPvIL,10,5,2,25902,134,0,0,1,el_pais,El Pais,el_pais,0.0,neutral
1895505984409260203,Fri Feb 28 16:06:58 +0000 2025,🔴 WhatsApp sufre una caída de sus servicios https://t.co/FqfRs3JEhf,40,9,4,39258,67,0,0,1,el_pais,El Pais,el_pais,0.0,neutral
1895505509760786883,Fri Feb 28 16:05:04 +0000 2025,"Feijóo se mantiene firme en que quiere esperar al relevo de Mazón, que casi nadie duda ya en el PP que va a suceder. Pero mientras él apuesta por hacerlo en tiempos más pausados, la presión crece dentro y fuera del partido para que la decisión se acelere https://t.co/Z41IxTTXsB",17,2,7,16172,278,0,0,1,el_pais,El Pais,el_pais,0.0,neutral
1895500474469527742,Fri Feb 28 15:45:04 +0000 2025,"Rose Girone, considerada como la superviviente más longeva del Holocausto, falleció en Nueva York a los 113 años el pasado lunes. Nacida en Polonia, la mujer se convirtió en “una persona sin miedo” tras superar la barbarie nazi, relata su hija https://t.co/9YV5eyAMQS",111,42,3,18428,267,0,0,1,el_pais,El Pais,el_pais,-0.5574,negative
1895497994981536231,Fri Feb 28 15:35:13 +0000 2025,🔴 Donald Trump declarará el inglés como idioma oficial de Estados Unidos por primera vez en sus cerca de 250 años de historia https://t.co/6Es8sj9t44,532,130,166,123527,149,0,0,1,el_pais,El Pais,el_pais,0.0,neutral
1895497740651520388,Fri Feb 28 15:34:12 +0000 2025,"📹 Vídeo | En su primera visita a la Casa Blanca, el primer ministro británico Starmer desembarcó con una jugada maestra: una carta personal del rey Carlos III de Inglaterra que bien puede haber valido la posibilidad de un acuerdo de libre comercio https://t.co/KTz4TYGmSv https://t.co/oxf8vR47MI",174,42,17,73332,295,0,0,2,el_pais,El Pais,el_pais,0.0,neutral
1895495440805642465,Fri Feb 28 15:25:04 +0000 2025,Denunciada una ‘mossa’ del equipo de escoltas de Illa acusada de hurtar una chaqueta en un Zara https://t.co/SWqrZrdW9x,35,15,16,24501,119,0,0,1,el_pais,El Pais,el_pais,0.0,neutral
1895490405090701632,Fri Feb 28 15:05:03 +0000 2025,Diariamente fallecen 94 personas dependientes sin haber llegado a recibir prestaciones o servicios. El tiempo medio de tramitación de un expediente es de 334 días. En cuatro comunidades autónomas ese tiempo supera los 12 meses https://t.co/l1NhUzgjOp,64,49,11,20868,250,0,0,1,el_pais,El Pais,el_pais,-0.5574,negative
1895485374530535490,Fri Feb 28 14:45:04 +0000 2025,"Rocío admite en su Carta a la Directora que, si no le dedicara tantas horas a las pantallas, podría invertir su tiempo en otras actividades. El diseño de las aplicaciones, pensado precisamente para atraparnos, tiene la culpa https://t.co/fQ5ylMDzfO",5,3,1,15882,248,0,0,1,el_pais,El Pais,el_pais,-0.296,negative
1895480345211830323,Fri Feb 28 14:25:05 +0000 2025,"El pleno del Ayuntamiento de Barcelona rechaza reconocer a Loles León con la Medalla de Oro de la ciudad con los votos de Junts y ERC, que critican sus ataques a la normalización lingüística; y PP y Vox reclaman consenso al proponer los reconocimientos https://t.co/w2a8FjhYZ0",3,2,1,16137,276,0,0,1,el_pais,El Pais,el_pais,0.0,neutral
1895475306036633813,Fri Feb 28 14:05:03 +0000 2025,"La cantante Katy Perry y Lauren Sanchez, periodista y prometida de Jeff Bezos, son dos de las viajeras de la primera tripulación completamente femenina de la nueva misión de Blue Origin https://t.co/mqayPdcoa1",6,3,1,22036,209,0,0,1,el_pais,El Pais,el_pais,0.0,neutral
1895470276537692475,Fri Feb 28 13:45:04 +0000 2025,"El nuevo Grok 3, de xAI, incluye varias versiones para adultos, entre ellas la sexual. Ninguna otra empresa grande se había atrevido a entrar ahí tan abiertamente https://t.co/c3icewpBDT",5,0,0,17271,186,0,0,1,el_pais,El Pais,el_pais,0.0,neutral
1895465241204387940,Fri Feb 28 13:25:04 +0000 2025,"La defensa de Daniel Sancho apura las horas para presentar el recurso ante la justicia tailandesa, cuyo plazo termina este viernes https://t.co/HYcsWw9p3t",3,2,0,16372,154,0,0,1,el_pais,El Pais,el_pais,0.0,neutral
1895460207825699313,Fri Feb 28 13:05:04 +0000 2025,"Opinión | ""Todo resulta creíble y está muy bien contado. Funciona la ambientación, los diálogos, las situaciones, los personajes. Y una interpretación perfecta de Timothée Chalamet, actor al que le tengo manía"". Por Carlos Boyero
 https://t.co/05ekR503EG",36,6,0,18675,254,0,0,1,el_pais,El Pais,el_pais,0.34,positive
1895455174845505784,Fri Feb 28 12:45:04 +0000 2025,"El destino llevaba 40 años pisándole los talones al narco Caro Quintero. Y este jueves, Estados Unidos se ha cobrado al fin su cabeza ante la presión y las amenazas de Donald Trump https://t.co/8kILKbNY5M",28,18,9,21344,204,0,0,1,el_pais,El Pais,el_pais,0.34,positive
1895451783126024325,Fri Feb 28 12:31:35 +0000 2025,"🔴DIRECTO | Israel quiere extender la primera fase de la tregua seis semanas, según una fuente de las negociaciones https://t.co/qEplZ9JPrW",12,5,2,18885,138,0,0,1,el_pais,El Pais,el_pais,0.0,neutral
1895450142519476450,Fri Feb 28 12:25:04 +0000 2025,"La Fonda Casa Pepa, en el corazón de Carratraca (Málaga), es uno de los lugares más peculiares de la gastronomía andaluza. Nació en los años sesenta como alojamiento y hoy es una institución https://t.co/soYlYthWEo",14,2,0,16890,214,0,0,1,el_pais,El Pais,el_pais,0.0,neutral
1895445106980733307,Fri Feb 28 12:05:03 +0000 2025,Trump es capaz de sostener una cosa y la contraria. Atender a cada una de sus indicaciones es probablemente la mejor forma de perderse https://t.co/tNuMryQCcb,15,3,5,14974,158,0,0,1,el_pais,El Pais,el_pais,0.0,neutral
1895440969400492141,Fri Feb 28 11:48:37 +0000 2025,"A su llegada al cargo Marián Mouriño se involucró hasta ser una figura que participa activamente en todo lo que envuelve al club. Su plan está consiguiendo una comunión inédita con la grada celtista
#LaFuerzaDeNuestroFútbol 
#BrandedContent con @LaLiga 
 https://t.co/GTCQ2VyiFx",25,5,0,19725,278,2,1,1,el_pais,El Pais,el_pais,0.0,neutral
1895440078282924533,Fri Feb 28 11:45:04 +0000 2025,"¿Por qué la cosmética se está extendiendo? Cremas, labiales o perfumes están presentes en el día a día de millones de personas y juegan un papel clave. Son importantes o muy importantes para el 72% de los europeos https://t.co/M3PpeYoI52",5,1,2,13551,237,0,0,1,el_pais,El Pais,el_pais,0.0,neutral
1895436302067143130,Fri Feb 28 11:30:04 +0000 2025,"Frank de la Jungla ha s ido detenido por presunta posesión ilegal de animales salvajes protegidos en su Santuario Libertad, donde da refugio a animales. Actualmente, se encuentra en una comisaría del distrito Lao Khwan https://t.co/X7j4lySNzV",20,5,13,17845,242,0,0,1,el_pais,El Pais,el_pais,0.34,positive
1895429342509035847,Fri Feb 28 11:02:25 +0000 2025,"Opinión | ""Nada hay más cruel que el silencio de los progenitores cuando desaparecen. Papá, mamá, decidme algo, que no hay día que no piense en vosotros debajo de la ducha"", por Juan José Millás https://t.co/4KqpV3wqDc",52,15,3,15996,218,0,0,1,el_pais,El Pais,el_pais,-0.802,negative
1895428750633767190,Fri Feb 28 11:00:04 +0000 2025,"Leiva y Robe Iniesta, dos estrellas del rock nacional, han unido fuerzas en una nueva canción. Una unión que ha generado ya un revuelo entre los fans de ambos https://t.co/pXGZIGpmug",15,3,0,14884,182,0,0,1,el_pais,El Pais,el_pais,0.34,positive
1895427546851705339,Fri Feb 28 10:55:17 +0000 2025,🔴ÚLTIMA HORA | El PSOE no descarta presentar una moción de censura en Valencia si Feijóo no destituye a Mazón https://t.co/H8I6DYc73l,1358,325,226,66013,133,0,0,1,el_pais,El Pais,el_pais,-0.5267,negative
1895424974887735323,Fri Feb 28 10:45:03 +0000 2025,¿Se encamina España a una oleada de cierres escolares? Expertos creen que es lo que le espera a todo el país. “Vamos a ver un número importante de cierres y fusiones de centros de infantil y primaria en los próximos cinco años” https://t.co/PZcwN3MEww,28,7,4,17217,251,0,0,1,el_pais,El Pais,el_pais,0.0,neutral
1895421131051466903,Fri Feb 28 10:29:47 +0000 2025,🔴 ÚLTIMA HORA | El euríbor retoma las caídas en febrero y abarata las hipotecas en más de 1.200 euros al año https://t.co/zfpddlAzen,269,108,6,47313,132,0,0,1,el_pais,El Pais,el_pais,0.0,neutral
1895417426868592642,Fri Feb 28 10:15:04 +0000 2025,"Un incendio se ha declarado antes de la siete de la mañana en una nave industrial del polígono de Cobo Calleja, en la localidad madrileña de Fuenlabrada, el mayor recinto empresarial de mercancías chino en Europa https://t.co/yLrlBPLMl5",6,5,0,14780,236,0,0,1,el_pais,El Pais,el_pais,0.34,positive
1895413651588170159,Fri Feb 28 10:00:04 +0000 2025,"Todo va bien para el Papa tras el último parte médico de ayer por la tarde, que por primera vez marcó ya el horizonte de una recuperación. “Ha salido de la fase más crítica” https://t.co/jZAHqp2vyG",79,17,4,14954,197,0,0,1,el_pais,El Pais,el_pais,0.0,neutral
1895409876680966221,Fri Feb 28 09:45:04 +0000 2025,🌧 Una borrasca fría que atravesará el fin de semana la península cambia el pronóstico del tiempo en Carnavales https://t.co/sOO6QyTP2d,8,2,1,18393,134,0,0,1,el_pais,El Pais,el_pais,0.0,neutral
1895406099173437572,Fri Feb 28 09:30:03 +0000 2025,"El “apagón económico” insta a los consumidores a suspender durante un día todos los gastos. Si tiene éxito, en un clima de malestar económico, social y político, adquiere una relevancia mucho mayor que iniciativas similares en el pasado https://t.co/zxATfLVzHZ",15,14,12,14139,260,0,0,1,el_pais,El Pais,el_pais,0.0,neutral
1895402325319016717,Fri Feb 28 09:15:03 +0000 2025,"Pisos de lujo compartidos con vistas al Palacio Real, o iuna suite en un edificio señorial del año 1900. Así son las habitaciones más caras de Idealista en Madrid  https://t.co/SOSzED9zTN",1,2,9,13877,187,0,0,1,el_pais,El Pais,el_pais,0.0,neutral
1895398558792048991,Fri Feb 28 09:00:05 +0000 2025,"Aunque el escorbuto es un trastorno casi olvidado, sigue presente en occidente. El último caso se ha visto en el Hospital de Bellvitge de Barcelona, donde una mujer fue diagnosticada con la enfermedad tras seguir una dieta que prohibía productos frescos https://t.co/eaZasQ8GXX",29,15,8,20109,277,0,0,1,el_pais,El Pais,el_pais,0.34,positive
1895394775789973754,Fri Feb 28 08:45:03 +0000 2025,"¿La España de hace 300 años es tan distinta de la de ahora? “La monarquía no ha cambiado tanto”, dice Javier Gutiérrez. “En la serie hay una abdicación de un rey en favor de su hijo, y hablamos de un rey que vive de espaldas a lo que sucede en la calle” https://t.co/1kqcrABBIC",64,13,40,28574,277,0,0,1,el_pais,El Pais,el_pais,0.169,positive
1906852774597288351,Mon Mar 31 23:35:03 +0000 2025,"🇲🇽 El Gobierno mexicano informa del decomiso de 10 millones de litros de diesel, almacenados en “el terreno de una empresa de fletes”, en  Altamira, Tamaulipas. Con estos golpes, la Armada saca pecho con decomisos históricos

Vía @elpaismexico
 https://t.co/gxUktpfb4C",23,1,1,16394,268,0,1,1,el_pais,El Pais,el_pais,0.0,neutral
1906847944336187842,Mon Mar 31 23:15:52 +0000 2025,"🇦🇷 La pobreza baja en Argentina del 53% al 38% tras el freno a la inflación. “Tomen nota, mandriles”, festejó Milei y difundió un comunicado de la Casa Rosada celebrando el resultado de “las profundas reformas económicas impulsadas por el presidente” https://t.co/czxlPXzFlU",876,97,128,54361,274,0,0,1,el_pais,El Pais,el_pais,0.0,neutral
1906844436048322685,Mon Mar 31 23:01:55 +0000 2025,"“The Big One” es como ha llamado Trump a la ronda de aranceles que planea anunciar este 2 de abril. La mayor andanada de la guerra comercial declarada por EE UU contra el mundo supondrá un terremoto para la economía mundial de magnitud desconocida
 https://t.co/tDR787GEKC",23,8,10,16714,272,0,0,1,el_pais,El Pais,el_pais,0.34,positive
1906841248549253383,Mon Mar 31 22:49:15 +0000 2025,"Un español logra escapar tras seis días secuestrado en Brasil y sufrir un robo;asegura que lo obligaron a transferir monedas virtuales. Un policía militar brasileño jubilado ha sido detenido acusado de ser uno de los secuestradores
 https://t.co/9i0YkJfUJx",16,7,0,14960,256,0,0,1,el_pais,El Pais,el_pais,0.34,positive
1906829281532977241,Mon Mar 31 22:01:42 +0000 2025,"Editorial | ""Las pruebas en torno a una violación no se pueden valorar como si se tratara de un robo. Las mujeres, cuando van a denunciar, deben tener la certeza de que existen mecanismos para valorar la especificidad de este tipo de delitos""
 https://t.co/metqLeohQo",74,32,30,26124,267,0,0,1,el_pais,El Pais,el_pais,-0.296,negative
1906824608965181509,Mon Mar 31 21:43:08 +0000 2025,"Una galería de Viena ha sacado a la venta, por un precio de 38 millones de euros, un lienzo del pintor inglés William Turner que había sido dado por desaparecido y que fue descubierto el año pasado en una colección privada  https://t.co/qBcudm5Oal",18,3,3,18975,247,0,0,1,el_pais,El Pais,el_pais,0.34,positive
1906819444363423804,Mon Mar 31 21:22:37 +0000 2025,“Reemplazar a niños españoles por niños de otros países para paliar la bajada de población no es una buena solución”. El discurso xenófobo de Vox se ha colado este lunes en el pleno del Ayuntamiento de Jaén https://t.co/yZPs5KzWaj,310,74,770,215168,230,0,0,1,el_pais,El Pais,el_pais,0.0516,positive
1906814060043117032,Mon Mar 31 21:01:13 +0000 2025,"La Fiscalía ha pedido investigar a Alvise por la supuesta financiación ilegal de su agrupación electoral Se Acabó La Fiesta. Si como es previsible, el eurodiputado se niega a colaborar, el Supremo tendrá que pedir permiso al Parlamento Europeo
 https://t.co/BNIAEf8VGL",51,5,5,23255,268,0,0,1,el_pais,El Pais,el_pais,0.8126,positive
1906811587312198090,Mon Mar 31 20:51:23 +0000 2025,La Agencia Española de Seguridad Alimentaria y Nutrición ha emitido este lunes una alerta sobre la posible presencia de fragmentos metálicos en el chocolate de la marca Choceur procedente de Bélgica https://t.co/x35VVufTIR,8,6,1,21156,222,0,0,1,el_pais,El Pais,el_pais,0.34,positive
1906806252740485323,Mon Mar 31 20:30:12 +0000 2025,"La mujer quiso beber y su expareja le ofreció una botella que parecía tener agua, pero era amoniaco. Tras el primer sorbo, empezó a notar un gran ardor y fueron al hospital, donde permaneció ingresada en estado crítico. El hombre ha sido detenido https://t.co/fE4apL8Bbd",22,13,4,22764,270,0,0,1,el_pais,El Pais,el_pais,0.34,positive
1906800885851689409,Mon Mar 31 20:08:52 +0000 2025,"Ann tenía 30 años cuando tuvo un derrame en el tronco encefálico, la base cerebral que conecta con la médula espinal. Dejó de mover las piernas, los brazos y hasta los músculos que accionan sus cuerdas vocales. Ahora, 20 años después, consigue 'hablar' https://t.co/P3q71Ts9Ev",86,23,2,21794,276,0,0,1,el_pais,El Pais,el_pais,0.0,neutral
1906795499421622502,Mon Mar 31 19:47:28 +0000 2025,"“¿Me pones una felación y dos pares de tetas?”. La campaña #ElPornoésFake, con sus polémicos vídeos, denuncia el fácil acceso al porno de los menores, ya que 7 de cada 10 adolescentes consumen pornografía de forma regular en España https://t.co/4kO961iR7W",11,7,6,21817,255,1,0,1,el_pais,El Pais,el_pais,0.0,neutral
1906790142213325028,Mon Mar 31 19:26:11 +0000 2025,"El asteroide que atemorizó a la humanidad hace un mes podría en realidad colisionar contra la Luna. “No sería peligroso para nosotros, no pasaría nada realmente, pero sería una oportunidad estupenda para ver un impacto lunar y sus consecuencias” https://t.co/GPmFsdRtF3",22,10,3,19880,269,0,0,1,el_pais,El Pais,el_pais,-0.296,negative
1906784887048171924,Mon Mar 31 19:05:18 +0000 2025,"Precios más económicos y más variedad de opciones, creación de empleo y renovación del parque automovilístico: dos de cada tres compradores adquieren un coche de ocasión en lugar de uno nuevo #LaOcasiónLoMerece
#BrandedContent con @Flexicar_es 
 https://t.co/P6qqmCa4jD",4,1,3,17330,269,2,1,1,el_pais,El Pais,el_pais,0.0,neutral
1906780097555685540,Mon Mar 31 18:46:16 +0000 2025,"“Me enfrento a la pareja más poderosa de los medios, que tiene todo el dinero del mundo para contratar a los mejores relaciones públicas y abogados. Y yo solo tenía la verdad de mi lado”. Rebecca Loos vuelve a escena recordando su relación con Beckham https://t.co/lyU6UEDpdh",13,4,1,21829,275,0,0,1,el_pais,El Pais,el_pais,0.0,neutral
1906779568641307073,Mon Mar 31 18:44:10 +0000 2025,"🔴 Marine Le Pen, tras ser inhabilitada por la justicia francesa: “La condena debería escandalizar a quien defienda la democracia o el Estado de derecho” https://t.co/Ty3xh62LGw",96,21,72,31924,176,0,0,1,el_pais,El Pais,el_pais,0.0,neutral
1906778595277635707,Mon Mar 31 18:40:18 +0000 2025,"Además de relacionarse con las enfermedades respiratorias, las bajas temperaturas también favorecen la aparición de patologías dermatológicas y reumatológicas. Estas son algunas de las más frecuentes y sus efectos #LaSaludDeCerca @quironsalud  https://t.co/E68TwFqpfM",14,4,0,19223,267,1,1,1,el_pais,El Pais,el_pais,0.0,neutral
1906773326204153972,Mon Mar 31 18:19:21 +0000 2025,🔴 Trabajo abre otro foco de conflicto con la patronal con su propuesta para automatizar la subida del salario mínimo https://t.co/DBjWcAcLG2,13,3,2,18102,140,0,0,1,el_pais,El Pais,el_pais,0.0,neutral
1906763041561100690,Mon Mar 31 17:38:29 +0000 2025,"A veces dos huevos, un chorrito de aceite, una sartén y cinco minutos es todo lo que necesitamos para terminar la jornada con buen sabor de boca, y eso también es cocina casera. Este es uno de los pocos platos que tardas menos en preparar que en comerte https://t.co/AAtqqWFoA6",29,5,1,17248,277,0,0,1,el_pais,El Pais,el_pais,0.0,neutral
1906757828833870212,Mon Mar 31 17:17:46 +0000 2025,"Lo de Vinicius empieza a preocupar: ""Se está siendo bastante indulgente"". En @La_SER  https://t.co/g5pHpJqy89",7,1,0,18785,109,0,1,1,el_pais,El Pais,el_pais,0.0,neutral
1906752614412284226,Mon Mar 31 16:57:03 +0000 2025,🔴 Un equipo de 19 jugadores de béisbol venezolanos pide asilo en Barcelona. Entre los jóvenes hay dos menores de edad https://t.co/XKeiSBtST9,69,38,9,31465,141,0,0,1,el_pais,El Pais,el_pais,0.0,neutral
1906747509352923611,Mon Mar 31 16:36:46 +0000 2025,"A su marido lo asesinaron en 2024 en Ecuador. Celine, una mujer trans venezolana de 41 años, sabía que después de su pareja irían a por ella. “Me decían que España era más seguro para nosotras las chicas trans, que nos apoyaban mucho” https://t.co/bH9ZK6D8oi",5,1,5,16159,258,0,0,1,el_pais,El Pais,el_pais,0.0,neutral
1906745822076711373,Mon Mar 31 16:30:04 +0000 2025,🔴 ÚLTIMA HORA | Detenido un hombre por amenazar de muerte a Carlos Mazón durante tres meses en redes sociales https://t.co/pANaMIgyvX https://t.co/HWixU0abvn,214,35,131,1015157,157,0,0,2,el_pais,El Pais,el_pais,0.0,neutral
1906742328699523098,Mon Mar 31 16:16:11 +0000 2025,"🔴 Una explosión de gas grisú, la principal hipótesis del accidente en una mina de Asturias que ha dejado cinco muertos y cuatro heridos  https://t.co/SPIoYliJRF",41,29,1,20697,160,0,0,1,el_pais,El Pais,el_pais,0.34,positive
1906737183584555487,Mon Mar 31 15:55:44 +0000 2025,Los líderes ultras europeos han cerrado filas en torno a Marine Le Pen y han atacado a una Unión Europea a la que consideran la responsable última de la inhabilitación política por cinco años de la líder de extrema derecha francesa  https://t.co/RwB9StKrqn,41,12,42,18508,256,0,0,1,el_pais,El Pais,el_pais,0.0,neutral
1906732047403467064,Mon Mar 31 15:35:20 +0000 2025,"Madrid ha tramitado de urgencia las obras de reparación de la Plaza de Toros de Las Ventas, que costarán 244.931,85 euros, tras detectar un deterioro que supone “una situación de riesgo” para empleados y turistas https://t.co/g1MY1ywLZz",15,1,6,15169,236,0,0,1,el_pais,El Pais,el_pais,0.34,positive
1906730758581944639,Mon Mar 31 15:30:12 +0000 2025,"🔴Una mujer consigue ‘hablar’ en tiempo real, tras 20 años de silencio, al conectar su cerebro a una máquina https://t.co/czh0oibKzI",411,105,5,53029,131,0,0,1,el_pais,El Pais,el_pais,0.0,neutral
1906721661879021682,Mon Mar 31 14:54:04 +0000 2025,"Paul Marchant, consejero delegado de Primark, ha presentado la dimisión de su cargo tras reconocer una conducta inapropiada hacia una empleada de la compañía https://t.co/jVl8bSYriK",25,7,2,19862,181,0,0,1,el_pais,El Pais,el_pais,0.34,positive
1906716552893735042,Mon Mar 31 14:33:45 +0000 2025,El jefe de la policía local de Granada nombró como responsable de las patrullas del área centro de la capital a un agente investigado por violencia machista con una orden de alejamiento de una mujer residente en esa misma zona https://t.co/HQlBoIyBBE,29,31,4,16568,250,0,0,1,el_pais,El Pais,el_pais,0.0,neutral
1906711488678506638,Mon Mar 31 14:13:38 +0000 2025,"Marine Le Pen ha sido declarada culpable de malversación de fondos públicos, con una pena a cuatro años de cárcel y a la inhabilitación política de cinco años. La líder ultraderechista no podrá presentarse a las presidenciales de 2027 https://t.co/49ypVAwRXY",63,26,17,16675,258,0,0,1,el_pais,El Pais,el_pais,0.0516,positive
1906710628443562318,Mon Mar 31 14:10:13 +0000 2025,🔴 ÚLTIMA HORA | Wayne Griffiths deja la dirección del grupo Seat https://t.co/cqqNGN3BJQ https://t.co/1HrmZwnLGn,3,1,0,23423,112,0,0,2,el_pais,El Pais,el_pais,0.0,neutral
1906706324294877298,Mon Mar 31 13:53:07 +0000 2025,"“Les presento a mi novio, Julian. ¡No puedo creer que ya llevamos un año enamorados! (No te hagas la sorprendido)”. El medallista olímpico Yared Nuguse presenta a su novio y se convierte en uno de los pocos atletas de élite en visibilizar su homosexualidad https://t.co/CfNXbNJO3f",192,44,43,25113,280,0,0,1,el_pais,El Pais,el_pais,0.0,neutral
1906701110603096148,Mon Mar 31 13:32:24 +0000 2025,"Adiós a Álvaro Magino: Bayona despide al superviviente del accidente de los Andes que pasó 72 días herido fundiendo nieve. “En el choque se fracturó la pierna y, pese a ello, no paró de trabajar en la montaña” https://t.co/lzC263V0ZY",24,8,1,17232,233,0,0,1,el_pais,El Pais,el_pais,-0.296,negative
1906695761783345296,Mon Mar 31 13:11:08 +0000 2025,"Entre el 30% y el 40% de los diagnosticados de  linfoma B difuso de células grandes recae o no logra la remisión completa. El objetivo es avanzar en la búsqueda de nuevas opciones terapéuticas  #CienciaEsVida
#BrandedContent con @AbbVie_ES 
 https://t.co/AXlBXE7so5",4,2,1,18317,265,2,1,1,el_pais,El Pais,el_pais,-0.296,negative
1906690490453422520,Mon Mar 31 12:50:12 +0000 2025,"📹 | En estas imágenes, dos enfermeras protegen a los recién nacidos en una maternidad china durante el terremoto de Myanmar https://t.co/4f4YZzMC4f",59,18,2,19201,147,0,0,1,el_pais,El Pais,el_pais,0.0,neutral
1906688957410058255,Mon Mar 31 12:44:06 +0000 2025,"Bruselas ha recomendado a la población un kit de supervivencia para subsistir durante 72 horas a una posible guerra o emergencia climática. Hemos salido a la calle a preguntar a la gente qué les parece la recomendación https://t.co/tSpHoh6RYA

📷 Jorge Hernández | Virginia López https://t.co/q2CdtZFK2o",4,6,10,20023,302,0,0,2,el_pais,El Pais,el_pais,0.34,positive
1906685189721309562,Mon Mar 31 12:29:08 +0000 2025,"Repsol se enfrenta a una jornada dura en Bolsa después de que Trump revocara los permisos y exenciones concedidas a varias empresas petroleras, incluida la española Repsol, para exportar crudo desde Venezuela https://t.co/nDz2F2MhcX",6,3,0,15186,232,0,0,1,el_pais,El Pais,el_pais,0.0,neutral
1906680084842283448,Mon Mar 31 12:08:51 +0000 2025,Esta semana volverá a tocar sacar el paraguas. El acercamiento de una borrasca desde el Atlántico dará lugar a nuevas lluvias en amplias zonas del país https://t.co/qqdY3X3axn,7,2,1,20324,175,0,0,1,el_pais,El Pais,el_pais,0.0,neutral
1906677122757775633,Mon Mar 31 11:57:05 +0000 2025,"🔴 El Supremo rechaza imputar a la exasesora de Óscar López por el correo del novio de Ayuso, aunque el juez dice que ha visto “fisuras” en su declaración como testigo https://t.co/RbiMZPg74X",11,8,7,18614,190,0,0,1,el_pais,El Pais,el_pais,0.6486,positive
1906674939056271647,Mon Mar 31 11:48:24 +0000 2025,"¿Cómo puede la IA ayudarnos a mejorar la ciberseguridad para poder adelantarnos a los ataques de los hackers? En el tercer episodio del podcast  #InteligencIAs hablamos del impacto de la IA en este sector https://t.co/AnIEWheg4V
#BrandedContent con @GoogleES https://t.co/SSmcgnHLQm",6,0,2,17328,282,2,1,2,el_pais,El Pais,el_pais,0.0,neutral
1906669720419312127,Mon Mar 31 11:27:40 +0000 2025,"Trump ha acusado a Zelenski de querer echarse atrás en el acuerdo para la explotación conjunta de los recursos naturales de Ucrania, y le ha advertido de que si lo hace, afrontará “grandes problemas” https://t.co/OAP7uZvmWZ",5,9,3,16240,223,0,0,1,el_pais,El Pais,el_pais,0.5859,positive
1906666851955847262,Mon Mar 31 11:16:16 +0000 2025,Suben a cinco los muertos en el accidente ocurrido en la mina de Cerredo. Hasta la mina se han desplazado tanto la unidad de salvamento como la unidad canina https://t.co/ku4ZUPoyDS,14,7,1,16324,181,0,0,1,el_pais,El Pais,el_pais,0.0,neutral
1906664655675683120,Mon Mar 31 11:07:32 +0000 2025,"🔴 AMPLIACIÓN | El tribunal ha condenado a Le Pen a cuatro años de cárcel y cinco de inhabilitación, lo que compromete su candidatura a las presidenciales de 2027. La líder ultra ha abandonado la sala antes de acabar la lectura de la sentencia https://t.co/YiP4ryV7qy https://t.co/jOhywQstge",135,63,12,26040,290,0,0,2,el_pais,El Pais,el_pais,0.5859,positive
1906663705279963541,Mon Mar 31 11:03:46 +0000 2025,"📺 TV en DIRECTO | Sánchez anuncia mejoras en la UNED y la educación a distancia, además de crear 2.000 nuevas plazas vinculadas a grados de alta  demanda https://t.co/b4BzkkZGBJ",125,47,8,55132,177,0,0,1,el_pais,El Pais,el_pais,0.0,neutral
1906661253776363891,Mon Mar 31 10:54:01 +0000 2025,"📺 TV en DIRECTO | Sánchez: ""Si en la generación de nuestros abuelos uno de cada diez personas tenía estudios superiores, hoy más de uno de cada dos jóvenes ha accedido a la educación universitaria"" https://t.co/CG5x802bsh",545,174,261,117954,221,0,0,1,el_pais,El Pais,el_pais,0.34,positive
1906659279441965149,Mon Mar 31 10:46:10 +0000 2025,"“Sentirse culpable no significa necesariamente ser culpable. Aprender a perdonarse no es fácil, pero así puede darse una segunda oportunidad y llegar a vivir con la culpa de una forma menos autodestructiva”, escribe el especialista Enrique Echeburúa https://t.co/IVqpLAe50K",36,12,2,15447,273,0,0,1,el_pais,El Pais,el_pais,-0.5267,negative
1906654191780585539,Mon Mar 31 10:25:57 +0000 2025,"La Fiscalía ha pedido investigar a Alvise por la supuesta financiación ilegal de su agrupación electoral Se Acabó La Fiesta. Si como es previsible, el eurodiputado se niega a colaborar, el Supremo tendrá que pedir permiso al Parlamento Europeo https://t.co/7dmGatxeGL",298,148,17,40213,267,0,0,1,el_pais,El Pais,el_pais,0.8126,positive
1906648965895889064,Mon Mar 31 10:05:11 +0000 2025,"🔴 Dos personas han muerto en un accidente ocurrido en la mina de Cerredo, en Asturias. Otras tres personas han resultado heridas, dos de ellas con quemaduras graves y una con traumatismo craneoencefálico https://t.co/RVc9Rfhdwh",12,3,1,27412,227,0,0,1,el_pais,El Pais,el_pais,-0.296,negative
1906648370271166698,Mon Mar 31 10:02:49 +0000 2025,📺 TV en DIRECTO | Pedro Sánchez preside el acto 'En defensa de una universidad de calidad' en la UNED. Síguelo aquí: https://t.co/CE83aMRl3q,43,13,7,14630,140,0,0,1,el_pais,El Pais,el_pais,0.0,neutral
1906647769739149475,Mon Mar 31 10:00:26 +0000 2025,"💬 ACTUALIZACIÓN | La presidenta del tribunal continúa a esta hora desgranando las motivaciones y el tipo de condena, que conllevará seguro la inhabilitación de Le Pen. No se sabe todavía por cuánto tiempo ni si dicha pena será de cumplimiento inmediato https://t.co/5uRyYPIFTv",94,17,7,36471,276,0,0,1,el_pais,El Pais,el_pais,-0.296,negative
1906643795074019352,Mon Mar 31 09:44:39 +0000 2025,"📹 | El primer lanzamiento del cohete alemán Spectrum ha sido considerado un éxito, a pesar de estrellarse al medio minuto del despegue. Es la primera compañía espacial comercial europea en lanzar un cohete orbital desde Europa continental https://t.co/kmzs9VdGuG https://t.co/RMLIwCNOT3",21,8,17,19536,286,0,0,2,el_pais,El Pais,el_pais,0.34,positive
1906638577640857889,Mon Mar 31 09:23:55 +0000 2025,Las asociaciones de jueces y fiscales han pedido “responsabilidad institucional” tras las críticas vertidas por María Jesús Montero contra la absolución del futbolista Dani Alves https://t.co/kaFZYmaeVF,38,13,61,19118,202,0,0,1,el_pais,El Pais,el_pais,0.0,neutral
1906633269455515840,Mon Mar 31 09:02:49 +0000 2025,"🔴 ÚLTIMA HORA | Marine Le Pen, líder de Reagrupamiento Nacional, declarada culpable de malversación de fondos públicos https://t.co/49ypVAwRXY",5107,1473,267,613673,142,0,0,1,el_pais,El Pais,el_pais,0.0,neutral
1906631176825008259,Mon Mar 31 08:54:30 +0000 2025,"🔴 El temor a los aranceles desata el pesimismo en las Bolsas al inicio de una semana clave en la guerra comercial

Sigue toda la información al respecto, en directo ⬇
 https://t.co/M8CZxF1T8X",3,0,1,12239,191,0,0,1,el_pais,El Pais,el_pais,0.0,neutral
1906628651736547801,Mon Mar 31 08:44:28 +0000 2025,“Los Medici pasaron por aquí a lo largo de toda su historia. Hay fuentes de la corte que cuenta que en invierno los niños venían aquí a jugar”. Los Uffizi han abierto por primera vez el corredor construido en 1565 sobre el Ponte Vecchio de Florencia https://t.co/5JzguDdOQG,92,24,0,18075,273,0,0,1,el_pais,El Pais,el_pais,0.0,neutral
1906623194250826153,Mon Mar 31 08:22:47 +0000 2025,"Se está empezando a ver un trasvase de segundas residencias de los extranjeros ricos desde el Mediterráneo a “la España fresca”. “Buscan confidencialidad, sitios apartados y metidos en medio de la naturaleza” https://t.co/SOvQHFJSBa",39,8,9,30178,232,0,0,1,el_pais,El Pais,el_pais,0.0,neutral
1906617871913922615,Mon Mar 31 08:01:38 +0000 2025,"🔴 El ejército israelí ordena el desalojo de Rafah antes de lanzar nuevos ataques

Sigue toda la información sobre el conflicto en Oriente Próximo aquí ⬇
 https://t.co/pIexHVezxW",5,3,2,12841,177,0,0,1,el_pais,El Pais,el_pais,0.0,neutral
1906612456014688409,Mon Mar 31 07:40:07 +0000 2025,"Editorial | ""Las pruebas en torno a una violación no se pueden valorar como si se tratara de un robo. Las mujeres, cuando van a denunciar, deben tener la certeza de que existen mecanismos para valorar la especificidad de este tipo de delitos"" https://t.co/JDapinxOB1",20,13,16,16701,266,0,0,1,el_pais,El Pais,el_pais,-0.296,negative
1906607129533809132,Mon Mar 31 07:18:57 +0000 2025,"“No hay líneas rojas en el catálogo europeo de represalias”. Eso significa que, además de una respuesta comercial en forma de aranceles a productos estadounidenses, Bruselas considera aplicar el instrumento anticoerción, un arma de seguridad económica https://t.co/0P1DXWb9Jl",7,6,2,14614,275,0,0,1,el_pais,El Pais,el_pais,0.0,neutral
1906602001233764622,Mon Mar 31 06:58:34 +0000 2025,🔴 El Consejo de Europa vuelve a resolver contra la indemnización por despido española y presiona al Gobierno para reformarla https://t.co/JJyvoOiy2L,5,2,1,15966,148,0,0,1,el_pais,El Pais,el_pais,0.1779,positive
1917729530401226826,Wed Apr 30 23:55:24 +0000 2025,"Erick, de 13 años, llegó a la Academia Militarizada Ollín Cuauhtémoc, para ser parte de un campamento que duraría tres días. Su familia asegura que murió tras ser golpeado. El caso desata una ola de denuncias por maltratos y torturas

Vía @elpaismexico
 https://t.co/rw1mk0xEVP",13,2,1,14393,277,0,1,1,el_pais,El Pais,el_pais,0.0,neutral
1917723856632008797,Wed Apr 30 23:32:51 +0000 2025,"La justicia mexicana ha sentenciado a 300 años de prisión a un funcionario en Oaxaca por la desaparición de cinco personas. Las víctimas fueron secuestradas, torturadas y asesinadas en 2017. Sus cuerpos fueron arrojados a una barranca https://t.co/PojmExZfny",18,5,2,15191,258,0,0,1,el_pais,El Pais,el_pais,0.34,positive
1917715900666372464,Wed Apr 30 23:01:14 +0000 2025,"“Tenemos el mejor sistema de Europa”, ha repetido en varias ocasiones Beatriz Corredor, presidenta de Red Eléctrica, durante una entrevista con la Cadena Ser en la que también ha rechazado que se plantee dimitir https://t.co/ejcN1B9EWi",49,9,188,31292,235,0,0,1,el_pais,El Pais,el_pais,0.5859,positive
1917700784575164438,Wed Apr 30 22:01:10 +0000 2025,"Pese a que desde el primer momento los ministros presentes y el propio Sánchez ya vieron que los técnicos no tenían respuesta a la mayoría de las preguntas, decidieron priorizar los trabajos para devolver la luz
 https://t.co/zkz9FHksoY",267,107,249,38690,236,0,0,1,el_pais,El Pais,el_pais,-0.296,negative
1917691691177279841,Wed Apr 30 21:25:02 +0000 2025,Migrantes detenidos en Texas emiten un SOS por miedo a ser deportados a El Salvador. Un dron controlado por la agencia de noticias Reuters presenció la imagen desde el aire https://t.co/2Jkpk5NHns,14,12,7,22432,196,0,0,1,el_pais,El Pais,el_pais,0.0,neutral
1917686378525032685,Wed Apr 30 21:03:56 +0000 2025,"El crimen conmocionó a Colombia. Varios agresores le fracturaron los brazos y las piernas a Sara, una mujer trans, antes de lanzarla al agua para que no pudiera nadar y ponerse a salvo. La policía ha detenido a uno de los presuntos autores del asesinato https://t.co/4wLWlsuMHg",46,17,7,27604,277,0,0,1,el_pais,El Pais,el_pais,0.0516,positive
1917681109527155047,Wed Apr 30 20:42:59 +0000 2025,"Sin internet ni suministro eléctrico, y con los smartphones sin radio FM, centenares de personas se echaron a las calles para comprar transistores https://t.co/8gGzhgKOB7",47,10,13,28286,170,0,0,1,el_pais,El Pais,el_pais,-0.802,negative
1917675781783798064,Wed Apr 30 20:21:49 +0000 2025,"Coyote Dax: “Lo que pasa es que a veces uno es un poco ignorante de cómo funciona la industria y acaba sucumbiendo a cosas que no quería. Me até de pies y manos (...) Todavía no cobro los royalties de 'No rompas más"" https://t.co/njhpokorys",2,2,1,21454,240,0,0,1,el_pais,El Pais,el_pais,-0.5267,negative
1917670328093835424,Wed Apr 30 20:00:09 +0000 2025,"La mujer tenía 75 años y presentaba golpes, probablemente de un martillo, en la cabeza. El hijo de la víctima ha sido detenido como presunto autor de los hechos y algunas fuentes indican que llevaba un tiempo en casa con el cadáver https://t.co/OtU5X4PqYL",5,1,3,22249,255,0,0,1,el_pais,El Pais,el_pais,0.34,positive
1917668076587258098,Wed Apr 30 19:51:12 +0000 2025,"Los periodistas de EL PAÍS José María Irujo y Joaquín Gil ganan el premio Nacional de Periodismo Juan Andrés García por su investigación sobre el paradero del asesino de Arturo Ruiz, uno de los crímenes de la ultraderecha que marcó la Transición https://t.co/hFjz5Nrgz3",79,26,10,28683,269,0,0,1,el_pais,El Pais,el_pais,0.0,neutral
1917665078259716327,Wed Apr 30 19:39:17 +0000 2025,El apagón resucita la broma de “Los Simpson ya lo predijeron”  https://t.co/ZpfltWnOAx,38,10,9,28116,86,0,0,1,el_pais,El Pais,el_pais,0.0,neutral
1917660002468196439,Wed Apr 30 19:19:07 +0000 2025,La mitad de los profesores sufre un desgaste emocional significativo por su trabajo https://t.co/i90HX0PjUZ,37,12,15,24813,107,0,0,1,el_pais,El Pais,el_pais,0.0,neutral
1917654846372544827,Wed Apr 30 18:58:38 +0000 2025,"Para los pacientes electrodependientes, que necesitan estar conectados a aparatos eléctricos, el apagón fue cuestión de vida o muerte. Algunos llegaron a una situación límite. “La vida de mi niño estaba en juego”, cuenta Carmela https://t.co/fjUzS9RQG0",10,3,2,14444,252,0,0,1,el_pais,El Pais,el_pais,0.0,neutral
1917649759570981060,Wed Apr 30 18:38:25 +0000 2025,"Israelíes y palestinos que han perdido seres queridos en las últimas décadas se juntaron para reconocer el dolor del otro sin ignorar el propio. “La situación es muy deprimente, pero esto es un vistazo al futuro. Un mensaje de humanidad y reconciliación"" https://t.co/0dZyQXbyJx",26,5,0,16499,278,0,0,1,el_pais,El Pais,el_pais,-0.5574,negative
1917644483501462015,Wed Apr 30 18:17:27 +0000 2025,🔴 Competencia aprueba la opa del BBVA al Sabadell tras casi un año de análisis y con unas condiciones que deberá validar el Gobierno https://t.co/CDXyhI0ApQ,11,5,4,18019,156,0,0,1,el_pais,El Pais,el_pais,0.0,neutral
1917639240021590314,Wed Apr 30 17:56:37 +0000 2025,"Trump destituye al marido de Kamala Harris en el Museo del Holocausto de Washington. “Me informaron de mi expulsión (...) Permítanme ser claro: el recuerdo y la educación del Holocausto nunca deben politizarse”, escribió Hemhoff, que es judío
 https://t.co/MaAkQqLpPM",220,100,11,20679,267,0,0,1,el_pais,El Pais,el_pais,0.0,neutral
1917634186023784747,Wed Apr 30 17:36:32 +0000 2025,"🔴 Transportes asegura que Ábalos no cobró 500.000 euros en dietas, sino que eran gastos de los viajes del ministro y su delegación https://t.co/v29jRUV92D",268,99,377,87586,154,0,0,1,el_pais,El Pais,el_pais,-0.296,negative
1917629046537531572,Wed Apr 30 17:16:07 +0000 2025,La errática política económica y comercial del presidente de Estados Unidos ha generado desconfianza e incertidumbre y ha supuesto un frenazo en seco a un crecimiento que era la envidia del mundo https://t.co/Q3hvdmBYR5,6,4,6,15535,219,0,0,1,el_pais,El Pais,el_pais,0.5859,positive
1917628067113001228,Wed Apr 30 17:12:13 +0000 2025,🔴 ÚLTIMA HORA | Estados Unidos y Ucrania acarician un acuerdo para la explotación de minerales https://t.co/y6ogQBuNAU https://t.co/S3DNfExeOX,34,13,10,35468,142,0,0,2,el_pais,El Pais,el_pais,0.0,neutral
1917625901832982666,Wed Apr 30 17:03:37 +0000 2025,🔴 ÚLTIMA HORA | El juez decreta prisión para los padres de los niños de la ‘casa de los horrores’ de Oviedo https://t.co/vuWF7XvX3a https://t.co/rc2gXNm4u4,100,16,5,42349,155,0,0,2,el_pais,El Pais,el_pais,0.0,neutral
1917623914420687105,Wed Apr 30 16:55:43 +0000 2025,"En Sevilla hay unos 38.000 ciudadanos de 10 barrios a los que el apagón masivo no les sorprendió. “Como la distribución eléctrica está en manos privadas [de Endesa], el barrio es un vertedero y las instituciones no aparecen” https://t.co/4CPTN21qdv",14,12,11,16056,248,0,0,1,el_pais,El Pais,el_pais,-0.5267,negative
1917618599755162044,Wed Apr 30 16:34:36 +0000 2025,"José María García Urbano, alcalde de Estepona (PP) ha sido acusado de un supuesto delito de malversación de caudales al contratar a amiga “íntima” como asesora durante seis semanas “sin que se haya acreditado que llegase a desempeñar actividad alguna” https://t.co/1rMyWOiRoE",116,76,37,20544,275,0,0,1,el_pais,El Pais,el_pais,0.34,positive
1917613523632284056,Wed Apr 30 16:14:26 +0000 2025,"El cardenal peruano Cipriani, el primero del Opus Dei en su historia, fue sancionado en 2019 por Francisco tras una acusación de abuso de menores. Cipriani firmó y aceptó el precepto penal, pero la pregunta ahora es si está desobedeciendo al Pontífice https://t.co/R3GRoFgnfm",1145,623,84,56992,275,0,0,1,el_pais,El Pais,el_pais,0.0,neutral
1917608356543398397,Wed Apr 30 15:53:54 +0000 2025,"Mar de plástico: un estudio global de los océanos mide miles de micropartículas hasta en la fosa de las Marianas, en el Pacífico
 https://t.co/X6uuKARkxd",10,5,5,14161,153,0,0,1,el_pais,El Pais,el_pais,0.0,neutral
1917603198560305530,Wed Apr 30 15:33:24 +0000 2025,🔴 El Gobierno exige los datos ya a las eléctricas y respalda tímidamente a la presidenta de Red Eléctrica https://t.co/fL18Ntfa90,38,7,17,29012,129,0,0,1,el_pais,El Pais,el_pais,0.0,neutral
1917599530419187828,Wed Apr 30 15:18:49 +0000 2025,🔴 ÚLTIMA HORA | El Tribunal de Cuentas impone a Vox una multa de 862.000 por financiación irregular https://t.co/GiyFD8IBA1 https://t.co/2BjtFyuUgh,8895,2651,412,1485210,147,0,0,2,el_pais,El Pais,el_pais,0.0,neutral
1917597844833190144,Wed Apr 30 15:12:08 +0000 2025,"Tras las denuncias de muchos usuarios, Consumo ha abierto una investigación por la subida de precios de los VTC durante el apagón. La normativa no permite el aumento de tarifas en este tipo de emergencias y las multas pueden ser de hasta 100.000 euros https://t.co/22HSxKLex0",50,33,9,18564,275,0,0,1,el_pais,El Pais,el_pais,0.0516,positive
1917592602649481527,Wed Apr 30 14:51:18 +0000 2025,"Miriam Segura vivía en Canadá cuando enfermó de cáncer. En el hospital, vio que cuando los pacientes terminaban su tratamiento tocaban una campana. Ahora, su madre, ha cumplido el sueño de Miriam trayendo la iniciativa a España https://t.co/pbCvrvgjEn",24,4,3,17106,251,0,0,1,el_pais,El Pais,el_pais,0.34,positive
1917587368032243814,Wed Apr 30 14:30:30 +0000 2025,"El caso sorprendió a los agentes. En la casa había gran acumulación de basura y medicamentos. Los niños estaban en condiciones de insalubridad “¿Qué pudo llevar a esta situación?; ¿las mascarillas que llevan padres y niños pueden ser solo algo anecdótico?"" https://t.co/32fTA2Zhbj",17,7,4,20406,280,0,0,1,el_pais,El Pais,el_pais,0.0,neutral
1917581992243220526,Wed Apr 30 14:09:08 +0000 2025,"¿Cuánto importan las condiciones no materiales? Los trabajadores renunciarían a una quinta parte del salario para no estar estresados
 https://t.co/6i2RjG6c02",10,6,4,16982,158,0,0,1,el_pais,El Pais,el_pais,-0.5267,negative
1917576805042565206,Wed Apr 30 13:48:31 +0000 2025,"Katy Perry, sobre los comentarios de sus ‘haters’: “Cuando el mundo online intenta convertirte en una piñata humana, lo tomo con elegancia y les mando amor porque sé que es, en gran medida, un vertedero para personas desquiciadas e incurables"" https://t.co/uDnNoHInR8",23,5,0,17873,267,0,0,1,el_pais,El Pais,el_pais,0.6124,positive
1917571457124598139,Wed Apr 30 13:27:16 +0000 2025,Convertir productos del mar en manjares de larga duración: eso es lo que hacen con maestría estas empresas españolas https://t.co/q8r3lpFnEa,13,4,2,18403,140,0,0,1,el_pais,El Pais,el_pais,0.0,neutral
1917566358071500824,Wed Apr 30 13:07:01 +0000 2025,"Opinión | ""Del fin del mundo a las cañas al sol, el cuadro del lunes retrata una amalgama de ansiedades, incertidumbres y gozos que define a la sociedad del siglo XXI"", por Esther Paniagua https://t.co/OV6fDlwier https://t.co/Cul6rxudrK",43,21,5,22705,236,0,0,2,el_pais,El Pais,el_pais,0.0,neutral
1917561244795445683,Wed Apr 30 12:46:41 +0000 2025,"Las autoridades de Suecia han anunciado la detención de un adolescente de 16 años sospechoso de la muerte de tres personas en el tiroteo del martes en la ciudad de Upsala, un suceso que podría estar relacionado con una disputa entre bandas criminales https://t.co/TOGaormWnr",11,7,5,17581,274,0,0,1,el_pais,El Pais,el_pais,0.0,neutral
1917556812523487696,Wed Apr 30 12:29:05 +0000 2025,"📺 TV en DIRECTO | Sara Aagesen, al ser preguntada por Beatriz Corredor: ""Quiero poner de manifiesto el trabajo de Red Eléctrica, de la presidenta y los técnicos. Ha sido extraordinario y por eso hemos contado con el reestablecimiento del suministro"" https://t.co/sFobPd2pbK https://t.co/xxOvUvVdHe",24,10,39,22698,297,0,0,2,el_pais,El Pais,el_pais,0.34,positive
1917556376777232529,Wed Apr 30 12:27:21 +0000 2025,"📺 TV en DIRECTO | Sara Aagesen: ""Nos parece imprudente hacer especulaciones. Tenemos que hablar con certezas y con datos"" https://t.co/sFobPd2pbK https://t.co/hNYFbOjmGz",118,40,53,35763,169,0,0,2,el_pais,El Pais,el_pais,0.0,neutral
1917555869455094169,Wed Apr 30 12:25:20 +0000 2025,🔴 El Gobierno mantiene la previsión de crecimiento económico pese a la inestabilidad por la guerra arancelaria https://t.co/p3yfK3RV60,10,3,0,15480,134,0,0,1,el_pais,El Pais,el_pais,0.0,neutral
1917553795287990756,Wed Apr 30 12:17:05 +0000 2025,"📺 TV en DIRECTO | Carlos Cuerpo, sobre el impacto económico del apagón: ""El lunes la caída de actividad de compras estuvo al 55% con respecto a un lunes similar [...]. Estaríamos hablando de un impacto en torno a los 400 millones"" https://t.co/sFobPd2pbK https://t.co/dkwqXTLPkx",170,72,14,35443,278,0,0,2,el_pais,El Pais,el_pais,0.0,neutral
1917551250872094814,Wed Apr 30 12:06:59 +0000 2025,"📺 TV en DIRECTO | Pilar Alegría: ""Para nosotros la prioridad es tener toda la información. Desde los primeros minutos el propio presidente estuvo en Red Eléctrica dos veces, acompañando a la vicepresidenta tercera que pasó allí toda la noche del lunes"" https://t.co/sFobPd2pbK https://t.co/mjbL1IK9gH",78,27,36,20026,300,0,0,2,el_pais,El Pais,el_pais,0.0,neutral
1917550732183556586,Wed Apr 30 12:04:55 +0000 2025,"Para los que no están acostumbrados a vivir desconectados a la red eléctrica, Toni Papá enumera unos consejos. El primero es “no tener nunca la nevera llena”. Lo segundo sería tener el móvil siempre cargado “para usar la linterna en la oscuridad” https://t.co/HakviPYx9d",22,3,45,24213,270,0,0,1,el_pais,El Pais,el_pais,-0.296,negative
1917550549014073494,Wed Apr 30 12:04:11 +0000 2025,"📺 TV en DIRECTO | Preguntas y respuestas sobre la dana seis meses después de la tragedia https://t.co/79FccjlTLb
 https://t.co/VeAmCztSyQ",11,5,1,14800,137,0,0,2,el_pais,El Pais,el_pais,0.0,neutral
1917549187958198511,Wed Apr 30 11:58:47 +0000 2025,"📺 TV en DIRECTO | El chascarrillo de Feijóo a Manfred Weber: ""Siempre me gana en todo: Ha dicho que en su pueblo hay cuatro bares, en mi pueblo solo queda uno. Manfred siempre me gana en todo. Menos en el fútbol, que gana España"" https://t.co/sFobPd2pbK https://t.co/0wdv6OXWj0",50,19,35,46662,277,0,0,2,el_pais,El Pais,el_pais,0.34,positive
1917548169203745152,Wed Apr 30 11:54:44 +0000 2025,"📺 TV en DIRECTO | Feijóo: ""Vamos a colaborar para que Europa no se diluya en el mundo, y voy a trabajar para que España no se diluya como nación, porque España es una de las naciones más antiguas de la Tierra"" https://t.co/sFobPd2pbK https://t.co/pJ1nz74vXn",59,18,135,28903,257,0,0,2,el_pais,El Pais,el_pais,-0.5267,negative
1917547276752347647,Wed Apr 30 11:51:11 +0000 2025,"📺 TV en DIRECTO | Sara Aagesen: ""Ayer el presidente y miembros del Consejo de Ministros nos reunimos con operadores de Red Eléctrica y del sistema energético. Ya hemos solicitado que nos remitan toda la información disponible [...]. No sabemos el origen"" https://t.co/sFobPd2pbK https://t.co/mkJCk1Mld3",168,60,37,20749,302,0,0,2,el_pais,El Pais,el_pais,-0.296,negative
1917546771170931015,Wed Apr 30 11:49:11 +0000 2025,"📺 TV en DIRECTO | Feijóo alaba y agradece la presencia de Aznar en el Congreso del PPE: ""Está más sólido que nunca y ejerce la libertad con absoluta contundencia [...]. Muchas gracias por lo que haces por España, por Europa y por la libertad""  https://t.co/sFobPd2pbK https://t.co/3ztntJyxbZ",2,0,10,15455,291,0,0,2,el_pais,El Pais,el_pais,0.0,neutral
1917545915449016495,Wed Apr 30 11:45:47 +0000 2025,"📺 TV en DIRECTO | Sara Aagesen: ""Tenemos muchísimo interés en conocer con detalle cuál es la causa del suceso, y cuando podamos conocer esa causa poner encima de la mesa todas las medidas necesarias para que no vuelva a ocurrir"" https://t.co/sFobPd2pbK https://t.co/YTz0QuSPrx",25,10,17,17254,276,0,0,2,el_pais,El Pais,el_pais,-0.296,negative
1917545522954473864,Wed Apr 30 11:44:13 +0000 2025,"Iturralde González no da crédito ante las sanciones a los jugadores del Real Madrid:  ""Así solo sale ganando el que comete la infracción"". En @La_SER  https://t.co/YuFgJTvOmO",65,13,4,16961,174,0,1,1,el_pais,El Pais,el_pais,-0.296,negative
1917544673679155454,Wed Apr 30 11:40:51 +0000 2025,"📺 TV en DIRECTO | Sara Aagesen: ""La reposición comenzó gracias a las interconexiones con Francia y Marruecos. Eso permitió recuperar la tensión perdida tras el cero, y también hemos contado con instalaciones como el caso de las centrales hidráulicas"" https://t.co/sFobPd2pbK https://t.co/J433Qla5JY",16,9,4,19199,298,0,0,2,el_pais,El Pais,el_pais,0.0,neutral
1917543156129603923,Wed Apr 30 11:34:49 +0000 2025,"📺 TV en DIRECTO | Pilar Alegría: ""La situación vivida el pasado lunes fue excepcional e inédita, pero aun así la respuesta fue rápida y segura. Queremos poner de relieve la fortaleza del sistema y su capacidad de reacción"" https://t.co/sFobPd2pbK https://t.co/uOTNRYsCAw",322,106,248,39334,270,0,0,2,el_pais,El Pais,el_pais,0.3612,positive
1917542337518985606,Wed Apr 30 11:31:34 +0000 2025,"📺 TV en DIRECTO | Pilar Alegría, Sara Aagesen y Carlos Cuerpo comparecen en la rueda de prensa posterior al Consejo de Ministros. Síguelo en directo 👉 https://t.co/sFobPd2pbK https://t.co/YAfmKvceNk",9,5,11,15612,198,0,0,2,el_pais,El Pais,el_pais,0.0,neutral
1917542031821262928,Wed Apr 30 11:30:21 +0000 2025,"📺 TV en DIRECTO | El presidente del Partido Popular, Alberto Núñez Feijóo, interviene en la clausura del Congreso del PPE https://t.co/sFobPd2pbK https://t.co/QE5FvZBb27",5,0,2,13523,169,0,0,2,el_pais,El Pais,el_pais,0.4215,positive
1917540351809671634,Wed Apr 30 11:23:40 +0000 2025,¿Qué significa vivir bien? Un proyecto internacional describe las claves de la vida plena en más de 40 indicadores https://t.co/R997AyvWai,7,2,0,13864,138,0,0,1,el_pais,El Pais,el_pais,0.0,neutral
1917536166963716303,Wed Apr 30 11:07:02 +0000 2025,"Mazón abandona el congreso del PPE en Valencia sin quedarse a la foto de familia: “El PP europeo sí que apoya a la Comunidad Valenciana”. Además, Mazón y Feijóo se han dejado fotografiar, y se han saludado a la llegada al congreso 

Más información ➡️ https://t.co/sFobPd2pbK https://t.co/JUp8M4vmE3",7,4,9,15378,299,0,0,2,el_pais,El Pais,el_pais,-0.5574,negative
1917535047889862832,Wed Apr 30 11:02:36 +0000 2025,"LALIGA DE LAS MASCOTAS celebró su segunda edición ante cerca de 4.000 personas en el Estadio Municipal de Butarque, en Leganés. SuperPepino fue el héroe local al dejar el trofeo en casa con una actuación estelar @LaLiga #LaFuerzaDeNuestroFutbol https://t.co/lSbKTvKlxu",5,2,1,17662,268,1,1,1,el_pais,El Pais,el_pais,0.0,neutral
1917530344716198070,Wed Apr 30 10:43:54 +0000 2025,🔴 La Guardia Civil concluye que no hay información “de interés” en los datos enviados por Google y WhatsApp sobre el fiscal general https://t.co/IP240ero2n,1781,677,189,101379,155,0,0,1,el_pais,El Pais,el_pais,-0.296,negative
1917529704430489722,Wed Apr 30 10:41:22 +0000 2025,"A pesar de que el sentimiento de vulnerabilidad de las personas es cada vez mayor, la mayoría sobrevaloran las capacidades propias para distinguir lo veraz de lo falso frente a las de los demás: “El 80% cree que sí son capaces de identificar las fake news” https://t.co/sxMXZw91Tn",11,4,21,15650,280,0,0,1,el_pais,El Pais,el_pais,-0.4767,negative
1917525630767317321,Wed Apr 30 10:25:10 +0000 2025,🔴 El Gobierno firma el nuevo convenio de Muface con Adeslas y Asisa y pone fin al culebrón https://t.co/PfxUSjPSAY,23,8,5,22543,114,0,0,1,el_pais,El Pais,el_pais,0.0,neutral
1917524529095524641,Wed Apr 30 10:20:48 +0000 2025,"Una de las mecas del turismo en Italia conserva todavía ese aura legendaria y decadente. Aquí la belleza puede residir en suntuosos palacios o en edificios a punto de derrumbarse, y desde luego también en sus cafés y restaurantes https://t.co/riV7VHH9Vc",17,1,1,15675,253,0,0,1,el_pais,El Pais,el_pais,0.0,neutral
1917519342222057844,Wed Apr 30 10:00:11 +0000 2025,Un niño dañó un cuadro de Rothko valorado en 50 millones de euros. El daño tuvo lugar en un “momento sin vigilancia” https://t.co/e0YCHGjgJn,7,2,3,16219,140,0,0,1,el_pais,El Pais,el_pais,-0.5574,negative
1917514275775565985,Wed Apr 30 09:40:03 +0000 2025,🔴 ÚLTIMA HORA | El euríbor vive su mayor caída en 15 años y alivia a los hipotecados https://t.co/f3Z8D43pW1,489,138,12,98320,108,0,0,1,el_pais,El Pais,el_pais,0.0,neutral
1928949969873928624,Sat May 31 23:01:25 +0000 2025,"Samantha Hudson: ""La vida es muy seria, pero también muy absurda. Lo natural es entender que no somos una sola cosa y que la única naturaleza que tenemos es el cambio constante""   https://t.co/6Sx0tsLQ0c",24,3,20,31267,203,0,0,1,el_pais,El Pais,el_pais,0.0772,positive
1928934765844996429,Sat May 31 22:01:00 +0000 2025,"Trump compartió por última vez el foco del Despacho Oval con Elon Musk en su calidad de trabajador del Gobierno estadounidense. “Ha trabajado incansablemente, ayudando a liderar el programa de reforma gubernamental más radical en generaciones” https://t.co/pYlsrPKoLk",14,3,3,25890,267,0,0,1,el_pais,El Pais,el_pais,0.0,neutral
1928931338687525275,Sat May 31 21:47:23 +0000 2025,"“El impacto sobre el valor de tener o no piscina puede alcanzar hasta un 15% en el caso de viviendas plurifamiliares (comunitaria) y hasta un 18% en el caso de unifamiliares"". ¿Compensa el gasto que conlleva la construcción la revalorización posterior? https://t.co/0gpSawajC0",7,0,3,27206,276,0,0,1,el_pais,El Pais,el_pais,-0.296,negative
1928926032624595244,Sat May 31 21:26:18 +0000 2025,"“El tiempo libre ya no es libre. El ocio puede embrutecer más que el trabajo”. El pensador y ensayista Víctor Gómez Pin, uno de los pensadores españoles más lúcidos del último medio siglo, disecciona en esta entrevista la relación entre humano y máquina https://t.co/ayq2J25RGe",93,24,4,32291,277,0,0,1,el_pais,El Pais,el_pais,-0.296,negative
1928920905826095302,Sat May 31 21:05:56 +0000 2025,"“Son caimanes antiguos [guardias veteranos en la jerga], los que llevan 15 años, 20 años aquí... Hay confianza”. Los narcos del caso del túnel de Ceuta describían así a los agentes acusados de facilitar el paso de 6.511 kilos de hachís a la Península https://t.co/06wAcXBi20",15,9,7,28268,274,0,0,1,el_pais,El Pais,el_pais,0.0,neutral
1928918038432096351,Sat May 31 20:54:32 +0000 2025,🔴 ÚLTIMA HORA | El PSG levanta por fin la Champions en un partido espectacular (5-0) de la mano de Luis Enrique https://t.co/Dy4nySG2Ig https://t.co/0cRFhtmfTi,171,25,4,44324,159,0,0,2,el_pais,El Pais,el_pais,0.5267,positive
1928915658860851602,Sat May 31 20:45:05 +0000 2025,"Ramón Morales Reyes fue víctima de una venganza: alguien envío en su nombre una carta  al ICE con amenazas a Trump, buscando que pasara lo que ha pasado: está preso en una cárcel de Wisconsin y puede afrontar una deportación https://t.co/mG9NtyGrmq",10,5,4,25109,248,0,0,1,el_pais,El Pais,el_pais,0.34,positive
1928910587775336829,Sat May 31 20:24:56 +0000 2025,"La reciente sentencia del Tribunal Supremo, que condenó a una entidad bancaria (Ibercaja) a reponer las cantidades sustraídas en una estafa 'online', es un paso más a favor de los consumidores, que empiezan a ganar este tipo de reclamaciones https://t.co/Nwfl7HHqPv",59,20,0,23931,265,0,0,1,el_pais,El Pais,el_pais,0.6808,positive
1928905492287369365,Sat May 31 20:04:41 +0000 2025,"“No veo las noticias, no me las creo”, “Todo lo achacan a lo blandos que somos”, “Una hora de serie es un esfuerzo. No aguanto dos de película”... Diez frases para un autorretrato de los jóvenes de entre 18 y 29 años https://t.co/EIYnohovbs",14,9,14,27016,240,0,0,1,el_pais,El Pais,el_pais,-0.5267,negative
1928900051482382791,Sat May 31 19:43:04 +0000 2025,"“Mazón, ni un paso atrás”, le gritó una mujer antes de que los cerca de 900 militantes del PP de la provincia de Valencia prorrumpieran en cerrados aplausos. Fue un acto de arropamiento y autoafirmación tras el desafío del expresidente Camps https://t.co/waYAHzGGK9",14,3,12,29093,265,0,0,1,el_pais,El Pais,el_pais,0.0,neutral
1928894635461501241,Sat May 31 19:21:32 +0000 2025,"“En los noventa las chicas no eran como ahora, eran mucho más pasivas. El miedo que me ha asaltado luego es si yo he llegado a ser muy invasivo”. Desde que se hizo famoso con Los Sencillos, la carrera de Miqui Puig:ha orbitado siempre alrededor de la moda https://t.co/6rZJdebA0w",5,2,1,21186,279,0,0,1,el_pais,El Pais,el_pais,0.0516,positive
1928889479449714859,Sat May 31 19:01:03 +0000 2025,"“Sabe cómo ganar dinero y seguramente pueda ayudar a otros a hacerlo”. El líder de Confederación, el partido de extrema derecha polaco, fue el favorito de los jóvenes en la primera vuelta de las presidenciales. Su voto puede ser decisivo en la segunda https://t.co/lE7ngjQtx1",2,0,0,16964,275,0,0,1,el_pais,El Pais,el_pais,0.0,neutral
1928889288969646174,Sat May 31 19:00:18 +0000 2025,🔴 DIRECTO | PSG e Inter se enfrentan en la final de la Champions con sus alineaciones de gala. Sigue el partido en directo https://t.co/LHzNLEwQ6t,1,0,0,16918,146,0,0,1,el_pais,El Pais,el_pais,0.5267,positive
1928884201555681612,Sat May 31 18:40:05 +0000 2025,"Los que conocen a Carlos Cuerpo destacan su solidez técnica y su carácter cordial, negociador y tranquilo, en un mundo político cada vez más polarizado y vociferante. El ministro de Economía es, ante todo, un tipo normal. Lee el perfil completo https://t.co/g5HcRVI81J",1317,368,201,60361,268,0,0,1,el_pais,El Pais,el_pais,0.0,neutral
1928878870121296350,Sat May 31 18:18:54 +0000 2025,"Unos 200 efectivos del Ejército y la policía rodean y desalojan un concierto de Fermin Muguruza en Ciudad de México. El músico vasco llevaba una hora actuando. “Están dispuestos a machacarnos”, dijo. Ninguna autoridad ha explicado el desalojo https://t.co/2W7uIZd47l",3,8,3,19045,266,0,0,1,el_pais,El Pais,el_pais,0.34,positive
1928873803066568825,Sat May 31 17:58:46 +0000 2025,"Carlos llegó tarde y eso le salvó. Se cree que sus cinco compañeros del Grupo Fugitivo fueron citados premeditadamente con el anzuelo de dar un concierto. En el lugar, en Tamaulipas, había un solar vacío. Sus cadáveres fueron hallados a 12 kilómetros https://t.co/uiOV9ffiIu",11,5,0,18272,274,0,0,1,el_pais,El Pais,el_pais,0.0,neutral
1928868719519838254,Sat May 31 17:38:34 +0000 2025,"La avalancha de indultos firmada por Trump incluye a un 'sheriff' corrupto, a un líder pandillero y a un excongresista evasor fiscal. Todos expresaron su apoyo al presidente o alegaron, como él mismo, haber sido injustamente perseguidos https://t.co/2S3uuINR2e",20,13,23,19488,260,0,0,1,el_pais,El Pais,el_pais,0.0,neutral
1928863496562770300,Sat May 31 17:17:48 +0000 2025,Escritores y lectores celebran una sesión de lectura para homenajear a Mario Vargas Llosa en la Feria del Libro de Madrid: “Es ya un clásico que seguirá iluminando el mundo” https://t.co/BHTpw3qCj9,14,3,0,20037,197,0,0,1,el_pais,El Pais,el_pais,0.0,neutral
1928858300365336895,Sat May 31 16:57:09 +0000 2025,Simon Yates pone patas arriba el Giro a falta de 24 horas del final. El inglés arrebata la ‘maglia’ rosa a Del Toro en una etapa épica en Le Finestre y se proclamará ganador este domingo en Roma https://t.co/FTnlZra1mo,14,1,0,18004,218,0,0,1,el_pais,El Pais,el_pais,0.0,neutral
1928853094386761816,Sat May 31 16:36:28 +0000 2025,"Ocho expertos en neurociencia, memoria, psicología del aprendizaje y técnicas de estudio recomiendan trucos para estudiar mejor: móvil apagado, evitar bebidas energéticas o quitarse horas de sueño, entre otros https://t.co/RYF2xoW1kv",107,27,19,57726,233,0,0,1,el_pais,El Pais,el_pais,0.0,neutral
1928847908750696833,Sat May 31 16:15:52 +0000 2025,Paula Badosa cae ante la australiana Kasatkina (6-1 y 7-5) y se despide de un Roland Garros al que llegó sin esperanza: “Estoy muy lejos de donde quiero estar” https://t.co/oxo1AV5ltL,10,1,0,19649,183,0,0,1,el_pais,El Pais,el_pais,-0.5574,negative
1928847338568569093,Sat May 31 16:13:36 +0000 2025,"🔴 ÚLTIMA HORA | Hamás acepta liberar a 10 rehenes vivos, pero insiste en un alto el fuego permanente y la retirada de Israel https://t.co/mvusvPCmIv",54,26,22,42198,148,0,0,1,el_pais,El Pais,el_pais,0.0,neutral
1928842529727799318,Sat May 31 15:54:29 +0000 2025,"“Nos amenazaron con entrar y matarnos a todos”. Israel agrava el desmantelamiento de la sanidad de Gaza al forzar el cierre del último hospital del norte, una zona que Netanyahu pretende vaciar de habitantes https://t.co/enljTsPRZO",40,40,3,18477,231,0,0,1,el_pais,El Pais,el_pais,0.0,neutral
1928837268770349567,Sat May 31 15:33:35 +0000 2025,"""Hay una cosa que ChatGPT no hace y que es precisamente la que está conquistando el corazón de los usuarios: escuchar. Chati no escucha, pero cada vez más personas sentimos que sí"", escribe Nuria Labari https://t.co/MAcrbdQkYZ https://t.co/J08xrSsXXH",91,29,3,29205,250,0,0,2,el_pais,El Pais,el_pais,-0.5267,negative
1928832039517622376,Sat May 31 15:12:48 +0000 2025,A principios de año Rusia se hizo con el control de una mina de carbón crucial para la industria siderúrgica de Ucrania. Esa explotación es uno de los principales objetivos de los proyectiles de obús que cada día lanza la Brigada de Artillería ucrania https://t.co/u03STn7uxb,10,2,1,17789,275,0,0,1,el_pais,El Pais,el_pais,0.0,neutral
1928826959921811575,Sat May 31 14:52:37 +0000 2025,Varios trenes se han visto afectados este sábado por la rotura del hilo sustentador entre las localidades navarras de Marcilla y Olite https://t.co/Qg1m8lpoTx,23,9,10,28223,158,0,0,1,el_pais,El Pais,el_pais,0.0,neutral
1928821699312586984,Sat May 31 14:31:43 +0000 2025,"""Sheeran es un proyecto fabricado para lo que sucedió anoche: reunir a miles de personas con la misión de corear sus sencillas tonadas"". La crónica de Carlos Marcos del concierto de Ed Sheeran https://t.co/ANF3XkVDEq",12,3,8,26774,216,0,0,1,el_pais,El Pais,el_pais,0.0,neutral
1928816410697797794,Sat May 31 14:10:42 +0000 2025,"Columna | ""No sé si recuerdan nuestros juegos, lo bien que la pasábamos. No sé si están en un basural o si los tiene algún niño o si los compró un coleccionista o si se perdieron como se pierden las lágrimas en la lluvia"", por Leila Guerriero https://t.co/WOnzgCl9PV",2,1,0,18886,266,0,0,1,el_pais,El Pais,el_pais,-0.296,negative
1928811146401788277,Sat May 31 13:49:47 +0000 2025,Tradición Repostera Molinos revive recetas familiares que se remontan a hace más de un siglo en Sevilla. Las cristinas y las torteras de Triana son sus grandes éxitos https://t.co/jlhUpkCWzz,13,4,1,19294,190,0,0,1,el_pais,El Pais,el_pais,0.34,positive
1928805995066650726,Sat May 31 13:29:19 +0000 2025,"A pesar de la reacción controversial, parece que el marketing del producto ha hecho su trabajo: para bien o para mal, todo el mundo está hablando de él, y del agua de baño de Sydney Sweeney https://t.co/smeEEZk0JA",8,2,6,31646,213,0,0,1,el_pais,El Pais,el_pais,0.1531,positive
1928800594652713272,Sat May 31 13:07:51 +0000 2025,La demanda acusa al empresario Hyden Mark Davis y otros involucrados de promocionar una cripto avalada por Milei para atraer inversores que rápidamente perdieron todo su dinero. Milei ha quedado fuera de la acusación en EE UU https://t.co/TnbAgRJl3J,20,9,11,23039,249,0,0,1,el_pais,El Pais,el_pais,0.34,positive
1928795386983956684,Sat May 31 12:47:10 +0000 2025,"En la hora y media que duró el único concierto de Justin Timberlake en España después de 20 años sin visitar nuestro país, no paró de cantar, bailar ni de sonreír. Un derroche de energía a ritmo de R&amp;B y funk con el que se metió al público en el bolsillo https://t.co/T4PiSaj03Y",45,13,1,21059,282,0,0,1,el_pais,El Pais,el_pais,-0.7003,negative
1928790138861019226,Sat May 31 12:26:18 +0000 2025,"¿Es excepcional alcanzar los 40° en mayo o es algo que ocurre habitualmente, como sostienen los negacionistas? “No es del todo extraordinario, no es inédito, pero sí inusual” https://t.co/vUfMsy6htD",39,13,23,25962,198,0,0,1,el_pais,El Pais,el_pais,-0.296,negative
1928784785406664783,Sat May 31 12:05:02 +0000 2025,"El BBVA tendría margen para judicializar la cuestión y limitar la potencia a la hora de parar la operación del Ejecutivo, quien también ha recibido un tirón de orejas en este sentido por la Comisión Europea https://t.co/Ef1zE5Y83Q",5,2,3,19859,230,0,0,1,el_pais,El Pais,el_pais,0.34,positive
1928779530602246463,Sat May 31 11:44:09 +0000 2025,El director Wes Anderson acaba de revelar que el fallecido Gene Hackman no entendió nada de su personaje de ‘Los Tenenbaum’. No es un caso aislado: hay muchos intérpretes que sacan adelante un papel sin tener ni idea de qué están haciendo https://t.co/6q9SmHiOF9,18,4,3,18733,262,0,0,1,el_pais,El Pais,el_pais,-0.7906,negative
1928774086232097273,Sat May 31 11:22:31 +0000 2025,"A pesar de su carácter científico, el programa, que estudia la difusión del Corán en Europa, está siendo atacado por medios y políticos, principalmente franceses, que lo acusan de proselitismo islámico y vínculos con grupos como los Hermanos Musulmanes https://t.co/cBaLBlxgVm",22,11,25,25326,276,0,0,1,el_pais,El Pais,el_pais,0.0,neutral
1928768669200388567,Sat May 31 11:01:00 +0000 2025,🔴 Muere una de las personas atropelladas en Burela (Lugo) y cinco continúan ingresadas https://t.co/j7X86fmBbK,9,4,0,34945,110,0,0,1,el_pais,El Pais,el_pais,0.0,neutral
1928763571485266418,Sat May 31 10:40:44 +0000 2025,"Samantha Hudson: ""La vida es muy seria, pero también muy absurda. Lo natural es entender que no somos una sola cosa y que la única naturaleza que tenemos es el cambio constante"" https://t.co/6Sx0tsLQ0c",80,14,155,61990,201,0,0,1,el_pais,El Pais,el_pais,0.0772,positive
1928758197612839295,Sat May 31 10:19:23 +0000 2025,Los ingresos tributarios han experimentado un repunte en el mes de abril hasta alcanzar los 40.964 millones de euros. Este crecimiento se enmarca dentro de una tendencia sostenida al alza durante los primeros meses de 2025 https://t.co/AIOfbWYzIk,84,28,143,26999,246,0,0,1,el_pais,El Pais,el_pais,0.0,neutral
1928752865549361621,Sat May 31 09:58:12 +0000 2025,"“https://t.co/VlJ0kSsgkq es un producto defectuoso que se lanzó de manera imprudente al público, incluidos los adolescentes, a pesar de los riesgos conocidos y posiblemente destructivos”. ¿Es la IA responsable ante la justicia de la muerte del adolescente? https://t.co/XiLHkLdaAX",4,1,1,14916,280,0,0,2,el_pais,El Pais,el_pais,0.0,neutral
1928747595137974778,Sat May 31 09:37:15 +0000 2025,"📚 Muchas preguntas, lobos, dragones, unicornios y reinvenciones de Batman, Wonder Woman o el Rey Arturo, en la selección de libros infantiles y juveniles para este mes https://t.co/Ttbfb3QqTk",4,2,1,15597,191,0,0,1,el_pais,El Pais,el_pais,0.0,neutral
1928742439629562141,Sat May 31 09:16:46 +0000 2025,"Una resolución impulsada por Costa de Marfil y aprobada por unanimidad reconoce el impacto físico, mental y social de las afecciones dermatológicas, que afectan a un tercio de la humanidad y que han sido ignoradas durante décadas
 https://t.co/DIFr6s4QR0",18,7,1,16354,254,0,0,1,el_pais,El Pais,el_pais,0.0,neutral
1928736985176293820,Sat May 31 08:55:06 +0000 2025,"Opinión | ""Una vez entrenada la capacidad de adaptación ante lo distópico, ¿qué pasaría si viviésemos un corte generalizado del suministro de agua potable y servicios de saneamiento durante doce horas o más en España?"", por Gonzalo Delacámara https://t.co/b6NbAETv7n",2,0,12,16228,266,0,0,1,el_pais,El Pais,el_pais,0.0,neutral
1928731488712810561,Sat May 31 08:33:15 +0000 2025,"El consumo de este fármaco se ha disparado muy por encima de lo recomendado por la evidencia científica. En exceso, la vitamina D se acumula en el organismo y puede dar lugar a complicaciones https://t.co/VXVNHdPpSk",9,4,2,17965,215,0,0,1,el_pais,El Pais,el_pais,0.34,positive
1928726076257112370,Sat May 31 08:11:45 +0000 2025,"En cuanto a los aceites más idóneos para una buena fritura, suele haber disparidad de opiniones, aunque aquí lo tienen claro. “Al final, el más barato es el aceite de oliva virgen extra, porque tiene más usos” https://t.co/WWlVqh4cT9",9,3,1,17057,233,0,0,1,el_pais,El Pais,el_pais,0.0,neutral
1928721032833044901,Sat May 31 07:51:42 +0000 2025,"Editorial | ""La inversión en política de Elon Musk seguramente le reportará beneficios en términos de información privilegiada, influencia en Washington y contratos públicos. Las pérdidas son para todos los demás"" https://t.co/qhfJysxENe",25,14,5,15969,237,0,0,1,el_pais,El Pais,el_pais,0.0,neutral
1928715959109362158,Sat May 31 07:31:33 +0000 2025,The Bear acudirá fiel a su cita con el estío. También HBO ha apostado por la emisión veraniega esta vez para La edad dorada. Incluso El juego del calamar llegará a final de mes dispuesta a dar un nuevo golpe sobre la mesa https://t.co/xRMnGyRpSB,6,0,2,19835,245,0,0,1,el_pais,El Pais,el_pais,0.34,positive
1928710822483644749,Sat May 31 07:11:08 +0000 2025,Esther Vallejo hoy carece de abogado que la defienda tras la renuncia hace dos semanas del letrado de oficio que le impuso la Audiencia de Cádiz. Su singular calvario no está aún resuelto https://t.co/5DnRQbPlKk,4,1,3,22060,211,0,0,1,el_pais,El Pais,el_pais,-0.296,negative
1928705592123601320,Sat May 31 06:50:21 +0000 2025,"🔴 Dos muertos por disparos del ejército israelí en un punto de distribución de ayuda en el sur de Gaza

Sigue toda la información de la guerra en directo aquí ⬇
 https://t.co/mvusvPCmIv",51,55,9,30775,185,0,0,1,el_pais,El Pais,el_pais,0.0,neutral
1928700432131428519,Sat May 31 06:29:51 +0000 2025,"Trump compartió ayer por última vez el foco del Despacho Oval con Elon Musk en su calidad de trabajador del Gobierno estadounidense. “Ha trabajado incansablemente, ayudando a liderar el programa de reforma gubernamental más radical en generaciones” https://t.co/pYlsrPKoLk",15,6,10,19523,272,0,0,1,el_pais,El Pais,el_pais,0.0,neutral
1928695126307516859,Sat May 31 06:08:46 +0000 2025,"Trump anunció que duplicará hasta el 50% los aranceles a la importación de acero. Luego, en su red, Truth Social, añadió que la subida también afectará al aluminio y que los nuevos impuestos serán efectivos el próximo miércoles https://t.co/jYyvuxRy1U",4,2,4,20050,251,0,0,1,el_pais,El Pais,el_pais,0.3182,positive
1928692926919397466,Sat May 31 06:00:01 +0000 2025,⏱ EL PAÍS Exprés | ¿Tienes siete minutos? Los 8 temas del día: de los últimos movimientos de la Administración Trump a la opa de BBVA a Sabadell y el calor 👉🏽 https://t.co/wHKLVS90ax https://t.co/W1v2PCYSKU,5,0,3,18728,206,0,0,2,el_pais,El Pais,el_pais,0.0,neutral
1928679090254385375,Sat May 31 05:05:02 +0000 2025,"Francia quiere tener “la primera generación sin tabaco” y, para avanzar en ello, prohibirá fumar desde el próximo 1 de julio en espacios al aire libre como playas, jardines, parques o en las paradas de autobús https://t.co/FA9WPZaf5i",582,143,85,64121,233,0,0,1,el_pais,El Pais,el_pais,-0.5574,negative
1928648585710534957,Sat May 31 03:03:50 +0000 2025,La empresa alemana Haribo está retirando en Países Bajos un lote de gominolas después de haber hallado trazas de cannabis. Varias personas han tenido mareos después de comer los dulces https://t.co/VRUrtqfSss,46,18,7,41139,208,0,0,1,el_pais,El Pais,el_pais,0.0,neutral
1928646255552458858,Sat May 31 02:54:34 +0000 2025,"🔴 El frenesí arancelario de Donald Trump continúa y, en su visita a una planta de la compañía U. S. Steel en Pensilvania, anuncia que duplicará hasta el 50% los aranceles a la importación de acero

🖋️ @M__jimenez
 https://t.co/Blsm837AOT",7,4,4,18774,237,0,1,1,el_pais,El Pais,el_pais,0.0,neutral
1928645934080020483,Sat May 31 02:53:17 +0000 2025,"⚫ Muchas de las melodías que acompañan a Los Simpson fueron compuestas por Alf Clausen, quien falleció el jueves a los 84 años en Los Ángeles tras una década de lucha contra la parálisis cerebral

🖋️ @luispablob
 https://t.co/xuzF492Jz3",26,5,0,18046,236,0,1,1,el_pais,El Pais,el_pais,0.0,neutral
1928645617120604523,Sat May 31 02:52:02 +0000 2025,"🔴 Una mujer que se describe como “ex pareja sentimental” ha demandado por violación y abuso sexual, entre otros cargos, a Zion Williamson, el jugador estrella de los New Orleans Pelicans de la NBA

🖋️ @luispablob
 https://t.co/C7t3f01qpC",6,2,1,22981,237,0,1,1,el_pais,El Pais,el_pais,0.34,positive
1928633264417255432,Sat May 31 02:02:57 +0000 2025,"“Es uno de los grandes innovadores y uno de los mejores hombres de negocios que el mundo ha dado, y tuvimos la suerte de que diera un paso adelante y pusiera su gran talento al servicio de nuestra nación"". Trump despide en el Despacho Oval a Musk https://t.co/7uBvAaaUWO",17,6,1,18914,270,0,0,1,el_pais,El Pais,el_pais,0.34,positive
1928618134568673717,Sat May 31 01:02:49 +0000 2025,"“Si hubiera hecho la actuación como ella quería, sin contar con las opiniones de los demás, habría quedado primera o casi. Menos mal que, como dice su letra, una diva no pisa a nadie para brillar”. Buenafuente ironiza y carga contra Melody en TVE https://t.co/iztX2EABvj",219,47,97,37664,270,0,0,1,el_pais,El Pais,el_pais,-0.7003,negative
1928602772942860760,Sat May 31 00:01:47 +0000 2025,"Amaia deslumbró anoche con 75 minutos aprovechadísimos, donde mostró su amplia variedad de cualidades: cantante, bailarina, diestra en el piano, el arpa y la guitarra; pero, sobre todo, una artista que ejerce un torrencial dominio escénico sin forzar https://t.co/sNebyN6VCP",123,18,1,27359,274,0,0,1,el_pais,El Pais,el_pais,-0.5574,negative
1939821808078684218,Mon Jun 30 23:02:13 +0000 2025,"A la 1.02 de la madrugada, Brian sale del centro de atención primaria en una silla de ruedas, inconsciente, custodiado por cinco policías. Le han aplicado dos tranquilizantes y lo llevan rumbo al calabozo de una comisaría. Le quedan pocas horas de vida https://t.co/4mfUYEtF92",12,9,5,18654,276,0,0,1,el_pais,El Pais,el_pais,0.0,neutral
1939806395471208481,Mon Jun 30 22:00:59 +0000 2025,"La Comisión Europea ha pedido a España que regularice a los jueces sustitutos. En una carta, Bruselas recuerda que están sujetos a las mismas funciones y obligaciones que los jueces titulares: “deben ser considerados trabajadores fijos comparables” https://t.co/GqzFBMHLae",36,25,11,23868,272,0,0,1,el_pais,El Pais,el_pais,0.34,positive
1939802425994437032,Mon Jun 30 21:45:12 +0000 2025,"Los médicos frenan a Jorge Martín mientras su pulso con Aprilia se recrudece. El campeón del mundo evoluciona favorablemente de sus lesiones tras su última revisión médica, pero su situación contractual desata una guerra en los despachos https://t.co/mYtbUtfZuv",3,1,2,23035,261,0,0,1,el_pais,El Pais,el_pais,0.0,neutral
1939798343036617023,Mon Jun 30 21:28:59 +0000 2025,La crisis de la vivienda rebasa a la inseguridad como principal preocupación para los ciudadanos de Barcelona https://t.co/ZUevC5cyKK,18,4,5,24289,133,0,0,1,el_pais,El Pais,el_pais,-0.6249,negative
1939794230337003611,Mon Jun 30 21:12:38 +0000 2025,"“Nos podrán acusar de exceso de prudencia, pero no de negligencia”. Mazón presenta un plan de recuperación tras la dana de 29.000 millones y elude responsabilidades https://t.co/Lsc9IH8byh",4,1,1,24884,188,0,0,1,el_pais,El Pais,el_pais,-0.296,negative
1939790140563390617,Mon Jun 30 20:56:23 +0000 2025,"“Somos una federación tremendamente castigada (...) que condena la preparación de los deportistas"". La federación de atletismo cuestiona el sistema de ayudas del Consejo Superior de Deportes y asume que en el Mundial de Tokio ""estaremos peor preparados"" https://t.co/56NNoyq2FQ",7,3,1,25540,277,0,0,1,el_pais,El Pais,el_pais,0.5423,positive
1939786273092239752,Mon Jun 30 20:41:01 +0000 2025,Nuevo descuento de Renfe para grupos de cuatro con un 25% a partir del 20 de julio. Una iniciativa destinada a promover los viajes en familia equivalente a una oferta de un 4x3 https://t.co/Lq2O124MTK,48,25,41,42605,200,0,0,1,el_pais,El Pais,el_pais,0.0,neutral
1939782169452220788,Mon Jun 30 20:24:43 +0000 2025,En las peceras que el chef Diego Gallegos tiene en su oficina de Fuengirola no hay pececillos de colores. En ellas nadan habitualmente truchas y carpas. Incluso pirañas que luego sirve en su restaurante https://t.co/vWw0yjRvsC,7,3,0,24634,226,0,0,1,el_pais,El Pais,el_pais,-0.296,negative
1939777983603974548,Mon Jun 30 20:08:05 +0000 2025,"Animal, cosa, individuo y vehículo son las cuatro acepciones de la palabra 'híbrido' y ninguna hace referencia a un ataque o conflicto bélico. Las últimas guerras obligan a actualizar los términos militares del diccionario https://t.co/4Wuq9rn1nL",6,1,3,22360,246,0,0,1,el_pais,El Pais,el_pais,0.0,neutral
1939777922312626179,Mon Jun 30 20:07:50 +0000 2025,🔴 Interrumpida la alta velocidad entre Madrid y Andalucía por una incidencia en la catenaria https://t.co/HSRdQexWMd,6,4,7,27174,116,0,0,1,el_pais,El Pais,el_pais,0.0,neutral
1939773847454003470,Mon Jun 30 19:51:39 +0000 2025,Israel busca en Washington un acuerdo para liberar los rehenes de Gaza pero sin acabar la guerra. El Estado judío admite “importantes diferencias” con Hamás a la hora de alcanzar un pacto https://t.co/SChEtrtiQb,3,5,2,21744,211,0,0,1,el_pais,El Pais,el_pais,-0.5574,negative
1939769935950926099,Mon Jun 30 19:36:06 +0000 2025,Los abonos de transporte de Madrid se encarecen por una rebaja en las ayudas. Recargar la tarjeta este lunes podrá ahorrar algo de dinero a los usuarios https://t.co/m1vqMpzWCW,7,1,2,25323,176,0,0,1,el_pais,El Pais,el_pais,0.0,neutral
1939766044295389662,Mon Jun 30 19:20:38 +0000 2025,"Se acabó la era de la abundancia. La combinación de pensiones, deuda y defensa aboca a España a décadas de austeridad. La Autoridad Fiscal calcula que España necesitará un ajuste de 30.000 millones por llevar el gasto militar al 3,5% del PIB https://t.co/4XwaJs1hVT",1688,693,2360,6567143,265,0,0,1,el_pais,El Pais,el_pais,0.0,neutral
1939762079684063743,Mon Jun 30 19:04:53 +0000 2025,La declaración de bienes en el Supremo de Santos Cerdán y su familia: asegura que tiene una casa en Navarra y tres cuentas con 49.000 euros https://t.co/6RIQiUNzUr,27,12,19,25252,163,0,0,1,el_pais,El Pais,el_pais,0.4404,positive
1939758261881672076,Mon Jun 30 18:49:43 +0000 2025,"Consumo envía a Almeida las direcciones de 3.565 pisos turísticos ilegales para su cierre inmediato. Bustinduy reclama al Ayuntamiento de Madrid que tome el ejemplo de Barcelona, que durante el mandato de Ada Colau consiguió cerrar 7.000 https://t.co/bR97WYdgqi",24,5,3,19554,261,0,0,1,el_pais,El Pais,el_pais,0.0,neutral
1939754089513927085,Mon Jun 30 18:33:08 +0000 2025,"""Francia se ha volcado en el proceso de educar a la sociedad para los desafíos del clima apoyándose en las redes sociales como un valioso canal"".

Por Carmela Ríos https://t.co/kUREVhnnh2",16,6,0,21278,187,0,0,1,el_pais,El Pais,el_pais,0.34,positive
1939752794828792319,Mon Jun 30 18:27:59 +0000 2025,🔴 ÚLTIMA HORA | Detenido en Madrid el torero Cayetano Rivera Ordóñez por enfrentarse a varios policías https://t.co/qRCPklY4un https://t.co/cj36NGqu6f,624,134,78,580053,150,0,0,2,el_pais,El Pais,el_pais,0.0,neutral
1939749984498229520,Mon Jun 30 18:16:49 +0000 2025,"Herida grave una mujer en Madrid por la caída de un árbol. La víctima ha sido rescatada de las ramas por los bomberos, que luego iniciaron la reanimación respiratoria https://t.co/4UNEAerEAB",24,15,3,23395,190,0,0,1,el_pais,El Pais,el_pais,-0.0516,negative
1939745859891048919,Mon Jun 30 18:00:26 +0000 2025,"De las 84 facturas de Rovira, 38 son cenas, algunas de domingo y de madrugada. Compromís denuncia que el Concejal de Educación se ha gastado 12.000 euros públicos “en restaurantes y marisquerías” https://t.co/H6g6YHyMSy",931,670,32,34161,219,0,0,1,el_pais,El Pais,el_pais,0.34,positive
1939741890410115484,Mon Jun 30 17:44:39 +0000 2025,"No es la primera vez que el Gobierno de Trump acusa a Harvard de antisemitismo, pero en esta ocasión lo hace tras completar una investigación que concluye que las autoridades universitarias sabían que los alumnos judíos e israelíes se sentían amenazados https://t.co/Ph1FMquK2Q",8,4,0,17562,277,0,0,1,el_pais,El Pais,el_pais,-0.296,negative
1939741313844273654,Mon Jun 30 17:42:22 +0000 2025,"""He tenido una tarde muy mala (...) Me viene unos dolores de brazos y pecho y cervicales, vamos, calambres"". Montse, la trabajadora de la limpieza de Barcelona que murió en la ola de calor, avisó de que se encontraba mal https://t.co/j45ICYw2GV",1007,576,62,99485,244,0,0,1,el_pais,El Pais,el_pais,0.0,neutral
1939737806638563355,Mon Jun 30 17:28:26 +0000 2025,"""CC OO va a dar una batalla jurídica, una guerra de guerrillas judicial para tratar de modificar el régimen de despido en nuestro país"", dice Unai Sordo, después de que el Consejo de Europa señale que España viola la Carta Social Europea https://t.co/7V6pGEk5bK",6,4,1,17023,261,0,0,1,el_pais,El Pais,el_pais,0.0,neutral
1939733749152772556,Mon Jun 30 17:12:18 +0000 2025,"La “escritura privada” de Servinabar, las concesiones a Acciona, el piso alquilado en Chamberí, los 620.000 euros a Koldo y Ábalos: los indicios del juez contra Santos Cerdán que le sitúan como presunto líder de la trama de mordidas https://t.co/295EszxM7C",12,6,9,19408,256,0,0,1,el_pais,El Pais,el_pais,0.0,neutral
1939729657311445045,Mon Jun 30 16:56:03 +0000 2025,"Instalación, fotografía, serigrafía, vídeo, diseño gráfico y hasta una app construyen este viaje por el pasado, presente y futuro del territorio azotado por la dana. Los estudiantes de Castellón que lo han creado ganan un premio en el MoMA de Nueva York https://t.co/XzveVOxYt1",11,3,3,17137,277,0,0,1,el_pais,El Pais,el_pais,0.0,neutral
1939725854973505678,Mon Jun 30 16:40:56 +0000 2025,"Manon García, filósofa: ""No es posible que, cuando hablamos entre nosotras, la mayoría hayamos sido víctimas de violencias sexuales, y cuando los hombres hablan entre ellos, piensan que ninguno ha cometido violencias sexuales. Hay un problema matemático"" https://t.co/S6VJFnuQvo",90,31,30,23184,278,0,0,1,el_pais,El Pais,el_pais,0.34,positive
1939723369483505847,Mon Jun 30 16:31:04 +0000 2025,🔴 El BBVA mantiene la opa al Sabadell pese a las condiciones del Gobierno https://t.co/aExrsJeNfa,8,4,0,21684,97,0,0,1,el_pais,El Pais,el_pais,0.0,neutral
1939721692923744669,Mon Jun 30 16:24:24 +0000 2025,"P. En el libro es muy crítica con la Ley de Extranjería de España

R. Nadie es ilegal. Hay que construir leyes que den verdaderamente esa acogida verídica a todas las personas y, por lo tanto, eliminar todas las trabas burocráticas https://t.co/bADbgCBB3L",11,1,18,20773,255,0,0,1,el_pais,El Pais,el_pais,0.0,neutral
1939717496891662428,Mon Jun 30 16:07:44 +0000 2025,📋 Consulte el auto íntegro del juez contra Cerdán https://t.co/BlbsKEsCVl,11,6,7,24740,73,0,0,1,el_pais,El Pais,el_pais,0.0,neutral
1939714315059147184,Mon Jun 30 15:55:05 +0000 2025,🔴 El Ibex cierra el mejor primer semestre desde 1998. Las idas y venidas de la política arancelaria de Trump y la inestabilidad geopolítica marcan la primera mitad del año. https://t.co/mXOg6jDJmU,14,7,2,18437,196,0,0,1,el_pais,El Pais,el_pais,0.0,neutral
1939713616803922033,Mon Jun 30 15:52:19 +0000 2025,"""Con la mayor urgencia, debe garantizarse que se impida el atraque y la carga de material en el buque Zum Luanda”. Comuns reclama al Gobierno impedir que un buque con carga para una armera israelí atraque en Barcelona https://t.co/JyPAAttp9L",13,1,1,17573,241,0,0,1,el_pais,El Pais,el_pais,0.0,neutral
1939709778793468148,Mon Jun 30 15:37:03 +0000 2025,La pintora Emma Webster recibió el primer correo electrónico de la impostora en 2022 y estaba convencida de que Lady Gaga estaba interesada en su obra. Más tarde se dio cuenta de que el cuadro que le vendió estaba a la venta en Christie’s https://t.co/WIEgtSySMK,4,1,0,19407,262,0,0,1,el_pais,El Pais,el_pais,0.0,neutral
1939705870222323946,Mon Jun 30 15:21:32 +0000 2025,"El 25 de octubre de 2024, Jenni Hermoso disputó el que presumiblemente sería su último partido con la selección. Nadie sabía que podría estar viendo los últimos minutos de la máxima goleadora de la historia de la selección: 57 goles en 123 partidos
 https://t.co/fgKbmZ1MH1",19,8,11,20294,273,0,0,1,el_pais,El Pais,el_pais,0.0,neutral
1939704858757533904,Mon Jun 30 15:17:30 +0000 2025,🔴 ÚLTIMA HORA | Santos Cerdán ingresa en la prisión de Soto del Real https://t.co/eC2fI2nzNR,77,14,22,52620,92,0,0,1,el_pais,El Pais,el_pais,0.0,neutral
1939701973785137646,Mon Jun 30 15:06:03 +0000 2025,La gastronomía mexicana es mucho más que picante. Te traemos una selección de 10 de estos restaurantes -apta para todos los bolsillos- para que disfrutes como si estuvieras en México https://t.co/e5DNEAk8aP,19,3,2,19922,206,0,0,1,el_pais,El Pais,el_pais,0.0,neutral
1939697879733379421,Mon Jun 30 14:49:47 +0000 2025,"José María Ruiz Vargas, psicólogo de la memoria: ""En el envejecimiento hay pérdidas, pero también grandes ganancias. Por ejemplo, en torno a los 50 años viene una avalancha de recuerdos de la adolescencia que tiene un valor adaptativo"" https://t.co/tjC3BrhDC1",38,4,2,21468,259,0,0,1,el_pais,El Pais,el_pais,0.0,neutral
1939693946596122726,Mon Jun 30 14:34:09 +0000 2025,"Ayuso pretende bajar el sueldo a parte de sus bomberos e impedirles protestar, y estos responden 'incendiando' 22 torres de maniobras. ""Estamos preparamos ante cualquier iniciativa o sanción contra la plantilla"", afirma un portavoz sindical https://t.co/U5srJLCrw6",2181,863,83,328503,264,0,0,1,el_pais,El Pais,el_pais,0.0,neutral
1939689926213140507,Mon Jun 30 14:18:10 +0000 2025,"“Hemos tenido que parar dos veces porque no paraban de tirarnos cosas (...) Solo pido amor y respeto, no pido nada más”. Una bailarina trans que acompañaba a la cantante Metrika denuncia que le arrojaron objetos en las fiestas del Orgullo de Burgos https://t.co/vPzfdaZwvp",22,8,8,23154,272,0,0,1,el_pais,El Pais,el_pais,0.4767,positive
1939686746825834817,Mon Jun 30 14:05:32 +0000 2025,🔴 ÚLTIMA HORA | El Gobierno descarta un adelanto electoral tras la orden de entrada en prisión de Cerdán https://t.co/xKm0Bmv0y0 https://t.co/J1rh7v6xIl,986,228,353,182067,152,0,0,2,el_pais,El Pais,el_pais,0.0,neutral
1939685878600790423,Mon Jun 30 14:02:05 +0000 2025,🔴 El Santander ofrece 2.700 millones al Sabadell para comprar su filial británica TSB https://t.co/VlBJh4g6sJ,5,2,1,21345,109,0,0,1,el_pais,El Pais,el_pais,0.0,neutral
1939677904889114662,Mon Jun 30 13:30:24 +0000 2025,"¿Cómo funcionan las nuevas ayudas al transporte público? Desde este martes 1 de julio entran en vigor los nuevos descuentos para el uso de autobuses, trenes y bicicletas. En @La_SER 
 https://t.co/0ef9uQhymD",9,3,1,20064,207,0,1,1,el_pais,El Pais,el_pais,0.2732,positive
1939674546660835500,Mon Jun 30 13:17:03 +0000 2025,"📹 Vídeo | Felipe VI ha pedido durante su discurso en la cumbre de la ONU en Sevilla ""una nueva hoja de ruta basada en lo concreto, en lo tangible y en lo realizable” en cuanto a la financiación del desarrollo sostenible y la cooperación internacional https://t.co/oyMSW4vMZb https://t.co/H1T5xJaikf",20,3,9,22486,298,0,0,2,el_pais,El Pais,el_pais,0.34,positive
1939673377876156446,Mon Jun 30 13:12:25 +0000 2025,"📹 Vídeo | Este es el momento del traslado a Santos Cerdán tras que el magistrado del Tribunal Supremo Leopoldo Puente le haya enviado este lunes a prisión preventiva por delitos de cohecho, organización criminal y tráfico de influencias
 https://t.co/4cPgOXmo4Z https://t.co/EUbWhLkEdI",22,11,23,23621,285,0,0,2,el_pais,El Pais,el_pais,-0.128,negative
1939673325212402071,Mon Jun 30 13:12:12 +0000 2025,"🔴 AMPLIACIÓN | El juez del Supremo envía a Cerdán a prisión sin fianza por cohecho, organización criminal y tráfico de influencias. El instructor estima que el “botín” obtenido pudo superar los 5 millones y no descarta que se hayan lucrado “más personas” https://t.co/LQKBUxqSCB",27,12,18,23251,278,0,0,1,el_pais,El Pais,el_pais,-0.743,negative
1939670133821047230,Mon Jun 30 12:59:31 +0000 2025,"Nada más acceder al convento, el musicólogo David Catalunya llegó a una pequeña sala cerrada con llave. “En un viejo baúl, protegido por telas, aparecieron decenas de tubos de cobre sin catalogar"". Era el órgano más antiguo de la cristiandad https://t.co/hhlViyHEQe",48,11,2,23054,265,0,0,1,el_pais,El Pais,el_pais,-0.5574,negative
1939668222199963776,Mon Jun 30 12:51:56 +0000 2025,DIRECTO | Cuca Gamarra anuncia que dejará su cargo como secretaria general del PP en el congreso del próximo fin de semana https://t.co/ebPYU4pCEx https://t.co/iqekpOqJZG,35,9,27,41578,170,0,0,2,el_pais,El Pais,el_pais,0.0,neutral
1939666842794004982,Mon Jun 30 12:46:27 +0000 2025,🔴 ÚLTIMA HORA | Cuca Gamarra pide a Feijóo su relevo como secretaria general del PP. Sigue la actualidad política en directo https://t.co/kzr8mWsR0t https://t.co/IuP23zqIGX,65,14,6,75148,172,0,0,2,el_pais,El Pais,el_pais,0.0,neutral
1939666154135449743,Mon Jun 30 12:43:43 +0000 2025,🎥 VÍDEO | ¿Por qué España no mueve las mercancías por tren y lo hace casi todo en camión? https://t.co/HSJDImM3Dx,20,6,23,26184,113,0,0,1,el_pais,El Pais,el_pais,-0.296,negative
1939665275135148252,Mon Jun 30 12:40:13 +0000 2025,🔴 El juez del Supremo que investiga la trama de las mordidas cree que el “botín” obtenido por el amaño de contratos puede superar los cinco millones de euros https://t.co/VAgnsN7mYi,28,14,14,24072,181,0,0,1,el_pais,El Pais,el_pais,0.4404,positive
1939662309518905742,Mon Jun 30 12:28:26 +0000 2025,Hoy es el último día para presentar la declaración de la renta: ¿qué sanciones se aplican si no se hace? https://t.co/AqtsQz7TaK,7,1,10,22234,128,0,0,1,el_pais,El Pais,el_pais,-0.296,negative
1939660596036702714,Mon Jun 30 12:21:37 +0000 2025,"📺 TV en DIRECTO | Cuca Gamarra, sobre la prisión para Cerdán: ""Hoy estamos ante el último viaje del clan de las primarias y va camino de prisión. España merece otra cosa"" https://t.co/XNRgQIGopW https://t.co/5LtilpWHiL",16,8,31,21387,218,0,0,2,el_pais,El Pais,el_pais,0.0,neutral
1939660012798017822,Mon Jun 30 12:19:18 +0000 2025,"📺 TV en DIRECTO | Cuca Gamarra, sobre la prisión para Cerdán: ""Pende del hilo de tres delincuentes. Sánchez ya solo está pendiente de quién rompe antes el silencio"" https://t.co/XNRgQIGWfu https://t.co/zMeBCSVGnV",13,4,11,20736,212,0,0,2,el_pais,El Pais,el_pais,0.0,neutral
1939659454280065501,Mon Jun 30 12:17:05 +0000 2025,"¼ de los estudiantes sufre #bullying. Y muchos, como @CarolinaMarin al principio, guardan silencio. Hasta que lo contó y le puso remedio. Escucha su historia con Manu Carreño en este episodio del videopódcast #LALIGAVS

#CarolinaMarín #acoso #acosoescolar #educación #aulas https://t.co/ZEa90FcFTi",9,2,3,17885,297,7,1,1,el_pais,El Pais,el_pais,-0.5994,negative
1939659198649745590,Mon Jun 30 12:16:04 +0000 2025,📺 TV en DIRECTO | Cuca Gamarra comparece en la sede del PP https://t.co/XNRgQIGopW https://t.co/1rrDGnwJci,3,1,11,19789,106,0,0,2,el_pais,El Pais,el_pais,0.0,neutral
1939658299902701785,Mon Jun 30 12:12:30 +0000 2025,Cerdán es el primero de los investigados en el Supremo por el 'caso Koldo' al que el juez ha enviado a prisión  https://t.co/28Xj5gDFIZ,31,10,26,25652,135,0,0,1,el_pais,El Pais,el_pais,0.6486,positive
1939657370684014720,Mon Jun 30 12:08:48 +0000 2025,"🔴 ÚLTIMA HORA | El actor Eduard Fernández, premio Nacional de Cinematografía 2025 https://t.co/wDgzSlVxhH https://t.co/tonijaBhyu",88,11,0,41887,129,0,0,2,el_pais,El Pais,el_pais,0.0,neutral
1939654371647631453,Mon Jun 30 11:56:53 +0000 2025,"España continúa este lunes sufriendo la primera ola de calor del verano. En total, el 63% de los municipios del país están en áreas con avisos activos de riesgo para la salud hoy. Consúltalos en este mapa  https://t.co/LyNIK20tev",5,2,3,16693,229,0,0,1,el_pais,El Pais,el_pais,0.0,neutral
1939652669414482130,Mon Jun 30 11:50:08 +0000 2025,"📺 TV en DIRECTO | Sánchez, sobre la prisión preventiva a Cerdán: ""El PSOE actuó de manera contundente desde el principio. Respeto a la justicia, pero desde el punto de vista político creo que hay una posición muy distinta a otros partidos"" https://t.co/7nbhWQscPp https://t.co/N9tYreLsN4",291,86,165,51274,287,0,0,2,el_pais,El Pais,el_pais,0.0,neutral
1939651060513034408,Mon Jun 30 11:43:44 +0000 2025,"📺 TV en DIRECTO | Sánchez: ""Tomamos las decisiones que tomamos, actuamos con contundencia. Ahora es el momento de la justicia y es la justicia quien tiene que dirimir las responsabilidades que pueda tener en este caso Santos Cerdán"" https://t.co/7nbhWQscPp https://t.co/3uqD2lQcwh",17,5,23,19430,280,0,0,2,el_pais,El Pais,el_pais,0.0,neutral
1939650412384063717,Mon Jun 30 11:41:09 +0000 2025,La selección femenina de baloncesto perdió en el último suspiro la final del Eurobasket ante Bélgica por 65-67 cuando tenía la gloria en la palma de la mano https://t.co/sORr2BWLsP,10,3,1,17008,180,0,0,1,el_pais,El Pais,el_pais,0.0,neutral
1939650274814984466,Mon Jun 30 11:40:37 +0000 2025,🔴 ÚLTIMA HORA | El juez decreta prisión preventiva para Santos Cerdán tras declarar en el Supremo https://t.co/Z2jilEeEjj https://t.co/dY2QEZCnmU,322,97,48,111324,145,0,0,2,el_pais,El Pais,el_pais,0.4404,positive
1951057801750442032,Thu Jul 31 23:10:03 +0000 2025,"“Hay gente que le tiene miedo a reírse, vivimos en una sociedad muy implacable. La película 'Un poeta' es una invitación a que nos riámonos de nosotros mismos”, dice el cineasta Simón Mesa sobre el filme premiada en el Festival de Cine en Cannes

 https://t.co/nyBafLeImk",13,5,0,17323,271,0,0,1,el_pais,El Pais,el_pais,0.4939,positive
1951057312988238020,Thu Jul 31 23:08:06 +0000 2025,"🇺🇲 La secretaria de prensa de la Casa Blanca, Karoline Leavitt, adelanta que “en algún momento de esta tarde o más tarde, esta noche” Donald Trump firmará una orden para imponer más aranceles a partir de la medianoche del viernes

🖋️ @msanchezvallejo
 https://t.co/WHDCglTUtn",8,3,3,17118,275,0,1,1,el_pais,El Pais,el_pais,0.0,neutral
1951055760739201099,Thu Jul 31 23:01:56 +0000 2025,"#Oscars | Después de seis años encabezada por Janet Yang, la Academia de las Artes y las Ciencias Cinematográficas de Hollywood cambia de presidenta. De nuevo, será una mujer: Lynette Howell Taylor

🖋️ @LaPorcel
 https://t.co/ryBNbVKjl4",10,3,0,16801,236,1,1,1,el_pais,El Pais,el_pais,0.0,neutral
1951055581889900614,Thu Jul 31 23:01:14 +0000 2025,"Opinión | ""¿Por qué se considera ilegal el chalet de Xabi Alonso? El litigio nos lleva a un terreno donde lo legal se vuelve estético y lo estético se vuelve ideológico, y abre un diálogo complejo entre lugar, uso, cultura y técnica"". Por Pedro Torrijos https://t.co/N4ThkPdaTS",7,3,3,16305,277,0,0,1,el_pais,El Pais,el_pais,0.128,positive
1951040404674986154,Thu Jul 31 22:00:55 +0000 2025,El comisionado del Gobierno para la dana presenta su dimisión tras la investigación sobre su acceso a la función pública https://t.co/jah88oWhTE,9,2,3,20369,144,0,0,1,el_pais,El Pais,el_pais,0.0,neutral
1951039940814348787,Thu Jul 31 21:59:05 +0000 2025,Un taxista ha sido detenido por robar una maleta con joyas valoradas en más de 142.000 euros a una familia mientras los trasladaba del aeropuerto Adolfo Suárez-Madrid Barajas a un hotel cercano. https://t.co/tMKYRRGbOU,8,4,0,19671,218,0,0,1,el_pais,El Pais,el_pais,0.34,positive
1951035839510716473,Thu Jul 31 21:42:47 +0000 2025,‘The Economist’ pide que Pedro Sánchez dimita. El semanario aboga por dos vías para evitar la “parálisis” política española: nombrar nuevo líder del PSOE a una figura veterana del partido o un adelanto electoral https://t.co/KvMeuzelOo,1144,381,470,126998,235,0,0,1,el_pais,El Pais,el_pais,0.0,neutral
1951031819907850247,Thu Jul 31 21:26:48 +0000 2025,"Trump afirmó que Epstein le quitó “furtivamente” a trabajadores de su club de Mar-a-Lago, lo que ha reavivado el escándalo, pues entre esos empleados podría estar Virginia Giuffre, la testigo de más alto perfil contra la trama de abusos del pederasta https://t.co/6WYHCYS5sW",20,18,0,20689,274,0,0,1,el_pais,El Pais,el_pais,0.34,positive
1951027718100807815,Thu Jul 31 21:10:30 +0000 2025,"Ponemos a prueba cuatro modelos y comparamos su nivel de protección con respecto a la luz solar, la calidad de los materiales y su comodidad. Las mejores gafas de sol deportivas en #ELPAÍSEscaparate https://t.co/sNOhzx1gNU",6,0,0,22939,222,1,0,1,el_pais,El Pais,el_pais,0.0,neutral
1951023550497775761,Thu Jul 31 20:53:57 +0000 2025,"Jessica Chastain regresa a la universidad: está estudiando en Harvard. La intérprete se ha inscrito en la escuela Kennedy, perteneciente a la institución privada, para estudiar un máster https://t.co/njrMv1ikxx",21,0,1,23685,210,0,0,1,el_pais,El Pais,el_pais,0.34,positive
1951019648926781718,Thu Jul 31 20:38:27 +0000 2025,"No es una guerra entre ejércitos, sino entre empresas. Un duelo sin cuartel en el que solo uno de los dos contendientes sobrevivirá. Los tanques Leopard abren una guerra sin cuartel por el control de la industria militar española https://t.co/OEdtdVX9nR",16,7,2,22014,253,0,0,1,el_pais,El Pais,el_pais,-0.8555,negative
1951015683183026535,Thu Jul 31 20:22:41 +0000 2025,La parra puede ser el remedio para los miles de pueblos cuyas calles estrechas son intransitables durante el sofocante verano con un ejemplo exitoso preservado en las bodegas durante seis décadas https://t.co/rQVxbmSx3N,306,58,3,35445,219,0,0,1,el_pais,El Pais,el_pais,0.0,neutral
1951011803837649005,Thu Jul 31 20:07:16 +0000 2025,"Relegada durante el franquismo tras su exilio y suicidio, los textos de Irene Polo rescatados ahora en castellano revelan a una reportera que supo retratar una sociedad en transformación
 https://t.co/d0YLVrXZCC",26,8,1,24087,211,0,0,1,el_pais,El Pais,el_pais,0.0,neutral
1951007686729875520,Thu Jul 31 19:50:55 +0000 2025,"“Si a mí me dijeron que tenía que pagar 1.500 euros, ¿cómo es que salgo de aquí con 7.000?“. El abogado que ha llevado al Supremo a cortar las indemnizaciones adicionales por despido, lo que ha desatado las críticas de los sindicatos. https://t.co/xabLWy0m5s",4,2,2,21496,258,0,0,1,el_pais,El Pais,el_pais,0.7717,positive
1951003844625707185,Thu Jul 31 19:35:39 +0000 2025,"¿La patata es hija del tomate?. “Por fin hemos resuelto el misterio”. Un equipo de científicos descubre que hubo un cruce natural hace nueve millones de años, en una investigación con implicaciones geopolíticas: quien controla las papas, domina el mundo https://t.co/356PC6aCwg",75,20,2,26736,277,0,0,1,el_pais,El Pais,el_pais,0.3612,positive
1950999670097850802,Thu Jul 31 19:19:03 +0000 2025,"Muere Bob Wilson, el gran visionario del teatro y la ópera de vanguardia, a los 83 años https://t.co/GKTUvOJ1DV",14,8,2,21534,111,0,0,1,el_pais,El Pais,el_pais,0.0,neutral
1950995509377659364,Thu Jul 31 19:02:31 +0000 2025,"Los locales veraniegos no se suelen caracterizar por su buena relación calidad-precio, pero hay excepciones: este es un recorrido por algunos que no defraudan https://t.co/HoYlLQQhIb",3,0,0,19080,182,0,0,1,el_pais,El Pais,el_pais,-0.5267,negative
1950991286321750349,Thu Jul 31 18:45:44 +0000 2025,“Sabíamos que estábamos creando una herramienta de IA que podía reemplazarnos”. Trabajadores de ‘Candy Crush’ contra los despidos denuncian que estos recortes vienen “en un momento en el que la compañía registra beneficios millonarios” https://t.co/wF0GA4e3pV,25,8,5,21090,259,0,0,1,el_pais,El Pais,el_pais,0.0,neutral
1950987475523879372,Thu Jul 31 18:30:36 +0000 2025,El Constitucional resolverá en septiembre si admite a trámite el recurso de Cerdán contra su prisión provisional. El ponente del caso llevará una propuesta de resolución a la sección segunda del tribunal https://t.co/u0exmCcVjJ,7,4,5,19062,227,0,0,1,el_pais,El Pais,el_pais,0.0,neutral
1950983494902911173,Thu Jul 31 18:14:47 +0000 2025,Un experto en viajes señala cuál será el próximo gran destino turístico: nadie lo hubiera dicho hace cinco años. A través de @La_SER  https://t.co/KKhD4HCDqn,3,0,3,19290,157,0,1,1,el_pais,El Pais,el_pais,0.0,neutral
1950982965200134527,Thu Jul 31 18:12:41 +0000 2025,🔴 El enviado de EE UU para Oriente Próximo entrará mañana en Gaza para evaluar el sistema de reparto de ayuda https://t.co/fli3PllU4f,5,5,5,18498,133,0,0,1,el_pais,El Pais,el_pais,0.0,neutral
1950979706754318694,Thu Jul 31 17:59:44 +0000 2025,Hoy en clase entramos dentro del cuadro de ‘Las Meninas’. Educa360 permite a los profesores apoyar sus lecciones en escenarios inmersivos a través de gafas de realidad virtual o cualquier pantalla #Nosunenlaspersonas #BrandedContent con @FundUnicaja https://t.co/PYOlLpKf63,3,1,1,14564,273,2,1,1,el_pais,El Pais,el_pais,0.0,neutral
1950975518662177131,Thu Jul 31 17:43:05 +0000 2025,"“Fue en octubre de 2021 cuando el Señor me habló de esta criptomoneda. Me dijo: ‘Entrégala a mi pueblo para distribuir riqueza’”. La criptomoneda ‘revelada por Dios’ que acabó en fraude, coches de lujo y tratamientos estéticos https://t.co/gBqgX9mJuu",12,7,2,17963,250,0,0,1,el_pais,El Pais,el_pais,0.0,neutral
1950971350677336396,Thu Jul 31 17:26:31 +0000 2025,"Los compradores con nombre árabe o chino son discriminados en aplicaciones de productos de segunda mano. “Cuanto intentan comprar las minorías, la probabilidad de que les contesten es un 6% menos"" https://t.co/TT64Oa95Wg",1,1,4,16107,220,0,0,1,el_pais,El Pais,el_pais,0.0,neutral
1950967503431020589,Thu Jul 31 17:11:14 +0000 2025,"Tras lo que parece la confirmación del noviazgo entre Ana de Armas y Tom Cruise, ahora llega uno más sorprendente: Pamela Anderson y Liam Neeson, que estarían saliendo juntos desde hace unos meses. “Está claro que están ilusionados el uno con el otro” https://t.co/eBr9AAd1Jt",14,3,1,20158,275,0,0,1,el_pais,El Pais,el_pais,0.0,neutral
1950963710106775553,Thu Jul 31 16:56:10 +0000 2025,"“Es difícil llamarlos mundos diferentes porque estamos viviendo el mismo mundo, en esta única realidad distópica (...) Los animales tienen más derechos en el Reino Unido que los palestinos en su propia tierra"". Médicos europeos hablan tras abandonar Gaza https://t.co/R4SX5vAcMo",274,229,31,22954,278,0,0,1,el_pais,El Pais,el_pais,0.0,neutral
1950959557246660643,Thu Jul 31 16:39:40 +0000 2025,¿Por qué el Gobierno y las eléctricas no se ponen de acuerdo aún para acordar una prórroga nuclear? Ambas partes chocan fundamentalmente por el reparto de los costes que supondría la ampliación de la vida útil del parque atómico español https://t.co/uTfbnbzwLY,4,1,4,15688,260,0,0,1,el_pais,El Pais,el_pais,-0.296,negative
1950955554928537810,Thu Jul 31 16:23:45 +0000 2025,"El Gobierno catalán retrasa a 2028 la fecha para comenzar a asumir parte de la gestión del IRPF. El Ejecutivo aspira a que la Agencia Tributaria de Cataluña asuma la asistencia de la campaña de la renta en 2027, según el plan director https://t.co/0TghjeLLjB",3,4,4,16071,258,0,0,1,el_pais,El Pais,el_pais,0.0,neutral
1950953055014228076,Thu Jul 31 16:13:49 +0000 2025,🔴 El juez rechaza la petición de Errejón de investigar a Mouliaá por obstrucción a la justicia https://t.co/s6Ha6k0W6R,15,5,6,24311,118,0,0,1,el_pais,El Pais,el_pais,0.0,neutral
1950951513116799079,Thu Jul 31 16:07:42 +0000 2025,La investigación judicial contra dos altos cargos de la Compañía de Jesús en Bolivia por encubrir al pederasta español Alfonso Pedrajas ha destapado hasta una docena de casos de abusos sexuales a menores y que la jerarquía de los jesuitas ha ocultado https://t.co/ScNzYxorts,9,4,1,14688,274,0,0,1,el_pais,El Pais,el_pais,0.5859,positive
1950947472097816762,Thu Jul 31 15:51:38 +0000 2025,"Una pequeña de 12 años, aún en edad de correr por el parque, emerge en una piscina de los Mundiales de natación en Singapur y cambia el foco de todo un campeonato. Es lo que ha hecho Yu Zidi, la niña que ya cuestiona el sistema de la natación https://t.co/jEsCzryUat",7,5,0,17257,266,0,0,1,el_pais,El Pais,el_pais,0.34,positive
1950943614185427185,Thu Jul 31 15:36:19 +0000 2025,"“La gente habla de recetas antiguas y se editan recetarios con ellas, pero nadie sabe de quién son, dónde están y dónde se pueden buscar”. Una escritora canaria recupera 5.000 recetas del siglo XVIII al XX para estudiar el papel silencioso de las mujeres https://t.co/imjTaspCAd",67,18,0,17046,278,0,0,1,el_pais,El Pais,el_pais,0.0,neutral
1950942027811623117,Thu Jul 31 15:30:00 +0000 2025,🔴 ÚLTIMA HORA | Trump mantiene los aranceles actuales del 25% a México y da 90 días más para negociar un acuerdo https://t.co/RCMamfznpq https://t.co/Lv1eDiwtzK,15,5,6,27058,160,0,0,2,el_pais,El Pais,el_pais,0.0,neutral
1950940047110263246,Thu Jul 31 15:22:08 +0000 2025,"P. ¿Los niños son quienes quedan relegados?

R. Sí, por el efecto dominó de los gobiernos europeos que dicen: “Estamos recortando porque tenemos que priorizar la defensa”. Así que, en la escala de prioridad, los niños están quedando cada vez más relegados. https://t.co/v7itP03fsF",5,2,0,14982,280,0,0,1,el_pais,El Pais,el_pais,0.0,neutral
1950935695842746493,Thu Jul 31 15:04:51 +0000 2025,"Aunque intentemos desconectar en vacaciones, nuestro smartphone nos acompaña también en la playa y en la piscina. ¿Cómo lo podemos proteger? Estos son los accesorios que no deben faltar https://t.co/PqAKRJfPnb",3,0,3,16710,209,0,0,1,el_pais,El Pais,el_pais,-0.296,negative
1950931862001451513,Thu Jul 31 14:49:37 +0000 2025,"“Se implicaron en los movimientos obreros y sindicalistas, eran feministas (...) Pero se hizo un borrón con todo lo victoriano y estas mujeres desaparecen del mapa”. Las ‘sinsombrero’ inglesas de finales del XIX llegan a España tras 100 años de olvido https://t.co/pbRyAS6NrX",16,9,0,16806,275,0,0,1,el_pais,El Pais,el_pais,0.0,neutral
1950927941468119200,Thu Jul 31 14:34:02 +0000 2025,"¿Recuerdas la última vez que intentaste hablar con un desconocido? Puede resultar aterrador… pero también beneficioso. “Tiene consecuencias hedónicas bien documentadas, pues aumenta el estado de ánimo, el bienestar y la simpatía por el interlocutor"" https://t.co/jraX8P6eIf",13,5,1,17492,273,0,0,1,el_pais,El Pais,el_pais,0.0,neutral
1950923927515000955,Thu Jul 31 14:18:05 +0000 2025,La fotógrafa Judith Prat aborda el pasado esclavista de España y retrata las huellas que sigue dejando en el presente. “La más peligrosa es la idea perversa de la superioridad blanca” https://t.co/a8ZjNwvsOZ,58,18,61,34512,207,0,0,1,el_pais,El Pais,el_pais,0.0,neutral
1950919996030267398,Thu Jul 31 14:02:28 +0000 2025,"Opinión | ""No somos los supermodelos David Gandy ni Bianca Balti intimando en el Tirreno. Pero tenemos un cuerpo, el nuestro. Y unos días libres, aunque sean para trasnochar sin madrugar. Y podemos disfrutarlos"". Por Luz Sánchez-Mellado https://t.co/lYMAWULRpO",4,0,0,16534,260,0,0,1,el_pais,El Pais,el_pais,-0.5574,negative
1950916124750631031,Thu Jul 31 13:47:05 +0000 2025,"Opinión | ""La semana pasada murió el luchador Hulk Hogan, conocido en España como un freak de un entretenimiento televisivo menor. Es menos sabido que sirvió de herramienta para la venganza de un gran poderoso, el inversor Peter Thiel"". Por Delia Rodríguez https://t.co/gcxF5HzRwx",10,6,1,16942,280,0,0,1,el_pais,El Pais,el_pais,-0.4404,negative
1950913659565224158,Thu Jul 31 13:37:17 +0000 2025,🔴 ÚLTIMA HORA | El PSOE y Más Madrid piden cinco años de cárcel para el novio de Ayuso en el caso del presunto fraude fiscal https://t.co/zkE5Cg3Vht https://t.co/wFqrOogOzg,659,131,84,51525,172,0,0,2,el_pais,El Pais,el_pais,0.0,neutral
1950911999333880247,Thu Jul 31 13:30:41 +0000 2025,🔴 El ejército israelí mata a 111 personas en Gaza en las últimas horas https://t.co/6XAGVzmhuL,382,477,39,42543,94,0,0,1,el_pais,El Pais,el_pais,0.0,neutral
1950907900739666032,Thu Jul 31 13:14:24 +0000 2025,"La fama le llegó tarde. En el año 2000 un anuncio de Volkswagen fue un tremendo éxito, entre otras cosas, por una canción desconocida. Así, el desafortunado Nick Drake, fallecido en 1974, se hacía por fin popular tras décadas como artista de culto https://t.co/p2yK2YtyT6",33,2,0,17397,271,0,0,1,el_pais,El Pais,el_pais,0.4215,positive
1950903820944392424,Thu Jul 31 12:58:11 +0000 2025,Trabajadores de ‘Candy Crush’ en Barcelona contra el ERE: “Sabíamos que estábamos creando una herramienta de IA que podía reemplazarnos” https://t.co/nDM6dWhTza,56,25,7,45363,160,0,0,1,el_pais,El Pais,el_pais,0.0,neutral
1950899718172688876,Thu Jul 31 12:41:53 +0000 2025,🔴 El BBVA descarta subir la opa por el Sabadell y dice que “no hay garantías” de seguir adelante https://t.co/TcI8YtuKkv,8,3,0,21123,120,0,0,1,el_pais,El Pais,el_pais,0.0,neutral
1950895665095086285,Thu Jul 31 12:25:47 +0000 2025,"Los haitianos no solo se enfrentan a una de las peores crisis de violencia de su historia reciente, en la que han muerto unas 8.700 personas entre principios de 2024 y junio de 2025, sino a vivir en uno de los países más pobres del mundo https://t.co/VIj2R1Oxej",31,11,8,16477,261,0,0,1,el_pais,El Pais,el_pais,-0.743,negative
1950892461414363621,Thu Jul 31 12:13:03 +0000 2025,El incendio de Ávila ya está controlado al 90% lo que permite a los dos municipios confinados volver a la normalidad. La mejoría en el fuego de Las Hurdes permite volver a sus casas a 80 vecinos https://t.co/K5q7Uyj0o6,15,1,0,16703,218,0,0,1,el_pais,El Pais,el_pais,0.0,neutral
1950887466136703044,Thu Jul 31 11:53:12 +0000 2025,🔴 La Aemet alerta de la llegada de la segunda ola de calor del verano entre el domingo y el miércoles https://t.co/RsKU43NhMB,71,22,24,49339,125,0,0,1,el_pais,El Pais,el_pais,0.0,neutral
1950883618433220929,Thu Jul 31 11:37:54 +0000 2025,Veinticinco pasajeros resultan heridos por fuertes turbulencias en un vuelo de Delta Airlines entre Estados Unidos y Países Bajos. El avión fue desviado y aterrizó de emergencia en Minneapolis https://t.co/doAFQQc7o7,9,1,2,16793,216,0,0,1,el_pais,El Pais,el_pais,0.0,neutral
1950879454353326214,Thu Jul 31 11:21:22 +0000 2025,Un juez cita como imputada a Leire Díez por sus supuestas maniobras. El magistrado Zamarriego también llama a declarar como testigos al empresario Javier Pérez Dolset y al abogado Jacobo Teijelo https://t.co/QykDwxCuie,13,7,5,15964,218,0,0,1,el_pais,El Pais,el_pais,0.0,neutral
1950877797578129521,Thu Jul 31 11:14:47 +0000 2025,"📺 VÍDEO | ""Si pueden descansar unas semanas, les felicito. Los que no puedan descansar, que sepan que las vacaciones están sobrevaloradas"". Así ha despedido Feijóo su comparecencia para hacer balance del curso político https://t.co/G7Xc2gi6pU https://t.co/UnUzVTEdVY",557,259,725,1548342,266,0,0,2,el_pais,El Pais,el_pais,0.0516,positive
1950875498357063978,Thu Jul 31 11:05:38 +0000 2025,"“España padece una crisis institucional porque tiene un presidente sin ningún límite moral”, ha dicho este jueves el líder de la oposición, Alberto Núñez Feijóo, que ha hecho en la sede nacional del partido, en Génova https://t.co/nL3FYhK9Jf",35,8,76,19938,241,0,0,1,el_pais,El Pais,el_pais,-0.5994,negative
1950871618638447033,Thu Jul 31 10:50:13 +0000 2025,Un migrante cubano lleva nueve días en huelga de hambre en Alligator Alcatraz: “Les toca a ellos decidir si yo vivo o si muero”. Decidió parar de comer para protestar por su detención y la de muchos más como él https://t.co/Nq6Y2V9OnL,18,11,7,15268,234,0,0,1,el_pais,El Pais,el_pais,0.0,neutral
1950867716723589192,Thu Jul 31 10:34:43 +0000 2025,"“Nos sentimos amenazados”, apunta Joaquín, miembro de la Asociación Vecinal Puerta del Ángel. ""Está claro que si en una zona de Madrid ponen restricciones, los grandes fondos, la presión de la vivienda turística, va a ir hacia los barrios aledaños” https://t.co/lNcSkeREkl",21,8,5,14970,272,0,0,1,el_pais,El Pais,el_pais,0.0,neutral
1950867515749380118,Thu Jul 31 10:33:55 +0000 2025,"📺 TV en DIRECTO | Feijóo: ""Cuando un político falsea su currículum, debe de ser corregido de forma inmediata. Cuando falsifica el título estamos ante un supuesto delictivo y no de ética. Me parece bien que se establezca un sistema para contrastar títulos"" https://t.co/G7Xc2gi6pU https://t.co/tEaxNJQ89J",25,6,37,30472,303,0,0,2,el_pais,El Pais,el_pais,-0.296,negative
1950865799700480025,Thu Jul 31 10:27:06 +0000 2025,📺 TV en DIRECTO | Feijóo hace balance del curso político https://t.co/G7Xc2giEfs https://t.co/oQLe1AOcQB,4,4,5,14211,104,0,0,2,el_pais,El Pais,el_pais,0.0,neutral
1950863667622244495,Thu Jul 31 10:18:38 +0000 2025,🔴 Yolanda Díaz rechaza la extensión de las nucleares y esgrime el acuerdo del Gobierno de coalición https://t.co/uyB9r47g6F,27,5,7,37064,123,0,0,1,el_pais,El Pais,el_pais,0.0,neutral
1950859439784734919,Thu Jul 31 10:01:50 +0000 2025,"Por sorprendente que pueda parecer, la última exposición que Palma dedicó a Joan Miró fue en 1978. Desde entonces solo hubo silencio por parte de la ciudad en la que el genial y mundialmente reconocido artista vivió desde 1956 hasta su muerte en 1983 https://t.co/XcGBBrohcb",18,9,0,13990,274,0,0,1,el_pais,El Pais,el_pais,0.4215,positive
1950855135707439500,Thu Jul 31 09:44:44 +0000 2025,"“La fecha límite del 1 de agosto es la fecha límite del 1 de agosto”, ha dicho Trump. La incertidumbre reina en las horas previas al fin del último plazo que dio el presidente estadounidense para la entrada de sus aranceles, que expira este viernes https://t.co/uYmcGFmbac",2,1,1,13679,272,0,0,1,el_pais,El Pais,el_pais,0.34,positive
1950850906120978777,Thu Jul 31 09:27:55 +0000 2025,"Opinión | ""Decir hambre es decir la privación más cruel que puede sufrir una persona y, sin embargo, hay algo peor: la hambruna, cuando muchas personas pasan hambre: que no sólo sufran su hambre sino también la de todos los suyos"". Por Martín Caparrós https://t.co/9szxcONshw",46,22,7,13337,275,0,0,1,el_pais,El Pais,el_pais,-0.8625,negative
1962271849338781798,Sun Aug 31 21:50:40 +0000 2025,"De acuerdo con el tópico, casi nadie se alegra del fin de la temporada estival, aunque ahora que el veraneo ya no es un fenómeno tan universal y el disfrute de algunos implica la precariedad de otros, puede suponer un alivio https://t.co/Npdv5vXsch",13,3,7,25057,248,0,0,1,el_pais,El Pais,el_pais,-0.296,negative
1962266502217777371,Sun Aug 31 21:29:25 +0000 2025,"Vinted ha superado en volumen de ventas en Francia a gigantes como Amazon, Kiabi, Zara o Shein. ¿Cómo una web de ropa de segunda mano ha devorado a la moda rápida? https://t.co/wCsBZ30wvi",43,13,2,35550,187,0,0,1,el_pais,El Pais,el_pais,0.6705,positive
1962261180430323799,Sun Aug 31 21:08:17 +0000 2025,"“Hacemos muchas cosas que me gustan, pero no somos capaces de ganar partidos”, se lamenta Pep Guardiola, que vive en un sinvivir porque el Manchester City no arranca y encadena dos derrotas consecutivas https://t.co/NRlM8Ad4R1",12,0,2,26907,226,0,0,1,el_pais,El Pais,el_pais,-0.5267,negative
1962255722713923723,Sun Aug 31 20:46:35 +0000 2025,"""Para generar confianza tienes que pasar a los hechos"", defiende Camps. ""El presidente ha dicho que quiere un pacto de Estado contra la emergencia climática. La crítica es lógica: sea concreto. A veces la política parece más abstracta que la filosofía"" https://t.co/YEtr5cq2yo https://t.co/28FyhsRKMs",43,16,1,32918,300,0,0,2,el_pais,El Pais,el_pais,0.34,positive
1962255137562398839,Sun Aug 31 20:44:16 +0000 2025,"🔴ÚLTIMA HORA | El exalcalde de Nueva York Rudolph Giuliani, herido de gravedad en un accidente de tráfico en New Hampshire

https://t.co/Oualdnoo8p",151,69,5,72331,147,0,0,1,el_pais,El Pais,el_pais,0.0,neutral
1962250517599457478,Sun Aug 31 20:25:54 +0000 2025,La viñeta de hoy de Flavita Banana. Puedes ver más viñetas de la autora aquí:  https://t.co/y6cdaSyLve https://t.co/tNjtb0hcEx,56,13,5,35465,126,0,0,2,el_pais,El Pais,el_pais,0.0,neutral
1962245416872738900,Sun Aug 31 20:05:38 +0000 2025,"Taylor Swift, Lana del Rey, Lorde, Sabrina Carpenter, Ariana Grande, Kendrick Lamar, Bon Jovi, Britney Spears, Backstreet Boys, Adele... Todos han pasado por las manos de Max Martin o Jack Antonoff, los maestros del pop mundial https://t.co/zuWc6WF42o",4,1,0,26512,251,0,0,1,el_pais,El Pais,el_pais,0.2023,positive
1962244822095262057,Sun Aug 31 20:03:16 +0000 2025,🔴 ÚLTIMA HORA | Alcaraz gana a Rinderknech y ya está en los cuartos de final del US Open https://t.co/33Rysyy5op,86,9,0,38919,112,0,0,1,el_pais,El Pais,el_pais,0.0,neutral
1962240322542428336,Sun Aug 31 19:45:24 +0000 2025,"El chocolate o el cacao han subido alrededor del 20% en el último año debido a, entre otros factores, el nerviosismo de los mercados ante anomalías meteorológicas. No son los únicos productos que se encarecerán debido al cambio climático https://t.co/GJkbFcssOh",15,12,7,23526,261,0,0,1,el_pais,El Pais,el_pais,-0.296,negative
1962235212038840777,Sun Aug 31 19:25:05 +0000 2025,"EL PAÍS reconstruye el ataque terrorista contra la base aérea de Cali, en el que fueron asesinadas siete personas. Más de 500 kilogramos de explosivos quedaron sin estallar por un azar, por lo que el atentado pudo ser tres veces más mortal https://t.co/lJo6cQCVHm",8,5,1,22032,263,0,0,1,el_pais,El Pais,el_pais,-0.5574,negative
1962229833947099602,Sun Aug 31 19:03:43 +0000 2025,"Feijóo, en su inicio del curso político: “Ante cualquier desgracia, el Gobierno central se pone de perfil” https://t.co/Zg1ZEwvMzO",25,5,60,28397,130,0,0,1,el_pais,El Pais,el_pais,0.0,neutral
1962224799125528830,Sun Aug 31 18:43:43 +0000 2025,"“La discriminación es algo que perjudica a todo el mundo, no solo a sus víctimas”. Así es Lisa Cook, la gobernadora de la Reserva Federal que planta cara a Trump https://t.co/j4NtRzEkvw",23,17,3,22161,185,0,0,1,el_pais,El Pais,el_pais,-0.296,negative
1962219498527719625,Sun Aug 31 18:22:39 +0000 2025,"“Vamos a quitarle la mochilita”, se oye ordenar a uno de los agentes. En el interior, los policías hallaron 100.000 euros. Cae en Barcelona un fugitivo buscado por Italia cuando salía del dentista https://t.co/HjwjuQB4NX",18,4,0,20966,220,0,0,1,el_pais,El Pais,el_pais,0.0,neutral
1962214053498982571,Sun Aug 31 18:01:01 +0000 2025,"España se ha despedido este domingo en Northampton de sus opciones para estar en los cuartos de final del Mundial femenino de rugby, pero ha brindado al torneo de los marcadores abultados la primera batalla digna https://t.co/OSMgwFfWX7",9,3,0,19500,236,0,0,1,el_pais,El Pais,el_pais,0.5859,positive
1962198337387434465,Sun Aug 31 16:58:34 +0000 2025,"“Hago música como un acto de resistencia a lo que leo en la prensa”. El exlíder de Talking Heads, defensor de la bicicleta como forma más consciente de estar en el mundo, publica disco nuevo en solitario. Y habla sobre si la banda volverá o no https://t.co/vL5czJ604g",23,3,1,18554,267,0,0,1,el_pais,El Pais,el_pais,-0.296,negative
1962192971874390339,Sun Aug 31 16:37:14 +0000 2025,"Amores de verano | La periodista Luz Sánchez-Mellado escribe sobre el proceso de desenamorarse: “Dicen quienes los han probado que los penúltimos polvos son los mejores. Lo malo, o lo bueno, es que eso solo se sabe a toro pasado” https://t.co/elckEIsI9y https://t.co/bcqK0jFH5J",26,4,4,24691,277,0,0,2,el_pais,El Pais,el_pais,0.0,neutral
1962187550375792967,Sun Aug 31 16:15:42 +0000 2025,"Dos meses de angustia buscando a Matilde Muñoz, asesinada en el hotel de Indonesia donde se alojaba: “Frustrante, indignante, decepcionante... Así ha sido toda la gestión del caso"", lamenta una amiga https://t.co/Hq3PJQw3wj",11,3,0,23945,223,0,0,1,el_pais,El Pais,el_pais,0.34,positive
1962136257976283312,Sun Aug 31 12:51:53 +0000 2025,"Eduard Fernández: ""Gaza es un espejo que nos refleja a todos y a todas. Europa vuelve a mirar hacia otro lado mientras miles de inocentes son exterminados"" https://t.co/73Qk19iYtw https://t.co/P6VUWlbxFv",1875,763,117,49907,203,0,0,2,el_pais,El Pais,el_pais,0.0,neutral
1962130660480393642,Sun Aug 31 12:29:38 +0000 2025,"""Yo y mis hijos pasamos hambre como todos los demás. Somos periodistas, pero también tenemos que encontrar comida, leña, agua dulce y salada"". El relato en primera persona de un periodista en Gaza que estuvo a punto de morir https://t.co/f1tUoqLjG2",820,561,89,43282,248,0,0,1,el_pais,El Pais,el_pais,0.0,neutral
1962125362629877963,Sun Aug 31 12:08:35 +0000 2025,La directora de protección civil da por acabada la crisis por los incendios: “Este trágico episodio de la historia de España ha finalizado” https://t.co/VhtxHkBsbH,21,5,10,21482,163,0,0,1,el_pais,El Pais,el_pais,-0.4019,negative
1962088674675302407,Sun Aug 31 09:42:48 +0000 2025,"Los aliados en España de Heritage, el grupo que inspira la deriva autoritaria de Trump. La poderosa fundación, liderada por un amigo de Abascal, estrecha lazos con Disenso y otras entidades afines mientras defiende que EE UU sancione a España https://t.co/obuOBquFTv",29,17,6,18805,266,0,0,1,el_pais,El Pais,el_pais,0.0,neutral
1962083321564860532,Sun Aug 31 09:21:32 +0000 2025,🔴 Detenido un hombre en Manresa por apuñalar y lanzar por la ventana a su pareja https://t.co/uFtnOy3Z2h,20,12,2,35745,104,0,0,1,el_pais,El Pais,el_pais,0.0,neutral
1962078098423157052,Sun Aug 31 09:00:46 +0000 2025,"Columna | ""Medvedev volvió a protagonizar uno de esos episodios de falta de control. Los dirigentes del tenis deberían plantearse la posibilidad de aplicar castigos deportivos por romper raquetas o actitudes reprobables"", por Toni Nadal https://t.co/3BAnibcQgI",21,3,5,30251,260,0,0,1,el_pais,El Pais,el_pais,0.0,neutral
1961992191259140587,Sun Aug 31 03:19:25 +0000 2025,"🗞️#Portada | España queda atrapada en la emergencia climática; El revés judicial a los aranceles de Trump desata la incertidumbre; Israel mata al primer ministro hutí de Yemen y a miembros de su Gabinete, en EL PAÍS este domingo 31 agosto

🔗 https://t.co/u7jPdkUsbH https://t.co/Ih0GNwRtJD",144,58,57,464517,289,1,0,2,el_pais,El Pais,el_pais,0.0,neutral
1961988603304648921,Sun Aug 31 03:05:09 +0000 2025,"El parque acuático de Marineland cerró y las dos orcas ya no realizan espectáculos y no han sido reubicadas. Las condiciones en las que viven han sido objeto de crítica, pero la polémica llega tras las imágenes de un entrenador masturbando a una de ellas
 https://t.co/gpEQRaU6YI",15,4,7,25976,279,0,0,1,el_pais,El Pais,el_pais,-0.5267,negative
1961958057509847201,Sun Aug 31 01:03:46 +0000 2025,"El rapero French Montana, exnovio de Khloé Kardashian, se compromete con la princesa de Dubái, Mahra Al Maktoum
 https://t.co/DeK6nNvJqh",9,0,2,33173,136,0,0,1,el_pais,El Pais,el_pais,0.0,neutral
1961942830022001125,Sun Aug 31 00:03:16 +0000 2025,"“No soy cornudo pero me excita mostrar algunas partes de mi esposa”, “¿qué les parece mi mujer?, quiero verla con otro”. Los grupos en redes donde se difunde contenido de índole sexual de novias, amigas o familiares se han expandido en la última década https://t.co/YH9smgwf9y",12,3,7,23834,276,0,0,1,el_pais,El Pais,el_pais,0.0,neutral
1961927699523305685,Sat Aug 30 23:03:09 +0000 2025,"Si no comes huevo, por el motivo que sea, apunta esta receta tradicional manchega. Es pariente de la tortilla de patatas https://t.co/5imZBT25XV",32,2,2,28497,144,0,0,1,el_pais,El Pais,el_pais,-0.296,negative
1961912418382102700,Sat Aug 30 22:02:25 +0000 2025,"""Mi madre, yo creo que para justificarse, me dice que cuando iban a recogerme, le respondían: ‘Déjame al niño un tiempo más, solo un tiempo más’. Y ese tiempo se convierte en 14 años”. Fernando Tejero revela su infancia https://t.co/gBaTeI6gSB",22,7,3,32256,243,0,0,1,el_pais,El Pais,el_pais,0.0,neutral
1961805635101598176,Sat Aug 30 14:58:06 +0000 2025,"“La violencia por ser trans y por ser migrante es muy notoria”, asegura Matteo Iberico por teléfono desde Sevilla, donde vive. A veces siente que está “viviendo lo que vivía en Perú”, de donde tuvo que salir tras ser amenazado https://t.co/SeN0aKYsaM",17,6,4,17316,250,0,0,1,el_pais,El Pais,el_pais,0.0,neutral
1961800232104067438,Sat Aug 30 14:36:38 +0000 2025,"La actriz Carolina Yuste escribe en la serie 'Amores de verano' sobre unas vacaciones en las que es la hija la que graba cada detalle con su madre, por si, con el tiempo, esas imágenes calman la angustia de la posible ausencia https://t.co/rH1oyVPPUG https://t.co/DUpGpjqws9",35,2,1,26349,274,0,0,2,el_pais,El Pais,el_pais,0.0,neutral
1961795087181975639,Sat Aug 30 14:16:11 +0000 2025,"OPINIÓN | ""Ser egoísta no es un planteamiento binario —ser o no ser—, sino de grado: hasta qué punto quiero serlo y en qué asuntos"". Por Alejandro Cencerrado ⁠ https://t.co/xpndnTd5IK https://t.co/gLu0NbZqhc",40,4,5,26067,207,0,0,2,el_pais,El Pais,el_pais,-0.5267,negative
1961773610307088808,Sat Aug 30 12:50:51 +0000 2025,"Dos años después de la entrada en vigor de la ley de bienestar animal, su impacto sigue siendo limitado en las comunidades de propietarios por la falta de un reglamento. ¿En qué casos puede aplicarse y cómo? https://t.co/juTlHlV7AF",7,5,2,18416,231,0,0,1,el_pais,El Pais,el_pais,0.2732,positive
1961768513736953923,Sat Aug 30 12:30:36 +0000 2025,"""Se me señala como una persona muy crítica con el Gobierno"", considera Alsina, ""pero en cuanto creo que acierta en algo lo digo con claridad. En el asunto de Palestina, el presidente ha mantenido la posición en mi opinión correcta desde el comienzo"" https://t.co/DIcwwqKo3m",204,37,49,35586,273,0,0,1,el_pais,El Pais,el_pais,0.34,positive
1961763169577119753,Sat Aug 30 12:09:22 +0000 2025,"📚🎬🎨 Guía cultural de otoño de 2025: lo mejor para leer, ver, escuchar y disfrutar https://t.co/dnP4E9q4MO https://t.co/0TbtBo79Ga",12,1,0,21758,129,0,0,2,el_pais,El Pais,el_pais,0.0,neutral
1961757859185607154,Sat Aug 30 11:48:15 +0000 2025,"La agresión empezó con una discusión entre unos clientes y el dueño del bar. Uno de ellos sacó un arma y disparó al propietario del local, que se encuentra en estado grave https://t.co/2SmIwo0N1E",4,3,2,20556,195,0,0,1,el_pais,El Pais,el_pais,-0.3818,negative
1961752708362170678,Sat Aug 30 11:27:47 +0000 2025,🔴 Asesinado a tiros en Lviv el expresidente del Parlamento de Ucrania Andrii Parubii https://t.co/PwhQsbsB8f,71,57,2,43186,108,0,0,1,el_pais,El Pais,el_pais,0.0,neutral
1961747841287680415,Sat Aug 30 11:08:27 +0000 2025,"Los Reyes de España han viajado en los últimos días a algunas de las zonas afectadas por los incendios en Galicia, Extremadura y Castilla y León: ""Hay que hacer un balance reflexivo, sereno y humilde por parte de todos de cómo mejorar"" VI https://t.co/ovj84ff4Z0 https://t.co/NMMWoF7NVZ",33,8,36,24421,286,0,0,2,el_pais,El Pais,el_pais,0.0,neutral
1961742172316696845,Sat Aug 30 10:45:55 +0000 2025,"El papel de Amy Madigan como la misteriosa tía Gladys en Weapons la ha catapultado a icono cinematográfico, inspiración para el próximo Halloween y candidata a galardones: “Denle un Oscar. Es la villana más aterradora de los últimos tiempos” https://t.co/3vsMmySNwz",10,3,2,18033,265,0,0,1,el_pais,El Pais,el_pais,-0.128,negative
1961736927272374453,Sat Aug 30 10:25:05 +0000 2025,"La nueva biografía del príncipe Andrés lo retrata como déspota, cruel y consentido y profundiza en su relación con Jeffrey Epstein, que comenzó, según el historiador Andrew Lownie, mucho antes de lo que se pensaba https://t.co/75V8t09FrH",32,15,4,19397,237,0,0,1,el_pais,El Pais,el_pais,-0.5859,negative
1961732047740833876,Sat Aug 30 10:05:42 +0000 2025,El ministro José Manuel Albares presenta este sábado un plan de medidas “inmediatas” a sus homólogos europeos para limitar al máximo el diálogo con Israel y frenar el comercio por la masacre de Gaza https://t.co/ZpDHvVMKbg https://t.co/XvEoEv80Vj,25,9,13,19344,246,0,0,2,el_pais,El Pais,el_pais,0.0,neutral
1961726372155461887,Sat Aug 30 09:43:08 +0000 2025,¿Qué ingredientes tiene que tener un tema para que se vuelva un éxito veraniego? ¿Por qué este año no ha cuajado ninguna canción del verano? Tres expertos musicales nos lo cuentan https://t.co/xSNiYYrUET,14,3,10,23515,203,0,0,1,el_pais,El Pais,el_pais,-0.3391,negative
1961721119984988582,Sat Aug 30 09:22:16 +0000 2025,"Galicia da por controlada la peor ola de incendios de su historia, que deja casi 96.000 hectáreas quemadas; 400 vecinos evacuados; 62 municipios afectados; 144 viviendas arrasadas, y media docena de granjas calcinadas https://t.co/75H8CUFxcS",54,42,12,17790,241,0,0,1,el_pais,El Pais,el_pais,0.0,neutral
1961718275894661224,Sat Aug 30 09:10:58 +0000 2025,🔴 Más de un millón de personas en España toman cada día un tratamiento contra el infarto que no sirve para nada https://t.co/pb5eAEGwZu,154,63,46,289785,135,0,0,1,el_pais,El Pais,el_pais,-0.296,negative
1961715935883952272,Sat Aug 30 09:01:40 +0000 2025,"Un cartel de empresas sanitarias pactó e infló durante más de una década los precios de los pañales para adultos, financiados en parte por la seguridad social. Ahora, Madrid busca ‘detectives’ para lograr una indemnización millonaria por el fraude https://t.co/yoDFwsWXPL",28,21,6,17901,271,0,0,1,el_pais,El Pais,el_pais,0.0,neutral
1961700216924438682,Sat Aug 30 07:59:12 +0000 2025,"Tecnología, mejoras salariales y armas: ¿dónde está invirtiendo España para cumplir con la OTAN? https://t.co/47oMKWTvJR",12,0,16,16826,120,0,0,1,el_pais,El Pais,el_pais,0.0,neutral
1961694991186624860,Sat Aug 30 07:38:27 +0000 2025,"Los gazatíes tienen prohibido el acceso al 86% de la Franja, controlada por los israelíes o declarada zona de combate. Esto hace que más de dos millones de palestino estén concentrados de manera antinatural e insalubre en menos del 14% del territorio https://t.co/9RzjeT7aee",156,165,46,34382,274,0,0,1,el_pais,El Pais,el_pais,0.0,neutral
1961689760625254878,Sat Aug 30 07:17:40 +0000 2025,"Las cámaras captaron cómo Valeria, de 10 años,  desapareció de su colegio el día 12. Tras una intensa búsqueda, su cuerpo ha aparecido en una zona que ya había sido inspeccionada: ""Resulta improbable que el cuerpo hubiese estado allí desde entonces” https://t.co/7hEc3gP2dc",18,4,1,19429,273,0,0,1,el_pais,El Pais,el_pais,0.34,positive
1961684686591131747,Sat Aug 30 06:57:30 +0000 2025,"España reclama a la UE limitar el diálogo político con el Gobierno de Netanyahu a “prioridades del derecho internacional”, como cuestiones humanitarias, hasta que Israel “revierta sus políticas habituales” en la Franja https://t.co/fNRP4D9giI",28,12,1,17473,242,0,0,1,el_pais,El Pais,el_pais,0.0,neutral
1961679286382833976,Sat Aug 30 06:36:02 +0000 2025,Una jueza federal ha ordenado paralizar con efecto inmediato la ampliación del programa de deportaciones rápidas puesta en marcha por Trump en Estados Unidos https://t.co/BthppfNkob,259,152,14,29333,181,0,0,1,el_pais,El Pais,el_pais,0.34,positive
1961673943766405532,Sat Aug 30 06:14:48 +0000 2025,"Un tribunal de apelaciones de Estados Unidos ha declarado ilícitos la mayoría de los aranceles que ha impuesto Trump al resto de países, aunque continuarán en pie hasta mediados de octubre https://t.co/Vcu5QKi4UQ",90,47,6,21357,212,0,0,1,el_pais,El Pais,el_pais,0.5859,positive
1961656706397528203,Sat Aug 30 05:06:19 +0000 2025,"“Ha insultado al 54 por ciento de los vecinos del distrito, que votan a la izquierda”. Almeida mantiene el concierto de Henry Méndez, el cantante que odia “a los rojos”
 https://t.co/CQ1Vzeroql",298,109,242,54113,193,0,0,1,el_pais,El Pais,el_pais,0.0,neutral
1961626137315913799,Sat Aug 30 03:04:51 +0000 2025,"La OTAN, con la que Pedro Sánchez tuvo bastantes tensiones por su negativa a incrementar el gasto militar al 5% del PIB en 2035, reconoció el jueves que España había llegado al 2% que el presidente se había comprometido para final de año
 https://t.co/QpLCh5VbG4",22,11,22,21637,262,0,0,1,el_pais,El Pais,el_pais,0.0,neutral
1961610874822513112,Sat Aug 30 02:04:12 +0000 2025,"El Gobierno ha cancelado un contrato que buscaba potenciar las prestaciones de fibra óptica para diversas instituciones públicas, entre ellas el Ministerio de Defensa, con equipos de Huawei, la empresa china en el punto de mira de EE UU y la UE
 https://t.co/oypfwzYgUr",6,6,3,19237,269,0,0,1,el_pais,El Pais,el_pais,0.34,positive
1961595514194980896,Sat Aug 30 01:03:09 +0000 2025,"""Mi madre, yo creo que para justificarse, me dice que cuando iban a recogerme, le respondían: ‘Déjame al niño un tiempo más, solo un tiempo más’. Y ese tiempo se convierte en 14 años”. Fernando Tejero revela su infancia
 https://t.co/GpEzv9QoDJ",24,4,1,26586,244,0,0,1,el_pais,El Pais,el_pais,0.0,neutral
1961549917073068354,Fri Aug 29 22:01:58 +0000 2025,"“No soy cornudo pero me excita mostrar algunas partes de mi esposa”, “¿qué les parece mi mujer?, quiero verla con otro”. Los grupos en redes donde se difunde contenido de índole sexual de novias, amigas o familiares se han expandido en la última década
 https://t.co/sWdw829y3r",16,4,10,26912,277,0,0,1,el_pais,El Pais,el_pais,0.0,neutral
1961548852533567594,Fri Aug 29 21:57:44 +0000 2025,Un tribunal de apelación del Reino Unido anula la orden de desalojo del hotel con inmigrantes. La sentencia señala que la medida cautelar del juez habría estimulado mas protestas por todo el país https://t.co/s4pd8ZeQ6N,7,2,5,21076,219,0,0,1,el_pais,El Pais,el_pais,0.0,neutral
1961543278228123786,Fri Aug 29 21:35:35 +0000 2025,"El rapero French Montana, exnovio de Khloé Kardashian, se compromete con la princesa de Dubái, Mahra Al Maktoum
 https://t.co/DeK6nNvJqh",23,3,2,47456,136,0,0,1,el_pais,El Pais,el_pais,0.0,neutral
1961537963113746589,Fri Aug 29 21:14:28 +0000 2025,"Cuando Coppola anunció que al fin realizaría 'Megalópolis', su filme soñado durante cuatro décadas, hubo celebraciones y temblores. Un documental muestra el material grabado durante semanas en el caótico y estrafalario rodaje de la película https://t.co/OibcBm9QHU",8,1,0,22439,264,0,0,1,el_pais,El Pais,el_pais,0.0,neutral
1961532836617306198,Fri Aug 29 20:54:06 +0000 2025,"Psy, el cantante del ‘Gangnam Style’, investigado por obtener medicamentos ilegalmente en Corea del Sur. El artista coreano está acusado de violar la Ley de Servicios Médicos de su país https://t.co/3Zkn31N6Tc",9,2,2,22831,209,0,0,1,el_pais,El Pais,el_pais,0.0,neutral
1973154702083637487,Tue Sep 30 22:35:15 +0000 2025,🔴👟 Nike ya no es el más rápido en la pista. La mayor empresa de tenis del mundo dio un giro a su estrategia de negocios y colocó a Elliot Hill como consejero delegado con el mandato de reflotar el grupo sumido en una crisis de negocio https://t.co/clmLmhgydy,6,0,1,15041,258,0,0,1,el_pais,El Pais,el_pais,-0.743,negative
1973152909949886776,Tue Sep 30 22:28:07 +0000 2025,"🔴 A 20 días de la explosión de una pipa que ha dejado 31 víctimas mortales en Iztapalapa, el Gobierno capitalino presenta nuevas medidas para regular la circulación de materiales tóxicos

🖋️ @veramgarrido
 https://t.co/Y9XeX60rOt",10,1,0,14500,229,0,1,1,el_pais,El Pais,el_pais,0.34,positive
1973152208158880141,Tue Sep 30 22:25:20 +0000 2025,"🇻🇪🇺🇸 Varios representantes legales de los venezolanos detenidos han denunciado que los arrestos son “ilegales” porque, argumentan, un extranjero con TPS no puede ser detenido basado en su estatus migratorio

🖋️ @joseluisavila_
 https://t.co/68VYKYQ1rD",7,3,1,14931,251,0,1,1,el_pais,El Pais,el_pais,-0.296,negative
1973146046390804578,Tue Sep 30 22:00:51 +0000 2025,"Morir en un partido de Tercera Federación: en el campo en que se golpeó Raúl Ramírez no había médico ni ambulancia, sí un desfibrilador. Aunque la norma no obliga, la falta de personal sanitario es una exigencia de la AFE https://t.co/szJc5EZsoa",14,4,3,16909,245,0,0,1,el_pais,El Pais,el_pais,-0.5267,negative
1973099315380777341,Tue Sep 30 18:55:09 +0000 2025,🔴 ÚLTIMA HORA | La asistente de Begoña Gómez recurre la decisión del juez Peinado sobre celebrar el juicio con jurado popular  https://t.co/84qLhTfQV5,15,3,6,15873,150,0,0,1,el_pais,El Pais,el_pais,0.4215,positive
1973098199989555620,Tue Sep 30 18:50:43 +0000 2025,La flotilla con ayuda para Gaza se prepara para una posible intervención del ejército de Israel en aguas internacionales https://t.co/uHYtKWP7YS https://t.co/Iz3BtgZOQQ,228,105,155,37979,168,0,0,2,el_pais,El Pais,el_pais,0.0,neutral
1973093781181259944,Tue Sep 30 18:33:10 +0000 2025,"El Anteproyecto de Ley Orgánica sobre violencia vicaria incluye además una pena nueva, la “prohibición de publicar o difundir” contenidos ”que tengan relación directa con el delito cometido”, como ocurrió con el libro ‘El odio’, sobre José Bretón https://t.co/EVYZRpTAho https://t.co/X2pUJAl60r",11,2,3,20103,294,0,0,2,el_pais,El Pais,el_pais,0.0,neutral
1973089812186841254,Tue Sep 30 18:17:24 +0000 2025,"Feijóo anuncia que el PP llevará al Constitucional el bloqueo por parte del Congreso de las leyes aprobadas en el Senado: “Se bloquean porque se sabe que saldrían adelante"" https://t.co/qPCoDCcmmD",5,0,2,15204,196,0,0,1,el_pais,El Pais,el_pais,0.0,neutral
1973085782551269489,Tue Sep 30 18:01:23 +0000 2025,"OpenAI prepara el lanzamiento de una aplicación al estilo de TikTok, pero con una diferencia fundamental: todo el contenido será generado por inteligencia artificial- No habrá vídeos reales, solo clips sintéticos https://t.co/EiBVJqxyrP",9,2,1,14480,236,0,0,1,el_pais,El Pais,el_pais,-0.296,negative
1973054553340674340,Tue Sep 30 15:57:17 +0000 2025,🔴 Trump advierte a los altos mandos militares sobre “una invasión interior” en Estados Unidos https://t.co/MStsu7xG3j,22,6,20,28297,117,0,0,1,el_pais,El Pais,el_pais,0.0,neutral
1973054019888197833,Tue Sep 30 15:55:10 +0000 2025,🔴 ÚLTIMA HORA | El consejo del Sabadell rechaza de nuevo la opa del BBVA y eleva el dividendo https://t.co/RC6M2Td263,13,6,3,12994,117,0,0,1,el_pais,El Pais,el_pais,0.0,neutral
1973050418742583320,Tue Sep 30 15:40:51 +0000 2025,"De origen militar y reconocible por el verde caqui y sus múltiples bolsillos, pasó del uniforme activista a estar de absoluta tendencia en los 2000. Este 2025, la chaqueta verde militar vuelve a postularse como la perfecta prenda de entretiempo  https://t.co/yGkSbiOPpv",8,2,1,13586,269,0,0,1,el_pais,El Pais,el_pais,0.34,positive
1973047651554767062,Tue Sep 30 15:29:52 +0000 2025,🔴 ÚLTIMA HORA | El PP de Almeida aprueba una propuesta de Vox que obliga a informar a las mujeres que quieran abortar sobre las supuestas consecuencias como “depresión y alcoholismo” https://t.co/CbEVW9sGFy,454,315,297,462439,206,0,0,1,el_pais,El Pais,el_pais,0.0,neutral
1973046313076867074,Tue Sep 30 15:24:33 +0000 2025,"Para celebrar su 50 aniversario, Zara ha pedido a cineastas, cantantes, modelos, diseñadores y arquitectos que imagen un objeto. Rosalía, Almodóvar y Kate Moss están entre ellos https://t.co/9UKJcYJ5sT",7,2,1,13236,201,0,0,1,el_pais,El Pais,el_pais,0.34,positive
1973042371567718468,Tue Sep 30 15:08:53 +0000 2025,"Si Donald Trump no cambia de opinión a última hora, el 1 de octubre entrarán en vigor los nuevos aranceles del 100% sobre los productos farmacéuticos de empresas que no cuenten con fábricas en Estados Unidos https://t.co/yvFut6fygI",19,10,1,17838,231,0,0,1,el_pais,El Pais,el_pais,-0.3182,negative
1973008353254363229,Tue Sep 30 12:53:42 +0000 2025,"🔴 ACTUALIZACIÓN | Hamás “se inclina por aceptar” el plan de Trump para Gaza, según una fuente cercana a la negociación https://t.co/ZV08NB1TTQ",9,1,9,15450,142,0,0,1,el_pais,El Pais,el_pais,0.0,neutral
1973007338240889088,Tue Sep 30 12:49:40 +0000 2025,“Emma Watson ignora lo ignorante que es”. J.K. Rowling rompe todos los puentes con los actores de ‘Harry Potter’ https://t.co/Cb1nGuzLQp,92,10,22,58610,136,0,0,1,el_pais,El Pais,el_pais,0.0,neutral
1973003483289641024,Tue Sep 30 12:34:21 +0000 2025,"Muchos centros ofertan estudios con aval universitario, pero en realidad son títulos propios sin validez oficial para, por ejemplo, opositar o doctorar. Así puedes reclamar si el curso no cumple lo prometido https://t.co/HGDIC33IFg",11,6,2,16968,231,0,0,1,el_pais,El Pais,el_pais,-0.7003,negative
1972999583635521554,Tue Sep 30 12:18:51 +0000 2025,"Madrid ‘vende’ entradas VIP y el nombre de los escenarios del Festival de la Hispanidad de Ayuso a cambio de que Repsol produzca los conciertos. La compañía dará la energía y estructura para los conciertos, y sus invitados podrán conocer a los artistas https://t.co/NCR3lAcAtq",7,1,2,16978,276,0,0,1,el_pais,El Pais,el_pais,0.8038,positive
1972995758803628429,Tue Sep 30 12:03:40 +0000 2025,"🔴La Fiscalía apunta a Bartomeu por tres operaciones: el fichaje de Malcom, la minuta a un abogado y pagos indebidos por el ‘Espai Barça’ https://t.co/6Ou6zmTTUG",10,6,0,15503,160,0,0,1,el_pais,El Pais,el_pais,0.0,neutral
1972979593003843726,Tue Sep 30 10:59:25 +0000 2025,🔴 ÚLTIMA HORA | Alcaraz vence con autoridad a Fritz en la final de Tokio y logra su octavo título de la temporada https://t.co/uvNl1ABL7Z,35,6,1,15627,137,0,0,1,el_pais,El Pais,el_pais,0.0,neutral
1972979317375201309,Tue Sep 30 10:58:20 +0000 2025,"📺 Redondo anuncia la inclusión de una pena accesoria que ""implica la prohibición de publicar informaciones directa o indirectamente por el victimario para seguir causando dolor a la integridad moral de la víctima. Esto lo hemos visto recientemente con el caso Bretón"" https://t.co/YHUGlhyoWc",21,7,4,14053,291,0,0,1,el_pais,El Pais,el_pais,0.0,neutral
1972978087689392632,Tue Sep 30 10:53:26 +0000 2025,"📺 Ana Redondo explica quiénes son ""las personas interpuestas"" sobre las que las parejas o exparejas ejercen violencia mediada: ""menores, descendientes, mayores con discapacidad sometidos a custodia, ascendientes, hermanos o pareja actual de la víctima"" https://t.co/weszWUKt34 https://t.co/UGkfZKPPa7",20,9,10,14255,300,0,0,2,el_pais,El Pais,el_pais,0.0,neutral
1972975990054735985,Tue Sep 30 10:45:06 +0000 2025,📺 TV en DIRECTO | La ministra de Igualdad explica los objetivos del anteproyecto de ley contra la violencia vicaria: definirla y tipificarla; proteger a las víctimas y concienciar a la sociedad https://t.co/weszWUJVdw https://t.co/OaO2E3kHba,7,1,9,14665,241,0,0,2,el_pais,El Pais,el_pais,0.0,neutral
1972975440710009342,Tue Sep 30 10:42:55 +0000 2025,🔴 El euríbor repunta por segundo mes consecutivo y amenaza el abaratamiento de las hipotecas https://t.co/q5WKkw8Ely,4,3,0,11256,116,0,0,1,el_pais,El Pais,el_pais,0.0,neutral
1972974175628451845,Tue Sep 30 10:37:54 +0000 2025,"📺 TV en DIRECTO | La ministra portavoz, Pilar Alegría; el ministro de Política Territorial y Memoria Democrática, Ángel Víctor Torres; y la ministra de Igualdad, Ana Redondo comparecen para explicar los acuerdos adoptados https://t.co/weszWUKt34  https://t.co/azG36XcPJI",6,0,0,11748,270,0,0,2,el_pais,El Pais,el_pais,0.0,neutral
1972972065142821052,Tue Sep 30 10:29:31 +0000 2025,🔴 ÚLTIMA HORA |  La Aemet eleva a rojo el aviso en Ibiza y Formentera y los residentes reciben un mensaje ES Alert. Siga la última hora https://t.co/haVL0FVYKz,15,5,1,20088,159,0,0,1,el_pais,El Pais,el_pais,0.296,positive
1972971569098924307,Tue Sep 30 10:27:32 +0000 2025,"La flotilla con ayuda para Gaza se prepara para una intervención del ejército de Israel en aguas internacionales. A bordo se encuentra el periodista de EL PAÍS Carlos Barrón, que cuenta que los activistas temen que estas sean las últimas horas de travesía https://t.co/lnATLWiEmQ",54,27,43,16152,279,0,0,1,el_pais,El Pais,el_pais,0.0,neutral
1972967509654482967,Tue Sep 30 10:11:24 +0000 2025,"Lejos del tópico de que los amores maduros son descafeinados, sin atracción ni enamoramiento, es una etapa en la que se siente menos presió estética, se muestra más vulnerabilidad y se tiene más experiencia, lo que facilita que las relaciones funcionen https://t.co/3bcDpuxi7o",16,1,1,12815,276,0,0,1,el_pais,El Pais,el_pais,-0.5574,negative
1972947805082677681,Tue Sep 30 08:53:06 +0000 2025,"YouTube ha acordado pagar 24,5 millones de dólares, el equivalente a casi 21 millones de euros, para resolver una demanda que Donald Trump presentó en 2021 por la suspensión de su cuenta tras el asalto al capitolio de Estados Unidos https://t.co/TO1QIuyVh8",5,3,3,12696,256,0,0,1,el_pais,El Pais,el_pais,0.4767,positive
1972943762742530473,Tue Sep 30 08:37:03 +0000 2025,Seguridad Social propone rebajar la cuantía que permite aplazar el pago de deudas. Ahora se deniegan los aplazamientos de cantidades pendientes inferiores a 2.368 euros. La propuesta se enmarca en las mejoras de la regularización de autónomos https://t.co/adDCZRU3Kg,3,0,1,11682,266,0,0,1,el_pais,El Pais,el_pais,0.0,neutral
1972939658167279642,Tue Sep 30 08:20:44 +0000 2025,España invertirá 325 millones de euros en el lanzamiento de tres satélites destinados a prevenir o controlar catástrofes naturales como la dana de Valencia o los incendios forestales que han asolado diversas zonas de la geografía española este verano https://t.co/P1eLLez7vF,42,15,21,13797,274,0,0,1,el_pais,El Pais,el_pais,0.0,neutral
1972935578501992753,Tue Sep 30 08:04:31 +0000 2025,"“Me indigna cómo se manipulan burdamente mis palabras, cómo se banaliza el uso de la violencia y a ETA”, ha respondido el lehenedakari, Imanol Pradales, a Díaz Ayuso, quien un día antes tergiversó sus palabras y acusó a Pradales de amenazarla https://t.co/x538vX5tbs",30,19,14,13369,266,0,0,1,el_pais,El Pais,el_pais,0.34,positive
1972933487578452150,Tue Sep 30 07:56:13 +0000 2025,"🔴 DIRECTO | La Aemet rebaja a amarillo los avisos por lluvias en Alicante, Valencia y Baleares https://t.co/irY7SDCWvb",33,10,5,26062,118,0,0,1,el_pais,El Pais,el_pais,0.0,neutral
1972931500766028238,Tue Sep 30 07:48:19 +0000 2025,"La batalla contra el VIH está en un punto de inflexión: la ciencia ha puesto herramientas capaces de avanzar contra la epidemia, pero las decisiones políticas, que han dejado sin fondos programas de lucha contra el virus amenazan con desandar lo logrado https://t.co/wmUVJl3qQL",15,20,4,13903,277,0,0,1,el_pais,El Pais,el_pais,-0.296,negative
1972928107117236374,Tue Sep 30 07:34:50 +0000 2025,🔊PODCAST | La flotilla hacia Gaza: a pocas millas del riesgo. Más de 40 barcos con ayuda humanitaria avanzan en una zona de alto riesgo de amenazas e interceptaciones https://t.co/nb67cruqSt,18,10,9,13015,190,0,0,1,el_pais,El Pais,el_pais,0.0,neutral
1972927430433149410,Tue Sep 30 07:32:09 +0000 2025,"Si republicanos y demócratas no sellan un pacto, el grifo del dinero público se cerrará a las 0:01 de este miércoles, 1 de octubre, fecha del inicio del nuevo año fiscal. Desde 1980, ha habido 14 cierres del Gobierno. El más reciente llegó en 2018 https://t.co/OJNyyqkNoM",9,4,3,13102,271,0,0,1,el_pais,El Pais,el_pais,0.0516,positive
1972923449828929864,Tue Sep 30 07:16:20 +0000 2025,🔴 Netanyahu se opone a la posibilidad de crear un Estado palestino tras reunirse con Trump y Hamás asegura que el plan de EE UU “legitima la ocupación” https://t.co/l1FKhFXtAr,155,107,75,77335,175,0,0,1,el_pais,El Pais,el_pais,0.0,neutral
1972922808700145994,Tue Sep 30 07:13:47 +0000 2025,"¿Quién los gestiona? ¿Cuánto duró ese ‘apagón’ en los datos? Esto es todo lo que se sabe, y lo que no, sobre la polémica generada alrededor de las pulseras antimaltratadores y con las que nunca una mujer ha sido asesinada mientras lo llevaba https://t.co/Xn7xu0AG6n",4,1,5,12361,265,0,0,1,el_pais,El Pais,el_pais,0.4137,positive
1972902607896129724,Tue Sep 30 05:53:31 +0000 2025,"11 meses después, el Consell presidido por Mazón ha actuado de manera diferente, con mayor celeridad y previsión. Pero no ha podido evitar la polémica por su ausencia en las reuniones que abordaban la borrasca el pasado domingo, cuando arrancó el temporal https://t.co/4WRMtGXZld",8,5,6,16177,279,0,0,1,el_pais,El Pais,el_pais,0.0936,positive
1972898513148108841,Tue Sep 30 05:37:14 +0000 2025,"Los sectores más moderados del partido recelan del endurecimiento del discurso del PP porque creen que da foco precisamente a Vox, que ganará la partida porque siempre podrá ir más lejos que el PP https://t.co/6sNzxaDPN8",8,3,2,16772,220,0,0,1,el_pais,El Pais,el_pais,0.0,neutral
1972894617843486917,Tue Sep 30 05:21:46 +0000 2025,"🔴 DIRECTO | Las lluvias se desplazan al este y ponen en aviso naranja Mallorca, Ibiza y Formentera
 https://t.co/irY7SDCWvb",4,1,0,22046,123,0,0,1,el_pais,El Pais,el_pais,0.0,neutral
1972890767052980483,Tue Sep 30 05:06:28 +0000 2025,"La violencia vicaria machista será tipificada como delito específico.El Anteproyecto de Ley incluye una pena nueva, la “prohibición de publicar o difundir” contenidos ”que tengan relación directa con el delito cometido”, como pasó con el libro sobre Bretón https://t.co/9hswjAtFFn",35,14,9,22988,280,0,0,1,el_pais,El Pais,el_pais,0.0,neutral
1972876093779591244,Tue Sep 30 04:08:09 +0000 2025,"Los hogares ricos multiplican la compra de vivienda como inversión por la alta rentabilidad del alquiler. La adquisición inmobiliaria ya es casi un tercio del patrimonio de los más pudientes de España, pero es inexistente o testimonial en los más pobres
 https://t.co/vVpfOVOjWW",35,10,12,24344,278,0,0,1,el_pais,El Pais,el_pais,0.0,neutral
1972860785442353337,Tue Sep 30 03:07:19 +0000 2025,"Sorpresa para la Super Bowl. Bad Bunny será el encargado de poner música (y de hacerlo en español) en el intermedio del gran evento deportivo estadounidense, la final de la liga de fútbol americano profesional de Estados Unidos https://t.co/X6lw1oRz7m",17,1,10,21366,251,0,0,1,el_pais,El Pais,el_pais,0.1027,positive
1972845373375791380,Tue Sep 30 02:06:05 +0000 2025,La presidenta madrileña cuestiona la condena que hizo el Rey en la ONU sobre la “masacre” israelí en el territorio palestino https://t.co/KdPtOjKUNJ,11,4,6,23340,148,0,0,1,el_pais,El Pais,el_pais,0.0,neutral
1972829989985833283,Tue Sep 30 01:04:57 +0000 2025,"Deportados por Trump, desaparecidos en las cárceles de Bukele. Los familiares de tres salvadoreños expulsados de EE UU en los mismos vuelos que cientos de venezolanos acusados sin pruebas de ser pandilleros llevan seis meses sin información sobre ellos https://t.co/gsFM6QGqfs",16,14,1,18246,276,0,0,1,el_pais,El Pais,el_pais,-0.802,negative
1972814589764022739,Tue Sep 30 00:03:45 +0000 2025,"España estará el año que viene junto a EE UU en la celebración de los fastos con motivo de su Independencia. Y lo hará desplegando en aguas del país norteamericano, y de manera conjunta por vez primera, el grueso de su fuerza naval https://t.co/OgQwDjd51E",10,4,3,17075,255,0,0,1,el_pais,El Pais,el_pais,0.0,neutral
1972799248019095654,Mon Sep 29 23:02:48 +0000 2025,Un informe de la UCO detalla las gestiones de la asesora de Begoña Gómez en una quincena de patrocinios de su cátedra. Peinado dio dos días a la Guardia Civil para analizar más de un centenar de correos para apuntalar la acusación de malversación https://t.co/d1mVZiZBNL,21,4,9,18123,270,0,0,1,el_pais,El Pais,el_pais,0.0,neutral
1972783858350235684,Mon Sep 29 22:01:39 +0000 2025,"Más del 99% de las personas que sufrieron un ataque cardíaco, un derrame cerebral o una insuficiencia cardíaca ya tenían al menos un factor de riesgo por encima del nivel óptimo de antemano https://t.co/6W5k2egS4p",17,1,1,19506,213,0,0,1,el_pais,El Pais,el_pais,0.0,neutral
1972783450252857506,Mon Sep 29 22:00:01 +0000 2025,Pablo Iglesias volverá este curso a la Universidad Complutense como profesor sustituto https://t.co/W87UqazyOp,15,0,8,18345,110,0,0,1,el_pais,El Pais,el_pais,0.0,neutral
1972767555572945282,Mon Sep 29 20:56:52 +0000 2025,El gigante estadounidense EA ha confirmado su venta a un grupo de inversores por un importe de 46.840 millones de euros. La operación se pagará totalmente en efectivo. Se trataría de la mayor adquisición en metálico de la historia https://t.co/dNPeUzZQ6R,10,5,3,21847,254,0,0,1,el_pais,El Pais,el_pais,0.34,positive
1972763560775172192,Mon Sep 29 20:40:59 +0000 2025,"Opinión | ""Lo positivo es que el euro digital no solo busca competir con soluciones privadas, sino construir algo que las complemente y las supere en lo esencial: ser un medio público, universal y paneuropeo"", por Alex Saiz Verdaguer https://t.co/223YVnxjmi",7,6,6,22616,257,0,0,1,el_pais,El Pais,el_pais,-0.296,negative
1972759667529879772,Mon Sep 29 20:25:31 +0000 2025,"Morir en un partido de Tercera Federación: en el campo en que se golpeó Raúl Ramírez no había médico ni ambulancia, sí un desfibrilador. Aunque la norma no obliga, la falta de personal sanitario es una exigencia de la AFE https://t.co/szJc5EZsoa",22,8,2,22926,245,0,0,1,el_pais,El Pais,el_pais,-0.5267,negative
1972755767951311046,Mon Sep 29 20:10:01 +0000 2025,La Tierra pierde su equilibrio: el norte del planeta se está oscureciendo https://t.co/zwy5789J0N,38,24,25,47774,97,0,0,1,el_pais,El Pais,el_pais,0.0,neutral
1972751785233129752,Mon Sep 29 19:54:12 +0000 2025,"Alcaraz suma y sigue en ese punto tan dulce, y continúa superándose a sí mismo y desafiándose para descubrir unos límites hasta ahora negados por una mera cuestión de proceso: poco a poco va abrazando la madurez https://t.co/BN4abnjZk7",5,0,0,20631,235,0,0,1,el_pais,El Pais,el_pais,0.0,neutral
1972750416309051528,Mon Sep 29 19:48:45 +0000 2025,🔴 DIRECTO | La propuesta de paz presentada por Trump como “histórica” en su rueda de prensa no ofrece garantías de la principal demanda a la que Hamás condiciona la entrega de los rehenes: la retirada completa del ejército israelí de Gaza https://t.co/FQUrXeJ9eO https://t.co/DQgnh7I6wD,19,15,13,26925,286,0,0,2,el_pais,El Pais,el_pais,-0.296,negative
1972750003052683656,Mon Sep 29 19:47:07 +0000 2025,🔴 DIRECTO | Hamás asegura no haber recibido aún el plan de Trump para la paza en Gaza y rechaza algunos de sus puntos https://t.co/Gc4ajcMV0e https://t.co/ANJ5stAX0p,56,28,31,31639,165,0,0,2,el_pais,El Pais,el_pais,-0.296,negative
1972747918684610807,Mon Sep 29 19:38:50 +0000 2025,"Una mujer tuvo que ser atendida tras haber sufrido la picadura de un escorpión. Se sospecha que “el animal venenoso podría haberse introducido previamente en el equipaje de la propia clienta”, ya que estas especies no aparecen en hábitat urbanos
 https://t.co/w30MWqLaDJ",9,6,1,21330,270,0,0,1,el_pais,El Pais,el_pais,-0.296,negative
1972746846192971941,Mon Sep 29 19:34:34 +0000 2025,"🔴 El plan de Trump prevé que Gaza sea una zona libre de terrorismo desradicalizada y sostiene que será reconstruida en beneficio del pueblo gazatí.

Los 20 puntos de la propuesta de la Casa Blanca 👇https://t.co/hdiJ5X4E87",43,18,45,119594,221,0,0,1,el_pais,El Pais,el_pais,0.0,neutral
