tweet_id,date,text,likes,retweets,replies,views,length,hashtags,mentions,links,author,outlet,handle,sentiment,sentiment_label
1885475603811336392,Fri Jan 31 23:49:49 +0000 2025,Trump recrudece su política migratoria y detiene a más de 5.500 personas en EEUU https://t.co/BRmfUNnBvR,16,15,3,5250,104,0,0,1,publico_es,Publico,publico_es,0.0,neutral
1885471696812945893,Fri Jan 31 23:34:17 +0000 2025,Tres activistas de Futuro Vegetal declararán en la Ciutat de la Justícia de Barcelona por cometer un delito contra el patrimonio histórico en marzo de 2024 https://t.co/wIJRtvf6f1,7,4,0,4708,179,0,0,1,publico_es,Publico,publico_es,0.0,neutral
1885467618716377315,Fri Jan 31 23:18:05 +0000 2025,La Administración Federal de Aviación estadounidense impone nuevas restricciones a los vuelos de helicópteros en zonas de Washington próximas al aeropuerto Ronald Reagan https://t.co/OYcgkmKfoW,3,0,0,5093,193,0,0,1,publico_es,Publico,publico_es,0.0,neutral
1885464934768664655,Fri Jan 31 23:07:25 +0000 2025,"Un juez estadounidense paraliza temporalmente el traslado de una mujer transgénero a una cárcel de hombres, desafiando al Gobierno de Trump https://t.co/LOG7mdMlY0",25,13,0,5459,163,0,0,1,publico_es,Publico,publico_es,0.0,neutral
1885463320276218299,Fri Jan 31 23:01:00 +0000 2025,"No dejes que tu mente te juegue malas pasadas. Aprende a gestionar el sesgo de negatividad y mejora tu bienestar emocional

https://t.co/DJk7TYiNyh",15,4,2,5450,147,0,0,1,publico_es,Publico,publico_es,-0.296,negative
1885462104460722502,Fri Jan 31 22:56:10 +0000 2025,"Ucrania culmina en febrero su tercer año de guerra sin certeza alguna: Rusia se impone en el frente, Europa refuerza su apoyo a Kiev y Trump no revela su plan para la crisis

Por Juan Antonio Sanz https://t.co/Z5gzRy0vvu",5,3,1,4706,220,0,0,1,publico_es,Publico,publico_es,-0.872,negative
1885455815529693419,Fri Jan 31 22:31:11 +0000 2025,Italia prohíbe la aplicación de Inteligencia Artificial china Deepseek https://t.co/rqs3qGqciV,7,11,7,7178,94,0,0,1,publico_es,Publico,publico_es,0.0,neutral
1885452504634147299,Fri Jan 31 22:18:01 +0000 2025,El festival de cine Sundance otorga a 'Atropia' y 'Sabar Bonda (Cactus Pears)' el premio del jurado https://t.co/gHXoU5jOBy,2,1,0,5423,123,0,0,1,publico_es,Publico,publico_es,0.4939,positive
1885448166855581792,Fri Jan 31 22:00:47 +0000 2025,El PP rechaza una moción de Compromís para reprobar al concejal de Familia de Vox de Castelló que comparó el aborto con el Holocausto https://t.co/vfaHzsWbUz,18,9,4,5683,157,0,0,1,publico_es,Publico,publico_es,0.0,neutral
1885440586842243103,Fri Jan 31 21:30:40 +0000 2025,La Audiencia Nacional procesa a cinco antiguos líderes de ETA por el asesinato de Gregorio Ordóñez https://t.co/c8EMjguCA2,8,2,1,5448,122,0,0,1,publico_es,Publico,publico_es,0.0,neutral
1885436895775383782,Fri Jan 31 21:16:00 +0000 2025,"La respuesta a Trump debería ser global, pero no lo será. Por Juan A. Sacaluga

Vía @nuevatribuna 

https://t.co/1Q5bdljbus",9,5,0,5111,123,0,1,1,publico_es,Publico,publico_es,-0.296,negative
1885436107761786903,Fri Jan 31 21:12:52 +0000 2025,"El presidente del Gobierno y secretario general del PSOE arropa este fin de semana a Diana Morant y Óscar López en sus respectivos Congresos regionales

Por Miguel Muñoz https://t.co/yX6swNZorv",11,3,2,5159,193,0,0,1,publico_es,Publico,publico_es,0.0,neutral
1885433188538802559,Fri Jan 31 21:01:16 +0000 2025,Un tercio de la cúpula fiscal pide la dimisión de García Ortiz tras no contestar al juez del Supremo que lo investiga https://t.co/FgSrkFd2xC,71,27,100,11126,141,0,0,1,publico_es,Publico,publico_es,0.1779,positive
1885430734438990157,Fri Jan 31 20:51:31 +0000 2025,❗ Indra se hace con el control de Hispasat https://t.co/yAKQXmuDni,1,0,1,4814,66,0,0,1,publico_es,Publico,publico_es,0.0,neutral
1885425679891583081,Fri Jan 31 20:31:26 +0000 2025,El banco central de la Eurozona pone en marcha la primera renovación de los billetes de euro desde su lanzamiento hace 23 años. https://t.co/uf0jmxif2d,3,1,0,4518,151,0,0,1,publico_es,Publico,publico_es,0.0,neutral
1885421544802795754,Fri Jan 31 20:15:00 +0000 2025,"OPINIÓN | ""Mertz ha sido el primer líder alemán desde la Segunda Guerra Mundial en apoyarse en la extrema derecha para sacar adelante una votación en el Bundestag""

✍️ Por Ruth Ferrero-Turrión
https://t.co/GAZifCk0Z3",8,5,0,4040,216,0,0,1,publico_es,Publico,publico_es,0.34,positive
1885418116760437027,Fri Jan 31 20:01:23 +0000 2025,"Illa anuncia la movilización de recursos públicos más importante desde el 2010 

✍️ Por @judit_cas

https://t.co/hRDrCJMNf6",10,4,1,4031,123,0,1,1,publico_es,Publico,publico_es,0.0,neutral
1885413995059757524,Fri Jan 31 19:45:00 +0000 2025,"Israel: de la política de guetos a la solución final

Vía @ctxt_es 

https://t.co/dvSyeo5DLl",6,2,1,3850,92,0,1,1,publico_es,Publico,publico_es,0.0,neutral
1885410439879647289,Fri Jan 31 19:30:52 +0000 2025,"El presidente de la RFEF, Rafael Louzán, convoca una asamblea general extraordinaria antes de que el Supremo resuelva su inhabilitación https://t.co/2Prp41eD8c",3,3,2,4372,159,0,0,1,publico_es,Publico,publico_es,0.4404,positive
1885408091564302625,Fri Jan 31 19:21:32 +0000 2025,🔴 ÚLTIMA HORA | La Justicia italiana frena de nuevo a Meloni y rechaza la detención de 43 migrantes en Albania https://t.co/1PM5VMiBLG,363,162,2,9709,134,0,0,1,publico_es,Publico,publico_es,0.0,neutral
1885406746782355732,Fri Jan 31 19:16:12 +0000 2025,FACUA pide a la Unión Europea que no tumbe la multa de Consumo a cinco aerolíneas https://t.co/UNtsir4aLv,21,3,1,4274,105,0,0,1,publico_es,Publico,publico_es,-0.296,negative
1885402841897963883,Fri Jan 31 19:00:41 +0000 2025,"Sindicatos convocan dos manifestaciones para protestar contra el nuevo estatuto laboral sanitario: ""Es un momento crucial para decidir el futuro de la profesión"" https://t.co/dVSOpUXFNI",8,1,0,3537,185,0,0,1,publico_es,Publico,publico_es,0.0,neutral
1885400908466708781,Fri Jan 31 18:53:00 +0000 2025,"🔴 DIRECTO | El PP votará sí al nuevo decreto del Gobierno. Conoce las claves del acuerdo con Junts anunciado por Sánchez para salvar las medidas sociales.

👇 Sigue a partir de las 20:00h una nueva entrega de Informe Público:

https://t.co/lwVwI5c0yI https://t.co/Ytqx4Lf4ZL",8,3,2,3861,273,0,0,2,publico_es,Publico,publico_es,0.0,neutral
1885398895582466059,Fri Jan 31 18:45:00 +0000 2025,"Terrorismo incel: una historia de blanqueamiento

Vía @ctxt_es 

https://t.co/i3M3B4gCCt",9,4,6,8369,88,0,1,1,publico_es,Publico,publico_es,0.0,neutral
1885395285897015340,Fri Jan 31 18:30:39 +0000 2025,"La UNRWA continúa su labor pese a la prohibición de Israel: ""Tenemos el compromiso de quedarnos y ofrecer alivio en Gaza, Cisjordania y Jerusalén Este"" https://t.co/neWo7Pk7By",15,6,2,3820,175,0,0,1,publico_es,Publico,publico_es,0.0,neutral
1885391346065956950,Fri Jan 31 18:15:00 +0000 2025,"OPINIÓN | “Habrá que analizar las capacidades de resistencia cívica y democratizadora frente a la involución regresiva y autoritaria”

✍️Por Antonio Antón
https://t.co/MQFi8cyGgy",5,3,0,3742,178,0,0,1,publico_es,Publico,publico_es,0.0,neutral
1885387741149507844,Fri Jan 31 18:00:40 +0000 2025,Rubiales será juzgado a partir del lunes por el beso no consentido que le dio en la boca a Jennifer Hermoso https://t.co/g3MnlCs311,63,30,37,7661,131,0,0,1,publico_es,Publico,publico_es,-0.296,negative
1885383796414951621,Fri Jan 31 17:45:00 +0000 2025,"La portavoz del Sindicato de Inquilinas, Carme Arcarazo, sobre el nuevo intento de desahucio de Josep en Casa Orsola: ""El próximo martes lo volveremos a paralizar""

https://t.co/rlIiMzz77L https://t.co/UjFeJKPRzd",67,27,18,6038,212,0,0,2,publico_es,Publico,publico_es,0.0,neutral
1885380268564881789,Fri Jan 31 17:30:59 +0000 2025,Cinco años de la llegada de la pandemia de la covid a España: del primer caso a la vacuna https://t.co/6CISVeSt9H,4,2,0,3918,113,0,0,1,publico_es,Publico,publico_es,0.0,neutral
1885376246143717826,Fri Jan 31 17:15:00 +0000 2025,"OPINIÓN | “Las restricciones han acelerado la autosuficiencia china en semiconductores, inteligencia artificial y telecomunicaciones”

✍️ Por Pedro Barragán
https://t.co/h10dCKXzWn",8,1,0,3616,180,0,0,1,publico_es,Publico,publico_es,0.0,neutral
1885372730951757986,Fri Jan 31 17:01:02 +0000 2025,"ENTREVISTA | Unai Sordo, Secretario general de CCOO: ""Será necesario vigilar el trámite parlamentario para reducir la jornada tras lo que hemos visto""

✍️Por Alexis Romero https://t.co/LigoaF9DRN",2,0,2,3487,195,0,0,1,publico_es,Publico,publico_es,0.0,neutral
1885369879940719065,Fri Jan 31 16:49:42 +0000 2025,🔴 ÚLTIMA HORA | El Parlamento alemán rechaza el proyecto de ley para restringir la migración apoyado por los ultras https://t.co/pYvp09YLZz,102,49,9,4602,139,0,0,1,publico_es,Publico,publico_es,0.0,neutral
1885366408290181271,Fri Jan 31 16:35:54 +0000 2025,❗ Las investigaciones por la gestión de la DANA en València se centralizarán en el juzgado de Catarroja https://t.co/R2eO3iWHIq,18,8,0,4011,127,0,0,1,publico_es,Publico,publico_es,0.0,neutral
1885365226167504999,Fri Jan 31 16:31:12 +0000 2025,"El euríbor sube en enero al 2,525 % y pone fin a una racha de nueve descensos consecutivos https://t.co/l7s25keQ8t",2,0,0,3284,114,0,0,1,publico_es,Publico,publico_es,0.0,neutral
1885357718275321892,Fri Jan 31 16:01:22 +0000 2025,"El Tribunal Superior de Justicia de Catalunya rechaza la querella de Puigdemont contra el juez Aguirre, instructor del caso de la trama rusa del 'procés' https://t.co/agmktvBQat",8,6,1,3730,177,0,0,1,publico_es,Publico,publico_es,0.5423,positive
1885350170226810893,Fri Jan 31 15:31:23 +0000 2025,"Israel y Hamás confirman el próximo canje de prisioneros de este sábado

https://t.co/OWNs0Wurtk",5,0,1,3644,96,0,0,1,publico_es,Publico,publico_es,0.0,neutral
1885346047981125684,Fri Jan 31 15:15:00 +0000 2025,"OPINIÓN | ""Con su reelección, Trump muestra que su primer mandato no fue una anomalía en el tiempo presente, sino que anunciaba el fin de una era y quién sabe si el comienzo de otra""

✍️ Por Ruth Ferrero-Turrión
https://t.co/GAZifCkyOB",3,4,1,3845,235,0,0,1,publico_es,Publico,publico_es,-0.296,negative
1885342646278803625,Fri Jan 31 15:01:29 +0000 2025,Un 2025 cargado de novedades literarias https://t.co/sPZ7gjaIml,4,0,0,3428,63,0,0,1,publico_es,Publico,publico_es,0.0,neutral
1885335126344679903,Fri Jan 31 14:31:36 +0000 2025,La segunda campaña de excavación arqueológica en Montecarmelo termina sin encontrar restos de brigadistas internacionales https://t.co/Q77tTPQSlg,3,1,0,3977,145,0,0,1,publico_es,Publico,publico_es,-0.5574,negative
1885334725818228788,Fri Jan 31 14:30:01 +0000 2025,"ENTREVISTA | @UnaiSordo, Secretario general de CCOO: ""Aprovechar los datos y la inteligencia artificial para hacer predicciones sobre dónde se puede estar cometiendo el fraude""

https://t.co/ICtlpjmRtx https://t.co/oGZVvAWKl6",3,2,0,3780,225,0,1,2,publico_es,Publico,publico_es,0.0,neutral
1885330947815727542,Fri Jan 31 14:15:00 +0000 2025,"OPINIÓN | “DeepSeek podría reducir la dependencia de China para aplicaciones avanzadas, fortaleciendo su industria tecnológica”

✍️ Por Pedro Barragán
https://t.co/h10dCKXzWn",9,2,0,3911,174,0,0,1,publico_es,Publico,publico_es,0.0,neutral
1885327585405444556,Fri Jan 31 14:01:38 +0000 2025,"""Feijóo no le debe nada a Vox y tiene que defenderse"", zanjan fuentes de la cúpula del PP

✍️ Por @amandaisagarci

https://t.co/Xd6PsRZdU1",7,2,4,4054,138,0,1,1,publico_es,Publico,publico_es,-0.296,negative
1885319945111634208,Fri Jan 31 13:31:17 +0000 2025,Salen a la luz antiguos tuits racistas y de odio a cargo de la actriz Karla Sofía Gascón https://t.co/MUyjKzp8Dn,90,34,36,26524,112,0,0,1,publico_es,Publico,publico_es,0.0,neutral
1885315848686198823,Fri Jan 31 13:15:00 +0000 2025,"OPINIÓN | “Aplicando a Espinoza, que lo tenéis muy olvidado, vuestras izquierdas ni siquiera comparten pasiones tristes”

✍️Por Víctor Sampedro
https://t.co/9yMk9NSMZD",6,0,0,3179,167,0,0,1,publico_es,Publico,publico_es,0.0,neutral
1885315114296836394,Fri Jan 31 13:12:05 +0000 2025,❗ Madrid vota contra un plan de Atención Temprana pese a tener 1.800 niños en listas de espera https://t.co/wLpKsrNfoa,893,847,73,28847,118,0,0,1,publico_es,Publico,publico_es,0.0,neutral
1885312497172803728,Fri Jan 31 13:01:41 +0000 2025,"Diez días sin que 'el 30' pase por el Polígono Sur de Sevilla

✍️ Por Raúl Bocanegra

https://t.co/EO1VdGU4yo",3,1,1,3092,109,0,0,1,publico_es,Publico,publico_es,-0.5574,negative
1885309601492435253,Fri Jan 31 12:50:11 +0000 2025,"Las razones por las que un divulgador científico rechaza debatir con el exfutbolista terraplanista Javi Poves 

Vía @tremending

https://t.co/py8Sdukwos",3,4,1,3369,152,0,1,1,publico_es,Publico,publico_es,0.0,neutral
1885308298511212808,Fri Jan 31 12:45:00 +0000 2025,"Las derechas no pueden impedir la subida de las pensiones y la prórroga del escudo social. Por Toni Ferrer

Vía @nuevatribuna 

https://t.co/qkUKTkgnF4",29,16,4,3191,151,0,1,1,publico_es,Publico,publico_es,-0.296,negative
1885306789207396642,Fri Jan 31 12:39:00 +0000 2025,"El alcalde de Móstoles intenta criticar a Óscar Puente y le sale mal: ""El PP de Ayuso quejándose de que se haga caso al PP de Ayuso""

Vía @tremending

https://t.co/8w6zwxVU0Y",17,9,0,3385,174,0,1,1,publico_es,Publico,publico_es,0.0,neutral
1885304759105540576,Fri Jan 31 12:30:56 +0000 2025,Un informe preliminar señala que un solo controlador tuvo que hacerse cargo de dos tareas cuando se produjo el accidente aéreo de Washington https://t.co/GiR6NdXzUX,13,9,4,3321,164,0,0,1,publico_es,Publico,publico_es,0.0,neutral
1885300748709195866,Fri Jan 31 12:15:00 +0000 2025,"OPINIÓN | “Estamos ante la limitación de los derechos individuales y colectivos y la igualdad de oportunidades”

✍️Por Antonio Antón
https://t.co/MQFi8cy8r0",11,8,4,3178,156,0,0,1,publico_es,Publico,publico_es,0.0,neutral
1885297253838962987,Fri Jan 31 12:01:07 +0000 2025,"El PSOE de Madrid celebra este fin de semana su XV Congreso Regional en Leganés con la mirada puesta en acabar con décadas de poder territorial del PP 

✍️ Por @mmunozort

https://t.co/FopRx1tvBT",3,1,0,2841,195,0,1,1,publico_es,Publico,publico_es,0.0,neutral
1885293548607562181,Fri Jan 31 11:46:23 +0000 2025,"El 'sketch' que todo el mundo está compartiendo sobre el saludo con el brazo en alto de Elon Musk 

Vía @tremending

https://t.co/zaMYhXU12W",4,2,1,3009,140,0,1,1,publico_es,Publico,publico_es,0.0,neutral
1885288242360078629,Fri Jan 31 11:25:18 +0000 2025,❗ La jueza cita por quinta vez a la pareja de Ayuso para declarar por el presunto fraude fiscal el 24 de febrero https://t.co/jEKnCuI209,14,12,5,3568,136,0,0,1,publico_es,Publico,publico_es,0.0,neutral
1885286047937896587,Fri Jan 31 11:16:35 +0000 2025,"🔴 DIRECTO | Sigue a partir de las 12:30h un nuevo programa de HECD! con @marinaLobL. Hoy entrevista al columnista y escritor Bob Pop

https://t.co/VEEdRL2WLT",5,3,0,2714,157,0,1,1,publico_es,Publico,publico_es,0.0,neutral
1885284792809267433,Fri Jan 31 11:11:36 +0000 2025,"🎥""No faltan casas, sobran rentistas""

La presión vecinal logra aplazar el desahucio de Josep de la Casa Orsola de Barcelona 👉 https://t.co/rlIiMzz77L https://t.co/LuGngxvYV4",438,202,29,21081,173,0,0,2,publico_es,Publico,publico_es,0.0,neutral
1885282103174037963,Fri Jan 31 11:00:54 +0000 2025,Así está la enfermería en Catalunya un año después de la huelga indefinida del sector https://t.co/RKt3olLhWF,4,1,0,2499,109,0,0,1,publico_es,Publico,publico_es,0.0,neutral
1885278469669417236,Fri Jan 31 10:46:28 +0000 2025,"OPINIÓN | ""Las contradicciones de las democracias, su dejadez en la defensa de los derechos humanos, sus complejos ante derechas extremas oscuras nos han traído hasta aquí, con Merkel como voz de la conciencia. Cómo estaremos""

✍️Por Ana Pardo de Vera https://t.co/gmoxx95KDe",39,20,3,3068,275,0,0,1,publico_es,Publico,publico_es,0.0,neutral
1885273949585440945,Fri Jan 31 10:28:30 +0000 2025,Trump impondrá aranceles del 25% a México y Canadá y amenaza con el 100% a los BRICS si dejan de usar el dólar https://t.co/zOzuQEHRq1,72,58,54,14189,134,0,0,1,publico_es,Publico,publico_es,0.0,neutral
1885270702686625839,Fri Jan 31 10:15:36 +0000 2025,"OPINIÓN | “Habrá que analizar las capacidades de resistencia cívica y democratizadora frente a la involución regresiva y autoritaria”

✍️Por Antonio Antón https://t.co/l94ewsF312",6,4,0,2818,178,0,0,1,publico_es,Publico,publico_es,0.0,neutral
1895610638036078756,Fri Feb 28 23:02:49 +0000 2025,Israel y Hamás reanudan las negociaciones tras el último intercambio de prisioneros de la primera fase del alto el fuego https://t.co/wK8AxZwuQI,12,2,0,5877,144,0,0,1,publico_es,Publico,publico_es,0.0,neutral
1895608630310813930,Fri Feb 28 22:54:50 +0000 2025,Israel retoma este sábado las conversaciones indirectas con Hamás para el alto el fuego en Gaza https://t.co/gBAaOXXPlm,7,3,0,5465,119,0,0,1,publico_es,Publico,publico_es,0.0,neutral
1895606995874394159,Fri Feb 28 22:48:21 +0000 2025,"Karla Sofía Gascón acude a los premios César después de ser ""cancelada"" por sus tuits xenófobos y racistas https://t.co/nSJOQLkKWE",5,2,1,6326,130,0,0,1,publico_es,Publico,publico_es,0.0,neutral
1895604993522012229,Fri Feb 28 22:40:23 +0000 2025,"La presidenta de México, Claudia Sheinbaum, reitera que España debe pedir perdón por las ""atrocidades"" que cometió durante la conquista https://t.co/NI59cySsSp",89,23,89,12247,159,0,0,1,publico_es,Publico,publico_es,0.0,neutral
1895602731886272975,Fri Feb 28 22:31:24 +0000 2025,Italia avanza en su camino para el desarrollo de la energía nuclear en el país tras casi 40 años de prohibición https://t.co/z1MUAHNfhn,8,1,0,5707,135,0,0,1,publico_es,Publico,publico_es,0.0,neutral
1895599346608976359,Fri Feb 28 22:17:57 +0000 2025,El sheriff vuelve a descartar que la muerte de Hackman y su esposa fuera un delito https://t.co/NJ1QH5e24v,4,1,0,5918,106,0,0,1,publico_es,Publico,publico_es,0.0,neutral
1895595521554739370,Fri Feb 28 22:02:45 +0000 2025,"Es un gesto sin precedentes, puesto que EEUU no ha tenido nunca una lengua oficial a nivel estatal https://t.co/tgnrVj3s9t",13,17,7,6994,122,0,0,1,publico_es,Publico,publico_es,-0.6844,negative
1895593660504277093,Fri Feb 28 21:55:21 +0000 2025,"Carlos Mazón, acorralado por sus constantes cambios de versión, se juega su futuro político en víspera de unas Fallas que se anuncian combativas. https://t.co/TZCZdh3tCT",47,20,4,5802,169,0,0,1,publico_es,Publico,publico_es,0.0,neutral
1895587637101989968,Fri Feb 28 21:31:25 +0000 2025,"""¡Apunta a la cabeza!"": la alcaldesa de La Solana, víctima de unas amenazas de muerte que la oposición condena 

Vía @periodicoclm https://t.co/vAMPH0kfu5",5,0,0,5633,154,0,1,1,publico_es,Publico,publico_es,0.0,neutral
1895581162296300032,Fri Feb 28 21:05:41 +0000 2025,"Los habituales desplantes institucionales del Gobierno de Ayuso se han intensificado en los últimos tiempos

✍️ Por Miguel Muñoz https://t.co/qkFt7SkRkX",3,2,0,5437,152,0,0,1,publico_es,Publico,publico_es,0.0,neutral
1895575954640027915,Fri Feb 28 20:45:00 +0000 2025,"Memoria y barbarie. Por Víctor Moreno

Vía @nuevatribuna

https://t.co/KN6fMl5iu1",3,3,0,4977,81,0,1,1,publico_es,Publico,publico_es,0.0,neutral
1895572485086617898,Fri Feb 28 20:31:13 +0000 2025,"La COP 16 de Biodiversidad, que fracasó en sus negociaciones el pasado noviembre, ha alcanzado un acuerdo histórico en la cumbre ampliada celebrada en Roma https://t.co/U2x4FrCocd",6,5,0,4824,179,0,0,1,publico_es,Publico,publico_es,0.34,positive
1895568635550200047,Fri Feb 28 20:15:55 +0000 2025,El sarampión avanza en países con bajas tasas de vacunación e intensifica la necesidad de que toda la población no inmunizada lo haga https://t.co/BW8MJVGtOp,49,27,6,5551,157,0,0,1,publico_es,Publico,publico_es,-0.296,negative
1895568405127970959,Fri Feb 28 20:15:00 +0000 2025,"OPINIÓN | ""En nuestro país hay excelentes investigadores, cualificados médicos, pero carecen de medios. La inversión en este ámbito no rentabiliza electoralmente"", por Víctor Salazar Benítez

https://t.co/10HCkzYl9B",7,6,0,4376,215,0,0,1,publico_es,Publico,publico_es,-0.296,negative
1895565030151643604,Fri Feb 28 20:01:35 +0000 2025,"José Luis Moreno y su expareja, el actor Martin Czehmester, vuelven a comparecer ante la Justicia por el 'caso Titella' https://t.co/xOBWnztZcv",3,1,0,4173,143,0,0,1,publico_es,Publico,publico_es,0.0,neutral
1895559651728527707,Fri Feb 28 19:40:13 +0000 2025,"El décimo día de hospitalización del papa Francisco: un pronóstico reservado y un ""repentino"" empeoramiento respiratorio https://t.co/Pmz9Lgu6Kq",4,1,1,4419,144,0,0,1,publico_es,Publico,publico_es,0.0,neutral
1895557709509935285,Fri Feb 28 19:32:30 +0000 2025,El bitcoin pierde el nivel de los 80.000 dólares y retrocede a niveles de noviembre https://t.co/fam4SnCnZ2,8,5,1,4432,107,0,0,1,publico_es,Publico,publico_es,0.0,neutral
1895553305667092820,Fri Feb 28 19:15:00 +0000 2025,"OPINIÓN | ""Estos nuevos dueños del mundo no se conforman con influir en sus propios países; quieren moldear el destino del planeta entero desde sus sillones"", por José Miguel Morales

https://t.co/rzlOQTYyUi",18,8,0,3976,207,0,0,1,publico_es,Publico,publico_es,-0.296,negative
1895552447902359655,Fri Feb 28 19:11:35 +0000 2025,VÍDEO | Así ha sido el tenso momento entre Trump y Zelenski https://t.co/L4ku8ANxw2,22,9,2,5468,83,0,0,1,publico_es,Publico,publico_es,0.34,positive
1895550150023557324,Fri Feb 28 19:02:28 +0000 2025,El pleno del Ayuntamiento de Barcelona rechaza conceder la Medalla de Oro de la ciudad a la actriz Loles León https://t.co/Tvlkib83YJ,6,3,1,4460,133,0,0,1,publico_es,Publico,publico_es,0.0,neutral
1895546170979541235,Fri Feb 28 18:46:39 +0000 2025,"La iniciativa ""Socialistas por el Sáhara"" es crítica con las últimas decisiones del partido de Pedro Sánchez sobre el conflicto del Sáhara Occidental 

✍️ Por @mmunozort

https://t.co/xXv5msr59f",10,3,3,4192,194,0,1,1,publico_es,Publico,publico_es,0.0,neutral
1895541179334189449,Fri Feb 28 18:26:49 +0000 2025,"🔴 Los gritos de Trump a Zelenski en el Despacho Oval: ""Estás jugando con la Tercera Guerra Mundial""

https://t.co/HvWh3Osj0f https://t.co/i5UbbOq56I",101,65,22,24965,148,0,0,2,publico_es,Publico,publico_es,0.0,neutral
1895538206315003933,Fri Feb 28 18:15:00 +0000 2025,"OPINIÓN | ""El maniqueísmo expresado por los discursos predominantes está dejando paso a una aproximación mucho más pragmática y esta no es otra que el desguace de la propia Ucrania, la división del país en función de sus recursos"", por @ruthferrero_ 

https://t.co/C2h9msRnF7",4,2,0,3641,275,0,1,1,publico_es,Publico,publico_es,-0.296,negative
1895535059962069348,Fri Feb 28 18:02:30 +0000 2025,Hacienda investiga las irregularidades en la contratación de la exnovia de Ábalos en dos empresas públicas de las que cobró sin ir a trabajar https://t.co/WaQOCRvt2E,18,5,6,3648,165,0,0,1,publico_es,Publico,publico_es,-0.5574,negative
1895532453571223967,Fri Feb 28 17:52:08 +0000 2025,"🔴 ÚLTIMA HORA | Alta tensión en la reunión entre Trump y Zelenski: ""Estás jugando con la Tercera Guerra Mundial"" https://t.co/EOE71dIlKP",40,32,21,8214,136,0,0,1,publico_es,Publico,publico_es,0.0,neutral
1895530656433914362,Fri Feb 28 17:45:00 +0000 2025,"Fabian Scheidler: “La clave está en si Occidente aceptará perder su dominio sin llevarnos a un conflicto catastrófico”

Vía @ctxt_es 

https://t.co/3x4d7gDTnT",6,4,2,3275,158,0,1,1,publico_es,Publico,publico_es,-0.5574,negative
1895527329201357080,Fri Feb 28 17:31:47 +0000 2025,"Se prorroga la investigación debido al ""numeroso"" material y por las declaraciones de la exnovia de Ábalos, que ha confesado cobrar de dos empresas gestionadas por Transportes sin ir a trabajar https://t.co/lrpLzgLjOs",13,5,2,3724,217,0,0,1,publico_es,Publico,publico_es,-0.296,negative
1895523108267704353,Fri Feb 28 17:15:00 +0000 2025,"OPINIÓN | ""Hemos asistido como espectadoras a partidos bochornosos entre adolescentes en donde los valores del deporte brillaban, únicamente, por su ausencia"", por @DianaLovar 

https://t.co/h2GVtFsEoy",3,2,0,3296,201,0,1,1,publico_es,Publico,publico_es,0.0,neutral
1895522087730610377,Fri Feb 28 17:10:57 +0000 2025,"🔴 ÚLTIMA HORA | Trump dice ante Zelenski que están ""bastante cerca"" de un acuerdo para acabar la guerra https://t.co/xbX7sB1uQP",7,6,0,3764,127,0,0,1,publico_es,Publico,publico_es,0.0,neutral
1895519336527540614,Fri Feb 28 17:00:01 +0000 2025,"🎥 INFORME PÚBLICO | Alberto Núñez Feijóo protege a Carlos Mazón pese a sus mentiras sobre la gestión de la DANA. @chemamolinaa te lo cuenta en una nueva entrega de Informe Público.

📲 Síguelo en directo: https://t.co/FyaaTU8TIs https://t.co/gEwBU2NP6b",11,2,2,3063,251,0,1,2,publico_es,Publico,publico_es,0.0,neutral
1895515557446795513,Fri Feb 28 16:45:00 +0000 2025,"ACO denuncia a Jan Sin Miedo por la difusión de contenido que incita a agredir inmigrantes

Vía @ctxt_es 

https://t.co/sHOyPxpE84 https://t.co/BCH6tIeibq",10,7,0,3584,154,0,1,2,publico_es,Publico,publico_es,-0.5574,negative
1895512158324027540,Fri Feb 28 16:31:30 +0000 2025,"La presidenta de las Cortes, de Vox, retira del Libro de Sesiones unas críticas a Santiago Abascal: ""Vulnera el principio de imparcialidad y supone un grave atentado contra la libertad de expresión"" https://t.co/zTVzmdZJ8m",7,8,0,3346,222,0,0,1,publico_es,Publico,publico_es,-0.3818,negative
1895510256698167589,Fri Feb 28 16:23:56 +0000 2025,"❗Cae el servicio de WhatsApp en todo el mundo durante media hora

https://t.co/VlgDr8kTwF",4,3,0,3669,89,0,0,1,publico_es,Publico,publico_es,0.0,neutral
1895508008127377632,Fri Feb 28 16:15:00 +0000 2025,"OPINIÓN | ""En las tardes melancólicas la canción vuelve reiteradamente a mí, golpeándome con un aguijonazo envenenado de nostalgia"", por Rafael Cabanillas

https://t.co/HvIYW3ELPe",5,1,0,3347,179,0,0,1,publico_es,Publico,publico_es,0.0,neutral
1895504669906030963,Fri Feb 28 16:01:44 +0000 2025,"Belarra exige a Sánchez que el envío de tropas a Ucrania se vote en el Congreso: ""Pueden volver en ataúdes"" 

✍️ Por @alexisrmoran

https://t.co/fEsdMI9fPe",31,16,10,3907,155,0,1,1,publico_es,Publico,publico_es,0.0,neutral
1895497154518487407,Fri Feb 28 15:31:52 +0000 2025,Los querellantes solicitan a la Sala de lo Penal a que dé traslado de la querella a la representación procesal de Juan Carlos I https://t.co/GcKf5S92cS,17,10,2,3570,151,0,0,1,publico_es,Publico,publico_es,0.0,neutral
1895492908171599998,Fri Feb 28 15:15:00 +0000 2025,"OPINIÓN | ""Nos visibilizan cada año el día 28 de febrero cuando los informativos lo recuerdan, pero poco más"", por Víctor Salazar Benítez

https://t.co/10HCkzXNk3",3,3,0,3515,162,0,0,1,publico_es,Publico,publico_es,0.0,neutral
1895489727630905380,Fri Feb 28 15:02:22 +0000 2025,"Cuatro meses desde el ""infierno de destrucción"" de la DANA: avanzan el proceso judicial y la reconstrucción de los pueblos https://t.co/JvbiGIf4cy",15,9,0,3481,146,0,0,1,publico_es,Publico,publico_es,0.0,neutral
1895485358626025707,Fri Feb 28 14:45:00 +0000 2025,"Elecciones en Alemania: lo que se escapó de las noticias

Vía @nuevatribuna 

https://t.co/qvgARGwnOk",3,1,0,3466,101,0,1,1,publico_es,Publico,publico_es,0.0,neutral
1895482238701121884,Fri Feb 28 14:32:36 +0000 2025,"VIÑETA | Cómo cavar la propia tumba, por @EnekoHumor

https://t.co/OsX9FJN9qH",23,7,0,3575,77,0,1,1,publico_es,Publico,publico_es,0.0,neutral
1895477808555569423,Fri Feb 28 14:15:00 +0000 2025,"OPINIÓN | ""El 28F no es un día solo de fiesta, es también una oportunidad para pensar qué tierra, qué sociedad y qué mundo elegimos tener"", por José Miguel Morales

https://t.co/rzlOQTY14K",2,1,0,3295,188,0,0,1,publico_es,Publico,publico_es,0.2263,positive
1895474708562288779,Fri Feb 28 14:02:41 +0000 2025,"De veraneo en la barbarie: el perturbador vídeo que responde a la Gaza 'soñada' por Trump

Vía @tremending

https://t.co/N40C9PKvOP",16,8,2,3507,131,0,1,1,publico_es,Publico,publico_es,0.0,neutral
1895470598957957122,Fri Feb 28 13:46:21 +0000 2025,"Taburete anuncia que deja los escenarios y estalla el cachondeo: ""La reducción de jornada y esto, los mayores logros de Pedro Sánchez""

Vía @tremending

https://t.co/FBvWEcoEuB",35,15,3,4111,176,0,1,1,publico_es,Publico,publico_es,0.0,neutral
1895467053546397782,Fri Feb 28 13:32:16 +0000 2025,Diana Morant abre la puerta a una moción de censura contra Carlos Mazón por la gestión de la DANA https://t.co/T2B62iDAd8,23,4,2,3695,121,0,0,1,publico_es,Publico,publico_es,0.0,neutral
1895462708419702922,Fri Feb 28 13:15:00 +0000 2025,"OPINIÓN | ""Para aquellos que pensaron que esta guerra iba de valores, hoy comienzan a ver los motivos detrás de un conflicto que ha dejado devastado a un país, en sus gentes, en sus infraestructuras y en su futuro"", por @ruthferrero_ 

https://t.co/C2h9msRVuF",13,12,2,3170,259,0,1,1,publico_es,Publico,publico_es,0.34,positive
1895459399298175250,Fri Feb 28 13:01:51 +0000 2025,"'Metamorfosis': el lado más personal de Aitana

Vía @publicouwu

https://t.co/QwpaTZ3ixk",4,0,1,3342,88,0,1,1,publico_es,Publico,publico_es,0.0,neutral
1895447609805812224,Fri Feb 28 12:15:00 +0000 2025,"OPINIÓN | ""Los niños y las niñas deportistas siguen sin tener el derecho a divertirse en espacios libres de violencia"", por @DianaLovar 

https://t.co/h2GVtFsEoy",3,1,1,2804,161,0,1,1,publico_es,Publico,publico_es,-0.5574,negative
1895444086188040290,Fri Feb 28 12:01:00 +0000 2025,"🔴 (Imágenes sensibles) Operarios golpean con varas a pollos hasta su muerte: así es 'La matanza de Coimbra', un caso de maltrato de animal en una granja de aves

https://t.co/9OatahBXmU https://t.co/zFBCuFfiQK",8,10,1,4536,209,0,0,2,publico_es,Publico,publico_es,0.0,neutral
1895440279299121292,Fri Feb 28 11:45:52 +0000 2025,"👉 Las nuevas revelaciones de la Aemet evidencian el descontrol del Govern de Mazón el día de la DANA: ""No sabían ni cómo estaba la situación""

https://t.co/OeZHQ7r9rl",154,96,12,4547,166,0,0,1,publico_es,Publico,publico_es,0.0,neutral
1895432846031856090,Fri Feb 28 11:16:20 +0000 2025,"🔴 DIRECTO | Sigue a partir de las 12:30h una nueva entrega de @HECD_Programa con @marinaLobL . Hoy entrevista a la periodista afgana, Khadija Amin (@khadija51922579)

https://t.co/pzXeyDMYmH",4,1,0,2752,190,0,3,1,publico_es,Publico,publico_es,0.0,neutral
1895430363427512433,Fri Feb 28 11:06:28 +0000 2025,"Las cuentas de la Santa Sede tiene déficit y un enorme pasivo por su fondo de pensiones. Los cardenales se resisten a los recortes presupuestarios propuestos por el pontífice

https://t.co/vf7toNdFGF",10,17,4,3141,199,0,0,1,publico_es,Publico,publico_es,0.0,neutral
1895421967282397506,Fri Feb 28 10:33:06 +0000 2025,"""¿No es un pelotazo para el Ayuntamiento quedarse con la comisión que ha pagado el intermediario, con toda la comisión? Esa es la pretensión acusatoria"", ha dicho el abogado de Medina. https://t.co/XRwppdLros",3,4,1,2723,208,0,0,1,publico_es,Publico,publico_es,0.5859,positive
1895417693303406832,Fri Feb 28 10:16:07 +0000 2025,"Reacciones y memes a la imagen de Mazón entrando en el Cecopi: ""¿Cómo están los máquinas?""

Vía @tremending

https://t.co/M54frjZjFn",11,3,0,3054,132,0,1,1,publico_es,Publico,publico_es,0.0,neutral
1895414134868463657,Fri Feb 28 10:01:59 +0000 2025,"OPINIÓN | “Cerré los ojos y escuché en mi memoria el saxo de Charlie Parker, alias El Pájaro, volando muy alto y suplicando que no le quitaran más primaveras”, por Rafael Cabanillas https://t.co/x6Cd6L5puI",4,1,0,2680,205,0,0,1,publico_es,Publico,publico_es,-0.296,negative
1895409860755234959,Fri Feb 28 09:45:00 +0000 2025,"🔴 EXCLUSIVA | Afines al PP y sus familiares y amigos consolidan sus enchufes en la Deputación de Ourense

✍️ Por @jolivertuis

https://t.co/4s3eH8ThmH",76,89,12,5931,150,0,1,1,publico_es,Publico,publico_es,0.0,neutral
1895406458381980113,Fri Feb 28 09:31:29 +0000 2025,"OPINIÓN | “Somos personas normales que sufren una enfermedad que seguramente es ‘rara’ porque no ha sido investigada lo suficiente”, por Víctor Salazar Benítez https://t.co/ybMAteuGSz",11,3,1,3212,183,0,0,1,publico_es,Publico,publico_es,-0.2584,negative
1895402686222057542,Fri Feb 28 09:16:29 +0000 2025,"Vivienda, sanidad, desigualdad: los problemas de Andalucía en el séptimo 28F de Moreno Bonilla

✍️ Por Raúl Bocanegra

https://t.co/uU6MGMefGz",8,4,0,2991,142,0,0,1,publico_es,Publico,publico_es,0.0,neutral
1895398813155635453,Fri Feb 28 09:01:06 +0000 2025,"OPINIÓN | ""Queda en evidencia cómo la guerra de Ucrania no era tanto una cuestión de moralidad y defensa de la democracia, como el negocio. 'Business' es 'business'"", por Ruth Ferrero-Turrión  https://t.co/s06APEXQnK",17,11,5,2973,216,0,0,1,publico_es,Publico,publico_es,-0.296,negative
1895395112827428944,Fri Feb 28 08:46:24 +0000 2025,Sumar expresa sus dudas sobre la condonación de la deuda autonómica que propone Hacienda https://t.co/tT9xikuwMU,3,0,0,3039,112,0,0,1,publico_es,Publico,publico_es,0.0,neutral
1895393919858573349,Fri Feb 28 08:41:39 +0000 2025,"Aves decapitadas, alas dislocadas y vísceras fuera: así es la granja portuguesa que comercializa en España

https://t.co/9OatahBXmU",21,29,0,4134,131,0,0,1,publico_es,Publico,publico_es,-0.2732,negative
1906855159298142325,Mon Mar 31 23:44:32 +0000 2025,"El primer examen de la reforma de pensiones concluye que se ajusta a la regla de gasto, pero que la sostenibilidad del sistema no ha mejorado https://t.co/yghdUgeWXQ",1,0,0,2785,165,0,0,1,publico_es,Publico,publico_es,-0.2584,negative
1906844204149485782,Mon Mar 31 23:01:00 +0000 2025,"Volvo cambia de CEO por sorpresa, los suecos recupera al presidente de todos los récords 

Vía @hyecom 

https://t.co/81QPWgo64C",2,1,0,3430,128,0,1,1,publico_es,Publico,publico_es,0.0,neutral
1906835763305533556,Mon Mar 31 22:27:27 +0000 2025,"""¿Ultraderechistas moviendo banderitas para robar? Nadie se lo podía imaginar"": las redes reaccionan tras la condena a Le Pen y la investigación a Alvise https://t.co/5ItW97Rbhu",200,109,55,6483,177,0,0,1,publico_es,Publico,publico_es,0.0,neutral
1906829105372254479,Mon Mar 31 22:01:00 +0000 2025,"El baño de masas de Ayuso en un evento de artes marciales le sale mal: ""Tremenda pitada""

Vía @Tremending 

https://t.co/IsK98HoipJ",22,12,1,4474,131,0,1,1,publico_es,Publico,publico_es,0.0,neutral
1906829099475058760,Mon Mar 31 22:00:59 +0000 2025,Maribel Vaquero será la nueva portavoz del PNV en el Congreso tras la salida de Aitor Esteban https://t.co/BQk4KCQQ6S,6,4,0,4585,117,0,0,1,publico_es,Publico,publico_es,0.0,neutral
1906826663997960561,Mon Mar 31 21:51:18 +0000 2025,HBO anuncia la grabación de la tercera temporada de ocho episodios de la serie 'House of the Dragon' ('La casa del Dragón') https://t.co/BSEa8W5Cuh,8,1,1,5142,147,0,0,1,publico_es,Publico,publico_es,0.0,neutral
1906823982348705899,Mon Mar 31 21:40:39 +0000 2025,Estas son las nuevas deducciones fiscales en materia de vivienda que contempla la campaña de la renta 2024 https://t.co/AJk2GA6Eg9,7,0,1,4817,130,0,0,1,publico_es,Publico,publico_es,0.0,neutral
1906821563950731646,Mon Mar 31 21:31:02 +0000 2025,"Rusia y Ucrania se mantienen lejos de las treguas parciales acordadas: los reclutamientos rusos, el desgaste del ejército ucraniano y una brecha entre líderes https://t.co/nB7W98Z0Ek",5,3,1,4610,182,0,0,1,publico_es,Publico,publico_es,0.0,neutral
1906819780541104133,Mon Mar 31 21:23:57 +0000 2025,"Koldo García, investigado por un posible delito de violencia de género contra su exmujer https://t.co/FRgvCfm7fJ",3,0,0,4570,112,0,0,1,publico_es,Publico,publico_es,0.0,neutral
1906817942416732512,Mon Mar 31 21:16:39 +0000 2025,"OPINIÓN| “ La mayoría (de los partidos a la izquierda de la socialdemocracia) se oponen a la vía militarista pero existen diferencias entre ellos y no pocas contradicciones internas”, por Pablo Castaño https://t.co/lW8aanOsww",6,2,0,5165,225,0,0,1,publico_es,Publico,publico_es,-0.296,negative
1906814199935697131,Mon Mar 31 21:01:46 +0000 2025,"La promesa de ahorro energético del horario de verano pierde fuerza con el avance tecnológico y los cambios en nuestros hábitos de vida. ¿Podría ver el final en 2026?, por @AdhikArrilucea https://t.co/cME37fftfT",3,4,3,5035,211,0,1,1,publico_es,Publico,publico_es,0.0,neutral
1906810379591635209,Mon Mar 31 20:46:35 +0000 2025,Vox chantajea al PP con los presupuestos de Murcia y Aragón y exige que asuma el discurso ultra https://t.co/a1DCeJVf5I,1,6,0,5101,119,0,0,1,publico_es,Publico,publico_es,0.0,neutral
1906806460677329037,Mon Mar 31 20:31:01 +0000 2025,"Antón Reixa danza sus versos con Kirenia Martínez: ""He logrado perder el sentido del ridículo"" https://t.co/uaGpQIxAck",5,1,0,5739,118,0,0,1,publico_es,Publico,publico_es,0.0,neutral
1906802753323639279,Mon Mar 31 20:16:17 +0000 2025,"El cuñado de Rita Barberá se habría gastado 250.000 euros en unos grandes almacenes entre 2005 y 2015, según un informe de la UCO https://t.co/JuqYCHSaQB",27,24,4,6168,153,0,0,1,publico_es,Publico,publico_es,0.0,neutral
1906799086654627869,Mon Mar 31 20:01:43 +0000 2025,Podemos evita pronunciarse sobre las alianzas de la izquierda y no desvía el rumbo hacia su asamblea https://t.co/hbLlAmZLP0,27,6,19,6500,124,0,0,1,publico_es,Publico,publico_es,-0.296,negative
1906796647050334253,Mon Mar 31 19:52:01 +0000 2025,"El portavoz de la junta militar, Zaw Min Tun, confirma que al menos 3.900 personas han resultado heridas en Myanmar tras el terremoto del pasado viernes https://t.co/cYBp0tnJRh",4,2,0,4771,176,0,0,1,publico_es,Publico,publico_es,0.0,neutral
1906794879105007787,Mon Mar 31 19:45:00 +0000 2025,"España y salvar al soldado Ucrania. Por Enrique Vega

Vía @nuevatribuna

https://t.co/mFFTeKshRg",2,3,4,4384,96,0,1,1,publico_es,Publico,publico_es,0.0,neutral
1906792252828942661,Mon Mar 31 19:34:34 +0000 2025,La Federación de Peñas del Celta de Vigo convoca un acto contra Altri en el partido de este lunes contra Las Palmas https://t.co/JHLM8NAjl0,12,6,0,4518,139,0,0,1,publico_es,Publico,publico_es,0.0,neutral
1906787329362272688,Mon Mar 31 19:15:00 +0000 2025,"OPINIÓN | ""La extrema derecha va sembrando dudas sobre los consensos adquiridos hasta que el susurro se convierta en parte ordinaria de la conversación"", por Marga Ferré

https://t.co/fCRaxr2l3i",13,2,1,4702,194,0,0,1,publico_es,Publico,publico_es,0.0,neutral
1906783526474637646,Mon Mar 31 18:59:53 +0000 2025,"Regresa a TVE el periodista Jesús Cintora con 'Malas lenguas', nuevo programa de actualidad sobre la información veraz frente a los bulos https://t.co/cph6qfih4P",943,294,402,26786,161,0,0,1,publico_es,Publico,publico_es,0.0,neutral
1906780025669521507,Mon Mar 31 18:45:59 +0000 2025,Fernando Martín acepta la pena de tres años y cuatro meses que pide la fiscal por la trama de la Gürtel en Arganda del Rey. El empresario se enfrentaba inicialmente a 19 años y medio de cárcel https://t.co/dIuqa9MBP4,11,8,1,3805,216,0,0,1,publico_es,Publico,publico_es,0.0,neutral
1906779779602493752,Mon Mar 31 18:45:00 +0000 2025,"¿Nos encaminamos a la Tercera Guerra Mundial?

Vía @ctxt_es 

https://t.co/E9gTjygpsc",3,3,1,3656,85,0,1,1,publico_es,Publico,publico_es,0.0,neutral
1906778351076880849,Mon Mar 31 18:39:19 +0000 2025,"Los peligros ocultos de la primavera para tu perro: polen, insectos y plantas tóxicas https://t.co/fu9sm6CtvU",5,2,1,3900,109,0,0,1,publico_es,Publico,publico_es,0.0,neutral
1906776432748925407,Mon Mar 31 18:31:42 +0000 2025,"La gimnasia italiana, envuelta en polémica después de que el presidente de la Federación calificase a una deportista como ""un coño precioso"" https://t.co/VKSI5Exbfv",4,9,1,4053,164,0,0,1,publico_es,Publico,publico_es,0.0,neutral
1906774571446915189,Mon Mar 31 18:24:18 +0000 2025,"El exvicepresidente de Mazón en la Generalitat, sobre la resignificación de Cuelgamuros: ""La realidad es que fueron los subcampeones en el 39"" https://t.co/CbCOhiGpsU",14,9,32,5939,166,0,0,1,publico_es,Publico,publico_es,0.0,neutral
1906772229712748793,Mon Mar 31 18:15:00 +0000 2025,"OPINIÓN | ""Únicamente en este clima de estulticia generalizada puede admitirse que los muñecos de 'Barrio Sésamo' sean motivo de debate en el Congreso de los Estados Unidos."", por David Torres (@Kandahar41)

https://t.co/0JLigPDbZx",10,6,0,3759,231,0,1,1,publico_es,Publico,publico_es,0.0,neutral
1906768732073910576,Mon Mar 31 18:01:06 +0000 2025,"ERC exige al Gobierno que actúe ante exaltaciones de Franco como la del manifiesto de Plataforma 2025 

✍️Por Samuel Martínez (@samumartinezr)

https://t.co/SXglab1jIs",69,37,3,8017,167,0,1,1,publico_es,Publico,publico_es,0.0,neutral
1906767106797916568,Mon Mar 31 17:54:38 +0000 2025,Cómo solicitar el borrador de la renta y revisarlo antes de confirmarlo https://t.co/E7vXbN2Ndh,5,1,0,3905,95,0,0,1,publico_es,Publico,publico_es,0.0,neutral
1906764862576894028,Mon Mar 31 17:45:43 +0000 2025,"La portavoz de la dirección socialista, Esther Peña, carga contra el que denominan ""Pacto de El Ventorro"" e insiste a Carlos Mazón para que dimita y convoque elecciones

✍️ Por @Mmunozort 

https://t.co/XqxR4g7X42",5,0,3,3928,213,0,1,1,publico_es,Publico,publico_es,0.0,neutral
1906761580806607166,Mon Mar 31 17:32:41 +0000 2025,"Las órdenes de protección a víctimas de violencia machista bajan en 2024 y suben las condenas a agresores, según datos del CGPJ https://t.co/oxv3Wz0rjO",2,1,0,3284,151,0,0,1,publico_es,Publico,publico_es,0.0,neutral
1906759397235097658,Mon Mar 31 17:24:00 +0000 2025,Ángel Hurtado ha descartado la participación de Pilar Sánchez Acera en la filtración del correo en el que la pareja de Isabel Díaz Ayuso reconocía haber cometido delitos fiscales https://t.co/6lYtYydxcu,5,2,1,3206,202,0,0,1,publico_es,Publico,publico_es,0.34,positive
1906757130214047831,Mon Mar 31 17:15:00 +0000 2025,"OPINIÓN | ""Que su país obviara una obra literaria tan admirable y disruptiva es difícil de creer, pero fácil de entender a poco que uno se adentre en ella"", por Enrique Aparicio

https://t.co/XN5ieLa11C",1,0,0,3358,202,0,0,1,publico_es,Publico,publico_es,0.5574,positive
1906756055066960240,Mon Mar 31 17:10:43 +0000 2025,"“¿Qué intereses tiene el PP para querer que en Galicia se instale una macrocelulosa que va a destruir el medio ambiente y miles de empleos?” 

✍️Por @JOliverTuis

https://t.co/Miq6tkjEZg",11,5,0,3206,186,0,1,1,publico_es,Publico,publico_es,0.0,neutral
1906753561662243285,Mon Mar 31 17:00:49 +0000 2025,"El PP pide a Sánchez que convoque a Feijóo para decidir sobre defensa como hizo González con Aznar 

✍️ Por @samumartinezr

https://t.co/3ehULZ473r",1,0,1,2818,147,0,1,1,publico_es,Publico,publico_es,0.0,neutral
1906749785865908321,Mon Mar 31 16:45:49 +0000 2025,La Policía Nacional detiene a un hombre en València por darle de beber amoníaco a su expareja https://t.co/IpoUx7bPOO,3,9,0,3285,117,0,0,1,publico_es,Publico,publico_es,0.0,neutral
1906749580533965051,Mon Mar 31 16:45:00 +0000 2025,"Falacias del rearme y pacifismo. Por Antonio Antón

Vía @nuevatribuna

https://t.co/LAGzU3tGfV",4,3,1,3416,94,0,1,1,publico_es,Publico,publico_es,0.0,neutral
1906745807455527337,Mon Mar 31 16:30:00 +0000 2025,"ENTREVISTA | @MEugeniaRPalop cuenta en 'Lo personal es político' el relato de la Marimanta: “Tiene que ver con la violencia contra las mujeres”

✍️ Por @JDSato

https://t.co/H3byZXHZXc https://t.co/YwzU64rGmu",5,4,2,3124,208,0,2,2,publico_es,Publico,publico_es,0.0,neutral
1906744712179916871,Mon Mar 31 16:25:39 +0000 2025,"María León narra su experiencia tras el incidente con la Policía Local, calificando el proceso judicial de ""injusto y difícil"": ""Tengo claustrofobia, y al sentir el plástico del coche policial delante, empecé a gritar que, por favor, no me dejara allí"" https://t.co/LI6inHeli6",12,5,8,4599,276,0,0,1,publico_es,Publico,publico_es,0.128,positive
1906742031516631473,Mon Mar 31 16:15:00 +0000 2025,"OPINIÓN | ""La sociedad civil organizada demanda soluciones urgentes al principal problema que adolece hoy la sociedad en su conjunto"" @AleJacintoUrang escribe esta columna en @Espacio_Pub sobre el problema actual de la vivienda en España

https://t.co/QrRbBeIzta",5,5,1,4336,262,0,2,1,publico_es,Publico,publico_es,0.0,neutral
1906734481035436542,Mon Mar 31 15:45:00 +0000 2025,"🎥 Este sábado miles de personas se manifestaron por sexta vez en València reclamando justicia por la tragedia de la DANA y pidiendo la dimisión del president de la Generalitat, Carlos Mazón

https://t.co/Je4H0q8tF8 https://t.co/vwCyQVdjAc",49,20,5,3557,238,0,0,2,publico_es,Publico,publico_es,0.0,neutral
1906726931598295334,Mon Mar 31 15:15:00 +0000 2025,"OPINIÓN | ""El franquismo no fue tan malo, no fue para tanto, fue una dictablanda… empiezo a oír, cada vez más fuerte el susurro narcótico de los negacionistas"", por Marga Ferré 

https://t.co/fCRaxr1NdK",15,7,6,4365,202,0,0,1,publico_es,Publico,publico_es,-0.5267,negative
1906715723998576782,Mon Mar 31 14:30:28 +0000 2025,El consejero delegado de Primark renuncia a su cargo después de una denuncia por su comportamiento inapropiado hacia una mujer https://t.co/ddd4Qb5X8n,14,12,0,4356,150,0,0,1,publico_es,Publico,publico_es,0.0,neutral
1906711832284533024,Mon Mar 31 14:15:00 +0000 2025,"OPINIÓN | “La Unión Europea ha marcado el ritmo internacional en materia de protección de datos”, por David Bollero (@dbollero)

https://t.co/0vuq7gu9zk",1,3,1,3726,152,0,1,1,publico_es,Publico,publico_es,0.34,positive
1906708699621589417,Mon Mar 31 14:02:33 +0000 2025,"Belarra busca reforzar el perfil activista de Podemos con una lista que apuesta por el antirracismo y la ""defensa orgullosa de la pancarta"" 

✍️ Por @alexisrmoran

https://t.co/1VZL4o2PUu",4,1,1,3404,187,0,1,1,publico_es,Publico,publico_es,0.0,neutral
1906704579816792240,Mon Mar 31 13:46:11 +0000 2025,La junta militar de Myanmar eleva a 1.700 los muertos por el terremoto y 3.400 heridos 72 horas después de la devastadora catástrofe https://t.co/RfU3j8SshE,4,0,0,3790,156,0,0,1,publico_es,Publico,publico_es,0.0,neutral
1906700922836689080,Mon Mar 31 13:31:39 +0000 2025,"El juez Peinado rechaza que Bolaños declare por escrito en la causa contra Begoña Gómez

✍️ Por @anmariapascual

https://t.co/8ofPDajQc4",6,3,4,4491,136,0,1,1,publico_es,Publico,publico_es,0.0,neutral
1906697316590858248,Mon Mar 31 13:17:19 +0000 2025,"Este pasado fin de semana se ha hablado mucho de Grok, el nuevo chatbot de inteligencia artificial de X. De momento, Elon Musk no estará muy contento son sus respuestas

Vía @Tremending 

https://t.co/D11EwzgQWs",5,1,0,3718,211,0,1,1,publico_es,Publico,publico_es,0.0516,positive
1906696732496511293,Mon Mar 31 13:15:00 +0000 2025,"OPINIÓN | ""No hace falta rebuscar mucho para completar un elenco mundial de esperpentos que, de Kim Jong-un a Biden y de Berlusconi a Putin, no eran más que los teloneros de Donald Trump y su horda de oligarcas."", por David Torres (@Kandahar41)

https://t.co/0JLigPDbZx",10,7,2,4944,269,0,1,1,publico_es,Publico,publico_es,-0.296,negative
1906694004713935094,Mon Mar 31 13:04:10 +0000 2025,"El Gobierno implementará, a partir de octubre de este año, 53 plazas de jueces para asumir los casos de violencia sexual: ""Las víctimas estarán más protegidas"" https://t.co/WYVZptJ6IS",8,6,0,3535,183,0,0,1,publico_es,Publico,publico_es,0.0,neutral
1906691491142971656,Mon Mar 31 12:54:10 +0000 2025,"Tremenda pitada (triple) a Isabel Díaz Ayuso en un evento de artes marciales mixtas

Vía @Tremending 

 https://t.co/k423Pg52wl",529,243,44,7983,127,0,1,1,publico_es,Publico,publico_es,0.0,neutral
1906689361086750851,Mon Mar 31 12:45:42 +0000 2025,"Los propietarios de El Ventorro, el restaurante donde comió Carlos Mazón el día de la DANA, retiran el cartel del local, cansados de la publicidad negativa y de los curiosos https://t.co/PqSModx3IJ",16,9,1,4414,197,0,0,1,publico_es,Publico,publico_es,0.0,neutral
1906686059410338197,Mon Mar 31 12:32:35 +0000 2025,"Trump advierte a Zelenski de que tendrá ""problemas"" si intenta retirarse del acuerdo de tierras raras https://t.co/qM1VmqYT1V",3,3,0,3438,125,0,0,1,publico_es,Publico,publico_es,0.0,neutral
1906681632914014452,Mon Mar 31 12:15:00 +0000 2025,"OPINIÓN | “Ochenta y cinco años después de que comenzara a construirse, el monumento de la vergüenza perpetúa su vigencia”, por Juan Tortosa (@juanjtortosa)

https://t.co/GJQjhF5yQq",18,22,5,4661,181,0,1,1,publico_es,Publico,publico_es,0.0,neutral
1906678506861257117,Mon Mar 31 12:02:35 +0000 2025,"VIÑETAS | Sucedió en Ayusoland, por @Enekohumor https://t.co/IyGGFs5yFY",6,5,0,3561,71,0,1,1,publico_es,Publico,publico_es,0.0,neutral
1906674083225301408,Mon Mar 31 11:45:00 +0000 2025,"🔎¿Cómo es posible que el pensamiento reaccionario conquiste instituciones y desplace marcos?

En el especial ‘Autoritarismo y reacción’ recopilamos importantes firmas y entrevistas para dar respuesta a esta pregunta.

Suscríbete y recíbelo en casa:

https://t.co/yEz9w6tj9k https://t.co/sfi9DFHHsP",1,0,0,3563,297,0,0,2,publico_es,Publico,publico_es,0.0,neutral
1906670816235827337,Mon Mar 31 11:32:01 +0000 2025,"El ministro de Exteriores destaca que está en contacto con Repsol tras la decisión de Trump y señala que ""los primeros pasos"" del Ejecutivo son ""tranquilidad, discreción y diálogo""

✍️ Por @mmunozort

https://t.co/VpBvCEQQkI",1,1,1,3166,224,0,1,1,publico_es,Publico,publico_es,0.0,neutral
1906666533365149750,Mon Mar 31 11:15:00 +0000 2025,"OPINIÓN | ""Gómez Arcos es un autor incómodo, incluso antipático. Su narración de la historia reciente de España no es susceptible de una bonita adaptación cinematográfica"", por Enrique Aparicio

https://t.co/XN5ieLa11C",3,0,0,2830,218,0,0,1,publico_es,Publico,publico_es,-0.296,negative
1906665465885421592,Mon Mar 31 11:10:45 +0000 2025,🔴DIRECTO I Pedro Sánchez señala que se van a endurecer los criterios de apertura: “Se va a exigir una masa crítica de 4500 estudiantes en los primeros cinco años de ejercicio” https://t.co/UzjxGzMlHy,207,47,78,30125,199,0,0,1,publico_es,Publico,publico_es,0.0,neutral
1906664939487367545,Mon Mar 31 11:08:40 +0000 2025,"🔴ACTUALIZACIÓN | Al menos cinco muertos y cuatro heridos en una explosión de una mina en Asturias

https://t.co/Ahkdfpb16z",9,5,1,4432,122,0,0,1,publico_es,Publico,publico_es,0.0,neutral
1906664320789823608,Mon Mar 31 11:06:12 +0000 2025,🔴DIRECTO I Pedro Sánchez comenta las medidas de transformación para la UNED https://t.co/bHPjGCkUIS,10,1,2,3867,99,0,0,1,publico_es,Publico,publico_es,0.0,neutral
1917715840268394610,Wed Apr 30 23:01:00 +0000 2025,"Se acabaron las colillas en calles, playas y campo… ¿o no?

Vía @Elasombrario 

https://t.co/blpmzx1sm3",7,5,0,4708,103,0,1,1,publico_es,Publico,publico_es,0.0,neutral
1917700951516860659,Wed Apr 30 22:01:50 +0000 2025,"Miércoles Adams y el universo de Tim Burton volverán a la pequeña pantalla con una segunda temporada que llega tres años después de la primera

Vía @publicouwu

https://t.co/X5Nwm9YiBB",6,0,0,5800,184,0,1,1,publico_es,Publico,publico_es,0.0,neutral
1917700741176897699,Wed Apr 30 22:01:00 +0000 2025,"Así se fabrica la electricidad: a pesar del apagón, España no es una isla energética que facilita un cero eléctrico

Vía @hyecom 

https://t.co/1Dytd7bc0O",7,2,3,4920,154,0,1,1,publico_es,Publico,publico_es,-0.296,negative
1917695588809744564,Wed Apr 30 21:40:32 +0000 2025,Competencia da luz verde a la OPA de BBVA sobre Sabadell con condiciones https://t.co/4ikiQ2329B,2,0,2,6077,96,0,0,1,publico_es,Publico,publico_es,0.0,neutral
1917692303520550986,Wed Apr 30 21:27:28 +0000 2025,Igualdad plantea cambiar el Código Penal para no amplificar la voz de asesinos como José Bretón https://t.co/3u6jtFTGvI,19,7,1,5986,119,0,0,1,publico_es,Publico,publico_es,-0.296,negative
1917689164151284190,Wed Apr 30 21:15:00 +0000 2025,"OPINIÓN | “Basta imaginarse lo que hubiese sido el 28 de abril en manos de Mazón en El Ventorro o de Ayuso y sus protocolos sanitarios ”, por David Torres (@Kandahar41)

https://t.co/GMKLVun7pU",81,44,120,12022,193,0,1,1,publico_es,Publico,publico_es,0.0,neutral
1917684070495985833,Wed Apr 30 20:54:45 +0000 2025,"La evolución del sector eléctrico en España: del ""mito"" de la intervención franquista a la selva de los intereses privados https://t.co/qyqWy3U8eQ",4,2,1,6705,146,0,0,1,publico_es,Publico,publico_es,0.0,neutral
1917678299108532316,Wed Apr 30 20:31:49 +0000 2025,EEUU y Ucrania se acercan a la firma del acuerdo de explotación de minerales que se cayó tras la discusión de Trump y Zelenski en la Casa Blanca https://t.co/w9KNh9yLRO,1,1,0,5792,168,0,0,1,publico_es,Publico,publico_es,0.0,neutral
1917676038726823979,Wed Apr 30 20:22:50 +0000 2025,"Muface, Adeslas y Asisa firman el nuevo concierto de asistencia sanitaria, vigente hasta finales de 2027 https://t.co/4pvarlp5eI",4,1,0,34139,128,0,0,1,publico_es,Publico,publico_es,0.0,neutral
1917674064677872048,Wed Apr 30 20:15:00 +0000 2025,"OPINIÓN | “'El Apagón' ilumina la verdad de que la condición para conectarse con otros y con el entorno implica necesariamente la desconexión del mundo tecnológico”, por Álvaro San Román

https://t.co/cmouyc7G6c",12,2,11,5607,211,0,0,1,publico_es,Publico,publico_es,0.0,neutral
1917670794328498404,Wed Apr 30 20:02:00 +0000 2025,El PP anuncia que no apoyará el plan del Gobierno para paliar el impacto de las medidas arancelarias y da por acabadas las negociaciones https://t.co/w5KDB1yjhz,7,4,7,4990,160,0,0,1,publico_es,Publico,publico_es,-0.296,negative
1917666514984894969,Wed Apr 30 19:45:00 +0000 2025,"Artículo de Antonio Antón: Un rearme injustificado

Vía @nuevatribuna 

https://t.co/gsZo4jw0Eo",4,3,0,4856,95,0,1,1,publico_es,Publico,publico_es,0.0,neutral
1917664679758881173,Wed Apr 30 19:37:42 +0000 2025,"OPINIÓN| “ ¿Será que la prensa seria defiende las huelgas domesticadas y silenciosas, esas que solo existen en la imaginación de los señoritos?, por Jonathan Martínez https://t.co/6mvMuMXg0i",14,7,0,5009,190,0,0,1,publico_es,Publico,publico_es,0.0,neutral
1917658965250285636,Wed Apr 30 19:15:00 +0000 2025,"OPINIÓN | “No tengo nada en contra de los personajes antipáticos, les quiero tanto como a los imbéciles a los que beso en mi día a día”, por Leonor Cervantes (@_leonera_)

https://t.co/TK5CVuQXyi",8,3,0,6235,195,0,1,1,publico_es,Publico,publico_es,0.0,neutral
1917648041743430120,Wed Apr 30 18:31:35 +0000 2025,"Un Juzgado de Málaga acuerda continuar para juicio el procedimiento de malversación contra el alcalde de Estepona, José María García Urbano https://t.co/GfLoqLHDPK",24,15,1,4041,163,0,0,1,publico_es,Publico,publico_es,0.0,neutral
1917643865760358662,Wed Apr 30 18:15:00 +0000 2025,"OPINIÓN | “Hoy, en cambio, es posible gobernar sin cuentas, sin legislar y sin pasar por el Parlamento”, por Albert Noguera (@AlbertNogueraF)

https://t.co/67ItDZBS7j",5,0,3,3866,166,0,1,1,publico_es,Publico,publico_es,-0.8957,negative
1917640400442892780,Wed Apr 30 18:01:14 +0000 2025,Seis países ven obstáculos en el proyecto que España remitió a la UE en enero para regular productos relacionados con el tabaco https://t.co/pOggdg8ucW,3,0,2,3708,151,0,0,1,publico_es,Publico,publico_es,0.0,neutral
1917633033730957327,Wed Apr 30 17:31:57 +0000 2025,Almeida multa con 4.500 euros a la taberna de Pablo Iglesias por superar en diez personas el aforo https://t.co/BfhMgWDWJa,2655,313,762,162174,122,0,0,1,publico_es,Publico,publico_es,0.0,neutral
1917628766336983229,Wed Apr 30 17:15:00 +0000 2025,"OPINIÓN | ""Los bulos sobre el apagón han circulado a la misma velocidad de la luz que no tuvimos"", por Ana Pardo de Vera

https://t.co/MhsfsFJv6I",62,16,301,11325,145,0,0,1,publico_es,Publico,publico_es,-0.296,negative
1917625530356007181,Wed Apr 30 17:02:08 +0000 2025,El Tribunal Constitucional obliga a estudiar un recurso contra la rebaja de pena a un agresor sexual tras la aplicación de la ley del 'solo sí es sí' https://t.co/aN4GCYsZBt,6,2,1,3409,173,0,0,1,publico_es,Publico,publico_es,0.0,neutral
1917617941777924538,Wed Apr 30 16:31:59 +0000 2025,El Tribunal de Cuentas sanciona al partido de Santiago Abascal por recibir donaciones no identificadas en efectivo que supuestamente eran para ‘merchandising’ https://t.co/KzxwTOSOva,103,55,10,4361,182,0,0,1,publico_es,Publico,publico_es,-0.296,negative
1917613667165548967,Wed Apr 30 16:15:00 +0000 2025,"OPINIÓN | “ La libertad de expresión y el derecho a la protesta, esenciales para defender otros derechos, se están viendo gravemente erosionados”, por Beth Gelb

https://t.co/SaQRA9oIKV",2,1,0,2981,185,0,0,1,publico_es,Publico,publico_es,0.1027,positive
1917610303136596029,Wed Apr 30 16:01:38 +0000 2025,La Fiscalía abre diligencias por presuntas irregularidades en un contrato de patrocinio firmado por Badenas https://t.co/fay5lYBbAN,5,2,0,2974,131,0,0,1,publico_es,Publico,publico_es,0.0,neutral
1917603025352364272,Wed Apr 30 15:32:43 +0000 2025,"Carlos Mazón abandona corriendo el recinto donde se celebra el congreso del PP europeo: ""No voy a poder estar en la foto de familia final"" https://t.co/UqKz2FMrLW",22,26,13,5036,162,0,0,1,publico_es,Publico,publico_es,0.0,neutral
1917598567394431248,Wed Apr 30 15:15:00 +0000 2025,"OPINIÓN | “Hay un problema grave de los hombres con el sexo y su adicción a la pornografía”, por Ana Bernal-Triviño (@anaisbernal)
https://t.co/BL43DTWGYM https://t.co/9mzzEQzXlN",212,106,10,8698,178,0,1,2,publico_es,Publico,publico_es,-0.3818,negative
1917595013334048878,Wed Apr 30 15:00:53 +0000 2025,"Los mutualistas adscritos a DKV tendrán hasta el 31 de mayo para realizar el cambio a Adeslas o Asisa. De lo contrario, pasarán a la sanidad pública https://t.co/kXTcuzYjYZ",1,5,2,3586,172,0,0,1,publico_es,Publico,publico_es,0.0,neutral
1917591523677372919,Wed Apr 30 14:47:01 +0000 2025,"Consumo abre un expediente informativo para investigar las ""potenciales"" subidas de precios de los VTC tras el apagón https://t.co/AY5CJDtYqo",23,8,1,3657,141,0,0,1,publico_es,Publico,publico_es,0.0,neutral
1917587841950810592,Wed Apr 30 14:32:23 +0000 2025,"El expresidente ha comparecido en el Congreso del PP europeo y no ha escatimado en críticas contra el Gobierno de Pedro Sánchez 

✍️ Por @JoseCarmonaGilo

https://t.co/jOxKUGRXZv",4,1,4,3750,178,0,1,1,publico_es,Publico,publico_es,0.0936,positive
1917583467740639744,Wed Apr 30 14:15:00 +0000 2025,"OPINIÓN | “Entre la reaparición de la radio y el súbito apogeo de la literatura, toda España regresó de repente a los años setenta”, por David Torres (@Kandahar41)

https://t.co/GMKLVumzAm",21,11,2,3950,188,0,1,1,publico_es,Publico,publico_es,0.0,neutral
1917580252479463514,Wed Apr 30 14:02:13 +0000 2025,"ENTREVISTA | Antonio Turiel, el experto en energía que predijo el apagón: ""Las nucleares en absoluto resuelven el problema"", por 

✍️Por @AdhikArrilucea 

 https://t.co/RP5vmGISGt",292,175,13,10408,179,0,1,1,publico_es,Publico,publico_es,0.0,neutral
1917576677661589849,Wed Apr 30 13:48:01 +0000 2025,"Beatriz Corredor, presidenta de Red Eléctrica de España, desvincula la elevada penetración de las renovables del apagón https://t.co/Vhg89UIwjL",9,4,10,4334,143,0,0,1,publico_es,Publico,publico_es,0.0,neutral
1917573014985593307,Wed Apr 30 13:33:28 +0000 2025,"Este miércoles tendrá lugar la primera reunión del comité de análisis creado por el Ejecutivo de Sánchez para investigar lo sucedido con el corte de suministro eléctrico 

✍️ Por @mmunozort

https://t.co/YQBr4HwWMm",6,1,2,4082,214,0,1,1,publico_es,Publico,publico_es,0.0,neutral
1917568368816660496,Wed Apr 30 13:15:00 +0000 2025,"OPINIÓN | “Urge discutir acerca del hecho fundamental de nuestra absoluta dependencia del sistema tecnológico”, por Álvaro San Román 
https://t.co/cmouyc78gE",5,3,1,3819,157,0,0,1,publico_es,Publico,publico_es,0.0,neutral
1917565403905020257,Wed Apr 30 13:03:13 +0000 2025,"Trump celebra sus 100 días en el poder: ""Solo acabamos de empezar. Aún no han visto nada"" https://t.co/xAnWSKnq8R",1,0,0,3041,113,0,0,1,publico_es,Publico,publico_es,-0.296,negative
1917561337455976542,Wed Apr 30 12:47:04 +0000 2025,"'La buena letra': una historia de tristeza, dolor y un larguísimo silencio en los años de la posguerra

✍️ Por @begonapina

https://t.co/RagJZiFRDJ",2,1,0,3435,147,0,1,1,publico_es,Publico,publico_es,0.0,neutral
1917557864308068451,Wed Apr 30 12:33:16 +0000 2025,"VIÑETAS | Dependencia, por @enekohumor

https://t.co/FIBKahrMLQ",5,1,1,4041,63,0,1,1,publico_es,Publico,publico_es,0.0,neutral
1917554196104056842,Wed Apr 30 12:18:41 +0000 2025,"Antena 3 se pregunta qué estaba haciendo Felipe VI durante el apagón y provoca el despiporre: ""Sin duda es la máxima preocupación del país"" 

Vía @Tremending 
https://t.co/cRKPfa8bjf",20,8,4,4486,182,0,1,1,publico_es,Publico,publico_es,-0.5574,negative
1917553269674553485,Wed Apr 30 12:15:00 +0000 2025,"OPINIÓN | “Está claro que Sorda retrata las dificultades particulares de las personas sordas en un mundo pensado para y por oyentes”, por Leonor Cervantes (@_leonera_)

https://t.co/TK5CVuQXyi",1,0,0,2838,192,0,1,1,publico_es,Publico,publico_es,0.0,neutral
1917550247775007084,Wed Apr 30 12:03:00 +0000 2025,🎬 Estrenos de la cartelera de cine de este fin de semana https://t.co/HcZCoWj5Cl,3,1,0,3107,80,0,0,1,publico_es,Publico,publico_es,0.0,neutral
1917550088995356690,Wed Apr 30 12:02:22 +0000 2025,"🔴 DIRECTO I Carlos Cuerpo asegura que se mantiene ""la previsión de crecimiento del 2,6% para el año 2025"" pese a la crisis arancelaria https://t.co/vsLOrGUPlR",16,5,0,3390,158,0,0,1,publico_es,Publico,publico_es,-0.6249,negative
1917548385122349103,Wed Apr 30 11:55:35 +0000 2025,"🔴 DIRECTO I El ministro de Economía, Carlos Cuerpo, sobre la perspectiva económica en España: ""El crecimiento promedio estará por encima del 2,2%"" https://t.co/tiODeM07ea",14,1,0,3600,170,0,0,1,publico_es,Publico,publico_es,0.0,neutral
1917546725839102194,Wed Apr 30 11:49:00 +0000 2025,"🔴 DIRECTO | Sara Aagesen, tras el Consejo de Ministros: ""Nuestra obligación es que la información que proporcionemos siempre sea rigurosa y sea exhaustiva"" https://t.co/pqEtoIPuPe",9,1,2,3342,179,0,0,1,publico_es,Publico,publico_es,0.0,neutral
1917545719310999629,Wed Apr 30 11:45:00 +0000 2025,"Artículo de José Luis Martín Palacín: ¿Es conveniente un banco público en España?

Vía @nuevatribuna 

https://t.co/ZUZTdvqHtc",2,4,4,2736,126,0,1,1,publico_es,Publico,publico_es,0.0,neutral
1917545467300192481,Wed Apr 30 11:44:00 +0000 2025,🔴 DIRECTO | La vicepresidenta tercera del Gobierno explica cómo se produjo el proceso de recuperación del suministro eléctrico en España https://t.co/g5qIA7eMg2,5,0,1,3069,160,0,0,1,publico_es,Publico,publico_es,0.0,neutral
1917544558969180486,Wed Apr 30 11:40:23 +0000 2025,🔴 DIRECTO | Sara Aagesen agradece a los operadores y a los trabajadores que hicieron posible la reposición del suministro https://t.co/ooXDAJKjsa,3,0,0,3122,145,0,0,1,publico_es,Publico,publico_es,0.0,neutral
1917543601938075975,Wed Apr 30 11:36:35 +0000 2025,"🔴 DIRECTO | Pilar Alegría, tras el Consejo de Ministros extraordinario: ""Hemos aprobado una ampliación de plazos administrativos por la situación generada durante estos días"" https://t.co/bRzkEyt4hV",5,1,0,3236,198,0,0,1,publico_es,Publico,publico_es,0.0,neutral
1917542482125979858,Wed Apr 30 11:32:08 +0000 2025,💡 Cronología del apagón: esto es lo que pasó entre las 12.30 y las 12.35 en la Red Eléctrica Española https://t.co/faiFEzaPBI,1,2,0,3073,125,0,0,1,publico_es,Publico,publico_es,0.0,neutral
1917538169639129183,Wed Apr 30 11:15:00 +0000 2025,"OPINIÓN | “Estamos asistiendo, no solo en España, a un proceso creciente de desparlamentarización y administrativización de los gobiernos”, por Albert Noguera (@AlbertNogueraF)

https://t.co/67ItDZBkhL",3,1,0,2739,201,0,1,1,publico_es,Publico,publico_es,-0.296,negative
1917535816529608715,Wed Apr 30 11:05:39 +0000 2025,❗La UCO no encuentra información de interés en los correos y en el WhatsApp del fiscal general https://t.co/80aH1QP6xx,327,151,67,8634,118,0,0,1,publico_es,Publico,publico_es,-0.296,negative
1917534929157529749,Wed Apr 30 11:02:07 +0000 2025,"Rafa Hernando tuitea una supuesta foto de España sin luz y resulta ser el meme de una cuenta parodia ""Estoy dando volteretas"" 

Vía @Tremending 

https://t.co/Q1gOFEzkGC",201,129,15,5556,169,0,1,1,publico_es,Publico,publico_es,-0.5574,negative
1917527565792690540,Wed Apr 30 10:32:52 +0000 2025,"La Audiencia de Sevilla condena a tres años y seis meses de cárcel al exdirector de una fundación pública por la contratación ""ilegal"" de un ex alcalde del PSOE

✍️ Por Raúl Bocanegra

https://t.co/IYTpNrQt92",5,2,3,2713,208,0,0,1,publico_es,Publico,publico_es,0.0,neutral
1917520131028066417,Wed Apr 30 10:03:19 +0000 2025,El ordenamiento jurídico español se adecua al pronunciamiento del Supremo y prohíbe el registro directo de los menores nacidos por vientre de alquiler en el extranjero https://t.co/Q3MVkdDRjW,10,1,0,3888,191,0,0,1,publico_es,Publico,publico_es,0.4404,positive
1917519547449438633,Wed Apr 30 10:01:00 +0000 2025,"Detenido un matrimonio por tener a sus hijos encerrados en Oviedo durante 4 años

Vía @nortes_me 

https://t.co/r5lIhlyPZM",5,2,0,2824,122,0,1,1,publico_es,Publico,publico_es,0.0,neutral
1917512698104811785,Wed Apr 30 09:33:47 +0000 2025,"ENTREVISTA | Sergi Perelló, secretario general de la Intersindical-CSC: ""La actividad sindical en la Administración Pública es más fácil porque no existe tanto miedo a las represalias""

✍️ Por @Daroib

https://t.co/ThXlWiTI9M",4,2,2,2745,225,0,1,1,publico_es,Publico,publico_es,-0.296,negative
1917508126409920955,Wed Apr 30 09:15:37 +0000 2025,"OPINIÓN | “Ojalá a todos estos pederastas y pedófilos les llegara un apagón digital”, por Ana Bernal-Triviño (@anaisbernal)

https://t.co/6DWekXhTnh",12,4,0,4503,148,0,1,1,publico_es,Publico,publico_es,0.0,neutral
1917505115088470459,Wed Apr 30 09:03:39 +0000 2025,"El sistema energético español, ""un gigante con pies de barro"" expuesto por el apagón del siglo

✍️ Por @alexisrmoran

https://t.co/BgFa5mlrzE",4,0,0,2488,141,0,1,1,publico_es,Publico,publico_es,0.0,neutral
1917500964631724510,Wed Apr 30 08:47:10 +0000 2025,"OPINIÓN | “Nuestra dependencia de la tecnología para vivir nuestras vidas se vio cara a cara con nuestra debilidad para vivirlas más allá de la tecnología”, por Álvaro San Román https://t.co/UUuh0lQpPc",3,0,2,2778,201,0,0,1,publico_es,Publico,publico_es,0.0,neutral
1917497481186742644,Wed Apr 30 08:33:19 +0000 2025,"🟤 La resiliencia de los mayores: de la posguerra a la dictadura hasta la pandemia y el gran apagón

✍️ Por @MjosePintor 

https://t.co/YKVKrTiEui",5,1,1,2440,145,0,1,1,publico_es,Publico,publico_es,0.0,neutral
1917493522560622959,Wed Apr 30 08:17:35 +0000 2025,"OPINIÓN | “ Nunca hay que subestimar la incompetencia a la hora de evaluar un desastre, sobre todo cuando hace décadas que dejamos el sector energético en manos privadas”, por David Torres (@Kandahar41)  https://t.co/BYfDucbfCA",5,1,0,2674,227,0,1,1,publico_es,Publico,publico_es,0.0,neutral
1917492290483851331,Wed Apr 30 08:12:41 +0000 2025,❗ El juez pide al Ministerio de Transportes que informe del pago de más de 500.000 euros a Ábalos https://t.co/V01WcOI4EJ,14,8,3,3316,121,0,0,1,publico_es,Publico,publico_es,0.0,neutral
1928949878962393285,Sat May 31 23:01:03 +0000 2025,"Qué hacer ante el avance de la ultraderecha, vía Nueva Tribuna 

https://t.co/66Ror9GTtR",9,2,7,6029,88,0,0,1,publico_es,Publico,publico_es,0.0,neutral
1928934953087066268,Sat May 31 22:01:45 +0000 2025,"Ofensiva en Europa contra los derechos de los pasajeros aéreos con cuatro normas en peligro, por Laura Anido 

https://t.co/ffkvShJY1I",4,4,1,6314,134,0,0,1,publico_es,Publico,publico_es,0.0,neutral
1928929301778325931,Sat May 31 21:39:17 +0000 2025,Delirio colectivo: ¿en qué consiste y cómo nos afecta? https://t.co/TYBrUyWzkj,4,1,1,6889,78,0,0,1,publico_es,Publico,publico_es,0.0,neutral
1928915320439238765,Sat May 31 20:43:44 +0000 2025,"Historia y presente del pintxo, emblema de la cultura vasca https://t.co/w6EcCq5zyF",5,1,1,6234,83,0,0,1,publico_es,Publico,publico_es,0.0,neutral
1928892690977923483,Sat May 31 19:13:49 +0000 2025,"Tostada de aguacate y gambas: servida sobre pan tostado y cubierta con una deliciosa capa de puré de aguacate, no solo aportan un sabor y una textura maravillosos, sino que constituyen un plato muy completo https://t.co/jeujvoipEW",5,0,0,4648,230,0,0,1,publico_es,Publico,publico_es,-0.296,negative
1928888207678030234,Sat May 31 18:56:00 +0000 2025,"Cerca de 1.500 vecinos de toda Cantabria recorren Santander para protestar contra los eólicos y las plantas de biogás, vía @DiarioCantabria 

https://t.co/DIbZaBwkMu",19,2,0,4459,165,0,1,1,publico_es,Publico,publico_es,0.0,neutral
1928886662114713616,Sat May 31 18:49:51 +0000 2025,"La jueza cree que Francisco Martínez, ex número 2 de Interior con Rajoy, tuvo un ""rol central"" en la red de ciberataques con Alcasec https://t.co/E8u9czRVnV",299,199,10,6873,156,0,0,1,publico_es,Publico,publico_es,0.0,neutral
1928882346855424066,Sat May 31 18:32:43 +0000 2025,"👉La Portada de Público ya está disponible para las y los suscriptores

🗞️De Juan Carlos I a Gallardo: el aforamiento español, una rareza en Europa cuyo abuso debilita la democracia

https://t.co/MBdL4L4tah https://t.co/9fQRm3OxWF",6,5,3,4632,229,0,0,2,publico_es,Publico,publico_es,0.0,neutral
1928882047734390866,Sat May 31 18:31:31 +0000 2025,"OPINIÓN| “La universalidad acaba con el estigma, acerca a las instituciones a la población y, por tanto, fortalece la democracia”, por Guillermo Zapata 

https://t.co/o2A8PGzgIO",3,1,0,4208,177,0,0,1,publico_es,Publico,publico_es,0.0,neutral
1928877986796757063,Sat May 31 18:15:23 +0000 2025,"ENTREVISTA | Myriam Bregman, referente de la izquierda política en Argentina: ""América Latina se ha convertido en un territorio de negocios ajenos donde priman los intereses de los grandes capitales"", por Rocío Cruz

 https://t.co/Y59RF5OeCE",6,6,1,4668,241,0,0,1,publico_es,Publico,publico_es,0.34,positive
1928874008440680603,Sat May 31 17:59:35 +0000 2025,"De sufrir solas a luchar en comunidad: el movimiento de madres protectoras coge impulso en España, por María Martínez Collado

 https://t.co/H22ZdgfUNq",6,3,0,3516,151,0,0,1,publico_es,Publico,publico_es,0.0,neutral
1928869911629103307,Sat May 31 17:43:18 +0000 2025,"ENTREVISTA | Samantha Hudson, artista y activista 'queer': ""Como Ayuso es 'canallita' la gente está de acuerdo con lo que propone, pero no se va a preocupar por la clase obrera"", por Alejandra Mateo Fano 
https://t.co/Y3eVvnLJgK",11,2,6,4615,228,0,0,1,publico_es,Publico,publico_es,-0.296,negative
1928869638860943545,Sat May 31 17:42:13 +0000 2025,"VÍDEO | Así es como los fondos proisraelíes están financiando el genocidio con tu dinero, por Helena Margarit https://t.co/5fu3GM9vj0",13,12,3,4131,133,0,0,1,publico_es,Publico,publico_es,0.0,neutral
1928868843583099361,Sat May 31 17:39:03 +0000 2025,🔴ÚLTIMA HORA | Miles de vecinos de diversas zonas de España salen a la calle en contra de los macroproyectos de biogás https://t.co/4ftXS5a15g,6,2,1,4143,142,0,0,1,publico_es,Publico,publico_es,0.0,neutral
1928865161999241508,Sat May 31 17:24:25 +0000 2025,"OPINIÓN| “Feijóo no tiene ninguna autoridad para hablar de rearme moral si la foto del Congreso del PP es él, Mazón y Ayuso”, por Agustín Moreno

 https://t.co/4CPXkYbsKT",187,113,9,6385,170,0,0,1,publico_es,Publico,publico_es,-0.296,negative
1928862366399152388,Sat May 31 17:13:19 +0000 2025,"OPINIÓN| ""Vivir, y más aún siendo mujer obrera, es una experiencia lo suficientemente aleccionadora como para también hacer de menos nuestras ficciones"", por Leonor Cervantes

https://t.co/XLC4yDpF01",3,0,0,4305,199,0,0,1,publico_es,Publico,publico_es,0.0,neutral
1928859882221916619,Sat May 31 17:03:27 +0000 2025,"VÍDEO | Víctimas del fentanilo: Donald Trump pide a Sheinbaum entrar en México para frenar el narcotráfico, por Livia Drusila Castro

 https://t.co/FyIlxoRKSK",2,1,0,4032,158,0,0,1,publico_es,Publico,publico_es,0.0,neutral
1928858087474999404,Sat May 31 16:56:19 +0000 2025,"OPINIÓN| “Sus páginas son una revista de prensa, un álbum de nombres, cifras, sucesos e imágenes que encuentran cobijo en el formato inesperado de la poesía”, por Pilar Gómez

 https://t.co/Ids35PCvTs",5,1,0,3934,200,0,0,1,publico_es,Publico,publico_es,0.0,neutral
1928856853548536173,Sat May 31 16:51:24 +0000 2025,🔴ÚLTIMA HORA | Reparada la avería en Navarra que ha afectado a seis trenes de Renfe https://t.co/DJKJUi92Zj,6,3,0,4056,107,0,0,1,publico_es,Publico,publico_es,0.34,positive
1928856750645444878,Sat May 31 16:51:00 +0000 2025,"Mudi: cómo es esta original raza de perro, vía @yoanimal_p 

https://t.co/21fAwFtXdf",1,0,0,3831,84,0,1,1,publico_es,Publico,publico_es,0.3182,positive
1928855576500420894,Sat May 31 16:46:20 +0000 2025,"OPINIÓN| ""La gran limitación de la vida es que hay que acabar negociando con la realidad. En la imaginación no. Nada es tan incorruptible como un amor platónico"", por Leonor Cervantes

https://t.co/wPy7DrSfzf",1,0,0,4017,208,0,0,1,publico_es,Publico,publico_es,0.6124,positive
1928852975478571357,Sat May 31 16:36:00 +0000 2025,"Instrucciones para el inminente verano, vía @ZelebSpain 

https://t.co/LR2XHhwlSo",1,0,0,3998,81,0,1,1,publico_es,Publico,publico_es,0.0,neutral
1928851931159482551,Sat May 31 16:31:51 +0000 2025,"OPINIÓN| “Melody ha decidido salvar su culo. Sabe que su carrera musical puede ser limitada”, por Toni Mejías 

https://t.co/S6JThOjJEw",22,10,3,7528,135,0,0,1,publico_es,Publico,publico_es,0.34,positive
1928850080104087810,Sat May 31 16:24:30 +0000 2025,"Melody vs. Broncano: una polémica en torno a la salud mental y al ataque de Israel contra Palestina, por Henrique Mariño

https://t.co/vn5pPlDz6Y",5,1,6,5013,145,0,0,1,publico_es,Publico,publico_es,0.0,neutral
1928849668877812027,Sat May 31 16:22:52 +0000 2025,❗❗❗Hamás reclama un alto el fuego permanente y la salida de las tropas de Israel de Gaza y propone liberar a diez rehenes vivos https://t.co/PgnHiKwmMM,63,35,47,8416,151,0,0,1,publico_es,Publico,publico_es,0.0,neutral
1928847621730324941,Sat May 31 16:14:43 +0000 2025,"Un año de la amnistía: celeridad a la hora de aplicarla a los policías y sin resolver la situación de los líderes del 'procés', por Albert Aragonés

https://t.co/yN9XNvOM2E",4,3,2,3806,172,0,0,1,publico_es,Publico,publico_es,-0.4404,negative
1928845279928717799,Sat May 31 16:05:25 +0000 2025,"OPINIÓN| ""Según Jaime Miquel la única forma de que hubiera una reedición de un Consejo de Ministros progresistas era que las fuerzas de izquierdas se reorganizaran"", por Sato Díaz

https://t.co/SDCOkJBRrE",11,5,2,4290,204,0,0,1,publico_es,Publico,publico_es,0.0,neutral
1928843917304254503,Sat May 31 16:00:00 +0000 2025,"🔴 REPORTAJE | Una vida en pausa, así viven cientos de niños refugiados que tras ser víctimas de los procesos burocráticos, pierden las ganas de vivir.

✍️ Por Carmen Aparicio

#derechoshumanos #refugiados #burocracia #poblaciónmigrante https://t.co/w4JCksVxnz",11,11,0,3527,259,4,0,1,publico_es,Publico,publico_es,0.0,neutral
1928842907382903251,Sat May 31 15:55:59 +0000 2025,"ENTREVISTA | Sonia Boulos: ""Hoy, la población civil de Gaza ya no lucha por su propia supervivencia, sino por un orden internacional que castiga el colonialismo en todas sus formas"", por Ana María Pascual

https://t.co/6RUFjPFkkw",6,2,0,3630,229,0,0,1,publico_es,Publico,publico_es,-0.296,negative
1928837624753451358,Sat May 31 15:35:00 +0000 2025,"La Ilustración según Kant o la ‘Ilustración Oscura’, vía @nuevatribuna 

https://t.co/erEdpXi9Wk",1,1,0,4502,96,0,1,1,publico_es,Publico,publico_es,0.0,neutral
1928835410244808827,Sat May 31 15:26:12 +0000 2025,"ENTREVISTA | Myriam Bregman, referente de la izquierda política en Argentina: ""Cuando Milei habla de 'motosierra', no habla de recortes para todos: lo que busca es desmantelar la salud y la educación públicas"", por Rocío Cruz

 https://t.co/3oaUITbZ62",24,14,4,4251,251,0,0,1,publico_es,Publico,publico_es,-0.296,negative
1928833583424139495,Sat May 31 15:18:56 +0000 2025,"OPINIÓN| “Es importante que los derechos sean universales porque la forma de los derechos describe la idea de sociedad detrás de ellos”, por Guillermo Zapata

https://t.co/pADzvixaOC",8,1,0,4139,182,0,0,1,publico_es,Publico,publico_es,0.0,neutral
1928831426754929037,Sat May 31 15:10:22 +0000 2025,"Rut Moyano, portavoz de los Comités Locales de Emergencia y Reconstrucción de la DANA: ""Si no es por la movilización social, no sobrevivimos. Solo la ciudadanía tiene como objetivo principal salvar vidas"", por Rocío Cruz

https://t.co/AO3CqGUvhF",10,8,0,3995,245,0,0,1,publico_es,Publico,publico_es,-0.5267,negative
1928829381121548529,Sat May 31 15:02:15 +0000 2025,"La amnistía celebra su primer año marcada por la resistencia del Supremo, que se niega a aplicarla a Puigdemont o Junqueras, por Albert Aragonés

https://t.co/KF6lwoipSd",4,1,1,3936,169,0,0,1,publico_es,Publico,publico_es,0.4404,positive
1928826842468782238,Sat May 31 14:52:09 +0000 2025,"ENTREVISTA | Alberto Reyero, consejero del Gobierno de Ayuso durante la pandemia: ""Rechazar el ingreso hospitalario de los mayores y dejarlos abandonados en las residencias no tiene justificación"", por Rocío Cruz

https://t.co/t2OMK2YFsX",89,58,5,4638,237,0,0,1,publico_es,Publico,publico_es,-0.296,negative
1928824159410200984,Sat May 31 14:41:30 +0000 2025,"Del barro de la DANA al olvido en las residencias: ""Cuando la vida no es una prioridad política, el desastre se convierte en tragedia"", por Rocío Cruz

https://t.co/VJJIlOLJi3",28,10,1,4086,175,0,0,1,publico_es,Publico,publico_es,-0.296,negative
1928822021808599325,Sat May 31 14:33:00 +0000 2025,"Se estrena la película más original y necesaria sobre Doñana, vía @Elasombrario 

https://t.co/yaTP94ZOmx",9,8,3,4428,105,0,1,1,publico_es,Publico,publico_es,0.3182,positive
1928821919844884661,Sat May 31 14:32:36 +0000 2025,"La UE estudia una reforma que recortaría los derechos de los pasajeros aéreos, por Laura Anido

https://t.co/ymyQSWMMGP",4,7,2,4175,119,0,0,1,publico_es,Publico,publico_es,0.0,neutral
1928817487870595299,Sat May 31 14:14:59 +0000 2025,Alitas de pollo asadas al chimichurri: alcanzan la máxima expresión del hedonismo gastronómico https://t.co/r3c2mPyoGK,1,0,0,4309,118,0,0,1,publico_es,Publico,publico_es,0.0,neutral
1928814419368194347,Sat May 31 14:02:47 +0000 2025,"OPINIÓN| “Feijóo tampoco se atreve a pedir explicaciones a Ayuso sobre su nefasta gestión con el resultado de miles de muertes que se podían haber evitado”, por Agustín Moreno 

 https://t.co/v6SX2hptih",15,11,4,4563,202,0,0,1,publico_es,Publico,publico_es,0.0,neutral
1928811797890371787,Sat May 31 13:52:22 +0000 2025,"OPINIÓN| ""Sus reflexiones siempre se encaminaban a describir hacia dónde se debía dirigir la izquierda para lograr una victoria electoral"", por Sato Díaz

https://t.co/7fCg7sgq1t",5,1,0,4165,178,0,0,1,publico_es,Publico,publico_es,0.0,neutral
1928810453150388610,Sat May 31 13:47:02 +0000 2025,"🔴ÚLTIMA HORA |Una avería en la catenaria entre Marcilla y Olite afecta el funcionamiento de seis trenes de Renfe en Navarra 

https://t.co/BQs6rGMkNA",4,2,2,4202,149,0,0,1,publico_es,Publico,publico_es,0.0,neutral
1928809132313755676,Sat May 31 13:41:47 +0000 2025,"El Partido Popular eleva el tono y tacha a Sánchez de mafioso y corrupto. ¿Qué consecuencias tiene en la política que el principal partido de la oposición hable así del presidente?, por José Carmona

https://t.co/yvwXDOdHlb",4,3,7,4241,223,0,0,1,publico_es,Publico,publico_es,0.4215,positive
1928806670832120316,Sat May 31 13:32:00 +0000 2025,"Lee Miller, Francesca Albanese y la bañera de Netanyahu, vía @ctxt_es 

https://t.co/vpMdlAaHks",4,2,1,3875,95,0,1,1,publico_es,Publico,publico_es,0.0,neutral
1928804970645647785,Sat May 31 13:25:15 +0000 2025,Delirio colectivo: ¿en qué consiste y cómo nos afecta? https://t.co/yyJAwXSlE9,4,1,0,4043,78,0,0,1,publico_es,Publico,publico_es,0.0,neutral
1928803235944419528,Sat May 31 13:18:21 +0000 2025,"De la DANA a las residencias de Madrid en la pandemia: ""La misma historia de abandono y negligencia institucional"", por Rocío Cruz

https://t.co/7rsjb6kFoZ",27,8,5,4050,155,0,0,1,publico_es,Publico,publico_es,0.0,neutral
1928799295274111037,Sat May 31 13:02:42 +0000 2025,"ENTREVISTA | Sonia Boulos: ""Ningún experto en derecho internacional serio puede defender la postura de que Israel ejerce legítima defensa"", por Ana María Pascual

https://t.co/QnKAqK0oKB",19,10,2,3948,186,0,0,1,publico_es,Publico,publico_es,0.1027,positive
1928796603915047173,Sat May 31 12:52:00 +0000 2025,"LEVEL: medidas permitidas para el equipaje de mano, vía @Publicoviajes 

https://t.co/f4eLzB2Wm8",1,0,0,3580,96,0,1,1,publico_es,Publico,publico_es,0.0,neutral
1928795764743868922,Sat May 31 12:48:40 +0000 2025,"OPINIÓN| “Una estadística macabra que cinco meses después de la publicación del poemario supera los 50.000 muertos. La poesía también se acuerda de ellos”, por Pilar Gómez

 https://t.co/ufCUSnJzN8",2,1,1,3452,197,0,0,1,publico_es,Publico,publico_es,0.0,neutral
1928794032685142093,Sat May 31 12:41:47 +0000 2025,"De sufrir solas a luchar en comunidad: el movimiento de madres protectoras coge impulso en España, por María Martínez Collado

 https://t.co/mipggeE1Nr",6,0,1,3502,151,0,0,1,publico_es,Publico,publico_es,0.0,neutral
1928791319276663095,Sat May 31 12:31:00 +0000 2025,"Delirio colectivo: ¿en qué consiste y cómo nos afecta?, vía @Publicopsico 

https://t.co/5gwnorMLHM",2,1,1,3844,99,0,1,1,publico_es,Publico,publico_es,0.0,neutral
1928790086562230550,Sat May 31 12:26:06 +0000 2025,"Historia y presente del pintxo, emblema de la cultura vasca https://t.co/plZ4XRQcLA",4,0,0,3464,83,0,0,1,publico_es,Publico,publico_es,0.0,neutral
1928787401863844185,Sat May 31 12:15:26 +0000 2025,"Los derechos de los pasajeros aéreos europeos, en riesgo: la UE estudia una reforma que los rebajaría, por Laura Anido

https://t.co/ZgfWmMWSyx",3,1,1,4065,143,0,0,1,publico_es,Publico,publico_es,0.0,neutral
1928784827609702577,Sat May 31 12:05:12 +0000 2025,"VÍDEO | Víctimas del fentanilo: Donald Trump pide a Sheinbaum entrar en México para frenar el narcotráfico, por Livia Drusila Castro

 https://t.co/YyhiRWwIIO",6,2,0,3723,158,0,0,1,publico_es,Publico,publico_es,0.0,neutral
1928782680633536646,Sat May 31 11:56:40 +0000 2025,"OPINIÓN| ""La mayoría de días, prefiero las historias que solo pasan en mi cabeza antes que mi rutina de cemento armado"", por Leonor Cervantes

https://t.co/HiUOBV7zde",3,0,0,3086,166,0,0,1,publico_es,Publico,publico_es,0.0,neutral
1928780522450284795,Sat May 31 11:48:06 +0000 2025,"OPINIÓN| “Hace tiempo que la dinámica que alimentan algunos dirigentes en ese espacio político es la del odio, la violencia verbal y la zafiedad”, por Agustín Moreno

 https://t.co/Z7rNyemtHI",12,10,2,3385,191,0,0,1,publico_es,Publico,publico_es,0.0,neutral
1928778305613811972,Sat May 31 11:39:17 +0000 2025,"OPINIÓN| “¿Por qué es importante que en la medida de lo posible tendamos a que los derechos sean universales?”, por Guillermo Zapata 

https://t.co/xo3gn5Lq4W",4,2,2,3393,158,0,0,1,publico_es,Publico,publico_es,0.0,neutral
1928775287996596585,Sat May 31 11:27:18 +0000 2025,"OPINIÓN| “Melody tiene todo su derecho a no posicionarse y no debe quedar como abanderada de nada, pero al menos que no mienta”, por Toni Mejías

https://t.co/Tv3Yju2wMg",111,26,23,9426,169,0,0,1,publico_es,Publico,publico_es,-0.6808,negative
1928772284044529776,Sat May 31 11:15:22 +0000 2025,"Melody vs. Broncano: una polémica en torno a la salud mental y al ataque de Israel contra Palestina, por Henrique Mariño

https://t.co/R5hsblt8K4",8,2,3,3451,145,0,0,1,publico_es,Publico,publico_es,0.0,neutral
1928768841582092673,Sat May 31 11:01:41 +0000 2025,"El Partido Popular eleva el tono y tacha a Sánchez de mafioso y corrupto. ¿Qué consecuencias tiene en la política que el principal partido de la oposición hable así del presidente?, por José Carmona

https://t.co/KOSnlLv2Xk",118,70,130,7145,223,0,0,1,publico_es,Publico,publico_es,0.4215,positive
1939821496383238397,Mon Jun 30 23:00:59 +0000 2025,Las formaciones de Feijóo y Abascal comparten gran parte de su ideario político y en varias propuestas utilizan incluso las mismas expresiones y ejemplos https://t.co/5sYpwW1trB,12,7,0,4033,177,0,0,1,publico_es,Publico,publico_es,0.0,neutral
1939821250773209243,Mon Jun 30 23:00:00 +0000 2025,"Estereotipos machistas en la Justicia

Vía: @ctxt_es 

https://t.co/6Qa6pg4B76",5,0,0,3376,78,0,1,1,publico_es,Publico,publico_es,0.0,neutral
1939806148913434632,Mon Jun 30 22:00:00 +0000 2025,"La ecopoesía de Alba Vidal

Vía: @librujula 

https://t.co/2OPm5GR5Aa",4,1,0,4988,69,0,1,1,publico_es,Publico,publico_es,0.0,neutral
1939802373821702368,Mon Jun 30 21:45:00 +0000 2025,"Una ruptura de la democracia en EEUU

Vía: @ctxt_es 

https://t.co/mSFQhHmn8Q",3,1,1,5628,77,0,1,1,publico_es,Publico,publico_es,0.0,neutral
1939799165770309718,Mon Jun 30 21:32:15 +0000 2025,"Una avería en la catenaria interrumpe la circulación de la alta velocidad entre Madrid y Andalucía a su paso por Toledo

Vía @periodicoclm  https://t.co/vrvGI7URCS",5,1,1,6090,163,0,1,1,publico_es,Publico,publico_es,0.0,neutral
1939799124875907386,Mon Jun 30 21:32:05 +0000 2025,El rey Juan Carlos publicará sus memorias a finales de año en un intento de lavar su imagen https://t.co/sjmZkV8gXy,2,0,8,6066,115,0,0,1,publico_es,Publico,publico_es,0.0,neutral
1939791410003071117,Mon Jun 30 21:01:26 +0000 2025,La OCU denuncia un incremento en el precio de la luz tras el apagón de abril https://t.co/reIsNAKc3Z,56,37,2,7473,100,0,0,1,publico_es,Publico,publico_es,0.0,neutral
1939787274117640682,Mon Jun 30 20:45:00 +0000 2025,"Caroline ‘Tula’ Cossey: historia de una pionera trans

Vía: @Elasombrario 

https://t.co/MNF31afWlG",2,1,0,5574,99,0,1,1,publico_es,Publico,publico_es,0.0,neutral
1939787265527476644,Mon Jun 30 20:44:58 +0000 2025,La Policía Nacional detuvo esta pasada madrugada al torero Cayetano Rivera Ordóñez por resistirse a los agentes tras un altercado con los empleados de una hamburguesería de Madrid https://t.co/qS1Fniu0sI,107,53,14,9718,203,0,0,1,publico_es,Publico,publico_es,0.0,neutral
1939781967941136641,Mon Jun 30 20:23:55 +0000 2025,"📰 La Portada de Público ya está disponible para las y los suscriptores: 

👉 Las razones por las que el juez manda a prisión provisional a Cerdán antes de registrar su domicilio

 https://t.co/fkNMGrK5WZ",6,4,7,6506,202,0,0,1,publico_es,Publico,publico_es,0.0,neutral
1939768844836392992,Mon Jun 30 19:31:46 +0000 2025,El aumento de las temperaturas significa mayor riesgo de incendios. Estas son las claves para prevenirlos y reducir su impacto. https://t.co/VvKnKeAqR6,4,0,0,4877,151,0,0,1,publico_es,Publico,publico_es,0.0,neutral
1939764625219751962,Mon Jun 30 19:15:00 +0000 2025,"OPINIÓN | ""Ten claro lo que buscas en los demás. No dejes de lado tus prioridades. Quiérete a ti misma. Todos son mantras egocéntricos pero, sobre todo, son eslóganes que te obligan a tenerte demasiado estudiada"" por Leonor Cervantes (@_leonera_)

https://t.co/AY3AtcJ1nG",7,1,0,6045,271,0,1,1,publico_es,Publico,publico_es,-0.296,negative
1939764212667920388,Mon Jun 30 19:13:22 +0000 2025,"Jorge Glas, expresidente de Ecuador, es condenado por malversación de fondos https://t.co/oCYkRQq8Gk",1,2,0,4729,100,0,0,1,publico_es,Publico,publico_es,0.0,neutral
1939761529198416072,Mon Jun 30 19:02:42 +0000 2025,"'Brokeback Mountain', 'Call Me by Your Name' o '20.000 especies de abejas': las 10 mejores películas LGTBIQ+ para celebrar el Orgullo https://t.co/1sd82ZlVnN",4,2,1,5780,157,0,0,1,publico_es,Publico,publico_es,0.0,neutral
1939753796613153072,Mon Jun 30 18:31:58 +0000 2025,La OMS alerta que la soledad afecta a una de cada seis personas en el mundo https://t.co/in2ApkbPh9,6,4,0,4297,99,0,0,1,publico_es,Publico,publico_es,0.0,neutral
1939749525280973256,Mon Jun 30 18:15:00 +0000 2025,"OPINIÓN |“No hemos tenido la clarividencia de crear las bases para evitar que el planeta esté en manos de una decena de señores seniles que van dando palos de ciego”, por Lucila Rodríguez-Alarcón

https://t.co/ArP5Y6yrS4",17,7,0,4311,220,0,0,1,publico_es,Publico,publico_es,0.0,neutral
1939746180985974863,Mon Jun 30 18:01:42 +0000 2025,👉 Santos Cerdán ingresa en Soto del Real y otras cuatro noticias importantes de hoy https://t.co/cyvn9yeOz6,7,2,5,4808,107,0,0,1,publico_es,Publico,publico_es,0.0,neutral
1939741976179396884,Mon Jun 30 17:45:00 +0000 2025,"Crónica del concierto de 'Rüfüs du Sol' en el Alma Festival del pasado fin de semana

Vía @nuevatribuna 

https://t.co/OT5UEdtxrL",1,1,0,4134,129,0,1,1,publico_es,Publico,publico_es,0.4939,positive
1939739128473477366,Mon Jun 30 17:33:41 +0000 2025,"🔴Sigue en directo una nueva entrega de 'Biblioteca Público', una sección con @noeliaclasica en la que hablamos de ensayos, libros de teoría política, sociología e historia... Hoy: ‘El imperio de las armas’, de la historiadora Priya Satia
https://t.co/IBmjKLytxT",3,3,0,4633,261,0,1,1,publico_es,Publico,publico_es,0.0,neutral
1939734426222829648,Mon Jun 30 17:15:00 +0000 2025,"OPINIÓN | “Las casi 300.000 personas que recorrieron las calles de Budapest, desafiando al ultraderechista de Orbán, nos volvieron a recordar que solo conseguimos derechos cuando hacemos que nuestras diferencias luchen juntas.” por Paco Tomás

https://t.co/awazKPCzsX",12,7,1,3933,267,0,0,1,publico_es,Publico,publico_es,0.0,neutral
1939731756405370997,Mon Jun 30 17:04:23 +0000 2025,La comunidad educativa cierra junio sin avances en las negociaciones sobre el nuevo Estatuto del Docente https://t.co/LxstsBfO6F,3,2,0,3338,128,0,0,1,publico_es,Publico,publico_es,-0.5574,negative
1939726808229814401,Mon Jun 30 16:44:44 +0000 2025,🔴ÚLTIMA HORA I El BBVA sigue adelante con su OPA sobre el Banco Sabadell https://t.co/2vKQlHk7nU,3,1,0,4041,96,0,0,1,publico_es,Publico,publico_es,0.0,neutral
1939724099221115143,Mon Jun 30 16:33:58 +0000 2025,Al menos 33 personas han muerto desde la pasada noche en nuevos bombardeos israelíes en la Franja de Gaza https://t.co/sg4tOUcErA,8,8,1,4025,129,0,0,1,publico_es,Publico,publico_es,0.0,neutral
1939719326401245397,Mon Jun 30 16:15:00 +0000 2025,"OPINIÓN | “¿Se imaginan a Felipe González acosado por el fascista Vito Quiles y su micrófono a la salida de cualquier acto público madrileño?”, por Juan Tortosa (@juanjtortosa)

https://t.co/7zrpmBqaxi",13,10,2,4443,201,0,1,1,publico_es,Publico,publico_es,0.0,neutral
1939715924661026864,Mon Jun 30 16:01:29 +0000 2025,"La sanidad pública española cuenta con 9 psiquiatras por cada 100.000 habitantes por debajo de los 18 que tienen otros países europeos

✍️ Por Santiago F. Reviejo

https://t.co/jnrdMcxfbT",21,19,3,4841,187,0,0,1,publico_es,Publico,publico_es,0.0,neutral
1939711777282920626,Mon Jun 30 15:45:00 +0000 2025,"Cristina Calandre Hoenigsfeld nos cuenta las jornadas de memoria democrática 'España, 50 años de libertad'

Vía @nuevatribuna 

https://t.co/6BmNo71aXN",11,3,1,4041,151,0,1,1,publico_es,Publico,publico_es,0.0,neutral
1939708453313798622,Mon Jun 30 15:31:47 +0000 2025,"El calor sigue dejando en alerta a la mayoría de comunidades, mientras la AEMET advierte de posibles tormentas con granizo en varios puntos del país. https://t.co/tCYdpnd7Br",2,0,0,4107,173,0,0,1,publico_es,Publico,publico_es,0.0,neutral
1939704227158540461,Mon Jun 30 15:15:00 +0000 2025,"OPINIÓN | ""Aquí todo Dios te cuela en una frase la palabra 'límites', 'autocuidado', 'priorizarse' o los distintos tipos de apego. La gente está el día gestionando cosas y el pilar de cualquier relación parece ser la comunicación"" por Leonor Cervantes

https://t.co/AY3AtcJzde",6,2,1,4228,276,0,0,1,publico_es,Publico,publico_es,0.0,neutral
1939701028602925165,Mon Jun 30 15:02:17 +0000 2025,Movimiento Sumar y los comuns mueven ficha en el 'caso Cerdán' https://t.co/4n4ynCTBVD,2,1,5,4470,86,0,0,1,publico_es,Publico,publico_es,0.0,neutral
1939696876355244268,Mon Jun 30 14:45:47 +0000 2025,El inspector Bonifacio Díaz niega ante el juez haber realizado una investigación irregular a Podemos o a sus miembros https://t.co/z43eRGUPGO,6,2,1,4460,141,0,0,1,publico_es,Publico,publico_es,0.0,neutral
1939693662205583841,Mon Jun 30 14:33:01 +0000 2025,"Primera querella colectiva por acoso inmobiliario contra una promotora: los vecinos de Tribulete 7 plantan cara a la socimi Elix Rental Housing 

✍️ Por Inés García

https://t.co/qrGcZ5TBXu",45,24,1,6656,189,0,0,1,publico_es,Publico,publico_es,0.0,neutral
1939689128079057092,Mon Jun 30 14:15:00 +0000 2025,"OPINIÓN | “La vida diaria me devuelve al valor de lo cotidiano, me recuerda la cara más concreta y frecuente de la vejez que tiene lugar en los barrios en la puerta de abajo” por Lucila Rodríguez-Alarcón

https://t.co/ArP5Y6xU2w",3,0,2,4276,228,0,0,1,publico_es,Publico,publico_es,0.0,neutral
1939686229676527728,Mon Jun 30 14:03:29 +0000 2025,"Sánchez anuncia la apertura de una oficina de Naciones Unidas en Madrid

✍️ Por Raúl Bocanegra

https://t.co/RXOaxCoqOE",35,17,5,4998,119,0,0,1,publico_es,Publico,publico_es,0.0,neutral
1939678205767500010,Mon Jun 30 13:31:36 +0000 2025,Último día para presentar la Renta 2024: una campaña con más declaraciones respecto a otros años y predominio de devoluciones. https://t.co/inCIjg1q1a,2,2,1,4688,150,0,0,1,publico_es,Publico,publico_es,0.0,neutral
1939674028702371858,Mon Jun 30 13:15:00 +0000 2025,"OPINIÓN | “Acudir a manifestarse a Budapest es un ejemplo de lo que podemos hacer con nuestro privilegio. Porque pagarse un billete y un alojamiento en Budapest solo se puede hacer desde el privilegio”, por Paco Tomás

https://t.co/awazKPCzsX",18,10,3,4622,242,0,0,1,publico_es,Publico,publico_es,0.0,neutral
1939669778064396387,Mon Jun 30 12:58:07 +0000 2025,"❗ Cuca Gamarra pide a Feijóo abandonar el cargo de secretaria general del PP: ""Toca otra etapa"" https://t.co/kHUcelcFyd",16,10,13,8080,119,0,0,1,publico_es,Publico,publico_es,0.0,neutral
1939667610339037448,Mon Jun 30 12:49:30 +0000 2025,"🔴DIRECTO I Pedro Sánchez, sobre la salud global y la crisis de financiación: ""Allí donde otros dan un paso atrás o se ponen de perfil, humildemente desde España nos vamos a poner al frente"" https://t.co/Dzj5XwMcWr",24,8,12,4987,213,0,0,1,publico_es,Publico,publico_es,-0.6249,negative
1939666743619649633,Mon Jun 30 12:46:03 +0000 2025,"🔴DIRECTO I Pedro Sánchez, sobre el papel de España a favor de las transiciones justas y resiliencias climáticas en el sector de la aviación con una propuesta de ""tasa específica a billetes de clase ejecutiva y jets privados"" https://t.co/kUnmG4GxYI",253,93,110,17233,248,0,0,1,publico_es,Publico,publico_es,0.4019,positive
1939666705342427390,Mon Jun 30 12:45:54 +0000 2025,El TSJ de Extremadura no reconoce el aforamiento de Gallardo y rechaza asumir el caso https://t.co/uswpuNw4kJ,6,1,2,4381,109,0,0,1,publico_es,Publico,publico_es,-0.296,negative
1939663226200805852,Mon Jun 30 12:32:04 +0000 2025,"""Se han asumido las responsabilidades, se ha apartado a Santos Cerdán del PSOE y es el momento de la Justicia"", afirma el presidente. 

✍️Por Raúl Bocanegra

https://t.co/jqv41hjXSk",17,3,7,4333,181,0,0,1,publico_es,Publico,publico_es,0.34,positive
1939662137124639172,Mon Jun 30 12:27:45 +0000 2025,"🔴DIRECTO I Pedro Sánchez interviene en el evento 'Implementando la Plataforma de Sevilla para la Acción': ""Con menos del 1% de la riqueza global sería posible cerrar el déficit anual de 4,3 billones de dólares"" https://t.co/vTxhDf8KUd",41,11,6,6210,234,0,0,1,publico_es,Publico,publico_es,0.0,neutral
1939658929296052276,Mon Jun 30 12:15:00 +0000 2025,"OPINIÓN | “Este año Almeida ha permitido que la bandera LGTBI ondee en los balcones de los grupos municipales que lo soliciten, no vayan a pensar que el alcalde es un homófobo y un cateto”, por David Torres (@Kandahar41)

https://t.co/YcRm2sUDDr",10,1,1,3885,245,0,1,1,publico_es,Publico,publico_es,0.0516,positive
1939656252092563943,Mon Jun 30 12:04:22 +0000 2025,"Las denuncias por brutalidad policial a migrantes, en el foco: “Sufrí un derrame cerebral por la paliza”

✍️ Por @LauraAnido99 

https://t.co/ipMqKwVKhl",14,11,1,3752,152,0,1,1,publico_es,Publico,publico_es,0.0,neutral
1939651817849204808,Mon Jun 30 11:46:45 +0000 2025,🔴 ÚLTIMA HORA | El juez dicta prisión incondicional para Santos Cerdán https://t.co/SY69z2Ws00,73,20,40,10970,94,0,0,1,publico_es,Publico,publico_es,0.0,neutral
1939651053533712829,Mon Jun 30 11:43:42 +0000 2025,"🔴 DIRECTO | Pedro Sánchez, sobre Santos Cerdán: ""Es la justicia quien tiene que dirimir cuáles son las responsabilidades que pueda tener en este caso"" https://t.co/D1LP9FLfOD",16,6,14,21410,174,0,0,1,publico_es,Publico,publico_es,0.0,neutral
1939648435021361395,Mon Jun 30 11:33:18 +0000 2025,"Figuras como Salvador Illa o Montse Mínguez aumentan la relevancia del PSC en Madrid mientras los catalanes buscan mantener su autonomía orgánica

✍️ Por @FerranEspada 

https://t.co/HNi6k7LtXt",9,3,0,3444,193,0,1,1,publico_es,Publico,publico_es,0.0,neutral
1939648107609759985,Mon Jun 30 11:32:00 +0000 2025,"🔴 DIRECTO | Pedro Sánchez, junto al secretario general de Naciones Unidas: ""Un mundo mejor es posible y el multilateralismo es la mejor herramienta que tenemos para poder construirlo"" https://t.co/3rTuzNoNGn",43,13,2,3624,207,0,0,1,publico_es,Publico,publico_es,0.0,neutral
1939646979195170822,Mon Jun 30 11:27:31 +0000 2025,"🔴 DIRECTO | Pedro Sánchez, sobre la Conferencia Internacional sobre la Financiación para el Desarrollo: ""A esos ciudadanos que legítimamente se preguntan sobre la eficacia de este tipo de conferencias, les digo que no podrán avanzar si medio mundo se queda atrás"" https://t.co/Y44L973Qnl",19,5,12,4189,287,0,0,1,publico_es,Publico,publico_es,-0.296,negative
1939643829084160115,Mon Jun 30 11:15:00 +0000 2025,"OPINIÓN | “Las preguntas que estos tipos hace no son preguntas, sino juicios de valor y provocaciones”, por Juan Tortosa (@juanjtortosa)

https://t.co/7zrpmBpCHK",14,8,2,3802,161,0,1,1,publico_es,Publico,publico_es,-0.296,negative
1939641220784968092,Mon Jun 30 11:04:38 +0000 2025,"Chueca pasó de ser un barrio denostado a convertirse en un parque temático para el turismo de masas. ""Las inmobiliarias vieron un paraíso para convertir esto en un hervidero de Airbnb"", lamenta una vecina

✍️ Por @victorrlopz

https://t.co/hQvMkXQB2d",12,9,1,3710,250,0,1,1,publico_es,Publico,publico_es,0.0,neutral
1939633344729268359,Mon Jun 30 10:33:20 +0000 2025,"Gastos récord en guerra, mínimos históricos en salvar vidas: lideres internacionales debaten en Sevilla el futuro del desarrollo

✍️ Por @LauraAnido99 

https://t.co/Xmub21GoPd",11,11,0,3523,176,0,1,1,publico_es,Publico,publico_es,0.0,neutral
1939630941829300722,Mon Jun 30 10:23:47 +0000 2025,"La respuesta del dúo Bob Vylan al intento de censura de la BBC al grupo Kneecap sobre Palestina 

Vía @Tremending 
https://t.co/oZBrzU27EH",4,2,1,3454,138,0,1,1,publico_es,Publico,publico_es,0.0,neutral
1939626418574344663,Mon Jun 30 10:05:49 +0000 2025,🔴 ÚLTIMA HORA | La Fiscalía pide prisión provisional para Santos Cerdán https://t.co/yB30lWohQs,6,3,6,5309,95,0,0,1,publico_es,Publico,publico_es,0.0,neutral
1939625992223424899,Mon Jun 30 10:04:07 +0000 2025,"Gastos de gestión desmesurados o cambios de cartel a última hora: estos son los abusos a los asistentes en la venta de entradas de conciertos y festivales

✍️ Por @LauraAnido99 

https://t.co/mxijtNTl7C",1,1,2,3338,202,0,1,1,publico_es,Publico,publico_es,0.0,neutral
1939621447514636794,Mon Jun 30 09:46:04 +0000 2025,"VIÑETA | Orgullo 2025, por @enekohumor

https://t.co/Hy7Qe92VKm",3,0,0,3074,63,0,1,1,publico_es,Publico,publico_es,0.0,neutral
1939618127295193402,Mon Jun 30 09:32:52 +0000 2025,"El PP ha gastado en 17 años 4,5 millones en ayudas de la Xunta al gallego para financiar a periódicos afines que siguen editando en castellano

✍️ Por @jolivertuis

https://t.co/6R1JIliIGZ",96,79,8,5057,188,0,1,1,publico_es,Publico,publico_es,0.34,positive
1939616112208961563,Mon Jun 30 09:24:52 +0000 2025,"""Si quieres ser uno de los mejores del mundo en lo que sea le puedes dedicar solo 40 horas a la semana, eso no ocurre"", ha defendido el chef Dabiz Muñoz 

Vía @tremending

https://t.co/rTSsjcch8v",1,0,9,3624,195,0,1,1,publico_es,Publico,publico_es,-0.5,negative
1939614018181722204,Mon Jun 30 09:16:32 +0000 2025,Comienza la Conferencia sobre Financiación para el Desarrollo de la ONU en Sevilla con la presencia de decenas de líderes internacionalees https://t.co/zVCty7nENn,7,2,0,3120,162,0,0,1,publico_es,Publico,publico_es,0.0,neutral
1939610788659941698,Mon Jun 30 09:03:42 +0000 2025,Santos Cerdán entra en el Supremo para declarar como investigado por su presunta implicación en la trama de mordidas https://t.co/0Nq7N1r1e8,2,1,0,3613,140,0,0,1,publico_es,Publico,publico_es,0.4404,positive
1939606490928562271,Mon Jun 30 08:46:38 +0000 2025,"OPINIÓN | ""Una conversación con una es un pozo sin fondo en el que siempre puedes colgarte de una liana más. Nadie te sacará de esa jungla"" por Leonor Cervantes (@_leonera_)

https://t.co/AyC6dr8YpX",3,1,0,4398,198,0,1,1,publico_es,Publico,publico_es,-0.5574,negative
1951055279078121601,Thu Jul 31 23:00:02 +0000 2025,"Yeguas ‘bomberas’ y el infierno de los incendios de sexta generación

Vía: @Elasombrario 

https://t.co/Ky6YQbDYYQ",6,6,0,4014,114,0,1,1,publico_es,Publico,publico_es,0.0,neutral
1951040182826021317,Thu Jul 31 22:00:02 +0000 2025,"Las serpientes más peligrosas cuando paseas con tu perro

Vía: @yoanimal_p 

https://t.co/1ucxCEPUZ9",1,0,1,4924,100,0,1,1,publico_es,Publico,publico_es,0.0,neutral
1951036397772546304,Thu Jul 31 21:45:00 +0000 2025,"Asesinato, no crisis

Vía: @ctxt_es 

https://t.co/bwUARL3RHE",3,5,0,4882,61,0,1,1,publico_es,Publico,publico_es,0.5096,positive
1951032039668367614,Thu Jul 31 21:27:41 +0000 2025,"Catalunya asumirá funciones de gestión del IRPF a partir de 2028, según el plan director de la Agència Tributària https://t.co/WukZpXfs99",2,0,0,5441,137,0,0,1,publico_es,Publico,publico_es,0.0,neutral
1951021298571681796,Thu Jul 31 20:45:00 +0000 2025,"Gisela Martín le echa un pulso al glioblastoma

Vía: @librujula 

https://t.co/5PcqGR7f5s",4,1,1,5872,89,0,1,1,publico_es,Publico,publico_es,0.0,neutral
1951019844213592231,Thu Jul 31 20:39:13 +0000 2025,"📰La Portada de Público ya está disponible para las y los suscriptores: 

🔴EXCLUSIVA | La cuidadora Teresa minutos antes de ser asesinada, a su empresa: ""Renuncio por acoso laboral. Os doy 15 días""

https://t.co/MBdL4L4tah https://t.co/jaVUpsKFPn",6,4,2,5446,245,0,0,2,publico_es,Publico,publico_es,0.0,neutral
1951006198658113780,Thu Jul 31 19:45:00 +0000 2025,"Qué ha sido de Cynthia y Brittany Daniel, ‘Las gemelas de Sweet Valley’

Vía: @ZelebSpain 

https://t.co/W5SJO7LbRQ",5,0,1,5607,115,0,1,1,publico_es,Publico,publico_es,0.6597,positive
1951002922428318187,Thu Jul 31 19:31:59 +0000 2025,La Xunta de Galicia culpa a las mujeres de que las asesinen en respuesta a un informe sobre la prevención de violencia machista en Galicia https://t.co/3mRmWd0Qlh,221,244,39,15007,162,0,0,1,publico_es,Publico,publico_es,0.0,neutral
1950998648692810134,Thu Jul 31 19:15:00 +0000 2025,"OPINIÓN | “Solo nos queda la movilización social para hacerle frente. Si no lo frenamos, Europa será un mero apéndice de las políticas trumpistas”, por Juantxo López

https://t.co/4Urcre50gA",137,52,34,6346,190,0,0,1,publico_es,Publico,publico_es,-0.296,negative
1950987965338911159,Thu Jul 31 18:32:33 +0000 2025,Trump justificó su decisión debido a la compleja relación comercial y fronteriza entre Estados Unidos y México https://t.co/n22fhIxQPv,7,2,0,4353,134,0,0,1,publico_es,Publico,publico_es,0.0,neutral
1950983549584081332,Thu Jul 31 18:15:00 +0000 2025,"OPINIÓN | “Lo que está emergiendo es una contradicción fundamental entre capitalismo y democracia en la que el poder económico ha capturado al Estado”, por Héctor Illueca (@Hector_Illueca_)

https://t.co/qD4AFloySl",67,55,19,5099,214,0,1,1,publico_es,Publico,publico_es,0.34,positive
1950980041195553025,Thu Jul 31 18:01:03 +0000 2025,🔴1.200 gazatíes asesinados intentando recoger comida y otras cuatro noticias importantes de hoy https://t.co/FHeXhmzWGA,9,8,2,3477,119,0,0,1,publico_es,Publico,publico_es,0.0,neutral
1950975999585427875,Thu Jul 31 17:45:00 +0000 2025,"Sobre las últimas declaraciones de Antonio Maíllo en torno a la unidad de la izquierda y los próximos Presupuestos para 2026

Vía @nuevatribuna 

https://t.co/Vf690TAA7n",5,5,3,3609,169,0,1,1,publico_es,Publico,publico_es,0.0,neutral
1950972576525656168,Thu Jul 31 17:31:24 +0000 2025,Cómo solicitar el Cheque Comercio Rural de Castilla y León https://t.co/R1QR4ioeHv,1,0,1,3565,82,0,0,1,publico_es,Publico,publico_es,0.0,neutral
1950968450446147804,Thu Jul 31 17:15:00 +0000 2025,"OPINIÓN | “¿Por qué al PP le irrita tanto que la ciudadanía se exprese en libre y pacíficamente?”, por David Bollero (@dbollero)

https://t.co/kvlx8ZZBTh",29,21,11,4170,153,0,1,1,publico_es,Publico,publico_es,0.0,neutral
1950965258262069344,Thu Jul 31 17:02:19 +0000 2025,"¿Eres más de grandes éxitos o de cine independiente? Aquí te dejamos una lista de películas recomendadas para ver esta temporada, seas del 'team' que seas

Vía @PublicoUwu 
 https://t.co/deOSz5vZMg",3,0,0,3621,197,0,1,1,publico_es,Publico,publico_es,0.0,neutral
1950957511302918458,Thu Jul 31 16:31:32 +0000 2025,Noche gratis en el Museo del Prado: cuándo es y cómo sacar las entradas https://t.co/bwteAq7Vfa,2,0,0,3656,95,0,0,1,publico_es,Publico,publico_es,0.0516,positive
1950953350767272430,Thu Jul 31 16:15:00 +0000 2025,"OPINIÓN | “El Comité de Derechos Humanos de la ONU ha tomado el pulso a la democracia española en su séptimo examen periódico”, por Jonathan Martínez (@jonathanmartinz)

https://t.co/eL5sK7UhoG",4,1,1,3592,193,0,1,1,publico_es,Publico,publico_es,0.34,positive
1950950056120537226,Thu Jul 31 16:01:54 +0000 2025,"OPINIÓN| “La figura del rey emérito representa el caso de corrupción más flagrante en la historia reciente de España”, por Héctor Illueca @Hector_Illueca_ ) https://t.co/BpL0yQSNAa",15,9,4,3507,180,0,1,1,publico_es,Publico,publico_es,0.0,neutral
1950945800885846350,Thu Jul 31 15:45:00 +0000 2025,"Héctor Maravall trata de dar respuesta a la cuestión de quiénes son los máximos beneficiarios de las políticas ejecutadas por Trump en estos seis meses

Vía @nuevatribuna 

https://t.co/m9y6htMI4e",1,1,0,3671,196,0,1,1,publico_es,Publico,publico_es,0.0,neutral
1950941115017805833,Thu Jul 31 15:26:23 +0000 2025,"La gran banca registra ganancias de 17.000 millones en el primer semestre, un 11,4% más que el año pasado https://t.co/qGeSE8A4AU",7,9,12,4488,129,0,0,1,publico_es,Publico,publico_es,0.0,neutral
1950938251109486694,Thu Jul 31 15:15:00 +0000 2025,"OPINIÓN | “Lo que han acordado Trump y Von der Leyen en materia energética rebasa los límites de lo previsible y está muy lejos de lo aceptable”, por Juantxo López

https://t.co/4Urcre50gA",20,10,1,3923,188,0,0,1,publico_es,Publico,publico_es,0.0,neutral
1950934999101812959,Thu Jul 31 15:02:05 +0000 2025,"El 15 de agosto es festivo a nivel nacional, pero ¿qué fiestas existen a nivel local? https://t.co/Gr6NutUHKc",1,0,1,3548,109,0,0,1,publico_es,Publico,publico_es,0.3612,positive
1950930797470335398,Thu Jul 31 14:45:23 +0000 2025,❗El PSOE y Más Madrid piden cinco años de cárcel para la pareja de Isabel Díaz Ayuso https://t.co/8a3eUpsSC2,206,73,19,7164,108,0,0,1,publico_es,Publico,publico_es,0.0,neutral
1950929910450503858,Thu Jul 31 14:41:51 +0000 2025,Las serpientes más peligrosas cuando paseas con tu perro https://t.co/9v87uphrYD,2,1,1,4032,80,0,0,1,publico_es,Publico,publico_es,0.0,neutral
1950927438285795814,Thu Jul 31 14:32:02 +0000 2025,Operación salida de agosto: horas clave y recomendaciones de la DGT https://t.co/txhOIRgLHO,2,0,0,3894,91,0,0,1,publico_es,Publico,publico_es,0.0,neutral
1950925855741382889,Thu Jul 31 14:25:45 +0000 2025,"@BegoPRamirez 🔎 INVESTIGACIÓN I También entran en juego Pro Lege y Democracia Real. Promovidas por militantes del PP, estas asociaciones centran sus acciones judiciales contra la Ley de Amnistía y Podemos

✍️Por @BegoPRamirez

https://t.co/f0x78VB4TB",10,6,1,6737,250,0,2,1,publico_es,Publico,publico_es,0.0,neutral
1950923151786828225,Thu Jul 31 14:15:00 +0000 2025,"OPINIÓN | “La corrupción no es una desviación puntual de nuestra democracia, sino una forma de gobierno profundamente arraigada en nuestro país”, por Héctor Illueca (@Hector_Illueca_)

https://t.co/qD4AFloySl",9,6,0,3483,208,0,1,1,publico_es,Publico,publico_es,-0.296,negative
1950923123278151701,Thu Jul 31 14:14:53 +0000 2025,"Optimismo por la evolución de los incendios de Galicia, Extremadura y Castilla y León https://t.co/DQJUoImNyp",2,0,0,3201,109,0,0,1,publico_es,Publico,publico_es,0.0,neutral
1950919876920369524,Thu Jul 31 14:01:59 +0000 2025,"El ministro Torres atribuye al racismo de Ayuso la decisión del Ayuntamiento de Alarcón de cerrar el centro de acogida de migrantes, alegando su falta de permisos https://t.co/i1v7inEP5M",12,3,1,3596,186,0,0,1,publico_es,Publico,publico_es,0.0,neutral
1950916094698410447,Thu Jul 31 13:46:57 +0000 2025,"Las redes reaccionan ante el comunicado de Rosalía sobre Palestina: ""Cuando estás jugando al tabú y no puedes decir ni Israel ni genocidio"" 

Vía @Tremending 
https://t.co/BwXZcY4KqO",20,7,7,4551,182,0,1,1,publico_es,Publico,publico_es,-0.296,negative
1950915603058835772,Thu Jul 31 13:45:00 +0000 2025,"🎥 ¿Quién puede permitirse vacaciones? El coste del descanso de la mano de la desigualdad económica

✍️ Por Virginia Simón Vega

https://t.co/fD6fhdnCdv https://t.co/BTB9QsGIKG",3,1,0,3446,175,0,0,2,publico_es,Publico,publico_es,0.0,neutral
1950914182628380915,Thu Jul 31 13:39:22 +0000 2025,"Sumar se opone a alargar la vida de las nucleares: ""No dejaría espacio suficiente al despliegue de las renovables"" https://t.co/7CdrijruSH",8,8,0,3547,138,0,0,1,publico_es,Publico,publico_es,0.0,neutral
1950912280230559822,Thu Jul 31 13:31:48 +0000 2025,El juez estudia suspender en sus funciones al fiscal general del Estado https://t.co/7yfTosQZxl,47,23,80,11446,95,0,0,1,publico_es,Publico,publico_es,0.0,neutral
1950908051994902706,Thu Jul 31 13:15:00 +0000 2025,"OPINIÓN | “El nuevo reglamento del Parlamento andaluz coarta la libertad de expresión de la ciudadanía”, por David Bollero (@dbollero)

https://t.co/kvlx9009IP",23,20,1,4082,159,0,1,1,publico_es,Publico,publico_es,0.0,neutral
1950904901787095164,Thu Jul 31 13:02:29 +0000 2025,"Feijóo obvia el 'caso Montoro' en su balance de fin de curso y dibuja un país ""atropellado"" por Sánchez 

✍️Por @samumartinezr 
https://t.co/z48Vzy1lRc",3,6,2,3579,151,0,1,1,publico_es,Publico,publico_es,0.0,neutral
1950900502658462063,Thu Jul 31 12:45:00 +0000 2025,"🎥 A pocos metros de la frontera con Gaza, decenas de colonos identificados con la extrema derecha israelí se concentraron para exigir que se les permita construir asentamientos en el perímetro del devastado territorio palestino, donde los bombardeos aún continúan https://t.co/qX41Fezx6G",5,6,1,4328,287,0,0,1,publico_es,Publico,publico_es,0.0,neutral
1950897303620821235,Thu Jul 31 12:32:17 +0000 2025,"El seguimiento de la huelga de la justicia no llegó al 0,2% entre los jueces https://t.co/eMBTrPi2xU",14,5,2,3882,100,0,0,1,publico_es,Publico,publico_es,-0.296,negative
1950892952668238107,Thu Jul 31 12:15:00 +0000 2025,"OPINIÓN| “Una niña o adolescente no mantiene relaciones sexuales con su abuelo, su padre o su hermano mayor. Que se trata de violación”, por Cristina Fallarás 

https://t.co/pHV7bHKHYI https://t.co/p0sinmuYOZ",18,9,0,4574,208,0,0,2,publico_es,Publico,publico_es,-0.296,negative
1950889893699240298,Thu Jul 31 12:02:51 +0000 2025,"OPINIÓN| “No cabe duda de que la influencia del negacionismo ultraderechista que inspira Donald Trump está teniendo una influencia decisiva en las políticas europeas”, por Juantxo López https://t.co/2BDyIBm0dG",12,3,0,3458,209,0,0,1,publico_es,Publico,publico_es,0.0,neutral
1973145843440951797,Tue Sep 30 22:00:03 +0000 2025,"Antes del ‘streaming’: las series que triunfaban en el año 2000

Vía: @ZelebSpain 

https://t.co/HokjGQhG2x",6,1,0,3808,107,0,1,1,publico_es,Publico,publico_es,0.0,neutral
1973096758654751205,Tue Sep 30 18:45:00 +0000 2025,"#18añosconPúblico La influencer @carlagaleote felicita a ‘Público’ por su 18 aniversario

https://t.co/I2o6KWXOao https://t.co/U6DDVfzRwT",11,1,1,4390,137,1,1,2,publico_es,Publico,publico_es,0.0,neutral
1973093769365876871,Tue Sep 30 18:33:07 +0000 2025,"El PP de #Almeida da luz verde a una propuesta de Vox que obliga a informar a las mujeres sobre un supuesto ""síndrome post #aborto"" no avalado por la ciencia https://t.co/YseAeE0g0W",16,8,4,4585,181,2,0,1,publico_es,Publico,publico_es,-0.296,negative
1973092053459378579,Tue Sep 30 18:26:18 +0000 2025,"👉Trump da un plazo de ""tres o cuatro días"" a Hamás para responder a su plan y otras cuatro noticias importantes de hoy https://t.co/v5fcfQkwGz",1,0,0,3557,142,0,0,1,publico_es,Publico,publico_es,0.0,neutral
1973089208874020949,Tue Sep 30 18:15:00 +0000 2025,"OPINIÓN | “Reconocer el Estado de Palestina sin sancionar, sin suspender acuerdos, sin cortar la cooperación militar, no solo no frena el genocidio en Gaza: lo normaliza”, por Itxaso Domínguez (@itxasdo )

https://t.co/oQVzZCdCQq",541,254,32,26578,229,0,1,1,publico_es,Publico,publico_es,-0.9024,negative
1973052021314912718,Tue Sep 30 15:47:14 +0000 2025,"Así han perdido poder adquisitivo los salarios en #Catalunya los últimos, mientras que los beneficios empresariales van al alza 

✍️Por @marcfontribas 
https://t.co/yhlnjBNwyt",3,4,0,3240,175,1,1,1,publico_es,Publico,publico_es,0.0,neutral
1973047990282563695,Tue Sep 30 15:31:12 +0000 2025,"ENTREVISTA I Greta Thunberg: ""No puede haber justicia climática sin justicia social, por eso defiendo a Palestina"" 

✍️Por Néstor Prieto (@nestorpa99 )
https://t.co/6uwwNFyDmP",26,10,4,3674,175,0,1,1,publico_es,Publico,publico_es,-0.5574,negative
1973043910604739006,Tue Sep 30 15:15:00 +0000 2025,"OPINIÓN | “Mientras en el Norte resolvemos nuestros problemas emocionales comprando, las del Sur pierden la salud y la vida entre tejidos y químicos”, por Diana López Varela (@DianaLovar )

https://t.co/XTGTCQ2eQA",6,0,0,3001,213,0,1,1,publico_es,Publico,publico_es,0.0,neutral
1973042114318721520,Tue Sep 30 15:07:52 +0000 2025,"👉Un equipo científico desarrolla una técnica pionera que puede ser clave en los tratamientos de #fertilidad 

✍️Por @AdhikArrilucea 
https://t.co/JMhEJi58Gd",2,0,0,3028,156,1,1,1,publico_es,Publico,publico_es,0.0,neutral
1973002979591516256,Tue Sep 30 12:32:21 +0000 2025,Un juez ordena la restitución del intendente de Toni Rodríguez como jefe de investigación de los #Mossos https://t.co/Ps7K4GXMOx,4,1,1,3717,128,1,0,1,publico_es,Publico,publico_es,0.0,neutral
1972999320279322641,Tue Sep 30 12:17:49 +0000 2025,"Rufián habla claro en 'Directo al grano': “Ayuso es una moda y está de moda ser mala gente” 

Vía @Tremending 
https://t.co/blf8l9J55z",30,7,0,3444,134,0,1,1,publico_es,Publico,publico_es,0.0,neutral
1972995873962348640,Tue Sep 30 12:04:07 +0000 2025,"El PP publicaba este domingo la ""Declaración de la Región de Murcia"", donde se propusieron medidas migratorias para diferenciarse de Vox, aunque los de Feijóo han vuelto a apoyar en algunos puntos el marco de la extrema derecha

✍️ Por @josecarmonagilo

https://t.co/oQNmiQxuyP",3,3,2,3082,277,0,1,1,publico_es,Publico,publico_es,0.0,neutral
1972979485579399191,Tue Sep 30 10:59:00 +0000 2025,"🔴 DIRECTO | Ángel Víctor Torres, ministro de Política Territorial y Memoria Democrática, anuncia la aprobación de un real decreto para localizar y exhumar cuerpos en distintas fosas https://t.co/EE15JxGLSt",420,170,174,25014,205,0,0,1,publico_es,Publico,publico_es,0.0,neutral
1972978227430994160,Tue Sep 30 10:54:00 +0000 2025,"🔴 DIRECTO | Ana Redondo, ministra de Igualdad, reivindica la obligación de escuchar a los menores víctimas de violencia vicaria https://t.co/5ZdQtCJsiA",4,1,0,1717,151,0,0,1,publico_es,Publico,publico_es,0.0,neutral
1972976717514801434,Tue Sep 30 10:48:00 +0000 2025,🔴DIRECTO | Ana Redondo explica en rueda de prensa cómo se tipificarán los delitos relacionados con la violencia vicaria https://t.co/JChJFDUvUg,12,3,5,2870,143,0,0,1,publico_es,Publico,publico_es,0.0,neutral
1972976655858569370,Tue Sep 30 10:47:45 +0000 2025,❗Los residentes de Ibiza y Formentera reciben una alerta en sus móviles tras elevar #Aemet el aviso a rojo https://t.co/Y6RVxVgMGr,14,9,1,6219,130,1,0,1,publico_es,Publico,publico_es,0.0,neutral
1972975984690278444,Tue Sep 30 10:45:05 +0000 2025,"🔴 DIRECTO | La ministra de Igualdad, explica los objetivos del anteproyecto de ley contra la violencia vicaria: ""Es una violencia que no está incorporada a nuestro ordenamiento jurídico y nos parece imprescindible tipificarla"" https://t.co/YsLvkRhVxH",9,3,5,2856,250,0,0,1,publico_es,Publico,publico_es,-0.296,negative
1972975962624270424,Tue Sep 30 10:45:00 +0000 2025,"Juan Torres escribe sobre el valor de los bonos estadounidenses y el oro, y sus posibles repercusiones

Vía @nuevatribuna 

https://t.co/UPNL5SYXfp",3,2,0,2238,147,0,1,1,publico_es,Publico,publico_es,0.0,neutral
1972975236334096623,Tue Sep 30 10:42:07 +0000 2025,"🔴 DIRECTO | Ana Redondo, ministra de Igualdad, sobre el anteproyecto de ley contra la violencia vicaria: ""El contexto en el que se presenta no puede ser más oportuno"" https://t.co/GR4XD6bNZ5",16,3,3,2936,190,0,0,1,publico_es,Publico,publico_es,-0.296,negative
1972972967404425659,Tue Sep 30 10:33:06 +0000 2025,"Los de Yolanda Díaz anuncian que ""vamos a dar el debate sobre la regularización en el Gobierno"" e insisten en combatir ""el discurso xenófobo de las derechas avanzando en derechos""

✍️ Por @alexisrmoran y @mmunozort

https://t.co/3y9YbndqjH",2,0,0,2369,239,0,2,1,publico_es,Publico,publico_es,0.0,neutral
1972972063997538409,Tue Sep 30 10:29:30 +0000 2025,"❗#Fallarás denuncia a #Vox ante la Fiscalía por un delito de odio: ""Me señalan como diana de lo que represento, como activista y periodista"" https://t.co/Ai7kEBQrZc",1886,825,161,31711,164,2,0,1,publico_es,Publico,publico_es,0.0,neutral
1972967657495241170,Tue Sep 30 10:12:00 +0000 2025,"Ayuso suelta una nueva 'trola' hablando de ""amenazas"" del lehendakari y las redes no dan crédito: ""La verdad le es indiferente"" 

Vía @Tremending 
https://t.co/8a4LwwG0xz",20,8,5,3121,170,0,1,1,publico_es,Publico,publico_es,-0.296,negative
1972965758146580900,Tue Sep 30 10:04:27 +0000 2025,"El #PP propone un sistema de puntos para #migrantes con criterios que lo diferencian de otros modelos internacionales similares

✍️ Por @LauraAnido99 

https://t.co/H0TvJjAwQW",3,2,0,2517,175,2,1,1,publico_es,Publico,publico_es,0.0,neutral
1972946643440775240,Tue Sep 30 08:48:30 +0000 2025,"OPINIÓN | “La clausura de Al Karama no es un cierre administrativo, sino una represalia política que convierte la movilidad en arma de castigo”, por Itxaso Domínguez de Olábal (@itxasdo)

https://t.co/G6hxupWuui",1,2,0,2497,211,0,1,1,publico_es,Publico,publico_es,-0.296,negative
1972942774518288477,Tue Sep 30 08:33:07 +0000 2025,"Cinco empresarios catalanes denuncian por organización criminal a la Guardia Civil y al CNI

✍️ Por @anmariapascual

https://t.co/gzBZr6ozDy",14,6,0,2700,140,0,1,1,publico_es,Publico,publico_es,-0.5267,negative
1972939902456344703,Tue Sep 30 08:21:42 +0000 2025,"🎥 El primer ministro israelí, Benjamin Netanyahu, ha negado ""rotundamente"" que la formación de un Estado palestino forme parte del plan propuesto por Donald Trump https://t.co/dhV5Q0v4Nr",4,9,5,3493,186,0,0,1,publico_es,Publico,publico_es,0.34,positive
1972939050727174390,Tue Sep 30 08:18:19 +0000 2025,"OPINIÓN | “Estamos ante un nuevo derecho internacional vigilado y controlado por las grandes potencias, que no se fían unas de otras”, por Ramón Soriano https://t.co/tpdb3pgxvx",3,0,2,2729,176,0,0,1,publico_es,Publico,publico_es,-0.296,negative
1972935222980137421,Tue Sep 30 08:03:07 +0000 2025,"Bruselas ignora al TJUE y propone un acuerdo comercial con Marruecos sin contar con el #SáharaOccidental

✍️ Por Gerard Fageda

https://t.co/QhV6hCdstv",5,9,0,2961,151,1,0,1,publico_es,Publico,publico_es,-0.5574,negative
1972931528817565745,Tue Sep 30 07:48:26 +0000 2025,"OPINIÓN | “El que hace cosas inimaginables no se limita a introducir nuevos objetos en el mundo sino que, al introducirlos, cambia las reglas del juego”, por Santiago Alba Rico (@SantiagoAlbaR)

https://t.co/siiQ50kmVu",4,3,0,2720,218,0,1,1,publico_es,Publico,publico_es,-0.296,negative
1972928246334279805,Tue Sep 30 07:35:23 +0000 2025,"De una alerta con retraso a otra con antelación: ¿qué se ha hecho en esta DANA que no se hizo hace casi un año?

✍️ Por Ricard Chulià

https://t.co/Dd5qANE6T0",12,5,1,2923,158,0,0,1,publico_es,Publico,publico_es,0.0516,positive
1972923666011701277,Tue Sep 30 07:17:11 +0000 2025,"OPINIÓN | “Nos han hecho creer que la #fastfashion es el gran virus de la moda, pero resulta que toda esta industria está infectada por los mismos parásitos”, por Diana López Varela (@DianaLovar)

https://t.co/JWfhq3Sc3Z",2,1,0,2824,220,1,1,1,publico_es,Publico,publico_es,0.0,neutral
1972920620758307231,Tue Sep 30 07:05:05 +0000 2025,"Ada Colau a bordo de la #GlobalSumudFlotilla: ""Por desgracia llegamos tarde, pero llegamos a tiempo de no permitir la impunidad""

✍️ Por @nestorpa99

https://t.co/lEH4CQU0AV",13,6,3,3408,173,1,1,1,publico_es,Publico,publico_es,-0.296,negative
1972900716478910886,Tue Sep 30 05:46:00 +0000 2025,"La FAPE y la APM condenan el señalamiento de Vox a Cristina Fallarás

https://t.co/5ZrKtZHZnT",154,76,28,16604,93,0,0,1,publico_es,Publico,publico_es,0.0,neutral
1972896691495071784,Tue Sep 30 05:30:00 +0000 2025,"La esperpéntica concentración que cantó el 'cumpleaños feliz' al juez Peinado: ""Imagínate que te tocan en un Blablacar...""

Vía: @Tremending 

https://t.co/PxTKZ4pbGo",14,5,0,4334,166,0,1,1,publico_es,Publico,publico_es,0.0,neutral
1972889143223951747,Tue Sep 30 05:00:00 +0000 2025,"Así es la travesía en la Flotilla: crónica de una lucha global por llegar a Gaza

https://t.co/t3hvSiowbd",29,15,8,5689,105,0,0,1,publico_es,Publico,publico_es,0.0,neutral
1972874040772846073,Tue Sep 30 04:00:00 +0000 2025,"Antes del ‘streaming’: las series que triunfaban en el año 2000

Vía: @ZelebSpain 

https://t.co/HokjGQidS5",2,0,0,4866,107,0,1,1,publico_es,Publico,publico_es,0.0,neutral
1972858958873297155,Tue Sep 30 03:00:04 +0000 2025,"Viaje al otro lado del telón de acero

Vía: @ctxt_es 

https://t.co/gu7Y2T0Bl8",4,0,0,4511,78,0,1,1,publico_es,Publico,publico_es,0.0,neutral
1972843847089545497,Tue Sep 30 02:00:01 +0000 2025,"Es uno de los mejores coches eléctricos europeos, pero en China tiene más autonomía y es 23.800 € más barato 

Vía: @hyecom 

https://t.co/ApDzOMJVMx",3,0,0,3910,149,0,1,1,publico_es,Publico,publico_es,0.0,neutral
1972828744151880176,Tue Sep 30 01:00:00 +0000 2025,"Están ustedes despedidos

Vía: @ctxt_es 

https://t.co/VrbuyFnyOe",5,3,0,3517,65,0,1,1,publico_es,Publico,publico_es,0.0,neutral
1972813643952832573,Tue Sep 30 00:00:00 +0000 2025,"34.000.000 € para la mayor planta eólica repotenciada de España: 24 MW y aerogeneradores de 119 m de altura y 73 m de pala

Vía: @hyecom 
 https://t.co/WJmMtOllMP",5,1,0,3337,162,0,1,1,publico_es,Publico,publico_es,0.0,neutral
1972798546211664138,Mon Sep 29 23:00:00 +0000 2025,"Peinado encuentra al fin el delito ideal para Begoña Gómez

Vía: @ctxt_es 

https://t.co/bJTLESFeAh",4,2,1,3311,99,0,1,1,publico_es,Publico,publico_es,0.5267,positive
1972783450521305244,Mon Sep 29 22:00:01 +0000 2025,"“Uno de cada tres españoles tiene dificultad para entender lo que lee”

Vía: @Elasombrario 

https://t.co/5CFyDNod4d",15,4,4,4315,116,0,1,1,publico_es,Publico,publico_es,0.0,neutral
1972764569589121073,Mon Sep 29 20:45:00 +0000 2025,"Boris Skossyreff: el estafador que quiso ser rey ¡Y casi lo consigue!

Vía: @librujula 

https://t.co/0kMPgWnvUz",6,4,1,7108,112,0,1,1,publico_es,Publico,publico_es,0.0,neutral
1972763448246456421,Mon Sep 29 20:40:32 +0000 2025,"📰 La Portada de Público ya está disponible para las y los suscriptores:

👉España volverá a la calles para exigir el fin del genocidio: ""Queremos mantener vivo el espíritu de La Vuelta""

https://t.co/MBdL4L50ZP https://t.co/974RbXQ6xe",11,7,0,5677,233,0,0,2,publico_es,Publico,publico_es,0.0,neutral
1972761778418257940,Mon Sep 29 20:33:54 +0000 2025,Gigante de los #videojuegos EA deja de cotizar en bolsa tras su venta por 55.000 millones de dólares https://t.co/t3VPUTW8FV,3,0,0,5551,124,1,0,1,publico_es,Publico,publico_es,0.0,neutral
1972754252272374081,Mon Sep 29 20:04:00 +0000 2025,La aerolínea #Lufthansa prevé recortar 4.000 puestos de trabajo para mejorar su rentabilidad hasta 2030 https://t.co/4uJefCKUil,1,3,1,5326,127,1,0,1,publico_es,Publico,publico_es,0.0,neutral
1972750071323148706,Mon Sep 29 19:47:23 +0000 2025,"Josep Maria Bartomeu, citado como investigado por el presunto pago de comisiones en los fichajes de Malcom y Griezmann para el #Barça https://t.co/gcw0WZh6bB",3,3,0,5026,157,1,0,1,publico_es,Publico,publico_es,0.0,neutral
1972746322760306842,Mon Sep 29 19:32:29 +0000 2025,El juez Peinado exige disculpas de #PabloIglesias y RTVE o se querellará por llamarle prevaricador https://t.co/30zCDZgsPR,12,7,3,6551,122,1,0,1,publico_es,Publico,publico_es,0.0,neutral
1972746296743080005,Mon Sep 29 19:32:23 +0000 2025,"La presidenta del Gobierno de Navarra, María Chivite, niega en el Senado haber influido en las decisiones sobre contratación de empresas para la obra pública https://t.co/iXUJJPO7rL",5,2,0,4715,181,0,0,1,publico_es,Publico,publico_es,0.0,neutral
1972741920418902099,Mon Sep 29 19:15:00 +0000 2025,"OPINIÓN | ""Ganarse la vida después de la sopa boba política no es tarea fácil, por eso los rebotados del Congreso no paran de idear maneras de seguir viviendo a lo grande sin dar un palo al agua"", por David Torres

https://t.co/E8vBGSJSjU",23,6,6,4835,238,0,0,1,publico_es,Publico,publico_es,-0.7906,negative
1972738655882973539,Mon Sep 29 19:02:01 +0000 2025,"La asociación feminista Acción Comadres cancela todos sus actos públicos por miedo a posibles agresiones tras la campaña de señalamiento iniciada por Vox contra Cristina Fallarás 

✍️Por @Mariaa_0600 
https://t.co/B90y7fcYI8",12,9,6,4509,224,0,1,1,publico_es,Publico,publico_es,0.0,neutral
1972734820867325989,Mon Sep 29 18:46:47 +0000 2025,"📉 Un estudio constata un deterioro generalizado de la #biodiversidad en Europa que hace ""improbable"" que se cumplan los objetivos marcados para 2030 https://t.co/GyLg7j11LO",5,9,1,4103,172,1,0,1,publico_es,Publico,publico_es,0.0,neutral
1972734816551321980,Mon Sep 29 18:46:46 +0000 2025,"🔴 ÚLTIMA HORA I Trump, tras reunirse con Netanyahu: ""Espero que lleguemos a un acuerdo de paz y si Hamás no lo acepta ellos serán los responsables"" https://t.co/p3HtHBXYQX",2,1,2,3926,171,0,0,1,publico_es,Publico,publico_es,-0.296,negative
1972734370529083801,Mon Sep 29 18:45:00 +0000 2025,"#18añosconPúblico El escritor y periodista @israelmerino_  felicita a ‘Público’ por su 18 aniversario

https://t.co/I2o6KWXOao https://t.co/kW9z4jovRE",7,0,0,8032,150,1,1,2,publico_es,Publico,publico_es,0.0,neutral
1972731026020458928,Mon Sep 29 18:31:42 +0000 2025,"El presidente de RTVE alude a ""errores e imprecisiones"" en el contenido del auto de Peinado contra Bolaños 

✍️Por @pilarac4 
https://t.co/nqAXuT3ncE",9,3,1,3778,149,0,1,1,publico_es,Publico,publico_es,0.0,neutral
1972726821327372495,Mon Sep 29 18:15:00 +0000 2025,"OPINIÓN | ""Ni encarnar lo marica pasa por ejercer la homosexualidad ni ser un varón con una vida sexoafectiva homosexual te convierte automáticamente en marica"", por Enrique Aparicio (@esnorquel )

https://t.co/fn43tJ0GFR",2,0,1,3510,221,0,1,1,publico_es,Publico,publico_es,0.0,neutral
1972723876896338063,Mon Sep 29 18:03:18 +0000 2025,👉València vuelve a mirar al cielo ante un temporal que descarga con intensidad y otras cuatro noticias importantes de hoy https://t.co/WcEbFaMCkz,2,0,0,3373,145,0,0,1,publico_es,Publico,publico_es,0.0,neutral
1972704828737347862,Mon Sep 29 16:47:36 +0000 2025,Un informe revela que el 70% de los 1.863 #migrantes retenidos en un #CIE lo fueron sólo por no tener papeles https://t.co/6EDWXhIys3,15,11,4,4242,133,2,0,1,publico_es,Publico,publico_es,-0.296,negative
1972704171809018116,Mon Sep 29 16:45:00 +0000 2025,"Una película que deberían haberle proyectado a Netanyahu en la ONU. Artículo de Roberto R. Aramayo

Vía @nuevatribuna

https://t.co/Rqt48yfKnn",7,4,2,3756,142,0,1,1,publico_es,Publico,publico_es,0.0,neutral
1972701084280816124,Mon Sep 29 16:32:44 +0000 2025,#BadBunny protagonizará el espectáculo de la Super Bowl tras asegurar que no actuaría en EEUU con su gira por las redadas contra migrantes https://t.co/sWhqGygX8e,4,2,4,3743,162,1,0,1,publico_es,Publico,publico_es,0.4019,positive
1976784817300848932,Fri Oct 10 23:00:01 +0000 2025,"Tenemos los resultados de la mamografía: es privatización

Vía: @ctxt_es 

https://t.co/KjhiakXUVz",14,7,1,4270,98,0,1,1,publico_es,Publico,publico_es,0.0,neutral
1976771544576606280,Fri Oct 10 22:07:17 +0000 2025,Apagón en nueve regiones de Ucrania tras un ataque ruso con drones a infraestructura energética https://t.co/QM8jvxaBK3,5,2,0,5160,119,0,0,1,publico_es,Publico,publico_es,0.0,neutral
1976748413279482358,Fri Oct 10 20:35:22 +0000 2025,"Un informe sostiene que hay instrumentos legales para intervenir el mercado de la vivienda ante una ""situación excepcional"" https://t.co/3ysfJmknDb",16,7,3,4884,147,0,0,1,publico_es,Publico,publico_es,0.0,neutral
1976732720635031628,Fri Oct 10 19:33:01 +0000 2025,"La Casa Blanca considera que ""se ha priorizado la política antes que la paz"" al no recibir Trump el Premio Nobel de la Paz https://t.co/lwlbMJwbXj",9,2,3,4730,146,0,0,1,publico_es,Publico,publico_es,0.0516,positive
1976728187162787965,Fri Oct 10 19:15:00 +0000 2025,"OPINIÓN | ""Nosotros bien podríamos vendernos al fascismo por un iPhone"", por Pablo Batalla (@gerclouds)

https://t.co/owrd0Ziehb",2,0,0,3741,128,0,1,1,publico_es,Publico,publico_es,0.0,neutral
1976725315025019324,Fri Oct 10 19:03:35 +0000 2025,"Inés Hernand presentará Ordena tu vida, el nuevo proyecto de TVE https://t.co/MKt3IWuwSG",5,0,0,3971,88,0,0,1,publico_es,Publico,publico_es,0.0,neutral
1976725306133168433,Fri Oct 10 19:03:33 +0000 2025,"Tras el alto el fuego, miles de desplazados gazatíes se dirigen a los restos de sus hogares https://t.co/6TGFhaeDWE",5,4,0,3882,115,0,0,1,publico_es,Publico,publico_es,0.0,neutral
1976706369416810569,Fri Oct 10 17:48:18 +0000 2025,El Supremo rechaza la petición de Cerdán de suspender las declaraciones de Ábalos y Koldo García del 15 y 16 de octubre https://t.co/iuuwJeb0KO,3,0,0,3171,143,0,0,1,publico_es,Publico,publico_es,0.4404,positive
1976702469431292198,Fri Oct 10 17:32:48 +0000 2025,"La RAE muestra su ""absoluta repulsa"" las manifestaciones del director del Instituto Cervantes sobre el máximo responsable de la institución, Santiago Muñoz Machado. https://t.co/gsdt9NPve6",6,1,0,3776,188,0,0,1,publico_es,Publico,publico_es,0.0,neutral
1976697988371112011,Fri Oct 10 17:15:00 +0000 2025,"OPINIÓN | ""Lo que en apariencia pone fin al conflicto, en el fondo perpetúa la estructura de la desigualdad"", por @ruthferrero_

https://t.co/0qDGyBqV4z",8,7,0,3444,152,0,1,1,publico_es,Publico,publico_es,0.0,neutral
1976694739698110820,Fri Oct 10 17:02:05 +0000 2025,Teoría y práctica de la desarticulación de bulos: la intervención de un científico que desnuda las patrañas climáticas de Vox https://t.co/wjwn6xoJwM,34,13,1,4093,149,0,0,1,publico_es,Publico,publico_es,0.0,neutral
1976691350943719843,Fri Oct 10 16:48:37 +0000 2025,"La salud mental de los sanitarios europeos está al límite: uno de cada tres médicos o enfermeras sufren ansiedad o depresión, según un estudio de la OMS https://t.co/0DzHiUHSJ6",10,5,1,3255,176,0,0,1,publico_es,Publico,publico_es,0.0,neutral
1976687603979010120,Fri Oct 10 16:33:44 +0000 2025,Las protestas en Marruecos continúan ante la realidad del país https://t.co/luzBRiJ7QN,11,1,0,3289,86,0,0,1,publico_es,Publico,publico_es,0.0,neutral
1976682889249964224,Fri Oct 10 16:15:00 +0000 2025,"OPINIÓN | ""Vamos a seguir demostrando que en materia de derechos sexuales y reproductivos no estamos dispuestas a dar ni un paso atrás"", por Noelia Adánez (@noeliaclasica)

https://t.co/z8lsoGuYBS",12,2,2,3654,196,0,1,1,publico_es,Publico,publico_es,-0.296,negative
1976680245974454345,Fri Oct 10 16:04:30 +0000 2025,Adelante Andalucía acusa a Moreno de mentir y exige más información sobre el número de mamografías hechas en clínicas privadas https://t.co/YRKo8x762n,20,13,1,3616,150,0,0,1,publico_es,Publico,publico_es,0.0,neutral
1976675339385356553,Fri Oct 10 15:45:00 +0000 2025,"Crónica sobre la trayectoria de Carmen Maura. Por Celín Cebrián

Vía @nuevatribuna

https://t.co/zmZcnwealR",6,1,1,3071,107,0,1,1,publico_es,Publico,publico_es,0.0,neutral
1976672551775375516,Fri Oct 10 15:33:55 +0000 2025,Los centros de menores tendrán un máximo de diez plazas y una ratio de un educador por cada cuatro niños con el próximo decreto de Juventud e Infancia https://t.co/DGUiDMHmi2,7,6,3,3717,174,0,0,1,publico_es,Publico,publico_es,0.0,neutral
1976667789554278793,Fri Oct 10 15:15:00 +0000 2025,"OPINIÓN | ""Poca gente tiene madera de héroe o de mártir, y no poca gente tiene madera de cómplice"", por Pablo Batalla (@gerclouds)

https://t.co/owrd0Ziehb",4,2,0,3775,155,0,1,1,publico_es,Publico,publico_es,-0.296,negative
1976665005463327044,Fri Oct 10 15:03:56 +0000 2025,"Sancionar a Israel o romper las relaciones con el Estado hebrero, entre las obligaciones de los países para evitar o no contribuir al genocidio en Gaza

✍️ Por Pilar Araque (@pilarac4)

https://t.co/eoBQFI5RHI",8,4,2,3155,209,0,1,1,publico_es,Publico,publico_es,-0.296,negative
1976645755805847934,Fri Oct 10 13:47:27 +0000 2025,"Los ‘chemtrails’ existen, pero no como imagina Marcos Llorente

✍️ Por Javier Mercadal Serrano https://t.co/M2NDZ1S2sD",5,1,1,4229,118,0,0,1,publico_es,Publico,publico_es,-0.296,negative
1976645696657756488,Fri Oct 10 13:47:13 +0000 2025,"""Día y hora"": la conversación en redes entre Gabriel Rufián y 'La Revuelta'

Vía @tremending

https://t.co/xu41BXL6JU",4,0,0,3540,117,0,1,1,publico_es,Publico,publico_es,0.0,neutral
1976642289863708979,Fri Oct 10 13:33:40 +0000 2025,Los tres fundadores del Sónar se desvinculan por completo y el festival pasa a estar bajo el dominio de KKR https://t.co/RtJ1WLA2PI,6,5,0,3978,131,0,0,1,publico_es,Publico,publico_es,0.4939,positive
1976638137167237598,Fri Oct 10 13:17:10 +0000 2025,"❗Las familias de las víctimas de las residencias de Madrid en la pandemia: ""Sentimos un gran desprecio institucional""

✍️ Por Rocío Cruz https://t.co/uGnUUkuPf8",19,15,0,3765,160,0,0,1,publico_es,Publico,publico_es,0.0,neutral
1976634839085277448,Fri Oct 10 13:04:04 +0000 2025,🔴 ÚLTIMA HORA | Reyes Rigo llega a un acuerdo con la Fiscalía israelí para ser deportada de vuelta a España https://t.co/U7m18OhrVr,34,17,4,6467,131,0,0,1,publico_es,Publico,publico_es,0.0,neutral
1976634820135432229,Fri Oct 10 13:03:59 +0000 2025,"🎬 ‘Jugar con fuego’, la película de las hermanas Delphine y Muriel Coulin hace una exploración desde el cine del auge de la extrema derecha entre los jóvenes

✍️ Por @begonapina

https://t.co/fHiuaENqJU",7,4,0,3112,202,0,1,1,publico_es,Publico,publico_es,0.0,neutral
1976615780776137181,Fri Oct 10 11:48:20 +0000 2025,"🎥 Yolanda Díaz afirma que se van a estudiar ""acciones judiciales ante la desobediencia y el desacato"" de Isabel Díaz Ayuso en materia de aborto https://t.co/7GSxQtV0AU",90,27,22,5032,167,0,0,1,publico_es,Publico,publico_es,0.0,neutral
1976614941244498149,Fri Oct 10 11:45:00 +0000 2025,"🎥 VIDEO | Donald Trump, sugirió a su homólogo finlandés, Alexander Stubb que ""quizás deberían expulsar"" a España de la OTAN por no cumplir con los compromisos de gasto en defensa https://t.co/vWJwqWBY8i",12,4,12,4051,202,0,0,1,publico_es,Publico,publico_es,-0.296,negative
1976612350120636657,Fri Oct 10 11:34:42 +0000 2025,"""Construir más no hará bajar los precios"". Las entidades en defensa del derecho a la vivienda ven defectos al plan constructor anunciado por Illa

✍️ Por David Rodríguez (@Daroib)  https://t.co/b1R3oJd8tU",6,3,1,2878,204,0,1,1,publico_es,Publico,publico_es,-0.296,negative
1976608782764396771,Fri Oct 10 11:20:32 +0000 2025,"La réplica de Sánchez a Feijóo tras su carta sobre el aborto hace las delicias de los tuiteros: ""¿Qué ha sido eso? Un zasca""

Vía @Tremending  https://t.co/1BjQFSZYJA",5,1,2,3013,166,0,1,1,publico_es,Publico,publico_es,0.34,positive
1976607390884852055,Fri Oct 10 11:15:00 +0000 2025,"OPINIÓN | ""Conviene no perder de vista que los derechos de las mujeres son el resultado de luchas colectivas muy arduas"", por Noelia Adánez (@noeliaclasica)

https://t.co/z8lsoGvwrq",14,7,2,2965,181,0,1,1,publico_es,Publico,publico_es,-0.296,negative
1976604994188046572,Fri Oct 10 11:05:28 +0000 2025,"Tanto el Gobierno como el PP celebran el acuerdo mientras los socialistas inciden en la solución de los dos Estados, algo que no ha sido explicitado este miércoles por los populares 

✍️ Por @mmunozort y @alexisrmoran

https://t.co/0MapMbLNlR",7,2,0,2822,242,0,2,1,publico_es,Publico,publico_es,-0.2584,negative
1976570639382192300,Fri Oct 10 08:48:57 +0000 2025,"OPINIÓN | “Se trata de una paz diseñada desde el poder, no desde los derechos”, por @ruthferrero_

https://t.co/WGBZLTXEx5",5,6,1,2539,122,0,1,1,publico_es,Publico,publico_es,-0.296,negative
1976567094926799056,Fri Oct 10 08:34:52 +0000 2025,"Falange organiza una protesta ultraderechista en Gasteiz bajo el lema ""Gora España""

✍️ Por Danilo Albin (@danialri)
https://t.co/K2nXTRh1Ba",1,4,2,2723,140,0,1,1,publico_es,Publico,publico_es,0.0,neutral
1976562794532163776,Fri Oct 10 08:17:47 +0000 2025,"OPINIÓN | “Cada palo que nos damos dentro de la izquierda es una alfombra roja para la derecha”, por @ManuPineda

https://t.co/X0W4FuLIAV",18,13,3,3545,137,0,1,1,publico_es,Publico,publico_es,0.0,neutral
1976558842855956930,Fri Oct 10 08:02:05 +0000 2025,"Cristina Fallarás, 15 días bajo amenazas constantes y sin protección tras ser señalada por Vox

✍️ Por María Martínez Collado https://t.co/vCjOGOJQ6X",22,13,10,3317,149,0,0,1,publico_es,Publico,publico_es,-0.5574,negative
1976438838261064029,Fri Oct 10 00:05:14 +0000 2025,"Trump se enfrenta a cuatro demandas por los despliegues de tropas en Portland, Los Ángeles, Washington D. C. y Chicago https://t.co/xK6hw2c6xF",19,14,1,3552,142,0,0,1,publico_es,Publico,publico_es,0.0,neutral
1976437525817315496,Fri Oct 10 00:00:01 +0000 2025,"Can Xue, eterna candidata al Premio Nobel de Literatura

Vía: @librujula 

https://t.co/4pjjdyq5sf",6,3,0,2983,98,0,1,1,publico_es,Publico,publico_es,0.0,neutral
1976418275299819749,Thu Oct 09 22:43:31 +0000 2025,"Trump asegura que Gaza es la octava guerra que resuelve y que sus aranceles ""han traído paz al mundo"" https://t.co/vrwuoRFLWT",7,3,7,3607,125,0,0,1,publico_es,Publico,publico_es,0.0,neutral
1976407322978087091,Thu Oct 09 22:00:00 +0000 2025,"Viaje a Ho Chi Minh, 50 años después de la guerra de Vietnam

Vía: @Elasombrario 

https://t.co/gVFoqlUSOZ",4,3,0,3767,106,0,1,1,publico_es,Publico,publico_es,0.0,neutral
1976385579517407321,Thu Oct 09 20:33:36 +0000 2025,Sánchez advierte a Ayuso de que le llevará al Constitucional si no garantiza el aborto mientras Feijóo se desmarca de ella https://t.co/sWLi3qcQ1f,69,29,8,6207,146,0,0,1,publico_es,Publico,publico_es,-0.296,negative
1976374856942772289,Thu Oct 09 19:50:59 +0000 2025,"El nuevo registro horario deberá detallar las pausas de trabajo dentro de la jornada, así como las horas extraordinarias y cómo se van a compensar https://t.co/pMdvsrU0c1",8,4,0,4985,170,0,0,1,publico_es,Publico,publico_es,0.0,neutral
1976371161232457931,Thu Oct 09 19:36:18 +0000 2025,"👉 El doble rasero de Ayuso: se opone a un registro de objetores del aborto pero ya tiene uno de eutanasia

✍️ Por María Martínez Collado

https://t.co/kgQwg5at2X",24,15,0,4802,161,0,0,1,publico_es,Publico,publico_es,0.0,neutral
1976365798953451963,Thu Oct 09 19:15:00 +0000 2025,"OPINIÓN | ""Jane comprendió que no bastaba con estudiar a nuestros parientes cercanos, que había que preservar sus bosques y a sus especies compañeras"", por Rosa Tristán

https://t.co/27v1Jhioa0",20,5,1,4322,193,0,0,1,publico_es,Publico,publico_es,-0.296,negative
1976364302698152431,Thu Oct 09 19:09:03 +0000 2025,"García Montero critica que la RAE esté en manos de ""un experto en llevar negocios"" https://t.co/a7qU0rjUTy",25,4,1,5949,106,0,0,1,publico_es,Publico,publico_es,0.0,neutral
1976358698676060618,Thu Oct 09 18:46:47 +0000 2025,💡Cómo actuar ante un posible nuevo apagón en España https://t.co/vzZRHuZvgv,4,0,3,3941,75,0,0,1,publico_es,Publico,publico_es,0.0,neutral
1976355724092448869,Thu Oct 09 18:34:58 +0000 2025,"Así queda la ampliación del aeropuerto del Prat tras el acuerdo de Podemos con el Gobierno: sin grandes cambios, pero con dudas en el calendario https://t.co/iywQUHRqOA",2,2,2,3585,168,0,0,1,publico_es,Publico,publico_es,-0.5574,negative
1976350699911856496,Thu Oct 09 18:15:00 +0000 2025,"OPINIÓN | ""El mundo no volverá a ser el mismo después de Gaza"", por @jonathanmartinz 

https://t.co/RmeXREwnx6",13,5,2,3597,110,0,1,1,publico_es,Publico,publico_es,-0.296,negative
1976347176683925804,Thu Oct 09 18:01:00 +0000 2025,👉Israel y Hamás alcanzan un acuerdo para poner en marcha el plan de paz de Trump y otras cuatro noticias importantes de hoy https://t.co/ZXxaRb8yWN,1,0,2,3152,147,0,0,1,publico_es,Publico,publico_es,0.0,neutral
1976328761671823653,Thu Oct 09 16:47:49 +0000 2025,"Las palabras de Garamendi tras el anuncio del permiso por fallecimiento desatan la indignación: ""Claro que sí, Antonio. Que los currelas se lleven el ordenador al mismo funeral""

Vía @tremending

https://t.co/WaucGTFLAp",14,6,2,3361,219,0,1,1,publico_es,Publico,publico_es,-0.3612,negative
1976326573385990502,Thu Oct 09 16:39:08 +0000 2025,"El festival de Sitges arranca con la presencia de varios títulos españoles que confirman el interés por el terror en nuestro país

✍️ Por @begonapina

https://t.co/wJuPyBeXhy",1,0,0,3143,174,0,1,1,publico_es,Publico,publico_es,-0.0516,negative
1976320500814229526,Thu Oct 09 16:15:00 +0000 2025,"OPINIÓN | ""La intimidad y la privacidad se acompañan con ideas, no con prácticas, para que estos tengan las herramientas para elegir en qué entornos pueden compartirse"", por @AitzoleAraneta

https://t.co/2BJrfNIO5b",1,1,0,3260,214,0,1,1,publico_es,Publico,publico_es,-0.296,negative
1976317961708163456,Thu Oct 09 16:04:54 +0000 2025,¿Puede Trump realmente recibir el Nobel de la Paz? https://t.co/Khk4tFR1OK,2,1,6,3417,74,0,0,1,publico_es,Publico,publico_es,0.0,neutral
1976312950983098620,Thu Oct 09 15:45:00 +0000 2025,"Artículo de Juan Antonio Sacaluga, una llamada de atención a los jóvenes europeos

Vía @nuevatribuna

https://t.co/4YPmAeectU",3,2,1,3356,125,0,1,1,publico_es,Publico,publico_es,0.0,neutral
1976309178798104668,Thu Oct 09 15:30:00 +0000 2025,🎥 VIDEO | Miles de personas se concentraron este miércoles en Sevilla para apoyar a las mujeres afectadas por cribado de mama en Andalucía y en defensa de la sanidad pública https://t.co/0iboVIaw4t,75,30,7,4513,197,0,0,1,publico_es,Publico,publico_es,0.0,neutral
1976305401445470277,Thu Oct 09 15:15:00 +0000 2025,"OPINIÓN | ""La izquierda no ha tenido una ocasión como la actual para desalojar a Moreno Bonilla del gobierno"", por David Bollero (@dbollero)

https://t.co/ElJddAoj52",13,6,4,3335,165,0,1,1,publico_es,Publico,publico_es,-0.2584,negative
1976304300100911450,Thu Oct 09 15:10:37 +0000 2025,"❗❗El doble rasero de Ayuso: se opone a un registro de objetores del aborto pero ya tiene uno de eutanasia

✍️Por María Martínez Collado

https://t.co/G9wAsV9gTg",120,89,7,7270,160,0,0,1,publico_es,Publico,publico_es,0.0,neutral
1976302464069509550,Thu Oct 09 15:03:20 +0000 2025,"Amplio apoyo social y sindical en Catalunya a la huelga por Palestina del día 15: estos son los actores que la convocan

✍️ Por @ona_falco

https://t.co/WbDvQxJKkN",11,4,4,3331,163,0,1,1,publico_es,Publico,publico_es,0.0,neutral
1976299063604551780,Thu Oct 09 14:49:49 +0000 2025,"Cachondeo con los bomberos de Murcia apagando la megafonía de un colegio con el ‘Cumpleaños feliz’ en bucle: ""Podría haber sido peor: podría haber sido la canción de Sergio Ramos""

Vía @tremending

https://t.co/Rhix1hoGqz",18,6,3,3545,221,0,1,1,publico_es,Publico,publico_es,0.0,neutral
1976297851283227104,Thu Oct 09 14:45:00 +0000 2025,"📰 Hemos llegado a la barrera de la mayoría de edad gracias al apoyo de personas como tú. Únete a 'Público' ahora porque 18 años no son nada cuando nos queda tanto que contar. Periodismo incómodo para tiempos difíciles.

https://t.co/3kDi5i6zVr https://t.co/Ken6UgKrMk",7,2,0,3811,267,0,0,2,publico_es,Publico,publico_es,-0.296,negative
1976295579358572759,Thu Oct 09 14:35:58 +0000 2025,"Pisarello y Tarafa, el tándem que gana fuerza para liderar la candidatura de Barcelona en Comú en la siguientes municipales

✍️ Por Albert Aragonès https://t.co/x9eO6K8pDQ",12,2,5,4047,171,0,0,1,publico_es,Publico,publico_es,0.0,neutral
