tweet_id,date,text,likes,retweets,replies,views,length,hashtags,mentions,links,author,outlet,handle,sentiment,sentiment_label
1885475651429556377,Fri Jan 31 23:50:00 +0000 2025,Marianne Faithfull y Mick Jagger: el amor de vampiros que cambió la historia del rock https://t.co/ZfGoaJeUq6,10,3,2,15284,109,0,0,1,elmundoes,El Mundo,elmundoes,0.6124,positive
1885460551616131350,Fri Jan 31 22:50:00 +0000 2025,"Tres menores se cuelan en un instituto de Valencia para pegar a un estudiante y le rompen el brazo al director
https://t.co/tCJPQWZnWU",80,35,38,46339,134,0,0,1,elmundoes,El Mundo,elmundoes,0.0,neutral
1885455519814475886,Fri Jan 31 22:30:00 +0000 2025,"Lamborghinis, Ferraris, Bugattis, Porsches... El aparcacoches de las 'celebrities https://t.co/pXvnrWX0ah",6,2,3,24986,105,0,0,1,elmundoes,El Mundo,elmundoes,0.0,neutral
1885443630644555809,Fri Jan 31 21:42:46 +0000 2025,"📰 Portada de EL MUNDO del 1 de febrero

Ya disponible en Orbyt y en la edición digital con la mejor información https://t.co/c3NHRubluP",83,57,35,24066,135,0,0,1,elmundoes,El Mundo,elmundoes,0.0,neutral
1885442935665094945,Fri Jan 31 21:40:00 +0000 2025,La bella imagen de globos aerostáticos sobrevolando los Alpes suizos https://t.co/irUHPEUxe6,15,6,2,16828,92,0,0,1,elmundoes,El Mundo,elmundoes,0.0,neutral
1885435385796583814,Fri Jan 31 21:10:00 +0000 2025,"El director que retrata los atentados de los Juegos Olímpicos de Múnich en 1972: ""El sentimiento de culpa del pueblo alemán sigue presente""

✍️ Luis Martínez https://t.co/FyzEYNTqMp",9,3,0,15638,181,0,0,1,elmundoes,El Mundo,elmundoes,0.0,neutral
1885429078800384459,Fri Jan 31 20:44:56 +0000 2025,"Indra compra finalmente Hispasat por 720 millones y crea el campeón en defensa que ansiaba Sánchez

https://t.co/1kEZfeM0Yl",51,28,7,30206,123,0,0,1,elmundoes,El Mundo,elmundoes,0.0,neutral
1885427836107755542,Fri Jan 31 20:40:00 +0000 2025,El impacto en la salud del cacao: mejora la memoria y alivia el estrés https://t.co/nbIAVZPemL,13,5,0,14510,94,0,0,1,elmundoes,El Mundo,elmundoes,0.0,neutral
1885420286465491438,Fri Jan 31 20:10:00 +0000 2025,"Los perros de la guerra buscan familia de adopción 

✍️ Alberto Rojas, enviado especial a Kiev https://t.co/yVWZsjzIn0",28,14,2,15101,118,0,0,1,elmundoes,El Mundo,elmundoes,0.0,neutral
1885415676661178738,Fri Jan 31 19:51:41 +0000 2025,🔴 El juez procesa al hermano de Ximo Puig por los delitos de estafa y falsedad documental https://t.co/Ha2rRUhDAq,1297,635,80,50807,113,0,0,1,elmundoes,El Mundo,elmundoes,0.0,neutral
1885414641964142701,Fri Jan 31 19:47:34 +0000 2025,"La Casa Blanca confirma que Estados Unidos impondrá aranceles a Canadá, México y China a partir de este sábado https://t.co/NXwnQKCaV2 https://t.co/tTY2bpCp7N",39,18,18,25281,158,0,0,2,elmundoes,El Mundo,elmundoes,0.0,neutral
1885414177449107494,Fri Jan 31 19:45:43 +0000 2025,Una militante de Guanyem Badalona denuncia acoso sexual por parte de un ex concejal https://t.co/ym4N5KmZsj,14,7,2,14031,107,0,0,1,elmundoes,El Mundo,elmundoes,0.0,neutral
1885412736655314996,Fri Jan 31 19:40:00 +0000 2025,"El juzgado de Catarroja que centraliza la investigación de la dana pide información sobre la CHJ y el responsable del mensaje de alerta a la población

✍️ Noa de la Torre https://t.co/Zi5aDRSIpc",73,40,8,14261,194,0,0,1,elmundoes,El Mundo,elmundoes,0.0,neutral
1885409064751948139,Fri Jan 31 19:25:24 +0000 2025,"#Actualización Un muerto al saltar de un edificio en llamas en Basauri y otras 4 personas rescatadas, 2 de ellas menores https://t.co/0JIczyZj5S",4,1,1,11970,144,1,0,1,elmundoes,El Mundo,elmundoes,0.0,neutral
1885407703599554794,Fri Jan 31 19:20:00 +0000 2025,Illa anuncia 18.500 millones hasta 2030 para recuperar el liderazgo económico de Cataluña https://t.co/WHbtvUGAXH,8,3,5,13873,113,0,0,1,elmundoes,El Mundo,elmundoes,0.0,neutral
1885406994183368713,Fri Jan 31 19:17:11 +0000 2025,"La catástrofe aérea de Washington expone las grietas del servicio de aviación civil de EEUU

✍️ Pablo Pardo https://t.co/y8Pa9b7zLK",9,2,0,12499,131,0,0,1,elmundoes,El Mundo,elmundoes,0.0,neutral
1885403174137168014,Fri Jan 31 19:02:00 +0000 2025,"Un marinero mata a otro y hiere de gravedad a su pareja en una reyerta con el trasfondo de años de conflictividad y problemas por la pesca
https://t.co/K6M4qgCoRX",5,3,1,13566,162,0,0,1,elmundoes,El Mundo,elmundoes,0.0,neutral
1885402049719697716,Fri Jan 31 18:57:32 +0000 2025,"#ÚltimaHora 🔴La Casa Blanca confirma que Estados Unidos impondrá aranceles a Canadá, México y China a partir de este sábado
https://t.co/NXwnQKCaV2",104,28,6,26106,147,1,0,1,elmundoes,El Mundo,elmundoes,0.0,neutral
1885398392202752476,Fri Jan 31 18:43:00 +0000 2025,Vandalizan la tumba de Jean-Marie Le Pen https://t.co/SDK8bVijtS,53,10,33,25750,64,0,0,1,elmundoes,El Mundo,elmundoes,0.0,neutral
1885397540708733082,Fri Jan 31 18:39:37 +0000 2025,"Sumar pincha en su elección de líderes autonómicos: en cuatro de 14 autonomías no se presenta ningún candidato

✍️ Álvaro Carvajal https://t.co/gaL97sdmRq",64,29,16,15180,154,0,0,1,elmundoes,El Mundo,elmundoes,-0.296,negative
1885393310597906611,Fri Jan 31 18:22:48 +0000 2025,"🔴 Un herido grave al saltar de un edificio en llamas en Basauri y otros 4 rescatados, 2 de ellos menores https://t.co/0JIczyZj5S",17,5,1,27422,128,0,0,1,elmundoes,El Mundo,elmundoes,-0.3818,negative
1885390709915537592,Fri Jan 31 18:12:28 +0000 2025,"Felipe González: ""He estado muchas más veces de acuerdo con Pedro Sánchez que Pedro Sánchez consigo mismo"" https://t.co/uDOl00GJrJ https://t.co/pQU5SrtESP",771,191,82,89339,154,0,0,2,elmundoes,El Mundo,elmundoes,0.0,neutral
1885387771822383474,Fri Jan 31 18:00:48 +0000 2025,"Los Mossos d'Esquadra investigan un ataque mortal con arma blanca a un joven de 24 años en Santa Perpetua, el segundo en menos de 24 horas https://t.co/uPrZfJdLAb",18,11,8,12629,162,0,0,1,elmundoes,El Mundo,elmundoes,0.0,neutral
1885387575637975326,Fri Jan 31 18:00:01 +0000 2025,"Lola Índigo, Miguel Ríos y los tres hermanos Morente actuarán en la gala de los Goya
https://t.co/V5jA9W93kL",12,3,5,20204,108,0,0,1,elmundoes,El Mundo,elmundoes,0.0,neutral
1885387154710237501,Fri Jan 31 17:58:21 +0000 2025,El Ibex 35 sella su mejor arranque de año en la semana del seísmo bursátil de Deepseek https://t.co/qc6UaDJAVv,5,2,1,10327,110,0,0,1,elmundoes,El Mundo,elmundoes,0.0,neutral
1885386171502497888,Fri Jan 31 17:54:26 +0000 2025,🔴 El Parlamento alemán rechaza por la mínima el proyecto de ley contra la inmigración apoyado por la ultraderecha https://t.co/z4O5u1hIj8,53,22,27,21172,137,0,0,1,elmundoes,El Mundo,elmundoes,0.0,neutral
1885384196094316713,Fri Jan 31 17:46:35 +0000 2025,"El Gobierno de Madrid advierte al delegado en una carta oficial: o deja de ""insultar"" a Ayuso o romperá las relaciones institucionales https://t.co/noJk4J4CiG",181,53,86,19208,158,0,0,1,elmundoes,El Mundo,elmundoes,0.0,neutral
1885382034220343807,Fri Jan 31 17:38:00 +0000 2025,"Cazado a 238 km/h en una vía de 120 y, además, haciendo un 'slalom' entre los otros coches
 https://t.co/MdN6x6UmgM",138,17,26,60828,115,0,0,1,elmundoes,El Mundo,elmundoes,0.0,neutral
1885376928976130446,Fri Jan 31 17:17:43 +0000 2025,"Karla Sofía Gascón abandona X: ""Me han amenazado de muerte, insultado, violentado y vejado hasta la extenuación""

✍️ Luis Martínez https://t.co/x39nAqP5ef",82,9,96,51774,154,0,0,1,elmundoes,El Mundo,elmundoes,0.0,neutral
1885376246378275199,Fri Jan 31 17:15:00 +0000 2025,"Preguntan a Trump si visitará el lugar del accidente de avión: ""Tú me dices cuál es el sitio. ¿El agua?¿Quieres que vaya a nadar?"" https://t.co/LNCIR0pxba",167,24,42,70745,154,0,0,1,elmundoes,El Mundo,elmundoes,0.0,neutral
1885372723821764650,Fri Jan 31 17:01:00 +0000 2025,"Muere atropellado un joven que se marchó de las Urgencias de un hospital de Palma sin llegar a ser atendido
https://t.co/SMoWBLiYmA",30,15,2,24686,131,0,0,1,elmundoes,El Mundo,elmundoes,-0.5574,negative
1885367438025654398,Fri Jan 31 16:40:00 +0000 2025,"Ayuso, contundente sobre los posibles pactos del PP con Junts: ""Odian a España, viven de los españoles y sólo han venido aquí para hacer daño"" https://t.co/EQmgIY6e7N",1072,296,174,38168,166,0,0,1,elmundoes,El Mundo,elmundoes,0.0,neutral
1885366770304688191,Fri Jan 31 16:37:21 +0000 2025,La Audiencia Nacional procesa a cinco exjefes de ETA por planificar el asesinato de Gregorio Ordóñez https://t.co/dkM6TL264k,694,276,21,23010,124,0,0,1,elmundoes,El Mundo,elmundoes,0.0,neutral
1885362703708852287,Fri Jan 31 16:21:11 +0000 2025,El juzgado de Catarroja que centraliza la investigación de la dana pide información sobre la CHJ y el responsable del mensaje de alerta a la población https://t.co/og6GX8uSSC,152,95,2,14015,174,0,0,1,elmundoes,El Mundo,elmundoes,0.0,neutral
1885361977238626466,Fri Jan 31 16:18:18 +0000 2025,"""Donald Trump, el conquistador, se ha obsesionado con la geografía y lleva emborronando mapas desde el primer día de su coronación""

✍️ Fátima Ruiz https://t.co/o08KokO6ec",6,0,4,11873,171,0,0,1,elmundoes,El Mundo,elmundoes,0.34,positive
1885357382433464471,Fri Jan 31 16:00:02 +0000 2025,"Así es el día a día de la guardamarina Leonor en la travesía oceánica del Elcano: subida a palos, aferrado de velas, preparación del barco... 
https://t.co/lwYbDMjP0U",25,8,2,14888,166,0,0,1,elmundoes,El Mundo,elmundoes,0.0,neutral
1885353345151537560,Fri Jan 31 15:44:00 +0000 2025,"Un juzgado de Catarroja y un equipo de fiscales investigarán la gestión de la DANA

https://t.co/Zi5aDRTgeK",23,7,1,11627,107,0,0,1,elmundoes,El Mundo,elmundoes,0.0,neutral
1885347306322415630,Fri Jan 31 15:20:00 +0000 2025,"Mercadona sube un euro la tarifa de su compra online
https://t.co/7Tc4fnPyEn",8,0,5,14872,76,0,0,1,elmundoes,El Mundo,elmundoes,0.0,neutral
1885342525625364684,Fri Jan 31 15:01:00 +0000 2025,"El ex 'conseller' Toni Comín, acusado de acoso por un ex asesor de Junts en Bruselas https://t.co/EfL3DTY3iP",25,20,8,15015,108,0,0,1,elmundoes,El Mundo,elmundoes,0.0,neutral
1885338497466204481,Fri Jan 31 14:45:00 +0000 2025,"Localizan un barco con 19 cadáveres en descomposición de posibles migrantes africanos en San Cristóbal y Nieves
https://t.co/f5OQjfOnMS",15,5,6,16070,135,0,0,1,elmundoes,El Mundo,elmundoes,0.0,neutral
1885337332124885359,Fri Jan 31 14:40:22 +0000 2025,Tres menores se cuelan en un instituto de Valencia para pegar a un estudiante y le rompen el brazo al director https://t.co/sLnhx9jbG9,742,385,219,93669,134,0,0,1,elmundoes,El Mundo,elmundoes,0.0,neutral
1885332206115074450,Fri Jan 31 14:20:00 +0000 2025,La presión vecinal y la falta de seguridad consigue aplazar el polémico desahucio de Casa Orsola https://t.co/Ot5FJPAihW,10,5,5,14526,120,0,0,1,elmundoes,El Mundo,elmundoes,0.0,neutral
1885328431870538089,Fri Jan 31 14:05:00 +0000 2025,El cruce de Rafah se reabrirá hoy en vez del domingo para la salida de gazatíes heridos https://t.co/v9D1AZ4Znr,3,2,2,12430,111,0,0,1,elmundoes,El Mundo,elmundoes,0.0,neutral
1885323398873833924,Fri Jan 31 13:45:00 +0000 2025,"Los médicos anuncian una ""gran manifestación"" frente a Sanidad para mostrar su rechazo al borrador del Estatuto Marco https://t.co/ofYpGDMtHe",62,39,6,12902,141,0,0,1,elmundoes,El Mundo,elmundoes,0.0,neutral
1885319621013582027,Fri Jan 31 13:29:59 +0000 2025,"Trece fiscales de Sala piden a García Ortiz que dimita ya: ""La institución está sometida a una tensión insoportable""

✍️ Ángela Martialay
https://t.co/FuC6DMyFXB",1044,406,125,24058,161,0,0,1,elmundoes,El Mundo,elmundoes,0.0,neutral
1885317266339758100,Fri Jan 31 13:20:38 +0000 2025,Seis hombres que trucaron las ruletas para no perder se enfrentan a 54 años de cárcel al causar 40.000 euros en pérdidas a una casa de apuestas https://t.co/tHrSPvKTc0,59,5,14,150439,167,0,0,1,elmundoes,El Mundo,elmundoes,-0.296,negative
1885316855193362553,Fri Jan 31 13:19:00 +0000 2025,Una asociación militar denuncia contagios de sarna entre los efectivos desplegados por la dana y exige explicaciones a Defensa https://t.co/AH37XsDfcw,53,36,7,26332,150,0,0,1,elmundoes,El Mundo,elmundoes,0.0,neutral
1885315818931552546,Fri Jan 31 13:14:53 +0000 2025,Los polémicos mensajes en X de Karla Sofía Gascón comprometen su candidatura al Oscar y complican mucho las opciones de Emilia Pérez https://t.co/X5mGcrok8j,404,105,315,449656,156,0,0,1,elmundoes,El Mundo,elmundoes,0.0,neutral
1885312077423927553,Fri Jan 31 13:00:01 +0000 2025,"Israel suspende la evacuación de una niña de dos años con la que salvaría la vida: ""¿Qué crimen cometió?"" https://t.co/FNGi4GNCmC",8,2,6,12039,129,0,0,1,elmundoes,El Mundo,elmundoes,0.0,neutral
1885307040706232560,Fri Jan 31 12:40:00 +0000 2025,"Vuelve el loden, el abrigo verde con el que ""los cayetanos se vinculan a los gustos de la vida en el campo, el dinero antiguo y la nobleza"" 

✍️ Charo Lagares https://t.co/hfdEX3vHsg",50,5,19,72747,182,0,0,1,elmundoes,El Mundo,elmundoes,0.0,neutral
1885302007491420446,Fri Jan 31 12:20:00 +0000 2025,Detenido en Guatemala el líder y otro integrante de la secta judía ultraortodoxa Lev Tahor por matrimonios forzados entre niñas y miembros de ese grupo https://t.co/mwv7pXwuiG,42,13,1,11399,175,0,0,1,elmundoes,El Mundo,elmundoes,0.0,neutral
1885296976427946030,Fri Jan 31 12:00:00 +0000 2025,"El Gobierno de Madrid advierte al delegado en una carta oficial: o deja de ""insultar"" a Ayuso o romperá las relaciones institucionales

https://t.co/bBEsHCZ4qg",1104,326,501,58292,159,0,0,1,elmundoes,El Mundo,elmundoes,0.0,neutral
1885293852400976326,Fri Jan 31 11:47:36 +0000 2025,Detenidos dos agentes de la Guardia Civil de Ceuta en una operación contra el narcotráfico https://t.co/1Wa7LdFRJl,72,17,5,17043,114,0,0,1,elmundoes,El Mundo,elmundoes,0.0,neutral
1885292192362881151,Fri Jan 31 11:41:00 +0000 2025,"Los tuaregs que liberaron al español secuestrado en África:  ""Logramos salvarle sin un rasguño y sin pagar rescate... Ahora nos sirve para que descubran nuestra masacre"" https://t.co/KH3rMTqYpx",33,15,0,11477,193,0,0,1,elmundoes,El Mundo,elmundoes,-0.802,negative
1885288538331082934,Fri Jan 31 11:26:29 +0000 2025,"#ÚltimaHora 🔴 El Real Madrid se enfrentará al Manchester City en el playoff de la Champions

https://t.co/ata1ZU9mOq",48,8,6,35321,116,1,0,1,elmundoes,El Mundo,elmundoes,0.5267,positive
1885286977840291909,Fri Jan 31 11:20:17 +0000 2025,#últimaHora 🔴 Hamas anuncia los nombres de los tres rehenes que tiene previsto liberar mañana https://t.co/Tis2Ib4KUX,9,5,2,10774,117,1,0,1,elmundoes,El Mundo,elmundoes,0.0,neutral
1885286907602755909,Fri Jan 31 11:20:00 +0000 2025,"La paranoia del 'Rambo' de Ciudad Lineal: llama a la Policía porque cree que hay un intruso en su casa... y le hallan 50 armas, droga y juguetes sexuales https://t.co/aKOUvmwIvj",29,7,6,22059,177,0,0,1,elmundoes,El Mundo,elmundoes,-0.25,negative
1885282629840494875,Fri Jan 31 11:03:00 +0000 2025,Seis hombres que trucaron las ruletas para no perder se enfrentan a 54 años de cárcel al causar 40.000 euros en pérdidas a una casa de apuestas https://t.co/XBh3M1ECwz,48,7,12,24417,167,0,0,1,elmundoes,El Mundo,elmundoes,-0.296,negative
1885280218564235357,Fri Jan 31 10:53:25 +0000 2025,"#últimaHora 🔴 Giro de Sánchez en Defensa: envía una carta a Calviño junto a otros 18 líderes europeos para que el BEI eleve la inversión militar

https://t.co/fp9swkqj1A",74,26,22,35729,169,1,0,1,elmundoes,El Mundo,elmundoes,0.0,neutral
1885279356341133703,Fri Jan 31 10:50:00 +0000 2025,"Aplazado el polémico desahucio de Casa Orsola en Barcelona ""ante la imposibilidad de llevarlo a cabo en condiciones de seguridad"" https://t.co/MgG6bQfh65",13,7,0,9173,153,0,0,1,elmundoes,El Mundo,elmundoes,0.0,neutral
1895620702809559171,Fri Feb 28 23:42:49 +0000 2025,"Acciona gana un 22% menos, pero dispara a máximos históricos sus ingresos gracias al 'boom' de la vivienda y el despegue de su negocio eólico https://t.co/KzzwApgLEi",4,2,0,14128,165,0,0,1,elmundoes,El Mundo,elmundoes,0.0,neutral
1895597700697178157,Fri Feb 28 22:11:25 +0000 2025,"#Editorial 📰 Trump sella ante Zelenski su indecente quiebra moral

https://t.co/q5jLbi63I5",490,144,163,57845,90,1,0,1,elmundoes,El Mundo,elmundoes,0.0,neutral
1895597348488953879,Fri Feb 28 22:10:01 +0000 2025,"📰 Portada de EL MUNDO del sábado 1 de marzo

Ya disponible en Orbyt y en la edición digital con la mejor información https://t.co/VTUTvnxcDs",62,44,7,24768,140,0,0,1,elmundoes,El Mundo,elmundoes,0.0,neutral
1895586004133699894,Fri Feb 28 21:24:56 +0000 2025,"La Audiencia Nacional prorroga el 'caso Koldo' ante la cantidad de material aún por analizar y la posibilidad de ""nuevas imputaciones"" https://t.co/MQrEOVMzcB",266,136,4,19446,158,0,0,1,elmundoes,El Mundo,elmundoes,0.0,neutral
1895583029218910504,Fri Feb 28 21:13:07 +0000 2025,"Hackman y su mujer podían llevar hasta ""dos semanas muertos"" cuando los encontraron

https://t.co/dc5eQRBqsH",3,6,0,17359,108,0,0,1,elmundoes,El Mundo,elmundoes,0.0,neutral
1895580307908411814,Fri Feb 28 21:02:18 +0000 2025,Karla Sofía Gascón reaparece en los premios César del cine francés https://t.co/XnUluOhtfz,27,2,6,22633,90,0,0,1,elmundoes,El Mundo,elmundoes,0.0,neutral
1895579982069473690,Fri Feb 28 21:01:00 +0000 2025,Tres detenidos por la muerte a tiros de un hombre en Olesa de Montserrat en el undécimo crimen de este año https://t.co/ImjHQf2Qby,18,12,4,17603,130,0,0,1,elmundoes,El Mundo,elmundoes,0.0,neutral
1895576069127684503,Fri Feb 28 20:45:27 +0000 2025,"El excirujano francés acusado de violar a 299 pacientes, casi todos menores confiesa que abusó sexualmente de su nieta https://t.co/IIsyduIpBj",27,28,8,21467,142,0,0,1,elmundoes,El Mundo,elmundoes,0.0,neutral
1895572875131633804,Fri Feb 28 20:32:46 +0000 2025,"El PP, tras la declaración de Jéssica, ex pareja de Ábalos: ""Esto de que el socialismo contrate gente, se le pague un sueldo público y no vaya a trabajar parece una costumbre"" https://t.co/ZskGtpDdcx",681,267,61,21854,199,0,0,1,elmundoes,El Mundo,elmundoes,-0.296,negative
1895569963059929287,Fri Feb 28 20:21:11 +0000 2025,El éxito infinito de Bruno Mars sin sacar disco desde hace nueve años: supera los 150 millones de oyentes mensuales en Spotify https://t.co/4orSCM7fBv,119,14,2,28364,150,0,0,1,elmundoes,El Mundo,elmundoes,-0.5574,negative
1895566907048419575,Fri Feb 28 20:09:03 +0000 2025,"Así ha sido la conversación entre Trump y Zelenski en el Despacho Oval

https://t.co/0vLnkHvdTK",30,6,15,18955,95,0,0,1,elmundoes,El Mundo,elmundoes,0.34,positive
1895564812689739985,Fri Feb 28 20:00:43 +0000 2025,"J.D. Vance se tira a la yugular de Zelenski

✍️ Gina Montaner https://t.co/spSqprjwyu",59,11,46,24089,85,0,0,1,elmundoes,El Mundo,elmundoes,0.0,neutral
1895564386149789913,Fri Feb 28 19:59:02 +0000 2025,"Reacciones al choque Trump-Zelenski: del ""debemos respetar a los que luchan desde el principio"" de Macron al ""España está contigo"" de Sánchez https://t.co/gVCKpU16LT",31,8,14,14353,165,0,0,1,elmundoes,El Mundo,elmundoes,0.0,neutral
1895558718961394147,Fri Feb 28 19:36:31 +0000 2025,Cada 15 minutos muere un dependiente en lista de espera en España: ya hay 270.000 esperando atención que no llega https://t.co/FwQs3rD4VR,246,196,38,27580,137,0,0,1,elmundoes,El Mundo,elmundoes,-0.296,negative
1895556158863147041,Fri Feb 28 19:26:20 +0000 2025,"El PSOE pide en la Comisión Constitucional la dimisión de Feijóo por encubrir a Mazón con ""desvergüenza"" y aventura que se verá ante un juez https://t.co/KLgJcB36Fs",23,9,62,17620,164,0,0,1,elmundoes,El Mundo,elmundoes,0.0,neutral
1895553496755081563,Fri Feb 28 19:15:45 +0000 2025,Duros enfrentamientos entre manifestantes y la policía frente al Parlamento de Atenas https://t.co/UZ1OjFbE0r,16,12,1,17336,109,0,0,1,elmundoes,El Mundo,elmundoes,0.0,neutral
1895551161597374816,Fri Feb 28 19:06:29 +0000 2025,Denunciada una escolta de Salvador Illa por robar en una tienda de ropa de paseo de Gràcia de Barcelona https://t.co/CFo1pjpOes,215,128,67,26047,127,0,0,1,elmundoes,El Mundo,elmundoes,0.0,neutral
1895549777716396092,Fri Feb 28 19:00:59 +0000 2025,"Trump y Zelenski acaban a gritos en el Despacho Oval ante las cámaras: ""Estás jugando con la Tercera Guerra Mundial"" https://t.co/ef6UD5O8yF",2309,457,237,725688,140,0,0,1,elmundoes,El Mundo,elmundoes,0.0,neutral
1895547154875265178,Fri Feb 28 18:50:33 +0000 2025,"La reivindicación de Manu Sánchez, tratado de un cáncer, tras recibir la Medalla de Andalucía: ""Ni Pamplona ni Houston; la sanidad pública me ha salvado la vida"" https://t.co/Uquq0rsmof",38,6,4,13973,185,0,0,1,elmundoes,El Mundo,elmundoes,0.34,positive
1895544243638124596,Fri Feb 28 18:38:59 +0000 2025,"#ÚltimaHora  🔴 El papa sufre un ""repentino"" empeoramiento respiratorio tras una crisis de broncospasmo https://t.co/hWmOynsl1Z",179,63,30,99483,126,1,0,1,elmundoes,El Mundo,elmundoes,-0.6249,negative
1895543924850147345,Fri Feb 28 18:37:43 +0000 2025,"Todo lo que se sabe de la muerte de Gene Hackman y su mujer: ¿por qué las autoridades lo consideran sospechoso?, ¿cuándo fueron vistos por última vez? https://t.co/1HxXP1Bm0M",8,5,1,10946,174,0,0,1,elmundoes,El Mundo,elmundoes,0.0,neutral
1895540379941802336,Fri Feb 28 18:23:38 +0000 2025,"La bronca por la 'superquita' opaca el 45 aniversario del referéndum de autonomía de Andalucía y Montero tacha de ""pataleta infantil"" la respuesta del PP https://t.co/vqYicNPApZ",6,3,1,11318,177,0,0,1,elmundoes,El Mundo,elmundoes,0.0,neutral
1895535073606201476,Fri Feb 28 18:02:33 +0000 2025,"Radiografía del colapso judicial en Cataluña, 'zona cero' de la multirreincidencia https://t.co/YdrDKtIOnh",0,2,0,10038,106,0,0,1,elmundoes,El Mundo,elmundoes,0.0,neutral
1895529861667569767,Fri Feb 28 17:41:50 +0000 2025,"""Tres o cuatro meses sería un tiempo razonable para los juicios rápidos"" https://t.co/QPAJSdNmGr",8,5,2,11926,96,0,0,1,elmundoes,El Mundo,elmundoes,0.0,neutral
1895525755066728695,Fri Feb 28 17:25:31 +0000 2025,"#ÚltimaHora 🔴 La UEFA multa al Madrid y le amenaza con un cierre parcial del Bernabéu por ""actitud discriminatoria"" de sus aficionados durante el partido contra el Manchester City  https://t.co/rWeicFTxfN",79,16,17,49405,204,1,0,1,elmundoes,El Mundo,elmundoes,0.0,neutral
1895524417993638237,Fri Feb 28 17:20:13 +0000 2025,"El Gobierno argentino corrige la norma donde llamaba ""imbéciles"" e ""idiotas"" a los discapacitados https://t.co/pOL1l9FBpC",17,3,3,12804,121,0,0,1,elmundoes,El Mundo,elmundoes,0.0,neutral
1895519216297517110,Fri Feb 28 16:59:32 +0000 2025,"Dos presidentes de empresas públicas con genética del PSOE y el ministro Planas, salpicados por la ex novia de Ábalos https://t.co/nSHtarfQzD",365,227,30,16116,141,0,0,1,elmundoes,El Mundo,elmundoes,0.0,neutral
1895513114054987847,Fri Feb 28 16:35:17 +0000 2025,Trump recibe a Zelenski en la Casa Blanca https://t.co/X9SlzVcRZU,33,10,10,14114,65,0,0,1,elmundoes,El Mundo,elmundoes,0.0,neutral
1895512939601227823,Fri Feb 28 16:34:36 +0000 2025,Sánchez impulsa la Hacienda catalana para prepararla para recaudar todos los impuestos con el concierto https://t.co/BjrDIhhM9J,11,20,18,12539,127,0,0,1,elmundoes,El Mundo,elmundoes,0.0,neutral
1895504735953952990,Fri Feb 28 16:02:00 +0000 2025,Montero aún confía en un acuerdo con las comunidades del PP para la quita de la deuda https://t.co/kRZBBxFI6H,5,2,17,12360,109,0,0,1,elmundoes,El Mundo,elmundoes,0.0,neutral
1895503377854845057,Fri Feb 28 15:56:36 +0000 2025,"Mónica García: ""No creo que los médicos estemos mal pagados, cobramos de media como un ministro"" https://t.co/21SWe7a72O",61,38,77,69426,120,0,0,1,elmundoes,El Mundo,elmundoes,0.0,neutral
1895503337027420524,Fri Feb 28 15:56:26 +0000 2025,Un fallo de WhatsApp afecta a decenas de miles de usuarios https://t.co/ltzsklzGDE,65,26,5,37052,82,0,0,1,elmundoes,El Mundo,elmundoes,0.0,neutral
1895484390202884114,Fri Feb 28 14:41:09 +0000 2025,"Podemos pide salir de la OTAN en el primer acto de Irene Montero con el partido tras conocerse las denuncias por ""violencia sexual"" a Monedero https://t.co/vTwE2RQDnT",33,11,36,17654,166,0,0,1,elmundoes,El Mundo,elmundoes,0.0,neutral
1895482841288655017,Fri Feb 28 14:35:00 +0000 2025,La hembra de lince ibérico Hubara ha dado a luz a un único cachorro en el centro de cría en cautividad de Zarza de Granadilla (Cáceres) https://t.co/eqDzrzYHoh,239,25,9,37530,159,0,0,1,elmundoes,El Mundo,elmundoes,0.34,positive
1895478898697076783,Fri Feb 28 14:19:20 +0000 2025,Detienen a varias personas en España en una operación internacional contra un grupo que generaba imágenes pornográficas de menores con IA https://t.co/tnk1oR9Lpy,32,13,5,11258,161,0,0,1,elmundoes,El Mundo,elmundoes,0.0,neutral
1895473291986411521,Fri Feb 28 13:57:03 +0000 2025,"Un incendio en una nave del polígono Cobo Calleja de Fuenlabrada causa una gran humareda
https://t.co/U78NhJVRYR https://t.co/3zOwjGzfjG",3,2,1,11186,136,0,0,2,elmundoes,El Mundo,elmundoes,0.0,neutral
1895471413080870949,Fri Feb 28 13:49:35 +0000 2025,"#ÚltimaHora🔴 La empresa pública Tragsa sacrifica a una gerente de tercer nivel para aplacar el escándalo por el trabajo 'fantasma' de Jéssica, la ex novia de Ábalos https://t.co/a9JIPb19NR",988,549,165,79038,188,1,0,1,elmundoes,El Mundo,elmundoes,0.0,neutral
1895470258669990096,Fri Feb 28 13:45:00 +0000 2025,Detenido un yihadista de Ecuador que odia a España y alababa los atentados de Atocha y del 11-S https://t.co/0eWTe3d2oV,1622,344,154,1181273,119,0,0,1,elmundoes,El Mundo,elmundoes,0.0,neutral
1895470024317444140,Fri Feb 28 13:44:04 +0000 2025,"Leiva publica junto a Robe Iniesta 'Caída libre', faro y salvavidas para los que sufren depresión https://t.co/L0WSBeBfhA",41,10,3,22745,121,0,0,1,elmundoes,El Mundo,elmundoes,0.0,neutral
1895467058478932426,Fri Feb 28 13:32:17 +0000 2025,China ejecuta a una de sus mayores traficantes de niños https://t.co/LzTk53n6l0,174,52,10,21558,79,0,0,1,elmundoes,El Mundo,elmundoes,0.0,neutral
1895463824964079862,Fri Feb 28 13:19:26 +0000 2025,Trump acepta la invitación del rey Carlos III y hará una visita de Estado al Reino Unido https://t.co/tNGObNPzWh,17,7,5,23729,112,0,0,1,elmundoes,El Mundo,elmundoes,0.0,neutral
1895461336248693212,Fri Feb 28 13:09:33 +0000 2025,Un lobo ataca frente a la puerta de un colegio en Campoo de Suso (Cantabria) https://t.co/B44kjwzORn,45,12,15,34701,100,0,0,1,elmundoes,El Mundo,elmundoes,0.0,neutral
1895458425770852408,Fri Feb 28 12:57:59 +0000 2025,"Ángela Agudo, la valenciana accidentada en Tailandia, ya respira sin necesidad de la traqueotomía https://t.co/i7MtfR3mIf",200,14,2,36962,121,0,0,1,elmundoes,El Mundo,elmundoes,-0.5574,negative
1895453706021109890,Fri Feb 28 12:39:13 +0000 2025,Cuerva convoca a la cúpula de Cepyme para evitar que la guerra interna acabe en los tribunales y poner fecha a las elecciones https://t.co/mko8YgakVf,1,1,0,9114,149,0,0,1,elmundoes,El Mundo,elmundoes,0.0,neutral
1895450446753374269,Fri Feb 28 12:26:16 +0000 2025,"Olivier Blanchard, premio BBVA Fronteras del Conocimiento. «Trump está dañando a la economía de Estados Unidos con su política» https://t.co/b3pBm52Vzj",6,1,2,9408,151,0,0,1,elmundoes,El Mundo,elmundoes,0.0,neutral
1895448868289966312,Fri Feb 28 12:20:00 +0000 2025,Podcast 🎙 Los Oscar y la gran crisis de Hollywood: ¿está en peligro de extinción?https://t.co/FDS95Mdjtt https://t.co/171e63H7YI,9,5,0,9079,128,0,0,2,elmundoes,El Mundo,elmundoes,-0.6249,negative
1895447952321290536,Fri Feb 28 12:16:22 +0000 2025,Todo lo que se sabe de la detención de Frank Cuesta https://t.co/OwVdF5t5nC https://t.co/d1QJJD4K4U,18,5,4,17217,99,0,0,2,elmundoes,El Mundo,elmundoes,0.0,neutral
1895447181043057056,Fri Feb 28 12:13:18 +0000 2025,A Complete Unknown: un Timothée Chalamet superlativo en la crónica lánguida de cuando Bob hizo pop (***) https://t.co/UNnBgB6AGw,4,1,0,8720,128,0,0,1,elmundoes,El Mundo,elmundoes,0.0,neutral
1895444007070617839,Fri Feb 28 12:00:41 +0000 2025,"Sandra Morales, la musa del acento andaluz: ""El cateto critica a quien cecea. Los catetos no somos nosotros"" https://t.co/DQtxCdmkd3",755,101,66,121133,132,0,0,1,elmundoes,El Mundo,elmundoes,-0.296,negative
1895440579061825926,Fri Feb 28 11:47:04 +0000 2025,La Comunidad aumenta un 10% sus atenciones a las víctimas de delitos: más de un tercio son mujeres víctimas de violencia sexual https://t.co/mBwYEKIPqw,14,7,5,9930,151,0,0,1,elmundoes,El Mundo,elmundoes,0.0,neutral
1895436893556449321,Fri Feb 28 11:32:25 +0000 2025,"Frank Cuesta declara 3 horas ante la Policía y afirma que compró en mercados de pulgas las nutrias por las que ha sido detenido por posesión ilegal de animales
https://t.co/OwVdF5t5nC",157,28,39,35961,183,0,0,1,elmundoes,El Mundo,elmundoes,0.34,positive
1895432518242820240,Fri Feb 28 11:15:02 +0000 2025,"Elvira González: ""Galerías y artistas somos cada vez más invisibles, a diferencia del cine. No importamos nada a ningún gobierno, da igual PP que PSOE"" https://t.co/Acj5g6qEVO",7,4,7,9071,175,0,0,1,elmundoes,El Mundo,elmundoes,-0.296,negative
1895430787387756843,Fri Feb 28 11:08:09 +0000 2025,#EnDirecto ▶ Violenta protesta en Grecia cuando se cumplen 2 años de la catástrofe ferroviaria  https://t.co/hHZqoA4xCv,22,10,3,10260,119,1,0,1,elmundoes,El Mundo,elmundoes,0.34,positive
1895429584062976288,Fri Feb 28 11:03:22 +0000 2025,Nuevas herramientas para avanzar en el diagnóstico precoz de las enfermedades raras https://t.co/6JwwezyuQT,8,4,0,8836,107,0,0,1,elmundoes,El Mundo,elmundoes,0.0,neutral
1895425064717135936,Fri Feb 28 10:45:25 +0000 2025,Daniel Sancho concede una entrevista desde la cárcel https://t.co/R9niQQCnUQ,28,10,12,98660,76,0,0,1,elmundoes,El Mundo,elmundoes,0.0,neutral
1895424732910293483,Fri Feb 28 10:44:06 +0000 2025,"#ÚltimaHora🔴 Morant abre la puerta a una moción de censura a Mazón ""si Feijóo si no mueve ficha en las próximas horas""
https://t.co/b4H7OC17yE",30,8,44,23900,142,1,0,1,elmundoes,El Mundo,elmundoes,-0.296,negative
1895420508922941718,Fri Feb 28 10:27:19 +0000 2025,La realidad de las enfermedades raras en España: un mapa borroso que la ciencia continúa dibujando https://t.co/8gt6gRGZHr,7,2,1,8885,122,0,0,1,elmundoes,El Mundo,elmundoes,0.0,neutral
1895416331773657537,Fri Feb 28 10:10:43 +0000 2025,Los 10 libros más vendidos de la semana https://t.co/gvDdYZvfR9,10,5,0,12095,63,0,0,1,elmundoes,El Mundo,elmundoes,0.0,neutral
1895412880201204213,Fri Feb 28 09:57:00 +0000 2025,"El Papa Francisco se enfrentó a varios cardenales por la situación financiera del Vaticano antes de su hospitalización
https://t.co/LDDwdmBtKY",188,35,20,150035,142,0,0,1,elmundoes,El Mundo,elmundoes,0.0,neutral
1895411567539126627,Fri Feb 28 09:51:47 +0000 2025,"Accionistas históricos de Sabadell responden a BBVA: ""El particular difícilmente venderá cambiando acciones por acciones"" https://t.co/aPgiBRRKs2",5,3,0,9687,145,0,0,1,elmundoes,El Mundo,elmundoes,0.0,neutral
1906815160464916516,Mon Mar 31 21:05:35 +0000 2025,"El Gobierno se lanza a frenar la creación de universidades privadas y pide ""combatir chiringuitos que no cumplen el nivel"" https://t.co/YDeJEwzEij",69,11,96,30375,146,0,0,1,elmundoes,El Mundo,elmundoes,-0.296,negative
1906811713371902311,Mon Mar 31 20:51:53 +0000 2025,"Los astronautas de la NASA 'varados' nueve meses en el espacio: ""Nos ha pasado a nosotros dos pero le podría haber pasado a cualquier otro astronauta""

✍️ Teresa Guerrero  https://t.co/Pj7c1NmXfq",13,2,2,17480,195,0,0,1,elmundoes,El Mundo,elmundoes,0.34,positive
1906808614381125864,Mon Mar 31 20:39:35 +0000 2025,"📰 Portada de EL MUNDO del 1 de abril

Ya disponible en Orbyt y en la edición digital con la mejor información https://t.co/1uvwLknbvo",74,34,16,23414,133,0,0,1,elmundoes,El Mundo,elmundoes,0.0,neutral
1906807632221933762,Mon Mar 31 20:35:40 +0000 2025,"Yolanda Díaz visita la mina de Cerredo tras la explosión: ""En el siglo XXI no puede morir nadie así"" https://t.co/rtdr36VXRV https://t.co/GmrB2a9d7W",76,17,195,63340,148,0,0,2,elmundoes,El Mundo,elmundoes,-0.296,negative
1906805415800647871,Mon Mar 31 20:26:52 +0000 2025,"""La presunción de inocencia no es el burladero de los abusones: es la bandera que la civilización opone a siglos de barbarie""

✍️ Jorge Bustos https://t.co/GONT5mwpX5",107,31,14,20072,166,0,0,1,elmundoes,El Mundo,elmundoes,-0.296,negative
1906791371244990717,Mon Mar 31 19:31:04 +0000 2025,"Reunión exprés en Madrid de Ayuso y Moreno, dos perfiles diferentes pero una oposición conjunta a Sánchez: ""Nuestros pilares son la seguridad jurídica y la Constitución"" https://t.co/vNPJCU0Avm",164,39,47,19986,193,0,0,1,elmundoes,El Mundo,elmundoes,0.0,neutral
1906785730497499591,Mon Mar 31 19:08:39 +0000 2025,"El aura woke de la nueva versión de Blancanieves parece estar hundiendo sus opciones de remontada en taquilla

✍️ Pablo Scarpellini https://t.co/RBj7Tq6Phb",800,85,176,59651,155,0,0,1,elmundoes,El Mundo,elmundoes,0.0,neutral
1906780377835798678,Mon Mar 31 18:47:22 +0000 2025,Así ha vuelto a hablar la superviviente de un derrame cerebral gracias a un implante cerebral https://t.co/52G0tuqikP https://t.co/t7dAt3XkCI,29,10,0,14977,141,0,0,2,elmundoes,El Mundo,elmundoes,0.34,positive
1906778481217659103,Mon Mar 31 18:39:50 +0000 2025,Elon Musk se presenta en un mitin con un sombrero de queso y entrega cheques de un millón de dólares a dos votantes https://t.co/IxKaaMhScC,80,15,26,63302,139,0,0,1,elmundoes,El Mundo,elmundoes,0.0,neutral
1906776558011904086,Mon Mar 31 18:32:12 +0000 2025,#EnDirecto ▶️ Los astronautas atrapados en la EEI comparecen tras su vuelta a la Tierra https://t.co/4x4YRBWnLL,11,5,0,13334,111,1,0,1,elmundoes,El Mundo,elmundoes,0.34,positive
1906775503417049122,Mon Mar 31 18:28:00 +0000 2025,Un día con el cirujano español de Harvard que es el nuevo fenómeno mundial de la autoestima https://t.co/kIpwqF6OtL,13,2,1,11291,115,0,0,1,elmundoes,El Mundo,elmundoes,0.0,neutral
1906772143637180743,Mon Mar 31 18:14:39 +0000 2025,"#ÚltimaHora  🔴 Marine Le Pen, tras ser inhabilitada durante cinco años: ""Es una decisión política para evitar que me presente a las presidenciales"" https://t.co/i97fN4OjMN",549,157,89,35666,171,1,0,1,elmundoes,El Mundo,elmundoes,0.0,neutral
1906768364954923314,Mon Mar 31 17:59:38 +0000 2025,"La mujer que denunció ser víctima del príncipe Andrés y de Jeffrey Epstein: ""Me quedan cuatro días de vida"" https://t.co/vvZ0eoW6jV",8,1,1,11992,131,0,0,1,elmundoes,El Mundo,elmundoes,0.0,neutral
1906766127859892311,Mon Mar 31 17:50:45 +0000 2025,"""Ningún arancel, amenaza o frontera van a detener el talento científico que tanto necesitamos"". Cataluña pone en marcha un programa para ""acoger"" a investigadores de Estados Unidos amenazados por el negacionismo científico de Trump

✍️ Gerard Melgar https://t.co/VEpsTNIWfA",14,7,93,16793,273,0,0,1,elmundoes,El Mundo,elmundoes,0.0,neutral
1906763160528232959,Mon Mar 31 17:38:58 +0000 2025,"🔴 Una bolsa de grisú, posible origen de la explosión en la mina de Cerredo https://t.co/bBJMdARF5E",9,1,0,14647,98,0,0,1,elmundoes,El Mundo,elmundoes,0.0,neutral
1906761316422836687,Mon Mar 31 17:31:38 +0000 2025,"'Tanto celo sobre la Princesa que le puede perjudicar'

✍️ Eduardo Álvarez https://t.co/G67IINed2q",3,4,0,12025,98,0,0,1,elmundoes,El Mundo,elmundoes,0.0,neutral
1906759404772286975,Mon Mar 31 17:24:02 +0000 2025,"👥 Entrevista a Javier Cercas: ""El papa Francisco es profundamente anticlerical""  https://t.co/7Kh7nF517G",17,7,7,16428,104,0,0,1,elmundoes,El Mundo,elmundoes,0.0,neutral
1906757285331742870,Mon Mar 31 17:15:37 +0000 2025,#ÚltimaHora  🔴 Koldo revela a la Fiscalía General una decena de contactos con altos mandos de la Guardia Civil tras saberse investigado  https://t.co/vaR6OldME4,1346,735,44,54510,160,1,0,1,elmundoes,El Mundo,elmundoes,0.0,neutral
1906756000876507193,Mon Mar 31 17:10:31 +0000 2025,Alegría y aplausos al encontrar a supervivientes entre los escombros en Birmania https://t.co/OT6vLbqzOR https://t.co/m7wDaE8ZOE,53,11,0,12155,128,0,0,2,elmundoes,El Mundo,elmundoes,0.0,neutral
1906755747955761619,Mon Mar 31 17:09:30 +0000 2025,Bukele presenta un dispositivo de película para recibir a 17 presuntos criminales del Tren de Aragua y la Mara Salvatruchas https://t.co/6S5YtcQ4XU https://t.co/8CjGVhCqHf,73,13,3,35018,171,0,0,2,elmundoes,El Mundo,elmundoes,0.0,neutral
1906749606106431601,Mon Mar 31 16:45:06 +0000 2025,#ÚltimaHora  🔴 Los datos de Airbnb confirman que el hermano de Sánchez buscó alquiler en Badajoz antes de lograr la plaza en la diputación https://t.co/HXFVfWQEU2,4375,1213,285,568454,162,1,0,1,elmundoes,El Mundo,elmundoes,0.0,neutral
1906749174529319144,Mon Mar 31 16:43:23 +0000 2025,Bukele presenta un dispositivo de película para recibir a 17 presuntos criminales del Tren de Aragua y la Mara Salvatruchas https://t.co/6S5YtcQ4XU https://t.co/9IhZ4EDJhl,232,26,18,92130,171,0,0,2,elmundoes,El Mundo,elmundoes,0.0,neutral
1906747072209891462,Mon Mar 31 16:35:02 +0000 2025,"👥 Entrevista a Loquillo: ""Yo me llevo bien con la soledad, pero en el mundo del rock es difícil salir vivo de eso. Muchos artistas han muerto en una habitación después de un show""

 https://t.co/iOepZiMjtw",7,2,0,9684,205,0,0,1,elmundoes,El Mundo,elmundoes,0.0,neutral
1906744461557637183,Mon Mar 31 16:24:39 +0000 2025,"Ferraz intenta atajar la polémica de Montero por Alves tras la denuncia de todas las asociaciones judiciales: argumenta que ""se dejó llevar por la impotencia""
https://t.co/bKYSlokU1D https://t.co/fEMtY1h7BO",101,42,207,51561,206,0,0,2,elmundoes,El Mundo,elmundoes,0.0,neutral
1906741917905248740,Mon Mar 31 16:14:33 +0000 2025,"Todos los detalles de la acusación de ""acoso e intimidación a gran escala"" al príncipe Harry https://t.co/McGgSsP4Mx",1,1,0,9081,116,0,0,1,elmundoes,El Mundo,elmundoes,0.0,neutral
1906740002274394235,Mon Mar 31 16:06:56 +0000 2025,Pablo Iglesias responde con furibundos ataques a Sumar tras la oferta de Yolanda Díaz para pactar la unidad con Podemos https://t.co/4WxNcHRwAC,7,4,10,12647,143,0,0,1,elmundoes,El Mundo,elmundoes,0.0,neutral
1906738551263240468,Mon Mar 31 16:01:10 +0000 2025,"El G5+ promete en Madrid un apoyo militar ""a corto y largo plazo a Ucrania"" y ""ejercer más presión sobre Rusia"" https://t.co/hswxv5I4Pr",12,1,2,9652,135,0,0,1,elmundoes,El Mundo,elmundoes,0.0,neutral
1906736086790848953,Mon Mar 31 15:51:23 +0000 2025,🔴 El Parlamento Europeo impone una sanción a Alvise Pérez por incumplir las obligaciones de transparencia y no declarar todos sus ingresos  https://t.co/oXOpxRFbks,52,15,5,14340,163,0,0,1,elmundoes,El Mundo,elmundoes,-0.296,negative
1906733419465166966,Mon Mar 31 15:40:47 +0000 2025,"Ancelotti: ""El Barça juega un fútbol bonito, pero a mí me encanta el fútbol del Madrid. Quien intenta tener siempre la misma identidad, acaba fallando"" https://t.co/ZEelKp8Ww5",10,5,1,9877,175,0,0,1,elmundoes,El Mundo,elmundoes,0.0,neutral
1906730802081145286,Mon Mar 31 15:30:23 +0000 2025,🔴 Una superviviente de un derrame cerebral vuelve a hablar con la ayuda de un implante cerebral que transforma la actividad neuronal en palabras  https://t.co/82pCugld2P,233,60,2,26409,169,0,0,1,elmundoes,El Mundo,elmundoes,0.0,neutral
1906730292485726502,Mon Mar 31 15:28:21 +0000 2025,"Cuerpo avanza que el aumento de inversión militar se financiará con los ingresos extra que aporta el crecimiento

✍️  Daniel Viaña https://t.co/C7rA22BTyL",6,5,27,26769,154,0,0,1,elmundoes,El Mundo,elmundoes,0.0,neutral
1906728434086150199,Mon Mar 31 15:20:58 +0000 2025,Vuelve la lluvia a partir del miércoles https://t.co/mcGxpzCvPW,14,4,5,12295,63,0,0,1,elmundoes,El Mundo,elmundoes,0.0,neutral
1906725563064000933,Mon Mar 31 15:09:34 +0000 2025,La Fiscalía del Supremo respalda investigar al eurodiputado Alvise por financiación ilegal y pide que aclare cómo pagó su campaña https://t.co/zn35QfjbjG,6,1,3,10717,153,0,0,1,elmundoes,El Mundo,elmundoes,0.4404,positive
1906724014178890127,Mon Mar 31 15:03:24 +0000 2025,Cómo la subida de precios ha desatado la fiebre de consumo en todo el mundo https://t.co/ivEny9bR8e,6,3,0,12550,99,0,0,1,elmundoes,El Mundo,elmundoes,0.34,positive
1906723772616290393,Mon Mar 31 15:02:27 +0000 2025,"🔴 La Policía detiene en Valencia a un joven de 30 años por amenazar de muerte a Mazón en redes sociales: ""Vamos a quitarte la vida"" 

✍️ Noa de la Torre https://t.co/NrJikEgEV3",132,53,51,27035,176,0,0,1,elmundoes,El Mundo,elmundoes,0.0,neutral
1906720822451970245,Mon Mar 31 14:50:43 +0000 2025,"El Kremlin y Orban arropan a Le Pen: ""Je suis Marine"" https://t.co/I4bO21pW5c",6,2,4,9444,77,0,0,1,elmundoes,El Mundo,elmundoes,0.0,neutral
1906719304327794783,Mon Mar 31 14:44:41 +0000 2025,Los muertos en la explosión en mina de Cerredo tienen entre 32 y 54 años son de León  https://t.co/Wz7igNQMal,11,7,3,11469,109,0,0,1,elmundoes,El Mundo,elmundoes,0.0,neutral
1906719056108949916,Mon Mar 31 14:43:42 +0000 2025,"Cinco trabajadores muertos y cuatro heridos en la explosión en una mina de Cerredo (Asturias)
https://t.co/rtdr36VXRV https://t.co/QqbWg8eXYJ",156,81,17,62176,141,0,0,2,elmundoes,El Mundo,elmundoes,0.0,neutral
1906717237357982071,Mon Mar 31 14:36:29 +0000 2025,"La AIReF aprueba la reforma de pensiones de Escrivá pero alerta del empeoramiento de la sostenibilidad del sistema y pide al Gobierno ""no bajar la guardia"" https://t.co/CXAAZxWxOv",1,2,1,9705,179,0,0,1,elmundoes,El Mundo,elmundoes,0.0,neutral
1906713656114512200,Mon Mar 31 14:22:15 +0000 2025,Una bala perdida de 'Los Hilarios' mató a la niña de dos años de Plasencia: la reyerta se fraguó en un club de alterne y su cabecilla se fugó de la cárcel hace un mes https://t.co/wxIiLlMsdk,5,5,0,11462,190,0,0,1,elmundoes,El Mundo,elmundoes,0.0,neutral
1906712279506137256,Mon Mar 31 14:16:47 +0000 2025,🔴 Wayne Griffiths deja la presidencia de Seat por motivos personales  https://t.co/5rgIHGedjN,4,3,3,14583,93,0,0,1,elmundoes,El Mundo,elmundoes,0.0,neutral
1906711864353989019,Mon Mar 31 14:15:08 +0000 2025,"Aitor Esteban entra en acción: enfría el 'nuevo estatus', cara a cara con Otegi en Gernika y dos mujeres para 'vender' el PNV 

✍️ Josean Izarra https://t.co/ejua5VjD6A",1,2,3,11597,168,0,0,1,elmundoes,El Mundo,elmundoes,0.0,neutral
1906709601057182026,Mon Mar 31 14:06:08 +0000 2025,Usar pantallas durante una hora al acostarse aumenta un 60% el riesgo de insomnio https://t.co/9yGy4sJVcG,152,29,9,79190,105,0,0,1,elmundoes,El Mundo,elmundoes,0.0,neutral
1906707755051692371,Mon Mar 31 13:58:48 +0000 2025,"'Caso fiscal general': El juez del Supremo ve ""importantes fisuras"" en el testimonio de la ex asesora de Moncloa Sánchez Acera https://t.co/EtWeEm2aMN",825,399,83,22587,150,0,0,1,elmundoes,El Mundo,elmundoes,0.4404,positive
1906706457589883299,Mon Mar 31 13:53:39 +0000 2025,🔴 Los mercados de todo el mundo caen arrastrados por la tensión global que generan los aranceles americanos https://t.co/xwbzPJzGvH,6,5,1,9918,131,0,0,1,elmundoes,El Mundo,elmundoes,0.0,neutral
1906705604732690523,Mon Mar 31 13:50:15 +0000 2025,"👥 Entrevista a Carlos Hipólito: ""La falta de tolerancia nos hace más brutos, más torpes, peores personas""  https://t.co/SLPhlXVUHF",30,8,3,15409,130,0,0,1,elmundoes,El Mundo,elmundoes,0.0,neutral
1906703556125573366,Mon Mar 31 13:42:07 +0000 2025,"#ÚltimaHora  🔴 Pumpido fija para la próxima semana el ""debate jurídico"" sobre la actuación de la Audiencia de Sevilla en el 'caso ERE'  https://t.co/et0SCxbj9z",11,12,10,16547,159,1,0,1,elmundoes,El Mundo,elmundoes,0.0,neutral
1906701301666254883,Mon Mar 31 13:33:09 +0000 2025,"Los audios que desnudan a la Federación italiana de gimnasia: el presidente, señalado tras llamar ""coño precioso"" a una gimnasta, castigos sexuales y bofetadas a las deportistas https://t.co/ysCCFzIIzV",107,56,3,50125,201,0,0,1,elmundoes,El Mundo,elmundoes,0.0,neutral
1906697942502666582,Mon Mar 31 13:19:48 +0000 2025,#ÚltimaHora  🔴 La Audiencia Nacional pide investigar a Koldo García por maltrato a su ex mujer tras hallar la UCO insultos y mensajes vejatorios en su teléfono https://t.co/1VGnVj0fqI,876,353,51,39645,183,1,0,1,elmundoes,El Mundo,elmundoes,0.0,neutral
1906697324920766609,Mon Mar 31 13:17:21 +0000 2025,"La pensadora y escritora franco-argelina Hélène Cixous, Premio Formentor de las Letras 2025 https://t.co/8dsDXIJY6P",6,6,0,11025,115,0,0,1,elmundoes,El Mundo,elmundoes,0.0,neutral
1906695190800171084,Mon Mar 31 13:08:52 +0000 2025,"Cuerpos incinerados en las calles de Birmania: ""Este nivel de devastación no se ha visto en más de un siglo en Asia"" 

✍️ Lucas de la Cal, enviado especial a Bangkok  https://t.co/IRT7ec8Qub",2,3,3,9788,190,0,0,1,elmundoes,El Mundo,elmundoes,-0.5,negative
1906693012823884031,Mon Mar 31 13:00:13 +0000 2025,"Todas las asociaciones de jueces y fiscales responden a la vicepresidenta Montero tras tachar de ""vergüenza"" la sentencia de Alves: ""Es esencial que los representantes públicos respeten la labor de los jueces"" https://t.co/f9rmIPzHx3",453,112,83,21070,233,0,0,1,elmundoes,El Mundo,elmundoes,0.0,neutral
1906689409132413171,Mon Mar 31 12:45:54 +0000 2025,"Imaz (Repsol) admite un ""diálogo abierto"" con el Gobierno de Trump para salvar la exportación de petróleo de Venezuela https://t.co/007ateOV8C",8,3,4,10258,142,0,0,1,elmundoes,El Mundo,elmundoes,0.0,neutral
1906685363197776001,Mon Mar 31 12:29:49 +0000 2025,"Ha muerto Álvaro Mangino, uno de los sobrevivientes de la tragedia de los Andes https://t.co/9vj8DDdx1i",34,6,2,15318,103,0,0,1,elmundoes,El Mundo,elmundoes,0.34,positive
1906681851357311056,Mon Mar 31 12:15:52 +0000 2025,Dimite Paul Marchant como CEO de Primark por su comportamiento con una mujer https://t.co/7B8vMjgnZJ,8,2,4,14167,100,0,0,1,elmundoes,El Mundo,elmundoes,0.0,neutral
1906678386971332855,Mon Mar 31 12:02:06 +0000 2025,"Ferraz intenta atajar la polémica de Montero por Alves: argumenta que ""se dejó llevar por la impotencia"" tras la denuncia de todas las asociaciones judiciales https://t.co/90T3K2E2H8",14,3,51,16901,182,0,0,1,elmundoes,El Mundo,elmundoes,0.0,neutral
1906676312351047907,Mon Mar 31 11:53:51 +0000 2025,"El Rey Felipe aparece en un acto quemado por el sol: ""Esto es lo que pasa por no protegerse adecuadamente"" https://t.co/b1fqbBjBDG",52,8,33,40825,130,0,0,1,elmundoes,El Mundo,elmundoes,-0.296,negative
1906674606003360115,Mon Mar 31 11:47:05 +0000 2025,¿Cuántos días a la semana deberías andar para conseguir adelgazar? https://t.co/Tgi605AyKv,3,2,6,14630,90,0,0,1,elmundoes,El Mundo,elmundoes,0.0,neutral
1906672781665730893,Mon Mar 31 11:39:50 +0000 2025,TikTok e Instagram impactan más en el bienestar psicológico de las chicas que en el de los chicos https://t.co/SGBgvtjXhJ,2,1,1,8789,121,0,0,1,elmundoes,El Mundo,elmundoes,0.0,neutral
1906670505794392499,Mon Mar 31 11:30:47 +0000 2025,El TS confirma las condenas a tres responsables por acoso laboral y abuso sexual a una pareja de empleadas en Gran Canaria https://t.co/vJA2XbNPeb,9,1,0,9771,146,0,0,1,elmundoes,El Mundo,elmundoes,0.0,neutral
1917715773973295131,Wed Apr 30 23:00:44 +0000 2025,Meta y Microsoft esquivan la crisis arancelaria con sólidos resultados trimestrales https://t.co/D8UvneHnV8,4,0,0,10973,107,0,0,1,elmundoes,El Mundo,elmundoes,-0.6249,negative
1917715756646547701,Wed Apr 30 23:00:40 +0000 2025,EEUU y Ucrania firman el acuerdo por las tierras raras https://t.co/5TJ1OEB8gM,16,8,1,12159,78,0,0,1,elmundoes,El Mundo,elmundoes,0.0,neutral
1917715715940827623,Wed Apr 30 23:00:30 +0000 2025,Zar Saltán: una ópera contestataria en forma de cuento https://t.co/6L7Oey9Cay,4,1,0,11462,78,0,0,1,elmundoes,El Mundo,elmundoes,0.0,neutral
1917708880995406330,Wed Apr 30 22:33:21 +0000 2025,"Carlos III dice que sufrir cáncer es ""a veces aterrador"" pero que puede sacar a la luz ""lo mejor de la humanidad"" https://t.co/ruKulY3uOE",15,3,1,13411,137,0,0,1,elmundoes,El Mundo,elmundoes,0.0,neutral
1917703208178274420,Wed Apr 30 22:10:48 +0000 2025,"Consumo abre una investigación a las empresas de VTC como Uber y Cabify por subir sus precios durante el apagón: puede suponer sanciones de hasta 100.000 euros
 https://t.co/2gK3R1KSuc",29,9,3,14806,184,0,0,1,elmundoes,El Mundo,elmundoes,0.0,neutral
1917700949000245660,Wed Apr 30 22:01:50 +0000 2025,Lamine Yamal encarga el Balón de Oro https://t.co/47jpAvJCMl,40,5,15,63921,60,0,0,1,elmundoes,El Mundo,elmundoes,0.0,neutral
1917699501701181696,Wed Apr 30 21:56:04 +0000 2025,"El Barça del mejor Willy Hernangómez resiste, vence y sueña ante el Mónaco https://t.co/fzQJS2V0RF",5,0,0,14274,98,0,0,1,elmundoes,El Mundo,elmundoes,0.0,neutral
1917697597772345836,Wed Apr 30 21:48:31 +0000 2025,El recital de Lamine Yamal no basta para el Barça ante un Inter descarado y el pase a la final se jugará en Milán https://t.co/4fR09sWv4g,16,2,0,14396,137,0,0,1,elmundoes,El Mundo,elmundoes,-0.296,negative
1917695603443646540,Wed Apr 30 21:40:35 +0000 2025,Lección de Alcurrucén en Sevilla coronada con la brava cátedra de un Profesor superlativo https://t.co/SDDDROLBRO,13,3,2,14203,113,0,0,1,elmundoes,El Mundo,elmundoes,0.0,neutral
1917693500117729696,Wed Apr 30 21:32:14 +0000 2025,"Lamine Yamal, un veterano de 17 años que levantó a un Barça herido https://t.co/1qamMudL8i",26,6,1,15324,90,0,0,1,elmundoes,El Mundo,elmundoes,0.0,neutral
1917691540996067717,Wed Apr 30 21:24:27 +0000 2025,"El Gobierno de Portugal: ""El suministro eléctrico volvió más rápido que en España"" 

✍️ Luis Ángel Sanz https://t.co/PZdGUH0uc4",315,138,39,24890,127,0,0,1,elmundoes,El Mundo,elmundoes,0.0,neutral
1917688765121700090,Wed Apr 30 21:13:25 +0000 2025,"📰Portada de El Mundo del 1 de mayo, ya disponible en Orbyt y en la edición digital con la mejor información https://t.co/M0rXuLtI9K",59,37,6,21407,131,0,0,1,elmundoes,El Mundo,elmundoes,0.0,neutral
1917687680407658573,Wed Apr 30 21:09:06 +0000 2025,Detenida por comprar durante medio año con la tarjeta de la anciana a la que ayudaba en el hogar  https://t.co/BKvZQrXtK5,25,10,3,17614,121,0,0,1,elmundoes,El Mundo,elmundoes,0.0,neutral
1917685600695574817,Wed Apr 30 21:00:50 +0000 2025,El único pueblo de la Península que tuvo luz en el apagón está en León y tiene 226 habitantes  https://t.co/1nSMwcNagJ,90,36,5,26514,118,0,0,1,elmundoes,El Mundo,elmundoes,0.0,neutral
1917684832953369075,Wed Apr 30 20:57:47 +0000 2025,"'Beatriz Corredor no dimite: tenemos el mejor sistema eléctrico del mundo'

✍️ Leyre Iglesias  https://t.co/L9U7QYK4fi",248,91,341,43376,118,0,0,1,elmundoes,El Mundo,elmundoes,-0.296,negative
1917680649948877308,Wed Apr 30 20:41:10 +0000 2025,Detenido un hombre de 44 años por matar a su suegra en Sangonera la Seca (Murcia) https://t.co/s8cHRDQtL0,5,4,1,18952,105,0,0,1,elmundoes,El Mundo,elmundoes,0.0,neutral
1917677184514199957,Wed Apr 30 20:27:24 +0000 2025,"El ingeniero que avisó de un posible apagón en marzo: ""Red Eléctrica no está preparada"" https://t.co/xpNjoBxBqr",4137,1632,40,211061,111,0,0,1,elmundoes,El Mundo,elmundoes,-0.296,negative
1917677138976641190,Wed Apr 30 20:27:13 +0000 2025,"Muere el cantante y actor valenciano Juan Ramón, hermano de Francisco https://t.co/wc0satqEis",10,3,0,15950,93,0,0,1,elmundoes,El Mundo,elmundoes,0.0,neutral
1917675862087852334,Wed Apr 30 20:22:08 +0000 2025,La CNMC da luz verde a la OPA de BBVA sobre Banco Sabadell  https://t.co/WQAC6hkYt4,15,4,0,17329,83,0,0,1,elmundoes,El Mundo,elmundoes,0.0,neutral
1917672376306741645,Wed Apr 30 20:08:17 +0000 2025,"El apagón, el gran día del 'orgullo preparacionista': ""El español medio cree que su único kit de supervivencia para 72 horas son unas cervezas, unas aceitunas y fútbol"" https://t.co/20fmt5DTUp",27,5,3,17472,192,0,0,1,elmundoes,El Mundo,elmundoes,0.0,neutral
1917669909753905374,Wed Apr 30 19:58:29 +0000 2025,Escala la tensión: India cierra el espacio aéreo a Pakistán e Islamabad dice que India prepara un ataque militar  https://t.co/KkJE7Yai51,10,9,1,13965,137,0,0,1,elmundoes,El Mundo,elmundoes,0.0,neutral
1917665686744097182,Wed Apr 30 19:41:42 +0000 2025,"El PIB de EE.UU. se contrae el 0,3% en el primer trimestre de 2025, el primer dato con Trump en la presidencia https://t.co/4JBa98rc3e",6,3,0,13174,134,0,0,1,elmundoes,El Mundo,elmundoes,0.0,neutral
1917663048635986024,Wed Apr 30 19:31:13 +0000 2025,Desvelan las claves para protegerse frente al alzhéimer a partir de los 45 años https://t.co/ufHNGtF2rt,12,5,0,15711,103,0,0,1,elmundoes,El Mundo,elmundoes,0.0,neutral
1917660613565632685,Wed Apr 30 19:21:33 +0000 2025,"Aznar se suma a las críticas por el apagón y acusa a Sánchez de no dar ninguna explicación 48 horas después del ""colapso"" https://t.co/MH55SxuuTX",125,34,122,22260,145,0,0,1,elmundoes,El Mundo,elmundoes,-0.296,negative
1917657291093946750,Wed Apr 30 19:08:21 +0000 2025,"Madrid cifra en 300 millones el impacto del apagón y eleva la presión sobre el Gobierno: ""Aún no sabemos las causas reales"" https://t.co/mvW6YyWBiC",162,63,68,16035,147,0,0,1,elmundoes,El Mundo,elmundoes,-0.296,negative
1917655490097537194,Wed Apr 30 19:01:11 +0000 2025,"👥 Entrevista a Boris Becker: ""Me ha costado encontrar mi sitio en mi vida después del tenis, he cometido errores, lo he pasado mal y ahora estoy feliz"" https://t.co/XMaUdzpXnj https://t.co/A4HPDOAVOx",13,3,0,11070,199,0,0,2,elmundoes,El Mundo,elmundoes,0.34,positive
1917650789696229512,Wed Apr 30 18:42:31 +0000 2025,Alertan de la aparición de estafas telefónicas con falsas compensaciones por el apagón de luz https://t.co/obsptkw00V,13,8,2,12599,117,0,0,1,elmundoes,El Mundo,elmundoes,0.0,neutral
1917648873180320207,Wed Apr 30 18:34:54 +0000 2025,#ÚltimaHora  🔴 La CNMC aplaza su resolución sobre la OPA de BBVA a Sabadell y prorroga el veredicto sobre las condiciones de la operación https://t.co/lg9OLBNy0O,5,0,0,14397,161,1,0,1,elmundoes,El Mundo,elmundoes,0.0,neutral
1917646114691354633,Wed Apr 30 18:23:56 +0000 2025,"El Supremo pide a Transportes que aclare pagos de medio millón de euros a Ábalos en ""dietas"" y el ministerio asegura que eran gastos de viajes de toda su delegación

✍️ Manuel Marraco
✍️ Esteban Urreiztieta https://t.co/RYuSdDux5l",99,48,27,13953,230,0,0,1,elmundoes,El Mundo,elmundoes,0.4404,positive
1917644504808542525,Wed Apr 30 18:17:32 +0000 2025,Hoy abre el plazo para solicitar 14.415 plazas en campamentos para este verano https://t.co/jUv9i7M58l,5,0,0,10876,102,0,0,1,elmundoes,El Mundo,elmundoes,0.0,neutral
1917644458033578107,Wed Apr 30 18:17:21 +0000 2025,"¿Por qué el precio de la luz se ha multiplicado por seis tras el gran apagón? 

📹 Guillermo del Palacio da las claves https://t.co/jbeVJvY97z",16,11,3,12655,141,0,0,1,elmundoes,El Mundo,elmundoes,0.34,positive
1917640425755611149,Wed Apr 30 18:01:20 +0000 2025,"👥 Entrevista a Juan Lobato: ""Mi visión de cómo se debe hacer política es incompatible con la de los dirigentes actuales del PSOE"" https://t.co/SmS5OIymMO",41,17,17,11592,153,0,0,1,elmundoes,El Mundo,elmundoes,0.0,neutral
1917635967755731453,Wed Apr 30 17:43:37 +0000 2025,"Francia presume de que un gran apagón en su territorio es ""mucho menos probable"" que en España gracias a la energía nuclear: ""Es una fuente controlable"" https://t.co/Y1Z89Q37HB",3015,835,76,176641,176,0,0,1,elmundoes,El Mundo,elmundoes,0.0,neutral
1917630679342330350,Wed Apr 30 17:22:36 +0000 2025,"Sumar pide depurar responsabilidades del ""oligopolio energético"" y que el Congreso investigue el gran apagón https://t.co/cQ2VSos9oD",17,11,62,19337,132,0,0,1,elmundoes,El Mundo,elmundoes,0.0,neutral
1917628510392234315,Wed Apr 30 17:13:59 +0000 2025,"¿Perro o gato? La selección artificial ha llevado a que los cráneos de los carlinos y los gatos persas hayan evolucionado hasta ser más similares entre sí que con el resto de ejemplares de su propia especie
 https://t.co/NPvwahHY23",7,1,0,10741,231,0,0,1,elmundoes,El Mundo,elmundoes,0.34,positive
1917625177657008128,Wed Apr 30 17:00:44 +0000 2025,"Los estudios se afanan en crear ídolos mientras las viejas estrellas se apagan y los cines se vacían: ""Hay muy pocos como Tom Cruise con los que realmente se puede contar para levantar una taquilla""
. https://t.co/rVZBnwVPXL",11,0,0,10036,224,0,0,1,elmundoes,El Mundo,elmundoes,0.0,neutral
1917624331867222205,Wed Apr 30 16:57:23 +0000 2025,🔴 El PP no apoyará el decreto de aranceles y suspende las negociaciones hasta que el Gobierno acepte alguna de sus medidas  https://t.co/j1i9RbN9eH,73,21,19,12770,147,0,0,1,elmundoes,El Mundo,elmundoes,-0.296,negative
1917621099715571823,Wed Apr 30 16:44:32 +0000 2025,#EnDirecto ▶️ Trump preside la reunión de su gabinete https://t.co/AcVZOHuUzM,4,1,0,9661,77,1,0,1,elmundoes,El Mundo,elmundoes,0.34,positive
1917617531801485667,Wed Apr 30 16:30:21 +0000 2025,"Sebastián Cuattromo, el abusado al que Bergoglio confirmó pero nunca quiso escuchar https://t.co/yl8obGoQJo",4,2,1,11463,107,0,0,1,elmundoes,El Mundo,elmundoes,0.0,neutral
1917611931457773768,Wed Apr 30 16:08:06 +0000 2025,🔴 Detenido un hombre por matar a martillazos a su madre de 77 años en Colmenar Viejo  https://t.co/a9KB3dvuTV,6,0,5,11642,109,0,0,1,elmundoes,El Mundo,elmundoes,0.0,neutral
1917610334149337157,Wed Apr 30 16:01:45 +0000 2025,"¿Qué puedes reclamar como consumidor si te quedaste sin luz? Seguros, eléctricas y transporte https://t.co/zIZHf62qLb",4,2,1,9299,117,0,0,1,elmundoes,El Mundo,elmundoes,-0.5574,negative
1917609719289569618,Wed Apr 30 15:59:19 +0000 2025,🔴 La juez manda a prisión y retira la custodia de los niños a los padres que mantuvieron encerrados cuatro años a sus hijos en Oviedo https://t.co/nANgFiXhOL,20,5,0,10676,157,0,0,1,elmundoes,El Mundo,elmundoes,0.0,neutral
1917608135876812991,Wed Apr 30 15:53:01 +0000 2025,"Detenidos tres menores por una brutal agresión a un chico de 13 años en Mataró, Barcelona  https://t.co/XH1kCaKqwC",64,26,18,16285,114,0,0,1,elmundoes,El Mundo,elmundoes,-0.6249,negative
1917606079690690762,Wed Apr 30 15:44:51 +0000 2025,"Silvia Jato, primera presentadora de Pasapalabra, casada con un político y maestra de ceremonias del Congreso del PP  https://t.co/9EWVvRUyWB",4,1,3,12726,141,0,0,1,elmundoes,El Mundo,elmundoes,0.0,neutral
1917602396269691312,Wed Apr 30 15:30:13 +0000 2025,"""Es pronto para saber las secuelas"". Cuatro años encerrados por sus padres: los niños de la 'casa de los horrores' de Oviedo no estaban escolarizados ni recibían atención sanitaria https://t.co/TUpjxmTcMm",21,8,5,15020,204,0,0,1,elmundoes,El Mundo,elmundoes,-0.296,negative
1917600715616248084,Wed Apr 30 15:23:32 +0000 2025,Radiografía de la última locura por comprar vivienda: crecen las ventas a precios más caros y con hipotecas más altas https://t.co/9fsfzPKScC,17,3,6,14161,141,0,0,1,elmundoes,El Mundo,elmundoes,0.0,neutral
1917597372638470541,Wed Apr 30 15:10:15 +0000 2025,"Aagesen asegura que han pedido información sobre el apagón: ""No sabemos cuál ha sido el origen""
https://t.co/3oFoSgTcyy https://t.co/rfnjOJ3GZE",17,4,32,20168,143,0,0,2,elmundoes,El Mundo,elmundoes,0.34,positive
1917595040651653259,Wed Apr 30 15:00:59 +0000 2025,"El Gobierno exige a las empresas eléctricas de manera inmediata los datos del apagón ante el vacío de información 

✍️ Raúl Piña https://t.co/149KffvCbf",24,9,22,13741,152,0,0,1,elmundoes,El Mundo,elmundoes,0.0,neutral
1917592664838492401,Wed Apr 30 14:51:33 +0000 2025,"'Melody y la deliciosa matraca de las divas'

✍️ Esther Mucientes https://t.co/s1QdF5Sxre",2,3,1,11606,89,0,0,1,elmundoes,El Mundo,elmundoes,0.0,neutral
1917589712044282294,Wed Apr 30 14:39:49 +0000 2025,"La gran coalición alemana se cristaliza tras el visto bueno de la militancia socialista 

✍️ Carmen Valero https://t.co/JAcuxUGlxT",2,0,0,10596,130,0,0,1,elmundoes,El Mundo,elmundoes,0.0,neutral
1917585205155467293,Wed Apr 30 14:21:54 +0000 2025,🔴 Consumo abre una investigación por las altas subidas de precios de los VTC tras el apagón https://t.co/qdeOulXF5I,38,6,13,18586,115,0,0,1,elmundoes,El Mundo,elmundoes,0.0,neutral
1917585068068897187,Wed Apr 30 14:21:21 +0000 2025,Isabelle Junot tiene las zapatillas barefoot con estampado de vaca más bonitas y cómodas del momento (y son españolas) https://t.co/qv56kn4GH1,4,1,2,12131,142,0,0,1,elmundoes,El Mundo,elmundoes,0.0,neutral
1917582934585856367,Wed Apr 30 14:12:53 +0000 2025,La UCO registra las oficinas del Ayuntamiento de Valencia para recabar los contratos firmados por el ex teniente de alcalde de Vox https://t.co/kUT0kMABdK,14,3,2,11703,154,0,0,1,elmundoes,El Mundo,elmundoes,0.0,neutral
1917579146630156445,Wed Apr 30 13:57:50 +0000 2025,🔴 El Tribunal de Cuentas sanciona a Vox con más de 862.000 euros por aceptar donaciones irregulares https://t.co/q2Vn6yng7X,541,141,301,128417,123,0,0,1,elmundoes,El Mundo,elmundoes,0.0,neutral
1917576676965322823,Wed Apr 30 13:48:01 +0000 2025,"El desfile de Chanel en el lago de Como, desde dentro: todos los secretos de una colección Crucero 2025-26 con acento italiano

✍️ Marta Sotillo https://t.co/Yu8zp97B1r",10,3,1,11524,168,0,0,1,elmundoes,El Mundo,elmundoes,0.0,neutral
1917574259037065675,Wed Apr 30 13:38:24 +0000 2025,"Juan Lobato: ""Mi visión de cómo se debe hacer política es incompatible con la de los dirigentes actuales del PSOE"" https://t.co/NNClGq5Jlv",3851,789,357,156640,138,0,0,1,elmundoes,El Mundo,elmundoes,0.0,neutral
1917571341005336966,Wed Apr 30 13:26:49 +0000 2025,"Los nominados a los Premios Max: la danza de 'Afanador' suma ocho candidaturas; 'Casting Lear' y 'El día del Watusi', favoritas a la mejor obra de teatro https://t.co/68Tycr6T48",0,1,1,10838,177,0,0,1,elmundoes,El Mundo,elmundoes,0.0,neutral
1917568034933182910,Wed Apr 30 13:13:40 +0000 2025,"Caos en el primer concierto de la gira de Beyoncé: un grupo de mujeres se pelea a gritos, empujones y puñetazos en la sala VIP del SoFI Stadium https://t.co/YnWdS3Axhe",5,3,1,10628,167,0,0,1,elmundoes,El Mundo,elmundoes,0.6166,positive
1917565382103015489,Wed Apr 30 13:03:08 +0000 2025,"Economía cree que el impacto del apagón será como máximo de 800 millones y mantiene el 2,6% de crecimiento del PIB pese a los aranceles https://t.co/BJNJaQk2U1",15,4,24,12047,159,0,0,1,elmundoes,El Mundo,elmundoes,0.0,neutral
1917563148673941898,Wed Apr 30 12:54:15 +0000 2025,¿Perro o gato? La ciencia cree que pronto no notaremos la diferencia https://t.co/atn9oKmax9,13,7,26,20300,92,0,0,1,elmundoes,El Mundo,elmundoes,-0.296,negative
1939796153148530744,Mon Jun 30 21:20:17 +0000 2025,Muere un hombre de 32 años apuñalado en el cuello en una plaza de Elche https://t.co/JxcQ2a2kP1,8,10,7,29740,95,0,0,1,elmundoes,El Mundo,elmundoes,0.0,neutral
1939788513722986640,Mon Jun 30 20:49:55 +0000 2025,"📰 Portada de EL MUNDO del martes 1 de julio  

Ya disponible en Orbyt y en la edición digital con la mejor información. https://t.co/NmCwRG0eK8",944,489,42,69809,143,0,0,1,elmundoes,El Mundo,elmundoes,0.0,neutral
1939787907893797038,Mon Jun 30 20:47:31 +0000 2025,Interrumpida la alta velocidad entre Madrid y Andalucía por falta de tensión en la catenaria https://t.co/JkqLWrCsA9 https://t.co/qIbDqGlwuD,498,290,108,523517,140,0,0,2,elmundoes,El Mundo,elmundoes,0.0,neutral
1939787843032727679,Mon Jun 30 20:47:15 +0000 2025,"Sánchez y Macron se alían para estudiar una tasa a los billetes de avión de clase business y a los jets privados 

✍️ Raúl Piña https://t.co/GjotBwa0TA",13,4,17,21498,151,0,0,1,elmundoes,El Mundo,elmundoes,0.0,neutral
1939785956854288844,Mon Jun 30 20:39:46 +0000 2025,"Pedro Sánchez ""veta"" a Juanma Moreno y al alcalde de Sevilla en su cena de gala en el Palacio de Dueñas por la cumbre de la ONU https://t.co/o1pAPBg75l",227,158,102,53408,151,0,0,1,elmundoes,El Mundo,elmundoes,0.0,neutral
1939783631498588587,Mon Jun 30 20:30:31 +0000 2025,El presidente de RTVE confirma que La 2 en catalán comenzará a emitir el día de la Diada y que en junio de 2026 la programación será un 60% en catalán https://t.co/Eo0kkSP6Rn,110,66,167,59500,174,0,0,1,elmundoes,El Mundo,elmundoes,0.0,neutral
1939782170446270491,Mon Jun 30 20:24:43 +0000 2025,"Corredor denuncia una caza de brujas ""infundada"" contra Red Eléctrica por el apagón, pero anuncia una inversión ""sin precedentes"" para garantizar el suministro https://t.co/nxZ0EWAvRo",12,3,19,20947,183,0,0,1,elmundoes,El Mundo,elmundoes,-0.5574,negative
1939780670831952352,Mon Jun 30 20:18:45 +0000 2025,Así definía Pedro Sánchez a Santos Cerdán en diciembre de 2023: “Es un extraordinario negociador. Tiene toda mi confianza y es uno de mis más estrechos colaboradores” https://t.co/JNJaa3JD8f,1214,644,50,56375,190,0,0,1,elmundoes,El Mundo,elmundoes,0.0,neutral
1939780073164304802,Mon Jun 30 20:16:23 +0000 2025,"#Editorial  📰 'El ""arquitecto"" de Pedro Sánchez' https://t.co/jgYKbuBxfr",78,36,3,20819,72,1,0,1,elmundoes,El Mundo,elmundoes,0.0,neutral
1939778023038877947,Mon Jun 30 20:08:14 +0000 2025,🔴 Interrumpida la alta velocidad entre Madrid y Andalucía por falta de tensión en la catenaria https://t.co/ZoAEvY3lVV,164,110,41,56181,118,0,0,1,elmundoes,El Mundo,elmundoes,0.0,neutral
1939777816012165501,Mon Jun 30 20:07:25 +0000 2025,🔴Interrumpida la alta velocidad entre Madrid y Andalucía por falta de tensión en la catenaria https://t.co/BZWeLDfeX0,1004,508,216,196184,117,0,0,1,elmundoes,El Mundo,elmundoes,0.0,neutral
1939776406772191467,Mon Jun 30 20:01:49 +0000 2025,"Dentro de la Labubu manía: el juguete chino que se convirtió en un fenómeno global 

✍️ Lucas de la Cal https://t.co/XANRNXN4H0",1,1,2,16226,127,0,0,1,elmundoes,El Mundo,elmundoes,0.0,neutral
1939774241701810188,Mon Jun 30 19:53:13 +0000 2025,"Cerdán entra en la cárcel tras recordar al PSOE que él es el ""arquitecto de los gobiernos"" de Sánchez https://t.co/HFcaSvT5fd",251,93,10,27547,125,0,0,1,elmundoes,El Mundo,elmundoes,0.0,neutral
1939771452972060997,Mon Jun 30 19:42:08 +0000 2025,"El jefe de los Mossos el día de la fuga de Puigdemont ratifica ante la juez que ""no se contempló"" que pudiera huir https://t.co/YXdLwM4n8R",70,45,59,35644,138,0,0,1,elmundoes,El Mundo,elmundoes,0.0,neutral
1939768848888074557,Mon Jun 30 19:31:47 +0000 2025,La justicia estadounidense ordena a Argentina entregar el 51% de las acciones de YPF https://t.co/zhU2eNkiHE,7,1,2,15885,108,0,0,1,elmundoes,El Mundo,elmundoes,0.0,neutral
1939766452577288291,Mon Jun 30 19:22:16 +0000 2025,"El Rey Juan Carlos publicará sus memorias a fin de año: ""Siento que me roban mi historia"" https://t.co/3Acrk7FU1W",134,31,28,75484,113,0,0,1,elmundoes,El Mundo,elmundoes,0.0,neutral
1939763632230879628,Mon Jun 30 19:11:03 +0000 2025,"La Familia Real recibió el año pasado 358 regalos, de una antorcha olímpica para el Rey a un vinilo de Serrat para Doña Letizia https://t.co/h32f8ulhRN",7,0,1,16144,151,0,0,1,elmundoes,El Mundo,elmundoes,0.0,neutral
1939761023516320048,Mon Jun 30 19:00:41 +0000 2025,"👥 Entrevista a Eduard Fernández, Premio Nacional de Cinematografía: ""Yo de niño quería ser Marlon Brando porque uno siempre quiere ser la hostia, y aquí estamos""
 https://t.co/XCciPOTYp2",9,2,1,14014,186,0,0,1,elmundoes,El Mundo,elmundoes,0.0,neutral
1939759299162439691,Mon Jun 30 18:53:50 +0000 2025,"La familia de la empleada del servicio de limpieza de Barcelona muerta en plena ola de calor: ""No pueden trabajar con estas temperaturas"" https://t.co/BmNS3HBrf6",15,6,6,16075,161,0,0,1,elmundoes,El Mundo,elmundoes,0.0,neutral
1939757659156099284,Mon Jun 30 18:47:19 +0000 2025,Calendario lunar de julio de 2025: las fases de la luna del mes https://t.co/h8e6rLEAYo,7,3,2,13732,87,0,0,1,elmundoes,El Mundo,elmundoes,0.0,neutral
1939755438205026661,Mon Jun 30 18:38:30 +0000 2025,Una mujer herida grave tras caerle un árbol mientras salía de su portal en Madrid https://t.co/OnG7VTu6Gh,19,12,10,26240,105,0,0,1,elmundoes,El Mundo,elmundoes,-0.3818,negative
1939753812157210953,Mon Jun 30 18:32:02 +0000 2025,"Suben los precios de los abonos de transporte en Madrid: así quedan a partir de mañana, 1 de julio https://t.co/xOJS3h3wEC",7,0,0,15865,122,0,0,1,elmundoes,El Mundo,elmundoes,0.0,neutral
1939752924004991332,Mon Jun 30 18:28:30 +0000 2025,#EnDirecto ▶️ Sánchez preside la cena de la IV Conferencia Internacional sobre Financiación para el Desarrollo https://t.co/0f5pe9fCRq,11,3,19,15422,134,1,0,1,elmundoes,El Mundo,elmundoes,0.34,positive
1939750952317125058,Mon Jun 30 18:20:40 +0000 2025,Koldo denuncia a la Policía un robo en casa de su madre en Benidorm https://t.co/vIFPppdCUx,18,3,12,18722,91,0,0,1,elmundoes,El Mundo,elmundoes,0.0,neutral
1939748378067296307,Mon Jun 30 18:10:26 +0000 2025,"Todo lo que nadie te ha contado sobre la respiración: ""Estuve allí cuando la respiración de mi padre se convirtió en un estertor de muerte, ese sonido tan particular"" https://t.co/C44mwYXJZo",4,1,0,12561,190,0,0,1,elmundoes,El Mundo,elmundoes,0.34,positive
1939747408474235357,Mon Jun 30 18:06:35 +0000 2025,Detenido de madrugada el torero Cayetano Rivera por desobediencia a la Policía  https://t.co/R6QTy7M8kP,59,18,8,56915,103,0,0,1,elmundoes,El Mundo,elmundoes,0.0,neutral
1939745966174728545,Mon Jun 30 18:00:51 +0000 2025,"Cerdán en prisión: informe psicológico, un preso 'amigo' y vida en el módulo de Respeto con delincuentes financieros 

✍️ Gema Peñalosa https://t.co/GemN7wrFm8",15,11,9,13462,159,0,0,1,elmundoes,El Mundo,elmundoes,0.0,neutral
1939742366203523508,Mon Jun 30 17:46:33 +0000 2025,🔴 Herida muy grave una mujer de 49 años al caerle un árbol cuando salía de su portal en Madrid  https://t.co/75ealRZLX9,49,19,3,56066,119,0,0,1,elmundoes,El Mundo,elmundoes,-0.3818,negative
1939742010153242867,Mon Jun 30 17:45:08 +0000 2025,"Gamarra dejará de ser la secretaria general del PP, pero seguirá en la dirección de Génova: ""He pedido el relevo"" https://t.co/iCo7BOgxXH",24,6,32,16941,137,0,0,1,elmundoes,El Mundo,elmundoes,0.0,neutral
1939738249192157573,Mon Jun 30 17:30:11 +0000 2025,"Felipe VI se congela el sueldo y tira de ahorros para la Casa Real por la falta de Presupuestos

✍️ Marina Pina https://t.co/VDE9f9CXxK",250,79,140,130578,135,0,0,1,elmundoes,El Mundo,elmundoes,0.0,neutral
1939736541602976211,Mon Jun 30 17:23:24 +0000 2025,"🔴 Alcaraz sufre un sofoco para ganar a Fognini en su debut en Wimbledon 

✍️ Javier Sánchez https://t.co/tbCKncz7DS",13,0,0,12965,115,0,0,1,elmundoes,El Mundo,elmundoes,0.0,neutral
1939735482453078371,Mon Jun 30 17:19:12 +0000 2025,La policía británica abre una investigación criminal contra los artistas que lanzaron consignas antiisraelíes en el Festival de Glastonbury https://t.co/UdBICozyMW,22,3,8,13643,163,0,0,1,elmundoes,El Mundo,elmundoes,-0.0516,negative
1939733536728072283,Mon Jun 30 17:11:28 +0000 2025,"Los turistas extranjeros de más de 25 años, protagonistas de las salidas nocturnas de Madrid con un gasto medio de 120 euros por noche https://t.co/9hLHTbuXoX",13,3,5,14174,158,0,0,1,elmundoes,El Mundo,elmundoes,0.0,neutral
1939730257122075043,Mon Jun 30 16:58:26 +0000 2025,Hallan nuevas microalgas potencialmente tóxicas en la costa mediterránea de la Región de Murcia https://t.co/uUE88PYZUH,11,12,2,15089,119,0,0,1,elmundoes,El Mundo,elmundoes,0.0,neutral
1939726639471989007,Mon Jun 30 16:44:03 +0000 2025,Rescatan a una abuela y su nieto en una colchoneta alejados 4 kilómetros de la costa https://t.co/QmC6tYTPlZ,1665,205,49,608264,108,0,0,1,elmundoes,El Mundo,elmundoes,0.0,neutral
1939723170988130807,Mon Jun 30 16:30:16 +0000 2025,#ÚltimaHora  🔴 BBVA desafía al Gobierno y decide seguir adelante con su OPA sobre Sabadell  https://t.co/kxZ6NKQRKp,720,166,12,39562,115,1,0,1,elmundoes,El Mundo,elmundoes,0.0,neutral
1939723155116884145,Mon Jun 30 16:30:13 +0000 2025,"Puigdemont y Zapatero se reúnen en Suiza para calibrar la viabilidad de la legislatura tras la caída de Cerdán 

✍️ Víctor Mondelo https://t.co/ZXflTI6Vs9",455,278,264,91419,154,0,0,1,elmundoes,El Mundo,elmundoes,0.0,neutral
1939721302895415728,Mon Jun 30 16:22:51 +0000 2025,"Por qué somos tontos (y es mejor así), según un experto: ""Estamos programados para ser estúpidos y no sobreviviríamos de otra manera"" https://t.co/EWcvJ74lQL",8,1,3,15809,157,0,0,1,elmundoes,El Mundo,elmundoes,-0.296,negative
1939718653726871680,Mon Jun 30 16:12:19 +0000 2025,"Los locos del Excel, la 'otra IA' que compara hipotecas, optimiza la compra y redirige correos: ""Hace en segundos lo que llevaría horas"" https://t.co/mZnlwEKdCC",119,7,2,64382,160,0,0,1,elmundoes,El Mundo,elmundoes,0.4588,positive
1939715947108909294,Mon Jun 30 16:01:34 +0000 2025,Investigan un brote de salmonela con 94 afectados en el festival Trasan Fest https://t.co/soKAHi5UHL,5,7,3,13687,100,0,0,1,elmundoes,El Mundo,elmundoes,0.4939,positive
1939715934949605759,Mon Jun 30 16:01:31 +0000 2025,"EL MUNDO accede al misterioso radar Duga, la instalación secreta junto a la central de Chernóbil, que permanece cerrada al público desde la invasión rusa

✍️ Alberto Rojas

 https://t.co/m8TJIG5Tgs",4,0,2,11451,197,0,0,1,elmundoes,El Mundo,elmundoes,0.0,neutral
1939714798054150200,Mon Jun 30 15:57:00 +0000 2025,Santos Cerdán ingresa en prisión tras la orden del juez Leopoldo Puente https://t.co/HHHtREFkF3 https://t.co/Qf3IvXLOBU,255,83,15,26948,119,0,0,2,elmundoes,El Mundo,elmundoes,0.0,neutral
1939712249314107760,Mon Jun 30 15:46:53 +0000 2025,Así son los nuevos precios del abono de Cercanías a partir de este martes 1 de julio  https://t.co/jwLhwoapNn,6,1,1,13049,109,0,0,1,elmundoes,El Mundo,elmundoes,0.0,neutral
1939708056893284645,Mon Jun 30 15:30:13 +0000 2025,Page lanza un nuevo dardo a los socialistas que dicen ser víctimas de Santos Cerdán https://t.co/CkXfvF4XQh,328,94,112,35984,107,0,0,1,elmundoes,El Mundo,elmundoes,0.0,neutral
1939706704410951965,Mon Jun 30 15:24:50 +0000 2025,"La imagen de Cerdán camino de prisión golpea al Gobierno y al PSOE: ""Avergüenza"" https://t.co/DpNJt1HK28 https://t.co/msyhQPDrBd",371,95,15,25348,128,0,0,2,elmundoes,El Mundo,elmundoes,0.0,neutral
1939703703381897635,Mon Jun 30 15:12:55 +0000 2025,🔴 Detenido el conductor dado a la fuga tras arrollar mortalmente a una joven en Cáceres  https://t.co/VhgN8sinGn,12,6,0,16895,112,0,0,1,elmundoes,El Mundo,elmundoes,0.0,neutral
1939703388310028775,Mon Jun 30 15:11:40 +0000 2025,"Los familiares de Pablo Ibar, ""esperanzados, pero cautos"" ante el testigo que dice conocer a los autores de los crímenes de Florida https://t.co/mUFfDD3eWL",16,5,0,13794,155,0,0,1,elmundoes,El Mundo,elmundoes,0.0,neutral
1939700556148113785,Mon Jun 30 15:00:25 +0000 2025,"""Santos Cerdán fue el hombre que voló el puente entre el PSOE y Cs""

✍️ Jorge Bustos https://t.co/dUJYdOK0H2",702,317,16,38420,108,0,0,1,elmundoes,El Mundo,elmundoes,0.0,neutral
1939698678937030899,Mon Jun 30 14:52:57 +0000 2025,"El PP ve un ""salto cualitativo"" hacia las urnas: ""El sanchismo está en prisión sin fianza"" 

✍️ Juanma Lamet https://t.co/a3t2KtDFtM",54,8,15,15449,132,0,0,1,elmundoes,El Mundo,elmundoes,-0.5574,negative
1939696067273961803,Mon Jun 30 14:42:34 +0000 2025,"#EnDirecto ▶️ Sánchez interviene en el evento del Pacto por la Prosperidad, las Personas y el Planeta https://t.co/gd5mYyPWh2",7,1,18,16508,125,1,0,1,elmundoes,El Mundo,elmundoes,0.34,positive
1939695520781316104,Mon Jun 30 14:40:24 +0000 2025,La Macarena será sometida a unas pruebas previas a la restauración https://t.co/grR9cStUcf,6,2,1,14542,90,0,0,1,elmundoes,El Mundo,elmundoes,0.0,neutral
1939692060744790269,Mon Jun 30 14:26:39 +0000 2025,🔴 Santander presenta una oferta formal por la filial británica de Sabadell (TSB) por 2.700 millones  https://t.co/NTOGEDSjWY,41,20,0,27327,124,0,0,1,elmundoes,El Mundo,elmundoes,0.0,neutral
1939688428771090736,Mon Jun 30 14:12:13 +0000 2025,"Irán responde a Trump tras su afirmación de que salvó a Jamenei de un atentado: ""Es insultante"" https://t.co/Inxqx2Rswy",6,2,0,14847,119,0,0,1,elmundoes,El Mundo,elmundoes,0.0,neutral
1939686755780698344,Mon Jun 30 14:05:34 +0000 2025,Montero habla sobre la entrada en prisión de Santos Cerdán: “Es un asunto de una persona que no tiene qué ver con el PSOE” https://t.co/9FVu69UF0c,1631,485,1950,909021,146,0,0,1,elmundoes,El Mundo,elmundoes,-0.296,negative
1939685792244281581,Mon Jun 30 14:01:45 +0000 2025,"El Rey y Sánchez llaman a la comunidad internacional a actuar contra la pobreza: ""Las vidas de miles de millones dependen de nuestras decisiones"" 

✍️ Raúl Piña https://t.co/sWiSw7hreB",10,3,42,15875,184,0,0,1,elmundoes,El Mundo,elmundoes,0.0,neutral
1939683267701072282,Mon Jun 30 13:51:43 +0000 2025,#EnDirecto ▶️ Pedro Sánchez inaugura el International Business Forum de Sevilla https://t.co/UEDz4SRmwA,6,3,8,15474,103,1,0,1,elmundoes,El Mundo,elmundoes,0.34,positive
1939680970350674067,Mon Jun 30 13:42:35 +0000 2025,"La imagen de Cerdán camino de prisión golpea al Gobierno y al PSOE: ""Es duro y avergüenza"" 

✍️ Raúl Piña
✍️ Álvaro Carvajal https://t.co/9XbY5SdmId",130,51,29,20889,148,0,0,1,elmundoes,El Mundo,elmundoes,0.0,neutral
1939678205348069664,Mon Jun 30 13:31:36 +0000 2025,"Ayuso ve a Sánchez ""acorralado"" tras el ingreso en prisión de Santos Cerdán: ""La corrupción mantiene a Sánchez en el poder""

✍️ Vicente Coll https://t.co/cGhDgVQINy",543,152,27,19825,164,0,0,1,elmundoes,El Mundo,elmundoes,0.0,neutral
1939676933475705174,Mon Jun 30 13:26:33 +0000 2025,"Trump anuncia que ya hay comprador para TikTok: ""Es gente muy muy rica"" https://t.co/EGpwhLsBT0",16,3,4,15307,95,0,0,1,elmundoes,El Mundo,elmundoes,0.0,neutral
1939674323599413482,Mon Jun 30 13:16:10 +0000 2025,"Un periodista deportivo francés es condenado a siete años de prisión por ""apología del terrorismo"" en Argelia https://t.co/aWODxLYT26",13,1,1,13242,133,0,0,1,elmundoes,El Mundo,elmundoes,0.0,neutral
1951069943539073260,Thu Jul 31 23:58:18 +0000 2025,"Ocho muertos en lo que va de año por el virus del Nilo Occidental en Italia, donde los casos se han triplicado en una semana https://t.co/CCEGsxoWwk",12,8,5,11393,148,0,0,1,elmundoes,El Mundo,elmundoes,0.0,neutral
1951067242407280808,Thu Jul 31 23:47:34 +0000 2025,Microsoft se convierte en la segunda compañía que supera los cuatro billones de dólares en capitalización bursátil https://t.co/9ZXuTh1Shm,6,1,0,10413,138,0,0,1,elmundoes,El Mundo,elmundoes,0.0,neutral
1951064560145711538,Thu Jul 31 23:36:54 +0000 2025,"Víctima de una 'vendetta' tras aparecer en Telecinco: dos primos aparecen muertos, uno de ellos, abatido por el hijo del otro https://t.co/B8l23dhBZG",9,2,0,12380,149,0,0,1,elmundoes,El Mundo,elmundoes,0.0,neutral
1951055358195040469,Thu Jul 31 23:00:20 +0000 2025,"Historia oral del porno, el último tabú https://t.co/F4UjJV5As5",4,2,0,11438,63,0,0,1,elmundoes,El Mundo,elmundoes,0.0,neutral
1951052603887952149,Thu Jul 31 22:49:24 +0000 2025,Microquimerismo: cuando el ser humano ya no 'tiene' solo un único genoma https://t.co/vfWx8lNujS,4,3,0,11689,96,0,0,1,elmundoes,El Mundo,elmundoes,-0.296,negative
1951050382194450468,Thu Jul 31 22:40:34 +0000 2025,Aitana culmina su metamorfosis en Madrid con el show más esperado https://t.co/2zyQUU6m8N,10,4,1,13663,89,0,0,1,elmundoes,El Mundo,elmundoes,0.0,neutral
1951047103863476373,Thu Jul 31 22:27:32 +0000 2025,"Trump insulta al presidente de la Reserva Federal por no bajar los tipos: ""Demasiado estúpido, un fracaso total"" https://t.co/og1QlRcVud",8,4,1,12373,136,0,0,1,elmundoes,El Mundo,elmundoes,-0.296,negative
1951043420085969156,Thu Jul 31 22:12:54 +0000 2025,Detenidas la pareja y la madre de un hombre cuyo cadáver descuartizado apareció oculto en un bidón con cal viva https://t.co/Y5L1cpFVRx,6,2,4,19633,135,0,0,1,elmundoes,El Mundo,elmundoes,0.0,neutral
1951040330448396637,Thu Jul 31 22:00:38 +0000 2025,Yu Zidi se hace con un bronce en el 4x200 libre en los Mundiales de Singapur con sólo 12 años https://t.co/ukGEbdTtvL,12,3,0,13726,117,0,0,1,elmundoes,El Mundo,elmundoes,0.0,neutral
1951039170803036417,Thu Jul 31 21:56:01 +0000 2025,"Hacienda recauda otro 10% más hasta junio por el IRPF, el IVA y el fin de las medidas anticrisis, pero el déficit sigue al alza https://t.co/zdtPrS1N7r",344,240,33,29163,151,0,0,1,elmundoes,El Mundo,elmundoes,0.0,neutral
1951037076155031621,Thu Jul 31 21:47:42 +0000 2025,Una solemne faena sin premio de Morante: la ambición de Daniel Luque amplia su inalcanzable historial en Azpeitia https://t.co/S3spqzehX5,13,4,1,14729,137,0,0,1,elmundoes,El Mundo,elmundoes,-0.5574,negative
1951035492734062892,Thu Jul 31 21:41:24 +0000 2025,La nueva Ordenanza de Terrazas y Quioscos de Madrid agrava la sanción por ruido https://t.co/4qZyx6tqQv,8,5,0,14446,103,0,0,1,elmundoes,El Mundo,elmundoes,0.0,neutral
1951033260986823037,Thu Jul 31 21:32:32 +0000 2025,David Sánchez comunica a la jueza que mantiene su residencia en Elvas (Portugal) y no se trasladará a Japón https://t.co/qGK95JsNK5,77,41,5,18251,131,0,0,1,elmundoes,El Mundo,elmundoes,-0.296,negative
1951032042956661133,Thu Jul 31 21:27:42 +0000 2025,"El Real Madrid - Osasuna se jugará el 19 de agosto, el Juez Único rechaza el aplazamiento solicitado por los blancos https://t.co/lLkxRq1w30",12,4,3,16063,140,0,0,1,elmundoes,El Mundo,elmundoes,0.0,neutral
1951030214999396454,Thu Jul 31 21:20:26 +0000 2025,"La Europol alerta contra la persistente ""amenaza"" del terrorismo yihadista https://t.co/7tK6HI9KYu",87,72,17,17542,98,0,0,1,elmundoes,El Mundo,elmundoes,0.0,neutral
1951028115834110147,Thu Jul 31 21:12:05 +0000 2025,"La familia de Virginia Giuffre pide explicaciones a Trump tras decir que Epstein la ""robó"": ""Nos preguntamos si estaba al tanto"" https://t.co/yC9QLi7olr",13,4,1,16172,152,0,0,1,elmundoes,El Mundo,elmundoes,0.0,neutral
1951026336140599490,Thu Jul 31 21:05:01 +0000 2025,La Reina Letizia y la Princesa Leonor estrenan el verano en Mallorca con looks en tendencia: vestido de lunares y top de croché https://t.co/eVpcQspJIZ,14,2,5,18691,151,0,0,1,elmundoes,El Mundo,elmundoes,0.2023,positive
1951023735894315425,Thu Jul 31 20:54:41 +0000 2025,Cox compra a Iberdrola su negocio de México en una operación de más de 3.600 millones de euros https://t.co/PHcowDtMkK,4,3,0,16063,118,0,0,1,elmundoes,El Mundo,elmundoes,0.0,neutral
1951022252637471143,Thu Jul 31 20:48:47 +0000 2025,"Onur Genç (BBVA) afirma que ""no hay garantías"" de que la OPA sobre Sabadell salga adelante https://t.co/suujFICZhk",3,1,0,15950,114,0,0,1,elmundoes,El Mundo,elmundoes,0.0,neutral
1951020002410201274,Thu Jul 31 20:39:51 +0000 2025,"📰 Portada de EL MUNDO del 1 de agosto

Ya disponible en Orbyt y en la edición digital con la mejor información https://t.co/N986ttJV3n",498,269,57,31934,134,0,0,1,elmundoes,El Mundo,elmundoes,0.0,neutral
1951019294713647552,Thu Jul 31 20:37:02 +0000 2025,"Los incendios de Ávila y Cáceres siguen activos, con especial atención al viento y a los puntos calientes https://t.co/7hhlkoZGhQ",6,9,0,14913,129,0,0,1,elmundoes,El Mundo,elmundoes,0.0,neutral
1951017408338035044,Thu Jul 31 20:29:32 +0000 2025,"Los ""superpoderes"" de la hibernación contra la obesidad o el alzhéimer podrían estar ocultos en el ADN humano https://t.co/JGcZ0HwjrA",7,2,0,14589,133,0,0,1,elmundoes,El Mundo,elmundoes,0.0,neutral
1951014906741838324,Thu Jul 31 20:19:36 +0000 2025,"Aida Bao, en la pista de despegue para sustituir a Jesús Cintora en Malas Lenguas: ""El espectador busca claridad, no complicaciones"" https://t.co/GBxVO2G9z6",15,4,19,22898,156,0,0,1,elmundoes,El Mundo,elmundoes,-0.296,negative
1951013256211931421,Thu Jul 31 20:13:03 +0000 2025,Científicos descubren en una selva remota tropical el insecto más pesado de Australia y con una longuitud de 40 centímetros https://t.co/qgTcQfUhKd,22,7,0,21588,147,0,0,1,elmundoes,El Mundo,elmundoes,0.0,neutral
1951010674819088634,Thu Jul 31 20:02:47 +0000 2025,Una joven de 18 años denuncia una agresión sexual grupal en Ferrol y detienen a uno de los cuatro sospechosos https://t.co/gRbCRm8LSj,824,317,251,223874,133,0,0,1,elmundoes,El Mundo,elmundoes,0.0,neutral
1951008877895451065,Thu Jul 31 19:55:39 +0000 2025,#ÚltimaHora  🔴 Muere el dramaturgo y director de escena estadounidense Bob Wilson https://t.co/ieEkiHSiJn,9,3,0,13855,105,1,0,1,elmundoes,El Mundo,elmundoes,0.0,neutral
1951008646441099355,Thu Jul 31 19:54:43 +0000 2025,"En boca de todos, obligado a parar el programa y disculparse tras colarse un grave insulto a Pedro Sánchez en una conexión https://t.co/XZgQNALddY",11,3,3,17280,146,0,0,1,elmundoes,El Mundo,elmundoes,-0.3818,negative
1951005822286221702,Thu Jul 31 19:43:30 +0000 2025,"Rosalía, ante las críticas por Palestina: ""El señalamiento debería direccionarse hacia arriba"" https://t.co/NRK2TrBGqf",6,2,0,16322,118,0,0,1,elmundoes,El Mundo,elmundoes,0.0,neutral
1951003523950190991,Thu Jul 31 19:34:22 +0000 2025,"'The Economist' pide la dimisión de Sánchez: ""Debería aprovechar las vacaciones de verano para reflexionar sobre los intereses de su partido y de su país, y actuar en consecuencia"" https://t.co/Xyy70DdRaW",3982,1409,329,177204,204,0,0,1,elmundoes,El Mundo,elmundoes,0.0,neutral
1951000886949408917,Thu Jul 31 19:23:53 +0000 2025,"Feijóo hace balance del ""bienio negro"" de Sánchez con la promesa de ""reconstruir"" España: ""Ya nadie espera nada de esta legislatura"" https://t.co/ocLwkkwNf5",27,13,5,13466,156,0,0,1,elmundoes,El Mundo,elmundoes,0.0,neutral
1950997937263104118,Thu Jul 31 19:12:10 +0000 2025,La Guardia Civil investiga a un menor por crear y difundir fotografías con IA de sus compañeras del centro educativo https://t.co/K47qRNd9hJ,11,5,4,13212,140,0,0,1,elmundoes,El Mundo,elmundoes,0.0,neutral
1950995140199244157,Thu Jul 31 19:01:03 +0000 2025,Las 10 mejores playas de Almería con bandera azul para perderte en paisajes de cine https://t.co/1mmceSg0wl,15,4,0,14740,107,0,0,1,elmundoes,El Mundo,elmundoes,0.0,neutral
1950990880925516203,Thu Jul 31 18:44:08 +0000 2025,Esta es la huella que dejan los deportes de contacto en el cerebro: la encefalopatía traumática crónica https://t.co/THUDKYAlUU,21,17,0,18688,127,0,0,1,elmundoes,El Mundo,elmundoes,0.0,neutral
1950988870604001334,Thu Jul 31 18:36:09 +0000 2025,"Hulk Hogan murió de un ""infarto agudo"" y padecía leucemia, según el forense https://t.co/iGLWIC83yY",18,11,0,24361,99,0,0,1,elmundoes,El Mundo,elmundoes,0.0,neutral
1950987292106969109,Thu Jul 31 18:29:52 +0000 2025,Detienen al representante de una estafa piramidal que supera los cinco millones de euros https://t.co/u1GQqueJS5,20,10,13,17841,112,0,0,1,elmundoes,El Mundo,elmundoes,0.0,neutral
1950983608925143128,Thu Jul 31 18:15:14 +0000 2025,"La ministra Morant sale en defensa del comisionado del título falso: ""El PSOE nunca le podrá agradecer suficiente su dedicación"" https://t.co/kiQS2b05Ky",24,13,23,14934,152,0,0,1,elmundoes,El Mundo,elmundoes,0.0,neutral
1950980164608782460,Thu Jul 31 18:01:33 +0000 2025,"Trump advierte a Canadá de que el reconocimiento del estado de Palestina va a ""dificultar mucho"" el acuerdo comercial https://t.co/VZXVS08tZE",14,10,5,13288,141,0,0,1,elmundoes,El Mundo,elmundoes,0.0,neutral
1950976390439780358,Thu Jul 31 17:46:33 +0000 2025,"El Consejo de Europa alerta de casos de ""malos tratos"" y denuncias de ""bofetadas, puñetazos o golpes con la porra"" de Mossos y funcionarios de prisiones en Cataluña https://t.co/1KtO2DMK5A",7,4,3,11174,188,0,0,1,elmundoes,El Mundo,elmundoes,0.0,neutral
1950973996490477876,Thu Jul 31 17:37:02 +0000 2025,Ucrania detiene a uno de sus pilotos de F-16 por espiar para Rusia https://t.co/x5ZCIKwfDr,15,2,2,10961,90,0,0,1,elmundoes,El Mundo,elmundoes,0.0,neutral
1950971646333894750,Thu Jul 31 17:27:42 +0000 2025,Roca Rey piensa que todos somos tontos: ¿por qué tiene cada vez peor imagen? https://t.co/34jgdJfrSB,8,3,4,12315,100,0,0,1,elmundoes,El Mundo,elmundoes,0.0,neutral
1950967527820902770,Thu Jul 31 17:11:20 +0000 2025,Galicia secreta: 10 restaurantes fuera del circuito gastronómico que merece la pena conocer https://t.co/XeeasBMfRp,6,1,0,12536,115,0,0,1,elmundoes,El Mundo,elmundoes,0.0,neutral
1950962616718831721,Thu Jul 31 16:51:49 +0000 2025,Dimite el experto que coordina las preguntas del examen MIR junto a dos miembros del comité https://t.co/TJd1fEHGFC,47,15,4,23696,115,0,0,1,elmundoes,El Mundo,elmundoes,0.0,neutral
1950960355749843017,Thu Jul 31 16:42:50 +0000 2025,Trump anuncia que aplaza 90 días la subida de aranceles a México https://t.co/x5cgHxKcoB,6,4,1,11559,88,0,0,1,elmundoes,El Mundo,elmundoes,0.0,neutral
1950958738996670814,Thu Jul 31 16:36:25 +0000 2025,La constructora de Cerdán pagó más de 250.000 euros a la cooperativa en la que trabaja su hermana https://t.co/RcJrsDk1Kf,148,72,15,13756,121,0,0,1,elmundoes,El Mundo,elmundoes,0.0,neutral
1950958414932160771,Thu Jul 31 16:35:07 +0000 2025,El envejecimiento se acelera alrededor de los 50 años y algunos órganos se desgastan más rápido que otros https://t.co/UqriKlfu3p,9,3,2,11734,129,0,0,1,elmundoes,El Mundo,elmundoes,0.0,neutral
1950956023486820387,Thu Jul 31 16:25:37 +0000 2025,La ONU publica un vídeo del ejército israelí disparando a un grupo de gazatíes esperando por comida https://t.co/HA5UphjTDG,163,180,68,39435,123,0,0,1,elmundoes,El Mundo,elmundoes,0.0,neutral
1950952417626906646,Thu Jul 31 16:11:17 +0000 2025,"Montero vuelve a avalar al fiscal general del Estado e ignora la reservas de Margarita Robles: ""No la he escuchado"" https://t.co/O2PwvbPXPR",19,5,14,13534,139,0,0,1,elmundoes,El Mundo,elmundoes,0.0,neutral
1950950060394488035,Thu Jul 31 16:01:55 +0000 2025,Paco El Bueno contó que viajaba a Suiza por trabajo: varias víctimas se manifestaron ayer ante los juzgados https://t.co/lLlvjV7w40,2,2,2,11249,131,0,0,1,elmundoes,El Mundo,elmundoes,0.0,neutral
1950947130505371961,Thu Jul 31 15:50:17 +0000 2025,"Porque sabe cosas que solo sabe él

✍️ La opinión de Arcadi Espada https://t.co/gQL9kxDhPl",4,10,0,11127,90,0,0,1,elmundoes,El Mundo,elmundoes,0.0,neutral
1950944302105792555,Thu Jul 31 15:39:03 +0000 2025,"El Consejo de Informativos de TVE se planta ante la dirección en una tensa reunión con duras críticas a Mañaneros y Malas Lenguas: ""Si lo veis conveniente, acudid a los tribunales"" https://t.co/mm37HZJ68U",1319,532,193,114994,204,0,0,1,elmundoes,El Mundo,elmundoes,0.0,neutral
1950942029959041330,Thu Jul 31 15:30:01 +0000 2025,Detenido un hombre de 76 años sospechoso de envenenar a niños en un campamento de vacaciones https://t.co/d1mLY8XQFp,3,3,0,10118,116,0,0,1,elmundoes,El Mundo,elmundoes,0.0,neutral
1950939287794450901,Thu Jul 31 15:19:07 +0000 2025,El Retiro y otros ocho parques cerrarán a partir de las 18 horas por fuertes rachas de viento y temperaturas de 35ºC https://t.co/RCS1mDOAna,7,1,4,20090,140,0,0,1,elmundoes,El Mundo,elmundoes,0.0,neutral
1950937366429942160,Thu Jul 31 15:11:29 +0000 2025,"#ÚltimaHora🔴 Morant se ata a un dimitido por falsificar un título universitario: ""No me arrepiento de nombrarlo y no voy a renunciar a él"" https://t.co/SArpdTGmyy",476,228,146,69667,162,1,0,1,elmundoes,El Mundo,elmundoes,-0.296,negative
1950935420570677718,Thu Jul 31 15:03:45 +0000 2025,BBVA gana 5.447 millones de euros en el semestre y promete 36.000 millones en dividendos hasta 2028 para convencer al accionista de Sabadell https://t.co/hC0NMx1HDX,5,4,3,11563,164,0,0,1,elmundoes,El Mundo,elmundoes,0.0,neutral
1950932448834973969,Thu Jul 31 14:51:57 +0000 2025,Una renacida Al Shabab expande el terror por el cuerno de África https://t.co/vAK2zNMNtZ,6,3,2,12397,88,0,0,1,elmundoes,El Mundo,elmundoes,-0.5267,negative
1950928904643838126,Thu Jul 31 14:37:52 +0000 2025,La Fiscalía considera acreditada la falsificación del título del comisionado de Sánchez para la Dana https://t.co/tMxHzLSghg,484,213,39,19581,124,0,0,1,elmundoes,El Mundo,elmundoes,0.0,neutral
1950925511024161134,Thu Jul 31 14:24:22 +0000 2025,"Las fuertes turbulencias en un vuelo de Delta dejan 25 heridos y obligan a realizar un ""aterrizaje de emergencia"" https://t.co/rcUEq3NeJU",11,5,0,16939,137,0,0,1,elmundoes,El Mundo,elmundoes,0.0,neutral
1950923022258331792,Thu Jul 31 14:14:29 +0000 2025,#EnDirecto ▶ Funeral del policía muerto en el tiroteo en Nueva York https://t.co/a9UeMgMvvz,8,3,1,11541,91,1,0,1,elmundoes,El Mundo,elmundoes,-0.0258,neutral
1950920005287018509,Thu Jul 31 14:02:30 +0000 2025,#ÚltimaHora🔴 Microsoft se convierte en la segunda compañía que supera los cuatro billones de dólares en capitalización bursátil https://t.co/uSAvIo1r0z,12,6,0,12337,151,1,0,1,elmundoes,El Mundo,elmundoes,0.0,neutral
1950919402620104822,Thu Jul 31 14:00:06 +0000 2025,#Editorial 📰  Una respuesta moral a Israel https://t.co/y3lrjsrG7g,4,2,1,10202,66,1,0,1,elmundoes,El Mundo,elmundoes,0.0,neutral
1962273532286575054,Sun Aug 31 21:57:22 +0000 2025,Un Barça pobre y agarrado a Joan García salva un punto ante el Rayo con un penalti dudoso cuando no funcionaba el VAR https://t.co/GtlI5wxq1F,22,4,5,19395,141,0,0,1,elmundoes,El Mundo,elmundoes,-0.296,negative
1962271061656916279,Sun Aug 31 21:47:32 +0000 2025,Pablo Aguado hace el toreo con mayúsculas y sale a hombros con Manzanares y Olga Casado en Sanse https://t.co/9IXlDXcSDS,26,7,7,20740,120,0,0,1,elmundoes,El Mundo,elmundoes,0.0,neutral
1962269688248852787,Sun Aug 31 21:42:05 +0000 2025,"📰 Portada de EL MUNDO del lunes 1 de septiembre.

Ya disponible en Orbyt y en la edición digital con la mejor información. https://t.co/mA8DDh2p6h",80,31,35,28832,146,0,0,1,elmundoes,El Mundo,elmundoes,0.0,neutral
1962250004245971272,Sun Aug 31 20:23:52 +0000 2025,Father Mother Sister Brother: Jim Jarmusch recupera a Tom Waits para tomar el pulso se manera magistral al mismo silencio (****) https://t.co/gpkMoJMWPh,9,1,0,22769,152,0,0,1,elmundoes,El Mundo,elmundoes,0.0,neutral
1962246946229223456,Sun Aug 31 20:11:43 +0000 2025,Alcaraz se quita de encima un día incómodo y ya está en cuartos de final del US Open https://t.co/XaExyXhT2a,34,2,2,23917,108,0,0,1,elmundoes,El Mundo,elmundoes,0.0,neutral
1962234953703346187,Sun Aug 31 19:24:04 +0000 2025,La ONU confirma el arresto de 11 empleados de la organización en Yemen por los rebeldes hutíes https://t.co/RVTQ4dvqJP,23,11,7,17628,118,0,0,1,elmundoes,El Mundo,elmundoes,0.0,neutral
1962221802999988717,Sun Aug 31 18:31:48 +0000 2025,"El mago del Kremlin: Un retrato tan voluntarioso como esquemático de Putin, sus andares y la política de hoy (***) https://t.co/vdI3sUsthF",4,2,2,17454,138,0,0,1,elmundoes,El Mundo,elmundoes,0.0,neutral
1962216656345735501,Sun Aug 31 18:11:21 +0000 2025,Los interrogantes sin resolver del asesinato de Matilde Muñoz en Indonesia https://t.co/aySmKP4Ue5,4,1,0,15497,98,0,0,1,elmundoes,El Mundo,elmundoes,-0.4404,negative
1962197764864971169,Sun Aug 31 16:56:17 +0000 2025,"España supera el trámite con un baño sonrojante a Chipre 

✍️Lucas Sáez-Bravo, enviado especial al Eurobasket  

https://t.co/P6tjnssxLs",7,3,1,13207,136,0,0,1,elmundoes,El Mundo,elmundoes,0.0,neutral
1962195823581647228,Sun Aug 31 16:48:34 +0000 2025,Vingegaard aprieta el puño en Valdezcaray y Traeen sostiene el liderato https://t.co/WdTYMueAv4,10,2,0,13470,95,0,0,1,elmundoes,El Mundo,elmundoes,0.0,neutral
1962193163805655415,Sun Aug 31 16:38:00 +0000 2025,"Los delitos y violaciones bajan en Madrid en el primer semestre, pero suben los homicidios y las ciberestafas https://t.co/5tAnBr2p6y",13,4,11,15232,133,0,0,1,elmundoes,El Mundo,elmundoes,0.0,neutral
1962189790498951483,Sun Aug 31 16:24:36 +0000 2025,Hallan muertos a una mujer y sus dos hijos de 4 y 6 años en su apartamento cerca de Lyon https://t.co/bHArPlkNE5,21,8,2,22139,112,0,0,1,elmundoes,El Mundo,elmundoes,0.0,neutral
1962187357362221521,Sun Aug 31 16:14:56 +0000 2025,Drama de Norris en Zandvoort y acelerón de Piastri hacia el título https://t.co/BJDKkM64pZ,4,1,0,13290,90,0,0,1,elmundoes,El Mundo,elmundoes,0.0,neutral
1962184841585193235,Sun Aug 31 16:04:56 +0000 2025,"Muere Eugeni Aguiló, catedrático de Economía y referente del turismo en Baleares, mientras se bañaba en Cala Blava (Mallorca) https://t.co/vNumlyhaDq",9,6,0,17867,149,0,0,1,elmundoes,El Mundo,elmundoes,0.0,neutral
1962137932954796285,Sun Aug 31 12:58:32 +0000 2025,"China, epicentro del nuevo orden mundial: alfombra roja a Putin y reunión con Modi en el marco de la OCS https://t.co/J8t5ov7Fz7",16,6,3,13570,128,0,0,1,elmundoes,El Mundo,elmundoes,0.0,neutral
1962134615943938472,Sun Aug 31 12:45:21 +0000 2025,El Govern de Salvador Illa pide a los ayuntamientos que garanticen la atención en catalán a los ciudadanos https://t.co/aANbQbuJrt,11,4,30,33393,130,0,0,1,elmundoes,El Mundo,elmundoes,0.0,neutral
1962130108510019809,Sun Aug 31 12:27:27 +0000 2025,Detenido en Barcelona el líder de un clan de narcotráfico huido de Italia y oculto en Alicante https://t.co/jKGkvDquS8,144,46,4,20940,118,0,0,1,elmundoes,El Mundo,elmundoes,0.0,neutral
1962125376378859878,Sun Aug 31 12:08:38 +0000 2025,"La miasis por el gusano barrenador está ""descontrolada"" en el ganado de América Central y ya acecha a los humanos https://t.co/o9H42pCHFt",9,6,1,28561,137,0,0,1,elmundoes,El Mundo,elmundoes,0.0,neutral
1962090959040074171,Sun Aug 31 09:51:53 +0000 2025,Panel @sigmados para EL MUNDO | Suspenso masivo de los españoles a los políticos en su actuación contra los incendios https://t.co/DxfJVdnfhK,22,10,4,12939,141,0,1,1,elmundoes,El Mundo,elmundoes,0.0,neutral
1962087622441877546,Sun Aug 31 09:38:37 +0000 2025,"Jorge Vilda, dos años después del Mundial: ""Todo se centró en el beso. Sentí rabia e incomprensión. Mi destitución fue injusta"" 

✍️ Una entrevista de Martín Mucha https://t.co/C1ygE02xNJ",40,7,8,18442,187,0,0,1,elmundoes,El Mundo,elmundoes,0.0,neutral
1962084838892024021,Sun Aug 31 09:27:34 +0000 2025,Detenido un menor del centro de acogida de Hortaleza por violar a una chica de 14 años https://t.co/Yma212n7LP,3770,1681,791,1260716,110,0,0,1,elmundoes,El Mundo,elmundoes,0.0,neutral
1962082409840517590,Sun Aug 31 09:17:54 +0000 2025,Las 'fantasías profundas' de Putin que le llevaron a la guerra https://t.co/qnRCKTwxr1,6,3,2,12891,86,0,0,1,elmundoes,El Mundo,elmundoes,0.0,neutral
1962079521676361863,Sun Aug 31 09:06:26 +0000 2025,"Sin casa, sin trabajo fijo y muchas veces solas: la aventura de las mujeres nómadas digitales https://t.co/GSKhqpvTFf",51,5,69,54976,117,0,0,1,elmundoes,El Mundo,elmundoes,-0.802,negative
1961953575879287109,Sun Aug 31 00:45:58 +0000 2025,¿Adiós a los aranceles? Trump se encomienda a su mayoría en el Supremo para salvar su medida estrella pese al revés judicial https://t.co/JEGznwJnef,11,3,2,13701,148,0,0,1,elmundoes,El Mundo,elmundoes,0.4404,positive
1961925726505979908,Sat Aug 30 22:55:18 +0000 2025,"Récord de triples, otro partido en menos de 20 horas y la dura crítica de Scariolo a la FIBA: ""Es una falta de respeto"" https://t.co/ReEjLNU5jL",8,1,0,16256,143,0,0,1,elmundoes,El Mundo,elmundoes,0.0,neutral
1961918110526509174,Sat Aug 30 22:25:02 +0000 2025,"Bukele presume de ""1.000 días sin homicidios"" en El Salvador desde que asumió el poder en 2019 https://t.co/JoyDDOCRxo",1321,153,69,68362,118,0,0,1,elmundoes,El Mundo,elmundoes,-0.5574,negative
1961916406355648623,Sat Aug 30 22:18:16 +0000 2025,El Madrid remonta al Mallorca y hace pleno antes del parón https://t.co/ip946YqFLn,14,2,1,17523,82,0,0,1,elmundoes,El Mundo,elmundoes,0.0,neutral
1961804584638177339,Sat Aug 30 14:53:56 +0000 2025,Piastri se lleva la pole en Zandvoort con Sainz noveno y Alonso décimo https://t.co/2oSRa7MVJ2,4,1,0,12936,94,0,0,1,elmundoes,El Mundo,elmundoes,0.0,neutral
1961803910865187199,Sat Aug 30 14:51:15 +0000 2025,"#ÚltimaHora 🔴 La policía indonesia encuentra el cuerpo sin vida de Matilde Muñoz, la española desaparecida desde hace dos meses https://t.co/VTO9ofR0Jv",102,39,9,49070,151,1,0,1,elmundoes,El Mundo,elmundoes,-0.5574,negative
1961799312444178925,Sat Aug 30 14:32:59 +0000 2025,"La carcajada negra de Park Chan-wook, la coherencia exagerada de László Nemes y el misticismo impostado de Gianfranco Rosi https://t.co/dYqGH84IXU",4,0,0,12367,146,0,0,1,elmundoes,El Mundo,elmundoes,0.0,neutral
1961792958375616894,Sat Aug 30 14:07:44 +0000 2025,Detenido uno de los autores de un violento asalto a una mujer para robar en su vivienda en Tenerife https://t.co/HhLL3FhNvq,1870,812,275,385349,123,0,0,1,elmundoes,El Mundo,elmundoes,0.0,neutral
1961774444059275761,Sat Aug 30 12:54:10 +0000 2025,La justicia australiana también exige a España que ejecute los laudos renovables y ordena el pago de 469 millones https://t.co/auqUkH6fBi,12,10,7,13292,137,0,0,1,elmundoes,El Mundo,elmundoes,0.0,neutral
1961771547149861192,Sat Aug 30 12:42:39 +0000 2025,Albares afirma que España desplegará protección diplomática a la nueva flotilla que parte este domingo con ayuda para Gaza desde Barcelona https://t.co/4joQBPb7TO,54,17,88,22840,162,0,0,1,elmundoes,El Mundo,elmundoes,0.0,neutral
1961769029615468914,Sat Aug 30 12:32:39 +0000 2025,"""Corte de cabello adecuado, uniforme limpio y saludo respetuoso"": disciplina militar en las escuelas de El Salvador para evitar que se recluten pandilleros https://t.co/SjMi8dW7n2",54,13,8,14312,179,0,0,1,elmundoes,El Mundo,elmundoes,0.0,neutral
1961765789876228161,Sat Aug 30 12:19:46 +0000 2025,Los bomberos rescatan a un burro caído en un pozo en Robledo de Chavela https://t.co/uPccpi5XH1,59,1,5,19664,95,0,0,1,elmundoes,El Mundo,elmundoes,0.0,neutral
1961763414721646608,Sat Aug 30 12:10:20 +0000 2025,"Ampliaciones de crédito, reprobaciones y decretos fallidos: Salvador Illa, debilitado en el Parlament, intenta relanzar el Govern a la espera del cupo https://t.co/XAULOZ8IXj",2,1,1,12140,174,0,0,1,elmundoes,El Mundo,elmundoes,0.0,neutral
1961760143953060117,Sat Aug 30 11:57:20 +0000 2025,Asesinan a tiros en Leópolis al ex presidente del Parlamento ucraniano Andri Parubi https://t.co/UkPAjLjjEL,7,7,1,12345,107,0,0,1,elmundoes,El Mundo,elmundoes,0.0,neutral
1961757155427504215,Sat Aug 30 11:45:28 +0000 2025,Montero pisa el acelerador: presentará los presupuestos con o sin acuerdo previo sobre el objetivo de estabilidad https://t.co/tC9hGzY4Tb,3,3,1,11995,137,0,0,1,elmundoes,El Mundo,elmundoes,-0.5574,negative
1961751696041705828,Sat Aug 30 11:23:46 +0000 2025,Vox amenaza la estabilidad de seis Gobiernos del PP con la inmigración https://t.co/htFT1FbhKl,59,18,44,22718,94,0,0,1,elmundoes,El Mundo,elmundoes,0.0,neutral
1961748812084416920,Sat Aug 30 11:12:18 +0000 2025,"La cumbre ""anti-OTAN"" en la que se encontrarán Xi Jinping, Putin y Modi en China https://t.co/yuUN3Hrpne",12,6,4,13962,104,0,0,1,elmundoes,El Mundo,elmundoes,0.0,neutral
1961746313357205691,Sat Aug 30 11:02:23 +0000 2025,"El verano de Paco Morales de Noor: 'Fiesta' de Hemingway, tinto de verano, Toscana y comida en O'Pazo en Padrón https://t.co/JuLt1KIECR",2,1,0,12388,135,0,0,1,elmundoes,El Mundo,elmundoes,0.4767,positive
1961743002293911658,Sat Aug 30 10:49:13 +0000 2025,Qué son las parejas TIL y por qué este tipo de relación está creciendo https://t.co/Qzcu5cPO3W,37,3,36,83236,94,0,0,1,elmundoes,El Mundo,elmundoes,0.0,neutral
1961740085788848487,Sat Aug 30 10:37:38 +0000 2025,Las urgencias madrileñas se digitalizan para blindar los historiales médicos https://t.co/M00V4Xwqmr,10,0,0,19500,100,0,0,1,elmundoes,El Mundo,elmundoes,0.0,neutral
1961737215614079202,Sat Aug 30 10:26:14 +0000 2025,"'Risto', el burro que avisó de que el fuego llegaba a Molinaseca: ""Vimos las llamas después, justo donde él miraba"" https://t.co/jPfXY1sHsI",69,16,7,19162,139,0,0,1,elmundoes,El Mundo,elmundoes,0.0,neutral
1961734757575770607,Sat Aug 30 10:16:28 +0000 2025,Una investigación española cambia la forma de tratar los infartos y desbanca una práctica utilizada desde hace más de 40 años https://t.co/X8buVEvDp4,56,25,0,14279,149,0,0,1,elmundoes,El Mundo,elmundoes,0.0,neutral
1961731850486845769,Sat Aug 30 10:04:55 +0000 2025,"""Para Trump la geopolítica es un permanente postureo en la arena mediática donde el César sentencia y toda relación se reduce al ""aquí te pillo, aquí te mato"", sin futuro ni pasado""

✍️ Ana Palacio https://t.co/3XQ6pJxD7a",5,2,5,11276,221,0,0,1,elmundoes,El Mundo,elmundoes,-0.5574,negative
1961726844912201934,Sat Aug 30 09:45:01 +0000 2025,Adiós a las vacaciones y a los ahorros: los españoles sacan 3.000 millones de los bancos este verano https://t.co/odJuKM6Zj6,178,78,18,33185,124,0,0,1,elmundoes,El Mundo,elmundoes,0.0,neutral
1961723969406402870,Sat Aug 30 09:33:36 +0000 2025,La letra pequeña del adiós al Avlo entre Madrid y Barcelona: menos frecuencias y precios hasta un 10% más caros https://t.co/My5bZ8ftSP,15,10,4,16305,135,0,0,1,elmundoes,El Mundo,elmundoes,0.0,neutral
1961719393349501354,Sat Aug 30 09:15:25 +0000 2025,"""Lo que antes era orgullo nacional ahora parece motivo de desesperación colectiva""

✍️ David Mejía https://t.co/UlnEtbMWOj",25,4,2,11214,122,0,0,1,elmundoes,El Mundo,elmundoes,0.0,neutral
1961700413175967866,Sat Aug 30 07:59:59 +0000 2025,"#Editorial 📰

""La ausencia de liderazgo del Gobierno agrava la percepción ciudadana de improvisación y falta de política de Estado""

 https://t.co/nkbA2bZ8sP",90,38,22,12134,157,1,0,1,elmundoes,El Mundo,elmundoes,0.0,neutral
1961697899047161914,Sat Aug 30 07:50:00 +0000 2025,"Con los místicos musulmanes de la sierra granadina: ""La civilización occidental no existe, es un nihilismo"" https://t.co/BEwxcVt0Yi",15,5,16,18070,131,0,0,1,elmundoes,El Mundo,elmundoes,-0.296,negative
1961694549056552966,Sat Aug 30 07:36:41 +0000 2025,"Gloria R. Ben, psicóloga, sobre la barra libre de pantallas de los adolescentes en verano y el vamping digital: ""Si dejamos el plan détox para el último día antes de las clases, el mono será mayor"" https://t.co/i6X9MRkTia",16,2,2,13943,221,0,0,1,elmundoes,El Mundo,elmundoes,0.0,neutral
1961692051281506544,Sat Aug 30 07:26:46 +0000 2025,"Carmen Lomana: ""Pedro Sánchez tiene muy buena percha, pero podría vestir mejor. Hay tanto que le podrían enseñar..."" https://t.co/vswoifgmwk",19,4,11,34187,140,0,0,1,elmundoes,El Mundo,elmundoes,0.0,neutral
1961688725043180013,Sat Aug 30 07:13:33 +0000 2025,"Alcaraz, un topicazo hacia los españoles y un susto que apenas preocupa: ""He sentido que algo no iba bien"" https://t.co/VppL6OiTVd",9,1,1,15004,130,0,0,1,elmundoes,El Mundo,elmundoes,-0.296,negative
1961685847754875253,Sat Aug 30 07:02:07 +0000 2025,"Anna Aruntunyan, escritora rusoestadounidense: ""No confiar en Putin no es una razón para no negociar con él"" https://t.co/Xct4VvRaPy",6,1,0,13603,132,0,0,1,elmundoes,El Mundo,elmundoes,-0.5267,negative
1961682516948951451,Sat Aug 30 06:48:52 +0000 2025,"La cadena de supermercados ucranianos que ""trae un pedazo de casa"" a expatriados en Madrid, con caviar, pepinos ecológicos y cerveza con sabor a Dalsy https://t.co/QRxY94yC76",3,3,0,13851,174,0,0,1,elmundoes,El Mundo,elmundoes,0.0,neutral
1961679016076685815,Sat Aug 30 06:34:58 +0000 2025,"☕  Buenos días!
📰 La portada de El Mundo https://t.co/QGEvumR1ow",91,40,24,27945,64,0,0,1,elmundoes,El Mundo,elmundoes,0.0,neutral
1961677530017980771,Sat Aug 30 06:29:04 +0000 2025,"Harvey Weinstein, el jefe depredador por antonomasia que desencadenó el Me Too: ""Me aterrorizó, y era tan grande... No paraba. Fue una pesadilla"" https://t.co/MW7SDhKuUU",9,1,3,14075,169,0,0,1,elmundoes,El Mundo,elmundoes,-0.296,negative
1961675103416037720,Sat Aug 30 06:19:25 +0000 2025,"Chipre-Grecia, cuando los dos rivales se emocionan con el mismo himno: ""Durante 40 minutos lucharemos contra nuestros hermanos"" https://t.co/mrUPPqW2i7",19,7,0,14262,151,0,0,1,elmundoes,El Mundo,elmundoes,0.0,neutral
1961562640297205818,Fri Aug 29 22:52:32 +0000 2025,Localizan el cuerpo sin vida de un marinero desaparecido en una batea cerca de Cabo de Cruz (A Coruña) https://t.co/CUD6m90Hsj,12,6,5,16197,126,0,0,1,elmundoes,El Mundo,elmundoes,-0.5574,negative
1973096405901201849,Tue Sep 30 18:43:36 +0000 2025,Canarias acusa al Estado de incumplir el Supremo en los traslados de menores: solo uno autorizado en la última semana https://t.co/vkuBKP9geX,13,8,5,12806,141,0,0,1,elmundoes,El Mundo,elmundoes,0.4404,positive
1973093296403591199,Tue Sep 30 18:31:14 +0000 2025,El Consejo de Ministros aprobará la semana que viene el primer paquete de ayudas para la eliminación de cultivos en el entorno de Doñana https://t.co/kgx4kbs3Yf,7,3,0,12786,160,0,0,1,elmundoes,El Mundo,elmundoes,0.0,neutral
1973090995647459567,Tue Sep 30 18:22:06 +0000 2025,"Trump dice que desplegó submarinos nucleares frente a Rusia porque ""nos amenazó un poco"" https://t.co/bfXyIWPolq",22,6,6,13921,112,0,0,1,elmundoes,El Mundo,elmundoes,0.0,neutral
1973089651339542949,Tue Sep 30 18:16:45 +0000 2025,#ÚltimaHora🔴 Los países árabes y la comunidad internacional presionan a Hamas para que acepte el plan de Trump https://t.co/EquousKXsl,776,179,38,50227,134,1,0,1,elmundoes,El Mundo,elmundoes,0.0,neutral
1973088442197090350,Tue Sep 30 18:11:57 +0000 2025,Montero calla ante la falta de Presupuestos y ni siquiera sostiene ya la promesa de presentarlos https://t.co/g9f5iMmpJk,18,13,4,11600,120,0,0,1,elmundoes,El Mundo,elmundoes,0.0,neutral
1973085969784983557,Tue Sep 30 18:02:08 +0000 2025,"Starmer: ""A Farage no le gusta Reino Unido, quiere que dudéis, como él lo hace"" https://t.co/UAStW5J3yL",9,2,4,13322,103,0,0,1,elmundoes,El Mundo,elmundoes,-0.296,negative
1973055053201023183,Tue Sep 30 15:59:16 +0000 2025,#ÚltimaHora🔴 Banco Sabadell dice 'no' por segunda vez a la OPA de BBVA y contraataca con más dividendos https://t.co/WhY9ZZPj13,47,17,3,16160,127,1,0,1,elmundoes,El Mundo,elmundoes,0.0,neutral
1973053797845881100,Tue Sep 30 15:54:17 +0000 2025,"Choque en el Gobierno por el plan Trump para Palestina: Sánchez le da la ""bienvenida"" y los ministros de Sumar exigen su rechazo por ""legitimar la impunidad"" https://t.co/cY5qPfk31C",9,4,8,9739,181,0,0,1,elmundoes,El Mundo,elmundoes,0.0,neutral
1973050688528670904,Tue Sep 30 15:41:56 +0000 2025,Un compuesto basado en un extracto de cannabis no adictivo reduce el dolor de espalda crónico https://t.co/vSi7bQhoJg,13,6,2,10547,117,0,0,1,elmundoes,El Mundo,elmundoes,-0.296,negative
1973048728643653735,Tue Sep 30 15:34:09 +0000 2025,"#ÚltimaHora🔴 Trump convoca a 800 generales y almirantes para implicarles en la lucha contra los ""enemigos domésticos"", la ""plaga interna"" en EEUU y la ""izquierda lunática"" https://t.co/2vrGW8ApFM",88,27,13,89377,195,1,0,1,elmundoes,El Mundo,elmundoes,0.0,neutral
1973047999707091431,Tue Sep 30 15:31:15 +0000 2025,"La jueza de la dana pide información sobre los usuarios fallecidos del servicio de teleasistencia y da un día a À Punt para que explique por qué no envía el vídeo del Cecopi

✍️ Noa de la Torre https://t.co/1e6thOidXy",15,10,2,10598,217,0,0,1,elmundoes,El Mundo,elmundoes,-0.296,negative
1973046170852216934,Tue Sep 30 15:23:59 +0000 2025,"El rey de los dumplings más famosos de Madrid: ""No son sólo comida, son un lazo emocional"" https://t.co/wEXiCmiSFD",5,2,1,10578,114,0,0,1,elmundoes,El Mundo,elmundoes,-0.0772,negative
1973042300763640005,Tue Sep 30 15:08:36 +0000 2025,China revela cómo es la enigmática cara oculta de la Luna https://t.co/O8cl95XxC9,25,8,11,13642,81,0,0,1,elmundoes,El Mundo,elmundoes,0.0,neutral
1973008711531573687,Tue Sep 30 12:55:08 +0000 2025,La Audiencia Nacional confirma el procesamiento de cuatro personas por el intento de asesinato de Vidal-Quadras https://t.co/AVAkcjgxP7,25,11,1,10468,135,0,0,1,elmundoes,El Mundo,elmundoes,0.0,neutral
1973007079200686451,Tue Sep 30 12:48:39 +0000 2025,Reina Letizia estrena el traje de Mango low cost perfecto para un look 24 horas https://t.co/lYp6ZUqG5E,9,6,14,20615,103,0,0,1,elmundoes,El Mundo,elmundoes,0.0516,positive
1973005298412470746,Tue Sep 30 12:41:34 +0000 2025,El nuevo temporal recrudece la 'guerra': la Generalitat justifica la anticipación y el Es-Alert en la existencia de información y el Gobierno le acusa de mentir https://t.co/65I6HtPXRD,3,3,3,12802,184,0,0,1,elmundoes,El Mundo,elmundoes,0.0,neutral
1973001897641488845,Tue Sep 30 12:28:03 +0000 2025,"El Gobierno defiende a Begoña pese a la intermediación de su asesora: ""No hay nada"" https://t.co/gpMH7EqaCE https://t.co/fp0LOEGt65",14,7,31,14444,131,0,0,2,elmundoes,El Mundo,elmundoes,0.0,neutral
1973000567321514088,Tue Sep 30 12:22:46 +0000 2025,#ÚltimaHora 🔴 Feijóo anuncia un conflicto de atribuciones en el Tribunal Constitucional contra el Congreso por bloquear 31 leyes del Senado  https://t.co/TjLy0fuQxY,26,6,3,11474,164,1,0,1,elmundoes,El Mundo,elmundoes,0.0,neutral
1972999333692768721,Tue Sep 30 12:17:52 +0000 2025,"El programa de Broncano siempre se había negado a anunciar sus invitados hasta la emisión de La Revuelta. Esta mañana ha sorprendido en sus redes sociales comunicando a todos los invitados de la semana

✍️ Esther Mucientes https://t.co/6fNg9w6p0T",4,0,6,11567,246,0,0,1,elmundoes,El Mundo,elmundoes,0.34,positive
1972998020720459996,Tue Sep 30 12:12:39 +0000 2025,El Gobierno crea la Oficina para la Reconstrucción de Ucrania para las empresas españolas que decidan desarrollar sus proyectos en el país  https://t.co/ND9dCpkeWz,11,2,11,11834,163,0,0,1,elmundoes,El Mundo,elmundoes,0.0,neutral
1972995193012920472,Tue Sep 30 12:01:25 +0000 2025,Tercer fallecido en Extremadura en septiembre por la fiebre del Nilo Occidental  https://t.co/r6ZTBcspFU,6,6,1,10178,104,0,0,1,elmundoes,El Mundo,elmundoes,0.0,neutral
1972977974119931962,Tue Sep 30 10:52:59 +0000 2025,#EnDirecto ▶️ Rueda de prensa posterior al Consejo de Ministros https://t.co/d0IKfX4VFN,4,1,2,8368,87,1,0,1,elmundoes,El Mundo,elmundoes,0.34,positive
1972977714182099278,Tue Sep 30 10:51:57 +0000 2025,"#ÚltimaHora 🔴 Alcaraz discute con el árbitro, hace desaparecer a Fritz y suma en Tokio su octavo título de la temporada  https://t.co/Ies7sRqqFP",77,9,3,24394,144,1,0,1,elmundoes,El Mundo,elmundoes,0.0,neutral
1972977311323406758,Tue Sep 30 10:50:21 +0000 2025,#ÚltimaHora 🔴 Endesa compra por 90 millones los clientes de energía de MasOrange y comercializará sus ofertas de fibra y datos móviles  https://t.co/fYS4aQ812O,8,4,0,8073,159,1,0,1,elmundoes,El Mundo,elmundoes,0.0,neutral
1972977236044103865,Tue Sep 30 10:50:03 +0000 2025,"4 expertas sobre los peligros de teñirse las axilas como Rosalía: ""La piel de la axila es muy sensible y los tintes contienen amoníaco, peróxidos o parabenos que pueden irritar o causar dermatitis de contacto"" https://t.co/LcBU4YfaZl",23,5,25,25085,233,0,0,1,elmundoes,El Mundo,elmundoes,0.0,neutral
1972974398912049166,Tue Sep 30 10:38:47 +0000 2025,"#ÚltimaHora 🔴 La AEMET aumenta a rojo el aviso en Baleares por lluvias torrenciales en Ibiza y Formentera
 https://t.co/vK1SJwR9GW",12,5,0,9598,130,1,0,1,elmundoes,El Mundo,elmundoes,0.0,neutral
1972973408485786027,Tue Sep 30 10:34:51 +0000 2025,"Krispy Kreme aterriza en España con una primera tienda en el centro comercial de Parquesur de Madrid, y la promesa de abrir más de 40 a nivel nacional el próximo lustro

✍️ Luis Blasco Alís https://t.co/svKauzk0AJ",5,4,3,9101,213,0,0,1,elmundoes,El Mundo,elmundoes,0.0,neutral
1972970342025982055,Tue Sep 30 10:22:40 +0000 2025,"Las 16 irregularidades del contrato que respaldó Begoña Gómez y que apuntan a ""un fraude de ley"" https://t.co/PTIn8MNW5h",26,14,3,8752,120,0,0,1,elmundoes,El Mundo,elmundoes,0.0,neutral
1972968979036545084,Tue Sep 30 10:17:15 +0000 2025,"#ÚltimaHora 🔴 La Fiscalía acusa a Bartomeu de administración deseal por ""perjudicar"" al Barça pagando más de 13 millones en comisiones ilegales  https://t.co/NLoVMT7fgG",42,16,3,17564,168,1,0,1,elmundoes,El Mundo,elmundoes,0.0,neutral
1972967787875258828,Tue Sep 30 10:12:31 +0000 2025,"Netanyahu reitera su oposición a admitir un Estado palestino: ""Trump también lo ha dicho"" https://t.co/bq2HdjtKTU",107,37,63,165888,113,0,0,1,elmundoes,El Mundo,elmundoes,0.34,positive
1972964988198199585,Tue Sep 30 10:01:23 +0000 2025,#ÚltimaHora 🔴 Un tribunal suspende el desahucio de las ex monjas de Belorado que estaba previsto para este viernes 3 de octubre  https://t.co/Gqc4zDf9Tu,12,2,4,9548,152,1,0,1,elmundoes,El Mundo,elmundoes,0.0,neutral
1972949017475604559,Tue Sep 30 08:57:56 +0000 2025,Una pelea en un vuelo de Ryanair de Inglaterra a España obliga a un aterrizaje de emergencia en Francia: uno de los pasajeros intentó abrir la salida de emergencia  https://t.co/jqaZUf1tXe,9,5,1,10025,188,0,0,1,elmundoes,El Mundo,elmundoes,0.0,neutral
1972947436550119772,Tue Sep 30 08:51:39 +0000 2025,"#ÚltimaHora  🔴 Los jueces de Violencia sobre la Mujer culpan a Bolaños del inminente ""colapso"" por la falta de medios ante las nuevas competencias previstas en la ley del 'solo sí e sí'  https://t.co/ycGKZ9Lixa",1268,545,44,76927,210,1,0,1,elmundoes,El Mundo,elmundoes,0.0,neutral
1972947145343856817,Tue Sep 30 08:50:29 +0000 2025,"La encrucijada del pequeño propietario de pisos turísticos: ""Cerrar el mío no va a solucionar la crisis de vivienda"" https://t.co/G4wa6hb9bO",49,12,136,803050,140,0,0,1,elmundoes,El Mundo,elmundoes,-0.743,negative
1972944579537039413,Tue Sep 30 08:40:17 +0000 2025,Podcast 🎙 Los pisos turísticos y la crisis de la vivienda https://t.co/FuzVIjeA64 https://t.co/hgn7tsJ6xJ,6,3,5,9661,105,0,0,2,elmundoes,El Mundo,elmundoes,-0.6249,negative
1972940989510689230,Tue Sep 30 08:26:02 +0000 2025,La Guardia Civil advirtió en febrero que los maltratadores burlaban la vigilancia de las pulseras colocándoselas a animales https://t.co/jQTzBl6HPz,29,13,6,9218,147,0,0,1,elmundoes,El Mundo,elmundoes,0.0,neutral
1972937828750213445,Tue Sep 30 08:13:28 +0000 2025,"🔴 Paula Badosa no volverá a jugar este año: ""Seguiré encontrando la manera de volver""  https://t.co/EHN3geApwK",11,3,1,8082,110,0,0,1,elmundoes,El Mundo,elmundoes,-0.296,negative
1972937688983404700,Tue Sep 30 08:12:55 +0000 2025,"El corte de Carmen Maura que ni Pablo Motos esperaba: ""Ese es un drama que no viene a cuento""

✍️ Esther Mucientes https://t.co/HYmqdQZKUM",7,1,3,19167,138,0,0,1,elmundoes,El Mundo,elmundoes,-0.296,negative
1972935790486278475,Tue Sep 30 08:05:22 +0000 2025,Israel desafía a la UER y elegirá a su representante para ir a Eurovisión pese al boicot https://t.co/wEdFLCmnwt,28,6,4,10280,112,0,0,1,elmundoes,El Mundo,elmundoes,0.0,neutral
1972935684076777942,Tue Sep 30 08:04:57 +0000 2025,"Así ha sido la esperada llegada de Krispy Kreme a España: tres años de negociaciones, una receta secreta y maquinaria traída de EEUU para elaborar 200 docenas de dónuts a la hora https://t.co/xWwguMWXBG",248,38,74,137758,202,0,0,1,elmundoes,El Mundo,elmundoes,0.34,positive
1972933121256403445,Tue Sep 30 07:54:46 +0000 2025,Varios detenidos en un vuelo Londres-Alicante que tuvo que aterrizar en Toulouse https://t.co/l3U3grnUOS,94,23,11,24240,104,0,0,1,elmundoes,El Mundo,elmundoes,0.0,neutral
1972931535557759057,Tue Sep 30 07:48:28 +0000 2025,"Luis Mata, líder del Kairat Almaty: ""El presidente estuvo preso y ahora no pone tanto dinero"" https://t.co/VJ8lvvHmmu",4,0,0,7726,117,0,0,1,elmundoes,El Mundo,elmundoes,-0.296,negative
1972930443927318655,Tue Sep 30 07:44:07 +0000 2025,"#EnDirecto ▶️ 35 Aniversario EL MUNDO: Foro Región de Murcia ""La España Vertebrada"" https://t.co/F1kAe3VkUh",4,2,4,8428,107,1,0,1,elmundoes,El Mundo,elmundoes,0.34,positive
1972929380276912500,Tue Sep 30 07:39:54 +0000 2025,"Dos sicarios detenidos en Madrid por torturar, robar y retener a un empresario de reformas en su tienda: ""Le pegamos de más, pero me ofrecieron seis cifras"" https://t.co/2HyqB3cfma",33,20,7,18556,180,0,0,1,elmundoes,El Mundo,elmundoes,0.0,neutral
1972926962231357595,Tue Sep 30 07:30:17 +0000 2025,"Valencia revive la alerta por la dana 11 meses después: ""Entre los vecinos había mucho pánico"" https://t.co/C7W2yToMzz",7,3,0,8377,118,0,0,1,elmundoes,El Mundo,elmundoes,0.34,positive
1972924650955874701,Tue Sep 30 07:21:06 +0000 2025,"La asesora de Moncloa intermedió con 11 empresas pese a que Begoña Gómez declaró que sólo le hizo algún favor ""puntual"" https://t.co/sLcfP3gjU3",1164,562,66,35734,143,0,0,1,elmundoes,El Mundo,elmundoes,0.4019,positive
1972921711910592517,Tue Sep 30 07:09:25 +0000 2025,Begoña Gómez dio hecho a la Complutense el borrador para sacar dinero a Google en el proyecto estrella de su cátedra https://t.co/On4mzydEZy,25,10,10,9347,140,0,0,1,elmundoes,El Mundo,elmundoes,0.0,neutral
1972919636787155248,Tue Sep 30 07:01:11 +0000 2025,El PP priorizará la inmigración de los países que faciliten la repatriación y que pacten bolsas de trabajo https://t.co/SEZxZBBlXQ,34,8,10,9982,130,0,0,1,elmundoes,El Mundo,elmundoes,0.0,neutral
1972903005113446610,Tue Sep 30 05:55:05 +0000 2025,"La locura del conde 'bocachancla' que fue portavoz de Franco en la Guerra Civil: ""¿Sabes cuál es el problema de España? ¡El alcantarillado moderno!"" https://t.co/VD0XyOyWv5",5,0,2,10876,172,0,0,1,elmundoes,El Mundo,elmundoes,0.0,neutral
1972900379017744531,Tue Sep 30 05:44:39 +0000 2025,Economía enfría el calendario urgente de Díaz para imponer su registro horario: Cuerpo tendrá la última palabra sobre el decreto https://t.co/FgiWChbVlA,4,5,4,10740,152,0,0,1,elmundoes,El Mundo,elmundoes,0.0,neutral
1972898339659145384,Tue Sep 30 05:36:33 +0000 2025,Cómo identificar a una persona controladora: 6 rasgos que las delatan https://t.co/YJwvvX5vOu,3,0,2,11094,93,0,0,1,elmundoes,El Mundo,elmundoes,0.0,neutral
1972895875870412863,Tue Sep 30 05:26:46 +0000 2025,"Una terapia de siete horas a 10.000 metros de altura para resucitar al Madrid camino de Almaty: ""Están muy jodidos"" https://t.co/K2mLEd7BbJ",2,1,3,11827,139,0,0,1,elmundoes,El Mundo,elmundoes,0.0,neutral
1972894051243344064,Tue Sep 30 05:19:31 +0000 2025,"Cómo ser feliz en 21 días, según el Dr. Javier Quintero: ""Buscar la felicidad solo a través del placer nunca funciona"" https://t.co/wIs2UT1vmx",14,5,5,18446,142,0,0,1,elmundoes,El Mundo,elmundoes,0.0,neutral
1972766405222117376,Mon Sep 29 20:52:17 +0000 2025,"""Farage ha acusado a la inmigración de los países del Este de vaciar los lagos de los parques nacionales. Feijóo dice que hay que priorizar la inmigración cercana culturalmente""

✍️ La opinión de Emilia Landaluce https://t.co/kQxBMvE57B",9,0,1,15508,236,0,0,1,elmundoes,El Mundo,elmundoes,0.34,positive
1972764367411347482,Mon Sep 29 20:44:12 +0000 2025,"📰 Portada de EL MUNDO del 30 de septiembre   

Ya disponible en Orbyt y en la edición digital con la mejor información https://t.co/VpxkqUl47J",371,155,74,31423,142,0,0,1,elmundoes,El Mundo,elmundoes,0.0,neutral
1972763834109554760,Mon Sep 29 20:42:04 +0000 2025,#Editorial 📰 'Caso Begoña Gómez': el reproche político es insalvable  https://t.co/o9wNmMbq8k,33,13,13,16455,93,1,0,1,elmundoes,El Mundo,elmundoes,0.0,neutral
1972748223207841854,Mon Sep 29 19:40:02 +0000 2025,María Guardiola adelantará las elecciones en Extremadura si no llega a un acuerdo con la oposición para aprobar los presupuestos https://t.co/fQbBUWAMcu,30,12,9,17567,152,0,0,1,elmundoes,El Mundo,elmundoes,-0.296,negative
1972746842153877686,Mon Sep 29 19:34:33 +0000 2025,"Trump logra el visto bueno de Netanyahu a su plan: alto el fuego, entrega de rehenes en 72 horas y ""una junta de paz"" para gestionar la Franja de Gaza: “Este es un día muy importante, un día hermoso, potencialmente uno de los mejores días de la historia de la civilización"" https://t.co/x9hbmK87qd",1161,326,146,110226,297,0,0,1,elmundoes,El Mundo,elmundoes,0.0,neutral
1972745616464683134,Mon Sep 29 19:29:41 +0000 2025,Moreno segmenta el nuevo paquete de rebajas fiscales para fidelizar el voto uno a uno https://t.co/SadyILkasX,3,0,1,13099,109,0,0,1,elmundoes,El Mundo,elmundoes,0.0,neutral
1972745199161127165,Mon Sep 29 19:28:01 +0000 2025,"Netanyahu ha dado su visto bueno condicional al plan de paz de 21 puntos propuesto por Trump, pero advierte: 
“Si Hamás no acepta el plan, Israel terminará el trabajo por sí mismo” https://t.co/WRiodkJg4p",156,51,21,24298,204,0,0,1,elmundoes,El Mundo,elmundoes,0.0516,positive
1976797817545936913,Fri Oct 10 23:51:41 +0000 2025,"Los vecinos de Los Alcázares (Murcia) reciben un aviso de 'Es-Alert' por ""riesgo de desbordamiento en las ramblas"" https://t.co/y0DISnBK1L",18,6,4,18875,138,0,0,1,elmundoes,El Mundo,elmundoes,0.0,neutral
1976779357503750305,Fri Oct 10 22:38:20 +0000 2025,Al menos 23 muertos y 13 desaparecidos tras fuertes lluvias en México https://t.co/rdWwm9IfAA,20,7,2,17567,93,0,0,1,elmundoes,El Mundo,elmundoes,0.0,neutral
1976751359354438022,Fri Oct 10 20:47:04 +0000 2025,"Mohamed VI pide ""reformas"" en su primer discurso tras las revueltas juveniles sin aludir a las protestas https://t.co/YaOBPg4XiL",27,9,17,22650,128,0,0,1,elmundoes,El Mundo,elmundoes,-0.5574,negative
1976748462809948399,Fri Oct 10 20:35:34 +0000 2025,González Byass (Tío Pepe) anuncia despidos en sus sociedades por la caída del consumo de vino https://t.co/b65WUhZRq9,21,12,2,16708,117,0,0,1,elmundoes,El Mundo,elmundoes,0.0,neutral
1976746824170955030,Fri Oct 10 20:29:03 +0000 2025,"#EnDirecto ▶️ El director de EL MUNDO, Joaquín Manso, entrevista a María Corina tras recibir el Nobel de la Paz https://t.co/TLsvuPljYb",92,27,11,18908,135,1,0,1,elmundoes,El Mundo,elmundoes,0.34,positive
1976746533413327010,Fri Oct 10 20:27:54 +0000 2025,"Trump critica a China por volverse ""muy hostil"" y dice que ya no tiene razones para reunirse con su presidente Xi Jinping https://t.co/wNDTGNjxMl",44,10,8,16284,145,0,0,1,elmundoes,El Mundo,elmundoes,-0.296,negative
1976743640144703499,Fri Oct 10 20:16:24 +0000 2025,"#ÚltimaHora 🔴 Macron insiste con Lecornu y le vuelve a encargar la formación de gobierno

https://t.co/VamX5npVKQ",9,8,0,15587,113,1,0,1,elmundoes,El Mundo,elmundoes,0.0,neutral
1976741494775058466,Fri Oct 10 20:07:53 +0000 2025,Israel inicia la tregua en Gaza y la cuenta atrás de la vuelta de los rehenes https://t.co/SJJvG11qw3,22,6,2,13299,101,0,0,1,elmundoes,El Mundo,elmundoes,0.0,neutral
1976738721950040208,Fri Oct 10 19:56:51 +0000 2025,Milei consigue su primer gran inversión: 25.000 millones de dólares de OpenAI en la Patagonia https://t.co/bS0XoHYbtp,23,8,3,13371,117,0,0,1,elmundoes,El Mundo,elmundoes,0.0,neutral
1976736624886141154,Fri Oct 10 19:48:32 +0000 2025,Un vuelo de Ryanair aterriza de emergencia en Manchester porque en los depósitos sólo quedaba combustible para cinco minutos https://t.co/JDcQpzCeIb,268,88,35,118878,148,0,0,1,elmundoes,El Mundo,elmundoes,0.0,neutral
1976733716459213137,Fri Oct 10 19:36:58 +0000 2025,"El modo reforzado desde el apagón ha supuesto ya un sobrecoste de hasta 14 euros al consumidor, según OCU https://t.co/Ce86pwfKKl",83,83,7,18449,129,0,0,1,elmundoes,El Mundo,elmundoes,0.34,positive
1976730436400300125,Fri Oct 10 19:23:56 +0000 2025,Piden tres años y medio de cárcel para Toño Sanchís por presunta apropiación de casi 400.000 euros de Belén Esteban https://t.co/JIPd3WjKWf,65,16,2,35568,139,0,0,1,elmundoes,El Mundo,elmundoes,0.0,neutral
1976728593167245484,Fri Oct 10 19:16:37 +0000 2025,"Sumar pide que se investigue a Iberia, Ryanair, EasyJet y Vueling por subir los precios de forma ""desproporcionada"" durante los incendios de Galicia https://t.co/NIm88htNuJ",11,4,2,13680,172,0,0,1,elmundoes,El Mundo,elmundoes,0.0,neutral
1976725334692134918,Fri Oct 10 19:03:40 +0000 2025,Así funciona la 'superplanta' que fabrica seis de cada diez vacunas contra la gripe en el mundo https://t.co/S7movfqkPd,7,3,0,12589,119,0,0,1,elmundoes,El Mundo,elmundoes,0.0,neutral
1976706473762685022,Fri Oct 10 17:48:43 +0000 2025,"Un ""estallido devastador"" en una planta de explosivos de Tennessee, en Estados Unidos, deja varios muertos y 19 desaparecidos https://t.co/lIK1dQxuy7",10,8,0,11002,149,0,0,1,elmundoes,El Mundo,elmundoes,0.0,neutral
1976705786156818593,Fri Oct 10 17:45:59 +0000 2025,"Un ""estallido devastador"" en una planta de explosivos de Tennessee (Estados Unidos) deja varios muertos y 19 desaparecidos

Se trata de una planta de Accurate Energetic Systems que fabrica explosivos militares https://t.co/qNXEI3UXsK",19,20,1,14612,233,0,0,1,elmundoes,El Mundo,elmundoes,0.4404,positive
1976703153723572443,Fri Oct 10 17:35:31 +0000 2025,La familia de una mujer de 82 años que murió tras un retraso en la revisión del cáncer presenta una denuncia penal contra el SAS https://t.co/xAYvfX4zk8,54,16,19,20230,152,0,0,1,elmundoes,El Mundo,elmundoes,0.0,neutral
1976700297171919338,Fri Oct 10 17:24:10 +0000 2025,Madrid detecta el primer caso autóctono de viruela del mono de la variante más grave https://t.co/FtKLaKzXVg,212,122,112,127638,108,0,0,1,elmundoes,El Mundo,elmundoes,-0.3818,negative
1976696268991726000,Fri Oct 10 17:08:10 +0000 2025,"Declarada alerta por la circulación del Virus del Nilo en zonas de Sevilla, Málaga y Cádiz https://t.co/WZ5C3Bez9M",16,14,3,15046,114,0,0,1,elmundoes,El Mundo,elmundoes,0.0,neutral
1976692904627151357,Fri Oct 10 16:54:48 +0000 2025,"Pablo Iglesias tacha de ""golpista"" a María Corina Machado: ""Se lo podrían haber dado a Hitler"" https://t.co/LDpVpdTfmV",435,161,490,71740,118,0,0,1,elmundoes,El Mundo,elmundoes,0.0,neutral
1976689377905418251,Fri Oct 10 16:40:47 +0000 2025,Abascal irrumpe en la precampaña andaluza y pide la dimisión de Juanma Moreno tras los errores en el cribado del cáncer de mama https://t.co/y3zYIY8aQ0,22,5,9,11789,151,0,0,1,elmundoes,El Mundo,elmundoes,0.0,neutral
1976683120158982363,Fri Oct 10 16:15:55 +0000 2025,El juez extiende la investigación contra la 'fontanera' del PSOE Leire Díez a las denuncias de los fiscales Grinda y Stampa e imputa al empresario Dolset https://t.co/P91AGh0c5q,27,9,2,11001,177,0,0,1,elmundoes,El Mundo,elmundoes,0.0,neutral
1976680735525261823,Fri Oct 10 16:06:26 +0000 2025,La alerta roja por lluvias en Alicante hace que Generalitat y Gobierno extremen la vigilancia de cauces y los barrancos https://t.co/rpTRpt42hC,10,3,2,13196,143,0,0,1,elmundoes,El Mundo,elmundoes,0.0,neutral
1976674401555829104,Fri Oct 10 15:41:16 +0000 2025,Las hipotecas fijas más baratas de octubre de 2025 https://t.co/ESgu1nqxsx,2,2,0,9977,74,0,0,1,elmundoes,El Mundo,elmundoes,0.0,neutral
1976671776856830011,Fri Oct 10 15:30:51 +0000 2025,"Guardiola bajará al 50% la 'ecotasa' a Almaraz y pide a Sánchez que ""alivie la insoportable carga fiscal"" a la energía nuclear https://t.co/cp7giwQ8Fn",14,5,0,10874,150,0,0,1,elmundoes,El Mundo,elmundoes,0.0,neutral
1976668850675437868,Fri Oct 10 15:19:13 +0000 2025,La Reina Letizia resalta la importancia de vigilar la salud mental en situaciones de emergencia https://t.co/dRPgkSnxlZ,25,4,10,13449,119,0,0,1,elmundoes,El Mundo,elmundoes,0.0,neutral
1976647226295255373,Fri Oct 10 13:53:17 +0000 2025,"Netanyahu afirma que Hamas será desarmado y Gaza desmilitarizada ""por las buenas o por las malas"" https://t.co/TZYfOidCN1",95,30,21,55380,121,0,0,1,elmundoes,El Mundo,elmundoes,0.0,neutral
1976643933749862792,Fri Oct 10 13:40:12 +0000 2025,"Edmundo González: ""El Nobel a Machado reconoce la lucha por la democracia en Venezuela"" https://t.co/UCna4UdQOb",85,20,5,11915,111,0,0,1,elmundoes,El Mundo,elmundoes,0.0,neutral
1976640885984002124,Fri Oct 10 13:28:06 +0000 2025,"Paco Cerdà, Premio Nacional de Narrativa 2025 https://t.co/pg92R6yf5F",11,4,0,13335,69,0,0,1,elmundoes,El Mundo,elmundoes,0.0,neutral
1976637956291989583,Fri Oct 10 13:16:27 +0000 2025,#Editorial  📰 Silencio del Gobierno ante la esperanza del cambio en Venezuela https://t.co/YTQhLvI3dp,115,40,24,14268,101,1,0,1,elmundoes,El Mundo,elmundoes,0.0,neutral
1976635383782715488,Fri Oct 10 13:06:14 +0000 2025,Pradales se ausenta y el jefe de la Ertzaintza calla en el Parlamento ante el informe policial que constató coacciones sexuales en Bernedo en otoño de 2024 https://t.co/MUZPHZHHXv,45,46,6,12937,179,0,0,1,elmundoes,El Mundo,elmundoes,0.0,neutral
1976616050188849426,Fri Oct 10 11:49:24 +0000 2025,El ex casero de Paulina Rubio la acusa de deber 70.000 euros del alquiler de su casa en Miami https://t.co/8LU1oRmIlp,28,9,2,25359,117,0,0,1,elmundoes,El Mundo,elmundoes,0.0,neutral
1976612903177404833,Fri Oct 10 11:36:54 +0000 2025,"La Fiscalía de Israel pide mantener en prisión a la activista Reyes Rigo, acusada de agredir a una guardia https://t.co/OgtqrV1v8a",617,98,100,23087,130,0,0,1,elmundoes,El Mundo,elmundoes,0.0,neutral
1976610742984970686,Fri Oct 10 11:28:19 +0000 2025,La Guardia Civil interviene más de 150.000 artículos falsificados en una nave en Fuenlabrada (Madrid) https://t.co/2M0SUoy8VB,15,8,2,9284,125,0,0,1,elmundoes,El Mundo,elmundoes,0.0,neutral
1976608175957655755,Fri Oct 10 11:18:07 +0000 2025,"Quién es Dora Postigo, la familiar de Miguel Bosé que se ha presentado al Benidorm Fest 2026 https://t.co/5RqWnXqUxE",6,2,2,14304,116,0,0,1,elmundoes,El Mundo,elmundoes,0.34,positive
1976605189986550053,Fri Oct 10 11:06:15 +0000 2025,Las primeras palabras de María Corina Machado tras recibir el Nobel de la Paz https://t.co/nv7bcuq1AH,597,125,27,28153,101,0,0,1,elmundoes,El Mundo,elmundoes,0.0,neutral
1976573286197735892,Fri Oct 10 08:59:29 +0000 2025,#EnDirecto ▶ Anuncio del ganador del premio Nobel de la Paz https://t.co/2RTf0MQep2,62,16,8,12337,83,1,0,1,elmundoes,El Mundo,elmundoes,0.34,positive
1976572314591326714,Fri Oct 10 08:55:37 +0000 2025,Un italiano finge ser ciego y cobra un subsidio por invalidez durante 20 años https://t.co/5jZVmVCvAk,42,27,5,21208,101,0,0,1,elmundoes,El Mundo,elmundoes,0.0,neutral
1976569032087060658,Fri Oct 10 08:42:34 +0000 2025,"El lado tonto de la Historia https://t.co/ekskKuihlE

✍️ Jorge Bustos",14,3,9,8993,69,0,0,1,elmundoes,El Mundo,elmundoes,0.0,neutral
1976566549390426264,Fri Oct 10 08:32:42 +0000 2025,"EEUU anuncia el rescate financiero a Argentina y lo inicia con el Banco Santander: ""Preparados para tomar las medidas excepcionales que sean necesarias"" https://t.co/67hfF2TrBd",69,30,17,35812,176,0,0,1,elmundoes,El Mundo,elmundoes,0.0,neutral
1976564237263687697,Fri Oct 10 08:23:31 +0000 2025,"Martín Zubimendi: ""Algunas entrevistas me han provocado momentos incómodos, por eso a veces prefiero evitarlas"" https://t.co/jQKbSX5Xdc",9,0,1,9204,135,0,0,1,elmundoes,El Mundo,elmundoes,0.0,neutral
1976561350340948269,Fri Oct 10 08:12:03 +0000 2025,"Donald Trump, un presidente inimaginable para un momento impensable https://t.co/6kBLTarJRf",11,1,10,10074,91,0,0,1,elmundoes,El Mundo,elmundoes,0.0,neutral
1976558863676584004,Fri Oct 10 08:02:10 +0000 2025,"Enrico Letta: ""El fin de los fondos europeos es una alerta roja para España e Italia. O trabajan juntas o las nuevas inversiones irán a la frontera con Rusia"" https://t.co/vgec2Tfq9z",19,8,5,11452,182,0,0,1,elmundoes,El Mundo,elmundoes,0.0,neutral
1976415854410731770,Thu Oct 09 22:33:54 +0000 2025,#ÚltimaHora 🔴 El Gobierno de Netanyahu aprueba el acuerdo para implementar el plan de paz con Hamas en Gaza https://t.co/Xn25EClMJp,57,19,7,24056,131,1,0,1,elmundoes,El Mundo,elmundoes,0.0,neutral
1976407504625021194,Thu Oct 09 22:00:43 +0000 2025,Trump declara festivo el Día de Cristóbal Colón y elimina el Día de los Pueblo Indígenas https://t.co/vWQobeEHWG,2847,551,87,120738,112,0,0,1,elmundoes,El Mundo,elmundoes,0.0,neutral
1976407497926680655,Thu Oct 09 22:00:42 +0000 2025,Probamos el iPhone 17 Pro: y estas son las dos mejores cosas https://t.co/gTGj1xiNn1,3,2,1,12050,84,0,0,1,elmundoes,El Mundo,elmundoes,0.0,neutral
1976391102388150712,Thu Oct 09 20:55:33 +0000 2025,"Las 97 cumbres de Nepal a las que nadie quiere ir: ""El Everest es lo que tiene valor para quien quiere la foto"" 

✍️ Javier Sánchez https://t.co/nLeS3N7Ue3",9,3,3,14378,155,0,0,1,elmundoes,El Mundo,elmundoes,0.0,neutral
1976388760360063116,Thu Oct 09 20:46:14 +0000 2025,"Actualidad Económica y Telva premian a las Mujeres Empresarias en La Rioja: ""El grado de progreso lo marca el hecho de que sean las mujeres quienes lideran iniciativas y empresas"" https://t.co/nQut9O1pU5",8,3,1,13861,203,0,0,1,elmundoes,El Mundo,elmundoes,0.0,neutral
1976385637251973542,Thu Oct 09 20:33:50 +0000 2025,"Mediaset España ofrecerá en abierto los principales partidos de la NFL, incluida la Super Bowl  https://t.co/qBYBLgWlLG",353,61,20,71110,119,0,0,1,elmundoes,El Mundo,elmundoes,0.5994,positive
1976381954263285840,Thu Oct 09 20:19:11 +0000 2025,"Trump: ""Francamente, quizás haya que echar a España de la OTAN"" https://t.co/8oPBD9UWY4",6957,1697,1297,1849282,87,0,0,1,elmundoes,El Mundo,elmundoes,0.0,neutral
1976379649534902613,Thu Oct 09 20:10:02 +0000 2025,"España no descarta mandar tropas a una misión de paz en Gaza ""o un papel de formación"" https://t.co/MHKhhx8EEx",77,43,411,54462,110,0,0,1,elmundoes,El Mundo,elmundoes,-0.296,negative
1976378592691912769,Thu Oct 09 20:05:50 +0000 2025,Desde Marbella hasta el interior de la Axarquía: cinco campings cerca de Málaga para desconectar por menos de 100 euros y con mucho encanto  https://t.co/mYAe0rgGJ6,5,2,1,14795,164,0,0,1,elmundoes,El Mundo,elmundoes,0.0,neutral
1976376912231493885,Thu Oct 09 19:59:09 +0000 2025,"#ÚltimaHora 🔴Trump: ""francamente, quizás haya que echar a España de la OTAN""  https://t.co/ILLRi7Dx5d",2349,460,313,300365,101,1,0,1,elmundoes,El Mundo,elmundoes,0.0,neutral
1976374749874761744,Thu Oct 09 19:50:34 +0000 2025,El jurado declara culpable al joven que asesinó de 46 puñaladas a su exnovia de 18 años en Parla https://t.co/X8HYEJXSCZ,98,24,25,32214,120,0,0,1,elmundoes,El Mundo,elmundoes,0.0,neutral
1976372532841173113,Thu Oct 09 19:41:45 +0000 2025,La selección aplaza su viaje a Elche por culpa de la dana Alice https://t.co/6SoOXt9bdq,7,3,1,14484,87,0,0,1,elmundoes,El Mundo,elmundoes,0.0,neutral
1976371144564342810,Thu Oct 09 19:36:14 +0000 2025,Trump despide a un diplomático por un romance con una mujer ligada al Partido Comunista Chino https://t.co/b1zY7chpoJ,219,58,17,27453,117,0,0,1,elmundoes,El Mundo,elmundoes,0.5574,positive
1976368181062070341,Thu Oct 09 19:24:28 +0000 2025,Los cambios que llegarán a las etiquetas de la DGT https://t.co/aFLKVYQwG1,14,10,10,34970,74,0,0,1,elmundoes,El Mundo,elmundoes,0.0,neutral
1976364893423931742,Thu Oct 09 19:11:24 +0000 2025,"Cuerpo pide un ""equilibrio"" para mejorar las condiciones de los trabajadores junto a las empresas https://t.co/QtY0Db79RC",9,2,6,15243,121,0,0,1,elmundoes,El Mundo,elmundoes,0.0,neutral
1976361871075590393,Thu Oct 09 18:59:23 +0000 2025,"Amazon y Ambrosetti piden ""una unidad de mercado efectiva en España"" para facilitar la inversión https://t.co/Lrb4K5hjL8",4,2,0,10951,120,0,0,1,elmundoes,El Mundo,elmundoes,0.1779,positive
1976356274200514769,Thu Oct 09 18:37:09 +0000 2025,#ÚltimaHora 🔴 Detenidos dos menores de edad por la filtración de datos sensibles de Sánchez y de otros ministros  https://t.co/nQ7I5XyHqb,297,116,94,78706,137,1,0,1,elmundoes,El Mundo,elmundoes,0.0,neutral
