tweet_id,username,politician,date,text,likes,retweets,replies,views,length,hashtags,mentions,links,sentiment,sentiment_label
1906803687030468622,NunezFeijoo,Alberto Nunez Feijoo,Mon Mar 31 20:20:00 +0000 2025,"Frente a quienes desprecian la educación privada, aquí se demuestra que el mérito, el esfuerzo y la excelencia no se regalan.

Defender la libertad de elegir dónde formarse es clave para una sociedad más preparada y menos manipulable.

Gracias @ucomillas - ICADE por ser un foro https://t.co/0O0Dw1r87Y",715,227,297,35295,302,0,1,1,-0.2023,negative
1906798369059541178,NunezFeijoo,Alberto Nunez Feijoo,Mon Mar 31 19:58:52 +0000 2025,El Gobierno ataca a la universidad privada porque tiene miedo a la libertad de opinión. https://t.co/Ou5FXfgeY0,1484,491,470,44400,111,0,0,1,0.0,neutral
1906675388056735807,NunezFeijoo,Alberto Nunez Feijoo,Mon Mar 31 11:50:11 +0000 2025,"Seguimos con preocupación las noticias que nos llegan de la mina de Cerredo.

Todo el cariño para las familias de los mineros fallecidos, y nuestros deseos de pronta recuperación para los heridos. Nuestro pensamiento está con ellos.",506,159,94,21213,232,0,0,0,0.0,neutral
1906646775126950022,NunezFeijoo,Alberto Nunez Feijoo,Mon Mar 31 09:56:29 +0000 2025,"La autonomía estratégica, la revolución tecnológica y la Defensa son algunos de los grandes desafíos a los que se enfrentará España en los próximos años.

Todos estos asuntos de calado se debatirán en la V edición del Foro 'Wake up, Spain!' celebrado en Casa América, en el que https://t.co/8bSahDfrg2",255,105,126,12269,301,0,0,1,0.0,neutral
1906644102147379369,NunezFeijoo,Alberto Nunez Feijoo,Mon Mar 31 09:45:52 +0000 2025,"Vergüenza es que las asociaciones de jueces le tengan que recordar todo esto a una vicepresidenta. 

No está en condiciones de ser la número dos de ningún gobierno europeo. https://t.co/kvTgLaPFBb",5779,1843,881,232486,196,0,0,1,-0.296,negative
1906321031863644422,NunezFeijoo,Alberto Nunez Feijoo,Sun Mar 30 12:22:06 +0000 2025,"Sánchez y el PSOE no tienen palabra, principios, mayoría o presupuestos.

No tienen nada.

#27InterparlamentariaPP https://t.co/Kha0zn164L",1351,572,826,60929,138,1,0,1,-0.5267,negative
1906314106564448747,NunezFeijoo,Alberto Nunez Feijoo,Sun Mar 30 11:54:35 +0000 2025,"Exigiremos al Gobierno que rebaje el IRPF y que se aplique esta misma campaña de la Renta.

Ya está bien.

#27InterparlamentariaPP #PolíticaQueSirve https://t.co/ih1CV8R2uG",972,414,485,87322,172,2,0,1,0.0,neutral
1906114332540448880,NunezFeijoo,Alberto Nunez Feijoo,Sat Mar 29 22:40:45 +0000 2025,"Lamentamos el fallecimiento de Antonio Benítez Manosalbas. 

Su legado en el mundo del flamenco y su pasión por Jerez quedarán siempre en el recuerdo.",154,42,62,19102,150,0,0,0,0.0,neutral
1906002706491228446,NunezFeijoo,Alberto Nunez Feijoo,Sat Mar 29 15:17:11 +0000 2025,"Gracias, Juanma, por la gran acogida en Sevilla.

Eres ejemplo de honestidad y buen gobierno. Has convertido esta tierra en un referente de crecimiento y futuro.",408,117,397,29959,161,0,0,0,0.0,neutral
1905983840591495252,NunezFeijoo,Alberto Nunez Feijoo,Sat Mar 29 14:02:13 +0000 2025,"Hoy comienza la #27InterparlamentariaPP.

Una oportunidad para hablar de España y poner en valor el trabajo parlamentario del @ppopular para hacer frente a los problemas de las personas.

#PolíticaQueSirve https://t.co/iI9eBRirwK",874,339,599,132284,229,2,1,1,0.0,neutral
1905619821447766055,NunezFeijoo,Alberto Nunez Feijoo,Fri Mar 28 13:55:44 +0000 2025,"No voy a compartir las imágenes de la agresión a un menor con discapacidad intelectual porque duele verlas. Pero no quiero ignorarlas. 

Ilustran un fracaso colectivo y nos convocan a todos: administraciones, colegios y familias. Eduquemos y vigilemos para que no vuelva a ocurrir",2001,490,524,73210,280,0,0,0,-0.6808,negative
1905585998890778920,NunezFeijoo,Alberto Nunez Feijoo,Fri Mar 28 11:41:20 +0000 2025,"Una chapuza.

La propuesta del PP no limitaba la exención a 2025 y liberaba de la declaración de la renta a quien solo percibe el SMI. Ahora les podrá salir a pagar.

Sumar coincidía, pero parece que prefieren el sillón y ceden a la voracidad fiscal del PSOE, que ha disparado la",953,430,323,62635,279,0,0,0,0.0516,positive
1905381427891273837,NunezFeijoo,Alberto Nunez Feijoo,Thu Mar 27 22:08:27 +0000 2025,"Claro que los gallegos tenemos sentido del humor 😉

Feliz cumpleaños, @marianorajoy https://t.co/ATopNVFtsG",1197,253,308,63402,107,0,1,1,0.2732,positive
1905337984930496993,NunezFeijoo,Alberto Nunez Feijoo,Thu Mar 27 19:15:49 +0000 2025,"Estoy aquí para darle a España el Gobierno que merece, que es totalmente distinto al que aún tiene.

No me rindo ante aquellos que quieren que caigamos en el desánimo. https://t.co/EOmIP12jcm",1500,485,1779,78912,191,0,0,1,-0.296,negative
1905326762747179192,NunezFeijoo,Alberto Nunez Feijoo,Thu Mar 27 18:31:14 +0000 2025,"Hoy hay un Gobierno que no está a la altura, pero en España también hay un pueblo al que siempre vale la pena servir. https://t.co/KEshQP66Re",729,299,463,23875,141,0,0,1,-0.296,negative
1904901813909750041,NunezFeijoo,Alberto Nunez Feijoo,Wed Mar 26 14:22:38 +0000 2025,"Señor Sánchez, el que necesita un kit de supervivencia es usted. https://t.co/WbPiXFppLn",1868,603,367,61475,88,0,0,1,0.0,neutral
1904853580986658983,NunezFeijoo,Alberto Nunez Feijoo,Wed Mar 26 11:10:58 +0000 2025,"O someterse a las Cortes o someterse a las urnas, son las dos únicas salidas dignas.

Por eso usted no escogerá ninguna. https://t.co/Dltailx9KN",2933,990,688,57969,144,0,0,1,-0.296,negative
1904840753173426538,NunezFeijoo,Alberto Nunez Feijoo,Wed Mar 26 10:20:00 +0000 2025,"Ustedes niegan a los enfermos de ELA la financiación con la excusa de los Presupuestos.

Y pretenden convencernos de que no los necesitan para inversiones milmillonarias en Defensa. https://t.co/9otNhrm0mR",1605,637,202,32370,205,0,0,1,-0.296,negative
1904837646938955908,NunezFeijoo,Alberto Nunez Feijoo,Wed Mar 26 10:07:39 +0000 2025,"Si usted cree que España necesita un Plan de Defensa y sus socios se lo bloquean, lo que necesita España es un Gobierno distinto al suyo. https://t.co/V753UssUgo",1997,724,387,50215,161,0,0,1,0.0,neutral
1904590436909355192,NunezFeijoo,Alberto Nunez Feijoo,Tue Mar 25 17:45:20 +0000 2025,"El deterioro de este Gobierno no tiene precedentes. 

Déjense de tacticismos. La subida del SMI la van a pagar entre empresas y trabajadores.

https://t.co/I1vA7NdlKr",606,257,481,28673,166,0,0,1,-0.296,negative
1904188958218518691,NunezFeijoo,Alberto Nunez Feijoo,Mon Mar 24 15:10:00 +0000 2025,La hipocresía de Sánchez en un minuto. https://t.co/zquoTNN0Er,1228,511,504,41622,62,0,0,1,0.0,neutral
1904179543742521382,NunezFeijoo,Alberto Nunez Feijoo,Mon Mar 24 14:32:35 +0000 2025,"Pido formalmente al Gobierno que:

·Lleve al Congreso su Plan de Defensa, si lo tiene. 
·Presente los Presupuestos Generales del Estado, como es su deber constitucional. 
·Convoque el debate del estado de la nación, para que retrate la soledad de un presidente zombi. https://t.co/eAR4KKExRX",1869,678,605,70612,291,0,0,1,0.0,neutral
1903803118023802973,NunezFeijoo,Alberto Nunez Feijoo,Sun Mar 23 13:36:48 +0000 2025,"España necesita un Plan Nacional del Agua, que contenga infraestructuras hídricas e hidráulicas, basado en cuestiones técnicas y sin planteamientos ideológicos. https://t.co/9Arlqeg7U3",1133,411,913,82294,184,0,0,1,-0.5574,negative
1903396015421419859,NunezFeijoo,Alberto Nunez Feijoo,Sat Mar 22 10:39:08 +0000 2025,"Todo el ánimo a los servicios de emergencias y organismos de cuenca que están trabajando en distintos puntos de España para protegernos. 

Sigamos sus consejos y actuemos con prudencia.",617,185,552,52242,185,0,0,0,0.0,neutral
1902707716339953915,NunezFeijoo,Alberto Nunez Feijoo,Thu Mar 20 13:04:04 +0000 2025,"La intransigencia del Gobierno ha desprotegido a nuestros ganaderos frente a la expansión incontrolada del lobo.

Nos comprometimos a revertirlo y hoy lo hemos conseguido.

Seguiremos defendiendo a nuestro sector primario en España y en Europa. Sin gritos ni aspavientos: con",666,303,580,46238,275,0,0,0,-0.296,negative
1902704176276070763,NunezFeijoo,Alberto Nunez Feijoo,Thu Mar 20 12:50:00 +0000 2025,"España necesita un Plan de Defensa, Seguridad y Soberanía.

Y tiene un presidente sin el apoyo de su Gobierno. https://t.co/q9pi9U4ZQz",752,355,368,26939,134,0,0,1,-0.5574,negative
1902699961512255541,NunezFeijoo,Alberto Nunez Feijoo,Thu Mar 20 12:33:15 +0000 2025,Pedro Sánchez no ha entendido nada. https://t.co/dZ9mIOUZeq,909,355,706,39638,59,0,0,1,-0.2584,negative
1902292713216544893,NunezFeijoo,Alberto Nunez Feijoo,Wed Mar 19 09:35:00 +0000 2025,"Sr. Sánchez, con lo que le gusta controlarlo todo, es mala suerte que no se entere de lo que le rodea. https://t.co/Yxqtfpuxym",1748,618,591,47346,126,0,0,1,-0.296,negative
1902288845510426765,NunezFeijoo,Alberto Nunez Feijoo,Wed Mar 19 09:19:38 +0000 2025,"En el contexto internacional más complicado en décadas, Sánchez lleva semanas dedicando más tiempo a la guerra del Grupo Prisa que a la guerra de Ucrania. https://t.co/gQAW5ms7RU",1040,407,293,82141,178,0,0,1,0.0,neutral
1902095326804398544,NunezFeijoo,Alberto Nunez Feijoo,Tue Mar 18 20:30:39 +0000 2025,"La defensa de la propiedad privada y la seguridad de los vecinos no admite amenazas ni presiones. El compromiso del @ppopular contra la okupación ilegal es firme.

Todo nuestro apoyo, @pp_BCN.",1224,475,490,68043,192,0,2,0,-0.296,negative
1900570113189020009,NunezFeijoo,Alberto Nunez Feijoo,Fri Mar 14 15:30:00 +0000 2025,"No puede haber acuerdos internacionales ni se pueden comprometer miles de millones de euros de espaldas a las Cortes.

Los españoles no lo merecen. https://t.co/2AUjhh2X2w",1112,404,796,43998,171,0,0,1,-0.5267,negative
1900560696242286850,NunezFeijoo,Alberto Nunez Feijoo,Fri Mar 14 14:52:35 +0000 2025,"Los aranceles son un error.

Todo aquello que perjudica a España tendrá respuesta del @ppopular. https://t.co/nAKViWz80o",495,224,564,69010,120,0,1,1,-0.4019,negative
1900222928282648646,NunezFeijoo,Alberto Nunez Feijoo,Thu Mar 13 16:30:25 +0000 2025,"Sánchez ha abierto las puertas del Palacio de la Moncloa a Bildu. Que disfruten la visita. 

Porque los tiempos de legitimación acabarán con este presidente.

En la España que viene no tendrán ese honor porque yo no se lo voy a conceder.",3166,783,2474,332008,237,0,0,0,0.296,positive
1900178784088973343,NunezFeijoo,Alberto Nunez Feijoo,Thu Mar 13 13:35:00 +0000 2025,"Toda Europa va a rearmarse.
España debe hacerlo también. https://t.co/NfcsvPaiNk",903,345,1175,122301,80,0,0,1,0.0,neutral
1900172444800811232,NunezFeijoo,Alberto Nunez Feijoo,Thu Mar 13 13:09:48 +0000 2025,"El PP está al servicio del Estado, NO al servicio de Sánchez.

Así es muy difícil. Así es imposible. https://t.co/4npo5yw2Ou",1589,570,854,64123,124,0,0,1,-0.4466,negative
1900169607974924779,NunezFeijoo,Alberto Nunez Feijoo,Thu Mar 13 12:58:32 +0000 2025,Tengo más información sobre seguridad y defensa por los primeros ministros de la UE que por el presidente del Gobierno de mi país. https://t.co/2Y60w1Idvn,2018,715,839,73961,154,0,0,1,0.0,neutral
1900076003575119954,NunezFeijoo,Alberto Nunez Feijoo,Thu Mar 13 06:46:35 +0000 2025,"Provechosa reunión con @sernauto para abordar los desafíos del sector de la automoción, pilar estratégico de la economía española.

La crisis de suministros, el aumento de los costes energéticos o los incentivos fiscales al I+D+i insuficientes son algunos de los retos a los que https://t.co/vb8TrTPwka",276,108,206,17559,302,0,1,1,-0.6249,negative
1899789918001611019,NunezFeijoo,Alberto Nunez Feijoo,Wed Mar 12 11:49:47 +0000 2025,"Me sumo a las reivindicaciones de la Policía Nacional y de la Guardia Civil ante el intento de desmantelar las políticas de control de fronteras, extranjería e inmigración.

Cuando más preocupa la seguridad en Europa, no se puede debilitar en Cataluña y en el resto de España. https://t.co/gssVeeTvcA",1599,518,683,69486,300,0,0,1,-0.296,negative
1899432977219658185,NunezFeijoo,Alberto Nunez Feijoo,Tue Mar 11 12:11:26 +0000 2025,"La sociedad española nunca olvidará el impacto del terrorismo. 

Dignidad, respeto y memoria para todas las víctimas. Su dolor es el nuestro. https://t.co/0CykRpOozs",1230,382,918,69957,165,0,0,1,0.0,neutral
1899207693673332740,NunezFeijoo,Alberto Nunez Feijoo,Mon Mar 10 21:16:14 +0000 2025,"Gracias a vosotros, Elsa. 

Me ha alegrado mucho saber que los jóvenes acogen con entusiasmo las propuestas del PP y, de hecho, eligen una de nuestro Plan de Vivienda como la más valorada para afrontar el problema de la vivienda.",343,124,223,33511,229,0,0,0,0.34,positive
1899081478220169614,NunezFeijoo,Alberto Nunez Feijoo,Mon Mar 10 12:54:42 +0000 2025,"Un Gobierno que juega con la seguridad del Estado no merece seguir gobernando.

Vamos a hacer todo lo posible para frenarlo. Y os garantizo que, si llega a producirse, lo revertiremos en cuanto lleguemos al Gobierno.

Podéis contar conmigo para defenderos. Siempre.",279,175,82,11813,265,0,0,0,-0.296,negative
1899081476571791658,NunezFeijoo,Alberto Nunez Feijoo,Mon Mar 10 12:54:41 +0000 2025,"Este pacto demuestra que Sánchez no tiene límites. Su único objetivo es seguir una semana más.

No hay precio que no pague.
No hay cesión que no justifique.
No hay institución que no subaste.

El Gobierno ha asumido el proyecto de sus socios de debilitar las políticas de Estado.",169,102,42,10003,279,0,0,0,-0.5892,negative
1899081474927702298,NunezFeijoo,Alberto Nunez Feijoo,Mon Mar 10 12:54:41 +0000 2025,"Y todo esto ocurre en el peor momento posible:

Europa refuerza su seguridad, pero Sánchez la debilita.

Europa busca una política migratoria común, pero Sánchez rompe la española.

El mundo enfrenta amenazas globales, pero Sánchez se entrega a quienes amenazan a España.",58,29,7,2425,271,0,0,0,0.0,neutral
1899081473124192646,NunezFeijoo,Alberto Nunez Feijoo,Mon Mar 10 12:54:41 +0000 2025,"Las fronteras y la seguridad son dos de los pilares fundamentales de cualquier Estado y este acuerdo:

· Debilita al Estado
· Nos hace perder soberanía
· Compromete la Seguridad Nacional
· Fomenta el descontrol migratorio
· Aumenta las desigualdades
· Fortalece al separatismo",98,53,10,3991,276,0,0,0,0.0,neutral
1899081471526158668,NunezFeijoo,Alberto Nunez Feijoo,Mon Mar 10 12:54:40 +0000 2025,"Me he reunido con 15 asociaciones de las FCSE para trasladarles mi apoyo tras la decisión del Gobierno de desmantelar el control de fronteras y la política migratoria.

No es un asunto más, no es un acuerdo más, ni es un momento cualquiera.",1109,430,560,53869,240,0,0,0,-0.5267,negative
1898750631155777959,NunezFeijoo,Alberto Nunez Feijoo,Sun Mar 09 15:00:02 +0000 2025,"Vamos a pelear para que Cataluña tenga una mejor financiación de sus servicios públicos. 

Queremos que los impuestos de los catalanes y del resto de los españoles no se tiren en el festín separatista ni en la compra de gobiernos aquí y allá por parte del PSOE. https://t.co/cTa2IBw6u9",543,197,517,29749,285,0,0,1,-0.296,negative
1898739066792808858,NunezFeijoo,Alberto Nunez Feijoo,Sun Mar 09 14:14:05 +0000 2025,"Mientras el mundo vive una encrucijada, España tiene al frente al presidente menos fiable de Europa.

¿Cómo vamos a trabajar en el fortalecimiento de la Unión con su debilidad parlamentaria, su debilidad de principios y su debilidad enfermiza por el poder? https://t.co/CA1c7KfRgI",1284,495,901,50576,280,0,0,1,0.0,neutral
1898277095572201709,NunezFeijoo,Alberto Nunez Feijoo,Sat Mar 08 07:38:22 +0000 2025,"Este 8M quiero recordar a mi primer gran referente: Eladia.

Una mujer que sacó adelante a ocho hijos y un negocio familiar y, aún así, tuvo tiempo de enseñarme mucho de lo que sé.

Allá donde estés, abuela, ¡feliz Día de la Mujer! #8Marzo https://t.co/jYXS4CzLq9",3471,554,1097,189851,263,1,0,1,0.0,neutral
1898018769613594648,NunezFeijoo,Alberto Nunez Feijoo,Fri Mar 07 14:31:52 +0000 2025,Los impuestos que pagan las mujeres españolas no deben pagar la contratación de mujeres prostituidas con dinero público. https://t.co/PMmDQUPPHF,748,300,684,45826,144,0,0,1,-0.296,negative
1898003954459374017,NunezFeijoo,Alberto Nunez Feijoo,Fri Mar 07 13:33:00 +0000 2025,"Ni una sola lección de quienes decían ‘Hermana, yo sí te creo’. https://t.co/YCmZw7pJ3o",1456,537,484,54280,87,0,0,1,0.0,neutral
1897691890767872332,NunezFeijoo,Alberto Nunez Feijoo,Thu Mar 06 16:52:58 +0000 2025,"Solo si la paz es justa será duradera.

Una paz injusta solo será un alto al fuego hasta la próxima agresión. https://t.co/5kshXzugA2",408,162,354,40123,133,0,0,1,0.0,neutral
1897690328670392467,NunezFeijoo,Alberto Nunez Feijoo,Thu Mar 06 16:46:46 +0000 2025,"Los compromisos que España adquiera sobre seguridad deben tener antes la autorización del Congreso.

Hace falta un Gobierno que tenga responsabilidad, lealtad y sentido de Estado. https://t.co/pBwDoEOThJ",470,200,353,33976,203,0,0,1,0.0,neutral
1897687341587746987,NunezFeijoo,Alberto Nunez Feijoo,Thu Mar 06 16:34:54 +0000 2025,"Hay muchas diferencias entre PP y Vox, pero cuando sea presidente yo sí recibiré al tercer partido de España.

Mi cordón sanitario será a uno de los socios de Sánchez: a Bildu.

Ni voy a confundir a los adversarios de mi partido ni voy a equivocarme con los enemigos de mi país.",4078,901,2836,697322,278,0,0,0,0.0,neutral
1897610301672997252,NunezFeijoo,Alberto Nunez Feijoo,Thu Mar 06 11:28:46 +0000 2025,"Reunión con @_FriedrichMerz. Le he felicitado tras la victoria de la @CDU.

Hablamos del contraste entre Alemania y España, donde el socialismo pierde elecciones y elige aferrarse al poder con los separatistas.

También abordamos la inversión en Defensa y la situación en Ucrania. https://t.co/nDE1cATvgB",592,171,831,78300,304,0,2,1,0.0,neutral
1897334668913205724,NunezFeijoo,Alberto Nunez Feijoo,Wed Mar 05 17:13:30 +0000 2025,Se ve que Podemos no conoce bien a los gallegos. Pero los gallegos sí conocemos bien a Podemos. https://t.co/4CTp02kRJw,4985,1125,805,429164,119,0,0,1,-0.296,negative
1897275706020909103,NunezFeijoo,Alberto Nunez Feijoo,Wed Mar 05 13:19:12 +0000 2025,"Las políticas de control de fronteras, de inmigración y de extranjería son elementos nucleares que definen a cualquier nación.

Por tanto, lo que se está comprometiendo es la seguridad nacional para que el actual presidente pueda seguir siéndolo. https://t.co/3ncQiRUISO",691,311,450,34681,270,0,0,1,0.0,neutral
1897254497493372997,NunezFeijoo,Alberto Nunez Feijoo,Wed Mar 05 11:54:56 +0000 2025,"El primer objetivo ha de ser rebajar la edad media del parque automovilístico español, que supera los 14 años.

Proponemos un Plan Renove en cooperación con las comunidades autónomas con ayudas para la compra de todo tipo de vehículos eficientes. https://t.co/u8fpiTkSvU",678,265,1444,220357,270,0,0,1,0.34,positive
1896925159799546213,NunezFeijoo,Alberto Nunez Feijoo,Tue Mar 04 14:06:15 +0000 2025,"Es un orgullo que España acoja el evento mundial más influyente de la conectividad y de la tecnología móvil.

Creo en un país más ambicioso y exigente, como el que muestra el Mobile.

Política de digitalización no es limitarse a llamar Transformación Digital a un ministerio. https://t.co/0Tiaj43GWZ",339,109,273,23932,299,0,0,1,-0.296,negative
1896643759460507845,NunezFeijoo,Alberto Nunez Feijoo,Mon Mar 03 19:28:04 +0000 2025,"Un autónomo no para de pagar impuestos desde que levanta la persiana. 

Su dinero no puede malgastarse en los caprichos de nadie. https://t.co/2pWTr8DAEu",1306,416,939,74888,153,0,0,1,-0.5267,negative
1896562079232143620,NunezFeijoo,Alberto Nunez Feijoo,Mon Mar 03 14:03:30 +0000 2025,"Los autónomos que ingresen menos de 12.000 euros no pagarán impuestos.

Los que ingresen más, podrán pagarlos y hacer la declaración una vez al año en lugar de cada tres meses. https://t.co/eKM2c9phYY",1642,516,825,289087,200,0,0,1,-0.296,negative
1896299811403628552,NunezFeijoo,Alberto Nunez Feijoo,Sun Mar 02 20:41:21 +0000 2025,"En contacto con el Presidente @LopezMirasF para interesarme por  la situación en Murcia por las lluvias y trasladar el apoyo a los equipos de emergencias que están trabajando. 

Mucha prudencia y atención a las recomendaciones.",634,191,385,61591,227,0,1,0,0.0,neutral
1895912189158179047,NunezFeijoo,Alberto Nunez Feijoo,Sat Mar 01 19:01:04 +0000 2025,"No quiero terminar el día sin antes felicitar el #DiaIllesBalears2025.

Celebramos la riqueza cultural, natural y el espíritu balear. Sigamos trabajando por construir una tierra estable y próspera. https://t.co/wP1OAjFQ5w",285,83,203,23698,221,1,0,1,-0.5106,negative
1895810002205753860,NunezFeijoo,Alberto Nunez Feijoo,Sat Mar 01 12:15:01 +0000 2025,"Me uno al pésame de la familia, amigos y del PSdeG, por la súbita muerte de la alcaldesa de Lugo.",520,102,81,42666,97,0,0,0,0.0,neutral
1895779906140979648,NunezFeijoo,Alberto Nunez Feijoo,Sat Mar 01 10:15:26 +0000 2025,"Buena conversación con el embajador de Ucrania, le he reiterado nuestro apoyo.

Ucrania merece respeto, ayuda y una paz justa y duradera. 

Europa y Ucrania hemos de seguir trabajando con nuestro aliado EEUU y encontrar la salida a esta guerra que sufre el pueblo ucraniano.",1960,576,1059,135718,274,0,0,0,0.0,neutral
1895545838149255608,NunezFeijoo,Alberto Nunez Feijoo,Fri Feb 28 18:45:20 +0000 2025,"Mala noticia para el mundo lo que acaba de ocurrir en la Casa Blanca. Solo beneficia al causante de la agresión. 

Ucrania merece ser escuchada y tener apoyo para una paz justa.",9604,1956,2586,640552,177,0,0,0,0.0,neutral
1895390087770513418,NunezFeijoo,Alberto Nunez Feijoo,Fri Feb 28 08:26:26 +0000 2025,"Hoy celebramos el Día de Andalucía. Historia, cultura y tradiciones que emocionan y tierra de vanguardia y crecimiento que llena de orgullo.

¡Felicidades a todos los andaluces! https://t.co/6ng7ZNntsj",1144,211,320,247354,201,0,0,1,0.0,neutral
1895224635677196304,NunezFeijoo,Alberto Nunez Feijoo,Thu Feb 27 21:28:59 +0000 2025,"Todo mi apoyo a @MariaCorinaYA.

La lucha democrática contra el régimen de Maduro sigue en pie.

España debe asumir el liderazgo en Europa en la defensa de la libertad.",2310,853,227,64326,168,0,1,0,0.0,neutral
1894676949353513156,NunezFeijoo,Alberto Nunez Feijoo,Wed Feb 26 09:12:40 +0000 2025,"Para la mayoría de España, la condena es usted. https://t.co/pNvI4ySPRM",1633,614,793,55217,71,0,0,1,0.0,neutral
1894356387360055681,NunezFeijoo,Alberto Nunez Feijoo,Tue Feb 25 11:58:52 +0000 2025,"La condonación de la deuda es una trampa y una injusticia.

No se condona nada, se compra el alquiler de la Moncloa con dinero público. https://t.co/WU974dNUzp",1660,657,539,48806,159,0,0,1,-0.296,negative
1894336820915110041,NunezFeijoo,Alberto Nunez Feijoo,Tue Feb 25 10:41:07 +0000 2025,"Ni toda crítica ni todo halago es machismo. 

Machismo es que el hombre pretenda prevalecer sobre  la mujer solo por el hecho de serlo. Basta de frivolizar con conductas que a veces cuestan vidas. 

Combatir el machismo es denunciarlo si lo hay en tu partido, no usarlo de comodín",2318,620,316,106451,280,0,0,0,-0.296,negative
1894071524052676993,NunezFeijoo,Alberto Nunez Feijoo,Mon Feb 24 17:06:56 +0000 2025,No puede creerse patriota dentro de España quien fuera la abandona. https://t.co/8Ll23jGKhH,748,335,660,118337,91,0,0,1,-0.296,negative
1894064913607201214,NunezFeijoo,Alberto Nunez Feijoo,Mon Feb 24 16:40:40 +0000 2025,"España no puede seguir siendo el país de la OTAN que menos porcentaje del PIB dedica a asegurar la protección y la seguridad de sus ciudadanos.

Tiene que explicarlo de forma inmediata en el Congreso de los Diputados. https://t.co/ivPA5XL7DH",650,289,300,27928,241,0,0,1,-0.296,negative
1893973827597603168,NunezFeijoo,Alberto Nunez Feijoo,Mon Feb 24 10:38:43 +0000 2025,"Es una buena noticia que en Alemania vaya a haber un canciller de la CDU, del PP Europeo, y que Frankenstein siga siendo un personaje de ficción. https://t.co/oyxoQXdGfY",866,271,820,104844,169,0,0,1,0.0,neutral
1893969868027805847,NunezFeijoo,Alberto Nunez Feijoo,Mon Feb 24 10:22:59 +0000 2025,"En Alemania se convocaron elecciones porque el Gobierno fue incapaz de aprobar los presupuestos.

Pedro Sánchez gobierna con unos presupuestos aprobados en 2022, en la legislatura pasada ya disuelta. https://t.co/rJIvYnncLX",1947,725,659,91747,223,0,0,1,0.0,neutral
1893793129100087607,NunezFeijoo,Alberto Nunez Feijoo,Sun Feb 23 22:40:41 +0000 2025,"Celebro que en Alemania haya cambio, que mi amigo @_FriedrichMerz se haya impuesto con claridad y que se legitime que gobierne el ganador. 

El de hoy es un gran paso para una UE que necesita afinar su rumbo con gobiernos capaces de dar certezas económicas y de seguridad.",1591,413,1309,429686,272,0,1,0,0.0,neutral
1892670443934372162,NunezFeijoo,Alberto Nunez Feijoo,Thu Feb 20 20:19:32 +0000 2025,"¡Enhorabuena, @JuanMa_Moreno!

Un reconocimiento merecido que refuerza la voz de Andalucía y España en Europa.",598,185,274,48621,110,0,1,0,0.0,neutral
1892621503864230378,NunezFeijoo,Alberto Nunez Feijoo,Thu Feb 20 17:05:04 +0000 2025,El mantenimiento de nuestros principios y del Estado de derecho son cuestiones irrenunciables para la UE y para España. https://t.co/xfVckRLK9c,575,269,435,34112,143,0,0,1,0.0,neutral
1892567048758182236,NunezFeijoo,Alberto Nunez Feijoo,Thu Feb 20 13:28:41 +0000 2025,"El Plan Moves III es una improvisación insuficiente.

No todo puede ser una maraña burocrática y fiscal que siempre perjudica al ciudadano. https://t.co/urUOGk3pdU",319,155,175,18787,163,0,0,1,-0.296,negative
1892313625005641989,NunezFeijoo,Alberto Nunez Feijoo,Wed Feb 19 20:41:40 +0000 2025,"La guerra en Ucrania la inició Rusia. Es una agresión contraria al Derecho Internacional. 

La paz es bienvenida, pero no puede beneficiar al agresor. 

La causa de Ucrania es la causa de Europa.",9363,2185,2311,998334,195,0,0,0,-0.296,negative
1892156449712664680,NunezFeijoo,Alberto Nunez Feijoo,Wed Feb 19 10:17:06 +0000 2025,¿Cómo van a respetar en el mundo al Gobierno de Sánchez? https://t.co/TLLaTMxqdg,1140,391,602,51639,80,0,0,1,0.0,neutral
1892136608213749878,NunezFeijoo,Alberto Nunez Feijoo,Wed Feb 19 08:58:16 +0000 2025,"Para lo que le interesa sí hay dinero, ¿no? https://t.co/wFLffWfTlZ",2268,834,432,100900,67,0,0,1,0.0,neutral
1891914327864578242,NunezFeijoo,Alberto Nunez Feijoo,Tue Feb 18 18:15:00 +0000 2025,"No se puede jugar con la seguridad, con los sectores productivos ni con el prestigio de España. https://t.co/QnH4rjMhia",476,232,276,19426,119,0,0,1,-0.296,negative
1891909910918496595,NunezFeijoo,Alberto Nunez Feijoo,Tue Feb 18 17:57:27 +0000 2025,El Partido Popular aprobará una ley de fiscalidad agraria para devolver su esfuerzo a los agricultores. https://t.co/K9CNWH6clD,528,232,358,22647,127,0,0,1,0.4215,positive
1891815873154875635,NunezFeijoo,Alberto Nunez Feijoo,Tue Feb 18 11:43:47 +0000 2025,"El momento es trascendente y debemos actuar con determinación, diplomacia e inteligencia.

Ucrania merece una paz justa y duradera. No sirve cualquier paz.

La Unión Europea debe exigirse más a sí misma. Urge priorizar nuestra seguridad estratégica y nuestra soberanía energética. https://t.co/qS7m4G5cm0",607,257,595,35577,304,0,0,1,-0.296,negative
1891391459032515047,NunezFeijoo,Alberto Nunez Feijoo,Mon Feb 17 07:37:18 +0000 2025,"Insultos entre ministros. El fiscal borra mensajes. Moncloa niega información a la jueza del caso del hermano de Sánchez.

Es difícil hacer política así.

Pese a ello, en enero hemos lanzado el #PlanValencia (12.000M€) y un Plan de Vivienda.

@elmundoes
https://t.co/8vOMocytr4",1036,485,986,60643,277,1,1,1,0.0,neutral
1890760474444300400,NunezFeijoo,Alberto Nunez Feijoo,Sat Feb 15 13:50:00 +0000 2025,"¿Por qué no está cesado el fiscal general del Estado?

¿Qué ocultaba para preferir quedar como sospechoso a los ojos de toda España? https://t.co/6IHflUnXgP",994,413,738,41936,156,0,0,1,-0.3736,negative
1890757564393980347,NunezFeijoo,Alberto Nunez Feijoo,Sat Feb 15 13:38:26 +0000 2025,"Mi mayor orgullo es poder seguir mirando a los ojos de la gente y sentir su cariño y confianza.

Otros no pueden pisar la calle. https://t.co/swfoSDh9K9",1534,481,1128,67414,152,0,0,1,-0.296,negative
1890086097683902832,NunezFeijoo,Alberto Nunez Feijoo,Thu Feb 13 17:10:16 +0000 2025,"Normalizar pactos de investidura con formaciones que llevan a asesinos en sus listas.

Amnistiar graves delitos contra el Estado para llegar al Gobierno.

Abrir las puertas del Congreso a un terrorista yihadista.

Todo ha pasado por primera vez con un presidente: Pedro Sánchez.",1462,651,479,76701,278,0,0,0,0.0516,positive
1890018082481176977,NunezFeijoo,Alberto Nunez Feijoo,Thu Feb 13 12:40:00 +0000 2025,"Los agricultores tienen razón. Seguiremos defendiéndoles de un Gobierno que les criminaliza.

Nuestro compromiso es repararles. https://t.co/dpw7bIRtMr",739,312,509,28370,151,0,0,1,0.0,neutral
1890013801954918506,NunezFeijoo,Alberto Nunez Feijoo,Thu Feb 13 12:22:59 +0000 2025,"El Gobierno pretende una subida encubierta de impuestos a los trabajadores.

Me comprometo a liberar a los trabajadores que cobran el SMI de pagar IRPF. https://t.co/j0oCYyNnY9",846,378,753,42995,176,0,0,1,0.0,neutral
1889783375394713911,NunezFeijoo,Alberto Nunez Feijoo,Wed Feb 12 21:07:21 +0000 2025,"Lleida me recibe con el mejor de sus sabores.

👉 Preparados para seguir defendiendo al campo. Mañana lo haremos en @nufriGroup. https://t.co/f3qKgX2Ecx",408,91,484,45650,151,0,1,1,0.0,neutral
1889607740055543895,NunezFeijoo,Alberto Nunez Feijoo,Wed Feb 12 09:29:27 +0000 2025,"¿Quedarse con la mitad de la subida del SMI es también ""progresismo"" y ""justicia social""? https://t.co/LNRAMjmyHQ",1193,509,554,38007,113,0,0,1,0.0,neutral
1889603620603146291,NunezFeijoo,Alberto Nunez Feijoo,Wed Feb 12 09:13:04 +0000 2025,Pida perdón y márchese.,1744,611,521,59769,23,0,0,0,0.0,neutral
1889598041868406941,NunezFeijoo,Alberto Nunez Feijoo,Wed Feb 12 08:50:54 +0000 2025,¿La actual estrategia del Gobierno de Sánchez? Eliminar WhatsApps y legislar en beneficio de un hombre en concreto y de una mujer en concreto. https://t.co/suQwaER85s,1699,685,385,41123,166,0,0,1,0.0,neutral
1889323506032156791,NunezFeijoo,Alberto Nunez Feijoo,Tue Feb 11 14:40:00 +0000 2025,¿Tenemos un Gobierno o una unidad de borrado de presuntos delitos? https://t.co/O9Y2GZvrs3,963,421,816,44663,90,0,0,1,0.0,neutral
1889318472901087596,NunezFeijoo,Alberto Nunez Feijoo,Tue Feb 11 14:20:00 +0000 2025,Ningún Gobierno de la Unión Europea redacta su propia amnistía y la promociona alegremente. https://t.co/QgVjgpRHAy,664,342,185,16833,115,0,0,1,0.0,neutral
1889313441619263896,NunezFeijoo,Alberto Nunez Feijoo,Tue Feb 11 14:00:00 +0000 2025,El salario mínimo no está para que el Gobierno haga caja con los trabajadores. Deben adaptar el IRPF a la subida. https://t.co/6DsBkoZHmb,952,447,301,30964,137,0,0,1,-0.296,negative
1889260871274184934,NunezFeijoo,Alberto Nunez Feijoo,Tue Feb 11 10:31:07 +0000 2025,Un Fiscal General del Estado no puede comportarse como un delincuente común. Debe irse. https://t.co/BhZBoO5cCm,1568,549,619,49390,111,0,0,1,-0.296,negative
1889244891911200954,NunezFeijoo,Alberto Nunez Feijoo,Tue Feb 11 09:27:37 +0000 2025,La subida del SMI tiene trampa: la van a pagar entre empresas y empleados. https://t.co/ve0BCQvRSP,889,379,316,38084,98,0,0,1,0.0,neutral
1889241502204735883,NunezFeijoo,Alberto Nunez Feijoo,Tue Feb 11 09:14:09 +0000 2025,"Sobre los aranceles pido diplomacia e inteligencia.

Ni la política de confrontación de Sánchez ni el silencio cómplice de Vox. https://t.co/cfMWhlTmXd",617,250,759,213350,151,0,0,1,0.0,neutral
1889004820331212858,NunezFeijoo,Alberto Nunez Feijoo,Mon Feb 10 17:33:39 +0000 2025,Sánchez necesita el poder para escapar de la Justicia. https://t.co/HnlARDjljo,1514,622,763,41957,78,0,0,1,0.0,neutral
1888618901132525701,NunezFeijoo,Alberto Nunez Feijoo,Sun Feb 09 16:00:09 +0000 2025,"Qué alentadoras palabras y qué valioso que se escuchen en los Premios Goya.

Recomiendo, por cierto, ver La infiltrada. No sólo por su reparto, dirección y producción. Sobre todo, porque es una película que nos reconcilia con la verdad.",4007,877,468,208940,236,0,0,0,-0.296,negative
1888612820909957421,NunezFeijoo,Alberto Nunez Feijoo,Sun Feb 09 15:35:59 +0000 2025,"Para la mayoría pseudoprogresista los menores extranjeros dejan de ser niños si se trata de negociar con el separatismo. 

¿Estos son los que dan lecciones de moralidad? https://t.co/FtxpBtfVt6",693,316,253,25526,193,0,0,1,0.0,neutral
1888606905523696127,NunezFeijoo,Alberto Nunez Feijoo,Sun Feb 09 15:12:29 +0000 2025,"La agenda del escándalo del Gobierno llena de contenido los telediarios, pero vacía los bolsillos de los españoles. https://t.co/FwHtSx366p",781,330,438,27952,139,0,0,1,0.0,neutral
1888599846157742505,NunezFeijoo,Alberto Nunez Feijoo,Sun Feb 09 14:44:26 +0000 2025,"Es necesaria una nueva financiación autonómica de acuerdo a las necesidades de todos y no del Uno. 

Y es necesario que esa reforma se haga simultáneamente con la de la financiación local. https://t.co/1EVofSD0Qb",669,316,263,27261,212,0,0,1,-0.296,negative
1888297205724799064,NunezFeijoo,Alberto Nunez Feijoo,Sat Feb 08 18:41:51 +0000 2025,A propósito del congreso de Bildu. https://t.co/ZqQAg6FKSA,776,420,279,70546,58,0,0,1,0.0,neutral
1887865847282012236,NunezFeijoo,Alberto Nunez Feijoo,Fri Feb 07 14:07:47 +0000 2025,"Ahorrar no es un crimen.
Ser propietario, tampoco.

Lo que es un crimen es impedirlo. https://t.co/0lzzHvXu10",1007,382,546,43235,109,0,0,1,-0.296,negative
1887860113538523404,NunezFeijoo,Alberto Nunez Feijoo,Fri Feb 07 13:45:00 +0000 2025,"Queremos que los jóvenes empiecen a ahorrar para su vivienda desde el primer día de su vida laboral.

Con la Hucha Hogar podrán hacerlo hasta los 40.000€ con deducciones en el IRPF del 20%. https://t.co/WmJta1JkAq",617,269,651,68812,213,0,0,1,0.0,neutral
1887854107152556170,NunezFeijoo,Alberto Nunez Feijoo,Fri Feb 07 13:21:08 +0000 2025,"España no necesita una guerra entre generaciones, sino un pacto entre ellas. https://t.co/xwuPhY3CHN",847,325,369,31399,100,0,0,1,-0.296,negative
1887526650620891213,NunezFeijoo,Alberto Nunez Feijoo,Thu Feb 06 15:39:56 +0000 2025,Ha dimitido un Sánchez Pérez-Castejón. Por algo se empieza. https://t.co/K7IJtdO3N9,2163,523,1318,297025,83,0,0,1,0.34,positive
1887503027151495188,NunezFeijoo,Alberto Nunez Feijoo,Thu Feb 06 14:06:04 +0000 2025,"Hombres contra mujeres.
Jóvenes contra mayores.
Empresarios contra trabajadores.
Propietarios contra inquilinos.

El Gobierno sólo sabe enfrentar y dividir. Nosotros vamos a construir. https://t.co/ULEGTavkd6",1597,534,990,77281,208,0,0,1,0.0,neutral
1887496169141518424,NunezFeijoo,Alberto Nunez Feijoo,Thu Feb 06 13:38:49 +0000 2025,"La falta de trabajadores en la construcción no puede ser un obstáculo para las viviendas que necesita España.

Proponemos un Plan Integral de Formación Profesional para los 700.000 empleos que necesita el sector. https://t.co/FrbQG7pWEc",678,295,380,31426,236,0,0,1,-0.296,negative
1886763465538207755,NunezFeijoo,Alberto Nunez Feijoo,Tue Feb 04 13:07:19 +0000 2025,En España no puede dar todo igual. https://t.co/I5cLhxAt2q,969,391,588,38155,58,0,0,1,-0.296,negative
1886755721569558680,NunezFeijoo,Alberto Nunez Feijoo,Tue Feb 04 12:36:32 +0000 2025,¿Datos macro? Hablemos de economía. https://t.co/Rw8FmgzaRT,1156,477,454,54364,59,0,0,1,0.0,neutral
1886720497280282779,NunezFeijoo,Alberto Nunez Feijoo,Tue Feb 04 10:16:34 +0000 2025,Punto y final. Se acabó el cuento del PSOE contra el PP. https://t.co/zptYauI8TP,2191,802,1081,171125,80,0,0,1,0.0,neutral
1886452087644430367,NunezFeijoo,Alberto Nunez Feijoo,Mon Feb 03 16:30:00 +0000 2025,"Lo que digo, lo hago. https://t.co/xwUHyWW0gH",821,385,1093,77556,45,0,0,1,0.296,positive
1886448311051108831,NunezFeijoo,Alberto Nunez Feijoo,Mon Feb 03 16:15:00 +0000 2025,Anularemos cada medida que el sanchismo ha utilizado para dividir a la sociedad. https://t.co/Rkej3mKsnK,1785,565,2088,134164,104,0,0,1,0.34,positive
1886444541063893095,NunezFeijoo,Alberto Nunez Feijoo,Mon Feb 03 16:00:01 +0000 2025,"Frente a su agenda del escándalo, nuestra agenda del cambio.

Que dejen de bloquearla. https://t.co/06pS0fA43Z",460,261,325,27022,110,0,0,1,0.0,neutral
1886443505993592958,NunezFeijoo,Alberto Nunez Feijoo,Mon Feb 03 15:55:54 +0000 2025,"Estamos a dos decretos de que conviertan una Comunidad Autónoma en un Estado. 

Una reflexión sobre las exigencias del independentismo: https://t.co/mmEWwyfjEO",716,333,254,35682,159,0,0,1,0.0,neutral
1885601911472046448,NunezFeijoo,Alberto Nunez Feijoo,Sat Feb 01 08:11:43 +0000 2025,"Felicidades, @JuanMa_Moreno, por lograr que todo el PPE apoye tu candidatura a presidir el Comité Europeo de las Regiones.

Andalucía, la fuerza del sur en España, será ahora la fuerza del sur en Europa, consolidando aún más el peso del @ppopular en la UE en un momento crucial.",855,248,474,79945,278,0,2,0,0.0,neutral
1885359562791735331,NunezFeijoo,Alberto Nunez Feijoo,Fri Jan 31 16:08:42 +0000 2025,"He tenido la suerte de ser presidente autonómico al mismo tiempo que @JLambanM. 

Desde la discrepancia, siempre he encontrado en él a un compañero respetuoso y a una persona que ponía a Aragón y a España por encima de todo. 

La política te echará de menos.",970,223,411,63099,258,0,1,0,0.0,neutral
1884985664430579781,NunezFeijoo,Alberto Nunez Feijoo,Thu Jan 30 15:22:58 +0000 2025,"No puede haber en España una generación perdida de la vivienda.

Ese es mi compromiso con los jóvenes. https://t.co/UGyHHOmTVB",574,247,871,62650,126,0,0,1,-0.296,negative
1884976109856661504,NunezFeijoo,Alberto Nunez Feijoo,Thu Jan 30 14:45:00 +0000 2025,"La burocracia no puede ser un freno al acceso a la vivienda.

Proponemos reducir el tiempo de construcción de 10 a 4 años.

Mañana registraremos nuestra Ley del Suelo. https://t.co/mRaUelLL8k",526,247,538,56313,191,0,0,1,-0.296,negative
1884971531773542864,NunezFeijoo,Alberto Nunez Feijoo,Thu Jan 30 14:26:48 +0000 2025,"El Gobierno no tiene ningún motivo confesable para seguir protegiendo al fiscal general.

Ni la institución, ni los fiscales honrados de este país merecen este descrédito. 

Es una vergüenza. https://t.co/CRQi0Zmn8S",794,323,504,31811,215,0,0,1,-0.296,negative
1884961774937526642,NunezFeijoo,Alberto Nunez Feijoo,Thu Jan 30 13:48:02 +0000 2025,"Sánchez querría el titular de que el PP se opone a las pensiones, pero es mentira. A lo que nos oponemos es a sus chantajes.

Votaremos en conciencia a favor de los pensionistas, de Valencia y de los usuarios del transporte público. https://t.co/JnDdQUOM1V",1294,489,1795,172060,256,0,0,1,0.4019,positive
1884886145126789360,NunezFeijoo,Alberto Nunez Feijoo,Thu Jan 30 08:47:31 +0000 2025,"Muchas felicidades a S.M. El Rey en el día de su cumpleaños. 

Por muchos más para seguir transmitiendo las señas de servicio, dedicación y modernidad que ya son intrínsecos a su reinado.",1064,218,371,61094,187,0,0,0,0.0,neutral
1884587522795200850,NunezFeijoo,Alberto Nunez Feijoo,Wed Jan 29 13:00:54 +0000 2025,Quisieron engañar a todos los españoles y les ha salido mal.,2228,743,3577,629933,60,0,0,0,0.34,positive
1884178352699011348,NunezFeijoo,Alberto Nunez Feijoo,Tue Jan 28 09:55:00 +0000 2025,¿Qué le importa más a Sánchez? Te lo explico. https://t.co/n8tJ71ayaH,942,385,842,49466,69,0,0,1,0.0,neutral
1884175247341150613,NunezFeijoo,Alberto Nunez Feijoo,Tue Jan 28 09:42:39 +0000 2025,Un país con las puertas abiertas a la inmigración irregular y cerradas a la inversión es un país condenado al fracaso. https://t.co/0ZqGRJm2pk,1772,514,1161,215642,142,0,0,1,0.0,neutral
1884126764084896233,NunezFeijoo,Alberto Nunez Feijoo,Tue Jan 28 06:30:00 +0000 2025,"Hoy Sánchez reúne al Consejo de Ministros.

Tiene los votos para aprobar por separado la subida de las pensiones, las ayudas a los valencianos y al transporte.

No hacerlo y alargar el sufrimiento de los españoles para intentar usarlo políticamente es de una amoralidad inaudita.",2459,788,759,150822,279,0,0,0,-0.296,negative
1883866057905180938,NunezFeijoo,Alberto Nunez Feijoo,Mon Jan 27 13:14:03 +0000 2025,"Sánchez no busca votos debajo de las piedras para ayudar a los pensionistas o a los valencianos.

Los busca en Suiza para seguir en el Gobierno. https://t.co/PYPyfEPx7G",1345,503,716,41730,168,0,0,1,-0.296,negative
1883861081535431011,NunezFeijoo,Alberto Nunez Feijoo,Mon Jan 27 12:54:16 +0000 2025,"Anuncio un nuevo acuerdo en las CCAA donde gobernamos:

🔹Ampliaremos la protección contra el Virus Respiratorio Sincitial.
🔹Se vacunará a los mayores en residencias.
🔹Y a personas trasplantadas y pacientes oncológicos.

Solucionamos problemas a los que no llega Sánchez. https://t.co/6XExvoq28n",792,312,1066,81717,294,0,0,1,-0.296,negative
1883832588135244061,NunezFeijoo,Alberto Nunez Feijoo,Mon Jan 27 11:01:03 +0000 2025,"Se cumplen 80 años de la liberación de Auschwitz, símbolo de la más cruda expresión del totalitarismo: el Holocausto.

Recordar a las víctimas de la barbarie es la mejor manera que tenemos para evitar que el odio vuelva a empujar a la humanidad a una atrocidad así.

#WeRemember",590,200,498,60208,278,1,0,0,0.0,neutral
1883810552394461305,NunezFeijoo,Alberto Nunez Feijoo,Mon Jan 27 09:33:29 +0000 2025,"Los españoles no pueden seguir siendo objeto de subasta por la supervivencia del Gobierno.

Esta legislatura no da más de sí. https://t.co/ETzchWHJtp",1655,587,1678,124921,149,0,0,1,-0.5267,negative
1883061972171968823,NunezFeijoo,Alberto Nunez Feijoo,Sat Jan 25 07:58:54 +0000 2025,"Os deseo lo mejor a quienes optáis hoy a una plaza de Formación Sanitaria Especializada. Sois el mejor futuro de nuestra Sanidad.

Seguimos reclamando al Gobierno que corrija el déficit de profesionales sanitarios.

#MIR #BIR #EIR #FIR #PIR #QIR #RFIR",729,221,630,405850,251,7,0,0,0.0,neutral
1882811127761154549,NunezFeijoo,Alberto Nunez Feijoo,Fri Jan 24 15:22:08 +0000 2025,"Sánchez quiere ahorrarse 1.600 millones al mes de las pensiones. No es la primera vez que votaría a favor de congelarlas.

El Senado aprobará la próxima semana la subida de las pensiones, la bonificación del abono transporte y las ayudas a Valencia. https://t.co/8hnKP2U8ca",2578,984,1470,304254,273,0,0,1,0.128,positive
1882783492570026282,NunezFeijoo,Alberto Nunez Feijoo,Fri Jan 24 13:32:19 +0000 2025,"Crearemos un seguro de impagos a cargo del Estado que ofrecerá tranquilidad a los propietarios y oportunidades a los inquilinos. Especialmente a los jóvenes.

El Gobierno ha legislado para dividir. Nosotros lo haremos para construir. https://t.co/6qAoec6sNM",1005,371,4217,2089992,257,0,0,1,0.34,positive
1882774961871605980,NunezFeijoo,Alberto Nunez Feijoo,Fri Jan 24 12:58:25 +0000 2025,"No se puede proteger al okupa y, a la vez, pedirle al propietario que ponga su vivienda en el mercado.

El Gobierno lleva casi un año bloqueando nuestra Ley Antiokupas. 

Hay una mayoría en el Congreso para aprobarla. Y debe hacerse ya. https://t.co/y80OPX9d24",1827,672,500,61443,260,0,0,1,-0.296,negative
1882427631293145318,NunezFeijoo,Alberto Nunez Feijoo,Thu Jan 23 13:58:15 +0000 2025,"El turismo no es un problema para España. La okupación ilegal sí lo es y este Gobierno lo ve al revés.

Nosotros ofrecemos soluciones y otros, populismo. https://t.co/K2F1P01sKW",1393,449,739,45362,177,0,0,1,-0.296,negative
1882398688603165039,NunezFeijoo,Alberto Nunez Feijoo,Thu Jan 23 12:03:15 +0000 2025,"SÍ a subir las pensiones. NO a regalar un palacete a un socio nacionalista.

SÍ a proteger a los valencianos. NO a proteger a los okupas.

SÍ a las ayudas al transporte. NO a subir el IVA de los alimentos y de la luz. https://t.co/C9YYn95jUI",8041,2426,2142,1075880,241,0,0,1,-0.8316,negative
1882063643656995090,NunezFeijoo,Alberto Nunez Feijoo,Wed Jan 22 13:51:54 +0000 2025,"Si no pueden gobernar, el colmo es que responsabilicen a la oposición.

Dejen de tomar el pelo a los españoles.",425,201,422,44295,111,0,0,0,-0.296,negative
1882063641698271612,NunezFeijoo,Alberto Nunez Feijoo,Wed Jan 22 13:51:53 +0000 2025,"Es miserable que el Gobierno mezcle a pensionistas, valencianos y vulnerables con chantajes de sus socios. 

El PP ha presentado iniciativas para subir pensiones, ayudar a Valencia, a los perceptores del IMV y al transporte. Que lo tramiten de urgencia hoy mismo.",511,254,286,43506,263,0,0,0,-0.2023,negative
1882063639391461819,NunezFeijoo,Alberto Nunez Feijoo,Wed Jan 22 13:51:53 +0000 2025,"Ya hemos tenido suficiente, @sanchezcastejon.

Sin capacidad para sacar presupuestos, reales decretos o leyes, y con más corrupción cada día, es inasumible seguir. 

Somos la cuarta nación de la UE. Si no gobierna, apártese.",374,181,151,47534,224,0,1,0,-0.7003,negative
1882063637495550456,NunezFeijoo,Alberto Nunez Feijoo,Wed Jan 22 13:51:52 +0000 2025,"Esta legislatura es ingobernable. 

Sin la confianza de la Cámara ni de la calle, el Gobierno ya solo puede aportar decadencia e inoperancia.

Que dejen en paz a los españoles. 
Que dejen paso al servicio público.",3500,1023,2337,655466,213,0,0,0,-0.5574,negative
1881814921610231817,NunezFeijoo,Alberto Nunez Feijoo,Tue Jan 21 21:23:34 +0000 2025,"En un momento en el que la mentira es la divisa habitual de esta política tóxica, hay que recordar a aquellos a los que asesinaron por decir la verdad sobre lo que sucedía en su tierra.

Siempre en nuestra memoria, querido Gregorio Ordóñez. https://t.co/trlws7yLZC",1152,416,536,139733,264,0,0,1,0.0,neutral
1881415336358199367,NunezFeijoo,Alberto Nunez Feijoo,Mon Jan 20 18:55:45 +0000 2025,"Mi felicitación a @realDonaldTrump el día de su toma de posesión como 47 Presidente de Estados Unidos. 

Muchos retos para cooperar con España, con la UE, en la OTAN y en cuestiones de política internacional. 

Creo en la importancia de la relación transatlántica.",2137,420,1267,146558,264,0,1,0,0.0,neutral
1881325820347547863,NunezFeijoo,Alberto Nunez Feijoo,Mon Jan 20 13:00:03 +0000 2025,"Hoy es Telefónica. Antes fueron muchas otras empresas públicas e instituciones.

España debe activar todas las alertas ante esta deriva antidemocrática. https://t.co/5pp86P87Zq",1778,641,1222,84733,176,0,0,1,0.0,neutral
1881316063838884023,NunezFeijoo,Alberto Nunez Feijoo,Mon Jan 20 12:21:17 +0000 2025,Buscando siete votos en Suiza han olvidado siete obligaciones con los valencianos. https://t.co/yo3flksfpL,1197,439,625,46232,106,0,0,1,0.0,neutral
1881300209633996950,NunezFeijoo,Alberto Nunez Feijoo,Mon Jan 20 11:18:17 +0000 2025,"Lo urgente en Valencia es la reconstrucción. El Gobierno ha renunciado.

Los valencianos necesitan un plan ambicioso para construir su futuro. Ya lo tenemos. https://t.co/ze0jia651v",833,338,558,36700,181,0,0,1,0.34,positive
1881069115244454191,NunezFeijoo,Alberto Nunez Feijoo,Sun Jan 19 20:00:00 +0000 2025,Lo sabían. https://t.co/vJqPqKc23V,1726,656,989,215907,34,0,0,1,0.0,neutral
1880693600549490892,NunezFeijoo,Alberto Nunez Feijoo,Sat Jan 18 19:07:50 +0000 2025,"No contento con colonizar las instituciones públicas, ahora también las empresas privadas. 

Por si alguien dudaba de la deriva antidemocrática de @sanchezcastejon.

Van a por todo, pero les pararemos entre todos.",5237,1325,2595,462843,213,0,1,0,-0.296,negative
1880647687412093101,NunezFeijoo,Alberto Nunez Feijoo,Sat Jan 18 16:05:24 +0000 2025,"En contacto con el presidente de Aragón @Jorge_Azcon para conocer la última hora del accidente en la estación de esquí de Astún.

Espero que los heridos se recuperen cuanto antes. Todo mi apoyo a los servicios de emergencia que están trabajando para atender a los afectados.",340,107,111,38279,274,0,1,0,0.0,neutral
1880613538924028351,NunezFeijoo,Alberto Nunez Feijoo,Sat Jan 18 13:49:42 +0000 2025,"En este encuentro hemos conseguido que la crisis de la vivienda se incluya dentro de las prioridades del @EPP.

El modelo de Sánchez se ha demostrado fracasado.

Tiene la oportunidad de copiar alguna de nuestras medidas como la rebaja fiscal a los jóvenes.

Se lo agradecerán. https://t.co/rPEKxn50rc",534,216,384,26400,300,0,1,1,-0.4019,negative
1880605589946220924,NunezFeijoo,Alberto Nunez Feijoo,Sat Jan 18 13:18:07 +0000 2025,"Europa ya no es ajena a la deriva antidemocrática del Gobierno de Sánchez.

El PPE equipara a España con Hungría en los ataques al Estado de derecho y se compromete a actuar con las medidas que sean necesarias para defenderlo.

El mensaje es claro: con la democracia no se juega. https://t.co/HrkU1tfMj5",1986,698,1610,173222,303,0,0,1,-0.5267,negative
1880307697733759212,NunezFeijoo,Alberto Nunez Feijoo,Fri Jan 17 17:34:24 +0000 2025,"El encuentro del @EPP es política que sirve. 

Los europeos pidieron a la Unión más competitividad. 

Los españoles, que se defienda al sector primario, las fronteras y el Estado de derecho. 

Manos a la obra. https://t.co/kRnHtV5yd6",492,195,486,41050,233,0,1,1,0.0,neutral
1879921940586271122,NunezFeijoo,Alberto Nunez Feijoo,Thu Jan 16 16:01:32 +0000 2025,Llevan 7 años en La Moncloa sin hacer nada. Su fracaso está acreditado. Nosotros sí tenemos una alternativa para arreglar el problema de la vivienda en España. https://t.co/Y3il1sAkmm,1296,462,1715,89642,183,0,0,1,-0.5574,negative
1879893399874187422,NunezFeijoo,Alberto Nunez Feijoo,Thu Jan 16 14:08:07 +0000 2025,Pido al Gobierno que escuche a los extremeños que reivindican la continuidad de la central nuclear de Almaraz. https://t.co/L8bV74lym5,800,284,331,44551,134,0,0,1,0.0,neutral
1879630171210498416,NunezFeijoo,Alberto Nunez Feijoo,Wed Jan 15 20:42:09 +0000 2025,"Esperamos que se confirme y mantenga el acuerdo de alto el fuego y liberación de rehenes entre Israel y Hamas. Es una buena noticia esperada mucho tiempo.

Ahora la necesaria ayuda humanitaria debe ser distribuida sin obstáculos.

Un paso adelante en la solución del conflicto.",461,169,241,32825,277,0,0,0,-0.5574,negative
1879132666248958204,NunezFeijoo,Alberto Nunez Feijoo,Tue Jan 14 11:45:14 +0000 2025,"La erosión democrática que sufre nuestro país es muy grave.

Ni yo habría nombrado a una ministra para dirigir la Fiscalía.

Ni a mí me duraría un minuto un Fiscal General del Estado imputado por el Tribunal Supremo. https://t.co/43O7hVNi6s",1569,573,1368,88524,240,0,0,1,0.0772,positive
1879123332613939537,NunezFeijoo,Alberto Nunez Feijoo,Tue Jan 14 11:08:09 +0000 2025,"La enorme burocracia en la producción de vivienda no puede seguir agravando esta crisis.

Cambiaremos la ley: las licencias se entenderán concedidas si las Administraciones no se pronuncian en plazo.

El Gobierno solo busca culpables a su fracaso. Nosotros ofrecemos soluciones. https://t.co/LCVAnejAxS",639,296,334,23097,302,0,0,1,-0.8176,negative
1906803687030468622,NunezFeijoo,Alberto Nunez Feijoo,Mon Mar 31 20:20:00 +0000 2025,"Frente a quienes desprecian la educación privada, aquí se demuestra que el mérito, el esfuerzo y la excelencia no se regalan.

Defender la libertad de elegir dónde formarse es clave para una sociedad más preparada y menos manipulable.

Gracias @ucomillas - ICADE por ser un foro https://t.co/0O0Dw1r87Y",715,227,297,35295,302,0,1,1,-0.2023,negative
1906798369059541178,NunezFeijoo,Alberto Nunez Feijoo,Mon Mar 31 19:58:52 +0000 2025,El Gobierno ataca a la universidad privada porque tiene miedo a la libertad de opinión. https://t.co/Ou5FXfgeY0,1484,491,470,44400,111,0,0,1,0.0,neutral
1906675388056735807,NunezFeijoo,Alberto Nunez Feijoo,Mon Mar 31 11:50:11 +0000 2025,"Seguimos con preocupación las noticias que nos llegan de la mina de Cerredo.

Todo el cariño para las familias de los mineros fallecidos, y nuestros deseos de pronta recuperación para los heridos. Nuestro pensamiento está con ellos.",506,159,94,21213,232,0,0,0,0.0,neutral
1906646775126950022,NunezFeijoo,Alberto Nunez Feijoo,Mon Mar 31 09:56:29 +0000 2025,"La autonomía estratégica, la revolución tecnológica y la Defensa son algunos de los grandes desafíos a los que se enfrentará España en los próximos años.

Todos estos asuntos de calado se debatirán en la V edición del Foro 'Wake up, Spain!' celebrado en Casa América, en el que https://t.co/8bSahDfrg2",255,105,126,12269,301,0,0,1,0.0,neutral
1906644102147379369,NunezFeijoo,Alberto Nunez Feijoo,Mon Mar 31 09:45:52 +0000 2025,"Vergüenza es que las asociaciones de jueces le tengan que recordar todo esto a una vicepresidenta. 

No está en condiciones de ser la número dos de ningún gobierno europeo. https://t.co/kvTgLaPFBb",5780,1843,881,232484,196,0,0,1,-0.296,negative
1906321031863644422,NunezFeijoo,Alberto Nunez Feijoo,Sun Mar 30 12:22:06 +0000 2025,"Sánchez y el PSOE no tienen palabra, principios, mayoría o presupuestos.

No tienen nada.

#27InterparlamentariaPP https://t.co/Kha0zn164L",1351,572,826,60929,138,1,0,1,-0.5267,negative
1906314106564448747,NunezFeijoo,Alberto Nunez Feijoo,Sun Mar 30 11:54:35 +0000 2025,"Exigiremos al Gobierno que rebaje el IRPF y que se aplique esta misma campaña de la Renta.

Ya está bien.

#27InterparlamentariaPP #PolíticaQueSirve https://t.co/ih1CV8R2uG",972,414,485,87322,172,2,0,1,0.0,neutral
1878739748136882504,NunezFeijoo,Alberto Nunez Feijoo,Mon Jan 13 09:43:55 +0000 2025,"La ley de impunidad a medida para la familia y el entorno de Sánchez es propia de un régimen dictatorial y no de una democracia europea.

Por supuesto.

Los representantes políticos nos debemos a la ley, al Estado de derecho y al interés general. https://t.co/3x9VqL9fIu",1545,556,616,47610,270,0,0,1,-0.296,negative
1878739131511320827,NunezFeijoo,Alberto Nunez Feijoo,Mon Jan 13 09:41:28 +0000 2025,"Las CCAA gobernadas por el PP ayudarán a los jóvenes en el acceso a la vivienda con una bajada del ITP al 4%.

Es un esfuerzo importante. El Gobierno debería hacer lo propio y bajar el IVA de la compra al 4% en toda España. Así lo exige esta situación de emergencia nacional. https://t.co/UMBSRoH4bz",916,389,444,80379,299,0,0,1,0.0,neutral
1878429752194678922,NunezFeijoo,Alberto Nunez Feijoo,Sun Jan 12 13:12:07 +0000 2025,"La emergencia en el acceso a la vivienda ya existe. Lo que no existe es un Gobierno que sirva para ofrecer soluciones. 

El @ppopular sí las tiene y no vamos a esperar a ponerlas en marcha.

Esta es la #PolíticaQueSirve https://t.co/UqGOMNQobB",1385,736,759,105030,243,1,1,1,-0.5267,negative
1878426761559511312,NunezFeijoo,Alberto Nunez Feijoo,Sun Jan 12 13:00:14 +0000 2025,"Este Gobierno merece la mayor de las oposiciones. Los españoles merecen la mejor alternativa. 

El @ppopular es la única garantía de ambas cosas. 

Que ellos se queden en el pasado. Nosotros vamos a algo mucho más importante: un futuro en el que los ciudadanos puedan vivir mejor. https://t.co/bGF9yNEJRh",1168,501,1258,67697,304,0,1,1,0.0,neutral
1878411447639638395,NunezFeijoo,Alberto Nunez Feijoo,Sun Jan 12 11:59:22 +0000 2025,"Sánchez ha pasado del “vamos a colaborar con la Justicia” a aprobar una ley para que no juzguen a su entorno. 

No hay más preguntas: si no las haces, no las temes.

El ataque al Poder Judicial no tiene precedentes y es un disparate. https://t.co/le9faG8AXP",2830,1133,855,86390,257,0,0,1,-0.765,negative
1878155119201497546,NunezFeijoo,Alberto Nunez Feijoo,Sat Jan 11 19:00:49 +0000 2025,"Pocas imágenes son tan buenas embajadoras del gran país que somos como la que nos deja hoy la partida de Elcano desde Cádiz.

Emocionante mezcla de emoción, orgullo y respeto por España.

¡Buen viento y buena mar a la Princesa Leonor y a todos sus compañeros guardiamarinas! https://t.co/lM5FhIfG8v",3953,645,669,214271,298,0,0,1,0.0,neutral
1877701175115415678,NunezFeijoo,Alberto Nunez Feijoo,Fri Jan 10 12:57:00 +0000 2025,"Ley de impunidad para la familia socialista.

La idea tuvo que venir en alguna de las maletas venezolanas.

https://t.co/otxcYW6qb0",4535,1550,1312,152448,131,0,0,1,0.0,neutral
1877451165656363422,NunezFeijoo,Alberto Nunez Feijoo,Thu Jan 09 20:23:33 +0000 2025,"El tirano teme a una mujer valiente, la imagen de la libertad en Venezuela. 

Exigimos la inmediata liberación de María Corina y que todos los demócratas, incluido el Gobierno de España, hagan entender al régimen que su tiempo terminó.
La dictadura debe dejar paso a la democracia",4200,1493,411,142301,280,0,0,0,0.0,neutral
1877351116473774203,NunezFeijoo,Alberto Nunez Feijoo,Thu Jan 09 13:46:00 +0000 2025,Lo urgente es el presente. Los valencianos no pueden esperar más. https://t.co/ZYtHFpnScV,849,369,576,63914,89,0,0,1,-0.296,negative
1877350315852275996,NunezFeijoo,Alberto Nunez Feijoo,Thu Jan 09 13:42:49 +0000 2025,"Sánchez lleva meses sin acudir a Valencia tras las riadas. Igual necesita que se lo pidan.

Reitero al Gobierno la solicitud de mayor compromiso con esta tierra. No pueden seguir dejando sola a la Generalitat en la reconstrucción.

Nosotros nunca dejaremos solos a los valencianos https://t.co/dzHdYmCtCa",951,317,669,35977,304,0,0,1,-0.7003,negative
1876612981007823039,NunezFeijoo,Alberto Nunez Feijoo,Tue Jan 07 12:52:55 +0000 2025,#PolíticaQueSirve,277,139,335,32363,17,1,0,0,0.0,neutral
1876236672431693907,NunezFeijoo,Alberto Nunez Feijoo,Mon Jan 06 11:57:36 +0000 2025,"El pueblo venezolano llenó las urnas de votos por la libertad y contra la tiranía. El 9 de enero llenará las calles de esperanza.

Ellos siguen alzando la voz, y los demócratas debemos seguir a su lado. Sin vacilaciones y con convicción.

No estáis solos.",4242,1759,435,104208,255,0,0,0,-0.7003,negative
1875150483947753687,NunezFeijoo,Alberto Nunez Feijoo,Fri Jan 03 12:01:28 +0000 2025,"Lamento la pérdida de Francesc Antich, un hombre que trabajó por la consolidación de la autonomía de Baleares.

Mi pésame a su familia, amigos y compañeros.",214,67,170,21916,156,0,0,0,0.0,neutral
1906803687030468622,NunezFeijoo,Alberto Nunez Feijoo,Mon Mar 31 20:20:00 +0000 2025,"Frente a quienes desprecian la educación privada, aquí se demuestra que el mérito, el esfuerzo y la excelencia no se regalan.

Defender la libertad de elegir dónde formarse es clave para una sociedad más preparada y menos manipulable.

Gracias @ucomillas - ICADE por ser un foro https://t.co/0O0Dw1r87Y",715,227,297,35295,302,0,1,1,-0.2023,negative
1906798369059541178,NunezFeijoo,Alberto Nunez Feijoo,Mon Mar 31 19:58:52 +0000 2025,El Gobierno ataca a la universidad privada porque tiene miedo a la libertad de opinión. https://t.co/Ou5FXfgeY0,1484,491,470,44400,111,0,0,1,0.0,neutral
1906675388056735807,NunezFeijoo,Alberto Nunez Feijoo,Mon Mar 31 11:50:11 +0000 2025,"Seguimos con preocupación las noticias que nos llegan de la mina de Cerredo.

Todo el cariño para las familias de los mineros fallecidos, y nuestros deseos de pronta recuperación para los heridos. Nuestro pensamiento está con ellos.",506,159,94,21213,232,0,0,0,0.0,neutral
1906646775126950022,NunezFeijoo,Alberto Nunez Feijoo,Mon Mar 31 09:56:29 +0000 2025,"La autonomía estratégica, la revolución tecnológica y la Defensa son algunos de los grandes desafíos a los que se enfrentará España en los próximos años.

Todos estos asuntos de calado se debatirán en la V edición del Foro 'Wake up, Spain!' celebrado en Casa América, en el que https://t.co/8bSahDfrg2",255,105,126,12269,301,0,0,1,0.0,neutral
1906644102147379369,NunezFeijoo,Alberto Nunez Feijoo,Mon Mar 31 09:45:52 +0000 2025,"Vergüenza es que las asociaciones de jueces le tengan que recordar todo esto a una vicepresidenta. 

No está en condiciones de ser la número dos de ningún gobierno europeo. https://t.co/kvTgLaPFBb",5779,1843,881,232486,196,0,0,1,-0.296,negative
1906321031863644422,NunezFeijoo,Alberto Nunez Feijoo,Sun Mar 30 12:22:06 +0000 2025,"Sánchez y el PSOE no tienen palabra, principios, mayoría o presupuestos.

No tienen nada.

#27InterparlamentariaPP https://t.co/Kha0zn164L",1351,572,826,60929,138,1,0,1,-0.5267,negative
1906314106564448747,NunezFeijoo,Alberto Nunez Feijoo,Sun Mar 30 11:54:35 +0000 2025,"Exigiremos al Gobierno que rebaje el IRPF y que se aplique esta misma campaña de la Renta.

Ya está bien.

#27InterparlamentariaPP #PolíticaQueSirve https://t.co/ih1CV8R2uG",972,414,485,87322,172,2,0,1,0.0,neutral
1906114332540448880,NunezFeijoo,Alberto Nunez Feijoo,Sat Mar 29 22:40:45 +0000 2025,"Lamentamos el fallecimiento de Antonio Benítez Manosalbas. 

Su legado en el mundo del flamenco y su pasión por Jerez quedarán siempre en el recuerdo.",154,42,62,19102,150,0,0,0,0.0,neutral
1906002706491228446,NunezFeijoo,Alberto Nunez Feijoo,Sat Mar 29 15:17:11 +0000 2025,"Gracias, Juanma, por la gran acogida en Sevilla.

Eres ejemplo de honestidad y buen gobierno. Has convertido esta tierra en un referente de crecimiento y futuro.",408,117,397,29959,161,0,0,0,0.0,neutral
1905983840591495252,NunezFeijoo,Alberto Nunez Feijoo,Sat Mar 29 14:02:13 +0000 2025,"Hoy comienza la #27InterparlamentariaPP.

Una oportunidad para hablar de España y poner en valor el trabajo parlamentario del @ppopular para hacer frente a los problemas de las personas.

#PolíticaQueSirve https://t.co/iI9eBRirwK",874,339,599,132284,229,2,1,1,0.0,neutral
1905619821447766055,NunezFeijoo,Alberto Nunez Feijoo,Fri Mar 28 13:55:44 +0000 2025,"No voy a compartir las imágenes de la agresión a un menor con discapacidad intelectual porque duele verlas. Pero no quiero ignorarlas. 

Ilustran un fracaso colectivo y nos convocan a todos: administraciones, colegios y familias. Eduquemos y vigilemos para que no vuelva a ocurrir",2001,490,524,73210,280,0,0,0,-0.6808,negative
1905585998890778920,NunezFeijoo,Alberto Nunez Feijoo,Fri Mar 28 11:41:20 +0000 2025,"Una chapuza.

La propuesta del PP no limitaba la exención a 2025 y liberaba de la declaración de la renta a quien solo percibe el SMI. Ahora les podrá salir a pagar.

Sumar coincidía, pero parece que prefieren el sillón y ceden a la voracidad fiscal del PSOE, que ha disparado la",953,430,323,62635,279,0,0,0,0.0516,positive
1905381427891273837,NunezFeijoo,Alberto Nunez Feijoo,Thu Mar 27 22:08:27 +0000 2025,"Claro que los gallegos tenemos sentido del humor 😉

Feliz cumpleaños, @marianorajoy https://t.co/ATopNVFtsG",1197,253,308,63402,107,0,1,1,0.2732,positive
1905337984930496993,NunezFeijoo,Alberto Nunez Feijoo,Thu Mar 27 19:15:49 +0000 2025,"Estoy aquí para darle a España el Gobierno que merece, que es totalmente distinto al que aún tiene.

No me rindo ante aquellos que quieren que caigamos en el desánimo. https://t.co/EOmIP12jcm",1500,485,1779,78912,191,0,0,1,-0.296,negative
1905326762747179192,NunezFeijoo,Alberto Nunez Feijoo,Thu Mar 27 18:31:14 +0000 2025,"Hoy hay un Gobierno que no está a la altura, pero en España también hay un pueblo al que siempre vale la pena servir. https://t.co/KEshQP66Re",729,299,463,23875,141,0,0,1,-0.296,negative
1904901813909750041,NunezFeijoo,Alberto Nunez Feijoo,Wed Mar 26 14:22:38 +0000 2025,"Señor Sánchez, el que necesita un kit de supervivencia es usted. https://t.co/WbPiXFppLn",1868,603,367,61475,88,0,0,1,0.0,neutral
1904853580986658983,NunezFeijoo,Alberto Nunez Feijoo,Wed Mar 26 11:10:58 +0000 2025,"O someterse a las Cortes o someterse a las urnas, son las dos únicas salidas dignas.

Por eso usted no escogerá ninguna. https://t.co/Dltailx9KN",2933,990,688,57969,144,0,0,1,-0.296,negative
1904840753173426538,NunezFeijoo,Alberto Nunez Feijoo,Wed Mar 26 10:20:00 +0000 2025,"Ustedes niegan a los enfermos de ELA la financiación con la excusa de los Presupuestos.

Y pretenden convencernos de que no los necesitan para inversiones milmillonarias en Defensa. https://t.co/9otNhrm0mR",1605,637,202,32370,205,0,0,1,-0.296,negative
1904837646938955908,NunezFeijoo,Alberto Nunez Feijoo,Wed Mar 26 10:07:39 +0000 2025,"Si usted cree que España necesita un Plan de Defensa y sus socios se lo bloquean, lo que necesita España es un Gobierno distinto al suyo. https://t.co/V753UssUgo",1997,724,387,50215,161,0,0,1,0.0,neutral
1904590436909355192,NunezFeijoo,Alberto Nunez Feijoo,Tue Mar 25 17:45:20 +0000 2025,"El deterioro de este Gobierno no tiene precedentes. 

Déjense de tacticismos. La subida del SMI la van a pagar entre empresas y trabajadores.

https://t.co/I1vA7NdlKr",606,257,481,28673,166,0,0,1,-0.296,negative
1939745758640537633,NunezFeijoo,Alberto Nunez Feijoo,Mon Jun 30 18:00:02 +0000 2025,"Hace tres años recibí el encargo de reunificar un PP en apuros para volver a cosechar victorias electorales. 

@cucagamarra me ayudó desde el primer día a conseguirlo. Por eso dará relevo como Secretaria General, pero seguirá jugando en mi equipo.",1811,326,922,224556,247,0,1,0,0.0,neutral
1939667083341815910,NunezFeijoo,Alberto Nunez Feijoo,Mon Jun 30 12:47:24 +0000 2025,"La persona que Sánchez ratificó personalmente como número dos hace seis meses irá hoy a prisión sin fianza, acusado de organización criminal y cohecho, entre otros cargos. 

Si esto no merece una dimisión y unas elecciones, es que ya carece de cualquier sentido de la realidad.",9512,2432,1815,535219,277,0,0,0,-0.8481,negative
1938924461908017547,NunezFeijoo,Alberto Nunez Feijoo,Sat Jun 28 11:36:29 +0000 2025,"Os dejo mi entrevista de la semana pasada en @LaOtraCronica.

#OrgulloyPPunto https://t.co/QbVJ5oXbbw",538,188,997,83440,101,1,1,1,0.0,neutral
1938839277988979171,NunezFeijoo,Alberto Nunez Feijoo,Sat Jun 28 05:58:00 +0000 2025,No se puede discriminar a nadie por amar a quien ha elegido amar. #OrgulloyPPunto https://t.co/HZdyQZ7axM,3560,578,3653,4197208,105,1,0,1,0.0516,positive
1938199218000433225,NunezFeijoo,Alberto Nunez Feijoo,Thu Jun 26 11:34:38 +0000 2025,"La autoamnistía es ilegal, inmoral y un obús contra la separación de poderes transaccionada por el imputado Santos Cerdán. https://t.co/fQPuFwyQ99",2134,708,1074,86726,146,0,0,1,0.0,neutral
1938193020001636701,NunezFeijoo,Alberto Nunez Feijoo,Thu Jun 26 11:10:00 +0000 2025,La corrupción que rodea a Sánchez es una preocupación generalizada en la UE. https://t.co/OGjtGJmObW,1021,365,759,36880,100,0,0,1,0.0,neutral
1938188922993168621,NunezFeijoo,Alberto Nunez Feijoo,Thu Jun 26 10:53:43 +0000 2025,"Sánchez avaló con su voto y con su firma en la OTAN el 5% del PIB en Defensa y a los españoles nos dijo que invertiría el 2,1%.

No se puede engañar a todos todo el tiempo. https://t.co/1lxunAwd41",1765,540,772,99728,196,0,0,1,-0.296,negative
1938145668020818376,NunezFeijoo,Alberto Nunez Feijoo,Thu Jun 26 08:01:50 +0000 2025,"Reunión previa al EPP Summit con el canciller de Alemania, @_FriedrichMerz.

El trabajo conjunto entre el Partido Popular y la @CDU es más importante que nunca para alcanzar una Europa más libre y próspera. https://t.co/C7DdQlkLSK",592,218,483,39373,230,0,2,1,0.4215,positive
1937883623572566166,NunezFeijoo,Alberto Nunez Feijoo,Wed Jun 25 14:40:34 +0000 2025,"La farsa terminó.

Sánchez firmó el 5%.
https://t.co/tm7VLnDWJU",12940,2992,2397,2326479,63,0,0,1,0.0,neutral
1937460395561656430,NunezFeijoo,Alberto Nunez Feijoo,Tue Jun 24 10:38:49 +0000 2025,España necesita despertar de la pesadilla en la que estamos viviendo. https://t.co/V8LtLY7xLt,1293,410,1676,120040,93,0,0,1,0.0,neutral
1937433203880657182,NunezFeijoo,Alberto Nunez Feijoo,Tue Jun 24 08:50:46 +0000 2025,Sánchez no debería representar hoy a España ante la OTAN. https://t.co/uMUxdCxDBo,1598,472,1327,1040837,81,0,0,1,-0.296,negative
1937089498833175029,NunezFeijoo,Alberto Nunez Feijoo,Mon Jun 23 10:05:00 +0000 2025,"No me faltan ganas de presentar una moción de censura, me faltan votos. https://t.co/HSv7myeycs",2365,427,2455,469911,95,0,0,1,-0.296,negative
1937085723246788809,NunezFeijoo,Alberto Nunez Feijoo,Mon Jun 23 09:50:00 +0000 2025,"Sánchez va a asumir un incremento de más de 13.000 millones de euros, en gasto militar. https://t.co/NhXlWuJ3qZ",458,177,327,49710,111,0,0,1,0.0,neutral
1937081948985324018,NunezFeijoo,Alberto Nunez Feijoo,Mon Jun 23 09:35:00 +0000 2025,"Incrementaremos otra vez las penas por malversación, los indultos por corrupción política se prohibirán y repondremos el delito de sedición y referéndum ilegal.

Es nuestro compromiso con los españoles. https://t.co/ETx5rYLfrD",1433,441,870,113475,226,0,0,1,0.0,neutral
1937078341485691369,NunezFeijoo,Alberto Nunez Feijoo,Mon Jun 23 09:20:40 +0000 2025,Derogaremos aquellas leyes que atenten contra la separación de poderes. https://t.co/3kqA9hbJrk,1502,483,1170,241444,95,0,0,1,0.0,neutral
1936847733844783514,NunezFeijoo,Alberto Nunez Feijoo,Sun Jun 22 18:04:19 +0000 2025,"La prensa internacional mantiene que el objetivo final sigue siendo el 5 %. Sánchez debe contestar a todas las dudas que están surgiendo. No puede pretender seguir mintiendo a todo el mundo.

La política exterior es algo serio, no una cortina de humo para tapar la corrupción.",1013,266,450,239384,276,0,0,0,-0.5267,negative
1936847687476777141,NunezFeijoo,Alberto Nunez Feijoo,Sun Jun 22 18:04:08 +0000 2025,"Propaganda al margen, lo que Sánchez acaba de decir es que va a comprometer el gasto militar para los próximos diez años, sin presupuestos y sin pasar por el Congreso. O sea, ha acordado que España pague, pero cuando él ya no esté. Patada para delante.",9168,1746,1408,1567530,252,0,0,0,-0.8402,negative
1936722672907391432,NunezFeijoo,Alberto Nunez Feijoo,Sun Jun 22 09:47:22 +0000 2025,Compartimos la posición de la Unión Europea de que todas las partes den un paso atrás. E Irán debe volver a la mesa de negociación para alcanzar una solución que garantice que no desarrollará armas nucleares.,181,74,203,72093,208,0,0,0,-0.296,negative
1936708257873064389,NunezFeijoo,Alberto Nunez Feijoo,Sun Jun 22 08:50:05 +0000 2025,"La estabilidad de Oriente Medio es una prioridad irrenunciable. La situación sigue siendo volátil y debe evitarse una escalada generalizada.

La diplomacia es la vía.",629,178,742,192823,166,0,0,0,0.0,neutral
1936303071430152242,NunezFeijoo,Alberto Nunez Feijoo,Sat Jun 21 06:00:01 +0000 2025,"Por un futuro cercano en el que las reclamaciones de @pons_sabate  y el resto de enfermos de #ELA se vean satisfechas dotando la ley de medios y recursos. 

Todos juntos en la lucha con la ELA. https://t.co/ghTPeiO9Zl",3263,620,1089,448158,217,1,1,1,0.0,neutral
1936035587502326015,NunezFeijoo,Alberto Nunez Feijoo,Fri Jun 20 12:17:08 +0000 2025,El presidente del Gobierno no sale de La Moncloa y la Guardia Civil entra en la sede del Partido Socialista. https://t.co/Owe0mXy3Ox,2602,886,938,85283,132,0,0,1,-0.296,negative
1935766142926131421,NunezFeijoo,Alberto Nunez Feijoo,Thu Jun 19 18:26:27 +0000 2025,"Quiero mandar un abrazo a la @AndaluciaJunta y, especialmente, a la familia @PPCatalunya por la triste pérdida de Esperanza García.

Una mujer íntegra que defendió nuestras ideas en momentos difíciles. Mi pésame a su familia, y mi gratitud al @parlamentcat por el reconocimiento.",673,121,106,53037,279,0,3,0,0.0,neutral
1935711014160408806,NunezFeijoo,Alberto Nunez Feijoo,Thu Jun 19 14:47:24 +0000 2025,"Llevo tres actos públicos hoy y constato que la pornocorrupción del Gobierno ocupa toda la conversación en un país que debe dedicarse a los problemas de la gente. 

No es Sánchez quien debe elegir entre una agonía larga o corta. 

Tienen que elegir los ciudadanos en las urnas.",3020,738,1700,190272,277,0,0,0,-0.296,negative
1935385391466475606,NunezFeijoo,Alberto Nunez Feijoo,Wed Jun 18 17:13:29 +0000 2025,"Alcaldes y concejales se han concentrado para pedir una financiación justa porque el Gobierno los ignora: son la administración más cercana, la que presta servicios que ni siquiera le competen. 

Los ayuntamientos tendrán todo mi apoyo como piezas clave del Gobierno de España. https://t.co/CYugBLtbjQ",922,389,443,50646,301,0,0,1,0.0,neutral
1935245163116306640,NunezFeijoo,Alberto Nunez Feijoo,Wed Jun 18 07:56:16 +0000 2025,"Ábalos fue el principio, pero Cerdán no es el final. https://t.co/dtZawuTols",1865,625,820,368213,76,0,0,1,-0.296,negative
1935240482050736155,NunezFeijoo,Alberto Nunez Feijoo,Wed Jun 18 07:37:40 +0000 2025,La única carta que esperan los españoles es la de su dimisión. https://t.co/h43jU6U9EZ,2921,832,974,83526,86,0,0,1,0.0,neutral
1934929246109266076,NunezFeijoo,Alberto Nunez Feijoo,Tue Jun 17 11:00:56 +0000 2025,Sánchez tiene que comparecer mañana. https://t.co/EoEN1GVqKT,579,244,366,25222,60,0,0,1,0.0,neutral
1934906632657363259,NunezFeijoo,Alberto Nunez Feijoo,Tue Jun 17 09:31:04 +0000 2025,"Primera carta: su mujer imputada.
Segunda carta: su mujer va a declarar.
Tercera carta: su número 2 y 3 en el Tribunal Supremo.

A más corrupción del PSOE, más cartas de Pedro Sánchez. https://t.co/un1hN3uxGi",5509,1573,1294,221727,208,0,0,1,0.4404,positive
1934891263452696952,NunezFeijoo,Alberto Nunez Feijoo,Tue Jun 17 08:30:00 +0000 2025,Nuestro objetivo es conseguir 10 millones de votos y gobernar en solitario porque creemos que es importante para el país. https://t.co/L0FZyAkNNZ,1809,485,3446,428640,145,0,0,1,0.0,neutral
1934888562383536288,NunezFeijoo,Alberto Nunez Feijoo,Tue Jun 17 08:19:16 +0000 2025,Una moción de censura ahora está abocada al fracaso porque requiere mayoría absoluta. https://t.co/jopJEb6gWZ,1187,357,1177,165689,109,0,0,1,0.0,neutral
1934271685621850206,NunezFeijoo,Alberto Nunez Feijoo,Sun Jun 15 15:28:01 +0000 2025,Hasta el final. https://t.co/2rUBAykkQl,1321,437,738,47539,39,0,0,1,0.0,neutral
1934229402281222561,NunezFeijoo,Alberto Nunez Feijoo,Sun Jun 15 12:40:00 +0000 2025,"Que confiesen, que paguen, y que dimitan. https://t.co/xxFOU5oVT0",2031,671,1231,94024,65,0,0,1,0.0,neutral
1934225735167697400,NunezFeijoo,Alberto Nunez Feijoo,Sun Jun 15 12:25:26 +0000 2025,España no puede ser rehén de la delincuencia de su Gobierno. https://t.co/lL12dLwIEZ,1254,448,715,72580,84,0,0,1,-0.296,negative
1933495692711841794,NunezFeijoo,Alberto Nunez Feijoo,Fri Jun 13 12:04:30 +0000 2025,"España iría mejor si el Gobierno estuviese más pendiente de la sanidad, la educación, la economía, las infraestructuras, las familias y menos de robar. https://t.co/lhDdvu6mzG",854,295,1400,67837,175,0,0,1,0.0,neutral
1933491448269111537,NunezFeijoo,Alberto Nunez Feijoo,Fri Jun 13 11:47:38 +0000 2025,Sánchez está achicharrado. Es tan culpable como su clan y debe irse con ellos para devolver la palabra a los españoles. https://t.co/UXprGIq23B,1568,503,1259,81858,143,0,0,1,0.0,neutral
1933216729754226960,NunezFeijoo,Alberto Nunez Feijoo,Thu Jun 12 17:36:00 +0000 2025,"Ha llegado el momento de poner fin a esta huida.

Pedro Sánchez debe convocar elecciones de manera inmediata. https://t.co/AX6ZJ0g2j7",7526,1824,3303,432337,133,0,0,1,0.34,positive
1933215219314049458,NunezFeijoo,Alberto Nunez Feijoo,Thu Jun 12 17:30:00 +0000 2025,"El domingo le pedí que se rindiera a la democracia, hoy que se rinda a la justicia. https://t.co/f3KGeOC9G2",1238,510,618,58346,107,0,0,1,0.0,neutral
1933213762518909184,NunezFeijoo,Alberto Nunez Feijoo,Thu Jun 12 17:24:13 +0000 2025,"No hay cortafuegos posible: el problema es Pedro Sánchez.

Que no vaya de víctima porque las víctimas somos todos los españoles. https://t.co/EKeIOskPAW",2465,854,1188,122620,152,0,0,1,-0.5267,negative
1933132361291415751,NunezFeijoo,Alberto Nunez Feijoo,Thu Jun 12 12:00:45 +0000 2025,Todo indica que llegaron al PSOE robando las primarias y ya no pudieron parar de robar.,15166,3237,3240,1556365,87,0,0,0,-0.296,negative
1932833316773777796,NunezFeijoo,Alberto Nunez Feijoo,Wed Jun 11 16:12:27 +0000 2025,"El @ppopular seguirá reclamando la soberanía de Gibraltar. Cualquier acuerdo sobre el Peñón debe someterse al criterio de las Cortes.

El primer partido de España no debería enterarse por los medios de la política exterior de nuestro país. Hoy ha vuelto a pasar y es muy grave.",2664,757,1127,633951,277,0,1,0,-0.34,negative
1932714419718619351,NunezFeijoo,Alberto Nunez Feijoo,Wed Jun 11 08:20:00 +0000 2025,"Las últimas 48h evidencian que el Sr. Sánchez es un verdadero peligro para la democracia.

Por segunda vez, le pregunto: ¿avala a su hombre de confianza, al señor Cerdán? https://t.co/CgklniDGtL",2152,755,676,53965,194,0,0,1,0.0,neutral
1932709495471312927,NunezFeijoo,Alberto Nunez Feijoo,Wed Jun 11 08:00:26 +0000 2025,"43 días escondido. Bunkerizado. Sin responder preguntas. Mandando a sus ministros mentir y justificar el procesamiento del fiscal general.

No puede perseguir delitos quien, presuntamente, los ha cometido. Exija su dimisión. https://t.co/rYS01SpLz8",1408,484,580,496569,248,0,0,1,-0.5267,negative
1932437344038056293,NunezFeijoo,Alberto Nunez Feijoo,Tue Jun 10 13:59:00 +0000 2025,En ningún país europeo el fiscal general se sienta en el banquillo por delinquir contra rivales del presidente por orden de la Presidencia. https://t.co/0F81kzoJPs,1120,447,1014,44055,163,0,0,1,0.0,neutral
1932429750263288078,NunezFeijoo,Alberto Nunez Feijoo,Tue Jun 10 13:28:49 +0000 2025,"España no puede tener un Gobierno en vilo por cada nuevo auto, por cada nuevo imputado o por cada nuevo registro de la UCO. https://t.co/0o8zQbiheg",902,354,716,34639,147,0,0,1,-0.296,negative
1932027427485626400,NunezFeijoo,Alberto Nunez Feijoo,Mon Jun 09 10:50:08 +0000 2025,Es el momento de que se vaya el Fiscal General del Estado y quien le daba las indicaciones. https://t.co/UN96ydTjAV,4320,1570,1291,260103,115,0,0,1,0.0,neutral
1932012961792401854,NunezFeijoo,Alberto Nunez Feijoo,Mon Jun 09 09:52:39 +0000 2025,¡Feliz Día de La Rioja! Celebramos el corazón del vino y una tierra llena de historia y tradiciones. Felicidades a todos los riojanos.,256,55,78,17118,134,0,0,0,0.0,neutral
1932012956226601168,NunezFeijoo,Alberto Nunez Feijoo,Mon Jun 09 09:52:38 +0000 2025,"Hoy celebramos el 43 aniversario del Estatuto de Autonomía de la Región de Murcia. Una tierra de sol, cultura y una riqueza única, que no se resigna y lucha por sus intereses.

Feliz día a todos los murcianos.",260,66,87,15553,209,0,0,0,-0.296,negative
1931788281076965630,NunezFeijoo,Alberto Nunez Feijoo,Sun Jun 08 18:59:51 +0000 2025,"Tu victoria en Roland Garros es el triunfo del talento, el trabajo y la ambición por mejorar.

España entera celebra contigo.
¡Enhorabuena, @carlosalcaraz!",1910,283,139,52685,155,0,1,0,0.0,neutral
1931748793269227856,NunezFeijoo,Alberto Nunez Feijoo,Sun Jun 08 16:22:57 +0000 2025,"Lamento profundamente el atentado contra el candidato a la Presidencia de Colombia, @MiguelUribeT. 

Toda nuestra condena a la violencia, que no puede tener cabida en democracia. 

Y todo nuestro afecto a sus allegados, a su familia política y al pueblo colombiano.",1114,284,152,54430,265,0,1,0,-0.296,negative
1931703436216508439,NunezFeijoo,Alberto Nunez Feijoo,Sun Jun 08 13:22:43 +0000 2025,"¡Viva la libertad!
¡Viva la democracia!
¡Viva España! https://t.co/HmNGfXz5a0",3218,950,1190,102333,77,0,0,1,0.0,neutral
1931702027148525754,NunezFeijoo,Alberto Nunez Feijoo,Sun Jun 08 13:17:07 +0000 2025,"Señor Sánchez, ríndase a la democracia. https://t.co/hmtfQTAXls",1230,430,1321,262334,63,0,0,1,0.0,neutral
1931667943160520838,NunezFeijoo,Alberto Nunez Feijoo,Sun Jun 08 11:01:40 +0000 2025,Estos son los valores y nuestros principios. https://t.co/JMA5OT0QV5,1797,740,1306,72924,68,0,0,1,0.0,neutral
1931613507084022007,NunezFeijoo,Alberto Nunez Feijoo,Sun Jun 08 07:25:22 +0000 2025,"Nos vemos en unas horas.

Gracias por demostrar orgullo, pasión e ilusión por España.

#Concentración8J
#MafiaoDemocracia https://t.co/0oUatgIR46",1261,420,954,80518,145,2,0,1,0.0,neutral
1931412463594905678,NunezFeijoo,Alberto Nunez Feijoo,Sat Jun 07 18:06:29 +0000 2025,"Mañana vamos a salir a la calle y vamos a llenar Madrid. 

Todos a las 11:00 en Plaza de España. https://t.co/Dr9x6dbWXY",1193,483,968,67209,120,0,0,1,0.0,neutral
1931304334689505735,NunezFeijoo,Alberto Nunez Feijoo,Sat Jun 07 10:56:49 +0000 2025,Vamos a hacer una limpieza total con honestidad y urgencia. https://t.co/Ux37bhjeqV,1135,400,1759,257217,83,0,0,1,0.0,neutral
1931300892814237903,NunezFeijoo,Alberto Nunez Feijoo,Sat Jun 07 10:43:09 +0000 2025,España es un país herido en lo más profundo. https://t.co/ZzjgvBJtWC,602,269,653,59082,68,0,0,1,0.0,neutral
1931259467661815847,NunezFeijoo,Alberto Nunez Feijoo,Sat Jun 07 07:58:32 +0000 2025,"Nosotros sí podemos pisar la calles. Y las vamos a llenar de verdad, de honestidad y de valores.

Te espero mañana a las 11:00h en la Plaza de España de Madrid. https://t.co/mLGQz5555i",1914,786,2089,193776,184,0,0,1,0.0,neutral
1931253545187016746,NunezFeijoo,Alberto Nunez Feijoo,Sat Jun 07 07:35:00 +0000 2025,"Hoy es un día especial para mostrar gratitud por la admirable labor de nuestras Fuerzas Armadas en situaciones de emergencia y por la seguridad de todos.

Mi reconocimiento a quienes están de misión en el exterior y mi sentido abrazo a las familias de los que ya no están. https://t.co/BVQnT82Dhf",622,205,188,36689,296,0,0,1,0.34,positive
1931075154248950021,NunezFeijoo,Alberto Nunez Feijoo,Fri Jun 06 19:46:09 +0000 2025,El PSOE hoy es un partido entregado a Sánchez y será devorado por la decadencia del sanchismo. https://t.co/u0CUxJqhvG,624,229,546,29776,118,0,0,1,0.0,neutral
1931071523437093350,NunezFeijoo,Alberto Nunez Feijoo,Fri Jun 06 19:31:43 +0000 2025,"Tenemos un presidente del Gobierno que vive de la división, la fractura y el enfrentamiento.

Que no nos tomen el pelo. https://t.co/AxYyRaUgVV",1230,390,1126,176400,143,0,0,1,-0.296,negative
1930730275622809683,NunezFeijoo,Alberto Nunez Feijoo,Thu Jun 05 20:55:43 +0000 2025,"España necesita un Gobierno a su altura y una política que sirva.
 
Yo me comprometo a que lo tendrá. https://t.co/rKTAoCYRlh",804,273,930,38047,125,0,0,1,0.0,neutral
1930703232961306751,NunezFeijoo,Alberto Nunez Feijoo,Thu Jun 05 19:08:16 +0000 2025,"España no puede acostumbrarse a ver la descomposición televisada.

La mayoría de españoles acabará con toda esta porquería. https://t.co/grM3nKawnG",880,339,574,27921,147,0,0,1,-0.296,negative
1930232177716781244,NunezFeijoo,Alberto Nunez Feijoo,Wed Jun 04 11:56:27 +0000 2025,"Esta situación no se puede prolongar más. 

España no es el sanchismo, es un país decente y merece un Gobierno que también lo sea. https://t.co/L66p1eFPns",1599,504,1586,67143,154,0,0,1,-0.5267,negative
1929988322866126913,NunezFeijoo,Alberto Nunez Feijoo,Tue Jun 03 19:47:28 +0000 2025,"Nos querían callados, pero nos tendrán exigentes. https://t.co/deVIHlZrEW",760,285,674,43603,73,0,0,1,0.0,neutral
1929984336020770971,NunezFeijoo,Alberto Nunez Feijoo,Tue Jun 03 19:31:37 +0000 2025,"Se tapan unos a otros, pero caerán todos juntos. https://t.co/E83tBO47ZB",1284,486,700,43395,72,0,0,1,0.0,neutral
1929879741169127621,NunezFeijoo,Alberto Nunez Feijoo,Tue Jun 03 12:36:00 +0000 2025,Vamos a utilizar todos los mecanismos democráticos a nuestro alcance contra un Gobierno indecente. https://t.co/tZbn6THMJV,774,312,1056,46587,122,0,0,1,0.0,neutral
1929874057765232982,NunezFeijoo,Alberto Nunez Feijoo,Tue Jun 03 12:13:25 +0000 2025,"Todos los Koldos, los Ábalos, las Jésicas, las mises o las Leires que son noticia nos llevan hacia el presidente del Gobierno. https://t.co/YdqLtAVETE",1544,518,959,56340,150,0,0,1,0.0,neutral
1929764984617423017,NunezFeijoo,Alberto Nunez Feijoo,Tue Jun 03 05:00:00 +0000 2025,"Mucho ánimo a los jóvenes que se enfrentan estos días a la EBAU. Por fin, muchos la hacen en igualdad.

Todo esfuerzo tiene su recompensa. https://t.co/2vCTuwRjdE",694,222,640,441503,162,0,0,1,0.0,neutral
1929623878625792093,NunezFeijoo,Alberto Nunez Feijoo,Mon Jun 02 19:39:17 +0000 2025,Este Gobierno es un insulto a los ciudadanos. https://t.co/ph7CiWIHLj,964,364,894,53084,69,0,0,1,0.0,neutral
1929619111786504615,NunezFeijoo,Alberto Nunez Feijoo,Mon Jun 02 19:20:21 +0000 2025,Cerrar Almaraz es una condena para Extremadura y un inmenso error para España. https://t.co/JXOK2Kj6Ls,1338,427,442,57472,102,0,0,1,-0.4019,negative
1929204811896897726,NunezFeijoo,Alberto Nunez Feijoo,Sun Jun 01 15:54:04 +0000 2025,Revertiremos los daños de este Gobierno. https://t.co/KuAvUtIuVi,1504,516,1581,104113,64,0,0,1,0.0,neutral
1929172330535911563,NunezFeijoo,Alberto Nunez Feijoo,Sun Jun 01 13:45:00 +0000 2025,Son el Gobierno del bulo. https://t.co/7kt6gGBmwb,1494,457,490,35273,49,0,0,1,0.0,neutral
1929168210638606611,NunezFeijoo,Alberto Nunez Feijoo,Sun Jun 01 13:28:38 +0000 2025,"El 8 de junio no es un día más.

Es el gran grito libre de una España que no se va a callar. https://t.co/WH5xMpLihO",1339,546,749,70044,116,0,0,1,-0.5267,negative
1928908356590186915,NunezFeijoo,Alberto Nunez Feijoo,Sat May 31 20:16:04 +0000 2025,Quien diga que la manifestación del 8 de junio no vale os miente. https://t.co/pbt005NSWr,1090,404,1054,147951,89,0,0,1,-0.296,negative
1928887522936881385,NunezFeijoo,Alberto Nunez Feijoo,Sat May 31 18:53:17 +0000 2025,"No vamos a permitir que quienes prohíben la libertad lingüística en Cataluña, nos den lecciones de libertad lingüística en Europa. https://t.co/gA8rZ9PQmH",1181,394,629,71873,154,0,0,1,-0.296,negative
1928810975655862292,NunezFeijoo,Alberto Nunez Feijoo,Sat May 31 13:49:06 +0000 2025,"La Sexta ha rectificado.

Ahora solo queda que lo haga el Gobierno. https://t.co/VSTHACVyp7",11036,3705,1378,487243,91,0,0,1,0.34,positive
1928793496296489406,NunezFeijoo,Alberto Nunez Feijoo,Sat May 31 12:39:39 +0000 2025,"Me comprometo a que las familias, los jóvenes y las rentas medias y bajas pagarán menos impuestos.

Tenéis mi palabra. https://t.co/swzNpA04SA",1495,430,2991,456492,142,0,0,1,0.0,neutral
1928788427903779022,NunezFeijoo,Alberto Nunez Feijoo,Sat May 31 12:19:31 +0000 2025,Hay que reconstruir todo lo que Sánchez ha destruido. https://t.co/gqAbXT9dr6,1296,438,1272,86917,77,0,0,1,0.34,positive
1928553969183318303,NunezFeijoo,Alberto Nunez Feijoo,Fri May 30 20:47:51 +0000 2025,"Esto no va de siglas, va de España. https://t.co/etLxUWbh1N",1311,459,1020,57545,59,0,0,1,-0.296,negative
1928546448276177200,NunezFeijoo,Alberto Nunez Feijoo,Fri May 30 20:17:58 +0000 2025,"Plantaremos cara a este Gobierno. Diremos basta a esta degradación. 

Y pediremos a los españoles que respondan: mafia o democracia. https://t.co/Ho3QzvIfHJ",907,330,898,51060,156,0,0,1,0.0,neutral
1928149174006030836,NunezFeijoo,Alberto Nunez Feijoo,Thu May 29 17:59:21 +0000 2025,Mafia o democracia. https://t.co/4Uq3u0uFgQ,2950,1283,1770,161713,43,0,0,1,0.0,neutral
1928041806140190959,NunezFeijoo,Alberto Nunez Feijoo,Thu May 29 10:52:42 +0000 2025,"A la espera de llenar las urnas de votos, llenemos las calles. 

8 de junio, Madrid.

Mafia o democracia. https://t.co/g4fZ59Abr7",4014,1310,3355,1184742,129,0,0,1,0.0,neutral
1927842247451476253,NunezFeijoo,Alberto Nunez Feijoo,Wed May 28 21:39:44 +0000 2025,Toda mafia tiene un capo. https://t.co/uCcjxumEcr,5540,1608,2149,362340,49,0,0,1,0.0,neutral
1927832660228895021,NunezFeijoo,Alberto Nunez Feijoo,Wed May 28 21:01:38 +0000 2025,"Unas veces se gana y otras veces se aprende. Un grande de España ha perdido contra un grande de Europa, pero su trayectoria en la Conference ha sido muy meritoria.

Mucho ánimo al @RealBetis y a su afición. Gran temporada.",2812,223,1763,1425180,222,0,1,0,0.5859,positive
1927754932515381639,NunezFeijoo,Alberto Nunez Feijoo,Wed May 28 15:52:46 +0000 2025,5. Decálogo del cambio que necesita España. https://t.co/VCLM4l63lb,383,165,255,46230,67,0,0,1,0.0,neutral
1927417287100838168,NunezFeijoo,Alberto Nunez Feijoo,Tue May 27 17:31:05 +0000 2025,Decálogo del cambio que necesita España. https://t.co/KrACTQqvu2,822,401,758,54795,64,0,0,1,0.0,neutral
1927390361065779236,NunezFeijoo,Alberto Nunez Feijoo,Tue May 27 15:44:05 +0000 2025,"En la España en la que creo, caben la pasión por la propia vida, la ambición de mejorar y la valentía de emprender.

He trasladado a la nueva presidenta de @cepyme_ mi enhorabuena y mi voluntad de seguir acompañando a millones de españoles que fían su prosperidad a su esfuerzo. https://t.co/7DBbHbthrJ",431,159,293,25985,302,0,1,1,0.0,neutral
1927340849769164965,NunezFeijoo,Alberto Nunez Feijoo,Tue May 27 12:27:21 +0000 2025,Es pura mafia. https://t.co/pslZWGG2tO,1846,594,1261,262108,38,0,0,1,0.0,neutral
1927322409398423618,NunezFeijoo,Alberto Nunez Feijoo,Tue May 27 11:14:04 +0000 2025,"Este Gobierno se ha convertido en el principal problema de España.

Tenemos la obligación política y moral de reconstruir lo que Sánchez ha destruido. https://t.co/tTLYBO7Ebu",1057,390,1103,45597,174,0,0,1,0.5859,positive
1927026610311438509,NunezFeijoo,Alberto Nunez Feijoo,Mon May 26 15:38:40 +0000 2025,"4. En la España en la que creo, se respeta a la Policía, a la Guardia Civil y a todo servidor público que hace cumplir la ley. No se les difama.

Somos una nación donde la inmensa mayoría de la gente es decente. No merecemos un Gobierno indecente. https://t.co/1P3dcvY0zA",366,166,196,30901,271,0,0,1,-0.5267,negative
1926938989031723201,NunezFeijoo,Alberto Nunez Feijoo,Mon May 26 09:50:30 +0000 2025,El Congreso será un punto de inflexión para iniciar el rearme moral que necesita España. https://t.co/sYMF0qEvij,647,225,701,397520,112,0,0,1,0.0,neutral
1926933352235372796,NunezFeijoo,Alberto Nunez Feijoo,Mon May 26 09:28:06 +0000 2025,"En la España en la que yo creo a la Guardia Civil se la respeta, no se la difama. https://t.co/1uibetHTwa",2737,903,1258,301863,105,0,0,1,-0.296,negative
1926701050683142655,NunezFeijoo,Alberto Nunez Feijoo,Sun May 25 18:05:01 +0000 2025,"Para huella, la que has dejado tú en millones de españoles. Gracias por todo, @RafaelNadal.",1199,285,161,60833,91,0,1,0,0.0,neutral
1926318341032964503,NunezFeijoo,Alberto Nunez Feijoo,Sat May 24 16:44:16 +0000 2025,"Cuando me comprometo, cumplo. https://t.co/IpKIBPvpBH",1086,396,1193,190145,53,0,0,1,0.0,neutral
1926262250341323086,NunezFeijoo,Alberto Nunez Feijoo,Sat May 24 13:01:23 +0000 2025,Empezaron la legislatura diciendo que querían levantar un muro y han acabado construyendo un búnker para protegerse de los españoles. https://t.co/8V4ytKeCm3,1156,416,544,55271,157,0,0,1,0.0,neutral
1925997703277723765,NunezFeijoo,Alberto Nunez Feijoo,Fri May 23 19:30:10 +0000 2025,"Exigimos al régimen criminal de Maduro la liberación inmediata del valiente líder democrático Juan Pablo Guanipa y del resto de los presos políticos.

Y a Sánchez le decimos: la equidistancia es complicidad. 

No legitime la dictadura. Defienda la democracia. Lidere la presión",2098,736,618,158459,277,0,0,0,-0.6808,negative
1925590197380534764,NunezFeijoo,Alberto Nunez Feijoo,Thu May 22 16:30:53 +0000 2025,"3. Por un proyecto de Nación sobre tres principios. 

Más España, menos separatismo: lo de todos se decide entre todos. 

Más prosperidad, menos intervencionismo: ante una sociedad subsidiada, otra que dé oportunidades.

Más libertad, menos imposición. Un Gobierno no vigila,",212,82,94,16883,275,0,0,0,-0.296,negative
1925520164801450135,NunezFeijoo,Alberto Nunez Feijoo,Thu May 22 11:52:36 +0000 2025,"Abordaremos las reformas que necesita España y concreto las prioritarias:

1.  Vivienda. Construir de verdad.
2.  Inmigración. Controlarla y reducirla.
3.  Energía. Garantizarla y abaratarla.
4.  Independencia de las instituciones. Que nunca más sean el cortijo de nadie. https://t.co/3salp5mwJE",1262,484,1518,185913,295,0,0,1,0.0,neutral
1925490575094034899,NunezFeijoo,Alberto Nunez Feijoo,Thu May 22 09:55:01 +0000 2025,Que quede para la hemeroteca. https://t.co/RjolohT169,979,384,629,231078,53,0,0,1,0.0,neutral
1925218197805941046,NunezFeijoo,Alberto Nunez Feijoo,Wed May 21 15:52:41 +0000 2025,"2.⁠ ⁠Los atajos a la democracia conducen al autoritarismo. Los gobernantes demócratas sirven al pueblo, respetan la libertad de expresión y de prensa, rinden cuentas, hacen autocrítica, promueven concordia y sitúan el imperio de la ley y la separación de poderes por encima de",266,123,119,18885,276,0,0,0,0.0,neutral
1925204585553052037,NunezFeijoo,Alberto Nunez Feijoo,Wed May 21 14:58:36 +0000 2025,"Sr. Sánchez, ¿avala la gestión de Cerdán? ¿Sí o no?

Vaya haciéndose a la idea: todo se sabrá. https://t.co/jP5z1E8TIF",800,295,261,32309,118,0,0,1,0.0,neutral
1925159891305722245,NunezFeijoo,Alberto Nunez Feijoo,Wed May 21 12:01:00 +0000 2025,"Nunca hemos tenido un Gobierno con tanto afán por controlar y con tanta aversión a ser controlado.

Es urgente oxigenar a España de autoritarismo, mentiras y corrupción. https://t.co/gduZE35f7G",1051,391,582,38490,193,0,0,1,0.0,neutral
1925156328583897346,NunezFeijoo,Alberto Nunez Feijoo,Wed May 21 11:46:51 +0000 2025,La mentira y la propaganda son atajos de los tiranos. https://t.co/qC6sJ0iDgh,575,251,461,54970,77,0,0,1,-0.25,negative
1925109497040654583,NunezFeijoo,Alberto Nunez Feijoo,Wed May 21 08:40:45 +0000 2025,"Señor Sánchez, su Gobierno ha vaciado la nevera de los españoles mientras llenaba el bolsillo a los corruptos.

Ya nada conseguirá ocultar la realidad. https://t.co/utDQWDzqx6",1676,636,601,48686,175,0,0,1,0.34,positive
1924876997786009831,NunezFeijoo,Alberto Nunez Feijoo,Tue May 20 17:16:53 +0000 2025,"Felicidades a @angela_demiguel por su designación como nueva presidenta de @cepyme_.

Y nuestro reconocimiento a Gerardo Cuerva por su labor durante estos años al frente de la Confederación.

Las pymes cuentan con el apoyo del @ppopular para mejorar su competitividad, conscientes",239,87,70,20886,280,0,3,0,0.0,neutral
1924777330104287570,NunezFeijoo,Alberto Nunez Feijoo,Tue May 20 10:40:50 +0000 2025,"1. España no es un concepto en discusión y mucho menos en negociación. Es una Nación, y eso significa igualdad de sus ciudadanos ante la ley.

Los privilegios de los políticos que se creen por encima de la gente se tienen que acabar.",490,140,327,55940,233,0,0,0,-0.296,negative
1924777328212619527,NunezFeijoo,Alberto Nunez Feijoo,Tue May 20 10:40:50 +0000 2025,"La mayoría de los españoles quieren dejar el sanchismo atrás. Pero también quieren saber qué vendrá después. 

Empiezo un hilo que se estirará hasta el Congreso de julio. Y adelanto: lo que prometa, se hará.",2264,620,3427,354554,207,0,0,0,0.0,neutral
1924761263906648085,NunezFeijoo,Alberto Nunez Feijoo,Tue May 20 09:37:00 +0000 2025,Luchar por la EBAU común fue nuestro empeño y ya está cerca de ser una realidad. Y es solo el principio. https://t.co/fBB7T2kcjm,463,201,169,25835,128,0,0,1,0.0,neutral
1924757034483826798,NunezFeijoo,Alberto Nunez Feijoo,Tue May 20 09:20:11 +0000 2025,"Queremos compensar con 600 euros los gastos extra de los celíacos.

La agenda del cambio es la de la gente real. https://t.co/ctAOJVNwIx",1849,425,2704,1673532,136,0,0,1,0.0,neutral
1924440148122701878,NunezFeijoo,Alberto Nunez Feijoo,Mon May 19 12:21:00 +0000 2025,"Adiós, Sánchez. https://t.co/xYo4tobH4m",1944,667,1612,188450,39,0,0,1,0.0,neutral
1924434875819704444,NunezFeijoo,Alberto Nunez Feijoo,Mon May 19 12:00:03 +0000 2025,"Mientras Sánchez alarga el final, nosotros abrimos un principio.

Él estira un ciclo agotado.
Nosotros estrenaremos un nuevo tiempo. https://t.co/slNcM8Ys2Q",861,368,607,39109,156,0,0,1,0.0,neutral
1924429862934118523,NunezFeijoo,Alberto Nunez Feijoo,Mon May 19 11:40:08 +0000 2025,"Rescataremos a España de Sánchez, de su degradación y de sus mentiras.

Es lo que se merece. https://t.co/LBlKCU5zg9",1721,639,1719,109205,116,0,0,1,0.0,neutral
1924215253715374431,NunezFeijoo,Alberto Nunez Feijoo,Sun May 18 21:27:21 +0000 2025,"Una buena noche para Europa 🇪🇺 y el @EPP, la democracia y nuestros valores compartidos. Enhorabuena a @LMontenegro_PT, @trzaskowski_ y @NicusorDanRO por sus victorias en 🇵🇹, 🇵🇱 y 🇷🇴. El liderazgo europeísta sigue resonando en todo el continente. ¡Mucho ánimo a Rafał para la",841,277,321,78426,274,0,4,0,0.0,neutral
1924057282435748258,NunezFeijoo,Alberto Nunez Feijoo,Sun May 18 10:59:38 +0000 2025,Ha sido un honor asistir a la misa de inicio del pontificado del Papa León XIV y acompañar a la Iglesia en una jornada tan emotiva y significativa para millones de católicos en España y en todo el mundo. https://t.co/iSAn6SDoG6,1987,435,572,114732,227,0,0,1,0.6808,positive
1923876819134034009,NunezFeijoo,Alberto Nunez Feijoo,Sat May 17 23:02:32 +0000 2025,"Enhorabuena, @soyyomelody por tu gran actuación. No ha podido ser, pero has representado a España con talento y pasión.

Estamos orgullosos. #Eurovision2025",2502,243,493,121203,156,1,1,0,-0.2584,negative
1923498946799804477,NunezFeijoo,Alberto Nunez Feijoo,Fri May 16 22:01:00 +0000 2025,"Neste Día das Letras Galegas, a forza da poesía popular oral a través das voces de Adolfina e Rosa Casás Rama, Eva Castiñeira Santos e das Pandeireteiras de Mens. Mulleres que gardaron a memoria viva do noso pobo.",302,78,288,39488,213,0,0,0,0.4215,positive
1923347703192604759,NunezFeijoo,Alberto Nunez Feijoo,Fri May 16 12:00:01 +0000 2025,"Los españoles y los rumanos compartimos la defensa de la democracia y la pertenencia a la Unión Europea.

Los ciudadanos de Rumanía residentes en España tenéis la oportunidad de expresarlo el 18 de mayo votando al candidato proeuropeo @NicusorDanRO. https://t.co/XN9ZebmBAD",548,160,1052,180000,273,0,1,1,0.0,neutral
1923323318326743145,NunezFeijoo,Alberto Nunez Feijoo,Fri May 16 10:23:07 +0000 2025,"El esfuerzo y el trabajo en equipo dan sus frutos. Este trofeo refleja el gran talento que tiene su plantilla.

Mi enhorabuena al Barça por ganar una Liga tan disputada.",117,35,181,25500,169,0,0,0,0.0,neutral
1923028613684719732,NunezFeijoo,Alberto Nunez Feijoo,Thu May 15 14:52:04 +0000 2025,"Felicidades a todos los madrileños en el día de su patrón.

Un honor vivir San Isidro junto al alcalde de Madrid y contagiarse de la alegría de un pueblo que es la suma de todos. https://t.co/FKFmi8VvpF",644,150,200,22666,202,0,0,1,0.4939,positive
1923008977517867054,NunezFeijoo,Alberto Nunez Feijoo,Thu May 15 13:34:02 +0000 2025,"El silencio de Sánchez en el Congreso evidencia que tiene miedo por lo que ha dicho, por lo que ha hecho y por lo que vamos descubriendo.

España no se merece este esperpento. https://t.co/5J1NzKLSlg",972,339,621,57865,199,0,0,1,0.3818,positive
1922911178855952659,NunezFeijoo,Alberto Nunez Feijoo,Thu May 15 07:05:25 +0000 2025,"Cuando todo se paró, ellos siguieron.
No tienen festivos. Ni días flojos. 
Nadie tiene que explicarles cómo se cuida el campo: llevan toda la vida haciéndolo.

Feliz San Isidro Labrador. https://t.co/bV5aH3HOPe",2319,553,1166,140460,210,0,0,1,-0.296,negative
1922578884312055977,NunezFeijoo,Alberto Nunez Feijoo,Wed May 14 09:05:00 +0000 2025,"Váyase, convoque elecciones.

Algo de bochorno le va a ahorrar a los españoles. https://t.co/R6QCTmDDvq",4084,1135,1405,117333,103,0,0,1,0.0,neutral
1922574324327715122,NunezFeijoo,Alberto Nunez Feijoo,Wed May 14 08:46:53 +0000 2025,"Lo sabía y lo tapó, porque participó. https://t.co/B6fSTvjSHO",1898,653,419,64532,61,0,0,1,0.0,neutral
1922377168694227209,NunezFeijoo,Alberto Nunez Feijoo,Tue May 13 19:43:27 +0000 2025,"Desde la discrepancia ideológica, siempre diré que fue una persona cordial y hospitalaria en Montevideo y fue acogido de igual forma en Galicia.

Mi pésame a la familia y amigos de Pepe Mujica. https://t.co/0CWP9s0jwl",1165,183,1067,182628,217,0,0,1,0.0,neutral
1922259400539926936,NunezFeijoo,Alberto Nunez Feijoo,Tue May 13 11:55:29 +0000 2025,España no merece un presidente temeroso de las terminales de los móviles de la trama. https://t.co/X0KbvE4h9v,791,327,564,31601,109,0,0,1,-0.296,negative
1922250479548907941,NunezFeijoo,Alberto Nunez Feijoo,Tue May 13 11:20:02 +0000 2025,"Este país merece un presidente del Gobierno cuya única preocupación sea España, no otras. https://t.co/Wmx9Y30yDk",578,227,601,32564,113,0,0,1,-0.296,negative
1922244577341190355,NunezFeijoo,Alberto Nunez Feijoo,Tue May 13 10:56:35 +0000 2025,"Pedro Sánchez está más débil que nunca. 

Yo voy a preparar al @PPopular más fuerte de siempre. https://t.co/KexPH0sfSG",1055,382,1252,68423,119,0,1,1,0.0,neutral
1921920558066708834,NunezFeijoo,Alberto Nunez Feijoo,Mon May 12 13:29:03 +0000 2025,"Este Gobierno está ya en su cuenta atrás, dure lo que dure. 

Y lo más importante, nosotros tenemos que activar ya el contador del cambio. https://t.co/CG10caYhWX",973,346,1065,66069,162,0,0,1,0.0,neutral
1921915895309381952,NunezFeijoo,Alberto Nunez Feijoo,Mon May 12 13:10:31 +0000 2025,Hay más preocupación en Moncloa y Ferraz por los whatsapps que por el apagón o el caos en Renfe. https://t.co/hkktc5aTt1,1736,579,429,54386,120,0,0,1,0.0,neutral
1921892747864088614,NunezFeijoo,Alberto Nunez Feijoo,Mon May 12 11:38:32 +0000 2025,"Propondré a mi partido que el Congreso Nacional del @ppopular se celebre en julio.

Activaremos al partido, lo prepararemos para hacer frente en las urnas a Sánchez y para diseñar desde ya una alternativa de gobierno definitiva, sólida y decidida a la altura del gran país que https://t.co/XMMwdytuyI",1036,497,730,196308,300,0,1,1,0.0,neutral
1921792456040833494,NunezFeijoo,Alberto Nunez Feijoo,Mon May 12 05:00:01 +0000 2025,"Yo os puedo decir que conocí otra política. La buena política.
 
•⁠ La que nos brindó la democracia.
•⁠ La que promovía la concordia.
•⁠ La que se ocupaba de solucionar problemas, no de crear nuevos. https://t.co/nVvkfr3kRX",1153,304,1576,212614,223,0,0,1,-0.296,negative
1920813817069465936,NunezFeijoo,Alberto Nunez Feijoo,Fri May 09 12:11:15 +0000 2025,"Hoy España no tiene un Gobierno europeo porque ninguno sobrevive sin presupuestos, sin mayoría del Parlamento y rodeado de sumarios de corrupción. https://t.co/2BmV3kc3Rl",944,344,582,49300,170,0,0,1,-0.8555,negative
1920807335364100138,NunezFeijoo,Alberto Nunez Feijoo,Fri May 09 11:45:30 +0000 2025,Necesitamos una Europa que dé respuestas a los problemas de las personas. https://t.co/HnerQHCTkE,766,283,1164,121537,97,0,0,1,0.0,neutral
1920539612620972371,NunezFeijoo,Alberto Nunez Feijoo,Thu May 08 18:01:40 +0000 2025,"Habemus Papam.  

Al Pontífice León XIV le deseo acierto, fortaleza y sabiduría en la gran responsabilidad que hoy asume. Que su papado sea fuente de unidad ante los grandes desafíos que enfrenta el mundo.",2156,469,387,60719,205,0,0,0,0.0,neutral
1920229584647151655,NunezFeijoo,Alberto Nunez Feijoo,Wed May 07 21:29:43 +0000 2025,Lo que está pasando con los Presupuestos Generales del Estado no había ocurrido jamás. https://t.co/6z9QmkLmHS,947,337,376,30190,110,0,0,1,-0.296,negative
1920223921854369957,NunezFeijoo,Alberto Nunez Feijoo,Wed May 07 21:07:13 +0000 2025,"Once avisos en cinco años antes del gran apagón, pero el Gobierno no hizo nada. https://t.co/8uZr5BC39Y",1418,459,337,41667,103,0,0,1,-0.296,negative
1920127732920582477,NunezFeijoo,Alberto Nunez Feijoo,Wed May 07 14:45:00 +0000 2025,"Si usted es capaz de mirar a la cara a un paciente de ELA o a un familiar tiene menos escrúpulos de los que yo pensaba, señor Sánchez. https://t.co/lA9ZHPVWfi",1964,690,390,121110,158,0,0,1,0.0,neutral
1920121665016496140,NunezFeijoo,Alberto Nunez Feijoo,Wed May 07 14:20:53 +0000 2025,"Señor Sánchez, salgamos a la calle juntos y, si no le gusta lo que ve, siempre puede hacer lo mismo que con el Rey: salir corriendo. https://t.co/uFwOtiPzrA",5317,1631,1033,213609,156,0,0,1,-0.296,negative
1920062602303914164,NunezFeijoo,Alberto Nunez Feijoo,Wed May 07 10:26:12 +0000 2025,Todo el mundo hablando de ataque ruso y lo único que hace falta para desestabilizar España es una exministra de Zapatero recolocada por Pedro Sánchez en Red Eléctrica. https://t.co/OImIdqVpA3,1921,633,295,37294,191,0,0,1,0.0,neutral
1920052235540549952,NunezFeijoo,Alberto Nunez Feijoo,Wed May 07 09:45:00 +0000 2025,"El único español que recibió con alivio el gran apagón fue su hermano, señor Sánchez. https://t.co/iMT86bgGMQ",3244,950,637,68980,109,0,0,1,0.0,neutral
1920047506324365338,NunezFeijoo,Alberto Nunez Feijoo,Wed May 07 09:26:12 +0000 2025,Se han esforzado tanto en aparentar ser los más verdes del mundo que llevaron España a negro. https://t.co/xNFErFXmlc,2281,810,673,74696,117,0,0,1,0.0,neutral
1919768392241750077,NunezFeijoo,Alberto Nunez Feijoo,Tue May 06 14:57:06 +0000 2025,"Enhorabuena @_FriedrichMerz por tu elección como nuevo Canciller de Alemania.

Espero que se abra una etapa de estabilidad, prosperidad y desarrollo para una Alemania fuerte en una Europa competitiva y unida.

Herzlichen Glückwunsch, Merz! https://t.co/r0mUu2lrsq",515,148,296,26435,263,0,1,1,0.0,neutral
1919760311734694281,NunezFeijoo,Alberto Nunez Feijoo,Tue May 06 14:25:00 +0000 2025,"El Gobierno quiere consultar a los españoles una posible fusión empresarial, pero no los miles de millones de inversión en Defensa. 

Seamos serios y consultémoslo todo en unas elecciones. https://t.co/BzaI5mCFJu",942,334,368,29672,212,0,0,1,-0.296,negative
1919759643024195637,NunezFeijoo,Alberto Nunez Feijoo,Tue May 06 14:22:20 +0000 2025,El apagón es el síntoma más evidente de todos los males de este Gobierno. https://t.co/C8uKqxXmsO,554,258,474,23528,97,0,0,1,0.0,neutral
1919752761933234594,NunezFeijoo,Alberto Nunez Feijoo,Tue May 06 13:55:00 +0000 2025,"El caos ferroviario del domingo y el lunes no es un incidente aislado, es la viva imagen de una forma de gobernar.

Cuando se gobierna a golpe de tuit, la gestión es un meme constante. https://t.co/jmr7KWkiox",635,256,351,24019,208,0,0,1,-0.296,negative
1919275355182977044,NunezFeijoo,Alberto Nunez Feijoo,Mon May 05 06:17:57 +0000 2025,"Miles de españoles atrapados en trenes de madrugada. Sin agua. Sin nada. Segundo lunes con imágenes impropias de la cuarta economía del euro.

La gente no merece pagar cada día más impuestos a cambio de peores servicios.

España tiene que volver a funcionar. Es mi objetivo.",2841,874,2023,409399,274,0,0,0,-0.8555,negative
1918926885225898151,NunezFeijoo,Alberto Nunez Feijoo,Sun May 04 07:13:16 +0000 2025,"Hoy también es el día de Sira Feijóo, genio y figura. 

Felicidades a todas las madres. En especial a la mía y a Eva, la mamá de mi hijo Alberto.

Feliz Día de la Madre. https://t.co/80UBWlZQPM",2739,537,733,162627,193,0,0,1,0.0,neutral
1918347557777953046,NunezFeijoo,Alberto Nunez Feijoo,Fri May 02 16:51:13 +0000 2025,Volverán @IdiazAyuso,1780,354,552,115137,20,0,1,0,0.0,neutral
1918309136669852082,NunezFeijoo,Alberto Nunez Feijoo,Fri May 02 14:18:33 +0000 2025,"Lo más grave es que cuatro días después del apagón, ni el Gobierno ni Red Eléctrica han aclarado por qué ocurrió. https://t.co/WYhWTn0D3D",1664,531,1480,93666,137,0,0,1,-0.3818,negative
1918302773935792330,NunezFeijoo,Alberto Nunez Feijoo,Fri May 02 13:53:16 +0000 2025,"Un país desarrollado y moderno no puede apagarse sin respuestas. 

Por eso urge una auditoría europea independiente para esclarecer todo lo que ha sucedido. https://t.co/1lC4LYvvQK",895,357,521,29111,180,0,0,1,-0.5267,negative
1918266170546806861,NunezFeijoo,Alberto Nunez Feijoo,Fri May 02 11:27:49 +0000 2025,"El #2deMayo de 1808 el pueblo de Madrid se levantó en nombre de la libertad, y dos siglos después no han cejado en su empeño de defenderla a toda costa.

Feliz Día de la Comunidad de Madrid a todos los madrileños.",854,211,393,61167,213,1,0,0,-0.296,negative
1918215238241194362,NunezFeijoo,Alberto Nunez Feijoo,Fri May 02 08:05:26 +0000 2025,Trabajemos para que la violencia desaparezca de las aulas y de los móviles y así nuestros jóvenes puedan desarrollarse libremente.,379,179,266,32613,130,0,0,0,0.0,neutral
1917946221806960737,NunezFeijoo,Alberto Nunez Feijoo,Thu May 01 14:16:27 +0000 2025,"Despedimos con tristeza a Manolo el del Bombo, cuya alegría y entusiasmo por la selección dejan una huella imposible de borrar. 

Descanse en paz.",1175,185,241,125374,146,0,0,0,0.0,neutral
1917842727888380288,NunezFeijoo,Alberto Nunez Feijoo,Thu May 01 07:25:12 +0000 2025,"Que tu esfuerzo sirva. 

#1DeMayo 
#DiaDelTrabajador https://t.co/DvlxQLKlbq",923,532,569,201897,76,2,0,1,0.0,neutral
1917590397947372015,NunezFeijoo,Alberto Nunez Feijoo,Wed Apr 30 14:42:32 +0000 2025,"Vamos a trabajar para que Europa no se diluya en el mundo.

Y voy a trabajar para que España no se diluya como nación. https://t.co/Hd4kHtxBzT",764,252,1321,74979,142,0,0,1,-0.5267,negative
1917579028413702460,NunezFeijoo,Alberto Nunez Feijoo,Wed Apr 30 13:57:21 +0000 2025,"España necesita un cambio que pondrá a nuestra nación mirando hacia el futuro y que mejorará Europa.

Será con responsabilidad, honradez y verdad. https://t.co/nd6ouG2AgU",521,196,603,30467,170,0,0,1,0.0,neutral
1917548281174823345,NunezFeijoo,Alberto Nunez Feijoo,Wed Apr 30 11:55:11 +0000 2025,"Enhorabuena a @ManfredWeber por revalidar su firme liderazgo en el @EPP.

Felicidades a @DolorsMM, ya número dos del primer partido de Europa. Una española que llevará el alma catalana al centro del PP europeo. Con ella, el @ppopular estará muy presente en el futuro de la UE y https://t.co/GVZ2WtXdgy",368,174,303,27262,301,0,4,1,0.0,neutral
1917286395716026581,NunezFeijoo,Alberto Nunez Feijoo,Tue Apr 29 18:34:32 +0000 2025,"Me comprometo a que trabajaremos sin descanso para que España vuelva ser un país fiable dentro y fuera de nuestras fronteras. 
 
Me comprometo a que construiremos una España fuerte para tener una Europa más fuerte. https://t.co/Uy4TY2Saz9",1132,395,1093,60089,238,0,0,1,-0.5574,negative
1917283081381372142,NunezFeijoo,Alberto Nunez Feijoo,Tue Apr 29 18:21:22 +0000 2025,"El Gobierno de España tendrá que ofrecer las explicaciones que le debe a los ciudadanos y a Europa sobre el gran apagón.

Todo se sabrá. https://t.co/HVo44xxbHa",1255,475,885,73241,160,0,0,1,0.0,neutral
1917154354227802431,NunezFeijoo,Alberto Nunez Feijoo,Tue Apr 29 09:49:51 +0000 2025,"Tenemos una España ejemplar y un Gobierno sobrepasado. 

Los españoles seguimos esperando las explicaciones del Gobierno.

Aún no conocemos las causas ni las responsabilidades, 23 horas después.

La imagen internacional de España es impropia de un país como el nuestro. https://t.co/6rwmBP2y8J",1659,563,1889,245635,293,0,0,1,-0.296,negative
1917149503871758485,NunezFeijoo,Alberto Nunez Feijoo,Tue Apr 29 09:30:35 +0000 2025,"España sufre un apagón eléctrico y de comunicaciones sin precedentes. Aunque para la mayoría se haya restablecido la energía, aún hay sitios sin luz y miles de familias siguen desesperadas.

Sigo con preocupación la situación del país y la imagen que estamos dando al mundo. https://t.co/guhSl2wo54",890,307,861,83849,298,0,0,1,-0.802,negative
1917125905031299402,NunezFeijoo,Alberto Nunez Feijoo,Tue Apr 29 07:56:48 +0000 2025,Una vez más se ha acreditado que tenemos un país excelente y un Gobierno sobrepasado. https://t.co/QYs7IQjLlL,1991,587,1345,162378,109,0,0,1,0.34,positive
1916937996575625221,NunezFeijoo,Alberto Nunez Feijoo,Mon Apr 28 19:30:08 +0000 2025,"Ayudar a la gente en peligro.  

Garantizar la seguridad si se prolonga el apagón en la noche, movilizando el Ejército. 

Y dar información clara y constante. 

Esto es lo urgente que debe hacer el Gobierno en una emergencia nacional como ésta.  

Para todo lo demás habrá tiempo.",2176,599,1394,353862,280,0,0,0,0.0,neutral
1916267499600973911,NunezFeijoo,Alberto Nunez Feijoo,Sat Apr 26 23:05:49 +0000 2025,"Felicidades al @FCBarcelona_es por su victoria en la #CopaDelRey. 

Enhorabuena también al @realmadrid por luchar el partido hasta el final.

Un partido apasionante.",429,79,126,42301,165,1,2,0,0.0,neutral
1916079413306728657,NunezFeijoo,Alberto Nunez Feijoo,Sat Apr 26 10:38:25 +0000 2025,"En el funeral del Papa Francisco, acompañando a los Reyes, representando a España y teniendo presente a millones de católicos de todo el mundo.

Mi voluntad y mi deber. https://t.co/0nFZ0qj2R6",5220,861,2378,934444,192,0,0,1,-0.3612,negative
1916032677431459889,NunezFeijoo,Alberto Nunez Feijoo,Sat Apr 26 07:32:43 +0000 2025,El Gobierno debe responsabilizarse de sus actos. https://t.co/36mUBK1UeY,1563,508,1115,67269,72,0,0,1,0.0,neutral
1915383389034598472,NunezFeijoo,Alberto Nunez Feijoo,Thu Apr 24 12:32:40 +0000 2025,"La pregunta que está tardando en responder Sánchez es cuánto van a tener que pagar los españoles para que le dejen mantenerse en el puesto. 

Ya está bien de que los problemas del Gobierno cuesten millones de euros de dinero público. https://t.co/QswMvMAEua",1406,538,868,56757,257,0,0,1,0.0,neutral
1915356374789230619,NunezFeijoo,Alberto Nunez Feijoo,Thu Apr 24 10:45:20 +0000 2025,Un Gobierno del PP trabajará en una Estrategia Nacional contra la soledad y en un pacto de Estado por los mayores. https://t.co/p07d6TSVM4,403,190,312,30579,138,0,0,1,0.0,neutral
1915345876131708935,NunezFeijoo,Alberto Nunez Feijoo,Thu Apr 24 10:03:36 +0000 2025,No se puede enfrentar a las generaciones entre sí. España nunca ha avanzado cuando se ha hecho política contra la mitad del país. https://t.co/Ns6HJvDpZd,739,299,372,28190,153,0,0,1,0.3818,positive
1914976288659607649,NunezFeijoo,Alberto Nunez Feijoo,Wed Apr 23 09:35:00 +0000 2025,"El supuesto Plan de Rearme es una chapuza marca de la casa.

Mover miles de millones de euros sin autorización del Congreso es una cacicada antidemocrática e impropia de un país europeo. https://t.co/efov1QAANw",1179,436,358,26726,210,0,0,1,-0.5574,negative
1914971301946569054,NunezFeijoo,Alberto Nunez Feijoo,Wed Apr 23 09:15:11 +0000 2025,Debemos impulsar un nuevo tratado de libre comercio entre la Unión Europea y Estados Unidos. https://t.co/0ju4aPdwXD,530,237,207,20443,116,0,0,1,0.0,neutral
1914762047499461055,NunezFeijoo,Alberto Nunez Feijoo,Tue Apr 22 19:23:41 +0000 2025,"Esta semana muchos españoles han vuelto al trabajo.
El Partido Socialista, a los juzgados.
El Gobierno, a la gresca.
Y el ministro 23 de Sánchez, a las andadas. https://t.co/OE8j30PJs7",750,297,460,32240,184,0,0,1,0.0,neutral
1914657192873021920,NunezFeijoo,Alberto Nunez Feijoo,Tue Apr 22 12:27:02 +0000 2025,"Sin el acuerdo de su Consejo de Ministros.
Sin Presupuestos.
Sin autorización del Congreso.
Sin dar detalles de dónde va a sacar miles de millones de euros.

España necesita un verdadero Plan de Defensa y Sánchez ha presentado uno de autodefensa.",2051,757,618,89207,246,0,0,0,-0.9186,negative
1914610008207073454,NunezFeijoo,Alberto Nunez Feijoo,Tue Apr 22 09:19:32 +0000 2025,"El Papa vino a abrir corazones y a luchar por los olvidados. Se ocupó de los que menos tienen y de los más humildes; es decir, se dedicó a recordar lo que es el cristianismo y lo que es ser católico.

Descanse en paz, Santo Padre Franciscus. https://t.co/3rcMkpZ5PB",624,169,456,44900,265,0,0,1,0.0,neutral
1914231873758277693,NunezFeijoo,Alberto Nunez Feijoo,Mon Apr 21 08:16:58 +0000 2025,"Lamento el fallecimiento del Papa Francisco. 

El Papa que hablaba español y a punto estuvo de peregrinar a Santiago de Compostela. Ha servido al mundo y a la Iglesia desde sus convicciones y pensamiento hasta el último instante.

Descanse en paz. https://t.co/VKgqZDGerK",2775,561,905,186294,271,0,0,1,0.34,positive
1913130499742068976,NunezFeijoo,Alberto Nunez Feijoo,Fri Apr 18 07:20:30 +0000 2025,"Cuando llegue al Gobierno, lo primero que haré será:

• Presentar un Plan nacional de Vivienda.
• Revisar las 97 subidas de impuestos del Gobierno.
• Reconstruir las instituciones del Estado para blindar su independencia.

🗞️ @okdiario https://t.co/VqoWNbBRSk https://t.co/Qg0TFwTXoi",1494,468,2315,312802,283,0,1,2,0.0,neutral
1912772653829521738,NunezFeijoo,Alberto Nunez Feijoo,Thu Apr 17 07:38:32 +0000 2025,"El Gobierno está deteriorando gravemente la separación de poderes y la calidad democrática de nuestras instituciones.

Trabajo cada día con el objetivo de revertirlo, porque España no es Pedro Sánchez.

Mi entrevista en @okdiario:
https://t.co/xOWlGKCfuk https://t.co/OGsvTb6UY7",1295,531,1167,88323,278,0,1,2,-0.296,negative
1912493318732210663,NunezFeijoo,Alberto Nunez Feijoo,Wed Apr 16 13:08:34 +0000 2025,"Un nuevo toque de atención de EEUU al desgobierno Sánchez. 

Creo que debemos esforzarnos en mantener el vínculo transatlántico, defendiendo con firmeza nuestros intereses.

Sánchez divide en España y fuera resta.

https://t.co/Hm6hOOeuUM",676,260,1019,257106,238,0,0,1,0.0,neutral
1911780148187169240,NunezFeijoo,Alberto Nunez Feijoo,Mon Apr 14 13:54:41 +0000 2025,"⚽📸 Mañana de futbol en el Torneo Ciudad de Torrejón.

Ver la pasión, el trabajo en equipo y la alegría de cada chaval en el campo me llena de esperanza. Demuestra que el deporte es sinónimo de valores, unión y oportunidades. https://t.co/MtdKvvJ7O8",210,58,161,22089,248,0,0,1,0.0,neutral
1911742480095285480,NunezFeijoo,Alberto Nunez Feijoo,Mon Apr 14 11:25:00 +0000 2025,"El PSOE está bloqueando en el Congreso la Ley de Conciliación del @ppopular, el proyecto de ley más ambicioso que nunca se ha presentado en las Cortes Generales. https://t.co/OztQZIjFtn",568,260,314,25835,185,0,1,1,0.34,positive
1911735734513398111,NunezFeijoo,Alberto Nunez Feijoo,Mon Apr 14 10:58:12 +0000 2025,Esta atmósfera es irrespirable. https://t.co/BhqStbFeyK,1575,581,967,64225,55,0,0,1,0.0,neutral
1911682232906903747,NunezFeijoo,Alberto Nunez Feijoo,Mon Apr 14 07:25:36 +0000 2025,"Enhorabuena al presidente @DanielNoboaOk por su reelección. 

Un respaldo del pueblo ecuatoriano a la estabilidad, la seguridad y el desarrollo.

Desde el @ppopular esperamos que este nuevo mandato sirva para fortalecer los vínculos entre países hermanos.",615,188,156,28209,255,0,2,0,0.0,neutral
1911678050577621472,NunezFeijoo,Alberto Nunez Feijoo,Mon Apr 14 07:08:59 +0000 2025,"Lamento el fallecimiento de Mario Vargas Llosa, el escritor monumental en español de nuestro tiempo y una voz nítida en defensa de las ideas liberales.

Mi más sentido pésame a sus familiares, amigos y a su eterna comunidad de lectores, que seguirá creciendo con el tiempo.

DEP.",1037,221,99,27719,279,0,0,0,0.0,neutral
1911373114685993430,NunezFeijoo,Alberto Nunez Feijoo,Sun Apr 13 10:57:16 +0000 2025,"Nuestra Semana Santa es un ejemplo de devoción, patrimonio y fe, reconocido a nivel mundial. 

Mi apoyo a las cofradías y hermandades de toda España. https://t.co/NuF4oa6S9l",2368,649,472,82258,173,0,0,1,0.0,neutral
1911090680711070141,NunezFeijoo,Alberto Nunez Feijoo,Sat Apr 12 16:14:59 +0000 2025,España necesita un Gobierno que esté a la altura de los millones de españoles que cada día trabajan duro para sacar nuestro país adelante. https://t.co/EELtoHoLqx,984,272,1136,74878,162,0,0,1,0.0,neutral
1910776350061027658,NunezFeijoo,Alberto Nunez Feijoo,Fri Apr 11 19:25:57 +0000 2025,Sánchez no puede solucionar ningún problema de los españoles porque está demasiado preocupado de sus problemas personales. https://t.co/QC6NvH5AjL,1670,532,1017,63065,146,0,0,1,-0.296,negative
1910650275037130882,NunezFeijoo,Alberto Nunez Feijoo,Fri Apr 11 11:04:58 +0000 2025,"Todos los que hemos vivido la enfermedad del párkinson en un ser querido sabemos lo que supone para las familias.

Hoy también están en mi memoria esperanzado con los avances médicos y comprometido con la investigación y con los sanitarios, que son un ejemplo de entrega.",533,148,155,29368,271,0,0,0,0.0,neutral
1910583330627518510,NunezFeijoo,Alberto Nunez Feijoo,Fri Apr 11 06:38:57 +0000 2025,"Una familia española ha perdido la vida en un accidente de helicóptero en Nueva York. 

Mi más sentido pésame a sus familiares y mi apoyo en estos momentos tan duros.",599,147,109,35782,166,0,0,0,0.34,positive
1909964514738729248,NunezFeijoo,Alberto Nunez Feijoo,Wed Apr 09 13:40:00 +0000 2025,Nuestros principios no están supeditados a intereses oscuros. Somos libres porque solo nos debemos a los ciudadanos. https://t.co/2UTMkVChjk,653,266,853,37724,140,0,0,1,-0.296,negative
1909959481657905576,NunezFeijoo,Alberto Nunez Feijoo,Wed Apr 09 13:20:00 +0000 2025,"Las ayudas tienen que ir a las empresas, no a los territorios ni a solucionar los problemas del Gobierno. https://t.co/XsYuk5wAxh",668,289,327,24383,129,0,0,1,-0.296,negative
1909955735254892992,NunezFeijoo,Alberto Nunez Feijoo,Wed Apr 09 13:05:07 +0000 2025,"España necesita un plan para hacer frente al desafío arancelario. De momento, el Gobierno está planteando un parche. https://t.co/HvYp0qSXQ1",408,210,233,16134,140,0,0,1,0.0,neutral
1909897897438765316,NunezFeijoo,Alberto Nunez Feijoo,Wed Apr 09 09:15:17 +0000 2025,"Es una gran noticia para España y para el @ppopular que @DolorsMM sea propuesta como secretaria general y, por tanto, número dos del mayor partido de la UE.

También, que un amigo como @ManfredWeber aspire a ser reelegido presidente del @EPP en nuestro país.

Con la designación",568,272,217,80042,278,0,4,0,0.0,neutral
1909698020083744793,NunezFeijoo,Alberto Nunez Feijoo,Tue Apr 08 20:01:03 +0000 2025,"La mejor de las noticias.

Tras diez meses afrontando un cáncer, nuestro compañero @jarmanrique ha vuelto al trabajo en el Congreso. 

Bienvenido, amigo. https://t.co/3r94csEE5q",2478,267,71,87914,177,0,1,1,0.34,positive
1909609676427444356,NunezFeijoo,Alberto Nunez Feijoo,Tue Apr 08 14:10:00 +0000 2025,"Hoy celebramos la historia y la cultura del pueblo gitano.

Su legado enriquece España y nos recuerda el valor de la diversidad.

#DíaPuebloGitano 
#600AñosPuebloGitano 
@gitanos_org https://t.co/4jRjraw3Bh",293,132,247,248691,206,2,1,1,0.0,neutral
1909499920429842932,NunezFeijoo,Alberto Nunez Feijoo,Tue Apr 08 06:53:52 +0000 2025,"Seguimos defendiendo los intereses de todos los españoles.

Frente a los aranceles: una respuesta europea, firme, proporcionada e inteligente.",563,316,632,46601,142,0,0,0,0.0,neutral
1909224639483809838,NunezFeijoo,Alberto Nunez Feijoo,Mon Apr 07 12:40:00 +0000 2025,El Partido Popular estará al servicio de la nación como partido de Estado. https://t.co/unkEhd727Q,684,301,884,39911,98,0,0,1,0.4215,positive
1909219170811593039,NunezFeijoo,Alberto Nunez Feijoo,Mon Apr 07 12:18:16 +0000 2025,"Lo que hay que proteger es el libre comercio.
Debemos trabajar para abrir puertas, no para poner más candados. https://t.co/LmeYcitmRI",1092,444,704,103562,134,0,0,1,-0.296,negative
1908236089048838147,NunezFeijoo,Alberto Nunez Feijoo,Fri Apr 04 19:11:51 +0000 2025,"Lamentable. Los aranceles no hacen más grande a nadie, sino más pequeños a todos.

https://t.co/nDaCWCB0xy",675,254,902,62615,106,0,0,1,-0.5719,negative
1907729789370167784,NunezFeijoo,Alberto Nunez Feijoo,Thu Apr 03 09:40:00 +0000 2025,"El establecimiento de aranceles es un ataque a nuestra agricultura, a nuestra industria y a nuestra gente. 

Quien ataca los intereses comerciales de mi país no contará con mi condescendencia. https://t.co/h3hUJHI73W",728,297,1032,63359,216,0,0,1,-0.296,negative
1907723497742209391,NunezFeijoo,Alberto Nunez Feijoo,Thu Apr 03 09:15:00 +0000 2025,Nadie que se llame a sí mismo “patriota” puede defender a quien perjudica los intereses de España. https://t.co/1RUqBpCfLI,1072,383,1205,82141,122,0,0,1,0.1027,positive
1973042912075428269,NunezFeijoo,Alberto Nunez Feijoo,Tue Sep 30 15:11:02 +0000 2025,"Si no fuese por el bloqueo de Francina Armengol, hoy los españoles podrían pagar menos impuestos, desalojar a los okupas en 24 horas o tener un Estado más fuerte. https://t.co/mPsu1mLjOF",2957,897,860,104828,186,0,0,1,-0.296,negative
1972577910050664499,NunezFeijoo,Alberto Nunez Feijoo,Mon Sep 29 08:23:17 +0000 2025,"Gracias a todos los ciudadanos que nos habéis acompañado este fin de semana en Murcia. 

Vamos a construir juntos el proyecto que levantará España. https://t.co/XYCSokmuBG",615,162,543,58562,171,0,0,1,0.0,neutral
1972544564704817605,NunezFeijoo,Alberto Nunez Feijoo,Mon Sep 29 06:10:46 +0000 2025,"Jon no solo es una leyenda del deporte de nuestro país. Es un mito del golf en todo el mundo que acaba de lucir la bandera de España tras ganar la Ryder Cup lejos de casa, en Nueva York. 

Felicidades @jonrahmofficial.
Felicidades #TeamEurope. 

""Vuestro momento. Vuestro lugar"" https://t.co/AhbgL688SB",2218,266,142,60097,302,1,1,1,-0.296,negative
1970808524713426984,NunezFeijoo,Alberto Nunez Feijoo,Wed Sep 24 11:12:22 +0000 2025,"Señor Sánchez, no merece tener ni el acta de diputado. https://t.co/lzJiIohv6c",2244,636,1508,103099,78,0,0,1,-0.296,negative
1970735013193715926,NunezFeijoo,Alberto Nunez Feijoo,Wed Sep 24 06:20:16 +0000 2025,"Ni mayoría parlamentaria ni siquiera unidad dentro del Gobierno. Doble ruptura entre Sánchez y sus socios.

Vuelve a confirmarse que esta legislatura hace tiempo que no va a ningún lado. https://t.co/FoLUS7ZF5s",971,367,376,34934,210,0,0,1,-0.296,negative
1970513630828376363,NunezFeijoo,Alberto Nunez Feijoo,Tue Sep 23 15:40:34 +0000 2025,"La trata de personas con fines sexuales es uno de los rostros más crueles de la desigualdad. 

Ya hay más de 100.000 víctimas y hoy hemos venido a @APRAMP a escuchar algunos de sus testimonios. Mi compromiso es combatir a las mafias y a los proxenetas que se lucran con las https://t.co/lPX0pz19V4",414,189,174,24081,297,0,1,1,0.0,neutral
1970497934606377087,NunezFeijoo,Alberto Nunez Feijoo,Tue Sep 23 14:38:12 +0000 2025,"Pretenden que nos acostumbremos a esto, pero es importante recordar que no es normal.

https://t.co/wMNmPrzgpP",3087,943,1102,110167,110,0,0,1,-0.296,negative
1970407128121655312,NunezFeijoo,Alberto Nunez Feijoo,Tue Sep 23 08:37:22 +0000 2025,"Enhorabuena a Aitana Bonmatí por su impresionante tercer Balón de Oro consecutivo, al alcance de muy pocos. 

Orgullo del deporte español.

https://t.co/uwdHim6Sb1",360,69,149,22811,163,0,0,1,0.0,neutral
1969837619354972571,NunezFeijoo,Alberto Nunez Feijoo,Sun Sep 21 18:54:20 +0000 2025,"Poner en riesgo la vida de las mujeres maltratadas no es una negligencia cualquiera. 

Es el culmen de la incompetencia y, por eso se han de asumir responsabilidades.

Recordemos que hay un Ministerio solo para esto. https://t.co/vdqc5xbhvV",3358,1366,803,99413,240,0,0,1,-0.296,negative
1969362772207997399,NunezFeijoo,Alberto Nunez Feijoo,Sat Sep 20 11:27:28 +0000 2025,"Juzguemos a la gente por lo que aporta, no por lo que vota.",3641,588,1196,457308,59,0,0,0,-0.296,negative
1968585275220582818,NunezFeijoo,Alberto Nunez Feijoo,Thu Sep 18 07:57:58 +0000 2025,"Primero desprotegieron a las mujeres con la ley del sí es sí y después con esto. En ambas ocasiones se les advirtió y lo ignoraron.

Quien pone depredadores sexuales en la calle debe dimitir o ser cesado de inmediato.

Ahórrense al menos las lecciones de feminismo.",1654,647,459,63180,265,0,0,0,0.0,neutral
1967575378299351084,NunezFeijoo,Alberto Nunez Feijoo,Mon Sep 15 13:05:00 +0000 2025,"Gaza, violencia política, Maduro, seguridad, unidad.

No todo es conmigo o contra mí. https://t.co/hN86AixrXB",962,322,732,46058,109,0,0,1,-0.296,negative
1967571772955595189,NunezFeijoo,Alberto Nunez Feijoo,Mon Sep 15 12:50:41 +0000 2025,"Quiero que la política deje de ser un problema para la gente.

España no quiere más circo. España quiere más pan. https://t.co/4oqObIUUtf",1630,554,2010,98593,137,0,0,1,-0.296,negative
1966562984135696498,NunezFeijoo,Alberto Nunez Feijoo,Fri Sep 12 18:02:07 +0000 2025,Ya hay demasiadas amigas haciendo favores que pagamos los españoles de nuestros impuestos. https://t.co/4s6CI3u8Wb,1099,349,847,51070,114,0,0,1,0.0,neutral
1966048983228338246,NunezFeijoo,Alberto Nunez Feijoo,Thu Sep 11 07:59:39 +0000 2025,"Por una Cataluña de todos, en convivencia y en libertad.

Por una Cataluña próspera, abierta y competitiva.

Bona Diada a todos los catalanes.

__

Per una Catalunya per a tothom, en convivència i en llibertat.

Per una Catalunya pròspera, oberta i competitiva.

Bona Diada a tots",399,112,424,89082,280,0,0,0,0.0,neutral
1965684920401232315,NunezFeijoo,Alberto Nunez Feijoo,Wed Sep 10 07:53:00 +0000 2025,La corrupción no se ha ido porque Sánchez sigue en La Moncloa. https://t.co/VWlyGW1XLR,1877,620,915,67112,86,0,0,1,-0.5,negative
1965683213118149056,NunezFeijoo,Alberto Nunez Feijoo,Wed Sep 10 07:46:13 +0000 2025,"Sánchez prometió ejemplaridad, pero nunca la ha practicado. https://t.co/34aHNObIrm",1619,530,473,42439,83,0,0,1,0.34,positive
1965068719878819997,NunezFeijoo,Alberto Nunez Feijoo,Mon Sep 08 15:04:26 +0000 2025,"Los terroristas de Hamas han aplaudido hoy un atentado y a Sánchez. Una vez más. 

Esto es una barbaridad de la que que tiene que desmarcarse inmediatamente.",4210,1070,1227,201377,157,0,0,0,0.0,neutral
1963343514441277526,NunezFeijoo,Alberto Nunez Feijoo,Wed Sep 03 20:49:05 +0000 2025,"Toda la fortaleza a los afectados por el accidente de Lisboa. 

Un golpe duro para nuestros hermanos portugueses, a los que mando todo nuestro cariño y solidaridad.",1016,173,117,45662,164,0,0,0,0.0,neutral
1962832183782961623,NunezFeijoo,Alberto Nunez Feijoo,Tue Sep 02 10:57:14 +0000 2025,"Tenerte ayer con nosotros sí que fue especial.

Un abrazo, Borja.",1517,215,132,50718,65,0,0,0,0.0,neutral
1962775983250944228,NunezFeijoo,Alberto Nunez Feijoo,Tue Sep 02 07:13:55 +0000 2025,"Hoy celebramos el Día de Ceuta, símbolo de historia, diversidad y convivencia. Ceuta merece una política fiscal, sanitaria y migratoria..... a la altura: legal, solidaria y rigurosa, con visión de Estado y futuro.

Mi felicitación a todos los ceutíes, ejemplo de compromiso con",304,83,116,20062,277,0,0,0,0.128,positive
1962624221252559020,NunezFeijoo,Alberto Nunez Feijoo,Mon Sep 01 21:10:52 +0000 2025,"Sánchez ha ido a la televisión pública a descalificar a jueces que investigan a los suyos y a contarnos que podría seguir sin aprobar presupuestos por tercera vez porque es mucho mejor que convocar elecciones.

Esto no es anomalía democrática. Es YA un peligro para España.",7451,2122,1707,315134,273,0,0,0,-0.5267,negative
1962512013852381608,NunezFeijoo,Alberto Nunez Feijoo,Mon Sep 01 13:45:00 +0000 2025,"Nos comprometemos a priorizar en este curso político las reformas legislativas que necesita España en tres ámbitos concretos: 
1. La regeneración democrática 
2. La política migratoria 
3. La defensa de nuestro campo https://t.co/A9cPEwEHIE",711,347,391,25184,240,0,0,1,0.0,neutral
1962507919041126614,NunezFeijoo,Alberto Nunez Feijoo,Mon Sep 01 13:28:44 +0000 2025,España no puede afrontar los retos de 2026 con los presupuestos aprobados en 2022. https://t.co/7UvLYdpJ3z,781,348,286,26209,106,0,0,1,-0.296,negative
1960958712367218914,NunezFeijoo,Alberto Nunez Feijoo,Thu Aug 28 06:52:44 +0000 2025,"Sánchez, de nuevo excluido de una reunión de alto nivel internacional. 

Esta vez es la complicidad con Maduro lo que pasa factura.

España necesita una política exterior seria y eso empieza por defender la democracia en vez de conchabar con la dictadura. https://t.co/yYNie1V1VC",3382,1212,2065,273747,279,0,0,1,0.1027,positive
1960069418421018819,NunezFeijoo,Alberto Nunez Feijoo,Mon Aug 25 19:59:00 +0000 2025,Un talento tan grande no debería irse tan pronto. Lo lamento.,768,118,287,81757,61,0,0,0,-0.296,negative
1957820563226857553,NunezFeijoo,Alberto Nunez Feijoo,Tue Aug 19 15:02:51 +0000 2025,".@vonderleyen nos ha informado de las conversaciones en Washington: unidad, alto el fuego previo a negociación, solo Ucrania decide sobre su territorio y avances en garantías de seguridad a Ucrania con apoyo EEUU.

Queda un proceso negociador muy difícil y decisivo para Europa. https://t.co/t5wBE8Vby1",1046,333,1457,137280,302,0,1,1,0.34,positive
1957751613797409164,NunezFeijoo,Alberto Nunez Feijoo,Tue Aug 19 10:28:52 +0000 2025,"5 días pidiendo reforzar a las Fuerzas Armadas y la mayoría de lo pedido no ha llegado. 

5 años sin aprobar un Mecanismo Nacional de Respuesta de Protección Civil.

Los fondos de prevención sin invertir. 

El deber de Sánchez es prestar socorro, no escatimar e improvisar https://t.co/4pcZagrOje",2407,985,2224,218435,296,0,0,1,-0.8869,negative
1957519574855041502,NunezFeijoo,Alberto Nunez Feijoo,Mon Aug 18 19:06:50 +0000 2025,"Mañana celebraremos una Cumbre convocada por el Partido Popular Europeo para analizar las conversaciones de hoy sobre Ucrania. 

Se está definiendo el futuro de Europa.",968,236,925,126933,168,0,0,0,0.4215,positive
1957065687651823980,NunezFeijoo,Alberto Nunez Feijoo,Sun Aug 17 13:03:15 +0000 2025,"Es deber del Gobierno demostrar que a partir de ahora va a estar por encima del oportunismo político y los chascarrillos partidistas.

En una situación así, la gente y los agentes que llevan días luchando contra él merecen el apoyo inequívoco de todas sus administraciones.",286,135,228,25080,273,0,0,0,0.0,neutral
1957065685936304500,NunezFeijoo,Alberto Nunez Feijoo,Sun Aug 17 13:03:14 +0000 2025,"Muchos españoles tenemos la sensación de que los recursos que se prometen activar hoy, cuando Sánchez se ha decidido a salir de La Mareta, deberían haber llegado mucho antes, cuando miles de personas tuvieron que ser desalojadas a la fuerza de sus viviendas.",394,183,211,29496,258,0,0,0,0.34,positive
1957065683943960758,NunezFeijoo,Alberto Nunez Feijoo,Sun Aug 17 13:03:14 +0000 2025,"La total colaboración debería haber sido la prioridad desde el minuto uno, en esta y en cualquier emergencia. 

Quiero reconocer que todas las comunidades, con independencia del color político, lo han entendido así, y que ése es el ejemplo a seguir por parte de todos.",193,85,38,16422,268,0,0,0,0.0,neutral
1957065682203422901,NunezFeijoo,Alberto Nunez Feijoo,Sun Aug 17 13:03:13 +0000 2025,"Sánchez ha reconocido hoy 5 errores propios: falta de previsión, de planificación, de anticipación, de inversión y de reacción. 

A estas alturas de la crisis, el sentido de Estado contra la emergencia ya solo puede empezar porque no escatime ni un solo medio para combatirla.",229,98,108,19309,276,0,0,0,-0.5994,negative
1957065680362078528,NunezFeijoo,Alberto Nunez Feijoo,Sun Aug 17 13:03:13 +0000 2025,"Disponer de más medios de la UE y de más efectivos y máquinas del Ejército es imprescindible. 

Hay que atender todas las peticiones de las CCAA, sin excepciones ni excusas. Y pasar ya de la generalidad a la concreción para compensar el tiempo perdido: qué va a mandar y cuándo.",208,92,69,20752,278,0,0,0,-0.5574,negative
1957065678290080213,NunezFeijoo,Alberto Nunez Feijoo,Sun Aug 17 13:03:12 +0000 2025,"El único camino contra los fuegos tan extraordinarios que vivimos es usar hasta el último recurso disponible del Estado y de la UE. 

Aunque hacerlo una semana después es tarde, cabe dar la bienvenida a la rectificación del Gobierno y pedir que se concrete.",2245,684,1968,289676,257,0,0,0,0.0,neutral
1957028369981215162,NunezFeijoo,Alberto Nunez Feijoo,Sun Aug 17 10:34:57 +0000 2025,"Hace días que pedimos activar el Mecanismo europeo de Protección Civil para más recursos aéreos y el despliegue de efectivos y maquinaria del Ejército. 

El Gobierno tiene que dejar de llegar tarde siempre. Pido a Sánchez que no deje pasar más tiempo y lleguen los medios ya.",2499,831,1561,666186,275,0,0,0,-0.296,negative
1956662075419226586,NunezFeijoo,Alberto Nunez Feijoo,Sat Aug 16 10:19:26 +0000 2025,"3. Además, las Fuerzas Armadas tienen Helicópteros de transporte de personal civil o intervinientes que pueden movilizar rápido de una CCAA a otra y helicópteros para transporte de material pesado. 

Si se quiere, se puede hacer mucho.",446,195,209,44649,235,0,0,0,0.0,neutral
1956662072294400350,NunezFeijoo,Alberto Nunez Feijoo,Sat Aug 16 10:19:25 +0000 2025,"2. Los batallones de ingenieros cuentan con bulldozer D7 y D5 y motoniveladoras que, aunque no podrán hacer ataque directo, sí podrán hacer cortafuegos para proteger pueblos o crear zonas desde la que los intervinientes o bomberos puedan atacar al fuego directamente.",392,169,107,48984,267,0,0,0,-0.296,negative
1956662069421281361,NunezFeijoo,Alberto Nunez Feijoo,Sat Aug 16 10:19:25 +0000 2025,"¿Por qué pedimos que se despliegue el ejército además de la UME?

1. Las Fuerzas Armadas tienen capacidades  importantes para poder ayudar a los operativos y a la población civil. No en ataque directo, pero si en tareas de logística, vigilancia y disuasión de pirómanos.",2543,834,1607,754295,270,0,0,0,-0.296,negative
1955711463567262203,NunezFeijoo,Alberto Nunez Feijoo,Wed Aug 13 19:22:02 +0000 2025,"Estamos ante una crisis incendiaria de enorme repercusión que aún no sabemos cuándo podrá remitir.

Un político razonable tiene que decirle la verdad a la gente, no ocultarla ni reírse de las dificultades de su país. https://t.co/kCVcSnMFuh",2446,718,1953,140548,240,0,0,1,-0.8176,negative
1955691752297562416,NunezFeijoo,Alberto Nunez Feijoo,Wed Aug 13 18:03:43 +0000 2025,"Hemos conocido de primera mano la labor de los servicios de extinción de incendios en el puesto de control avanzado de Chandrexa de Queixa, en Ourense.

Quiero trasladar todo mi apoyo a las diferentes dotaciones que se están jugando la vida trabajando sin descanso para proteger a https://t.co/l1x7M1aF5p",1570,421,892,122319,304,0,0,1,-0.5574,negative
1955603804067692743,NunezFeijoo,Alberto Nunez Feijoo,Wed Aug 13 12:14:14 +0000 2025,"España fuera de la Cumbre sobre Ucrania porque Sánchez está amortizado. 

Estar al margen de grandes debates, ser insolidario con nuestros aliados, el acercamiento unilateral a China o el apoyo a la dictadura venezolana tiene consecuencias: que nuestro país juegue en 2ª división.",3203,800,1706,472918,280,0,0,0,0.0,neutral
1955054100904640553,NunezFeijoo,Alberto Nunez Feijoo,Mon Aug 11 23:49:55 +0000 2025,"Los incendios están generando una situación muy delicada en todo el país, en estos momentos con especial intensidad en Madrid. 

Es imprescindible la solidaridad con los afectados, el agradecimiento a los efectivos que trabajan en la extinción y la altura de miras de todos.",2117,445,1154,672711,274,0,0,0,0.0,neutral
1954860668395352227,NunezFeijoo,Alberto Nunez Feijoo,Mon Aug 11 11:01:17 +0000 2025,"Lamento el fallecimiento de Miguel Uribe Turbay, precandidato a las elecciones presidenciales de Colombia vilmente tiroteado en un acto de campaña.

Valiente y decidido, Uribe era un firme defensor de la libertad y la esperanza de muchos colombianos.

Descanse en paz.",2743,572,227,128292,268,0,0,0,0.0,neutral
1954806817319449022,NunezFeijoo,Alberto Nunez Feijoo,Mon Aug 11 07:27:18 +0000 2025,"En permanente contacto con @alferma1 para conocer la evolución de los incendios que afectan a Castilla y León.

Todo mi apoyo a los efectivos de extinción que tratan de sofocarlos y mi cariño a los afectados.

Prudencia y atención a las indicaciones.",968,196,1010,1324122,250,0,1,0,0.0,neutral
1954622858849820861,NunezFeijoo,Alberto Nunez Feijoo,Sun Aug 10 19:16:19 +0000 2025,"Todo mi ánimo para Morante de la Puebla tras la cogida sufrida hoy en Pontevedra. Nos enseñas que el toreo clásico y puro nunca está exento de peligro.

Te deseo una pronta recuperación, maestro. Muchos españoles seguimos con ilusión tu temporada histórica.",2298,271,1011,822417,257,0,0,0,0.0,neutral
1954469290867892490,NunezFeijoo,Alberto Nunez Feijoo,Sun Aug 10 09:06:05 +0000 2025,"Felicidades a todos los cántabros. 

Me uno a la celebración de vuestras tradiciones y costumbres y el orgullo de una tierra única. https://t.co/xnuKNyqX0j",633,133,223,33514,155,0,0,1,0.0,neutral
1953941104795017508,NunezFeijoo,Alberto Nunez Feijoo,Fri Aug 08 22:07:16 +0000 2025,"Es una gran noticia que la actuación haya sido tan rápida. 

Ojalá el daño a esta joya de nuestro patrimonio haya sido el mínimo posible.",984,195,243,69656,137,0,0,0,0.0,neutral
1952682221795430681,NunezFeijoo,Alberto Nunez Feijoo,Tue Aug 05 10:44:55 +0000 2025,"Estoy pendiente a través de sus compañeros de la Policía Nacional y ojalá se resuelva de la mejor forma posible. 

Nadie se merece esta brutalidad y menos aún un servidor público que iba a evitar un delito fuera de servicio. 

Todo el apoyo a su familia.
https://t.co/DF9dqHFNK9",2826,745,582,202525,278,0,0,1,0.0,neutral
1951988583071412587,NunezFeijoo,Alberto Nunez Feijoo,Sun Aug 03 12:48:39 +0000 2025,"España vive tiempos inciertos. 

Me comprometo a luchar por unos aranceles razonables. https://t.co/OYqXa6vPi0",1072,346,1829,117680,110,0,0,1,0.0,neutral
1951347619705528727,NunezFeijoo,Alberto Nunez Feijoo,Fri Aug 01 18:21:41 +0000 2025,"El Presidente @AlvaroUribeVel me parece un hombre íntegro, que siempre ha defendido a Colombia de sus adversarios de manera democrática.

La justicia no debe utilizarse para presionar a la oposición.",826,293,431,127628,199,0,1,0,0.0516,positive
1950896077416136765,NunezFeijoo,Alberto Nunez Feijoo,Thu Jul 31 12:27:25 +0000 2025,"El balance de este curso político: frente a un PSOE que da miedo, un PP que da esperanza. https://t.co/xHHj0qYIUy",1255,478,1600,73458,113,0,0,1,0.0,neutral
1950873574685745230,NunezFeijoo,Alberto Nunez Feijoo,Thu Jul 31 10:58:00 +0000 2025,Hoy en España todo lo que depende del Gobierno funciona peor. https://t.co/fqEBgJ4kPi,1011,409,807,90318,85,0,0,1,0.0,neutral
1950869243756532177,NunezFeijoo,Alberto Nunez Feijoo,Thu Jul 31 10:40:47 +0000 2025,"El PSOE ha abandonado a las mujeres y por eso las mujeres están abandonando al PSOE.

El sanchismo es machismo. https://t.co/sM3Rq6niJU",1636,576,842,84585,135,0,0,1,0.34,positive
1950619598719742176,NunezFeijoo,Alberto Nunez Feijoo,Wed Jul 30 18:08:47 +0000 2025,"Agradezco a los representantes de las víctimas de la DANA la cordialidad y la voluntad compartida de avanzar en una respuesta coordinada.

El @PPopular diseñó el Plan Valencia para la Reconstrucción. Si el PSOE sigue vetándolo, me comprometo a impulsarlo desde el Gobierno. https://t.co/RfdB8Y9pUF",1204,378,935,87256,297,0,1,1,0.0,neutral
1950170787790389272,NunezFeijoo,Alberto Nunez Feijoo,Tue Jul 29 12:25:22 +0000 2025,"Es sencillo.

Quien se sienta en el banquillo de los acusados no puede perseguir delitos.

El fiscal general debe dimitir inmediatamente. No puede seguir ni un minuto más.",5300,1660,1137,246954,171,0,0,0,-0.5267,negative
1950156162889888123,NunezFeijoo,Alberto Nunez Feijoo,Tue Jul 29 11:27:16 +0000 2025,"Lamento el fallecimiento de un miembro del equipo que lucha contra el #IFCuevasDelValle. Todo mi cariño a su familia y compañeros.

Pido a la ciudadanía que siga las indicaciones de las autoridades.",377,109,103,26369,198,1,0,0,0.0,neutral
1949882761210450049,NunezFeijoo,Alberto Nunez Feijoo,Mon Jul 28 17:20:51 +0000 2025,"Vuestra causa es la nuestra.

¡Viva Venezuela!
¡Viva la libertad! https://t.co/W3hXLm9HlC",7141,2154,891,340784,89,0,0,1,0.0,neutral
1949807179835355355,NunezFeijoo,Alberto Nunez Feijoo,Mon Jul 28 12:20:31 +0000 2025,España recuperará el rumbo cuando cambie de Gobierno. https://t.co/PQTuB64Luw,1168,404,1087,176183,77,0,0,1,0.0,neutral
1949798887079793031,NunezFeijoo,Alberto Nunez Feijoo,Mon Jul 28 11:47:34 +0000 2025,Todo se sabrá y todo se limpiará. https://t.co/zIX5NmKmdC,1550,579,1169,87158,57,0,0,1,0.0,neutral
1949794350172385652,NunezFeijoo,Alberto Nunez Feijoo,Mon Jul 28 11:29:33 +0000 2025,La legislatura está agotada. https://t.co/f1pgqWdt2H,1539,571,1150,109111,52,0,0,1,0.0,neutral
1949545391394791762,NunezFeijoo,Alberto Nunez Feijoo,Sun Jul 27 19:00:16 +0000 2025,"Lo habéis dado todo, pero no ha podido ser. 

Enhorabuena a la @SEFutbolFem por luchar hasta el final y hacernos soñar.

Estamos orgullosos de vosotras.",682,166,209,47868,152,0,1,0,-0.2584,negative
1948641305250189377,NunezFeijoo,Alberto Nunez Feijoo,Fri Jul 25 07:07:45 +0000 2025,"Celebramos o Día de Galicia, a dos mil ríos e dous mares, e lembramos o apóstolo Santiago, patrón de España, que nos acompaña durante o Camiño. https://t.co/yemx3eSvyX",102,37,67,8523,167,0,0,1,0.0,neutral
1948641300951040316,NunezFeijoo,Alberto Nunez Feijoo,Fri Jul 25 07:07:44 +0000 2025,"Celebramos el Día de Galicia, la de los mil ríos y dos mares, y recordamos al apóstol Santiago, patrón de España, que nos acompaña durante el Camino. https://t.co/T3LN2xlgT4",2068,368,566,74722,173,0,0,1,0.0,neutral
1948365929504510425,NunezFeijoo,Alberto Nunez Feijoo,Thu Jul 24 12:53:31 +0000 2025,"Es un honor asistir a la ceremonia de entrega de las Medallas de Galicia 2025.

Ricardo Rio, alcalde de Braga, y Rui Moreira, alcalde de Oporto, representan el compromiso de cooperación y hermandad entre Galicia y Portugal. https://t.co/wpcJoTW9Ov",417,119,249,78915,247,0,0,1,0.4939,positive
1948134570680864925,NunezFeijoo,Alberto Nunez Feijoo,Wed Jul 23 21:34:10 +0000 2025,"La @SEFutbolFem demuestra una vez más su valor y coraje hasta el último minuto.

¡Enhorabuena y a por la final! España está con vosotras.

#WEURO2025",416,85,123,34214,149,1,1,0,0.0,neutral
1948063509813616916,NunezFeijoo,Alberto Nunez Feijoo,Wed Jul 23 16:51:48 +0000 2025,"3. Noelia Núñez ha presentado su dimisión de todos sus cargos públicos. Es una decisión que le honra.

Por conductas francamente más graves, e incluso delictivas, el PSOE le habría dicho que aguantase. Ni Noelia es como ellos ni yo soy como Sánchez.",1885,411,820,181966,249,0,0,0,0.0516,positive
1948063507963904315,NunezFeijoo,Alberto Nunez Feijoo,Wed Jul 23 16:51:48 +0000 2025,"2. Que el listón ético de Sánchez y los suyos no exista no significa que los demás debamos modificar el nuestro. Desde luego, yo no lo haré. 

Tras una vida dedicada al servicio público, puedo y quiero preservar la confianza de los españoles en la política.",1200,269,203,91748,257,0,0,0,-0.3637,negative
1948063505946689745,NunezFeijoo,Alberto Nunez Feijoo,Wed Jul 23 16:51:47 +0000 2025,"1. Las lecciones de ejemplaridad del PSOE no me conciernen porque no puede darlas.

Muchos de los que han atacado sin piedad a Noelia Núñez conviven sin rubor con la total inmoralidad y la mentira hecha persona.",7386,1643,2474,962010,211,0,0,0,-0.891,negative
1948034310641954981,NunezFeijoo,Alberto Nunez Feijoo,Wed Jul 23 14:55:47 +0000 2025,De los cuatro del Peugeot: dos no pueden salir de España porque el Supremo les ha retirado el pasaporte y otro no puede salir de la cárcel. https://t.co/wsexC5P1Wk,2360,723,620,74978,163,0,0,1,0.2263,positive
1947992770460766291,NunezFeijoo,Alberto Nunez Feijoo,Wed Jul 23 12:10:43 +0000 2025,El Gobierno está colapsado y la legislatura está muerta. https://t.co/ia1X16zLkE,1718,564,959,110370,80,0,0,1,0.0,neutral
1946964189681000787,NunezFeijoo,Alberto Nunez Feijoo,Sun Jul 20 16:03:30 +0000 2025,"María Corina Machado es un ejemplo de lucha por la libertad. Es una inspiración para los venezolanos y para todos los demócratas.

Cuenta y contará con nuestro total y decidido apoyo. Su causa es la nuestra.

https://t.co/F6kfR3qyqX",2244,713,551,233122,232,0,0,1,0.0,neutral
1946918017448706319,NunezFeijoo,Alberto Nunez Feijoo,Sun Jul 20 13:00:02 +0000 2025,Que se investigue hasta el final. https://t.co/MtPDbr6aqq,1583,477,796,95876,57,0,0,1,0.0,neutral
1946908613290635565,NunezFeijoo,Alberto Nunez Feijoo,Sun Jul 20 12:22:39 +0000 2025,Mi objetivo es conseguir un gobierno fuerte para reponer los destrozos de los últimos 7 años y volver a la normalidad política. https://t.co/2MrVqCKPHH,1746,496,1928,179554,151,0,0,1,0.0,neutral
1946844048112660957,NunezFeijoo,Alberto Nunez Feijoo,Sun Jul 20 08:06:06 +0000 2025,"""Pedro Sánchez ha nacido con un ADN político unido al fraude"".

Comparto con vosotros mi entrevista en @lavozdegalicia. 

https://t.co/HZxc2n8xJQ",1854,630,1891,186876,145,0,1,1,0.34,positive
1946119158799683677,NunezFeijoo,Alberto Nunez Feijoo,Fri Jul 18 08:05:39 +0000 2025,"Mi criterio acerca de la corrupción es muy claro y no cambia con independencia de a quién afecte. 

Yo no hablaré ni de persecución de los jueces ni de pseudomedios. Lo que haya que investigar, que se investigue.",4253,1080,2125,380369,212,0,0,0,-0.5267,negative
1945796285333659675,NunezFeijoo,Alberto Nunez Feijoo,Thu Jul 17 10:42:40 +0000 2025,"Ha fallecido Dionisio García Carnero, un referente del PP de Zamora por su entrega y su política de proximidad, pero sobre todo un buen hombre. 

Un fuerte abrazo a su familia y amigos.",733,117,547,57793,185,0,0,0,0.34,positive
1945471612888690958,NunezFeijoo,Alberto Nunez Feijoo,Wed Jul 16 13:12:32 +0000 2025,Espero y deseo que Sánchez sea un paréntesis oscuro en la historia democrática de España. https://t.co/EImwhFEg6v,1674,458,2027,115036,113,0,0,1,0.0,neutral
1945469942775640120,NunezFeijoo,Alberto Nunez Feijoo,Wed Jul 16 13:05:54 +0000 2025,La amnistía es inconstitucional y va contra los Tratados de la UE. https://t.co/z09dWLa1qJ,1085,354,530,36205,90,0,0,1,0.0,neutral
1945462664928416173,NunezFeijoo,Alberto Nunez Feijoo,Wed Jul 16 12:36:58 +0000 2025,El cupo separatista es un acto contra la mayoría de los españoles y de la igualdad. https://t.co/YQICQ91Eyb,672,230,323,30610,107,0,0,1,0.0,neutral
1945128642675114085,NunezFeijoo,Alberto Nunez Feijoo,Tue Jul 15 14:29:41 +0000 2025,El mensaje de convivencia de la España que viene. https://t.co/iMuvoCoEIb,2569,861,1552,599155,73,0,0,1,0.0,neutral
1944846863338791104,NunezFeijoo,Alberto Nunez Feijoo,Mon Jul 14 19:50:00 +0000 2025,La igualdad de los ciudadanos en el acceso a sus servicios públicos no puede depender del Código Postal. https://t.co/2ML5zeHRfL,847,294,466,50225,128,0,0,1,-0.296,negative
1944844605666820553,NunezFeijoo,Alberto Nunez Feijoo,Mon Jul 14 19:41:02 +0000 2025,La dejación de funciones y la sensación de caos en todo lo que depende del Gobierno es absoluta. https://t.co/lZzF4hg6Lb,1295,385,541,63376,120,0,0,1,0.0,neutral
1944730949305905539,NunezFeijoo,Alberto Nunez Feijoo,Mon Jul 14 12:09:24 +0000 2025,"Uno no elige los golpes de la vida, pero sí cómo los encara. 

@bsemper afrontará el que le toca ahora con la valentía que ha marcado toda su vida, y nos tendrá a todos los que le queremos a su lado. https://t.co/PcRYV0WtuR",6236,883,517,221226,223,0,1,1,0.0516,positive
1944411594466738200,NunezFeijoo,Alberto Nunez Feijoo,Sun Jul 13 15:00:24 +0000 2025,"Bajo ningún concepto los españoles pueden acostumbrarse a vivir en un país inseguro.

Mi apoyo a los ertzainas heridos en Ordizia y mis deseos de pronta recuperación.

España merece un Gobierno que recupere el respeto a la autoridad, a quienes nos protegen y hacen cumplir la ley.",3694,767,1198,319337,280,0,0,0,0.0,neutral
1944143690693587408,NunezFeijoo,Alberto Nunez Feijoo,Sat Jul 12 21:15:50 +0000 2025,"He hablado con @PedroAngelRT y con @LopezMirasF. 

El Gobierno debe reforzar los efectivos para frenar la espiral de violencia inmediatamente. 

Lo primero es garantizar la seguridad ciudadana y que todos respondan ante la Ley, empezando por los agresores de un mayor indefenso.",3600,744,1845,399067,278,0,2,0,0.0,neutral
1943648970888315269,NunezFeijoo,Alberto Nunez Feijoo,Fri Jul 11 12:30:00 +0000 2025,"No sobra Policía Nacional ni Guardia Civil en Cataluña, lo que sobran son delitos. https://t.co/fohtsIxN8x",1619,504,697,81641,106,0,0,1,-0.296,negative
1943645659950719198,NunezFeijoo,Alberto Nunez Feijoo,Fri Jul 11 12:16:51 +0000 2025,"El Gobierno nació con la corrupción, vive con la corrupción y morirá con la corrupción. https://t.co/JIbVLScaYx",1879,573,1212,64688,111,0,0,1,0.0,neutral
1943636588874858747,NunezFeijoo,Alberto Nunez Feijoo,Fri Jul 11 11:40:48 +0000 2025,En los 100 primeros días de Gobierno reforzaremos la seguridad de los españoles con una Ley contra la multirreincidencia. https://t.co/LXBVRK81S6,1209,422,1281,426420,145,0,0,1,0.0,neutral
1943024608795365492,NunezFeijoo,Alberto Nunez Feijoo,Wed Jul 09 19:09:01 +0000 2025,Los españoles no salieron a las calles por Miguel Ángel Blanco para que hoy entren en La Moncloa los herederos políticos de sus asesinos. https://t.co/P5Sps61GsB,4776,1397,1519,153253,161,0,0,1,-0.296,negative
1942965078506303632,NunezFeijoo,Alberto Nunez Feijoo,Wed Jul 09 15:12:27 +0000 2025,"Su irresponsabilidad no solo arrastra a España, sino a toda Europa. https://t.co/Jgqfoxub21",2088,613,676,55488,91,0,0,1,-0.296,negative
1942935033716633652,NunezFeijoo,Alberto Nunez Feijoo,Wed Jul 09 13:13:04 +0000 2025,"Sánchez fue partícipe, a título lucrativo, del abominable negocio de la prostitución. https://t.co/CgkKSmcRXU",6775,2028,1987,660612,109,0,0,1,0.0,neutral
1942877113419190670,NunezFeijoo,Alberto Nunez Feijoo,Wed Jul 09 09:22:55 +0000 2025,"""Lo mejor para usted es confesar todo lo que sabe, ayudar a devolver el botín y convocar elecciones"".

Mi respuesta a Sánchez en el Congreso de los Diputados. https://t.co/FkEqyS3N9o",5355,1743,1559,196517,182,0,0,1,0.0,neutral
1942696537576071583,NunezFeijoo,Alberto Nunez Feijoo,Tue Jul 08 21:25:22 +0000 2025,"Lamento el fallecimiento de Suso Díaz, sindicalista histórico de CCOO-Galicia.

Todo mi respeto para su familia, especialmente para su hija, @Yolanda_Diaz_.",1921,113,233,285497,156,0,1,0,0.0,neutral
1942619032324018529,NunezFeijoo,Alberto Nunez Feijoo,Tue Jul 08 16:17:24 +0000 2025,"Otro récord de Sánchez: el informe del Estado de Derecho más duro con España hasta la fecha.

Europa advierte sobre la corrupción, la amnistía, los ataques a los jueces, las reformas de la Ley Bolaños y el control sobre RTVE.

Haremos las leyes necesarias contra esta decadencia.",2854,900,867,156817,279,0,0,0,0.0,neutral
1942578485622661266,NunezFeijoo,Alberto Nunez Feijoo,Tue Jul 08 13:36:16 +0000 2025,"Seguimos con preocupación las noticias que nos llegan sobre el incendio en Terres de l'Ebre, en Tarragona, que ha quemado ya más de 3100 hectáreas y ha obligado a desalojar a numerosos vecinos. 

Ánimo a los profesionales de extinción y solidaridad con la población. #IFPaüls",631,158,372,55766,275,1,0,0,0.5859,positive
1941852816139542555,NunezFeijoo,Alberto Nunez Feijoo,Sun Jul 06 13:32:43 +0000 2025,"Es el momento de ser claros.

#21CongresoNacionalPP 
#TomaPartidoPorEspaña https://t.co/OrfcGf1Ban",1968,830,1088,195109,98,2,0,1,0.0,neutral
1941567560090255719,NunezFeijoo,Alberto Nunez Feijoo,Sat Jul 05 18:39:13 +0000 2025,"¡Los vamos a arrasar! 

#21CongresoNacionalPP
#TomaPartidoPorEspaña https://t.co/kga6SZ7OYb",2271,755,1411,143549,91,2,0,1,0.0,neutral
1941566498100641900,NunezFeijoo,Alberto Nunez Feijoo,Sat Jul 05 18:35:00 +0000 2025,"No quiero ganar para llegar, quiero llegar para que gane España.  

Ese es mi objetivo.

#21CongresoNacionalPP 
#TomaPartidoPorEspaña https://t.co/jGUOwCsOzg",1839,644,1313,101360,157,2,0,1,-0.296,negative
1941565635026354588,NunezFeijoo,Alberto Nunez Feijoo,Sat Jul 05 18:31:34 +0000 2025,"Mi compromiso hace tres años fue reconstruir nuestro partido.

Hoy, mi compromiso es reconstruir nuestro país.

#21CongresoNacionalPP #TomaPartidoPorEspaña https://t.co/uPB3ZG79fD",1343,484,480,59419,179,2,0,1,0.0,neutral
