tweet_id,username,politician,date,text,likes,retweets,replies,views,length,hashtags,mentions,links,sentiment,sentiment_label
1906835205203083748,PabloIglesias,Pablo Iglesias,Mon Mar 31 22:25:14 +0000 2025,Vaya si pasaron… https://t.co/WLpZMq7vw1,304,102,13,45456,40,0,0,1,0.0,neutral
1906794695495229510,PabloIglesias,Pablo Iglesias,Mon Mar 31 19:44:16 +0000 2025,"🇵🇸 “La ignorancia global ha sido un componente clave de la impunidad de Israel y esa impunidad se está desmoronando en estos momentos. Por eso la reacción contra el activismo palestino ha sido tan draconiana y brutal”

Lean a @QassaMMuaddi 
 
https://t.co/frTOgIwjQs",506,334,13,15707,266,0,1,1,0.5859,positive
1906743856307044659,PabloIglesias,Pablo Iglesias,Mon Mar 31 16:22:15 +0000 2025,"¿Hay una guerra fría en la Administración Trump entre el ala anticastrista y antichavista de Rubio, que promueve la máxima presión contra Venezuela y la MAGA, representada por Richard Grennel que impulsa un acuerdo de intercambio de petróleo por migrantes? https://t.co/xUqi4JE9BD",820,443,17,29578,280,0,0,1,0.0,neutral
1906664244898111586,PabloIglesias,Pablo Iglesias,Mon Mar 31 11:05:54 +0000 2025,"Madrid se prepara para la manifestación por la vivienda del 5 de abril

✍️ Andrés Prieto
https://t.co/Ab5hFOlH7f",710,429,17,16063,112,0,0,1,0.0,neutral
1906648792817860863,PabloIglesias,Pablo Iglesias,Mon Mar 31 10:04:30 +0000 2025,Me preguntan en RNE por lo que ha dicho Yolanda Díaz a propósito de Podemos. Esto es lo que pienso👇🏻 https://t.co/su6wD2CAoU,1702,856,67,60109,124,0,0,1,0.34,positive
1906634903279575248,PabloIglesias,Pablo Iglesias,Mon Mar 31 09:09:19 +0000 2025,"El Gobierno practica la contabilidad creativa con el gasto en defensa

Lean a @cristinabuhigas 

https://t.co/yfbYS7Xclv",380,240,14,12380,120,0,1,1,0.0,neutral
1906619842884501961,PabloIglesias,Pablo Iglesias,Mon Mar 31 08:09:28 +0000 2025,Sobre las declaraciones de Sumar y sobre Carmena 👇 https://t.co/IMhZ0BSqRm,1726,920,71,45828,74,0,0,1,0.0,neutral
1906602950492893353,PabloIglesias,Pablo Iglesias,Mon Mar 31 07:02:21 +0000 2025,"A día de hoy, según Electomania, la mayor parte de los españoles rechazan la presencia de bases militares de EEUU en España y Europa. 

Si hoy volviera a haber un referéndum como el del 86, los españoles dirían “bases fuera” https://t.co/jfzGMJivw8",1995,1028,101,41292,248,0,0,1,0.0,neutral
1906598742226022772,PabloIglesias,Pablo Iglesias,Mon Mar 31 06:45:37 +0000 2025,"Uno de los grandes problemas de la democracia española es el sesgo derechista de las élites judiciales.

Que Concha Roig, responsable de la absolución de los empresarios pederastas de Murcia, atacara ayer a Irene Montero es un ejemplo más del activismo político judicial https://t.co/7oXkEKXXKy",3947,2047,147,81122,294,0,0,1,0.0,neutral
1906597070196076801,PabloIglesias,Pablo Iglesias,Mon Mar 31 06:38:59 +0000 2025,"¿Cual es la importancia de no tener Presupuestos Generales del Estado? 

Si se va a aumentar el gasto militar, mucha. No se le puede hurtar ese debate al Parlamento👇🏻 https://t.co/Bj6h4ozZ0K",1026,578,9,21133,190,0,0,1,-0.5267,negative
1906588086760349906,PabloIglesias,Pablo Iglesias,Mon Mar 31 06:03:17 +0000 2025,"✍️ {R} EDITORIAL - Sumar, proyecto fallido 

➡️ Nadie sabe en qué va a acabar el triste experimento y es muy probable que muchos sectores de lo que se ha llamado estos años Sumar acaben en el PSOE

https://t.co/1VZxsffMHS",1334,699,120,42418,221,0,0,1,0.34,positive
1906418128180883648,PabloIglesias,Pablo Iglesias,Sun Mar 30 18:47:55 +0000 2025,"✡️ El International Jewish Labor Bund y el Estado de Israel 

➡️ Las declaraciones del International Jewish Labor Bund, efectuada tras la fundación de Israel en 1948, previeron las consecuencias del sionismo 

✍️ Janey Stone

https://t.co/cfwBfHYUpJ",370,230,5,15478,249,0,0,1,0.0,neutral
1906297945021988941,PabloIglesias,Pablo Iglesias,Sun Mar 30 10:50:22 +0000 2025,"Marruecos sigue encadenando expulsiones de activistas y periodistas mientras España mira a otro lado

Informa @JuanjoChica_ 

https://t.co/GMYaxl0ZAL",912,588,69,55716,149,0,1,1,0.0,neutral
1906294839022428270,PabloIglesias,Pablo Iglesias,Sun Mar 30 10:38:01 +0000 2025,"🇲🇽📺 Canal Once: un nuevo capítulo de los medios públicos en México

➡️ Estamos ante un cambio generacional que podría representar un nuevo capítulo de los medios públicos

✍️ @leonardotoledo 

https://t.co/h4cMPfA4qR",422,211,4,18889,216,0,1,1,0.0,neutral
1906282344597647471,PabloIglesias,Pablo Iglesias,Sun Mar 30 09:48:22 +0000 2025,"🏀 Viernes 13 (de abril de 1984) 

⛹🏻‍♂️ Un codazo de López Iturriaga a Mike Davis encendió la chispa y Fernando Martín también acabó en la pelea

✍️ Jordi Subirán 

https://t.co/0xyxRZCJ72",174,69,5,43136,188,0,0,1,0.0,neutral
1906262354452471841,PabloIglesias,Pablo Iglesias,Sun Mar 30 08:28:56 +0000 2025,"{R} ✍️ EDITORIAL - Donald Trump va en serio… ¿y Europa?

https://t.co/EW2zbGrYd9",331,175,16,29921,80,0,0,1,0.0,neutral
1905999603285008471,PabloIglesias,Pablo Iglesias,Sat Mar 29 15:04:51 +0000 2025,"Rearme

La viñeta de @luisoarte https://t.co/yW0CQHuG8L",1738,808,70,38606,55,0,1,1,0.0,neutral
1905953772322386241,PabloIglesias,Pablo Iglesias,Sat Mar 29 12:02:44 +0000 2025,"{R} ✍️ EDITORIAL - El rearme con rostro humano

https://t.co/TwMNUnViYc",339,186,13,15489,71,0,0,1,0.0,neutral
1905909293771297259,PabloIglesias,Pablo Iglesias,Sat Mar 29 09:06:00 +0000 2025,"El País y la falsa médica canadiense: un ejemplo de propaganda femonacionalista de guerra

Escribe @irezugasti 

https://t.co/35SnJCbAaq",2148,1255,49,39139,136,0,1,1,-0.25,negative
1905893983802290222,PabloIglesias,Pablo Iglesias,Sat Mar 29 08:05:10 +0000 2025,"El acuerdo entre PSOE y Sumar retendrá IRPF al salario mínimo durante todo 2025 y solo devolverá lo retenido, en 2026, si se hace declaración de la renta

✍️ @cristinabuhigas 

https://t.co/Dj7Gd4KVZX",1049,700,83,34749,200,0,1,1,0.0,neutral
1905617274959978777,PabloIglesias,Pablo Iglesias,Fri Mar 28 13:45:37 +0000 2025,"40 años de ‘La historia oficial’, la película que se atrevió a hablar del robo de niños en plena dictadura argentina

✍️ @reguera_pascual 

https://t.co/dNFigEoxYn",616,318,15,14106,163,0,1,1,0.0,neutral
1905607723523207388,PabloIglesias,Pablo Iglesias,Fri Mar 28 13:07:40 +0000 2025,"🎨 Diálogo tenso 

El cartón de @monerorape para @diario_red_lat_ 

https://t.co/VQTDmLOINr",411,210,2,12369,90,0,2,1,0.0,neutral
1905606948101193756,PabloIglesias,Pablo Iglesias,Fri Mar 28 13:04:35 +0000 2025,"🇺🇸 La persecución sobre extranjeros en EEUU se extiende a residentes legales

➡️ Trump desempolvó una ley de 1952 que permite iniciar procesos de deportación contra cualquier ciudadano no estadounidense considerado una amenaza 

✍️ @RogelioLpezGme2 

https://t.co/4TYLrex8Xp",583,379,37,14604,274,0,1,1,-0.296,negative
1905585744690753962,PabloIglesias,Pablo Iglesias,Fri Mar 28 11:40:20 +0000 2025,"Goldman Sachs se mete en el negocio del sector servicios, entre ellos el de la dependencia

Informa @JuanjoChica_ 

https://t.co/ZBqjmtD12N",571,447,29,22886,139,0,1,1,0.0,neutral
1905574432505999550,PabloIglesias,Pablo Iglesias,Fri Mar 28 10:55:23 +0000 2025,"{R} ✍️ EDITORIAL - Un réquiem para la derecha colombiana

➡️ La derecha colombiana agoniza y, como ha hecho históricamente, recurre a estrategias criminales para allanar el camino hacia los comicios de 2026

https://t.co/t6vaXLgfU6",288,148,6,9660,231,0,0,1,0.34,positive
1905309287720591639,PabloIglesias,Pablo Iglesias,Thu Mar 27 17:21:47 +0000 2025,Tras los mensajes de Signal de los jefes de La Casa Blanca ¿Por qué defienden los dirigentes europeos que estemos en la OTAN? ¿Por qué defienden las bases militares de EEUU ? ¿Por qué quieren aumentar el gasto militar para comprar armamento dependiente tecnológicamente de EEUU? https://t.co/NBa3RzI4Iq,1721,1003,70,34948,302,0,0,1,0.0,neutral
1905254746270707836,PabloIglesias,Pablo Iglesias,Thu Mar 27 13:45:04 +0000 2025,"¿Cuáles son las verdaderas intenciones de Donald Trump en México y Ucrania? 🤔

Hablé de ello junto a @inafinogenova en #Masiosare de @CanalOnceTV y @Canal22 👇🏽 https://t.co/2BE2herMgq",1428,724,24,23858,183,1,3,1,0.0,neutral
1905254731447959709,PabloIglesias,Pablo Iglesias,Thu Mar 27 13:45:00 +0000 2025,"🇪🇨 Ecuador hacia el balotaje

➡️ El próximo 13 de abril se definirá el futuro binomio presidencial para el período 2025-2029

Escriben Bahía Luna, Sergio Pascual y Gabriela Montaño, de CELAG Data 

https://t.co/vhAyDsW1DO",170,83,0,11155,221,0,0,1,0.0,neutral
1905240961724072094,PabloIglesias,Pablo Iglesias,Thu Mar 27 12:50:17 +0000 2025,"✈️💸Barcelona segunda en el ranking del turismo de lujo

Un análisis de @ArmandoNegro6 

https://t.co/v5xSZOcQ4n",169,107,2,10711,111,0,1,1,0.0,neutral
1905194518179123325,PabloIglesias,Pablo Iglesias,Thu Mar 27 09:45:44 +0000 2025,"🇺🇸 Colapso constitucional en Estados Unidos

Lean este análisis de Aziz Rana👇

https://t.co/3zRrovmaxY",454,277,13,13761,102,0,0,1,0.0,neutral
1905182595798692292,PabloIglesias,Pablo Iglesias,Thu Mar 27 08:58:22 +0000 2025,"{R} ✍️ EDITORIAL - El mundo en manos de ineptos

https://t.co/IluIGDtC4C",1231,711,271,29617,72,0,0,1,0.0,neutral
1905175038128497015,PabloIglesias,Pablo Iglesias,Thu Mar 27 08:28:20 +0000 2025,"🇫🇷 Los insumisos tienen todas las razones para estar satisfechos 

➡️ La izquierda tradicional está a merced de nuestros agresores. No tiene anticuerpos para resistir la presión de una ofensiva ideológica global que ya los ha contaminado

✍️ @JLMelenchon

https://t.co/5yXUXt60p5",721,420,34,16321,279,0,1,1,0.0516,positive
1905009584689045962,PabloIglesias,Pablo Iglesias,Wed Mar 26 21:30:53 +0000 2025,@VielitusCamacho @Rober__Ruiz @aguVV La hemos hecho,28,6,1,685,51,0,3,0,0.0,neutral
1904945442800209986,PabloIglesias,Pablo Iglesias,Wed Mar 26 17:16:00 +0000 2025,"Todo esto de que nos preparemos para meternos en un garaje con nuestras familias y unas cuantas latas de atún por si nos cae la bomba nuclear, no tiene nada que ver ni con nuestra seguridad ni con la soberanía de los países europeos. Es propaganda de guerra para el frente interno https://t.co/nWR2aU1eyk",3526,1791,135,94416,304,0,0,1,-0.4939,negative
1904913064987656620,PabloIglesias,Pablo Iglesias,Wed Mar 26 15:07:20 +0000 2025,"🇲🇽 La puerta de entrada de México a los BRICS 

➡️ México tiene contadas cartas en la histórica relación asimétrica con EEUU, y una de ellas es el giro de alianzas en una era de multipolaridad y economías de preguerra

✍️@mario_campa 

https://t.co/b5eh3Mvy8p vía @diario_red_",441,237,11,16503,276,0,2,1,0.0,neutral
1904899768775512233,PabloIglesias,Pablo Iglesias,Wed Mar 26 14:14:30 +0000 2025,"🇲🇽🇺🇸 Dos destructores en el Golfo de México y la invasión militar imaginable

➡️ México descarta cualquier hipótesis de guerra, pero el regreso de Trump a la presidencia de EEUU podría motivar nuevas preocupaciones

✍️ @latinointx 

 https://t.co/BsRPuMpZes",308,177,20,12349,257,0,1,1,0.0,neutral
1904866909289410717,PabloIglesias,Pablo Iglesias,Wed Mar 26 12:03:56 +0000 2025,"En los canales de Telegram y WhatsApp de Canal Red os hemos dejado unos stickers😉

https://t.co/SayAYxy84a

https://t.co/h6dXMJvaIG",123,64,6,19630,131,0,0,2,0.0,neutral
1904866171377115288,PabloIglesias,Pablo Iglesias,Wed Mar 26 12:01:00 +0000 2025,"El director de La Vanguardia defiende que el rearme es ""una gran transformación que se tiene que hacer sin eufemismos""

✍️ @_pablohurtado 

https://t.co/ITp2vcpvS9",292,174,28,13321,163,0,1,1,-0.5574,negative
1904863120322937165,PabloIglesias,Pablo Iglesias,Wed Mar 26 11:48:53 +0000 2025,"🇺🇸 Dos socialdemócratas recorren EEUU con la promesa de combatir a la oligarquía 

➡️ Centrar su mensaje en la oligarquía revela un cálculo de Sanders y Ocasio-Cortez, que buscan trascender la polarización partidista tradicional

✍️ @EstefaniaVeloz 

https://t.co/kRk31iFiO5",467,246,29,27572,274,0,1,1,0.0,neutral
1904861118893298132,PabloIglesias,Pablo Iglesias,Wed Mar 26 11:40:56 +0000 2025,"@Rober__Ruiz @aguVV 2014

https://t.co/8DboSDperj",309,110,5,28253,49,0,2,1,0.0,neutral
1904859972208369976,PabloIglesias,Pablo Iglesias,Wed Mar 26 11:36:22 +0000 2025,"Este tabloide venezolano-madrileño miente casi siempre y el firmante siempre ha sido más fabulista facha que periodista facha. Pero en este mundo distópico, las novelas de ciencia ficción a veces anticipan el futuro… https://t.co/AuSRJkqJdG",1066,470,76,35517,240,0,0,1,0.34,positive
1904855238424617040,PabloIglesias,Pablo Iglesias,Wed Mar 26 11:17:33 +0000 2025,"Daniel Esteve (Desokupa) reconoce que gracias a las televisiones creció como la espuma

Escribe @aplana_👇

https://t.co/dNVAFM13aK",1737,917,675,56585,130,0,1,1,0.0,neutral
1904823409218908570,PabloIglesias,Pablo Iglesias,Wed Mar 26 09:11:05 +0000 2025,https://t.co/gFilhl9FGX,347,139,12,12512,23,0,0,1,0.0,neutral
1904821900213187060,PabloIglesias,Pablo Iglesias,Wed Mar 26 09:05:05 +0000 2025,"El 8 de abril tengo la suerte de presentar mi nuevo libro: Enemigos Íntimos

Nos vemos junto a Irene Zugasti en el Centro Cultural El Pozo del Tío Raimundo👇 https://t.co/HXqL1ggA0d",1909,961,147,48263,180,0,0,1,0.0,neutral
1904821372255162410,PabloIglesias,Pablo Iglesias,Wed Mar 26 09:02:59 +0000 2025,"Símbolos nazis en Hortaleza (Madrid), en el centro comercial Palacio de Hielo. No dejéis de escribirles para preguntarles si esto es política de empresa: info@palaciodehielo.com https://t.co/VTQTJonjjr",4718,2418,574,302660,201,0,1,1,-0.296,negative
1904668564939768008,PabloIglesias,Pablo Iglesias,Tue Mar 25 22:55:47 +0000 2025,🎬 “Banda sonora para un golpe de Estado” de Johan Grimonprez - Documental musical y político sobre Patrice Lumumba y su asesinato. En la ONU aparecen las luchas de liberación nacional frente a EEUU y sus aliados imperialistas durante la Guerra Fría. Imprescindible https://t.co/hkXL2VuZXH,827,422,17,43282,288,0,0,1,0.0,neutral
1904631198686585184,PabloIglesias,Pablo Iglesias,Tue Mar 25 20:27:18 +0000 2025,No te pierdas esta entrevista que pude hacer a la gran @montypeiro 👇,322,153,2,20041,68,0,1,0,-0.296,negative
1904590420568351218,PabloIglesias,Pablo Iglesias,Tue Mar 25 17:45:16 +0000 2025,"Hoy puede volver a afirmarse que el neoliberalismo que aplican las nuevas ultraderechas representa la mayor amenaza contra las democracias. Argentina es un ejemplo 👇🏻

📺 https://t.co/Tcm9xACoQh https://t.co/SXPznsGP8z",1143,623,67,26005,217,0,0,2,0.0,neutral
1904509190472642968,PabloIglesias,Pablo Iglesias,Tue Mar 25 12:22:29 +0000 2025,"La detención del alcalde de Estambul agudiza la crisis política en Turquía

✍️ @Martamg21
https://t.co/rBsy8uKhJ8",277,145,1,10725,113,0,1,1,-0.6249,negative
1904497016731746798,PabloIglesias,Pablo Iglesias,Tue Mar 25 11:34:07 +0000 2025,"🇻🇪 Trump anuncia arancel a Venezuela: ¿Estrategia para controlar su petróleo?

➡️ La medida coincide con la extensión del permiso para que la petrolera estadounidense Chevron opere en el país

✍️ @brunosgarzini 

https://t.co/RX4a4c6LAt",442,248,17,12117,236,0,1,1,0.0,neutral
1904495165944758452,PabloIglesias,Pablo Iglesias,Tue Mar 25 11:26:46 +0000 2025,"🇵🇸 El agridulce sabor de la libertad: entrevista con Amir Abu Raddaha, ex preso palestino

➡️ Una entrevista de @QassaMMuaddi 

https://t.co/UQ5Mp1fGSg",214,121,1,9201,151,0,1,1,0.0,neutral
1904489031250919779,PabloIglesias,Pablo Iglesias,Tue Mar 25 11:02:23 +0000 2025,"El proyecto de Junts de abrirse camino en las instituciones estatales

➡️ Figuras cercanas al partido conservador catalán se han colocado en posiciones influyentes en numerosas empresas estatales

✍️ @ArmandoNegro6

https://t.co/fRbxKTWSmW",256,151,6,9380,239,0,1,1,0.0,neutral
1904479549225656382,PabloIglesias,Pablo Iglesias,Tue Mar 25 10:24:42 +0000 2025,"🪖El Rearme Europeo: oportunidad de negocio para El País 

➡️ El periódico continúa su campaña de propaganda belicista y publicita la empresa armamentística Indra, de la que su director, Joseph Oughourlian, es el segundo mayor accionista

✍️ Andrés Prieto

https://t.co/pIlZI1dlFq",980,724,26,19028,279,0,0,1,-0.25,negative
1904458245668049146,PabloIglesias,Pablo Iglesias,Tue Mar 25 09:00:03 +0000 2025,"Esta tarde en Canal Red después de La Base podrás ver la entrevista que tuve el placer de hacer a Monty Peiró con motivo de su libro ‘El diablo vino a mí. Género, drogas y rock and roll’ 👇

https://t.co/zw15T6CJZU",340,151,6,11531,213,0,0,1,0.0,neutral
1904457294907146326,PabloIglesias,Pablo Iglesias,Tue Mar 25 08:56:16 +0000 2025,"🎬 “Adolescencia"": el peligro de verla sin una mirada educativa crítica 

✍️ @nolo14 

https://t.co/kZi1J2YD5K",642,262,77,29545,109,0,1,1,-0.5574,negative
1904441893779312764,PabloIglesias,Pablo Iglesias,Tue Mar 25 07:55:04 +0000 2025,"{R} ✍️ EDITORIAL - Nunca Más: La masiva marcha por la Memoria, Verdad y Justicia en Argentina

https://t.co/KQYK5dY9c4",410,210,7,11726,118,0,0,1,0.0,neutral
1904312130666451344,PabloIglesias,Pablo Iglesias,Mon Mar 24 23:19:27 +0000 2025,"Ripley… Una fotografía bestial para un recorrido estético por Roma, Napoli, Palermo, Venezia… Y una trama criminal bien entretenida. No dejen de verla https://t.co/d8WmesZxa8",417,89,33,25432,174,0,0,1,-0.6808,negative
1904255805882249509,PabloIglesias,Pablo Iglesias,Mon Mar 24 19:35:38 +0000 2025,"🇲🇽 Sentir el llamado urgente que sale de Teuchitlán 

➡️ La resolución del caso Teuchitlán y de otros sitios multifunción del crimen organizado en México pasa por abrir todas las hipótesis y hacer análisis de contexto profundos

✍️ @adazahira 

https://t.co/SUZjul0y2Z",229,109,4,14474,268,0,1,1,0.0,neutral
1904252978799792222,PabloIglesias,Pablo Iglesias,Mon Mar 24 19:24:24 +0000 2025,"¿Nos aproximamos a un golpe de Estado interno en los EEUU? ¿Puede el país de referencia del llamado “mundo libre” convertirse en una dictadura? 👇🏻

📺 https://t.co/z8mOI9jFWz https://t.co/eyCCVoWr1D",2334,1170,199,49009,197,0,0,2,0.0,neutral
1904198474716819719,PabloIglesias,Pablo Iglesias,Mon Mar 24 15:47:49 +0000 2025,"{R} ✍️ EDITORIAL - México y Palestina: el desafío a Estados Unidos 

El mensaje del gobierno de México al recibir las cartas credenciales de la nueva Embajadora de Palestina supone una declaración política para el poderoso vecino del norte: No te tememos.

https://t.co/UoWZgOK3Xn",466,233,18,15351,280,0,0,1,-0.296,negative
1904193129307148446,PabloIglesias,Pablo Iglesias,Mon Mar 24 15:26:34 +0000 2025,"🇨🇱 ¿Quien será el candidato de la derecha chilena en las elecciones de noviembre? 

En este artículo @libioperez da algunas claves 👇🏻

La candidata derechista Evelyn Matthei entra a terreno fangoso 

https://t.co/Uj53Zcfffv",189,88,1,12410,223,0,1,1,0.0,neutral
1904161244786868479,PabloIglesias,Pablo Iglesias,Mon Mar 24 13:19:53 +0000 2025,"Hay dos figuras que deberían haber caído después de que se hicieran públicas sus conversaciones con Villarejo: María Dolores de Cospedal y Antonio García Ferreras. 

Pero gozan de la más absoluta impunidad.
#Mañaneros24M https://t.co/Oddqmx6LKt",6362,2971,136,143115,244,1,0,1,0.0,neutral
1904159375058456910,PabloIglesias,Pablo Iglesias,Mon Mar 24 13:12:27 +0000 2025,"O la izquierda asume la radicalidad de la pelea ideológica propia de este tiempo o la derecha no solo controlará la judicatura y las élites policiales y militares, sino también el Consejo de Ministros y todos los medios
#Mañaneros24M https://t.co/UCxJdb3CjT",2991,1463,152,75353,257,1,0,1,-0.296,negative
1904159074385600757,PabloIglesias,Pablo Iglesias,Mon Mar 24 13:11:15 +0000 2025,"🇺🇸Donald Trump, 60 días y 156 órdenes ejecutivas 

➡️ El presidente de Estados Unidos ha emitido una cantidad sin precedente de órdenes ejecutivas que siguen a la letra un plan de políticas prediseñado que él dice desconocer

✍️ Informa @danielapastrana 

https://t.co/8VyeONtyD0",317,173,9,12784,279,0,1,1,-0.296,negative
1904156612383703168,PabloIglesias,Pablo Iglesias,Mon Mar 24 13:01:28 +0000 2025,"🇵🇪 Pedro Castillo: juicio político y crisis de la democracia 

➡️ Tres claves de un proceso que evidencia la pantomima de juicio con condena anunciada

✍️ @AnahiDurandG 

https://t.co/gD5vfLDMxU",308,171,3,13658,194,0,1,1,-0.6249,negative
1904118691425374367,PabloIglesias,Pablo Iglesias,Mon Mar 24 10:30:47 +0000 2025,Nacho Cano y el resto de Mecano interpretando en TVE hace 46 años una canción sobre los últimos antifascistas fusilados por Franco el 27 de septiembre de 1975. Qué cosas,3815,1107,552,218182,169,0,0,0,0.0,neutral
1904089301551398954,PabloIglesias,Pablo Iglesias,Mon Mar 24 08:34:00 +0000 2025,"El genocidio ejecutado por Israel en la Franja de Gaza alcanza la cifra de 50.000 personas asesinadas

https://t.co/XVhW63F1XV",2543,1950,168,45788,126,0,0,1,0.0,neutral
1904071657737637954,PabloIglesias,Pablo Iglesias,Mon Mar 24 07:23:53 +0000 2025,"{R} ✍️ EDITORIAL - La guerra después de la guerra

https://t.co/M7XVRSxeFg",299,168,6,14143,74,0,0,1,0.0,neutral
1903914641572430190,PabloIglesias,Pablo Iglesias,Sun Mar 23 20:59:58 +0000 2025,"🇨🇴 Gustavo Petro, Presidente de Colombia: “Milei es un nostálgico de Mussolini” 

Lee en @diario_red_lat_ la entrevista completa de @alfreserramanci a @petrogustavo 

https://t.co/S2Bg9EAfcV",963,400,38,25915,190,0,3,1,0.0,neutral
1903895425238925746,PabloIglesias,Pablo Iglesias,Sun Mar 23 19:43:36 +0000 2025,"Nunca olvidaré que viniste con tu gente de Alcorcón a defendernos de los fascistas que nos acosaban en casa. Gracias por tu compromiso antifascista, por tu orgullo de clase, por tu autenticidad que siempre estuvieron más allá de cualquier diferencia. Hasta siempre, compañero ✊ https://t.co/XN1Ob4iBT4",6663,1606,343,274361,301,0,0,1,0.0,neutral
1903846604303458653,PabloIglesias,Pablo Iglesias,Sun Mar 23 16:29:36 +0000 2025,"Joaquín Urías: “Un alumno me ha dicho en la cara que hay que matar a los rojos”

Una entrevista de @RaulSolisUE👇

https://t.co/wkFHVgyewL",728,403,74,29212,137,0,1,1,0.34,positive
1903801153004929478,PabloIglesias,Pablo Iglesias,Sun Mar 23 13:29:00 +0000 2025,"🇪🇨Las trampas de Noboa para intentar reelegirse

Escribe @OrlandoPerezEC 

https://t.co/XAOCzEl5K3",297,169,4,17405,98,0,1,1,0.0,neutral
1903790080948326586,PabloIglesias,Pablo Iglesias,Sun Mar 23 12:45:00 +0000 2025,"Miles de personas lanzan un 'mayday' en A Pobra contra Altri: ""Puede tener licencia administrativa, pero no social""

https://t.co/23ynnVmkzt",772,438,11,19784,140,0,0,1,-0.296,negative
1903762900399145343,PabloIglesias,Pablo Iglesias,Sun Mar 23 10:57:00 +0000 2025,"Isabel Pardo de Vera, de número dos del Ministerio de Transportes a fichar por Florentino Pérez para la multinacional ACS

https://t.co/Dnod2WgiDS",1876,1110,189,73369,146,0,0,1,0.0,neutral
1903751475584544947,PabloIglesias,Pablo Iglesias,Sun Mar 23 10:11:36 +0000 2025,"{R} ✍️ EDITORIAL - PSOE o plomo

https://t.co/gMVvU44rDk",634,366,35,22203,56,0,0,1,0.0,neutral
1903731995630264807,PabloIglesias,Pablo Iglesias,Sun Mar 23 08:54:12 +0000 2025,"🎬 Adolescencia: La miniserie que debería ponerse en todos los colegios 

✍️ @sfiorilli 

https://t.co/YsxOx8FHoU",2311,684,586,428518,112,0,1,1,0.0,neutral
1903614776569200738,PabloIglesias,Pablo Iglesias,Sun Mar 23 01:08:24 +0000 2025,Hacía mucho que no me metía una serie del tirón. Es una brutalidad. Planos secuencia que permiten un acting espectacular. Pero la clave es la historia; aterradora además para los que tenemos hijos e hijas en una época de masculinidades frágiles. No dejen de verla https://t.co/wp5TI0MkN9,5847,977,816,610179,287,0,0,1,-0.5267,negative
1903479896992612530,PabloIglesias,Pablo Iglesias,Sat Mar 22 16:12:27 +0000 2025,"🇪🇨 Las trampas de Noboa para intentar reelegirse 

➡️ La desesperación de Noboa le ha llevado a hacer campaña electoral como presidente en funciones, a pesar de estar prohibido en el Código de la Democracia

✍️ @OrlandoPerezEC 

https://t.co/K4n3x43JRi",388,242,3,13909,252,0,1,1,0.34,positive
1903410363032305759,PabloIglesias,Pablo Iglesias,Sat Mar 22 11:36:08 +0000 2025,"📌 El periodista Daniel Bernabé ficha por el Gobierno y se incorporará a la Secretaría de Estado de Comunicación 

➡️ Colaborador de la Cadena SER, Infolibre y El País, pasará a formar parte de los periodistas del ejecutivo

✍️ Informa @ignacioramos9 

https://t.co/UWhaEurnSQ",1123,610,168,59868,275,0,1,1,0.0,neutral
1903404165079994613,PabloIglesias,Pablo Iglesias,Sat Mar 22 11:11:31 +0000 2025,"El Financial Times lo dijo claramente el 5 de marzo: 

“Europa debe recortar su Estado del bienestar y construir su Estado de guerra”

El rearme lo pagarán las clases trabajadoras de toda Europa

Lean a @Giul_Granato en Diario Red 

https://t.co/JTnOoDjvkm",1606,1178,86,28242,256,0,1,1,0.0,neutral
1903391802859680074,PabloIglesias,Pablo Iglesias,Sat Mar 22 10:22:23 +0000 2025,"🪖Militarismo y antimilitarismo: las tareas de la izquierda 

➡️ Transcripción de Albert Portillo de un folleto sobre un llamado autocrítico al partido socialdemócrata alemán a tomarse en serio la lucha antimilitarista 

✍️ Karl Liebknecht

https://t.co/ZuYPK43uj8",323,180,6,11778,263,0,0,1,0.0,neutral
1903369772097523754,PabloIglesias,Pablo Iglesias,Sat Mar 22 08:54:51 +0000 2025,"🇨🇴 Alfredo Serrano Mancilla entrevista a Gustavo Petro, presidente de Colombia    

En Canal Red América Latina este sábado 22 de marzo a las 11h MÉX, 13h ARG y 18h ESP
@alfreserramanci @petrogustavo 

https://t.co/50Oix519Ac https://t.co/hQlKNnR1oT",1664,842,34,29304,249,0,2,2,0.0,neutral
1903369462155231613,PabloIglesias,Pablo Iglesias,Sat Mar 22 08:53:37 +0000 2025,"🇬🇷 ¿Sorpasso al PASOK y a SYRIZA? 

➡️ Una encuesta sitúa a ‘Curso de la Libertad’, el partido fundando por la ex presidenta del Parlamento griego Zoe Konstantopoulou, como segunda fuerza en intención de voto

✍️ Sara Serrano

https://t.co/AUHST0Is3d vía @diario_red_",327,165,5,12475,267,0,1,1,0.0,neutral
1903169889818513576,PabloIglesias,Pablo Iglesias,Fri Mar 21 19:40:35 +0000 2025,"🇨🇴 La derecha colombiana cierra el Congreso a las reformas mientras el pueblo toma las calles 

✍️ Informa @DianaAlfonso91 

https://t.co/Tqie9AORvU",364,182,11,15271,148,0,1,1,0.0,neutral
1903122877601255814,PabloIglesias,Pablo Iglesias,Fri Mar 21 16:33:46 +0000 2025,Todas las noticias de @diario_red_lat_ en https://t.co/KNOwhPL1My No dejes de suscribirte 👇🏻,335,186,9,26183,92,0,1,1,-0.296,negative
1903083163523457077,PabloIglesias,Pablo Iglesias,Fri Mar 21 13:55:58 +0000 2025,Gracias amigo @JLMelenchon 😊 https://t.co/RFtad1wxdP,1873,416,36,47165,52,0,1,1,0.7184,positive
1903077735620059216,PabloIglesias,Pablo Iglesias,Fri Mar 21 13:34:24 +0000 2025,"🇲🇽 México: el nacimiento de un nuevo sistema político 

El análisis de Tony Wood en @diario_red_lat_ 

https://t.co/ih7p3xgBur",1554,655,79,27594,126,0,1,1,0.0,neutral
1903076517128638841,PabloIglesias,Pablo Iglesias,Fri Mar 21 13:29:33 +0000 2025,"🎨 Gracias compañero @fisgonmonero por saludar la llegada de @diario_red_lat_ con esta joya de viñeta 😊

https://t.co/7P4F7CWJ8Y",942,501,22,19229,127,0,2,1,0.7184,positive
1903057703401869805,PabloIglesias,Pablo Iglesias,Fri Mar 21 12:14:48 +0000 2025,"https://t.co/JZiciuA6ay
https://t.co/xuzPIQU4Z5
@diario_red_lat_ https://t.co/8hn7h9kn5h",1004,554,47,346521,88,0,1,3,0.0,neutral
1903056568033349959,PabloIglesias,Pablo Iglesias,Fri Mar 21 12:10:17 +0000 2025,"🇲🇽 La derrota del poder mediático en México 

¿Por qué y pese a su enorme influencia ha fracasado el poder mediático tan estrepitosamente? ¿Por qué las grandes figuras de los medios no han podido ni con AMLO ni con Claudia?

✍️ @epigmenioibarra 

https://t.co/250yYZ2q2V",3982,1941,292,134534,270,0,1,1,0.1431,positive
1903021515337048533,PabloIglesias,Pablo Iglesias,Fri Mar 21 09:51:00 +0000 2025,¿Qué han pactado Feijoo y Mazón para prolongar la muerte en vida del último? https://t.co/QzVWhnC7nt,1103,560,18,28317,100,0,0,1,0.0,neutral
1903018998872117650,PabloIglesias,Pablo Iglesias,Fri Mar 21 09:41:00 +0000 2025,Puigdemont se llevó un futbolín madrileño a Waterloo y hoy todo el mundo tiene uno 👇🏻 https://t.co/5IZs9Rpts7,581,297,9,18708,109,0,0,1,0.0,neutral
1903016482306437461,PabloIglesias,Pablo Iglesias,Fri Mar 21 09:31:00 +0000 2025,¿Pueden acordar PP y PSOE? Difícil 👇🏻 https://t.co/tGHtK26ev3,514,274,9,14205,61,0,0,1,0.0,neutral
1903013577914716603,PabloIglesias,Pablo Iglesias,Fri Mar 21 09:19:27 +0000 2025,¿Quién es la ministra de Sumar más querida por el PSOE y por Pedro Sánchez? ¿Habrá una parte de SUMAR que se integre en el PSOE? Escuchen esto 👇🏻 https://t.co/lerYXYShob,2413,1279,86,83396,169,0,0,1,0.0,neutral
1903002707256021258,PabloIglesias,Pablo Iglesias,Fri Mar 21 08:36:16 +0000 2025,¿Con quién cuenta el PSOE en el Congreso para defender el re-arme y la OTAN? Solo con las derechas y eso coloca a Pedro Sánchez en una posición de máxima debilidad. Aquí explico por qué 👇🏻 https://t.co/FAWjQSGSQ3,1232,750,30,39125,212,0,0,1,0.1027,positive
1902996098395828545,PabloIglesias,Pablo Iglesias,Fri Mar 21 08:10:00 +0000 2025,"No soy sospechoso de quitarle importancia a las cuestiones militares. Mi jefe de gabinete cuando fui vicepresidente era un general que fue el JEMAD. Precisamente por eso, digo que la OTAN va en contra de los intereses de los ciudadanos europeos 👇🏻 https://t.co/hBrb80oMxN",2964,1487,101,148618,271,0,0,1,-0.296,negative
1902992492347400453,PabloIglesias,Pablo Iglesias,Fri Mar 21 07:55:40 +0000 2025,Defender la OTAN hoy es básicamente defender que Europa siga sin pintar absolutamente nada en la escena internacional ¿Es viable la OTAN sin EEUU? No nos tomen por tontos https://t.co/NF9fNfS9tk,1768,974,50,35507,194,0,0,1,-0.8225,negative
1902985134640431304,PabloIglesias,Pablo Iglesias,Fri Mar 21 07:26:26 +0000 2025,"🇺🇸 “La expansión del poder ejecutivo de Trump cuenta con la ayuda del Congreso y el Tribunal Supremo. Los tribunales disidentes pueden ser impotentes para hacer cumplir la ley si se constata el golpe interno” 

Lean a Anders Stephanson

https://t.co/3M2Awjl3Lb",363,249,9,11136,260,0,0,1,0.4404,positive
1902772127259853283,PabloIglesias,Pablo Iglesias,Thu Mar 20 17:20:01 +0000 2025,"A una negociación de paz no se acude por deseo sino por fuerza. Europa no tiene perfil propio; Ucrania no tiene fuerza. Ambas realidades son consecuencia de la apuesta europea por continuar la guerra, oponiéndose a la diplomacia durante tres años

📺 https://t.co/oEavrzjUTI https://t.co/F9v05LyttL",1605,859,81,36709,297,0,0,2,-0.6808,negative
1902680106318852542,PabloIglesias,Pablo Iglesias,Thu Mar 20 11:14:22 +0000 2025,"🇺🇦🇪🇺 Grietas en la «unidad» europea sobre Ucrania

Un texto muy interesante de @EldarMamedov4👇

https://t.co/yMEDYHYQ2u",463,301,5,12231,119,0,1,1,0.0,neutral
1902650626640687615,PabloIglesias,Pablo Iglesias,Thu Mar 20 09:17:13 +0000 2025,"¿Qué contiene realmente el acuerdo entre PSOE y Junts para la distribución de niños y niñas migrantes?

Escribe @JuanjoChica_ 

https://t.co/pqJN0v0i6i",498,312,14,13607,151,0,1,1,0.0,neutral
1902623156856029259,PabloIglesias,Pablo Iglesias,Thu Mar 20 07:28:04 +0000 2025,"{R} ✍️ EDITORIAL - Geopolítica 1.0: Por qué Putin no obedece a Trump

https://t.co/yQKcHOOKGO",441,262,39,14206,93,0,0,1,-0.296,negative
1902495908853641518,PabloIglesias,Pablo Iglesias,Wed Mar 19 23:02:25 +0000 2025,"🎬 “La calle de la amargura” de Arturo Ripstein y de Paz Alicia Garciadiego. 

Bajos fondos, sexoservidoras, luchadores liliputienses, mendigos, policías, una farmacia, personajes golpeados, sentimentales y orgullosos... Todo con una magnética estética del esperpento https://t.co/7DqKIXL0zu",457,192,7,25176,290,0,0,1,0.0,neutral
1902452404961853488,PabloIglesias,Pablo Iglesias,Wed Mar 19 20:09:33 +0000 2025,"¿Existe una legión de periodistas del PSOE que disfrutan de las puertas giratorias que comunican los medios de la progresía con Moncloa y con los gabinetes ministeriales del PSOE? 

Existe y casi todos han acumulado méritos atacando con furor militante a Podemos 👇🏻",1471,939,64,41951,265,0,0,0,0.0,neutral
1902450240264815088,PabloIglesias,Pablo Iglesias,Wed Mar 19 20:00:57 +0000 2025,"¿Qué es la educación mediática? Si te interesa formarte para crear tu propio medio o colaborar con medios alternativos, este curso que empieza en abril te puede interesar 👇🏻

https://t.co/1KsWq17p6F",440,262,8,29750,198,0,0,1,0.0,neutral
1902379488433799421,PabloIglesias,Pablo Iglesias,Wed Mar 19 15:19:49 +0000 2025,"🇦🇷 Abogados de Nueva York denuncian a los impulsores de $LIBRA y señalan a Milei como promotor de la estafa

➡️ Javier Gerardo y Karina Milei ya no pueden viajar cómodamente a Europa y a EE. UU

Una exclusiva de @jotaalonso 

https://t.co/h2QVk4CU5g",5065,2854,103,56179,249,0,1,1,-0.296,negative
1902312078775353830,PabloIglesias,Pablo Iglesias,Wed Mar 19 10:51:57 +0000 2025,"Israel sigue matando al menos tres personas al día en Gaza

Lean a Nora Barrows-Friedman (@norabf)👇

https://t.co/B2xrm9UK8u",529,366,42,14552,124,0,1,1,0.0,neutral
1902291975195255069,PabloIglesias,Pablo Iglesias,Wed Mar 19 09:32:04 +0000 2025,"🇮🇱Israel desata el “infierno” que prometía Trump en Oriente Medio

➡️El plan de Israel para Gaza forma parte de un plan más amplio de Estados Unidos para Oriente Medio

✍️@AleGeo__ 

https://t.co/IFA59AzcNs",803,582,43,15599,206,0,1,1,0.0,neutral
1902277264429011244,PabloIglesias,Pablo Iglesias,Wed Mar 19 08:33:37 +0000 2025,"{R} ✍️ EDITORIAL - Colaboracionistas del genocidio

https://t.co/6pf4M8MwR9",538,361,20,13008,75,0,0,1,0.0,neutral
1902107389773394114,PabloIglesias,Pablo Iglesias,Tue Mar 18 21:18:35 +0000 2025,🇲🇽 Ha sido un placer conversar y contarle los avances del proyecto de @CanalRedLat que en breve arranca en México a la gran @CitlaHM secretaria de la mujer del Gobierno de Claudia Sheinbaum https://t.co/pw2noiX3yO,3285,930,586,162473,213,0,2,1,0.34,positive
1902092125799342209,PabloIglesias,Pablo Iglesias,Tue Mar 18 20:17:56 +0000 2025,Un honor firmar en nombre de @CanalRed_TV un convenio de colaboración con el @ILCEedu en Ciudad de México. Gracias a su director general @SoyPercastre y a todo su equipo https://t.co/SBZw1YbIRD,2153,877,79,40513,193,0,3,1,0.4939,positive
1902056519652245809,PabloIglesias,Pablo Iglesias,Tue Mar 18 17:56:27 +0000 2025,Por el contrario yo solo puedo deshacerme en elogios ante tus virtudes como publicista que trabaja gratis para nosotros. Nos dicen de @marinaledacoop que se ha agotado el aceite. Gracias de corazón https://t.co/lZxbx4rcS1,5096,1655,302,259127,221,0,1,1,0.3818,positive
1901974004908351792,PabloIglesias,Pablo Iglesias,Tue Mar 18 12:28:34 +0000 2025,"Israel retoma el genocidio en la Franja de Gaza: 412 personas asesinadas en un bombardeo que pone fin unilateralmente al ""alto el fuego""

https://t.co/5qCre1E4vp",869,683,65,19724,161,0,0,1,0.0,neutral
1901950619037966433,PabloIglesias,Pablo Iglesias,Tue Mar 18 10:55:38 +0000 2025,"La justicia en España...

➡️ Una jueza abre juicio oral contra Pablo Echenique por un tuit irónico en el que sugería ""deportar sacerdotes"" por pederastia

https://t.co/TBWBHuFYGB",1434,821,183,32593,178,0,0,1,0.0,neutral
1901920175978356787,PabloIglesias,Pablo Iglesias,Tue Mar 18 08:54:40 +0000 2025,"{R} ✍️ EDITORIAL - La “paz” trumpista será una tragedia para Yemen

https://t.co/qfsCiL1C7t",652,405,37,16807,91,0,0,1,0.0,neutral
1901684057471123853,PabloIglesias,Pablo Iglesias,Mon Mar 17 17:16:25 +0000 2025,"🫒Gracias por la promo @todoesmentiratv Los compañeros cooperativistas de @marinaledacoop nos dicen que el aceite se está vendiendo de maravilla y ello ayuda tanto a la cooperativa como a @CanalRed_TV 

Por cierto, Marinaleda está en Sevilla, no en Jaén😉

https://t.co/6lil7sGA4K https://t.co/tLaZghI6N8",6309,2464,598,870497,302,0,3,2,-0.296,negative
1901666339397230897,PabloIglesias,Pablo Iglesias,Mon Mar 17 16:06:01 +0000 2025,"Los contactos entre Catalá Polo, exministro de Justicia del PP, y la trama de hidrocarburos en la que aparece implicado Aldama

✍️ @wiesenthal1632 

https://t.co/FBZ0MWSY1U",656,517,23,17297,172,0,1,1,0.0,neutral
1901632633555013998,PabloIglesias,Pablo Iglesias,Mon Mar 17 13:52:05 +0000 2025,"🇩🇪🔴 En estos tiempos en los que Alemania quiere rearmarse y en los que crece su extrema derecha, es enormemente útil leer al dirigente socialista Karl Liebknecht. Albert Portillo está preparando una serie de textos que publicaremos en los próximos días 

https://t.co/BHQSQTcsNN https://t.co/JS8TydFvtW",934,559,37,39378,302,0,0,2,0.0,neutral
1901627749040607715,PabloIglesias,Pablo Iglesias,Mon Mar 17 13:32:40 +0000 2025,"🪖Militarismo y antimilitarismo 

➡️ Albert Portillo recupera este texto de Karl Liebknecht, en el que el dirigente socialista alemán, señala las dinámicas imperialistas de las potencias europeas y los EEUU para repartirse el mundo colonial por la fuerza

https://t.co/GaIJbDECO8",442,279,7,14371,278,0,0,1,0.0,neutral
1901610865842893010,PabloIglesias,Pablo Iglesias,Mon Mar 17 12:25:35 +0000 2025,"🇦🇷 Sobre los que no votan por Milei

➡️ ¿Qué piensan a día de hoy los 11.631.822 votantes que optaron por Unión por la Patria en la segunda vuelta de las pasadas elecciones presidenciales?

Lean a @alfreserramanci

https://t.co/WgVWoPRFHP",422,232,21,15276,238,0,1,1,-0.296,negative
1901581858971758866,PabloIglesias,Pablo Iglesias,Mon Mar 17 10:30:19 +0000 2025,"🇩🇪Mantequilla, cañones, deudas y hongos nucleares

➡️Alemania demuestra que los créditos astronómicos para financiar la guerra significan antes o después recortes sociales

✍️ @carmelanegrete 
https://t.co/8K4YQlto0X",463,299,13,13091,216,0,1,1,0.0,neutral
1901548771453923754,PabloIglesias,Pablo Iglesias,Mon Mar 17 08:18:50 +0000 2025,"{R} ✍️ EDITORIAL - Eurocentrismo y bombas

https://t.co/Lb7X09Q86A",374,222,16,13345,66,0,0,1,0.0,neutral
1901208065946591577,PabloIglesias,Pablo Iglesias,Sun Mar 16 09:45:00 +0000 2025,"{R} ✍️ EDITORIAL - Gestión homicida

https://t.co/kUXvCQEWJj",2977,1600,801,143277,60,0,0,1,0.0,neutral
1901198857217737137,PabloIglesias,Pablo Iglesias,Sun Mar 16 09:08:24 +0000 2025,"Si ayer te la perdiste, en estos enlaces puedes ver la entrevista que tuve el placer de hacer a Diego Borja, economista y candidato a vicepresidente en Ecuador🇪🇨 

📺 https://t.co/qeiTRtdaOi

🎙 https://t.co/FORs9mIBzM",468,256,15,15620,216,0,0,2,0.0,neutral
1900880341327397193,PabloIglesias,Pablo Iglesias,Sat Mar 15 12:02:44 +0000 2025,"Esta tarde en Canal Red, se emitirá la entrevista que pude hacer a Diego Borja (@DiegoBorjaPC) candidato a vicepresidente de Ecuador 👇",753,408,25,32552,134,0,1,0,0.0,neutral
1900530648575553607,PabloIglesias,Pablo Iglesias,Fri Mar 14 12:53:11 +0000 2025,"VOX y Junts se convierten en socios parlamentarios para desproteger al lobo

https://t.co/qMcKe9f0HL",1122,690,172,33126,100,0,0,1,0.0,neutral
1900486436421259771,PabloIglesias,Pablo Iglesias,Fri Mar 14 09:57:30 +0000 2025,"🇦🇷 Argentina en llamas: La brutal represión a jubilados que sacudió al país

Lean a Ignacio Reyes👇
https://t.co/f6bR0v5hrj",926,570,39,19943,122,0,0,1,-0.6249,negative
1900470139310530625,PabloIglesias,Pablo Iglesias,Fri Mar 14 08:52:44 +0000 2025,"💸PP de Valencia: Comienza el juicio oral a Fabra por presunta ocultación de bienes en plena crisis de legitimidad de Carlos Mazón

➡️En este caso también está acusado Fernando Roig, el hermano del dueño de Mercadona

https://t.co/yuI8tdH11g",2130,1439,75,27333,240,0,0,1,-0.6249,negative
1900460330175582277,PabloIglesias,Pablo Iglesias,Fri Mar 14 08:13:46 +0000 2025,"{R} ✍️ EDITORIAL - A Milei lo tumbará el pueblo organizado

https://t.co/7S90hmEKSC",1485,773,195,31531,83,0,0,1,0.0,neutral
1900289289390358594,PabloIglesias,Pablo Iglesias,Thu Mar 13 20:54:06 +0000 2025,"13. Pensar que la progresía puede liderar la resistencia al fascismo que viene es garantizar que tras Trump y Meloni, vendrán Le Pen y Weidel. Lee el artículo completo de @IngarSolty en @diario_red_ 

https://t.co/RIWP3TLZrB",655,291,29,26639,224,0,2,1,0.0,neutral
1900289045873443064,PabloIglesias,Pablo Iglesias,Thu Mar 13 20:53:08 +0000 2025,12.  ¿A qué responde este cretinismo de la progresía europea? Básicamente a qué revisar su marco teórico supondría reconocer que su idea del jardín europeo es una soberana gilipollez que no sirve para explicar cómo funciona la política en general y la geopolítica en particular,506,145,4,25084,277,0,0,0,-0.296,negative
1900288905171120186,PabloIglesias,Pablo Iglesias,Thu Mar 13 20:52:35 +0000 2025,"11. Tras el “incidente” del 28 de febrero, los hashtags de tendencia internacional incluían #TrumpIsARussianAsset #TrumpIsANationalDisgrace, #PutinsPuppet y #PutinsPuppets, mostrando la innegable superioridad de los idiotas occidentales sobre los bots rusos",386,104,3,13753,257,4,0,0,0.0,neutral
1900288817392758989,PabloIglesias,Pablo Iglesias,Thu Mar 13 20:52:14 +0000 2025,"10. Las interpretaciones progreliberales más ridículas explicaron la humillación de Trump a Zelensky como si Putin, presidente de un país con una economía del tamaño de Italia, tuviera a Estados Unidos en el bolsillo",391,107,5,13648,216,0,0,0,0.0,neutral
1900288691966202014,PabloIglesias,Pablo Iglesias,Thu Mar 13 20:51:44 +0000 2025,"9. Esa misma progresía liberal se ha atrevido a señalar a Donald Trump como una suerte de agente de Putin, a pesar de lo cual siguen defendiendo seguir en la OTAN",423,118,4,13721,162,0,0,0,0.34,positive
1900288573045084619,PabloIglesias,Pablo Iglesias,Thu Mar 13 20:51:16 +0000 2025,"8. Los mismos que dicen esto hoy, ayer decían que Rusia estaba a punto de colapsar y que la victoria de Ucrania en la guerra era inevitable",474,126,4,14889,139,0,0,0,0.0,neutral
1900288496943980887,PabloIglesias,Pablo Iglesias,Thu Mar 13 20:50:57 +0000 2025,"7. La progresía liberal europea sostiene que Rusia, a pesar de las debilidades mostradas en su esfuerzo bélico en Ucrania, es lo suficientemente omnipotente como para atacar a la OTAN y conquistar la UE",431,125,3,14400,202,0,0,0,0.0,neutral
1900288406577701010,PabloIglesias,Pablo Iglesias,Thu Mar 13 20:50:36 +0000 2025,6. Los objetivos rusos siguen siendo obvios hoy pero la progresía liberal europea se empeña en decir que Rusia planea invadir Europa y que Europa debe prepararse para la guerra contra Rusia,441,121,7,14625,189,0,0,0,0.0,neutral
1900288298309783862,PabloIglesias,Pablo Iglesias,Thu Mar 13 20:50:10 +0000 2025,"5. Tercer objetivo ruso (el más importante): Forzar un cambio de régimen en Kiev que garantizara que Ucrania, desgarrada entre el Este y el Oeste, se mantuviera neutral y no se convirtiera en un puesto avanzado de la OTAN",426,124,10,14857,221,0,0,0,-0.296,negative
1900288206802661666,PabloIglesias,Pablo Iglesias,Thu Mar 13 20:49:48 +0000 2025,"4. Segundo objetivo ruso:  Establecer una conexión terrestre con Crimea, anexionada en 2014",391,112,2,14850,91,0,0,0,0.0,neutral
1900288127819800959,PabloIglesias,Pablo Iglesias,Thu Mar 13 20:49:29 +0000 2025,"3. Primer objetivo ruso: Ampliar y anexionarse formalmente el Donbás, rico en minerales, así como los futuros oblasts rusos de Jersón y Zaporiyia (para los que ya se habían impreso nuevos mapas)",403,116,8,15245,194,0,0,0,0.0,neutral
1900288006457602069,PabloIglesias,Pablo Iglesias,Thu Mar 13 20:49:01 +0000 2025,"2. Sin embargo, los objetivos militares del gobierno ruso eran evidentes para cualquier observador. En Canal Red los explicamos muchas veces. La progresía nos llamó pro-rusos y los roji-pardos otanistas",439,117,5,15504,202,0,0,0,-0.5574,negative
1900287908332122177,PabloIglesias,Pablo Iglesias,Thu Mar 13 20:48:37 +0000 2025,"1. El progresismo liberal interpretó la invasión de Ucrania en 2022 como el inicio de una operación en la que Rusia acabaría atacando al resto del mundo postsoviético, incluidos países miembros de la OTAN",418,116,10,15719,204,0,0,0,0.0,neutral
1900287815277048018,PabloIglesias,Pablo Iglesias,Thu Mar 13 20:48:15 +0000 2025,"🇷🇺🇪🇺 ¿Puede Rusia conquistar la Unión Europea? ¿Debemos prepararnos para la guerra con Rusia? 

📌 Las estupideces de la progresía liberal son hoy una puerta abierta al fascismo. 

Abro 🧵 con la ayuda de Ingar Solty https://t.co/qS1reHMeT2",4219,1878,250,307914,238,0,0,1,0.0,neutral
1900240895452049590,PabloIglesias,Pablo Iglesias,Thu Mar 13 17:41:48 +0000 2025,"Javier Milei y Patricia Bullrich llevan meses golpeando a los jubilados y a Argentina entera, pero hoy se encuentran más desesperados que ayer 

📺 https://t.co/8rRTJM7VzK https://t.co/PfUOFZekGG",4019,1899,193,72899,194,0,0,2,0.0,neutral
1900206419661529399,PabloIglesias,Pablo Iglesias,Thu Mar 13 15:24:49 +0000 2025,https://t.co/OEU6YdURuw,2730,919,222,410277,23,0,0,1,0.0,neutral
1900183851042832595,PabloIglesias,Pablo Iglesias,Thu Mar 13 13:55:08 +0000 2025,"🇺🇾Gerardo Caetano: “Un outsider de ultraderecha puede tener su ocasión en Uruguay”

✍️ Una entrevista de Ignacio Reyes

https://t.co/TCw6RnFu75",138,61,1,10506,143,0,0,1,0.0,neutral
1900179811361759672,PabloIglesias,Pablo Iglesias,Thu Mar 13 13:39:05 +0000 2025,Mentir es patético pero atacar a Julio Rodríguez es pura miseria moral. Garzón ya defendió en un artículo el envío de armas a Ucrania para no perjudicar a Díaz y criticó a Podemos. Maillo hoy hace lo mismo. Buena suerte,2836,1833,222,75046,219,0,0,0,-0.296,negative
1900138189387395342,PabloIglesias,Pablo Iglesias,Thu Mar 13 10:53:41 +0000 2025,"🇺🇦🇷🇺 Ucrania colapsa en el oblast ruso de Kursk

➡️ Kiev no podrá intercambiar el territorio por nada, ha perdido un éxito político destinando recursos que necesitaba en el Donbás por darle prioridad a un escenario que no peligraba en 2024

✍️ @AleGeo__ 
https://t.co/oJOhc0agG9",379,226,17,12039,278,0,1,1,-0.25,negative
1900103621246615561,PabloIglesias,Pablo Iglesias,Thu Mar 13 08:36:20 +0000 2025,"🦅VOX coloca al neonazi Jordi de la Fuente, quien tomaba como ejemplo a la organización criminal Amanecer Dorado, al frente de su “sindicato”

Informa @aplana_ 

https://t.co/0WCJm9Ht6Z",849,541,62,19855,184,0,1,1,-0.5267,negative
1900093524936167554,PabloIglesias,Pablo Iglesias,Thu Mar 13 07:56:13 +0000 2025,"{R} ✍️ EDITORIAL - El rearme es la nueva austeridad
https://t.co/koNtTNZ0gc",666,447,48,18585,75,0,0,1,0.0,neutral
1899926970802069748,PabloIglesias,Pablo Iglesias,Wed Mar 12 20:54:23 +0000 2025,@LeticiaGaliano1 @RaulBrionesC @reguera_pascual En @Filmin,29,5,2,1037,58,0,4,0,0.0,neutral
1899924719991751018,PabloIglesias,Pablo Iglesias,Wed Mar 12 20:45:26 +0000 2025,🎞️ Qué maravillosa y qué brutal 'La cocina' de Alonso Ruizpalacios. Un retrato de la clase obrera en EEUU con una poderosísima estética. Y @RaulBrionesC está espectacular en su papel. No dejen de verla. Y gracias @reguera_pascual por recomendarla en Diario Red https://t.co/QdXTzyfEBQ,719,341,19,37626,284,0,2,1,-0.743,negative
1899877549162787327,PabloIglesias,Pablo Iglesias,Wed Mar 12 17:38:00 +0000 2025,"Hablé de memoria, historia y resistencia con @Elba_Celo, autora de 'El arte de invocar la memoria. Anatomía de una herida abierta'.

Podréis verlo aquí a las 19:00h: https://t.co/uWOmZJcsbX https://t.co/KHlwJjWAyG",734,369,18,18336,213,0,1,2,0.0,neutral
1899870848967741704,PabloIglesias,Pablo Iglesias,Wed Mar 12 17:11:22 +0000 2025,"Lo trágico es que Zelensky no puede hacer absolutamente nada, independientemente de los aplausos y abrazos que le brindan los mandatarios europeos cada vez que coinciden con él en alguna pomposa cumbre

📺 https://t.co/tSlLXvux6a https://t.co/E9p1iFycqt",1860,907,103,54127,252,0,0,2,-0.296,negative
1899809137057231339,PabloIglesias,Pablo Iglesias,Wed Mar 12 13:06:09 +0000 2025,"🎶Si tu padre me interrogaba e hacía feliz / con que pasión pegaba en la nariz / pero soy muy hombre y era natural / que no me chivase ante el tribunal / pero con los rojos y los terroristas y los marroquís que van de mala fe / no dejaba señales 🎶

https://t.co/mpjStTuIIM",232,115,5,16483,271,0,0,1,-0.2263,negative
1899796201060311201,PabloIglesias,Pablo Iglesias,Wed Mar 12 12:14:45 +0000 2025,"Quién es Albert Ramdin, nuevo Secretario General de la OEA

➡️Ramdin asume el cargo para los próximos 5 años, siendo el primer Secretario General caribeño en la historia de la institución

✍️ @pascualsergio y Silvina Romano

https://t.co/upI1JbOWIC",236,134,4,12269,248,0,1,1,0.0,neutral
1899780399879852355,PabloIglesias,Pablo Iglesias,Wed Mar 12 11:11:58 +0000 2025,"🇩🇪 Alemania se encamina a la derecha

➡️El sistema político alemán se desliza hacia la derecha a medida que el centro-izquierda va hacia las políticas domésticas e internacionales más torpes y reaccionarias

✍️@fraubalhorn
https://t.co/tO7IVVyunO",306,164,21,11164,246,0,1,1,0.0,neutral
1899755055193964566,PabloIglesias,Pablo Iglesias,Wed Mar 12 09:31:15 +0000 2025,"El número 2 de Yolanda Díaz reconoce la necesidad de hacer recortes para aumentar el gasto militar

✍️ @RaulSolisUE 

https://t.co/eeGYKwyVBm",962,690,77,21657,141,0,1,1,0.0,neutral
1899741394257822204,PabloIglesias,Pablo Iglesias,Wed Mar 12 08:36:58 +0000 2025,"{R} ✍️ EDITORIAL - Trump venda los ojos de Ucrania para llevarle al matadero

https://t.co/wF6KwGIjjh",427,260,28,11622,101,0,0,1,0.0,neutral
1899551908932821094,PabloIglesias,Pablo Iglesias,Tue Mar 11 20:04:01 +0000 2025,"Pues como me tenga que denunciar a mí la asociación de meapilas fascistas por lo que deseo hacer con sus monumentos… Toda la solidaridad, compañera",2080,780,368,86762,147,0,0,0,0.0,neutral
1899508046310539709,PabloIglesias,Pablo Iglesias,Tue Mar 11 17:09:44 +0000 2025,"Hoy en La Base hablamos de cómo el gobierno de México está gestionando al principal actor de su oposición política: Donald Trump 👇🏻

📺 https://t.co/W80RTmwQ2k https://t.co/FXGPXFvKAA",978,424,13,19393,182,0,0,2,0.0,neutral
1899462220532121775,PabloIglesias,Pablo Iglesias,Tue Mar 11 14:07:38 +0000 2025,"Armas y bancos de alimentos: el legado de Starmer

El colapso del extremo centro en UK  de la mano de Keir Starmer y de sus operaciones geopolíticas señalan con nitidez la deriva de sus colegas europeos

✍️ Tom Hazeldine

https://t.co/WqiY4eYfUN",388,226,6,14088,245,0,0,1,0.0,neutral
1899431610845663415,PabloIglesias,Pablo Iglesias,Tue Mar 11 12:06:00 +0000 2025,"Esther López Barceló: “La nostalgia es un privilegio de los vencedores""

El próximo miércoles 12 de marzo a las 19h, el programa A Vueltas de Canal Red emitirá una entrevista en la que pude conversar con @Elba_Celo 

https://t.co/gDe4f5jlGr",453,247,8,13151,240,0,1,1,0.0,neutral
1899416031413567978,PabloIglesias,Pablo Iglesias,Tue Mar 11 11:04:05 +0000 2025,"Sin duda es una idea genial estar en la OTAN, tener bases de EEUU en Europa y depender de su tecnología militar para que tus aviones de combate (que le compraste a ellos) despeguen… https://t.co/peB8DKHvp7",2486,1612,144,45082,205,0,0,1,-0.2023,negative
1899401079311188049,PabloIglesias,Pablo Iglesias,Tue Mar 11 10:04:41 +0000 2025,"Aldama y Don Carlos, el narco sospechoso de blanquear dinero para ETA

✍️ @wiesenthal1632 
https://t.co/5lqSgwsi9I",563,362,14,14540,114,0,1,1,0.0,neutral
1899373640828772507,PabloIglesias,Pablo Iglesias,Tue Mar 11 08:15:39 +0000 2025,"🇺🇸Trump los tiene agarrados por las pelotas

➡️La obligación de comprar material estadounidense forma parte integrante de la pertenencia a la OTAN

Lean a @JLMelenchon 
https://t.co/PFxNugsPEE",1462,1026,70,24947,192,0,1,1,0.0,neutral
1899360404666470890,PabloIglesias,Pablo Iglesias,Tue Mar 11 07:23:03 +0000 2025,"{R} ✍️ EDITORIAL - Patriotas ruso-húngaros

https://t.co/13EUDFwrqP",488,305,23,17329,67,0,0,1,0.0,neutral
1899140693353787566,PabloIglesias,Pablo Iglesias,Mon Mar 10 16:50:00 +0000 2025,"Tras negarlo inicialmente, el encapuchado Jan Xuriguera reconoce que Diario Red dio con su identidad

https://t.co/RZzldxR7bI",705,374,28,18734,125,0,0,1,0.0,neutral
1899131885470818658,PabloIglesias,Pablo Iglesias,Mon Mar 10 16:15:00 +0000 2025,"Belén Hammad, la policía infiltrada que era ""la militante perfecta""

@aplana_ entrevista a Melani Barbero, miembro del Casal Popular Tres Voltes Rebel, un espacio donde esta infiltrada estuvo “militando”

https://t.co/LvEtFpE5Sj",526,301,19,15443,228,0,1,1,0.5574,positive
1899124335497138553,PabloIglesias,Pablo Iglesias,Mon Mar 10 15:45:00 +0000 2025,"{R} ✍️ EDITORIAL - 🇸🇾 Los yihadistas amigos de la OTAN

https://t.co/H52TS2IKDk",534,311,18,14881,79,0,0,1,0.0,neutral
1899112408381063499,PabloIglesias,Pablo Iglesias,Mon Mar 10 14:57:36 +0000 2025,"🇨🇱 Chile: Johannes Kaiser, el nuevo rockstar anarcocapitalista de la extrema derecha

➡️ El anarcocapitalismo ha emergido en la carrera por la presidencia, evidenciando el paso de la “excepcionalidad” argentina al movimiento regional

Lean a @eduggara 

https://t.co/GnuFtlpwkC",217,120,10,13646,277,0,1,1,0.34,positive
1899014508691013944,PabloIglesias,Pablo Iglesias,Mon Mar 10 08:28:35 +0000 2025,"🔴⚪️🟢 Píldora amarga para las fuerzas kurdas 

“Las fuerzas kurdas parecen creer que tragar esta amarga píldora es la única manera de preservar su base social y evitar un final violento para la autonomía kurda en el norte de Siria”

✍️ Alp Kayserilioglu

https://t.co/zxOLyoyptm",391,228,7,14582,277,0,0,1,0.0,neutral
1898671707117768945,PabloIglesias,Pablo Iglesias,Sun Mar 09 09:46:25 +0000 2025,Lean a ⁦@VeletaWilly⁩ 👇🏻 https://t.co/6tLlhjSwPe,476,255,27,20319,48,0,1,1,0.0,neutral
1898295213224812753,PabloIglesias,Pablo Iglesias,Sat Mar 08 08:50:22 +0000 2025,"⛹🏿‍♀️🏀 ¿Te gusta el baloncesto vintage? 

No te pierdas al gran Jordi Subirán en @diario_red_ 

https://t.co/oiM0oGMrYk",152,59,7,12754,119,0,1,1,-0.296,negative
1898094330415661501,PabloIglesias,Pablo Iglesias,Fri Mar 07 19:32:07 +0000 2025,Todavía podéis matricularos,619,362,49,30537,27,0,0,0,0.0,neutral
1898071146546819290,PabloIglesias,Pablo Iglesias,Fri Mar 07 18:00:00 +0000 2025,"Manu Levin ha dado un buen repaso hoy a la justicia reaccionaria en La Hora de la 1 👇

https://t.co/NlKIkLZZUQ",1240,689,35,40370,110,0,0,1,0.34,positive
1898055148770906444,PabloIglesias,Pablo Iglesias,Fri Mar 07 16:56:26 +0000 2025,"""Este escenario no solo comporta el riesgo de una paz frágil, sino que se acentúen dos de las tendencias de los últimos años: la rivalidad con Rusia como principal motor ideológico de la UE y la dependencia militar con Estados Unidos""

Lean a @EnricQuart",388,221,7,17507,254,0,1,0,-0.296,negative
1898054188015161524,PabloIglesias,Pablo Iglesias,Fri Mar 07 16:52:37 +0000 2025,El problema no es que las mentiras tengan las patas cortas (la boxeadora argelina no es trans). El problema es que el PSOE es un partido que acepta y promueve la transfobia en sus filas https://t.co/M31UfTce2s,4619,1546,402,211280,209,0,0,1,-0.5267,negative
1898022674041082347,PabloIglesias,Pablo Iglesias,Fri Mar 07 14:47:23 +0000 2025,"Esta semana comenté en @CanalOnceTV,  junto a @inafinogenova, el escenario que dejan la postura de Trump y el belicismo de la Unión Europea en las ruinas de Ucrania 👇🏾

📺 https://t.co/jDaZuzL324 https://t.co/PdDS8JaK0K",776,357,15,19052,218,0,2,2,0.0,neutral
1897921265098191121,PabloIglesias,Pablo Iglesias,Fri Mar 07 08:04:25 +0000 2025,"{R} ✍️ EDITORIAL - El núcleo irradiador

https://t.co/jojxLzigyp",572,320,28,18157,64,0,0,1,0.0,neutral
1897705135721099372,PabloIglesias,Pablo Iglesias,Thu Mar 06 17:45:36 +0000 2025,"¿Estamos ante un momento leninista? La historia enseña que la guerra siempre actúa como un «vigoroso acelerador» de los conflictos
y las rupturas. ¿Todo es caos bajo las estrellas?

📺 LA BASE | https://t.co/8BsdxKMVDz https://t.co/g4miZdZZC0",836,395,36,26161,241,0,0,2,0.0,neutral
1897677486567149672,PabloIglesias,Pablo Iglesias,Thu Mar 06 15:55:44 +0000 2025,"En este enlace puedes ver un resumen de mis intervenciones en 59 Segundos👇

Hablamos sobre Rajoy, el acuerdo entre PSOE y Junts y del papel de Europa y la OTAN

https://t.co/RFakmAnttA https://t.co/USB7W1A6Ia",1025,593,29,48007,208,0,0,2,0.0,neutral
1897644665362374957,PabloIglesias,Pablo Iglesias,Thu Mar 06 13:45:19 +0000 2025,"🎸 Hace unos días tuve el gusto de charlar con Reincidentes sobre música, política y mucho más

Podréis ver la entrevista a las 19h en Canal Red 🔴 https://t.co/sBW9NwqWBV",311,125,9,14493,169,0,0,1,0.0,neutral
1897637619405558086,PabloIglesias,Pablo Iglesias,Thu Mar 06 13:17:19 +0000 2025,"Rajoy y Fernández Díaz vuelven a mentir en sede parlamentaria negando la existencia de las cloacas y la 'Operación Catalunya'

https://t.co/QSHUxomCzk",1223,780,105,21900,150,0,0,1,0.0,neutral
1897626955622576480,PabloIglesias,Pablo Iglesias,Thu Mar 06 12:34:57 +0000 2025,¿Quien sigue siendo el núcleo irradiador ideológico de la izquierda? 🤔 https://t.co/PtBhI4svpo,1391,719,81,38528,94,0,0,1,0.0,neutral
1897625595233583294,PabloIglesias,Pablo Iglesias,Thu Mar 06 12:29:32 +0000 2025,"Lee el artículo completo en @diario_red_ 

https://t.co/yLTMJ7uaOF",377,204,6,11355,66,0,1,1,0.0,neutral
1897625188860108857,PabloIglesias,Pablo Iglesias,Thu Mar 06 12:27:55 +0000 2025,"7. No hay ninguna exageración cuando se afirma que la política del mal menor es, en el contexto actual y en todas las latitudes del planeta, el periodo de anestesia necesario para la irrupción triunfal de lo peor",259,92,5,11573,212,0,0,0,-0.296,negative
1897625026393694704,PabloIglesias,Pablo Iglesias,Thu Mar 06 12:27:17 +0000 2025,"6. La política del mal menor pretende que el mal es un estado anómalo, contingente, temporal, puesto que se presupone una tendencia a la evolución progresista de la sociedad (y del capitalismo)",184,56,2,3729,193,0,0,0,0.0,neutral
1897624939676512554,PabloIglesias,Pablo Iglesias,Thu Mar 06 12:26:56 +0000 2025,5. Los fascismos de mercado salen ganadores porque son hoy y en lo sucesivo las mejores respuestas para las clases dominantes mundiales y sus clases medias subordinadas,194,60,2,3196,168,0,0,0,0.0,neutral
1897624867580645600,PabloIglesias,Pablo Iglesias,Thu Mar 06 12:26:39 +0000 2025,"4. Ya no hay antídotos “progresistas”, que operen rebajando para una parte de la población las peores aristas de los fascismos de mercado (de Italia a EEUU pasando por El Salvador), sin que al mismo tiempo amplíen las bases para una derrota estratégica frente a estos fascismos",193,60,2,3125,277,0,0,0,-0.7003,negative
1897624582812496002,PabloIglesias,Pablo Iglesias,Thu Mar 06 12:25:31 +0000 2025,"3. Tras la Primera Guerra Mundial, la “revolución conservadora” fue la matriz de los fascismos históricos. La situación actual no es que rime, sino que resuena como un diapasón de silicio y plutonio con las ondas mortíferas de la primera mitad del siglo XX europeo",203,65,1,3718,264,0,0,0,-0.296,negative
1897624506081878034,PabloIglesias,Pablo Iglesias,Thu Mar 06 12:25:13 +0000 2025,"2. En el régimen de guerra el enemigo externo se proyecta sobre el interno y viceversa, neutralizando en un sentido autoritario la dinámica de conflicto social y tratando como operaciones enemigas las iniciativas de los grupos subalternos de la sociedad",205,65,2,3717,253,0,0,0,0.0,neutral
1897624392869327274,PabloIglesias,Pablo Iglesias,Thu Mar 06 12:24:46 +0000 2025,"1. ¿Qué es el régimen de guerra? Es la transformación de estados, gobiernos, administraciones, medios, corporaciones y sistemas de partidos por la cual la distinción amigo / enemigo se convierte en el eje de la vida política, económica y social",213,79,3,3342,244,0,0,0,0.0,neutral
1897624309712978242,PabloIglesias,Pablo Iglesias,Thu Mar 06 12:24:26 +0000 2025,🪖😨 Régimen de guerra y malmenorismo en el centro-izquierda. Abrimos 🧵 con el gran @SanchezCedillo 👇🏻 https://t.co/lVqAxxlPgX,1360,779,25,46445,124,0,1,1,-0.4939,negative
1897601369114128511,PabloIglesias,Pablo Iglesias,Thu Mar 06 10:53:16 +0000 2025,"🎸Hasta Negu Gorriak, nadie llegó tan lejos en las letras políticas como @reincidentesofi Habría que esperar a Hechos contra el Decoro o a Los Chikos del Maíz para que ese nivel volviera a letras en castellano. Hoy a las 19, hablamos con ellos 👇🏻 https://t.co/XRQFDHjSBQ",642,268,51,61769,269,0,1,1,0.0,neutral
1897595840010572141,PabloIglesias,Pablo Iglesias,Thu Mar 06 10:31:18 +0000 2025,"{R} ✍️ EDITORIAL - El sueño de la hegemonía produce monstruos

https://t.co/WLOBMzJdhl",308,161,23,13129,86,0,0,1,0.0,neutral
1897549014465216855,PabloIglesias,Pablo Iglesias,Thu Mar 06 07:25:14 +0000 2025,El Gobierno ha creído que puede negociar con PNV y Junts y luego hacerle tragar a los demás...pero Podemos hace políticas de izquierdas y da a sus votos el mismo valor que da la derecha nacionalista a los suyos https://t.co/PTJjqHyXnn,1613,755,111,74576,234,0,0,1,0.34,positive
1897437754323255557,PabloIglesias,Pablo Iglesias,Thu Mar 06 00:03:07 +0000 2025,Todavía nadie ha sido capaz de argumentar por qué debemos seguir en la OTAN teniendo en cuenta quien lidera la OTAN https://t.co/d5fwiZq6TE,2293,1134,76,49788,139,0,0,1,0.34,positive
1897432974288937038,PabloIglesias,Pablo Iglesias,Wed Mar 05 23:44:08 +0000 2025,"O Rajoy es un cretino o Rajoy miente. 
Aquí explico por qué 👇🏻 https://t.co/FkNzo8r6ET",4028,1835,552,84069,86,0,0,1,0.0,neutral
1897431336467468434,PabloIglesias,Pablo Iglesias,Wed Mar 05 23:37:37 +0000 2025,"¿Por qué Junts pide las competencias de migración al PSOE?

Porque consideran a los trabajadores migrantes un problema que se debe enfrentar con CÍES, con devoluciones en caliente y con policía 

¿Por qué? Porque quieren competir con la ultraderecha https://t.co/ViBkqxtLpG",1633,802,425,151154,273,0,0,1,0.0,neutral
1939687816994414807,PabloIglesias,Pablo Iglesias,Mon Jun 30 14:09:47 +0000 2025,"De Glastonbury a Gaza, De Belfast a Bruselas: el Imperio contra Kneecap

✍️ @irezugasti 

https://t.co/PIGt0KIdbK",328,169,12,15508,113,0,1,1,0.0,neutral
1939633395442524648,PabloIglesias,Pablo Iglesias,Mon Jun 30 10:33:32 +0000 2025,Este análisis mediático de Raúl Solís es muy útil para entender cómo funciona el tratamiento que hace la progresía mediática👇,942,513,45,45108,125,0,0,0,0.0,neutral
1939615784918978767,PabloIglesias,Pablo Iglesias,Mon Jun 30 09:23:34 +0000 2025,"La gran coalición alemana acelera las medidas antiinmigración 

✍️ @carmelanegrete 

https://t.co/BAVyxJHS8L",390,290,46,16053,108,0,1,1,0.0,neutral
1939593153369034966,PabloIglesias,Pablo Iglesias,Mon Jun 30 07:53:38 +0000 2025,"Más de la mitad de la gestión de la Sareb está a manos del fondo proisraelí KKR

Escribe @ArenArribas 👇
https://t.co/qupY2To8pQ",2609,2502,71,59089,127,0,1,1,0.0,neutral
1939565176757583963,PabloIglesias,Pablo Iglesias,Mon Jun 30 06:02:28 +0000 2025,"🇨🇱 Mujer y comunista es la candidata única del progresismo chileno

✍️ @libioperez 👇🏻

 https://t.co/vUIlsWPpwC",2023,782,163,55064,111,0,1,1,0.0,neutral
1939399425719418921,PabloIglesias,Pablo Iglesias,Sun Jun 29 19:03:50 +0000 2025,Los textos sobre baloncesto de Jordi Subirán son geniales 👇,234,107,13,34441,59,0,0,0,0.0,neutral
1939280900728004756,PabloIglesias,Pablo Iglesias,Sun Jun 29 11:12:51 +0000 2025,"No se pierdan el editorial de Diario Red 👇

▶️ Cuando la derecha reaccionaria ataca a la progresía que no hace nada para cambiar las cosas, la progresía te puede vender que es valiente y transformadora",804,451,42,33379,201,0,0,0,-0.25,negative
1938889755015668209,PabloIglesias,Pablo Iglesias,Sat Jun 28 09:18:35 +0000 2025,¿De qué Rajoy hablarán aquí Villarejo y Terradillos?,4860,2184,240,184547,52,0,0,0,0.0,neutral
1938503442202271848,PabloIglesias,Pablo Iglesias,Fri Jun 27 07:43:30 +0000 2025,"Un barco con carga para una empresa de armas israelí tiene previsto salir de Barcelona el 1 de julio

✍️ Informa Olga Rodríguez  https://t.co/XRVmSiHYmI",1604,1273,138,44735,152,0,0,1,0.0,neutral
1938267511692140640,PabloIglesias,Pablo Iglesias,Thu Jun 26 16:06:00 +0000 2025,"¿Qué porcentaje de su PIB destinará España, en tanto miembro de la OTAN, al gasto militar? ¿El 2,1% como dicen Pedro Sánchez, Sumar y sus medios afines? ¿El 5% como dice el documento firmado en La Haya? Te lo explicamos 👇🏻

📺 https://t.co/y3eWqEaGks https://t.co/tmTL2pekIr",1346,809,111,111494,273,0,0,2,0.0,neutral
1938230061423071432,PabloIglesias,Pablo Iglesias,Thu Jun 26 13:37:11 +0000 2025,Lean a Andrés Prieto sobre lo que dice Ángel Escribano 👇,343,186,3,21886,56,0,0,0,0.0,neutral
1938171497811505198,PabloIglesias,Pablo Iglesias,Thu Jun 26 09:44:29 +0000 2025,Atentos al repaso de las portadas de hoy en Despierta! tras la cumbre de la OTAN 👇,368,204,8,20794,82,0,0,0,0.0,neutral
1938145207436120427,PabloIglesias,Pablo Iglesias,Thu Jun 26 08:00:01 +0000 2025,"Mario Amorós habla sobre Gladys Marvin y la identidad comunista 👇

📺 https://t.co/WtAL1NlBsv

🎙 https://t.co/paRQvSjnbF https://t.co/FaNY3EneXR",297,154,9,11866,143,0,0,3,0.0,neutral
1938132590654836943,PabloIglesias,Pablo Iglesias,Thu Jun 26 07:09:53 +0000 2025,"""A Pepito Grinda lo tiene a punto y lo ordeña todas las mañanas""...Villarejo le cuenta a Ferreras sobre Eduardo Inda...",1599,928,34,55942,119,0,0,0,0.0,neutral
1938125981115715888,PabloIglesias,Pablo Iglesias,Thu Jun 26 06:43:37 +0000 2025,"La argumentación de Sánchez y de la progresía mediática para negar que el presidente se haya comprometido a un gasto militar del 5% del PIB es convolucionada, ciertamente bizarra y consta de varios elementos...

Lean el editorial de Diario Red👇",911,525,124,54138,244,0,0,0,0.0,neutral
1937984618701197654,PabloIglesias,Pablo Iglesias,Wed Jun 25 21:21:53 +0000 2025,Vean esta entrevista y lean el libro de @MarioAmoros1973,295,150,5,27510,56,0,1,0,0.0,neutral
1937956043255935353,PabloIglesias,Pablo Iglesias,Wed Jun 25 19:28:20 +0000 2025,"A VUELTAS | Pablo Iglesias entrevista a Mario Amorós

¿Cómo fue el exilio para Gladys Marín tras el golpe de Estado de Chile?

📺 https://t.co/WtAL1Nl3CX

🎙 https://t.co/paRQvSiPm7 https://t.co/RTFYKP7oHI",325,154,6,15954,203,0,0,3,0.0,neutral
1937925689673646259,PabloIglesias,Pablo Iglesias,Wed Jun 25 17:27:43 +0000 2025,"A VUELTAS

Entrevisto a Mario Amorós, historiador y periodista que ha escrito la primera biografía sobre la dirigente comunista chilena Gladys Marín

📺 https://t.co/IwPM0etG9H

🎙 https://t.co/paRQvSjnbF https://t.co/VurIlH59UE",330,168,6,14001,226,0,0,3,0.34,positive
1937905695292072232,PabloIglesias,Pablo Iglesias,Wed Jun 25 16:08:16 +0000 2025,"De todos los mensajes que se han visto a propósito del SMS de Rutte a Trump, destacaré el de la ilustradora @MargaHG “Rutte tiene la lengua naranja de lamerle el culo al risketo, pero es que este holandés ya era un trozo de mierda histórico con España”

https://t.co/HNJafc6yfL https://t.co/APQDJUqNUN",1555,795,56,59712,301,0,1,2,0.0,neutral
1937841004234600640,PabloIglesias,Pablo Iglesias,Wed Jun 25 11:51:13 +0000 2025,"""El próximo 29 de junio las calles de Gijón tienen que ser un clamor social en apoyo a las seis compañeras condenadas de la Suiza""

✍️ @CandidoGCarnero 
https://t.co/nd4XCUM4C0",1602,1026,22,30187,176,0,1,1,0.0,neutral
1937824544397680770,PabloIglesias,Pablo Iglesias,Wed Jun 25 10:45:49 +0000 2025,"Esta tarde no te pierdas en Canal Red a las 19.00 horas la entrevista que pude hacer a Mario Amorós con motivo de su libro sobre la figura de Gladys Marín.

Aquí un adelanto de los principales temas👇

https://t.co/x2XsnMGDsp",278,144,5,13239,224,0,0,1,-0.296,negative
1937796821780488318,PabloIglesias,Pablo Iglesias,Wed Jun 25 08:55:39 +0000 2025,No se pierdan el editorial de Diario Red,387,207,9,26271,40,0,0,0,-0.296,negative
1937783815222550634,PabloIglesias,Pablo Iglesias,Wed Jun 25 08:03:58 +0000 2025,"@AnDomSa @agarzon Lo que has dicho es sencillamente mentira y no has podido sostenerlo. Y ahora pones un vídeo de Garzón donde dice que criticaba a Izquierda Unida. Lo próximo va a ser que si el chalet… En fin, mucha suerte y muchas gracias",63,8,2,752,240,0,2,0,-0.296,negative
1937780659176501308,PabloIglesias,Pablo Iglesias,Wed Jun 25 07:51:26 +0000 2025,"@AnDomSa Has dicho que dije ¿Donde y cuando dije lo que dices que dije? Creo que te he demostrado que dije, precisamente, lo contrario. Pero, vamos, creo que te da bastante igual lo que dijera…",50,7,1,688,193,0,1,0,0.0,neutral
1937780535893332191,PabloIglesias,Pablo Iglesias,Wed Jun 25 07:50:56 +0000 2025,"¿Hay jueces que prevarican por razones políticas? ¿Serán jugados tales jueces alguna vez? ¿El lawfare sirve para generar escándalos mediáticos sin recorrido jurídico pero con intensos efectos políticos? 

Estas son las preguntas, suyas son las respuestas… https://t.co/WeNcKzD2CP",1624,971,33,28022,279,0,0,1,-0.6298,negative
1937778694950383965,PabloIglesias,Pablo Iglesias,Wed Jun 25 07:43:37 +0000 2025,@AnDomSa https://t.co/JeXo9NHGLP,76,18,2,1988,32,0,1,1,0.0,neutral
1937778092480823387,PabloIglesias,Pablo Iglesias,Wed Jun 25 07:41:14 +0000 2025,@AnDomSa ¿Cuándo y dónde dije tal cosa?,58,6,3,2062,39,0,1,0,0.0,neutral
1937774279275479188,PabloIglesias,Pablo Iglesias,Wed Jun 25 07:26:04 +0000 2025,"A los que criticamos la OTAN a veces nos presentan como hippies ingenuos que ignoramos la complejidad del mundo. 

Pero los ingenuos son los que piensan que los intereses de los ciudadanos europeos los puede defender EEUU 👇 https://t.co/NYavuEE6WQ",2134,1138,88,37281,247,0,0,1,0.1027,positive
1937770581937606669,PabloIglesias,Pablo Iglesias,Wed Jun 25 07:11:23 +0000 2025,"A los que afirmaban que Atlantismo y Trumpismo eran cosas distintas, el SMS de Rutte a Trump les desmiente.

Ahora tocaría que el Gobierno convocará un referéndum sobre si debemos seguir o no en la OTAN y sobre si las bases de EEUU deben permanecer o no en nuestro territorio https://t.co/jEdMKhVikR",3057,1588,141,69639,299,0,0,1,-0.5267,negative
1937582229401575520,PabloIglesias,Pablo Iglesias,Tue Jun 24 18:42:56 +0000 2025,"Si alguien ha recibido protección del periodismo español ese ha sido Juan Carlos I. 

La misma que recibe hoy su sucesor 👇

#MalasLenguas https://t.co/926IGh5Ue9",1262,626,48,24035,161,1,0,1,0.5859,positive
1937577911143555532,PabloIglesias,Pablo Iglesias,Tue Jun 24 18:25:47 +0000 2025,"Hoy he tenido una discusión, intensa pero con respeto, con Esther Palomera en RTVE. 

Creo que es bueno que la veáis porque hemos dicho cosas interesantes 👇🏻

#MalasLenguas https://t.co/17NvI7q229",5340,2349,852,303580,196,1,0,1,0.0,neutral
1937576230087168159,PabloIglesias,Pablo Iglesias,Tue Jun 24 18:19:06 +0000 2025,"Si se ha normalizado a los escuadristas de Desokupa en las teles o a los escuadristas mediáticos como Vito Quiles en el Congreso, no nos puede sorprender que ataquen sedes https://t.co/ulWkkx1Rs6",1303,664,48,32875,195,0,0,1,0.0516,positive
1937572149801144830,PabloIglesias,Pablo Iglesias,Tue Jun 24 18:02:53 +0000 2025,"Mi querido Zapatero muy radical con los obispos pero podría haber terminado con el concordato. 

En cualquier caso, está bien que hablen los obispos. Ojalá nos trajeran uno a esta mesa de Malas Lenguas https://t.co/mIQw0aJ3RQ",1678,638,132,77036,225,0,0,1,0.0,neutral
1937572092997742806,PabloIglesias,Pablo Iglesias,Tue Jun 24 18:02:39 +0000 2025,@M4RIASOLIS Y eso?,16,4,2,3762,18,0,1,0,0.0,neutral
1937570467960832499,PabloIglesias,Pablo Iglesias,Tue Jun 24 17:56:12 +0000 2025,"La derecha lo mismo un día da la orden a sus policías y sus periodistas de que monten una cuenta en Granadinas a un candidato, que otro día dice que hubo fraude electoral. 

Claro que hubo fraude; a mí me lo van a decir 👇
#MalasLenguas https://t.co/DwuDIoU0tU",1664,858,43,41060,259,1,0,1,0.0,neutral
1937567620615594096,PabloIglesias,Pablo Iglesias,Tue Jun 24 17:44:53 +0000 2025,"Almeida nos parece un imbécil. Puede que lo sea pero no es tonto. 

Sabe, como Milei, lo que es la guerra ideológica 👇

#MalasLenguas https://t.co/mDlHnECsyi",1087,447,28,39798,157,1,0,1,-0.296,negative
1937566950097400272,PabloIglesias,Pablo Iglesias,Tue Jun 24 17:42:13 +0000 2025,Barrionuevo y Vera no son dos abuelitos del PSOE; son dos terroristas que fueron a la cárcel (acompañados por Felipe González) por terroristas https://t.co/shfoJErXrq,3732,1587,139,290547,166,0,0,1,-0.296,negative
1937563236276273342,PabloIglesias,Pablo Iglesias,Tue Jun 24 17:27:28 +0000 2025,"A Bolaños ya le infligen uno de los peores castigos del lawfare: la pena de banquillo mediático. Pero mientras el PSOE siga sin atreverse a denunciar la corrupción judicial seguiremos igual 👇🏻

#MalasLenguas https://t.co/GBoKbWnKjV",2320,1119,42,37895,231,1,0,1,-0.5574,negative
1937562867999354965,PabloIglesias,Pablo Iglesias,Tue Jun 24 17:26:00 +0000 2025,"Cuando alguien dice “la mayoría de jueces, empresarios, periodistas y políticos o son corruptos” dice algo cuantitativamente cierto. 

Pero, por desgracia, la corrupción domina en las élites judiciales, empresariales, periodísticas y políticas
@MalasLenguas https://t.co/zGSIZIm7s0",809,440,17,18515,281,0,1,1,0.0,neutral
1937546961705386197,PabloIglesias,Pablo Iglesias,Tue Jun 24 16:22:48 +0000 2025,"Pedro Sánchez debería dejar el juego de trileros a propósito de los porcentajes de gasto en defensa. Que sea honesto y convoque un referéndum como hizo Felipe González y que los españoles decidan si quieren OTAN al precio del 5% del PIB o si no la quieren

https://t.co/6uM28UK0Fk https://t.co/MfynZbVqN6",1475,809,127,103720,304,0,0,2,-0.296,negative
1937492393969746227,PabloIglesias,Pablo Iglesias,Tue Jun 24 12:45:58 +0000 2025,"Desde Diario Red seguimos publicando textos de Manuel Sacristán por su centenario👇

Edición de Salvador López Arnal",265,129,4,21305,115,0,0,0,0.0,neutral
1937451412520112379,PabloIglesias,Pablo Iglesias,Tue Jun 24 10:03:07 +0000 2025,"No se pierdan este texto y sus fotografías 👇

🇮🇷Irán, una geografía maldita

➡️Más allá del discurso dominante, Irán guarda una historia profunda y una vida interior que invitan a ser comprendidas desde una mirada abierta

@pedrojmacias 
https://t.co/ofOzh0sOPK",493,278,24,16172,261,0,1,1,-0.296,negative
1937400324278427652,PabloIglesias,Pablo Iglesias,Tue Jun 24 06:40:07 +0000 2025,"Escribe @FonsiLoaiza sobre la jornada de huelga del metal de ayer en Cádiz 👇

Represión policial y esquirolaje de la patronal y la UGT en la huelga del metal de Cádiz

https://t.co/7H8A6GeWE6",784,478,17,44066,191,0,1,1,0.0,neutral
1937377349630058745,PabloIglesias,Pablo Iglesias,Tue Jun 24 05:08:49 +0000 2025,"Villarejo asesoró a Ana Terradillos para entrevistar al Pequeño Nicolás: escándalos sexuales y la información que vendía del hijo de Luis de Guindos

De Guindos jr, García Legaz y Martín Blas son algunos de los mencionados👇

https://t.co/outac6PEq8",1312,942,29,33424,248,0,0,1,0.0,neutral
1937189665313841376,PabloIglesias,Pablo Iglesias,Mon Jun 23 16:43:02 +0000 2025,"Trump va a la guerra con Irán igual que Bush fue a la guerra con Irak. Como en Libia, Siria o como en Irak hace 20 años, Washington y Tel Aviv, apoyados logísticamente por Europa y sostenidos moralmente por el bloque occidental, van a tratar de que colapse un gobierno hostil https://t.co/QvmNqvxqr0",3565,1792,182,225330,299,0,0,1,0.0,neutral
1937111382807183466,PabloIglesias,Pablo Iglesias,Mon Jun 23 11:31:58 +0000 2025,"Pedro Sánchez habría conseguido de la OTAN que el gasto militar solo llegue al 2,1%  hasta 2029, pero habría comprometido a los gobiernos que le sucedan a alcanzar el 5% en 2035 ¿De verdad hay que celebrar esto? De lo que habría que hablar en Europa es de abandonar la OTAN",3823,1648,545,206058,273,0,0,0,0.0,neutral
1937104489607025048,PabloIglesias,Pablo Iglesias,Mon Jun 23 11:04:34 +0000 2025,"Estados canallas: la ilegalidad de los ataques israelíes contra Irán respaldados por Estados Unidos

✍️@CraigMokhiber
https://t.co/5HgR5rfDM9",744,446,37,19077,141,0,1,1,0.0,neutral
1937090028426903835,PabloIglesias,Pablo Iglesias,Mon Jun 23 10:07:06 +0000 2025,"Gabriel Del Rey Solomando, un exconcejal del Partido Popular que trafica con odio

Sigue tirando del hilo @wiesenthal1632 👇

https://t.co/Yerno1czvy",1156,779,28,29142,148,0,1,1,0.4215,positive
1937055357446037532,PabloIglesias,Pablo Iglesias,Mon Jun 23 07:49:20 +0000 2025,"Cómo la guerra entre Israel e Irán pone en riesgo la economía global

✍️ @eduggara 

https://t.co/riAtCtJg0l",501,272,39,18230,108,0,1,1,0.0,neutral
1937043934502666465,PabloIglesias,Pablo Iglesias,Mon Jun 23 07:03:57 +0000 2025,"Villarejo detalla en un audio a Ana Terradillos cómo el CNI accede a sumarios judiciales y como él los filtra a los periodistas de las cloacas

✍️ Guillermo G. Adánez

https://t.co/oW6CuQepIo",4039,2838,95,76489,191,0,0,1,0.0,neutral
1937032396932526531,PabloIglesias,Pablo Iglesias,Mon Jun 23 06:18:06 +0000 2025,"✍️ {R} EDITORIAL - Otra maldita guerra en Oriente Medio

➡️ Otra vez las “armas de destrucción masiva”. Otra vez la agresión estadounidense. Otra vez la complicidad europea

https://t.co/KdZ8esrguR",571,372,8,17017,197,0,0,1,0.0,neutral
1937023680741339307,PabloIglesias,Pablo Iglesias,Mon Jun 23 05:43:28 +0000 2025,"✍️ {R} EDITORIAL - El 5% del PIB

➡️ Sánchez ha conseguido titulares que afirman que ha evitado el compromiso de aumentar el gasto militar hasta el 5% del PIB, pero justo eso es lo que va a firmar el miércoles en La Haya

https://t.co/39vEQ1M7PF",890,653,75,34733,245,0,0,1,0.5859,positive
1936804100898684981,PabloIglesias,Pablo Iglesias,Sun Jun 22 15:10:56 +0000 2025,"El porqué España debe salir de la OTAN 

➡️La UE debería de emanciparse de la costosa y peligrosa tutela estadounidense, impulsando una defensa común europea

Escribe el militar Manuel Ruiz Robles que representó a España en el Comité Científico de la OTAN

https://t.co/7ZKgLggylH",1793,1068,114,42480,280,0,0,1,0.0,neutral
1936682931818213588,PabloIglesias,Pablo Iglesias,Sun Jun 22 07:09:27 +0000 2025,"El Gobierno no debe permitir el uso de bases en territorio español para estos ataques ilegales. Y además debería llevarse al Congreso el debate sobre si tiene sentido pertenecer a una organización como la OTAN, liderada por un país que desprecia la paz el Derecho internacional",9459,3597,738,263360,277,0,0,0,-0.296,negative
1936540536099283003,PabloIglesias,Pablo Iglesias,Sat Jun 21 21:43:37 +0000 2025,Preguntan a Berlinguer si sacaría a Italia de la OTAN. Responde que no. Después preguntan a Agnelli (dueño de la FIAT) que haría si el PCI gana las elecciones. La respuesta es una lección universal para entender cómo piensan las oligarquías más allá de concesiones… https://t.co/EwaulGOoIA,941,486,42,146281,289,0,0,1,0.0,neutral
1936537534936252679,PabloIglesias,Pablo Iglesias,Sat Jun 21 21:31:42 +0000 2025,"Reunión (ficción “La gran ambición”) entre Berlinguer  (PCI) y Brézhnev (PCUS)

1. Berlinguer tiene claro que si gana y hace un gobierno en solitario, interviene la OTAN

2. ¿Qué habría pasado con un gobierno PCI-DC? Nunca lo sabremos pero creo que lo mismo https://t.co/9PTl56WU43",422,193,15,44638,281,0,0,1,0.0,neutral
1936086614393909310,PabloIglesias,Pablo Iglesias,Fri Jun 20 15:39:54 +0000 2025,Es una injusticia que no se le haya aplicado la amnistía. Toda nuestra solidaridad @adrinoestassol https://t.co/IMf5Cdhgjw,1559,758,86,41498,122,0,1,1,-0.296,negative
1936086136537129016,PabloIglesias,Pablo Iglesias,Fri Jun 20 15:38:00 +0000 2025,"En el buen periodismo hay que ir, siempre, a por el pez gordo. Y para entender la corrupción hay que seguir el rastro del dinero 👇🏽

#MalasLenguas https://t.co/u4VW2YlBic",2908,1478,149,91032,170,1,0,1,0.0,neutral
1936083330757190034,PabloIglesias,Pablo Iglesias,Fri Jun 20 15:26:51 +0000 2025,"Si hay un ministro que podría haber sido cardenal ese es Félix Bolaños… Pero a los obispos que se meten en política hay que pararles los pies 👇🏽 

#MalasLenguas https://t.co/vwuDIwMZbV",1368,717,81,52872,184,1,0,1,0.0,neutral
1936073501431013590,PabloIglesias,Pablo Iglesias,Fri Jun 20 14:47:47 +0000 2025,"A los obispos no se les debe responder con palabras sino con hechos. Habría que suprimir el concordato y sacarles de la educación concertada que se financia con dinero público 👇🏻
#MalasLenguas https://t.co/CxmOVCurx8",9338,3820,593,185431,216,1,0,1,-0.296,negative
1936069262134681849,PabloIglesias,Pablo Iglesias,Fri Jun 20 14:30:57 +0000 2025,"¿Ha negociado Koldo con el PP? 

La exclusiva de Diario Red firmada por @patricialopezl apunta en esa dirección y el informe de la UCO también lo hace👇🏻

#MalasLenguas https://t.co/wGrUfPKIbV",2890,1702,157,69122,191,1,1,1,0.0,neutral
1936066523103150325,PabloIglesias,Pablo Iglesias,Fri Jun 20 14:20:04 +0000 2025,"¿Qué opciones tiene Pedro Sánchez? Básicamente 2. Aquí las explico 👇🏻
#MalasLenguas https://t.co/LHC3k9g7Lz",1008,538,25,27664,107,1,0,1,0.0,neutral
1936063759480504430,PabloIglesias,Pablo Iglesias,Fri Jun 20 14:09:05 +0000 2025,"Acciona sigue aspirando a contratos públicos, dos miembros de su consejo de administración son directivos de PRISA y contrataron al coronel de la Guardia Civil (condenado por torturas) que fue jefe de la UCO...

¿Y tú me preguntas que es la corrupción?
#MalasLenguas https://t.co/thBe5PERRp",4225,2226,72,110649,290,1,0,1,0.0,neutral
1936052124632174777,PabloIglesias,Pablo Iglesias,Fri Jun 20 13:22:51 +0000 2025,"Hay que hablar de las empresas corruptoras y para eso es necesario no depender de ellas.

Si esta semana hemos podido dedicar desde Canal Red y Diario Red varios contenidos a Acciona es por vosotras y vosotros

👉🏽 Apoya a Canal Red: https://t.co/LYg8cqY2Wn",932,556,19,26806,256,0,0,1,-0.296,negative
1935937664563150918,PabloIglesias,Pablo Iglesias,Fri Jun 20 05:48:01 +0000 2025,"EXCLUSIVA: Koldo depositó en un notario de Madrid los audios en los que habla con Miguel Tellado y otros miembros del PP 

✍️ @patricialopezl 

https://t.co/rWrHke0bB6",7702,4498,635,374300,167,0,1,1,0.0,neutral
1935748651806343438,PabloIglesias,Pablo Iglesias,Thu Jun 19 17:16:57 +0000 2025,Otro año más que me dejan sin el Marquesado de Galapagar…,8798,1579,1220,414856,57,0,0,0,-0.5574,negative
1935730889297690744,PabloIglesias,Pablo Iglesias,Thu Jun 19 16:06:22 +0000 2025,"Gaza fue el anuncio, Ucrania el tanteo, Irán la escalada, pero Rusia y China son la traca y el objetivo final (Rafael Poch)

📺 https://t.co/yTXVvvVGwS https://t.co/miefBP6AaT",2360,1270,59,58517,174,0,0,2,0.0,neutral
1935660926323286435,PabloIglesias,Pablo Iglesias,Thu Jun 19 11:28:22 +0000 2025,"Hay quien piensa en la derecha que Podemos, para liderar la izquierda, estaría dispuesto a apoyar una moción de censura del PP. Podemos lo que quiere es disputar el poder. Por eso la derecha siempre nos tuvo mas miedo que al PSOE-SUMAR. Ríanse con esto👇🏻 

https://t.co/0ndqQugFFU",1540,737,291,57759,280,0,0,1,0.0,neutral
1935655442358927685,PabloIglesias,Pablo Iglesias,Thu Jun 19 11:06:34 +0000 2025,Repsol hoy ha pagado 4 portadas de periódicos de tirada estatal...No se pierdan El Bisturí de hoy 👇,756,447,22,26823,99,0,0,0,0.34,positive
1935654945648259187,PabloIglesias,Pablo Iglesias,Thu Jun 19 11:04:36 +0000 2025,Tremendo...,3906,1772,295,106905,11,0,0,0,0.0,neutral
1935613516695642276,PabloIglesias,Pablo Iglesias,Thu Jun 19 08:19:58 +0000 2025,"EXCLUSIVA: La mano derecha de Feijóo, Miguel Tellado, le ofreció un pacto a Koldo en marzo de este año

✍️ @patricialopezl 

https://t.co/CyA0Rvl3A1",8395,4430,682,301983,148,0,1,1,0.0,neutral
1935382254399680993,PabloIglesias,Pablo Iglesias,Wed Jun 18 17:01:01 +0000 2025,"La relación especial del PSOE con Acciona no sólo llega a nuestros días con el caso Koldo. En marzo de 2024, Pedro Sánchez hizo un viaje a Brasil con el presidente de la compañía 👇🏻

📺 https://t.co/QkREEWQ89g https://t.co/4Gqap66AnN",1462,879,79,56164,232,0,0,2,-0.296,negative
1935341587971580081,PabloIglesias,Pablo Iglesias,Wed Jun 18 14:19:26 +0000 2025,"Ha sido un placer conocer y conversar con @MarlonBreve embajador de Honduras en España, sobre la situación en su país y en América Latina https://t.co/p1Z5lsTdh1",803,252,17,25879,161,0,1,1,0.34,positive
1935330585695715472,PabloIglesias,Pablo Iglesias,Wed Jun 18 13:35:42 +0000 2025,"Aquí puedes ver la entrevista completa que me hicieron en Grimey TV.

Otro tipo de conversación en la que me lo pasé muy bien👇

https://t.co/flFfbhPtI4",442,228,9,34302,151,0,0,1,0.0,neutral
1935271888453816807,PabloIglesias,Pablo Iglesias,Wed Jun 18 09:42:28 +0000 2025,"💸Nuevas y viejas tramas de la corrupción (I)

➡️El amor del PSOE y las constructoras: de los fundadores franquistas con González a los herederos con Pedro Sánchez

✍️ Rubén Juste

https://t.co/YQ4rFL7SJX",275,192,6,11540,203,0,0,1,0.6124,positive
1935264666982228152,PabloIglesias,Pablo Iglesias,Wed Jun 18 09:13:46 +0000 2025,"Si el PSOE intenta sacar los PGE aparecería la “solución Enric Juliana”. 

Que el PP apoye los presupuestos que aumenten el gasto militar que pide la OTAN y que el PSOE apoyara un gobierno del PP sin VOX tras las elecciones https://t.co/3Sn6bt3PJq",1068,590,51,133488,247,0,0,1,-0.5574,negative
1935262988849573953,PabloIglesias,Pablo Iglesias,Wed Jun 18 09:07:06 +0000 2025,"¿Qué hará Pedro Sánchez? ¿Qué representa la corrupción para el PSOE y Sumar? ¿Cuál es el papel de las empresas corruptoras? 

Aquí algunas reflexiones en RAC1 👇🏻 https://t.co/xzPtjcvM62",838,473,32,17877,185,0,0,1,0.0,neutral
1935242326705569926,PabloIglesias,Pablo Iglesias,Wed Jun 18 07:45:00 +0000 2025,"✍️ {R} EDITORIAL - Un matón con armas nucleares y el aval de Occidente

➡️ Israel busca ser el sheriff de Oriente Medio y pretende ser la única potencia nuclear de la región

https://t.co/KGEW3wO9hF",540,401,35,16224,198,0,0,1,0.0,neutral
1935238712029323762,PabloIglesias,Pablo Iglesias,Wed Jun 18 07:30:38 +0000 2025,"Interesantes reflexiones de @FernandoHValls en El Tablero ayer que puedes leer en Diario Red:

“Santos Cerdán no era un cualquiera en Ferraz”

https://t.co/RriOsakLTz",383,237,1,13393,166,0,1,1,-0.296,negative
1935072816740593953,PabloIglesias,Pablo Iglesias,Tue Jun 17 20:31:26 +0000 2025,"Ayer algunos criticaron en las redes que Podemos dijera que no a la foto con Sanchez, rehusando participar en la ronda de contactos y también criticaron que señalara la trampa de la consigna “O PSOE o fascismo”. Solo 24 horas después, otros empiezan a rectificar 👇🏻 https://t.co/jJ4ai3gL0a",2099,1143,185,63278,289,0,0,1,-0.296,negative
1935006127357378874,PabloIglesias,Pablo Iglesias,Tue Jun 17 16:06:26 +0000 2025,"Aunque las bajas israelíes son muchas menos que las iraníes hemos visto, por primera vez, la vulnerabilidad de Israel a la hora de proteger su territorio. Vivir en Israel hoy significa que puedes ser bombardeado

📺 https://t.co/GiSx1OQxHY https://t.co/7cE2FbSU8c",1390,623,224,65961,262,0,0,2,0.0,neutral
1934952752561402203,PabloIglesias,Pablo Iglesias,Tue Jun 17 12:34:20 +0000 2025,"""El problema de la corrupción no es que Ábalos fume puros""

Ayer estuve analizando la actualidad política en Carne Cruda y puedes ver algunas de mis intervenciones en este link 👇

https://t.co/6usZGrpglf",357,200,21,29218,203,0,0,1,-0.5267,negative
1934941246943867343,PabloIglesias,Pablo Iglesias,Tue Jun 17 11:48:37 +0000 2025,"🇮🇱🇮🇷 Oriente Medio se juega una guerra total entre Israel e Irán

Escribe @eduggara 👇

https://t.co/1WnENgysoH",522,281,12,19630,110,0,1,1,0.0,neutral
1934907531832295753,PabloIglesias,Pablo Iglesias,Tue Jun 17 09:34:39 +0000 2025,El análisis mediático estos días es fundamental para entender los movimientos políticos que están teniendo lugar 👇,384,216,7,19540,114,0,0,0,0.0,neutral
1934898385686860130,PabloIglesias,Pablo Iglesias,Tue Jun 17 08:58:18 +0000 2025,"El Cártel de las Constructoras, las empresas corruptoras en España: de Acciona de los Entrecanales a ACS de Florentino Pérez

Lean a @FonsiLoaiza 
https://t.co/JgkCcPBi9A",2180,1515,109,51174,170,0,1,1,0.0,neutral
1934890715793776731,PabloIglesias,Pablo Iglesias,Tue Jun 17 08:27:49 +0000 2025,Sigue tirando del hilo del odio @wiesenthal1632 👇,413,180,6,22555,49,0,1,0,0.0,neutral
1934662112732717461,PabloIglesias,Pablo Iglesias,Mon Jun 16 17:19:26 +0000 2025,"🇲🇽 Claves de la mañanera: 56 mil mexicanos deportados en administración de Trump 

https://t.co/90Gkm3D5eY",197,114,5,15381,106,0,0,1,0.0,neutral
1934644135132344750,PabloIglesias,Pablo Iglesias,Mon Jun 16 16:08:00 +0000 2025,"¿Y ahora qué? Hay un amplio consenso sobre que Pedro Sánchez tendría que hacer algo mucho más contundente que pedir perdón y anunciar una auditoría externa.

📺 https://t.co/RAvBYNJTh5 https://t.co/wivWMV54Cz",1352,724,182,48545,207,0,0,2,0.0,neutral
1934563982968262766,PabloIglesias,Pablo Iglesias,Mon Jun 16 10:49:30 +0000 2025,El análisis de portadas de Despierta! es fundamental en este tipo de días👇,207,110,11,19594,74,0,0,0,0.0,neutral
1934552099917885802,PabloIglesias,Pablo Iglesias,Mon Jun 16 10:02:17 +0000 2025,Pedro Sánchez no necesita a nadie para gobernar. Necesita a la izquierda para legislar pero no parece que esté dispuesto https://t.co/xE3mWtT6am,719,360,13,19204,144,0,0,1,-0.5267,negative
1934551348592148727,PabloIglesias,Pablo Iglesias,Mon Jun 16 09:59:18 +0000 2025,Si el PSOE quiere hablar con los que le apoyaron en la investidura puede hacerlo sin pretender forzarles a hacerse una foto que pueda interpretarse con un apoyo que no tiene https://t.co/3NPm0KsMA7,703,356,56,25935,197,0,0,1,-0.7003,negative
1934549800445206537,PabloIglesias,Pablo Iglesias,Mon Jun 16 09:53:09 +0000 2025,"El problema no es que Abalos huela a vino. 

El problema es que hay empresas que se compran partidos y medios de comunicación 👇🏻 https://t.co/hBUMvPVuVc",2205,1045,86,46905,152,0,0,1,-0.296,negative
1934547997708489170,PabloIglesias,Pablo Iglesias,Mon Jun 16 09:45:59 +0000 2025,"¿Santos fue un golfo o un operador político en el marco de la lógica política de la corrupción?

Aquí lo intento explicar 👇

Con @carnecrudaradio https://t.co/fLuQR19PTf",334,179,8,15087,169,0,1,1,0.0,neutral
1934545970571698356,PabloIglesias,Pablo Iglesias,Mon Jun 16 09:37:56 +0000 2025,"¿Hay alternativa al PSOE en la izquierda? Digan lo que digan los melancólicos, claro que sí… 👇🏻

Con @carnecrudaradio https://t.co/VUzgL7f8B0",901,494,135,23450,141,0,1,1,0.0,neutral
1934543331817656503,PabloIglesias,Pablo Iglesias,Mon Jun 16 09:27:27 +0000 2025,"La mejor aliada del fascismo es la melancolía de la izquierda. 

El “Fascismo o PSOE” es una autopista para el fascismo. El PSOE fue una solución de régimen que no ha servido.

Con @carnecrudaradio👇 https://t.co/BqMg4rSrf5",912,465,52,35205,222,0,1,1,-0.2584,negative
1934540202036662645,PabloIglesias,Pablo Iglesias,Mon Jun 16 09:15:00 +0000 2025,"Ahora desde las 11.00 estaré en Carne Cruda analizando la actualidad política 👇

https://t.co/XdgJrPK1TC",174,61,16,24773,104,0,0,1,0.0,neutral
1934527723088826720,PabloIglesias,Pablo Iglesias,Mon Jun 16 08:25:25 +0000 2025,"🙋En este enlace puedes ver el resumen de mis intervenciones en el programa de Jesús Cintora sobre la corrupción del PSOE y el caso Ábalos/Cerdán👇🏻

#MalasLenguas

https://t.co/4lzcUIRpkn",273,154,24,27336,186,1,0,1,0.0,neutral
1934525275553124460,PabloIglesias,Pablo Iglesias,Mon Jun 16 08:15:42 +0000 2025,"A la derecha la corrupción no le afecta.

Ayuso es el mejor ejemplo y hay que asumir ese punto de partida 👇
@LasMananas_rne https://t.co/KW8hx9DdTR",1078,553,65,21822,147,0,1,1,-0.296,negative
1934521613778670049,PabloIglesias,Pablo Iglesias,Mon Jun 16 08:01:09 +0000 2025,"Frente al auge de la ultraderecha, no cabe apelar al miedo, sino a la radicalidad.

Hay que expulsar a las empresas corruptoras de la contratación pública, no aumentar el gasto militar, romper relaciones con Israel e intervenir el mercado del alquiler 👇 https://t.co/HPJcnLxVpD",1998,1001,343,53373,277,0,0,1,-0.5267,negative
1934520186578653679,PabloIglesias,Pablo Iglesias,Mon Jun 16 07:55:28 +0000 2025,"Si el planteamiento del PSOE y sus satélites progresistas es “O yo o el fascismo” llegará, sin duda, el fascismo

6 minutos de preguntas de Cuní👇

@LasMananas_rne https://t.co/rCeLHzpaqm",804,467,28,19825,186,0,1,1,-0.5574,negative
1934506133659496600,PabloIglesias,Pablo Iglesias,Mon Jun 16 06:59:38 +0000 2025,"Cuando me entrevistaba la progresía, me preguntaban por Neurona y Venezuela. Hoy, cuando afectan al PSOE, sí ven cloacas. 

Hacen falta toneladas de autocrítica en una progresía mediática que participó de la cacería contra el único partido estatal sin casos de corrupción https://t.co/Ni5LVIFJ0t",3821,1815,186,122669,295,0,0,1,-0.5574,negative
1934504976862118279,PabloIglesias,Pablo Iglesias,Mon Jun 16 06:55:02 +0000 2025,"La corrupción no es cutre. La corrupción es la forma de desarrollo del capitalismo español desde la Restauración canovista. 

Cuando pudo cambiar hace pocos años, las cloacas periodísticas, judiciales y mediáticas (los perros guardianes del poder) actuaron sin reparos 👇 https://t.co/PBcZ6SQXJj",1621,814,96,44571,294,0,0,1,-0.7003,negative
1934503297840238657,PabloIglesias,Pablo Iglesias,Mon Jun 16 06:48:22 +0000 2025,"Vuelve a verse que en España la corrupción es una forma de Gobierno. 

Grandes empresas que viven de la obra pública compran a los grandes partidos. Al PP esto no le afecta. Para el PSOE es devastador 👇
@LasMananas_rne https://t.co/PAyxjZ67v8",748,441,28,26206,242,0,1,1,-0.296,negative
1934497683852435526,PabloIglesias,Pablo Iglesias,Mon Jun 16 06:26:03 +0000 2025,"En unos minutos estaré en @LasMananas_rne con Josep Cuní y María Jesús Montero: pueden verlo en este enlace: https://t.co/BXsbEdIHNx

Antes, les dejo este editorial de Diario Red: ¿A quién le interesan unas elecciones ahora?
https://t.co/b8tslT96Jt",405,235,16,16663,248,0,1,2,0.0,neutral
1934494886486745250,PabloIglesias,Pablo Iglesias,Mon Jun 16 06:14:56 +0000 2025,"✍️ {R} EDITORIAL -¿A quién le interesan unas elecciones ahora? 

https://t.co/91GkLHZMbN",658,356,301,44784,88,0,0,1,0.0,neutral
1934210736550445122,PabloIglesias,Pablo Iglesias,Sun Jun 15 11:25:50 +0000 2025,@aresiskander No 😊 Es puro 🇲🇽,76,3,3,6565,29,0,1,0,0.1331,positive
1934012494747451797,PabloIglesias,Pablo Iglesias,Sat Jun 14 22:18:05 +0000 2025,"Lo que ha ocurrido es devastador para el PSOE porque millones de personas de izquierdas ven que no es tan diferente al PP.

Pero esos millones son mayoría y no tienen por qué seguir apoyándoles

¿Elecciones ahora? Eso solo lo quiere la derecha o un PSOE que tema ser superado https://t.co/Goofpjm81X",4710,2071,876,568045,299,0,0,1,-0.25,negative
1933792770642018593,PabloIglesias,Pablo Iglesias,Sat Jun 14 07:44:59 +0000 2025,"{R}✍️ EDITORIAL - Cambio de ciclo

https://t.co/wf6Z9zr8UW",641,392,109,36602,58,0,0,1,0.0,neutral
1933600921851756760,PabloIglesias,Pablo Iglesias,Fri Jun 13 19:02:38 +0000 2025,"Nosotros estuvimos en el Gobierno asumiendo que era un terreno de combate. 

Cada medida que arrancamos fue el resultado de una pelea difícil. 

Así funciona la política👇 https://t.co/E9uKUdbxqF",1506,771,80,29234,194,0,0,1,0.0,neutral
1933599647517581554,PabloIglesias,Pablo Iglesias,Fri Jun 13 18:57:35 +0000 2025,"Nosotros propusimos al PSOE una dirección de Estado republicana buscando acuerdos con los independentistas de izquierdas. 

El poder nos cogió la matrícula, pero el verdadero problema es que el PSOE prefería al PNV y a Junts

#MalasLenguas https://t.co/b5UOQRsxKy",1468,769,73,61315,263,1,0,1,0.0,neutral
1933598966006091782,PabloIglesias,Pablo Iglesias,Fri Jun 13 18:54:52 +0000 2025,"En el PSOE quizá no son conscientes de la puñalada que se han dado. 

Sánchez ganó sus primarias representando la regeneración del partido y encabezó una moción contra la corrupción del PP.

Hay alternativas para liderar la izquierda en España más allá del PSOE
#MalasLenguas https://t.co/K2VyS6bYGY",1628,801,283,124802,299,1,0,1,-0.296,negative
1933589547859706337,PabloIglesias,Pablo Iglesias,Fri Jun 13 18:17:27 +0000 2025,"Nosotros ofrecimos al PSOE nuestra hoz para segar lo que hubiera que segar, y nuestro martillo para golpear a quien hubiera que golpear para reformar el Estado. 

Pero nunca quisieron...
#MalasLenguas https://t.co/IKIKKhWybr",4134,1615,1281,347392,224,1,0,1,0.0,neutral
1933584260306231537,PabloIglesias,Pablo Iglesias,Fri Jun 13 17:56:26 +0000 2025,"¿Corrompen las empresas? Aquí va una pequeña lista de empresas que financiaron ilegalmente al PP 👇🏻
#MalasLenguas https://t.co/ofSqfwfklf",3985,2213,182,73726,137,1,0,1,0.0,neutral
1933578658549252499,PabloIglesias,Pablo Iglesias,Fri Jun 13 17:34:11 +0000 2025,"¿La corrupción tiene que ver con la condición humana? 

Nosotros gobernamos en Madrid, Barcelona, Coruña, Zaragoza, en Comunidades Autónomas y en España. 

Y no nos pueden sacar ni un solo caso de corrupción 👇

#MalasLenguas https://t.co/4BSZzfnziq",2785,1390,506,79032,248,1,0,1,-0.296,negative
1933577572559831369,PabloIglesias,Pablo Iglesias,Fri Jun 13 17:29:52 +0000 2025,"Hoy ni El País, ni el Mundo, ni el ABC han llevado a Acciona a su portada. Nosotros en Diario Red hemos recordado los vínculos de Acciona y Entrecanales con la corrupción, entregando dinero al PSOE y al PP
#MalasLenguas https://t.co/LNtZ3DbUIk",4821,2514,148,139778,243,1,0,1,0.0,neutral
1933565321883062570,PabloIglesias,Pablo Iglesias,Fri Jun 13 16:41:11 +0000 2025,"Nos vemos a partir de las 19.00 en #MalasLenguas con Jesús Cintora para hablar de la actualidad política, de la dimisión de Santos Cerdán y la comparecencia posterior de Pedro Sánchez 👇

https://t.co/uhLX9IwJuj",530,239,36,17883,210,1,0,1,0.0,neutral
1933509650529325368,PabloIglesias,Pablo Iglesias,Fri Jun 13 12:59:58 +0000 2025,"Hoy es un día clave para tener un análisis afinado de lo que dicen los medios de comunicación.

Echenique, Buhigas y Tecleme profundizan sobre los medios, la dimisión de Santos Cerdán y la comparecencia de Pedro Sánchez👇",658,359,12,31473,220,0,0,0,0.0,neutral
1933458209072640250,PabloIglesias,Pablo Iglesias,Fri Jun 13 09:35:33 +0000 2025,"Israel ataca ""preventivamente"" Irán y mata al Jefe de la Guardia Revolucionaria Islámica

✍️ @clujan0
https://t.co/j5YRLoU645",575,364,49,20560,125,0,1,1,0.0,neutral
1933391356577157267,PabloIglesias,Pablo Iglesias,Fri Jun 13 05:09:54 +0000 2025,"Acción Contra el Odio denuncia a Jesús Santorio Lorenzo (SrLiberal) por incitar al odio contra los migrantes

✍️ @wiesenthal1632 
https://t.co/QilCGfy6IG",1003,522,50,31199,153,0,1,1,0.0,neutral
1933096046709604353,PabloIglesias,Pablo Iglesias,Thu Jun 12 09:36:27 +0000 2025,"No se pierdan a Echenique, Zugasti y Tecleme analizando las portadas de un día como hoy.

Diseccionar los enfoques de los medios de comunicación y los temas que eligen para sus primeras planas, es una de las tareas políticas más necesarias 👇",764,425,35,43124,241,0,0,0,-0.296,negative
1933092230589255909,PabloIglesias,Pablo Iglesias,Thu Jun 12 09:21:17 +0000 2025,"{R}✍️ EDITORIAL - ¿Elegir a los jueces en las urnas en España?

➡️ Que el PSOE —al verse víctima— y los opinadores de la progresía mediática acepten ahora el lawfare que negaron contra independentistas y Podemos es un quiebre que mueve el frente de batalla",1058,603,74,48147,256,0,0,0,0.0,neutral
1933080086145908831,PabloIglesias,Pablo Iglesias,Thu Jun 12 08:33:02 +0000 2025,"AUDIO: El número dos de Interior con Rajoy: “Mauricio Casals [Atresmedia] iba muchísimas veces a ver a mi jefe [Fernández Díaz] y a Soraya [Saéz de Santamaría]”

✍️ @patricialopezl 
https://t.co/UKGEHctbNd",3015,1977,499,201761,205,0,1,1,0.0,neutral
1932952617447272522,PabloIglesias,Pablo Iglesias,Thu Jun 12 00:06:31 +0000 2025,Vista “El ladrón de perros” de Vinko Tomicic. Emocionante… Y espectaculares la imágenes de La Paz https://t.co/TaRaKMFGGw,231,67,11,17926,121,0,0,1,0.0,neutral
1932888392427319374,PabloIglesias,Pablo Iglesias,Wed Jun 11 19:51:18 +0000 2025,"Reflexiono en La Base junto a Manu Levin sobre la importancia de la batalla mediática para la izquierda

📺 https://t.co/c4o38uNtcY

🎙 https://t.co/Tj7fxnZs1l https://t.co/CsbjAbUCqy",1437,722,52,26163,181,0,0,3,0.0,neutral
1932543682923970683,PabloIglesias,Pablo Iglesias,Tue Jun 10 21:01:33 +0000 2025,"🇦🇷 El poder real y la Corte Suprema proscriben a Cristina Fernández de Kirchner 

➡️ Tras el lobby de los dueños de los medios hegemónicos, el Tribunal prohíbe la candidatura de la líder de la oposición

✍️ @jotaalonso 

https://t.co/ouos3HrGfD",919,586,91,30855,244,0,1,1,0.0258,neutral
1932512509921055090,PabloIglesias,Pablo Iglesias,Tue Jun 10 18:57:41 +0000 2025,"Gracias, presidenta @XiomaraCastroZ https://t.co/VipHx4WFPy",928,219,24,25612,59,0,1,1,0.0,neutral
1932439081968976022,PabloIglesias,Pablo Iglesias,Tue Jun 10 14:05:54 +0000 2025,"Sandra Barrilaro, portavoz de la Flotilla de la Libertad: “Lo que ha hecho Israel es piratería en aguas internacionales y nuestros gobiernos miran hacia otro lado”

https://t.co/uSzblA98em",977,607,26,18317,188,0,0,1,0.34,positive
1932416332999299378,PabloIglesias,Pablo Iglesias,Tue Jun 10 12:35:31 +0000 2025,"Continuamos con las reflexiones y el pensamiento de Manuel Sacristán, con edición de Salvador López Arnal, en el contexto de su centenario 👇

https://t.co/Dp5TUrrjDj",244,102,6,12547,165,0,0,1,0.0,neutral
1932326742120632484,PabloIglesias,Pablo Iglesias,Tue Jun 10 06:39:30 +0000 2025,Diario Red continúa publicando audios de las cloacas del PP👇,3039,1923,131,78559,60,0,0,0,0.0,neutral
1932245077562102131,PabloIglesias,Pablo Iglesias,Tue Jun 10 01:15:00 +0000 2025,"Es hora de que la izquierda se haga cargo de la importancia que tiene la batalla mediática a la hora de hacer política.

Con @EstefaniaVeloz ⬇️

#LaBaseAmLat

📺 https://t.co/XfkD8JE7T6

🎙 https://t.co/33bEUiHJYw https://t.co/PAKueyhOYR",2460,1199,65,31227,235,1,1,3,0.0,neutral
1932242561353253100,PabloIglesias,Pablo Iglesias,Tue Jun 10 01:05:00 +0000 2025,"Desde el inicio en Canal Red hemos tenido claro que América Latina es un puntal para las fuerzas progresistas del mundo y con mucha humildad queremos aportar en ese camino.

Hablo con @Marco_Teruggi👇

#LaBaseAmLat

📺 https://t.co/XfkD8JEFIE

🎙 https://t.co/33bEUiIhO4 https://t.co/EmZyKSahZu",816,375,24,16056,291,1,1,3,0.0,neutral
1932240043860460003,PabloIglesias,Pablo Iglesias,Tue Jun 10 00:55:00 +0000 2025,"¿Por qué Canal Red América Latina con sede en México? Hablo con @inafinogenova sobre la importancia de esta tierra como reserva ideológica de la izquierda👇

#LaBaseAmLat

📺 https://t.co/XfkD8JE7T6

🎙 https://t.co/33bEUiHJYw https://t.co/0zITRJLthN",2126,954,152,82640,247,1,1,3,0.0,neutral
1932226204800516307,PabloIglesias,Pablo Iglesias,Tue Jun 10 00:00:00 +0000 2025,"🌎 Ya puedes ver La Base América Latina 

#LaBaseAmLat

📺 https://t.co/XfkD8JE7T6

🎙 https://t.co/33bEUiHJYw https://t.co/MRTP98S3pJ",771,323,29,71502,131,1,0,3,0.0,neutral
1932155495638585658,PabloIglesias,Pablo Iglesias,Mon Jun 09 19:19:02 +0000 2025,"🌏Antes del primer programa de La Base América Latina, puedes ver esta impresionante conversación entre Noam Chomsky y Fabian Scheidler sobre la Crisis de la Civilización y el fin de la Megamachine

📺 https://t.co/n6H9NzCDc4 https://t.co/C8iAP5ruOx",396,208,6,15587,247,0,0,2,-0.6249,negative
1932135625333117195,PabloIglesias,Pablo Iglesias,Mon Jun 09 18:00:05 +0000 2025,"En tan solo unas horas arranca por fin La Base América Latina con @inafinogenova, @EstefaniaVeloz y @Marco_Teruggi 

Podrás verlo aquí en los siguientes horarios: https://t.co/BVf3hXgzxm

Si puedes colaborar 👉 https://t.co/ncGxBjzEAV

#LaBaseAmLat https://t.co/3Wkwy2uFG9",2100,885,85,48180,271,1,3,3,0.0,neutral
1932108218081435842,PabloIglesias,Pablo Iglesias,Mon Jun 09 16:11:10 +0000 2025,"Ya en Bogotá para participar en la X Conferencia latinoamericana y caribeña de Ciencias Sociales

https://t.co/1Ng2okKuu2

 #CLACSO2025 https://t.co/YJ8vzeeSl5",1779,524,92,31728,159,1,0,2,0.0,neutral
1932103713608683601,PabloIglesias,Pablo Iglesias,Mon Jun 09 15:53:16 +0000 2025,"Hoy se estrena La Base América Latina 👇

https://t.co/6vWRTCa4hs",2611,850,70,46440,64,0,0,1,0.0,neutral
1932091164930306288,PabloIglesias,Pablo Iglesias,Mon Jun 09 15:03:24 +0000 2025,"Señora, dejando las mentiras de su pieza a un lado, al menos compruebe usted lo que dice. Diario Red América Latina dirigido por @danielapastrana lleva meses en la ciudad y La Base América Latina emite su primer programa hoy. Écheles un ojo; le gustarán 😉",2632,1086,123,64932,255,0,1,0,0.0,neutral
1932013391431762316,PabloIglesias,Pablo Iglesias,Mon Jun 09 09:54:22 +0000 2025,"En cualquier parte del Estado donde haya una licitación pública siempre está Florentino Pérez 🤔👇

➡️ Los jardineros en huelga de Gasteiz reclaman para su salario el 41% de lo que el Ayuntamiento recortó en la licitación

✍️ @Zuriro 
https://t.co/NziHLPDUkZ",1194,818,39,20052,256,0,1,1,0.0,neutral
1932000149930160509,PabloIglesias,Pablo Iglesias,Mon Jun 09 09:01:45 +0000 2025,"El exagente de la UCO fichado por Ayuso filtraba información confidencial a la trama de hidrocarburos (2ª parte)

➡️@wiesenthal1632 continúa tirando del hilo de la corrupción aunque les moleste a muchos

https://t.co/xjHQG4CihR",2401,1622,34,34870,227,0,1,1,0.0,neutral
1931977636663664784,PabloIglesias,Pablo Iglesias,Mon Jun 09 07:32:17 +0000 2025,"{R}✍️ EDITORIAL - Ni un paso atrás contra Milei

https://t.co/3vSuJ5TSQh",417,219,12,13031,72,0,0,1,0.0,neutral
1931870685506449728,PabloIglesias,Pablo Iglesias,Mon Jun 09 00:27:18 +0000 2025,"Escribía esto @EnriqueKrauze en 1997. Sería difícil no reconocer, casi 30 años después, que los grandes actores de la democratización mexicana han sido los movimientos sociales y la 4T. Rara vez en la historia la democracia es obra de liberales. Aprendí mucho con el libro https://t.co/BVG2C5rAAs",412,191,11,14779,296,0,1,1,-0.296,negative
1931779970017411468,PabloIglesias,Pablo Iglesias,Sun Jun 08 18:26:50 +0000 2025,"Aquí puedes ver algunas de mis intervenciones en #MalasLenguas de Jesús Cintora

Hablé del papel que hace Page a favor del PP, de la reivindicación de la dictadura de Franco que hizo Esperanza Aguirre y mas...

https://t.co/Ctgoy0X5mS",819,438,41,38128,234,1,0,1,0.4019,positive
1931755620803198996,PabloIglesias,Pablo Iglesias,Sun Jun 08 16:50:04 +0000 2025,"🇨🇴 El atentado contra Miguel Uribe: ¿Quién busca enturbiar el escenario político colombiano? 

✍️ El análisis de @DianaAlfonso91 y @LautaroRivara 

https://t.co/U5ejgKMaY1",744,458,57,22323,171,0,2,1,0.0,neutral
1931687655286169666,PabloIglesias,Pablo Iglesias,Sun Jun 08 12:20:00 +0000 2025,"🏀Las primeras campeonas de Europa

➡️Será su vigesimotercera participación desde su debut en 1974. Desde entonces, la Selección Femenina ha conquistado 11 medallas, 4 de ellas de oro: la primera, en 1993 en Perugia

https://t.co/5PHyjAeixo",288,147,5,14686,239,0,0,1,0.34,positive
1931672302628016509,PabloIglesias,Pablo Iglesias,Sun Jun 08 11:19:00 +0000 2025,"Un pastor evangélico pro Israel dirige la 'ayuda humanitaria' en Gaza después de apoyar la expulsión de palestinos

✍️ @brunosgarzini 

https://t.co/cxh4okceUX",691,573,25,21143,159,0,1,1,0.0,neutral
1931655693129445420,PabloIglesias,Pablo Iglesias,Sun Jun 08 10:13:00 +0000 2025,"El BCE encomienda al gasto en armamento el crecimiento de la economía europea

✍️ @cristinabuhigas 

https://t.co/m34Nw3CxsX",282,213,11,12786,124,0,1,1,0.0,neutral
1931649834349416656,PabloIglesias,Pablo Iglesias,Sun Jun 08 09:49:43 +0000 2025,"El audio íntegro entre el número dos del ministerio del Interior de Rajoy y Pérez Dolset que no han publicado los medios y que explica el funcionamiento de las cloacas

https://t.co/vIAlg74vxF",4014,2764,84,76930,192,0,0,1,-0.296,negative
1931638329188941970,PabloIglesias,Pablo Iglesias,Sun Jun 08 09:04:00 +0000 2025,"Llamamiento al Primer Congreso Antisionista Judío, Viena, 13-15 de junio de 2025

✍️ Dalia Sarig-Fellner y Haim Bresheeth-Žabner 

https://t.co/bJDBQDtDO2",1479,865,28,24495,154,0,0,1,0.0,neutral
1931623060026560808,PabloIglesias,Pablo Iglesias,Sun Jun 08 08:03:19 +0000 2025,"Detienen a Juan Grabois, sin orden judicial, por ocupar el Instituto Juan Domingo Perón que Milei quiere cerrar

https://t.co/CdFASDDzTt",916,590,68,28904,136,0,0,1,-0.5574,negative
1931383905841463514,PabloIglesias,Pablo Iglesias,Sat Jun 07 16:13:01 +0000 2025,"Ahora hay un nuevo sheriff en la ciudad... 

Tengo el honor de contarles que a partir de este lunes 9 de junio llega La Base América Latina.  

Con @inafinogenova, @EstefaniaVeloz y @Marco_Teruggi",1539,829,62,71004,196,0,3,0,0.4939,positive
1931280696288346402,PabloIglesias,Pablo Iglesias,Sat Jun 07 09:22:54 +0000 2025,Ayer estuve en #MalasLenguas hablando sobre el audio del número 2 de Interior con Rajoy en el que reconoce que el informe de Granadinas que se publicó cuando Podemos podía liderar el gobierno era una falsificación👇 https://t.co/jRHbA4Hve5,3395,1795,100,53139,238,1,0,1,0.0,neutral
1931026284672438708,PabloIglesias,Pablo Iglesias,Fri Jun 06 16:31:57 +0000 2025,"El ex número 2 de Interior con Rajoy admite que se sabía que la “cuenta de Granadinas” contra Pablo Iglesias era una falsificación 

➡️ Francisco Martínez se habría confesado con el empresario Javier Pérez Dolset: ""Sabíamos perfectamente que era mentira""

https://t.co/YehhBuXGXV",3985,2140,330,71598,279,0,0,1,0.0,neutral
1930982759671156994,PabloIglesias,Pablo Iglesias,Fri Jun 06 13:39:00 +0000 2025,"¿Dónde está Gan Pampols?

✍️ @raquel_jimenezz 

https://t.co/yO6zX9RXpr",1883,941,162,32553,71,0,1,1,0.0,neutral
1930964316351504451,PabloIglesias,Pablo Iglesias,Fri Jun 06 12:25:43 +0000 2025,"El Supremo se contradice y se rectifica a sí mismo para evitar aplicar la inmunidad parlamentaria a Ione Belarra ante la demanda de García Castellón

Lean a @RaulSolisUE👇

https://t.co/ik3groE2iX",1227,771,43,29364,195,0,1,1,0.4404,positive
1930921857815077029,PabloIglesias,Pablo Iglesias,Fri Jun 06 09:37:00 +0000 2025,"El giro de 360 de la ONU con Baerbock de presidenta

✍️ @carmelanegrete 

https://t.co/6drzaraW0S",344,225,26,13605,97,0,1,1,0.0,neutral
1930913837974229458,PabloIglesias,Pablo Iglesias,Fri Jun 06 09:05:08 +0000 2025,"{R}✍️ EDITORIAL - La paz en Ucrania todavía está muy lejos

https://t.co/rka2GobonO",267,151,2,10979,83,0,0,1,0.0,neutral
1930713550886203409,PabloIglesias,Pablo Iglesias,Thu Jun 05 19:49:16 +0000 2025,"A VUELTAS

Ya disponible la entrevista a Beatriz Yarza, médica en la guerrilla salvadoreña

📺 https://t.co/MuNc2CBXI5 https://t.co/gNszDf5b0W",174,97,4,13105,141,0,0,2,0.0,neutral
1930701564462891144,PabloIglesias,Pablo Iglesias,Thu Jun 05 19:01:38 +0000 2025,"¿Cuál es el modus operandi de las cloacas?

Este👇🏻 https://t.co/Gy9t6cM0PS",1151,679,39,22993,74,0,0,1,0.0,neutral
1930700146351776083,PabloIglesias,Pablo Iglesias,Thu Jun 05 18:56:00 +0000 2025,"Esto sobre Aznar para @juanludepaolis y @EnricJuliana que nos están viendo😎

#MalasLenguas https://t.co/2U9IaGAIM5",1163,621,9,24059,114,1,2,1,0.4588,positive
1930699493995126814,PabloIglesias,Pablo Iglesias,Thu Jun 05 18:53:24 +0000 2025,"¿Quien es Pérez Dolset? Entre otras cosas el que hizo que se conociera el famoso audio de Ferreras, Casals y Villarejo. 

Cuando le conocí me explicó las razones que le mueven. Aquí lo explico👇

#MalasLenguas https://t.co/9hk70JsMn7",3361,1856,52,107246,232,1,0,1,0.0,neutral
1930698661522186468,PabloIglesias,Pablo Iglesias,Thu Jun 05 18:50:06 +0000 2025,"Me quejaba yo de la deslealtad de Carmena y Errejón pero lo del Page con el PSOE no tiene nombre…
#MalasLenguas https://t.co/iX0GXkV6vt",5717,2079,471,103316,135,1,0,1,-0.296,negative
1930696383033688085,PabloIglesias,Pablo Iglesias,Thu Jun 05 18:41:02 +0000 2025,"Desde el sketch del abrigo de plumas que no pesa de @Pantomima_Full  no se veía nada igual, pero creo que esta vez Albert Rivera os ha superado. Dicen que le van a dar sección de humor en El Hormiguero... https://t.co/HmlQnrBwsi",1310,503,31,107261,228,0,1,1,0.0258,neutral
1930694459525902480,PabloIglesias,Pablo Iglesias,Thu Jun 05 18:33:24 +0000 2025,"Esperanza Aguirre debería ser juzgada por hacer apología del terrorismo franquista. 

La impunidad de estos ultras da alas a la violencia que promueven ciertos grupos en las calles
#MalasLenguas https://t.co/Ne6l93tT5K",7110,2843,591,85398,218,1,0,1,-0.2732,negative
1930673387375939780,PabloIglesias,Pablo Iglesias,Thu Jun 05 17:09:40 +0000 2025,"Son las voces chabacanas, zafias, soeces, sórdidas, confiadas, que en cada una de sus inflexiones, timbres, dejes, estilos e idiolectos condensan cientos de miles de páginas sobre la naturaleza de la forma de Estado española (Raúl Sánchez Cedillo)

📺 https://t.co/8PuiknXUPN https://t.co/GjcBSCbF2P",695,367,22,15416,298,0,0,2,0.0,neutral
1930643696472428700,PabloIglesias,Pablo Iglesias,Thu Jun 05 15:11:41 +0000 2025,"🇧🇴 Bolivia: crisis económica y repliegue del Estado, un proceso deliberado 

✍️ @Adriana1989sa 

https://t.co/uOeTmicdFv",145,84,0,9477,120,0,1,1,-0.6249,negative
1930617869194215840,PabloIglesias,Pablo Iglesias,Thu Jun 05 13:29:03 +0000 2025,"El juez Pedraz imputa a un policía que investigó a Iglesias utilizando el montaje de la compraventa de cocaína contra Miguel Urbán

https://t.co/DBKZsow2OB",2320,1307,29,33355,155,0,0,1,0.0,neutral
1930552541000945864,PabloIglesias,Pablo Iglesias,Thu Jun 05 09:09:28 +0000 2025,"Activistas propalestinos de la Región de Murcia inician una huelga de hambre contra el genocidio  

✍️ @fernando_mihur 
https://t.co/6m7gmia1ZA",467,276,25,11418,143,0,1,1,0.0,neutral
1930546383775547787,PabloIglesias,Pablo Iglesias,Thu Jun 05 08:45:00 +0000 2025,"Esta tarde a las 19.00 horas en Canal Red se podrá ver la entrevista que tuve el honor de hacer a Beatriz Yarza, médica en la guerrilla salvadoreña.

Aquí un pequeño adelanto👇
https://t.co/pQFGAArCGk",388,215,4,10380,199,0,0,1,0.4939,positive
1930541249603248482,PabloIglesias,Pablo Iglesias,Thu Jun 05 08:24:36 +0000 2025,"{R}✍️ EDITORIAL - La pata mediática de la cloaca

➡️Uno de los dos mayores grupos que controlan lo que ven y leen millones de ciudadanos está dirigido por personas que aparecen en los audios de Villarejo como partícipes de operaciones delictivas

https://t.co/udHOxeA3no",1673,1173,56,23279,270,0,0,1,0.0,neutral
1930362877069631698,PabloIglesias,Pablo Iglesias,Wed Jun 04 20:35:48 +0000 2025,¿Te vas a perder esto mañana? https://t.co/202WkIapTY,1106,569,70,44463,53,0,0,1,0.0,neutral
1930312644273049736,PabloIglesias,Pablo Iglesias,Wed Jun 04 17:16:12 +0000 2025,"Cuando escuches a los defensores del Gobierno presumir de que se cortan contratos con Israel, lee siempre a Olga Rodríguez 👇🏻",1312,740,37,37985,125,0,0,0,0.0,neutral
1930296487302308295,PabloIglesias,Pablo Iglesias,Wed Jun 04 16:12:00 +0000 2025,"Hoy en La Base hablamos de la Revolución cubana y para ello conectamos con La Habana para entrevistar a Ernesto Teuma, miembro de la revista La Tizza y del PCC. Esto es suyo 👇🏻

📺 https://t.co/rLy1MryytN https://t.co/E7604h9oZ9",926,424,91,26031,227,0,0,2,0.0,neutral
1930235798697177318,PabloIglesias,Pablo Iglesias,Wed Jun 04 12:10:51 +0000 2025,"Las cloacas no son un problema de 4 policías fachas. Son un entramado de directivos de medios, periodistas, mandos policiales, jueces y empresarios. Aquí lo explico y algo duro he debido de decir que el bueno de Javier Ruiz ha tenido que decir varias veces que es MI opinión 😉 https://t.co/64TV592lVU",5949,2849,473,181001,300,0,0,1,0.0516,positive
1930192735899632112,PabloIglesias,Pablo Iglesias,Wed Jun 04 09:19:44 +0000 2025,"El excapitán de la UCO, contratado por Ayuso, facilitó al confidente Carames contactos para que este hiciese negocios con el Ministerio de Fomento y la DGT

✍️@wiesenthal1632 sigue tirando del hilo de la corrupción

https://t.co/Rv0UnI37lS",1380,910,36,26425,239,0,1,1,0.0,neutral
1930136305565827252,PabloIglesias,Pablo Iglesias,Wed Jun 04 05:35:30 +0000 2025,"🔴ENTREVISTA | Javier Pérez Dolset: “Casals y Crehueras contrataron a Villarejo para quedarse con mi empresa”

No se pierdan esta entrevista de @RaulSolisUE👇

https://t.co/l9KV7Dqixy",1799,1156,46,42568,181,0,1,1,-0.296,negative
1929934099361202285,PabloIglesias,Pablo Iglesias,Tue Jun 03 16:12:00 +0000 2025,"Casi nada es casual en una guerra. Los símbolos tampoco. Ucrania difunde que ha estado preparando el ataque durante un año y medio para ejecutarlo con precisión, pero que “casualmente” ha tenido lugar horas antes de las conversaciones de paz en Estambul.

https://t.co/BYM5H4Xmh5 https://t.co/yVsg5AEsfW",974,557,43,26329,303,0,0,2,0.6808,positive
1929904422563307803,PabloIglesias,Pablo Iglesias,Tue Jun 03 14:14:04 +0000 2025,"🇵🇸🇮🇱 ¿Tiene opciones Palestina de vencer?

El problema no es Netanyahu sino Israel. Nunca aceptará un Estado palestino soberano y menos  un Estado plurinacional en el que los palestinos tuvieran los mismos derechos que los israelies de origen europeo

✍️

https://t.co/vyQPiw5Bpr",702,412,103,22904,279,0,0,1,-0.296,negative
1929863134778741177,PabloIglesias,Pablo Iglesias,Tue Jun 03 11:30:01 +0000 2025,"Hugo Aguilar Ortiz, abogado indígena y colaborador de Diario Red, se perfila como próximo presidente de la Suprema Corte de Justicia de México

✍️ @danielapastrana 

https://t.co/URi4kvDArC",2728,989,74,32570,189,0,1,1,0.0,neutral
1929856664804450793,PabloIglesias,Pablo Iglesias,Tue Jun 03 11:04:18 +0000 2025,"🇺🇦Ataques críticos para la diplomacia entre Rusia y Ucrania

✍️ @AleGeo__ 

https://t.co/wjIeGOFohT",149,82,2,9646,99,0,1,1,0.0,neutral
1929841282270085130,PabloIglesias,Pablo Iglesias,Tue Jun 03 10:03:11 +0000 2025,"En este enlace puedes ver algunas de mis intervenciones en el programa de Jesús Cintora
en TVE 👇

Hablamos de cloacas, la UCO, la corrupción que rodea a Ayuso y más...

https://t.co/pgMbsNB0AO https://t.co/v3JDxFndcH",876,542,28,15150,216,0,0,2,0.0,neutral
1929806761805893812,PabloIglesias,Pablo Iglesias,Tue Jun 03 07:46:00 +0000 2025,"🔻En el primer centenario del fallecimiento de Karl Marx. Carta de la Redacción de “mientras tanto” 

✍️ Manuel Sacristán Luzón

➡️ A 100 años de su nacimiento, publicamos este texto del gran pensador marxista español (edición de Salvador López Arnal)

https://t.co/MpHXtVbGz6",215,135,4,9250,275,0,0,1,0.0,neutral
1929780089144987754,PabloIglesias,Pablo Iglesias,Tue Jun 03 06:00:01 +0000 2025,"{R}✍️ EDITORIAL - Propagandas (en plural)

➡️ El ataque ucraniano contra Rusia desnuda varios caracteres básicos de la propaganda de guerra. Kiev exagera las cifras y Moscú las minimiza, pues ambos buscan sostener una posición de fuerza frente a Trump

https://t.co/t0BpXCTXZb",191,121,4,10477,276,0,0,1,-0.25,negative
1929772280382366018,PabloIglesias,Pablo Iglesias,Tue Jun 03 05:28:59 +0000 2025,"AUDIO: El fiscal José Grinda sobre la operación contra Pérez Dolset: Fue ""una tenaza"" entre el comisario André Vega y José Lara (Planeta), ""algo preparado""

✍️ @patricialopezl 

https://t.co/yx1wwCufu3",452,339,5,18586,201,0,1,1,0.0,neutral
1929618731535335664,PabloIglesias,Pablo Iglesias,Mon Jun 02 19:18:50 +0000 2025,"🇨🇺 Una nueva izquierda en Cuba 

➡️ Entrevista del equipo de la @NewLeftReview a Ernesto Teuma, profesor de Teoría política en la Universidad de las Artes-ISA (La Habana) y miembro del colectivo @latizzadecuba 👇🏻

https://t.co/pahZVjqsd0",336,169,10,18980,237,0,2,1,0.0,neutral
1929571711361687771,PabloIglesias,Pablo Iglesias,Mon Jun 02 16:12:00 +0000 2025,"Los habitantes franceses de Argelia tuvieron que volver a Francia y engrosar las primeras bases electorales de Le Pen. Quien sabe si algún día los israelíes no se verán obligados a volver a Europa y a EEUU. La historia es tenaz y despiadada

📺 https://t.co/NuDvmIODNB https://t.co/WF6FnEBOVG",1221,617,99,43045,291,0,0,2,-0.296,negative
1929481335229345949,PabloIglesias,Pablo Iglesias,Mon Jun 02 10:12:53 +0000 2025,"Tras cinco años, la memoria de los 7291 fallecidos en las residencias por la gestión de la pandemia en Madrid sigue presente

✍️ @JuanjoChica_ 
https://t.co/kVysEuI2d0",1861,926,672,73554,167,0,1,1,0.0,neutral
1929467450417926367,PabloIglesias,Pablo Iglesias,Mon Jun 02 09:17:42 +0000 2025,"13 millones de mexicanos votan en la primera elección del poder judicial

Lean a Daniela Pastrana y Crismar Lujano 

https://t.co/vVwLIiCoa0",363,179,16,12673,140,0,0,1,0.0,neutral
1929445059134361716,PabloIglesias,Pablo Iglesias,Mon Jun 02 07:48:44 +0000 2025,"La derecha española lleva años aplicando el manual chileno de desestabilización, incluida la destrucción psicológica de sus adversarios. 

Lo que consiguió la derecha chilena con el general Prats, lo puede conseguir la derecha española con Pedro Sánchez 👇🏻

@LasMananas_rne https://t.co/W3msdnRzPo",717,418,60,40414,297,0,1,1,0.0,neutral
1929441924127064292,PabloIglesias,Pablo Iglesias,Mon Jun 02 07:36:16 +0000 2025,@flombao @LasMananas_rne https://t.co/cPqIT1zRlC,130,54,4,1274,48,0,2,1,0.0,neutral
1929439571923640420,PabloIglesias,Pablo Iglesias,Mon Jun 02 07:26:55 +0000 2025,"Hay veces en las que no puedo evitar indignarme y mandar a la mierda a más de uno. Me ha vuelto a pasar en RTVE y os pido disculpas, pero creo que he dicho dos o tres verdades aquí 👇🏻

@LasMananas_rne https://t.co/38qHN76Jeu",4732,2001,448,223514,224,0,1,1,0.0516,positive
1929437932969955388,PabloIglesias,Pablo Iglesias,Mon Jun 02 07:20:25 +0000 2025,"Cuando el PSOE presume de la amnistía, de la subida del SMI o de la ley del solo sí es sí, presume de todo aquello que no quería hacer y que no le quedó más remedio que hacer. Aquí está el mayor de sus problemas 👇🏻

@LasMananas_rne https://t.co/6perGf8tG7",2524,1456,57,36004,255,0,1,1,-0.5267,negative
1929435533186408524,PabloIglesias,Pablo Iglesias,Mon Jun 02 07:10:52 +0000 2025,"Si en el PSOE no hubieran negado la existencia de cloacas que algunos denunciamos y hubieran asumido la necesidad de combatirlas, hoy estaríamos en otra situación 👇🏻

@LasMananas_rne https://t.co/8awtM5E5aG",1063,555,60,20193,206,0,1,1,-0.296,negative
1929433141711679596,PabloIglesias,Pablo Iglesias,Mon Jun 02 07:01:22 +0000 2025,"Nos escandalizamos de la hambruna en Gaza al tiempo que sabemos que España sigue comprando material militar a Israel.

¿Tienen alternativa los palestinos a su lucha armada contra el sionismo? Dialogo con Mikel Ayestaran
@LasMananas_rne https://t.co/IJxFi2ZFgl",1050,650,17,19012,259,0,1,1,0.0,neutral
1929428012128149821,PabloIglesias,Pablo Iglesias,Mon Jun 02 06:40:59 +0000 2025,"La amnistía es una decisión política, la Constitución es un documento político y el Tribunal Constitucional es un tribunal político que interpreta la voluntad política del poder constituyente 👇🏻

@LasMananas_rne https://t.co/w695IxNd4r",476,282,25,19337,235,0,1,1,0.0,neutral
1929423569550815590,PabloIglesias,Pablo Iglesias,Mon Jun 02 06:23:20 +0000 2025,"➡️Desde las 8.30 estaré en Las Mañanas de RNE con Josep Cuní👇
https://t.co/BXsbEdIHNx",211,86,11,12688,85,0,0,1,0.0,neutral
1929417765258936519,PabloIglesias,Pablo Iglesias,Mon Jun 02 06:00:16 +0000 2025,"{R}✍️ EDITORIAL - Se desborda la alcantarilla del bipartidismo

➡️Es muy probable que las actividades de Leire Díez sean una patética forma de hacer en las alcantarillas lo que Marlaska no se atreve a hacer en el BOE

https://t.co/cR7s9WBXJa",757,460,49,22140,241,0,0,1,-0.296,negative
1928783059639288222,PabloIglesias,Pablo Iglesias,Sat May 31 11:58:11 +0000 2025,"Por el centenario de Manuel Sacristán, queremos ofrecer desde Diario Red algunos de sus textos 👇",369,174,7,23414,96,0,0,0,0.0,neutral
1928432521118654645,PabloIglesias,Pablo Iglesias,Fri May 30 12:45:16 +0000 2025,"No es perdáis esta historia sobre Beatriz Yarza, una médica vasca que participó en la guerrilla salvadoreña 👇🏻 https://t.co/BlzweLjxMx",314,152,6,15316,134,0,0,1,-0.296,negative
1928345338659701170,PabloIglesias,Pablo Iglesias,Fri May 30 06:58:50 +0000 2025,"{R}✍️ EDITORIAL - ¿De qué hablan cuando dicen “tregua” en Gaza?

https://t.co/tQByHYH671",389,235,23,12252,88,0,0,1,0.0,neutral
1972930984116199609,PabloIglesias,Pablo Iglesias,Tue Sep 30 07:46:16 +0000 2025,"Fuentes de IU confirman a 20minutos que votaron a favor de la ley migratoria de PSOE-Junts para no “dar munición a Podemos”

https://t.co/mqu9Z0SfLn",2055,1585,255,79192,148,0,0,1,0.128,positive
1972725921066234161,PabloIglesias,Pablo Iglesias,Mon Sep 29 18:11:25 +0000 2025,Creo que Peinado no solo va a por nosotros. Va también a por la tele pública. En España la derecha mediática ha protegido siempre a la derecha judicial. Nuestra obligación en Canal Red y como analistas de RTVE es informar y analizar el comportamiento de la derecha judicial 👇🏻 https://t.co/wRIa9PmlXv,4383,1960,262,93236,300,0,0,1,0.0516,positive
1972589790043476276,PabloIglesias,Pablo Iglesias,Mon Sep 29 09:10:29 +0000 2025,"{R} ✍️ EDITORIAL - Los racistas van a fracasar

➡️ Los habitantes de este país de países somos mayoritariamente gente decente y la prueba es que ya hay casi 10 millones de personas nacidas fuera viviendo aquí con una conflictividad mínima

https://t.co/FlJXPCiw5a",778,462,129,23543,263,0,0,1,0.0,neutral
1972328949780013072,PabloIglesias,Pablo Iglesias,Sun Sep 28 15:54:00 +0000 2025,Los niveles de corrupción y clientelismo en la prensa regional en España no tienen parangón. Pablo solo dice la puñetera verdad. Si la @aprensamadrid saca un comunicado de apoyo al @LNCleon y Ana Rosa hace un duplex con los propietarios cerramos el círculo,1236,695,35,48419,256,0,2,0,-0.296,negative
1971967079319556375,PabloIglesias,Pablo Iglesias,Sat Sep 27 15:56:03 +0000 2025,"En este video puedes ver todas mis intervenciones en el programa Malas Lenguas de TVE 👇

https://t.co/Suesa1RrWD",767,451,64,46055,112,0,0,1,0.0,neutral
1971908176657441066,PabloIglesias,Pablo Iglesias,Sat Sep 27 12:02:00 +0000 2025,"Escuchen esta hermosa versión de @gardialfonso de Al Alba. 

Porque fueron, somos. Porque somos, serán.",1122,516,85,36806,103,0,1,0,0.0,neutral
1971845864114344092,PabloIglesias,Pablo Iglesias,Sat Sep 27 07:54:23 +0000 2025,"Así ha evolucionado el lenguaje político y mediático sobre Palestina desde 2023

Este análisis de Andrés Prieto analiza cómo han tratado medios y partidos el genocidio desde hace dos años y cómo han ido virando gracias a la presión política y popular 👇
https://t.co/Pak5Ly1f8l",659,412,29,17749,276,0,0,1,0.6369,positive
1971825108856823879,PabloIglesias,Pablo Iglesias,Sat Sep 27 06:31:55 +0000 2025,"📰📺 Así ha evolucionado el lenguaje político y mediático sobre Palestina desde 2023 

➡️ Del marco de la “guerra contra el terrorismo” hasta la admisión de la “masacre”

✍️ @and_pr8 

https://t.co/1mykVO50Os",504,299,25,18382,206,0,1,1,0.34,positive
1971617337913888936,PabloIglesias,Pablo Iglesias,Fri Sep 26 16:46:18 +0000 2025,Los ultras que estuvieron ayer con Espinosa son solo peones. Los fascistas peligrosos de verdad están en el Estado y en el periodismo 👇🏻 https://t.co/KUFUcjZHJr,2856,1289,359,55788,160,0,0,1,0.0,neutral
1971616034504454264,PabloIglesias,Pablo Iglesias,Fri Sep 26 16:41:08 +0000 2025,Page es un traidor. Si estás en un partido es indecente que te dediques a reventar al jefe de tu partido. Nosotros lo decimos claro; otros siempre trataron de pescar en las traiciones de nuestros “Pages” https://t.co/73wKTLo95E,4707,1790,1301,250482,227,0,0,1,0.0,neutral
1971612811639005481,PabloIglesias,Pablo Iglesias,Fri Sep 26 16:28:19 +0000 2025,Lo de Albert Rivera -que al parecer no era muy trabajador-es tremendo pero no hay que olvidar que Pedro Sánchez quería gobernar con él y no con Podemos https://t.co/z9TemEytv0,2512,1085,304,98865,175,0,0,1,-0.6808,negative
1971609765991395791,PabloIglesias,Pablo Iglesias,Fri Sep 26 16:16:13 +0000 2025,"Sobre Garamendi y la reducción de jornada.

Todos estamos a favor de bajar la jornada laboral pero el principal problema de la gente es es que no puede pagar el alquiler. El gobierno tiene que bajar los alquileres por decreto y sin excusas de que no tiene competencias https://t.co/uPgFiqmy5r",1297,659,73,26989,292,0,0,1,-0.6486,negative
1970985846343082068,PabloIglesias,Pablo Iglesias,Wed Sep 24 22:56:59 +0000 2025,"La huelga general contra en genocidio en Italia, donde gobierna Meloni, ha obligado a su gobierno a anunciar que envía un buque militar a proteger a la flotilla. El gobierno español anuncia ahora que hará lo mismo. Claro que la movilización y la presión funcionan. A seguir 🇵🇸✊ https://t.co/XLe4rVPOXc",7483,3173,329,110414,301,0,0,1,0.34,positive
1970809613328199935,PabloIglesias,Pablo Iglesias,Wed Sep 24 11:16:42 +0000 2025,"¿Qué más necesita Sánchez para reaccionar?

https://t.co/bSHTcjhkCF https://t.co/JD5qItVB5i",737,408,102,26704,91,0,0,2,0.0,neutral
1970780781648744638,PabloIglesias,Pablo Iglesias,Wed Sep 24 09:22:08 +0000 2025,Els que s'estan extingint em sembla que són uns altres perquè els ha sortit un depredador que es diu Alianza Catalana. Intentar assemblar-te a la bestiola que t'està menjant no et salvarà. Sort i bona digestió,1049,471,340,106462,209,0,0,0,0.0516,positive
1970780367373152742,PabloIglesias,Pablo Iglesias,Wed Sep 24 09:20:29 +0000 2025,¿China o EEUU? ¿Qué amigo le conviene más a Europa? China no es una democracia liberal pero ¿No es más cierto que EEUU vive un proceso de nazificación? Aquí una reflexión poco frecuente en las teles privadas 👇🏻 https://t.co/HAsXFGnuoK,1477,795,117,32780,234,0,0,1,-0.4098,negative
1970779168288719047,PabloIglesias,Pablo Iglesias,Wed Sep 24 09:15:43 +0000 2025,Lo más parecido a un fascista español es un fascista catalán … https://t.co/Ad7uxp5J8U,2872,1171,1048,152815,86,0,0,1,0.0,neutral
1970772075817423043,PabloIglesias,Pablo Iglesias,Wed Sep 24 08:47:32 +0000 2025,"Igual por lo que voy a decir 💇‍♂️ me casca otra querella, pero nuestra obligación es decir la verdad: la primera línea de combate de la derecha españolista no son PP y VOX, son la derecha judicial y mediática https://t.co/N0go7A7Kcd",5271,2169,276,112847,232,0,0,1,-0.296,negative
1970764428011532400,PabloIglesias,Pablo Iglesias,Wed Sep 24 08:17:09 +0000 2025,"Les voy a contar un secreto. Aunque los partidos se den castañazos en los medios, los partidos negocian. Si Junts y el PSOE quieren hacer el traspaso de las competencias saben lo que tiene que hacer. Aquí lo cuento 👇🏻 https://t.co/GvxnVP7wNb",1323,717,195,100171,241,0,0,1,0.0,neutral
1970531831973102070,PabloIglesias,Pablo Iglesias,Tue Sep 23 16:52:54 +0000 2025,"¿Qué significaría una  intervención militar contra Israel? 👇🏽

📺 https://t.co/A4aAKaXkeI https://t.co/4dxHrzkwO3",557,328,103,25798,112,0,0,2,0.0,neutral
1970520533109207106,PabloIglesias,Pablo Iglesias,Tue Sep 23 16:08:00 +0000 2025,"¿Qué significa reconocer el “Estado” palestino? ¿Qué es la Autoridad Nacional Palestina? ¿Qué representaron los Acuerdos de Oslo? ¿Quién ganaría las elecciones si a los palestinos les dejaran votar? Si te interesa, mira esto 👇🏻

📺 https://t.co/brz6WSp19E https://t.co/QgwOKDEa6d",1056,677,79,43359,278,0,0,2,0.0,neutral
1970497155191214272,PabloIglesias,Pablo Iglesias,Tue Sep 23 14:35:06 +0000 2025,"@UnSrdeBarcelona @JoanTarda @PODEMOS Faig el que puc amb el català, però equipant-me vaig aprenent. En tot cas, comprar el marc que els migrants són un “problema” que es gestiona amb policia (siguin Mossos, del CNP o de la
Guàrdia Civil) és regalar tot el terreny polític a la dreta. S'entén que Junts competeixi en",153,62,27,5588,315,0,3,0,0.0,neutral
1970493829162606944,PabloIglesias,Pablo Iglesias,Tue Sep 23 14:21:53 +0000 2025,"@JoanTarda @PODEMOS El que no s'oblidarà és ERC posicionada contra els grups antiracistes catalans, ERC a favor dels CIE i de més mossos per expulsar migrants. Una vegada més, fent el joc a Junts i Alianza Catalana. Quan arrassin pregunta’t si compra’ls el marc va ser una bona idea. Sort, company",1070,467,466,235073,297,0,2,0,0.128,positive
1970458624787927480,PabloIglesias,Pablo Iglesias,Tue Sep 23 12:02:00 +0000 2025,"¿Es hora de tomar medidas militares contra Israel? Lautaro Rivara explica que sí y también Francesa Albanese, relatora de la ONU para los territorios ocupados palestinos. Aquí lo explico 👇🏻 https://t.co/e3hklxWE8u",1802,1014,264,66753,213,0,0,1,0.0,neutral
1970397196119101758,PabloIglesias,Pablo Iglesias,Tue Sep 23 07:57:54 +0000 2025,"🇪🇸🇦🇷 Patricio Peralta Ramos: El familiar directo de Cayetana Álvarez de Toledo y Peralta-Ramos y su complicidad con la última dictadura militar argentina 

➡️ Fue director de La Razón de Argentina, un medio alineado con la dictadura

✍️ @sfiorilli

https://t.co/t7jNzMzMYE",2056,1386,523,65388,272,0,1,1,0.0,neutral
1970396275112567162,PabloIglesias,Pablo Iglesias,Tue Sep 23 07:54:14 +0000 2025,"{R} Estas son las críticas que hicieron IU, Más Madrid y Compromís al acuerdo de inmigración de Junts y PSOE

➡️ Cuando ambos partidos anunciaron un acuerdo en marzo, las formaciones que componen Sumar criticaron la propuesta

✍️ @ignacioramos9 

https://t.co/VtxeumLKUb",461,297,18,15665,270,0,1,1,0.0,neutral
1969944521141309619,PabloIglesias,Pablo Iglesias,Mon Sep 22 01:59:08 +0000 2025,"🇮🇱 🇺🇳 Es hora de intervenir militarmente en Israel 

➡️ El derecho internacional y la Carta de la ONU prevén el aislamiento político, las sanciones económicas y la intervención militar contra el país agresor

✍️ @LautaroRivara 

https://t.co/6eASyr37oB",10920,4915,2041,292019,252,0,1,1,0.0,neutral
1969844016016679025,PabloIglesias,Pablo Iglesias,Sun Sep 21 19:19:46 +0000 2025,"🏀 Una Euroliga con dos equipos israelíes y ninguno ruso 

➡️ Los rusos quedaron apartados de la competición tras la invasión rusa de Ucrania en 2022, pero los israelíes no han sufrido veto alguno

✍️ Jordi Subirán 

https://t.co/VUD3qzvERI",1354,844,130,32383,239,0,0,1,-0.296,negative
1969706149952757811,PabloIglesias,Pablo Iglesias,Sun Sep 21 10:11:56 +0000 2025,"@wiesenthal1632 Bienvenido a tu casa, compañero",227,44,11,9673,47,0,1,0,0.0,neutral
1969649571510042919,PabloIglesias,Pablo Iglesias,Sun Sep 21 06:27:06 +0000 2025,"📌 Marta Balbontín y Ernesto Chao, pareja, residentes en Sevilla y traficantes de odio 

✍️ Una información de @wiesenthal1632 

https://t.co/zSmDQkdnCJ",2052,1286,278,105920,151,0,1,1,0.0,neutral
1968734263488168128,PabloIglesias,Pablo Iglesias,Thu Sep 18 17:50:00 +0000 2025,"A VUELTAS 🇨🇱

Espero que os interese esta entrevista a Lautaro Carmona, presidente del Partido Comunista de Chile.

Hablamos de Allende, de la Unidad Popular y también de la actualidad política del país y la región 👇

📺 https://t.co/iM7VzrNGFl https://t.co/cIVJyovsCW",327,179,23,15140,267,0,0,2,0.4215,positive
1968730262990152109,PabloIglesias,Pablo Iglesias,Thu Sep 18 17:34:06 +0000 2025,El problema de los escuadristas de desokupa es que Ana Rosa y las teles del oligopolio hicieron publicidad gratuita a matones a sueldo y a su jefe. No es un problema de “las redes” sino del poder mediático https://t.co/OJ9CVt9l8s,2761,1270,138,68305,229,0,0,1,-0.296,negative
1968717715280916817,PabloIglesias,Pablo Iglesias,Thu Sep 18 16:44:14 +0000 2025,"Que Almeida se meta con RTVE demuestra que aquí sí lo hicimos bien, no como con el CGPJ. Dejamos en minoría al PP y al menos hay una tele en España que no controla la derecha. Pero habría que quitarle las licencias a los que promueven golpes https://t.co/tYxHlEp0gI",3574,1305,284,119666,265,0,0,1,-0.5267,negative
1968713297223385185,PabloIglesias,Pablo Iglesias,Thu Sep 18 16:26:41 +0000 2025,"Reflexión y video largo del programa Malas Lenguas👇

Decir que el gobierno de España es una referencia mundial respecto al genocidio cuando Olga Rodríguez ha informado en https://t.co/JSKR29eF4j de que es el país que más armas y municiones ha importado de Israel entre febrero y https://t.co/7Tj9IrH2h0",1765,1010,166,90767,302,0,0,2,0.5859,positive
1968711111294771534,PabloIglesias,Pablo Iglesias,Thu Sep 18 16:18:00 +0000 2025,"¿Usas aplicaciones de Inteligencia Artificial? Seguro que sí ¿Verdad? ¿Sabes qué tiene que ver la IA con la geopolítica y con la guerra cada vez menos fría entre China y Estados Unidos? Escúchame 👇🏻

📺 https://t.co/jKxVEjgB2h https://t.co/lm3HU2Ctcl",637,375,23,19385,249,0,0,2,0.0,neutral
1968707194393612717,PabloIglesias,Pablo Iglesias,Thu Sep 18 16:02:26 +0000 2025,"¿Hay intereses económicos en el genocidio israelí? 

Claro, el holocausto sionista es una industria israelí y estadounidense dirigida a exterminar palestinos con un enorme poder. 

Por eso España debería recuperar el control del las bases de EEUU en nuestra patria 👇 https://t.co/30sdLHDNhx",3015,1549,307,86755,290,0,0,1,0.0,neutral
1968639571727356268,PabloIglesias,Pablo Iglesias,Thu Sep 18 11:33:44 +0000 2025,"📺 El consejo de administración de RTVE condena las campañas de acoso contra Laura Arroyo y Sarah Santaolalla

➡️ Los consejeros del PP han votado en contra

https://t.co/n72lgE9L7X",2453,1218,249,52129,180,0,0,1,0.0,neutral
1968598380998770930,PabloIglesias,Pablo Iglesias,Thu Sep 18 08:50:03 +0000 2025,"Lautaro Carmona, presidente del Partido Comunista de Chile: “El golpe contra Allende no era inevitable”

No se pierdan en Canal Red esta tarde la entrevista a una de las figuras más importantes de la izquierda chilena 👇

https://t.co/iZdpVZ4V6t",401,233,14,11972,244,0,0,1,-0.5267,negative
1968572870457528673,PabloIglesias,Pablo Iglesias,Thu Sep 18 07:08:41 +0000 2025,"La Fiscalía cántabra abre diligencias de investigación al policía local Manuel Vallecillo Galeano por presuntos delitos de odio por tweets racistas sobre Torre Pacheco

🧵TIra del hilo @wiesenthal1632 👇

https://t.co/Z8zBMXRXTd",1011,593,29,20313,226,0,1,1,0.0,neutral
1967669831517581404,PabloIglesias,Pablo Iglesias,Mon Sep 15 19:20:20 +0000 2025,Las suyas fueron las primeras clases que me dieron de economía política en las escuelas de formación del PCE. Se aprendía muchísimo con él. Era un excelente profesor y camarada. Mis condolencias a su familia y a sus camaradas. Que la tierra te sea leve,668,195,45,65740,252,0,0,0,0.0,neutral
1967516719574139160,PabloIglesias,Pablo Iglesias,Mon Sep 15 09:11:55 +0000 2025,"Para combatir el genocidio y la propaganda sionista hacen falta acciones de desobediencia civil pero también un periodismo que combata la propaganda sionista

https://t.co/xuzPIQUCOD https://t.co/qrUddNifyI",2588,1725,1134,945095,206,0,0,2,-0.4588,negative
1967489890800808050,PabloIglesias,Pablo Iglesias,Mon Sep 15 07:25:18 +0000 2025,"Los partidos y los medios de la derecha solo pueden ser calificados con una palabra: colaboracionistas de los nuevos nazis sionistas. 

Ayuso saludando al equipo ciclista de propaganda sionista y Almeida negando el genocidio son la mejor prueba de ello.

@LasMananas_rne https://t.co/tTJLcs01YK",1356,784,115,28407,294,0,1,1,-0.25,negative
1967264680218603639,PabloIglesias,Pablo Iglesias,Sun Sep 14 16:30:24 +0000 2025,Ayuso acude a la última etapa de La Vuelta a apoyar al equipo sinonista Israel Premier-Tech. Al mismo tiempo se está empleando gas lacrimógeno contra los solidarios con Palestina. Los comentaristas parecen de la TVE de Urdaci. Regalar este espacio a la derecha se paga caro,3651,1446,516,119765,273,0,0,0,0.0,neutral
1966408071371952159,PabloIglesias,Pablo Iglesias,Fri Sep 12 07:46:32 +0000 2025,"¿Quién era Charlie Kirk y qué ha pasado con él? | EL TABLERO
📺 https://t.co/kEPiSAVK90 https://t.co/cDGeDRWtxl",499,281,134,50314,110,0,0,2,0.34,positive
1966212864441565683,PabloIglesias,Pablo Iglesias,Thu Sep 11 18:50:52 +0000 2025,"La Policía identifica a Pablo Fernández (Podemos) por protestar contra La Vuelta y VOX lo denuncia por ""delito de odio"" https://t.co/X66EImW5a4 vía @diario_red_",956,564,189,38457,160,0,1,1,0.0,neutral
1966209558839222481,PabloIglesias,Pablo Iglesias,Thu Sep 11 18:37:43 +0000 2025,"El problema no es que el PP pusiera a un diputado suyo que no conoce nadie de jefe de RTVE. El problema es que puso a Urdaci al frente de los telediarios.

Los “periodistas” de la derecha son mucho más peligrosos que sus diputados que no pintan nada👇 https://t.co/t1HTbPYCSq",3975,1683,141,171171,274,0,0,1,-0.6808,negative
1966203003540807848,PabloIglesias,Pablo Iglesias,Thu Sep 11 18:11:40 +0000 2025,"¿Qué es lo que explica el caso Ayuso-González Amador? Explica cómo funciona el poder en España 👇🏻
#MalasLenguas https://t.co/OcalsylAAH",1425,790,95,47121,135,1,0,1,0.0,neutral
1966070123657060798,PabloIglesias,Pablo Iglesias,Thu Sep 11 09:23:39 +0000 2025,"""Desde Sumar nos vendrían a decir que tenemos que ver el lado bueno de las cosas y que, aunque no se apruebe la reducción de jornada laboral, por lo menos eso causaría un daño reputacional a la derecha""

✍️ El Editorial de Diario Red 👇

https://t.co/7aD4Keik2C",1052,603,149,46066,260,0,0,1,-0.296,negative
1965809073888039077,PabloIglesias,Pablo Iglesias,Wed Sep 10 16:06:20 +0000 2025,"Ojalá los jefes del sionismo tengan algún día, en una Palestina plurinacional y liberada, un juicio como el que tuvo el nazi Eichmann en Jerusalén

📺 https://t.co/emBtuKCmSw https://t.co/A1wuRg2hfB",1767,842,345,78037,197,0,0,2,0.0,neutral
1965786772044198277,PabloIglesias,Pablo Iglesias,Wed Sep 10 14:37:43 +0000 2025,"¿Debe dimitir el fiscal general del Estado? La opinión del exmagistrado Martín-Pallín | EL TABLERO
📺 https://t.co/PYyMhW7VlK https://t.co/XuThWBF0lg",486,284,74,44418,148,0,0,2,0.0,neutral
1965683628551406071,PabloIglesias,Pablo Iglesias,Wed Sep 10 07:47:52 +0000 2025,"La Flotilla denuncia un nuevo ataque con dron a una embarcación

https://t.co/5ASlJyoli3",973,597,372,65304,88,0,0,1,0.0,neutral
1965664432916451723,PabloIglesias,Pablo Iglesias,Wed Sep 10 06:31:35 +0000 2025,"“Son estériles los intentos de Sánchez de alargar los cuidados intensivos, por vía económica, del moribundo departamento israelí de asuntos indígenas, llamado Autoridad Palestina”

De lo más lúcido y valiente que podrás leer hoy. Esto de @dlobatob 

https://t.co/ftfEELMvAt",676,409,90,42783,273,0,1,1,0.0,neutral
1965495022704590889,PabloIglesias,Pablo Iglesias,Tue Sep 09 19:18:25 +0000 2025,"⛵️🇵🇸 El Tablero ha conectado esta mañana con Alejandra Martínez, integrante de la Global Sumud Flotilla, para hablar sobre el ataque sufrido por uno de sus barcos en Túnez 👇🏽

📺 https://t.co/0911A1KDfX https://t.co/zV3wffNpS3",467,248,170,39297,225,0,0,2,0.34,positive
1965399591144300891,PabloIglesias,Pablo Iglesias,Tue Sep 09 12:59:12 +0000 2025,"En este enlace puedes ver la entrevista que pude hacer a Salomón Jara, gobernador de Oaxaca 👇

https://t.co/Fr25CjTAdF https://t.co/ynuv2juyrK",341,183,31,25620,142,0,0,2,0.0,neutral
1965366654365282477,PabloIglesias,Pablo Iglesias,Tue Sep 09 10:48:19 +0000 2025,"No se pierdan este Editorial de Diario Red

Un análisis mínimamente honesto nos obliga a aplicar la misma mirada a las nueve ""medidas"", con el legítimo temor de que éstas también puedan ser nada más que propaganda",451,262,14,29585,213,0,0,0,-0.4939,negative
1965128928550642057,PabloIglesias,Pablo Iglesias,Mon Sep 08 19:03:41 +0000 2025,"Olga Rodríguez ha analizado en El Tablero el papel de España respecto a Israel en los últimos meses y lo que puede estar por llegar 👇🏽

📺 https://t.co/IhfaZcaEi1 https://t.co/YKxXc0wtQO",496,317,13,18688,185,0,0,2,0.34,positive
1965086729498697865,PabloIglesias,Pablo Iglesias,Mon Sep 08 16:16:00 +0000 2025,"Para entender por qué nuestro gobierno se ha bajado los pantalones y ha roto los contratos con Huawei por presión de EEUU hay comprender la geopolítica. Escuchen esto 👇🏻

📺 https://t.co/sZ5zk8n7HK https://t.co/DWaqzpbLaC",1551,902,31,28611,220,0,0,2,0.5859,positive
1964322163210527015,PabloIglesias,Pablo Iglesias,Sat Sep 06 13:37:53 +0000 2025,"Muy interesante esto que cuenta Eduard Fernández sobre cómo preparó el pape de Millán Astray...

Puedes ver la entrevista completa en este enlace 👇
https://t.co/bgT65qV7qP https://t.co/DCnYSFNq1y",1033,495,24,27464,195,0,0,2,0.0,neutral
1964237115618722199,PabloIglesias,Pablo Iglesias,Sat Sep 06 07:59:56 +0000 2025,@OElwes 🙄,22,1,1,7043,9,0,1,0,0.0,neutral
1963852094034817087,PabloIglesias,Pablo Iglesias,Fri Sep 05 06:30:00 +0000 2025,"Fue un placer conocer un poquito más del Eduard Fernández que hay tras tantos grandes personajes de nuestro cine👇

📺 https://t.co/bgT65qVFgn https://t.co/mMJvyC0YaE",1153,440,36,24583,164,0,0,2,0.0,neutral
1963844212907991165,PabloIglesias,Pablo Iglesias,Fri Sep 05 05:58:41 +0000 2025,"Un extrabajador de Mercadona destapa como actúa esta empresa con los trabajadores que necesitan coger una baja

✍️ @aplana_ 
https://t.co/IvlPFtJvhX",1806,1161,170,65080,148,0,1,1,0.0,neutral
1963662965468791022,PabloIglesias,Pablo Iglesias,Thu Sep 04 17:58:28 +0000 2025,"¿Es legítimo que las protestas molesten? ¿Es legítima la desobediencia civil contra el genocidio de Israel? 

Algunos dicen “protestas sí pero sin molestar”. 
Sin molestar no se consiguieron las libertades.

#MalasLenguas https://t.co/9JhTPmTtVv",7611,3226,787,152776,245,1,0,1,-0.8677,negative
1963213770416652675,PabloIglesias,Pablo Iglesias,Wed Sep 03 12:13:32 +0000 2025,"Los periodistas de Gaza son masacrados, mientras la prensa occidental se humilla con bajeza ante Israel

✍️ @dvcronin

https://t.co/HvJfuAYYLP",851,538,13,16998,142,0,1,1,0.0,neutral
1963184200015851782,PabloIglesias,Pablo Iglesias,Wed Sep 03 10:16:02 +0000 2025,"Mañana podréis ver en Canal Red la entrevista que tuve el placer de hacer al gran actor Eduard Fernández.

Aquí un pequeño avance sobre el programa que se emitirá el jueves a las 19.00👇

https://t.co/mUlucD1XZF",781,410,13,16995,210,0,0,1,0.0,neutral
1962828711364903282,PabloIglesias,Pablo Iglesias,Tue Sep 02 10:43:27 +0000 2025,"💸 Especulación: la cifra récord en la firma de hipotecas supone una caída de los créditos para primeras viviendas 

Lean a Andrés Prieto 👇

https://t.co/UtgOIh1a6X",472,305,15,15829,163,0,0,1,0.0,neutral
1962809715311735171,PabloIglesias,Pablo Iglesias,Tue Sep 02 09:27:58 +0000 2025,No se pierdan el editorial de hoy de Diario Red 👇,413,225,10,25548,49,0,0,0,-0.296,negative
1962761155102888164,PabloIglesias,Pablo Iglesias,Tue Sep 02 06:15:00 +0000 2025,"Aquí puedes ver todas mis intervenciones en Las Mañanas de RNE.

Hablamos del genocidio, de los Presupuestos Generales, de la reunión Illa-Puigdemont y más 👇

https://t.co/Hn98qMrCeP",689,422,15,31785,182,0,0,1,0.0,neutral
1962745659284406485,PabloIglesias,Pablo Iglesias,Tue Sep 02 05:13:25 +0000 2025,"El audio de Villarejo y Terradillos sobre Jaime de los Santos, el dirigente de PP que llamó ""prostituta"" a Sarah Santaolalla

https://t.co/oxjwwxiRSW",2409,1556,51,44056,149,0,0,1,0.0,neutral
1962548001056178684,PabloIglesias,Pablo Iglesias,Mon Sep 01 16:08:00 +0000 2025,"Tanto nuestra experiencia como la historia política de nuestro país nos han enseñado que lo único que funciona contra los fascistas es nuestra fuerza y nuestra organización para hacerles el máximo daño posible. Jamás entenderán otro lenguaje

📺 https://t.co/yAjrDEwk5O https://t.co/VaBJga0ZmU",2193,1173,247,47571,292,0,0,2,0.0,neutral
1962440713968169078,PabloIglesias,Pablo Iglesias,Mon Sep 01 09:01:41 +0000 2025,"""En el nuevo curso que se abre, la pregunta se aterriza en lo concreto inquiriendo si el actual ejecutivo va a empezar de una vez a hacer aquello por lo que se lo votó y planteando de verdad la batalla a la extrema derecha al mismo tiempo""

Lean el Editorial de Diario Red 👇",400,215,9,20121,274,0,0,0,0.0,neutral
1962427794543067502,PabloIglesias,Pablo Iglesias,Mon Sep 01 08:10:21 +0000 2025,"El compromiso con la decencia del periodismo implica no permitir que se dé la palabra en los medios a propagandistas del genocidio sionista como Roni Kaplan. 

Es como dar la palabra a los portavoces del ejército de la Alemania nazi 👇 https://t.co/QBKPIRhsVE",1158,629,28,23174,258,0,0,1,-0.296,negative
1962426284622962849,PabloIglesias,Pablo Iglesias,Mon Sep 01 08:04:21 +0000 2025,Canal Red y Diario Red se han sumado a la iniciativa de Reporteros Sin Fronteras. Hoy el periodismo valiente es una de las armas más valiosas contra los genocidas y hay que protegerlo https://t.co/6PNPC9T7Kr,2813,1265,29,30621,207,0,0,1,-0.5574,negative
1962424237764817283,PabloIglesias,Pablo Iglesias,Mon Sep 01 07:56:13 +0000 2025,La primera ministra europea que llamó genocida a Israel fue Ione Belarra 👇🏻 https://t.co/AoPcQ5KOHp,3500,1982,204,92828,99,0,0,1,0.0,neutral
1962422279326822462,PabloIglesias,Pablo Iglesias,Mon Sep 01 07:48:26 +0000 2025,"Es bueno que Óscar Puente hable de Israel como Estado genocida (como siempre, otros tuvieron que decirlo antes) pero entonces no se entiende que el Gobierno les siga comparando material militar y que no rompamos relaciones

@LasMananas_rne https://t.co/fxh1tUrCfO",1311,605,32,35182,263,0,1,1,-0.5267,negative
1962419599816687842,PabloIglesias,Pablo Iglesias,Mon Sep 01 07:37:47 +0000 2025,"@galtropoloxia @IamRGR1 ¿Perdón? 

“Los españoles, divididos en su valoración de la OTAN: 47% a favor y 45% en contra” (Europa Press)

https://t.co/TDCtu8WHMP",26,15,2,356,158,0,2,1,0.4019,positive
1962412587259158843,PabloIglesias,Pablo Iglesias,Mon Sep 01 07:09:55 +0000 2025,Nadie de izquierdas en su sano juicio puede querer elecciones cuando todas las encuestas dicen que gana la derecha. Por eso me preocupa que el PSOE quiera usar los PGE como excusa para ir a elecciones y perderlas. Aquí lo explico 👇🏻 https://t.co/We9QCgruUo,2780,1351,955,414940,256,0,0,1,0.0,neutral
1962408225585676610,PabloIglesias,Pablo Iglesias,Mon Sep 01 06:52:35 +0000 2025,Me pregunta Juan Ramón Lucas si la posición de Podemos es beligerante. Yo creo que es una posición simplemente de izquierdas👇🏻 https://t.co/4bQhtaPCmF,1535,812,114,84433,150,0,0,1,0.0,neutral
1962406301603930173,PabloIglesias,Pablo Iglesias,Mon Sep 01 06:44:56 +0000 2025,"Es lógico que el PSC-PSOE se reúna con Junts, pero es evidente que la agenda de Junts hoy compite con la de la ultraderecha catalanista. Aquí lo intento explicar 👇🏻 https://t.co/a6QvnUKwuy",849,468,13,22300,188,0,0,1,0.0,neutral
1962401253968789732,PabloIglesias,Pablo Iglesias,Mon Sep 01 06:24:53 +0000 2025,"En un rato nos vemos en @LasMananas_rne con Juan Ramón Lucas. Hoy estarán conmigo en la mesa Montse Nebrera y Jesús Maraña. Nos vemos y nos oímos aquí 👇🏻

https://t.co/iZEHZoei3s",369,165,19,14223,178,0,1,1,0.0,neutral
1962128282838815194,PabloIglesias,Pablo Iglesias,Sun Aug 31 12:20:11 +0000 2025,"❗️Abraham Fernández Sánchez: desvelamos la identidad del tercer ultraderechista que agredió al periodista de Canal Red, Román Cuesta 

➡️Conocido en X como @abraharmforksaken y @abrahamforsak_ este individuo  grabó con su móvil la agresión 

✍️ @aplana_ 

https://t.co/8Ar26pVN20",5218,3009,311,111923,279,0,3,1,0.0,neutral
1961418457783636424,PabloIglesias,Pablo Iglesias,Fri Aug 29 13:19:36 +0000 2025,"Ayer dimos una información que no era correcta. Os pido disculpas y procedemos a rectificar. Fui yo mismo quien recibió de fuentes gubernamentales directas la confirmación de la detención de los agresores de @wiesenthal1632 No me tiro a una piscina si no hay agua. 

Finalmente,",6836,2443,1316,529096,278,0,1,0,-0.6808,negative
1961137381936910677,PabloIglesias,Pablo Iglesias,Thu Aug 28 18:42:42 +0000 2025,En pocos minutos entro en @MalasLenguasLa2 para hablar de la agresión terrorista de la extrema derecha contra @wiesenthal1632 Daré algunas novedades de la investigación,972,308,79,38281,168,0,2,0,0.0,neutral
1960861345127014612,PabloIglesias,Pablo Iglesias,Thu Aug 28 00:25:50 +0000 2025,"‼️ El periodista de Diario Red, Román Cuesta, es agredido por ultraderechistas frente a su domicilio 

➡️ Cuesta, investigador de Diario Red que desenmascaró a varios acosadores digitales de ultraderecha, fue atacado por tres individuos

https://t.co/VQFvYaKMrR",4958,2466,531,235428,261,0,0,1,0.0,neutral
1960843590986555744,PabloIglesias,Pablo Iglesias,Wed Aug 27 23:15:17 +0000 2025,3 escuadristas de ultraderecha han agredido a nuestro periodista @wiesenthal1632 frente a su domicilio. Román lleva tiempo haciendo periodismo para desenmascarar a esta gentuza. Espero que sean detenidos de inmediato. Basta de violencia ultra contra el periodismo de izquierdas https://t.co/NjkC0TnU09,11828,5450,1585,1245983,301,0,1,1,0.0,neutral
1959514401251234278,PabloIglesias,Pablo Iglesias,Sun Aug 24 07:13:33 +0000 2025,"🇮🇹 La guerra de Giorgia Meloni contra los espacios autogestionados en Italia 

➡️ El gobierno posfascista de Giorgia Meloni desaloja el Leoncavallo de Milán, uno de los centros sociales italianos más antiguos y famosos

✍️ @loretecle 

https://t.co/IYFVaZLuxp",1063,704,164,41957,259,0,1,1,0.0,neutral
1958803744977453189,PabloIglesias,Pablo Iglesias,Fri Aug 22 08:09:40 +0000 2025,"Un periodista de derechas cuenta aquí  que casi se traga el bulo de la estafa piramidal. Como todo crimen que se me atribuya, dice que le encaja conmigo. El éxito de la mentira como estrategia comunicativa de la derecha es confirmar intuiciones ideológicas
https://t.co/Z0J6GfPbmd https://t.co/ZVCIhohKta",3142,1431,265,102194,304,0,0,2,0.0,neutral
1958605469318357113,PabloIglesias,Pablo Iglesias,Thu Aug 21 19:01:47 +0000 2025,"Peinado es intocable porque el PSOE regaló al PP el control del CGPJ. Decir que el PSOE se pegó un tiro en el pie, es decir la verdad. Cuando el PSOE pacta con el PP se equivoca y alguien debe decirlo sin que el malmenorismo nos diga que no pongamos el foco en lo fundamental. https://t.co/BfgBlwkLa1",4245,1888,119,131694,300,0,0,1,-0.7003,negative
1958596905795297449,PabloIglesias,Pablo Iglesias,Thu Aug 21 18:27:45 +0000 2025,"@Majo88187724 @ikerguti91 Digo que si es evidente la incapacidad criminal el PP, es más lógico decretar el Estado de alarma que proponerle al PP un pacto de Estado. Es mi opinión. Respeto que algunos defendáis a Pedro Sánchez haga lo que haga “porque si no viene la derecha” pero me parece un error. Abrazo",35,13,4,662,306,0,2,0,-0.8074,negative
1958594711553278226,PabloIglesias,Pablo Iglesias,Thu Aug 21 18:19:02 +0000 2025,"Frente a la incompetencia de las autonomías en manos del PP hay dos opciones: proponer un pacto de Estado al PP o declarar el Estado de alarma. Yo creo que lo prudente es lo segundo 👇🏻

#MalasLenguas https://t.co/4mMYPoL6Wl",1769,939,132,40187,223,1,0,1,0.0,neutral
1958592187064860869,PabloIglesias,Pablo Iglesias,Thu Aug 21 18:09:00 +0000 2025,"¿Se han dado las condiciones para que el Gobierno declarara el Estado de alarma? Esto dice la ley 👇🏻

#MalasLenguas https://t.co/p5q6uVQAi1",1472,841,51,27829,139,1,0,1,0.0,neutral
1958587745019851182,PabloIglesias,Pablo Iglesias,Thu Aug 21 17:51:21 +0000 2025,En un debate no se debe interrumpir ni descalificar la opinión de otro. Y menos en la televisión pública. https://t.co/H8qqi804Ak,5237,1840,908,384614,129,0,0,1,-0.296,negative
1958586703746118112,PabloIglesias,Pablo Iglesias,Thu Aug 21 17:47:13 +0000 2025,"¿Solo el pueblo salva al pueblo? Solo los servicios públicos salvan al pueblo, pero a esta derecha incompetente que destruye lo público no se le puede responder diciendo solo que es “irresponsable” ¿Por qué no intervenirles las competencias?

#MalasLenguas https://t.co/4mypWBtqLh",4704,2155,620,156302,280,1,0,1,-0.5803,negative
1958563244324409614,PabloIglesias,Pablo Iglesias,Thu Aug 21 16:14:00 +0000 2025,Nos vemos en un rato en @MalasLenguasLa2 https://t.co/51Fi4gQQr8,808,209,88,24053,64,0,1,1,0.0,neutral
1958484207375613970,PabloIglesias,Pablo Iglesias,Thu Aug 21 10:59:56 +0000 2025,@josepdawinti https://t.co/Bu6GRnkaKf,15,3,1,507,37,0,1,1,0.0,neutral
1958484042883416554,PabloIglesias,Pablo Iglesias,Thu Aug 21 10:59:17 +0000 2025,@josepdawinti Monos blancos: Tute bianche. Tutte significa “todas”. Abrazo y suerte en Google,43,8,4,718,93,0,1,0,0.0,neutral
1958261791374364686,PabloIglesias,Pablo Iglesias,Wed Aug 20 20:16:08 +0000 2025,"Cuando más escucho esto, más claro tengo que tendríamos que fichar a Antonia Kitty en Canal Red 

https://t.co/xC11AjQNlS",365,172,10,20227,121,0,0,1,0.0,neutral
1958199156951986666,PabloIglesias,Pablo Iglesias,Wed Aug 20 16:07:15 +0000 2025,@AnnitaHonesta https://t.co/QwDTtTEBsX,23,5,2,910,38,0,1,1,0.0,neutral
1958157052276261349,PabloIglesias,Pablo Iglesias,Wed Aug 20 13:19:56 +0000 2025,"Ya no hay romanticismo… Checoslovaquia apagándonos los incendios, Jokić y Dončić jugando juntos en la selección yugoslava aplastando a EEUU, rusos y ucranianos juntos en la URSS…

https://t.co/1yEgPgtuex",978,386,45,59965,203,0,0,1,-0.296,negative
1957404064301396397,PabloIglesias,Pablo Iglesias,Mon Aug 18 11:27:50 +0000 2025,"🇧🇴 Autopsia preliminar de las elecciones en Bolivia 

➡️ La hegemonía electoral que ganara los últimos seis comicios nacionales con un porcentaje mayor o cercano al 50 % ha llegado, en el plano electoral, a su primera gran derrota

✍️ @SachaLlorenti 

https://t.co/FXF4bHo65I",263,136,26,23431,275,0,1,1,0.34,positive
1957029341243596982,PabloIglesias,Pablo Iglesias,Sun Aug 17 10:38:49 +0000 2025,https://t.co/0aszCeC6MO,4666,2196,361,150275,23,0,0,1,0.0,neutral
