tweet_id,username,politician,date,text,likes,retweets,replies,views,length,hashtags,mentions,links,sentiment,sentiment_label
1906675875682087318,SanchezCastejon,Pedro Sanchez,Mon Mar 31 11:52:07 +0000 2025,"Vamos a endurecer los criterios de creación, reconocimiento y autorización de universidades y centros universitarios, públicos y privados.

Para que cumplan con nuestros estándares de calidad y excelencia.

Una universidad no puede ser una máquina expendedora de títulos. https://t.co/CzokmJnsR9",4388,1086,3581,666557,295,0,0,1,-0.296,negative
1906672893951410531,SanchezCastejon,Pedro Sanchez,Mon Mar 31 11:40:16 +0000 2025,"Apostamos por la gran universidad pública estatal de nuestro país.  

Ponemos en marcha un Plan de Relanzamiento de la @UNED, con 30 M€ el primer año, para convertirla, aún más, en una referencia en la enseñanza virtual pública y de calidad. https://t.co/mrzyknj8BO",2116,686,781,88929,265,0,1,1,0.0,neutral
1906647049920978970,SanchezCastejon,Pedro Sanchez,Mon Mar 31 09:57:35 +0000 2025,"Un sentido abrazo a los familiares de las víctimas mortales del accidente producido en una mina en Degaña, Asturias. Y mi deseo de una pronta recuperación a quienes han resultado heridos.

Gracias a los servicios de emergencia que están trabajando en las labores de rescate.",2340,538,410,133012,274,0,0,0,0.0,neutral
1906067193986437447,SanchezCastejon,Pedro Sanchez,Sat Mar 29 19:33:26 +0000 2025,"Mi solidaridad y la de todo el Gobierno de España con el pueblo de Tailandia y Myanmar ante la terrible tragedia provocada por el terremoto que ha sacudido la zona.

Mi cariño para todas las víctimas y familiares.",3152,535,1230,230428,213,0,0,0,-0.1779,negative
1905606413834973421,SanchezCastejon,Pedro Sanchez,Fri Mar 28 13:02:28 +0000 2025,No vamos a permitir que ningún gobierno controlado por la ultraderecha negacionista ponga en riesgo un solo euro de los fondos europeos. https://t.co/3t3gP9w4Rp,2684,825,2245,153590,160,0,0,1,-0.296,negative
1905579316278104428,SanchezCastejon,Pedro Sanchez,Fri Mar 28 11:14:47 +0000 2025,"¡Un dato magnífico!

Demuestra un acierto claro de la política económica y energética del Gobierno de España.",2024,633,886,159312,109,0,0,0,0.0,neutral
1905565846388306023,SanchezCastejon,Pedro Sanchez,Fri Mar 28 10:21:16 +0000 2025,"Hago una llamada a la Administración estadounidense a que recapacite y dialogue con la Comisión Europea.

Vuelvo a ser claro: si se nos imponen estos aranceles, responderemos con decisión.

Europa se defenderá. 

Con rapidez, con proporcionalidad y con unidad. https://t.co/V0R9MhXS71",3906,1015,2828,468025,284,0,0,1,0.296,positive
1905232843556474941,SanchezCastejon,Pedro Sanchez,Thu Mar 27 12:18:02 +0000 2025,"Crecimiento, cohesión y consolidación de cuentas.

¡Seguimos!",2197,724,968,128881,61,0,0,0,0.0,neutral
1905187635133591872,SanchezCastejon,Pedro Sanchez,Thu Mar 27 09:18:23 +0000 2025,"Volvemos a París para reafirmar nuestro apoyo inquebrantable al pueblo ucraniano.

Reconocemos cada esfuerzo para ganar la paz que Ucrania merece. Una paz que debe ser justa y duradera.

Europa formará parte de la solución. https://t.co/j2USP5fRSF",5029,776,1460,249917,247,0,0,1,0.0,neutral
1904922172629397774,SanchezCastejon,Pedro Sanchez,Wed Mar 26 15:43:32 +0000 2025,"Estoy encantado de que usted sea el jefe de la oposición, señor Feijóo. https://t.co/aobVl83VZo",5688,1463,1717,250315,95,0,0,1,0.0,neutral
1904831795465453807,SanchezCastejon,Pedro Sanchez,Wed Mar 26 09:44:24 +0000 2025,"Los europeos debemos ser más fuertes. Con más unidad.

Es hora de fortalecer las instituciones comunitarias con más agilidad, transparencia y ambición.

Para que la UE actúe como un verdadero bloque, con una sola voz y con toda su fuerza. https://t.co/0BVTPUZIrv",1064,401,772,67737,262,0,0,1,0.0,neutral
1904828844298711426,SanchezCastejon,Pedro Sanchez,Wed Mar 26 09:32:41 +0000 2025,"Le pedimos al Gobierno de Estados Unidos que recapacite, que dialogue, que construya puentes.

Porque si no lo hace, los europeos tendremos que defendernos.

No queremos ninguna guerra comercial. Pero estamos preparados para librarla. https://t.co/53etJkiRlg",2391,684,1820,191066,258,0,0,1,-0.5267,negative
1904826084962582549,SanchezCastejon,Pedro Sanchez,Wed Mar 26 09:21:43 +0000 2025,"Los mismos de siempre vuelven a la carga y hablan de elegir entre la seguridad y el bienestar de la gente.

Les demostraremos que se puede hacer ambas cosas.

Aumentaremos la inversión en seguridad y defensa, sin tocar un céntimo del gasto social o medioambiental. https://t.co/jDz24yIUvh",1931,685,1295,85800,288,0,0,1,-0.5574,negative
1904821653927780537,SanchezCastejon,Pedro Sanchez,Wed Mar 26 09:04:06 +0000 2025,"La posición del Gobierno de España es clara y contundente: Europa debe comprometerse aún más en la resolución de los grandes desafíos globales.

Solo así preservaremos la PAZ en el mundo. Con solidaridad y diplomacia. https://t.co/f3rjwPLKNr",1116,434,652,52643,241,0,0,1,0.0,neutral
1904547306902368641,SanchezCastejon,Pedro Sanchez,Tue Mar 25 14:53:57 +0000 2025,"Hoy he hablado con el rey de Jordania, @KingAbdullahII, y con el presidente de Egipto, @AlsisiOfficial, sobre la terrible situación en Gaza.

Pedimos el restablecimiento inmediato del alto el fuego y la vuelta a la mesa de negociaciones para lograr la paz y la estabilidad en la",2982,687,1771,166619,278,0,2,0,-0.4767,negative
1903802118412149158,SanchezCastejon,Pedro Sanchez,Sun Mar 23 13:32:50 +0000 2025,"Ángel Víctor Torres es uno de los servidores públicos más brillantes y comprometidos que he conocido en mi vida. Pero sobre todo es una persona generosa y afectuosa, de una calidad humana inmensa. 

Mucho ánimo, querido amigo. Estamos todos contigo 💪🏻♥️

#TorresParaRato",5263,1075,1215,283766,270,1,0,0,0.6369,positive
1903760173040021652,SanchezCastejon,Pedro Sanchez,Sun Mar 23 10:46:10 +0000 2025,"Mi solidaridad con todos los ciudadanos y ciudadanas de Talavera de la Reina tras la rotura de todo un símbolo de la ciudad.

Contad con el Gobierno de España para la reconstrucción del puente romano. Protegeremos el patrimonio de todos.",5478,888,3169,2257366,237,0,0,0,0.0,neutral
1903501930971693357,SanchezCastejon,Pedro Sanchez,Sat Mar 22 17:40:00 +0000 2025,"No podemos hablar de un mundo en orden si no se respeta el derecho internacional humanitario.

España está siendo coherente. En Ucrania y en Gaza.

Estamos en el lado correcto de la historia. https://t.co/bWMPwjCfrb",2631,708,1393,167615,215,0,0,1,-0.5267,negative
1903499904888041587,SanchezCastejon,Pedro Sanchez,Sat Mar 22 17:31:57 +0000 2025,"El 'Pacto del Ventorro' une la negligencia de Mazón con el negacionismo de Abascal, y Feijóo quiere ampliarlo a todo el territorio del país.

Pero no necesitamos ni la negligencia de unos ni el negacionismo de otros.

Lo que necesitamos son POLÍTICAS DE PROGRESO. https://t.co/5gI2gzpjtD",3201,1007,939,116681,287,0,0,1,-0.296,negative
1903416370445820356,SanchezCastejon,Pedro Sanchez,Sat Mar 22 12:00:01 +0000 2025,"Cuando llegue el momento, en 2027, seamos conscientes de lo que nos estamos jugando como sociedad.

Una mayoría a favor de los derechos o de la motosierra.

Una mayoría del progreso y de la ciencia o del negacionismo.

Una mayoría de más Europa o menos Europa. https://t.co/nI6yh4Kdlx",3038,913,1959,239007,284,0,0,1,0.4019,positive
1903412082848227395,SanchezCastejon,Pedro Sanchez,Sat Mar 22 11:42:58 +0000 2025,"El PP no ha votado en contra de una ley.

Han votado en contra de reforzar la sanidad y la salud pública en nuestro país.

Para los asuntos de Estado, se necesita una oposición de Estado. Y este PP ni ha estado, ni está, ni se le espera en los asuntos de Estado. https://t.co/LVAfRD6o5y",3980,1356,1156,128958,286,0,0,1,0.0936,positive
1903406163309322665,SanchezCastejon,Pedro Sanchez,Sat Mar 22 11:19:27 +0000 2025,"Tenemos una derecha tutelada, secuestrada por la ultraderecha. Una derecha que claudica en el 'Pacto del Ventorro'.

Eso es lo que tenemos enfrente.

Mientras, España de nuevo será la economía avanzada que más crezca en 2025. https://t.co/jHcoi2G9rt",2987,933,2082,220667,249,0,0,1,0.0,neutral
1903061324201869604,SanchezCastejon,Pedro Sanchez,Fri Mar 21 12:29:11 +0000 2025,"Tan como tú.

Como cualquiera de nosotros.

Sigamos avanzando hacia una sociedad verdaderamente inclusiva. 
#DíaMundialSíndromeDown #TanComoTú https://t.co/vDGK1LoGzd",4653,1077,1169,206444,166,2,0,1,0.0,neutral
1902850297505931697,SanchezCastejon,Pedro Sanchez,Thu Mar 20 22:30:38 +0000 2025,"La seguridad de Ucrania y Europa están íntimamente relacionadas.

Ha llegado el momento de reforzar nuestra seguridad y defensa desde la propia Unión Europea, unidos como europeos. https://t.co/mp8CIN9qMG",1486,491,1141,79869,204,0,0,1,0.34,positive
1902785488114663716,SanchezCastejon,Pedro Sanchez,Thu Mar 20 18:13:07 +0000 2025,"Todo mi cariño para la familia y seres queridos de la mujer asesinada en Illes Balears

La #violenciamachista es una realidad y negarlo es insostenible.

Acabemos con toda violencia hacia las mujeres. Es justo y prioritario.",1225,300,582,132009,224,1,0,0,0.0,neutral
1902672419128557828,SanchezCastejon,Pedro Sanchez,Thu Mar 20 10:43:49 +0000 2025,"Necesitamos más Europa.

Más política social. Más relación con otros bloques regionales. Más implicación en debates multilaterales. https://t.co/Qpt4TqXeyR",2642,802,1905,161044,155,0,0,1,0.0,neutral
1902483773700166049,SanchezCastejon,Pedro Sanchez,Wed Mar 19 22:14:12 +0000 2025,"Qué bien me conoces, José.

¡Disfruta de tu jubilación más que merecida!",11586,1139,1104,1251490,72,0,0,0,0.0,neutral
1902437850660131227,SanchezCastejon,Pedro Sanchez,Wed Mar 19 19:11:43 +0000 2025,"Todo mi cariño para la familia de la mujer asesinada en Burgos, víctima de #ViolenciadeGénero.

Nuestro compromiso es inquebrantable: no descansaremos hasta que ninguna mujer más tenga que vivir con miedo.

#NiUnaMenos",1132,340,519,111481,218,2,0,0,-0.296,negative
1902283817185898594,SanchezCastejon,Pedro Sanchez,Wed Mar 19 08:59:39 +0000 2025,"Usted, Sr. Feijóo, pretende tapar un error, cometiendo otro más grave.

Elude el cese del Sr. Mazón, abrazando a la ultraderecha.

Llegó al frente del PP para tapar la corrupción de la Sra. Ayuso y pretende mantenerse tapando la negligencia del Sr. Mazón.

Lamentable. https://t.co/xzg03s6BgS",6407,2014,1779,198521,292,0,0,1,-0.7783,negative
1902083591409991754,SanchezCastejon,Pedro Sanchez,Tue Mar 18 19:44:01 +0000 2025,"Atroz. Triste. Inaceptable.

https://t.co/EmfT0Qj7LD",18142,4482,4529,2241007,52,0,0,1,0.0,neutral
1902070981994127656,SanchezCastejon,Pedro Sanchez,Tue Mar 18 18:53:55 +0000 2025,"Europa no debe permitirlo.

Europe must not allow it.",15326,2566,2701,1373598,53,0,0,0,-0.434,negative
1902000797430231222,SanchezCastejon,Pedro Sanchez,Tue Mar 18 14:15:02 +0000 2025,"Visitamos en Guadalajara la primera planta de @Cummins en Europa que producirá hidrógeno verde.

Seguimos avanzando en la transición verde, una de nuestras prioridades. Gracias a las políticas del Gobierno más del 20% de los proyectos de hidrógeno en Europa se ubican en España. https://t.co/bhbqBWNRyu",2383,691,709,111378,302,0,1,1,0.0,neutral
1901627503883485627,SanchezCastejon,Pedro Sanchez,Mon Mar 17 13:31:42 +0000 2025,"Gracias por todo, Quico. 

Hoy toda una ciudad, tu querida Dos Hermanas, te rinde un más que merecido reconocimiento.

Has sido y serás siempre un referente del municipalismo y del socialismo andaluz y español. https://t.co/l4vfpncgbf",2546,612,618,123528,234,0,0,1,0.0,neutral
1901582022880964924,SanchezCastejon,Pedro Sanchez,Mon Mar 17 10:30:58 +0000 2025,"El Gobierno no parará hasta que el derecho a una vivienda digna sea el quinto pilar del Estado del bienestar.

En estos siete años, hemos multiplicado por ocho el presupuesto en políticas de vivienda y hemos aprobado la Ley de Vivienda.

Una ley que, cuando se aplica, funciona. https://t.co/h4tNzvtUk7",2544,827,2844,358120,302,0,0,1,-0.296,negative
1901261669583454626,SanchezCastejon,Pedro Sanchez,Sun Mar 16 13:18:00 +0000 2025,"La derecha dice todo por la patria, pero realmente es todo por la pasta.

Que sepa todo el sector productivo, que si se imponen los aranceles, trabajaremos por una respuesta unida desde Europa para proteger a nuestros trabajadores, empresas, agricultores, ganaderos. https://t.co/q5vHaSk3wa",3354,1027,2150,236694,290,0,0,1,0.0,neutral
1901259111792029738,SanchezCastejon,Pedro Sanchez,Sun Mar 16 13:07:50 +0000 2025,"En un momento como el actual necesitamos liderazgos seguros.

No una oposición que es incapaz de romper con la ultraderecha que quiere romper Europa, ni pedir la dimisión de Mazón y Ayuso después de lo que ha pasado en Valencia y Madrid. https://t.co/jsy4fvCoG7",1697,595,1088,80491,261,0,0,1,0.0516,positive
1901217732156137698,SanchezCastejon,Pedro Sanchez,Sun Mar 16 10:23:24 +0000 2025,"Quiero un país donde se cumpla el derecho a la vivienda. 

Si la Ley de Vivienda funciona en Cataluña, en el resto de territorios, también.

¿A qué esperan los presidentes autonómicos del Partido Popular para aplicarla? https://t.co/eLKa618D2w",2397,690,2120,430909,243,0,0,1,0.4215,positive
1901212967703622052,SanchezCastejon,Pedro Sanchez,Sun Mar 16 10:04:28 +0000 2025,"Para los asuntos de Estado se necesita una oposición de Estado.

Pero esta oposición ni está ni se la espera.

Por eso, el compromiso del Gobierno es firme: ante tanta incertidumbre, volveremos a llevar a España a puerto firme con políticas socialdemócratas. https://t.co/e6vmBfkjZj",1952,610,1002,93806,282,0,0,1,0.0,neutral
1900911592587358581,SanchezCastejon,Pedro Sanchez,Sat Mar 15 14:06:55 +0000 2025,"Esta mañana he participado en una nueva reunión de líderes convocada por el primer ministro @Keir_Starmer.

Seguimos trabajando para alcanzar una paz justa y duradera en Ucrania. https://t.co/CD6vPV3hQo",2538,622,1220,134154,202,0,1,1,0.0,neutral
1900569669120971175,SanchezCastejon,Pedro Sanchez,Fri Mar 14 15:28:14 +0000 2025,"I want to thank my good colleague Justin Trudeau for his many years of public service as Prime Minister of Canada. 

He championed many important issues of the progressive agenda and was always a good friend of Europe and Spain.

Good luck on your next chapter! https://t.co/49FhIennI9",5525,769,1026,261110,285,0,0,1,0.9638,positive
1900501149607764388,SanchezCastejon,Pedro Sanchez,Fri Mar 14 10:55:58 +0000 2025,"El 14 de marzo de 2020, España plantó cara a la mayor pandemia del siglo.

Hoy, cinco años después de aquella tragedia que se llevó tantas vidas, nuestro país está más fuerte y preparado para lidiar con crisis sanitarias. Ahora tenemos:

- Un sistema sanitario más robusto, dotado https://t.co/qxl6OranZa",3583,946,2557,343570,304,0,0,1,-0.6249,negative
1900259795627565412,SanchezCastejon,Pedro Sanchez,Thu Mar 13 18:56:55 +0000 2025,"El compromiso del Gobierno de España es firme.

Todas aquello que tenga que pasar por el Parlamento, pasará por el Parlamento. https://t.co/NghWXwMRGc",1322,436,1382,86106,150,0,0,1,0.0,neutral
1900252906445562163,SanchezCastejon,Pedro Sanchez,Thu Mar 13 18:29:32 +0000 2025,"Seguiremos invirtiendo en política social y no recortaremos ni un céntimo para hacer frente al compromiso con Europa en la seguridad y la defensa.

España es siempre parte de la solución.

Una solución que pasa por fortalecer Europa y por una paz justa y duradera en Ucrania. https://t.co/xqJPTWJmyE",1739,589,1164,92250,299,0,0,1,-0.296,negative
1899903976264655003,SanchezCastejon,Pedro Sanchez,Wed Mar 12 19:23:01 +0000 2025,"Con la presidenta del @EIB, @NadiaCalvino, he destacado la capacidad financiera del Banco Europeo en el impulso de la industria de seguridad y defensa europea en un momento clave.

El BEI es primordial para financiar todas las prioridades estratégicas de la UE, en particular, las https://t.co/hfTIstgDgQ",1373,459,683,52694,304,0,2,1,0.0,neutral
1899757257333567761,SanchezCastejon,Pedro Sanchez,Wed Mar 12 09:40:00 +0000 2025,"España apoyará a Ucrania en su camino hacia una paz justa y duradera.

Los avances que nos llegan de la reunión en Jeddah son un primer paso en la buena dirección. https://t.co/rNYIaJt2sa",1738,499,1014,81921,187,0,0,1,0.0,neutral
1899371740662280539,SanchezCastejon,Pedro Sanchez,Tue Mar 11 08:08:06 +0000 2025,"Mi especial recuerdo hoy, #11M, a todas las víctimas del terrorismo. 

Frente a la violencia y el fanatismo, verdad, justicia y reparación. https://t.co/fuUkxkqPFt",4904,1232,1997,453871,163,1,0,1,0.0,neutral
1899153353449640230,SanchezCastejon,Pedro Sanchez,Mon Mar 10 17:40:18 +0000 2025,"Mi cariño para las familias de las mujeres asesinadas en Jaén y Girona.

Dos víctimas de #ViolenciaDeGénero en una semana que debería haber sido solo de reivindicación feminista, igualdad y justicia.

Seguiremos luchando unidos frente a la violencia machista.
#NiUnaMenos",2043,524,1355,267841,271,2,0,0,0.0,neutral
1898712372262359311,SanchezCastejon,Pedro Sanchez,Sun Mar 09 12:28:00 +0000 2025,"El Sr. Feijóo no nos sorprende, pero nos avergüenza en su defensa de Vox.

A nosotros nos preocupa la seguridad de Europa, no la soledad de la ultraderecha.

Cuanto más aislada esté la ultraderecha, más segura estará Europa. https://t.co/jft1xcH06P",2799,805,1755,170879,248,0,0,1,-0.5267,negative
1898709052298850781,SanchezCastejon,Pedro Sanchez,Sun Mar 09 12:14:49 +0000 2025,"España debe defender a Europa para que Europa pueda defenderse a sí misma.

Y visto lo visto, mejor depender más de nosotros mismos y menos de otros. https://t.co/0puKy77HFc",2288,600,1059,214200,173,0,0,1,0.1027,positive
1898703518271205441,SanchezCastejon,Pedro Sanchez,Sun Mar 09 11:52:49 +0000 2025,"La oposición está sin ideas, sin dirección y sin escrúpulos.

El Sr. Feijóo no solo no es presidente del Gobierno porque no quiere, si no que tampoco es jefe de la oposición porque no sabe. https://t.co/6Ug3fQKvbN",3522,1020,1691,132253,213,0,0,1,-0.9494,negative
1898281873396097043,SanchezCastejon,Pedro Sanchez,Sat Mar 08 07:57:21 +0000 2025,"Este #8M, tomad de nuevo las calles.

Que vuestra voz suene más alta, más clara, más fuerte. Porque el futuro será feminista, o no será.

Feliz #DíaInternacionalDeLaMujer. https://t.co/pzFoML7yOS",7768,1827,2496,450236,195,2,0,1,-0.296,negative
1898119501717073996,SanchezCastejon,Pedro Sanchez,Fri Mar 07 21:12:09 +0000 2025,¡Orgullo!,7369,906,959,260940,9,0,0,0,0.0,neutral
1897994748797043162,SanchezCastejon,Pedro Sanchez,Fri Mar 07 12:56:25 +0000 2025,"A los hombres jóvenes:

No os dejéis envenenar por el machismo ni por los propagandistas del odio en las redes sociales. 

Avanzad. Avanzad con las mujeres. 
Porque si ellas avanzan, lo hacemos todos. 

#8M #DíaInternacionalDeLasMujeres https://t.co/09u6zi6tZn",7679,1844,2798,383011,260,2,0,1,-0.296,negative
1897989854840934864,SanchezCastejon,Pedro Sanchez,Fri Mar 07 12:36:58 +0000 2025,"“En su modelo no quepo yo. En el mío sí cabe usted.""

Pedro Zerolo ❤️ https://t.co/5W5R1gp6Ht",13993,3172,1396,550709,93,0,0,1,-0.296,negative
1897783037644918896,SanchezCastejon,Pedro Sanchez,Thu Mar 06 22:55:09 +0000 2025,"Este es otro momento de la historia en el que saldremos adelante con más Unión Europea.

España dará lo mejor de sí para que así sea. https://t.co/X2g2bstqrI",2562,657,1203,131280,157,0,0,1,0.0,neutral
1897623260163871070,SanchezCastejon,Pedro Sanchez,Thu Mar 06 12:20:16 +0000 2025,"Hoy debemos lanzar un mensaje claro a la ciudadanía: Europa es mucho más poderosa de lo que pensamos.

Nadie amenazará nuestra paz, nuestra seguridad, ni nuestra prosperidad. https://t.co/6xDujXEF2s",5628,1445,2787,252152,198,0,0,1,0.0,neutral
1897270468853297633,SanchezCastejon,Pedro Sanchez,Wed Mar 05 12:58:24 +0000 2025,Es la hora de proteger Europa. https://t.co/KKC3ZLcu1Q,3331,960,2763,196606,54,0,0,1,0.0,neutral
1896979363121234392,SanchezCastejon,Pedro Sanchez,Tue Mar 04 17:41:38 +0000 2025,"Junto al CEO de @Airbus, @GuillaumeFaury, hoy hemos renovado nuestro marco de cooperación estratégica y abordado los retos de competitividad de la industria aeronáutica y aeroespacial.

En un contexto geopolítico complejo, el Gobierno refuerza su compromiso con Airbus, a través https://t.co/ERPpx5qzuL",1618,490,684,81722,302,0,2,1,0.0,neutral
1896848006261121359,SanchezCastejon,Pedro Sanchez,Tue Mar 04 08:59:41 +0000 2025,"Una España con más empleo y menos paro.

Un mercado laboral más justo e inclusivo, que va cerrando la brecha de género.

¡Seguimos!",3146,931,1605,272400,131,0,0,0,0.0,neutral
1896505663527825572,SanchezCastejon,Pedro Sanchez,Mon Mar 03 10:19:20 +0000 2025,"Un año más, España, Catalunya y Barcelona abren sus puertas a la tecnología, la digitalización, el talento y el espíritu emprendedor.

El futuro ya está aquí y estamos preparados para liderarlo.

Welcome to #MWC25. https://t.co/6u8TtnzesG",3270,716,881,150345,238,1,0,1,0.4588,positive
1896302541874585726,SanchezCastejon,Pedro Sanchez,Sun Mar 02 20:52:12 +0000 2025,"Acabo de hablar con @LopezMirasF sobre la situación en la Región de Murcia ante las intensas lluvias.

Todas las administraciones están coordinadas y los servidores públicos están trabajando para auxiliar a la ciudadanía.

Rogamos precaución.",4905,1030,1098,346892,242,0,1,0,0.0,neutral
1896222849125294376,SanchezCastejon,Pedro Sanchez,Sun Mar 02 15:35:32 +0000 2025,"En Londres, para seguir trabajando con nuestros aliados en la construcción de la paz justa y duradera que Ucrania necesita.

España hará todo lo que esté en su mano para lograr este objetivo y garantizar la seguridad y libertad de Europa. https://t.co/jV0UVdkC3g",8957,1670,2136,452056,262,0,0,1,0.0,neutral
1896153038722683265,SanchezCastejon,Pedro Sanchez,Sun Mar 02 10:58:07 +0000 2025,"En el s.XXI las relaciones entre países son de alianzas, no de vasallajes. La época de los países súbditos se acabó.

Hoy, defendemos un orden internacional de países libres, iguales y soberanos.

Por eso defendemos a Ucrania ante la amenaza neoimperialista de Putin. https://t.co/moQRo3bf41",4340,1099,1651,378134,291,0,0,1,-0.296,negative
1896150306456572347,SanchezCastejon,Pedro Sanchez,Sun Mar 02 10:47:16 +0000 2025,"La derecha y la ultraderecha han dicho que no a la condonación de la deuda pública a las Comunidades Autónomas. 

¡Dicen que no a 83.000 millones de euros!

El PP hoy dice que no y mañana dirá que esta idea ha sido suya. No tienen remedio. https://t.co/8XvH8SPOoD",3950,1143,2294,296749,263,0,0,1,-0.69,negative
1895780411009355965,SanchezCastejon,Pedro Sanchez,Sat Mar 01 10:17:26 +0000 2025,"Conmocionado y profundamente triste por el repentino fallecimiento de la alcaldesa de Lugo, Paula Alvarellos. 

Progresista, luchadora y comprometida con Lugo, su pérdida es un golpe tremendo para la familia socialista. 

Un fuerte abrazo a sus familiares y amigos.",3962,825,812,295777,265,0,0,0,0.0,neutral
1895773649325724056,SanchezCastejon,Pedro Sanchez,Sat Mar 01 09:50:34 +0000 2025,"Hoy Illes Balears celebra 42 años de su Estatut, que ha hecho posible que los ciudadanos y ciudadanas de esta tierra gobiernen su presente y sigan decidiendo su futuro.

Molts d'anys a tots i totes.
#DiadelesIllesBalears https://t.co/UH3zqzmElc",925,230,365,70501,244,1,0,1,0.34,positive
1895552350737363300,SanchezCastejon,Pedro Sanchez,Fri Feb 28 19:11:12 +0000 2025,"Ucrania, España está contigo. 

Ukraine, Spain stands with you. 

Україно, Іспанія з тобою. 🇺🇦 🇪🇸",161554,18755,10637,12616107,97,0,0,0,0.0,neutral
1895410014980116811,SanchezCastejon,Pedro Sanchez,Fri Feb 28 09:45:37 +0000 2025,"Hoy, #28F, se cumplen 45 años del histórico referéndum en el que los hombres y mujeres de Andalucía consiguieron la autonomía plena para gobernar su futuro, a pesar de las resistencias.

Felicidades a todas y todos los andaluces.

#DíaDeAndalucía https://t.co/4ZooJJ18xi",3794,725,877,246274,270,2,0,1,0.0,neutral
1895201985416306881,SanchezCastejon,Pedro Sanchez,Thu Feb 27 19:58:59 +0000 2025,"Frente a los bulos, los datos:

🇪🇸 España mejora su puntuación, sube dos puestos en el ranking global, y se consolida como una de las democracias más plenas del mundo según @TheEconomist.

https://t.co/GSTu85I08V https://t.co/QXYqjymkLU",6482,1815,2943,818136,236,0,1,2,0.0,neutral
1895192270728565067,SanchezCastejon,Pedro Sanchez,Thu Feb 27 19:20:22 +0000 2025,"No muere una mujer, a una mujer la matan.

No es un calentón, es una agresión.

No es un divorcio duro, es violencia machista.

La lucha contra la #ViolenciaDeGénero no es una lucha de las mujeres contra los hombres. Es una lucha por la dignidad del género humano.

#VivasSinMiedo https://t.co/JXJOh2iUuW",7796,2134,1635,1013191,304,2,0,1,-0.7783,negative
1895111742700622278,SanchezCastejon,Pedro Sanchez,Thu Feb 27 14:00:23 +0000 2025,"Gracias a @ITPAero por impulsar la autonomía estratégica de nuestro país y de la UE en el sector aeroespacial, donde España tiene tanto que ofrecer.

Estaremos a vuestro lado, apostando por la sostenibilidad para reforzar la cohesión territorial y la reindustrialización. https://t.co/veKsuP40Dt",1208,376,320,49935,295,0,1,1,0.0,neutral
1895090660014788959,SanchezCastejon,Pedro Sanchez,Thu Feb 27 12:36:37 +0000 2025,"La Unión Europea no se creó contra nadie. Se creó a favor del multilateralismo y el entendimiento entre países, la paz, el desarrollo económico y la justicia social.

Ante la amenaza de la involución y el cierre de las economías, apostamos por el avance y la apertura del mundo. https://t.co/Qq3yDQVSj3",3418,1073,897,121831,302,0,0,1,0.128,positive
1894830041248473521,SanchezCastejon,Pedro Sanchez,Wed Feb 26 19:21:00 +0000 2025,"Hoy he hablado con @LulaOficial, @GabrielBoric, @petrogustavo y @OrsiYamandu sobre los peligros que plantean para nuestras democracias la desinformación y las campañas de injerencia extranjeras. 

Nuestros países van a trabajar juntos para garantizar unas redes sociales libres de https://t.co/SzDjGHFFat",8223,2404,3112,725999,304,0,4,1,0.0,neutral
1894765608220156020,SanchezCastejon,Pedro Sanchez,Wed Feb 26 15:04:58 +0000 2025,"Frente a la involución que nos rodea, progreso.

España vuelve a brillar con luz propia en materia de igualdad de género.

 ¡Avanzamos!",1592,540,1010,144298,135,0,0,0,0.0,neutral
1894745465364553845,SanchezCastejon,Pedro Sanchez,Wed Feb 26 13:44:56 +0000 2025,"Esta mañana me he reunido con el @eucopresident, @vonderleyen y todos los Estados miembros para impulsar la creación de un espacio europeo de seguridad y defensa y preparar el próximo Consejo Europeo.

Ucrania, España y el mundo necesitan una Europa fuerte y unida. Y se la vamos https://t.co/MyZ96SY8Ns",1748,518,640,78177,303,0,2,1,0.0,neutral
1894666918805524521,SanchezCastejon,Pedro Sanchez,Wed Feb 26 08:32:49 +0000 2025,"No hay color entre su potencial gobierno de coalición y este gobierno de coalición.

Cada vez que Abascal se hace fotos fuera, quien se retrata es usted, señor Feijóo.

Rompa con aquellos que quieren romper con Europa.

Rompa con la ultraderecha, como hace la derecha alemana. https://t.co/9agDD4tHwz",3841,1154,1321,164082,300,0,0,1,-0.296,negative
1894431389635715330,SanchezCastejon,Pedro Sanchez,Tue Feb 25 16:56:54 +0000 2025,"¡Qué grande eres, @JesusCalleja!

¡Deseando que nos cuentes la experiencia! ¡Te atreves con todo!",3493,430,1208,589982,97,0,1,0,0.0,neutral
1894100129646293103,SanchezCastejon,Pedro Sanchez,Mon Feb 24 19:00:36 +0000 2025,"Ucrania, España está contigo. https://t.co/fp7leVNI9D",22056,2011,3357,1128736,53,0,0,1,0.0,neutral
1894076295606128658,SanchezCastejon,Pedro Sanchez,Mon Feb 24 17:25:53 +0000 2025,"Con el primer ministro de Canadá, @JustinTrudeau, reafirmamos en Kyiv nuestro apoyo a Ucrania y la necesidad de que participe en las negociaciones de paz.

También hemos abordado la importancia de seguir ampliando nuestra relación comercial, y la necesidad de seguir defendiendo https://t.co/cbSeKGq0zd",4945,1027,937,177424,302,0,1,1,0.0,neutral
1893974276803371108,SanchezCastejon,Pedro Sanchez,Mon Feb 24 10:40:30 +0000 2025,"Ucrania debe ganar una paz justa y duradera. De ello dependen la libertad, la seguridad y el futuro de todos los europeos y europeas.

Por eso acabo de anunciar en Kyiv que España enviará un nuevo paquete de ayuda militar por valor de 1.000 millones de euros al pueblo ucraniano. https://t.co/f7a7BKiIbi",4512,1055,1983,829994,303,0,0,1,0.0,neutral
1893931765275759092,SanchezCastejon,Pedro Sanchez,Mon Feb 24 07:51:35 +0000 2025,"Felicidades a @_FriedrichMerz por la victoria electoral de anoche en Alemania.

Una Europa fuerte requiere que trabajemos unidos para afrontar retos comunes. Más competitividad, autonomía estratégica y transición ecológica y digital.",1781,356,652,160308,233,0,1,0,0.0,neutral
1893913314591171040,SanchezCastejon,Pedro Sanchez,Mon Feb 24 06:38:16 +0000 2025,"España está con Ucrania.

Tres años después del inicio de la agresión rusa, nuestro compromiso con el pueblo ucraniano sigue intacto. Ya en Kyiv, para participar en la Cumbre Internacional de apoyo a Ucrania. https://t.co/vpv5uaTZPL",8825,1318,1617,377565,232,0,0,1,0.0,neutral
1893643723482771518,SanchezCastejon,Pedro Sanchez,Sun Feb 23 12:47:00 +0000 2025,"A los de la motosierra: 

Que no les gusta el feminismo, pues toma Pacto de Estado contra la Violencia de Género.

Que no les gusta la reforma laboral, pues reducimos la jornada laboral.

Que no les gusta Europa, pues más Europa. https://t.co/g4XaVRQJ1k",7723,1688,3350,712806,253,0,0,1,-0.6808,negative
1893641205684298162,SanchezCastejon,Pedro Sanchez,Sun Feb 23 12:37:00 +0000 2025,"Hoy hay elecciones en Alemania. 

Y en ninguna ecuación de gobernabilidad entrará la ultraderecha.

Esa es la diferencia entre la derecha española y la alemana. Entre una derecha moderada y una derecha tutelada por la ultraderecha.

Aquí, lo que dice Abascal va a misa. https://t.co/51vg4xTRkv",4193,946,1963,778155,293,0,0,1,0.0,neutral
1893638265850237373,SanchezCastejon,Pedro Sanchez,Sun Feb 23 12:25:19 +0000 2025,"Nunca ha habido tantos recursos para blindar los servicios públicos. Y nunca ha habido un proceso privatizador como el que impulsa Moreno Bonilla.

En 2026 pasaremos del verbo privatizar al verbo blindar.

@mjmonteroc será una extraordinaria presidenta de Andalucía. https://t.co/ZOcZIkiEfm",2335,803,938,115419,290,0,1,1,0.5859,positive
1893276104913289505,SanchezCastejon,Pedro Sanchez,Sat Feb 22 12:26:13 +0000 2025,"Hay quien llama dictador a @ZelenskyyUa. Recordemos que es un presidente elegido con el voto de los ucranianos y ucranianas.

Y si hay alguien que ha luchado por la democracia en Rusia, ese no ha sido Putin.

Ha sido Navalny, que pagó esa lucha por la democracia con su vida. https://t.co/XUF5MuzR5B",4957,1231,2067,453707,299,0,1,1,0.4145,positive
1893273534606049314,SanchezCastejon,Pedro Sanchez,Sat Feb 22 12:16:00 +0000 2025,"Su lema no es todo por la patria, es todo por la pasta.

La internacional ultraderechista es como la criptomoneda de Milei, una estafa piramidal.

Su objetivo es hacer ruido mientras hacen negocio con lo público.

Frente a su motosierra, nosotros tenemos el BOE. https://t.co/uIhIPDWJgr",5074,1576,1889,276958,286,0,0,1,-0.296,negative
1893270802415411370,SanchezCastejon,Pedro Sanchez,Sat Feb 22 12:05:09 +0000 2025,"La historia volverá a ser muy dura con los colaboracionistas del s. XXI, como lo fue con los del s. XX.

Sr. Feijóo, no se puede ser europeísta por la mañana, y acostarse con la ultraderecha por la noche. https://t.co/8pUA3PCYld",3207,981,1220,143500,228,0,0,1,-0.296,negative
1892571897558077921,SanchezCastejon,Pedro Sanchez,Thu Feb 20 13:47:57 +0000 2025,"Cuando a Catalunya le va bien, a España le va bien.

Hoy he conversado con los presidentes de las cámaras de comercio catalanas sobre los buenos datos económicos que ponen en valor que las políticas públicas del Gobierno de España y la Generalitat funcionan.

Catalunya vuelve a https://t.co/lOLw5sQdhD",2790,782,1548,162057,302,0,0,1,0.0,neutral
1892519084568313961,SanchezCastejon,Pedro Sanchez,Thu Feb 20 10:18:05 +0000 2025,"El lunes estaré en Kyiv para reafirmar el apoyo de España a la democracia ucraniana y al presidente @ZelenskyyUa.

#SlavaUkraini",8062,1331,3831,1089903,128,1,1,0,0.0,neutral
1892179606293123493,SanchezCastejon,Pedro Sanchez,Wed Feb 19 11:49:07 +0000 2025,"Hoy, España y Egipto elevan su relación a Asociación Estratégica. 

Presidente @AlsisiOfficial, un placer recibirte de nuevo en Madrid. Vivimos tiempos difíciles e inciertos, pero es en estos tiempos cuando la colaboración entre socios se vuelve más necesaria que nunca. https://t.co/dfMPzLR4sO",1649,480,636,76695,294,0,1,1,0.0,neutral
1892133641611809169,SanchezCastejon,Pedro Sanchez,Wed Feb 19 08:46:28 +0000 2025,"Señor Feijóo, usted ha sido para la política española lo que la criptomoneda $Libra ha sido para los votantes del señor Milei: un colosal engaño.

España no merece la oposición que usted hace. https://t.co/yx85z0fox5",9364,2747,1760,336135,216,0,0,1,0.3818,positive
1892130393169502393,SanchezCastejon,Pedro Sanchez,Wed Feb 19 08:33:34 +0000 2025,"En 2018, cuando gobernaba el Partido Popular:

▪️El salario medio era de 1.700€; hoy es de 2.100€.

▪️La pensión media era de 1.000€; hoy es de 1.500€.

▪️Había 19 millones personas ocupadas; hoy casi 22 millones.

A diferencia de ustedes, Sr. Feijóo, los números no engañan. https://t.co/DSs3umNPoG",8280,2216,3380,1058826,299,0,0,1,0.1531,positive
1891583941859213743,SanchezCastejon,Pedro Sanchez,Mon Feb 17 20:22:10 +0000 2025,"Las conversaciones para la paz en Ucrania representan una oportunidad. Pero no deben llevarnos a un cierre en falso. El objetivo debe ser alcanzar una paz justa y duradera.

Debe contar con la implicación activa de Ucrania y de Europa y debe reforzar el orden multilateral y el https://t.co/49PfECXN77",2648,796,1224,139237,301,0,0,1,-0.296,negative
1891514967704076485,SanchezCastejon,Pedro Sanchez,Mon Feb 17 15:48:05 +0000 2025,"Europa quiere la paz. Una paz que preserve los principios en los que se sustenta el orden internacional.

Hoy abordaré esta cuestión, en la cumbre organizada en París en torno a la guerra en Ucrania. 

Una paz justa para Ucrania y la arquitectura de seguridad europea son https://t.co/hdFEZMbhrl",5183,1241,1735,286130,295,0,0,1,0.0,neutral
1891222457572315539,SanchezCastejon,Pedro Sanchez,Sun Feb 16 20:25:45 +0000 2025,"Enhorabuena a @pedro_casares por su victoria en las primarias del @PSOECantabria. Ahora, juntos y juntas, seguimos trabajando por una Cantabria con más derechos y oportunidades.

Gracias a @Pablo_Zuloaga por su compromiso y dedicación.

¡Seguimos!🌹",1344,335,563,101206,248,0,3,0,0.0,neutral
1890818019695411265,SanchezCastejon,Pedro Sanchez,Sat Feb 15 17:38:40 +0000 2025,"Ellos tienen al hombre más rico del mundo y trampean con sus algoritmos.

Pero en su soberbia se les olvida que no tienen lo más importante en democracia: EL VOTO DE LA GENTE. https://t.co/oYc2xmDth9",4430,1070,4720,714960,199,0,0,1,-0.296,negative
1890815562915237984,SanchezCastejon,Pedro Sanchez,Sat Feb 15 17:28:54 +0000 2025,"El futuro siempre de la razón a los progresistas. Y lo hará también con la Ley de Vivienda y la Empresa Estatal de Vivienda.

Vamos a convertir la vivienda en el quinto pilar del Estado del bienestar.

Con todos los recursos del Estado. https://t.co/iOt2giWRZz",1501,511,1298,102807,260,0,0,1,0.0,neutral
1890813117069955279,SanchezCastejon,Pedro Sanchez,Sat Feb 15 17:19:11 +0000 2025,"Si no somos los socialistas los que defendemos la verdad, la democracia, el feminismo, el ecologismo, la justicia social, las pensiones, la paz, el europeísmo... nadie lo hará.

Por eso lo vamos a hacer, una y mil veces. No vamos a retroceder ni a permitir que se retroceda. https://t.co/X89EAKCLef",3107,967,1686,137983,298,0,0,1,-0.5267,negative
1890730201341935841,SanchezCastejon,Pedro Sanchez,Sat Feb 15 11:49:42 +0000 2025,"Exigimos al Sr. Feijóo y al Partido Popular que rompan con el caballo de Troya de Europa, con la ultraderecha y la internacional ultraderechista. Que rompan todo acuerdo con quienes quieren hacer caer desde dentro a Europa.

Hoy necesitamos MÁS EUROPA que nunca. https://t.co/7rSbniFI2x",3195,1013,2506,268440,286,0,0,1,0.4215,positive
1890727220722688355,SanchezCastejon,Pedro Sanchez,Sat Feb 15 11:37:52 +0000 2025,"Ante la amenaza de aranceles, el Gobierno de España estará del lado de los agricultores, ganaderos, empresas, trabajadores. Del lado de EUROPA. 

Los intereses de Europa son los intereses de España.

Mientras, la derecha y la ultraderecha callan. Su lema es todo por la pasta. https://t.co/KjTurFOaUL",4492,1286,2381,360167,300,0,0,1,0.0,neutral
1890724301504143444,SanchezCastejon,Pedro Sanchez,Sat Feb 15 11:26:16 +0000 2025,"La socialdemocracia es más necesaria que nunca. Aquí y ahora.

No tengamos dudas, ser socialista es estar del lado correcto de la historia. Lo fue en el pasado, lo es ahora y lo será en el futuro. https://t.co/7Wz1c41tfL",3177,903,1350,256746,220,0,0,1,-0.296,negative
1890121450570301781,SanchezCastejon,Pedro Sanchez,Thu Feb 13 19:30:45 +0000 2025,"Acabo de hablar con el presidente @ZelenskyyUa a quien he trasladado todo mi apoyo en la defensa de la soberanía de su país frente a la agresión ilegal, injusta e injustificada de Rusia. Ucrania puede seguir contando con España.

Este apoyo va más allá de las palabras, como hemos",6366,1288,3670,733668,280,0,1,0,0.0,neutral
1890115853212856526,SanchezCastejon,Pedro Sanchez,Thu Feb 13 19:08:30 +0000 2025,"En España no solo prospera la economía: también lo hace la justicia social.

Los datos de la nueva Encuesta de Condiciones de Vida del INE muestran que los ingresos medios anuales de los hogares crecieron 2.175€, y que la desigualdad, la pobreza y la exclusión social se han",2449,702,1857,260820,274,0,0,0,-0.296,negative
1890013437117231428,SanchezCastejon,Pedro Sanchez,Thu Feb 13 12:21:32 +0000 2025,"Hoy he visitado las instalaciones de @Wallbox_ES, empresa puntera en soluciones de carga de vehículos eléctricos y gestión de energía. 

Compartimos la apuesta por una movilidad sostenible que reafirme el liderazgo de España en la transición ecológica y nos sitúe a la vanguardia https://t.co/NSefP6IFXl",1350,429,561,62165,303,0,1,1,0.0,neutral
1889991157565849873,SanchezCastejon,Pedro Sanchez,Thu Feb 13 10:53:00 +0000 2025,"Frente a la ley de la selva, Ley de Vivienda. 
Frente a los fondos buitres, Ley de Vivienda.
Frente a la especulación, Ley de Vivienda.

La Ley de Vivienda funciona. Solo hace falta la voluntad para aplicarla, en lugar de boicotearla. https://t.co/uXBwevSOfR",2435,876,1475,174807,258,0,0,1,0.0,neutral
1889658348062081126,SanchezCastejon,Pedro Sanchez,Wed Feb 12 12:50:32 +0000 2025,"Me he reunido esta mañana con altos directivos y representantes de la industria farmacéutica. Les he trasladado la apuesta decidida del Gobierno por impulsar España como líder de este sector estratégico para el país.

Seguiremos trabajando en estrecha colaboración público-privada https://t.co/WiMNA6N3CP",1715,523,775,69716,304,0,0,1,0.0,neutral
1889601621547688445,SanchezCastejon,Pedro Sanchez,Wed Feb 12 09:05:08 +0000 2025,"Ya entiendo, Sr. Feijóo, por qué congelaron el SMI, para que no tuviera retención en el IRPF. Según ustedes, mejor vivir con 735 euros al mes, que con 1.184.

Nosotros subimos el 61% el SMI, reducimos la desigualdad y la brecha salarial y, a la vez, creamos empleo.

Con el PP https://t.co/cIKzIaDfLm",4505,1406,1771,319449,300,0,0,1,-0.296,negative
1889355965411262698,SanchezCastejon,Pedro Sanchez,Tue Feb 11 16:48:59 +0000 2025,Acabo de conversar con el primer ministro @MichealMartinTD sobre Palestina y Oriente Medio. España e Irlanda comparten gran preocupación por la situación y llaman al mantenimiento del alto el fuego y la liberación de los rehenes. Las expulsiones de población son inaceptables y la,3313,811,1219,206723,280,0,1,0,0.0,neutral
1889268036617507259,SanchezCastejon,Pedro Sanchez,Tue Feb 11 10:59:35 +0000 2025,"No sabemos qué España quiere la coalición negacionista.

Solo sabemos lo que no quieren. NO a revalorizar las pensiones. NO a subir el SMI. NO a reducir la jornada laboral. NO al transporte público gratuito.

Frente a su NO A TODO, un GRAN SÍ en beneficio de la mayoría. https://t.co/3MeqlTWv9C",2723,853,1747,157883,294,0,0,1,-0.9102,negative
1889017496445030587,SanchezCastejon,Pedro Sanchez,Mon Feb 10 18:24:02 +0000 2025,"Todo mi cariño a la familia y amigos de la mujer asesinada en la provincia de Málaga, especialmente a sus tres hijos menores de edad.

Cada mujer que es víctima de esta violencia machista es una derrota de la democracia que no podemos consentir.

No vamos a parar. #NiUnaMás",1647,373,901,206331,274,1,0,0,-0.5267,negative
1888981220861546701,SanchezCastejon,Pedro Sanchez,Mon Feb 10 15:59:53 +0000 2025,"Rompamos estereotipos de género y fomentemos las vocaciones científicas de niñas y jóvenes.

Ha sido fantástico visitar esta feria que busca promover el empoderamiento de la mujer en el ámbito STEAM y conocer los proyectos de futuras científicas e investigadoras de nuestro país. https://t.co/iYbHhfDXah",2717,766,703,85754,303,0,0,1,0.34,positive
1888945846277820626,SanchezCastejon,Pedro Sanchez,Mon Feb 10 13:39:19 +0000 2025,"Iniciamos el trámite para demoler el hotel ilegal de la playa de El Algarrobico.

Recuperamos este paraje natural para todos los almerienses, los andaluces y el conjunto de españoles.",3502,854,1034,273634,183,0,0,0,0.3612,positive
1888935434702455184,SanchezCastejon,Pedro Sanchez,Mon Feb 10 12:57:57 +0000 2025,"Hace 20 años, España dio un paso de gigante para erradicar esta violencia estructural, pero queda una inmensidad por hacer.

Por eso, trabajamos ya en la renovación del Pacto de Estado. Por la memoria de quienes no están con nosotros. Por las que sobrevivieron y por las que hoy https://t.co/s8Fwyf6MOL",1554,503,507,82007,302,0,0,1,-0.296,negative
1888930565790838987,SanchezCastejon,Pedro Sanchez,Mon Feb 10 12:38:36 +0000 2025,"Hablar de violencia de género es hablar con dolor, con tristeza, con rabia. Pero hoy quiero invocar también la palabra esperanza y agradecer el inmenso legado del gobierno de Rodríguez Zapatero que impulsó la Ley contra la Violencia de Género.

Gracias a todas y todos los que lo https://t.co/EK7SIpV4O2",2569,738,639,71947,303,0,0,1,0.0,neutral
1888389798399779030,SanchezCastejon,Pedro Sanchez,Sun Feb 09 00:49:47 +0000 2025,"Enhorabuena a los premiados y nominados, y a todas y todos los profesionales que hacéis posible la magia del cine.

Ha sido un placer asistir a esta maravillosa noche de los #Goya2025 y disfrutar de la fantástica acogida de la ciudad de Granada.

La cultura nos une. https://t.co/YMzd8Ml2sH",7194,1243,1740,272583,290,1,0,1,0.34,positive
1887504396239483335,SanchezCastejon,Pedro Sanchez,Thu Feb 06 14:11:30 +0000 2025,"En una guerra comercial no hay ganadores. Todos pierden. Especialmente cuando las consecuencias las sufren siempre los más vulnerables.

Ahora, más que nunca, Europa debe mostrar unidad y ser firme. Defenderemos a nuestros agricultores, ganaderos y pescadores y sus cooperativas. https://t.co/revQlJZWwN",2722,798,1643,137891,303,0,0,1,-0.296,negative
1887488777494376858,SanchezCastejon,Pedro Sanchez,Thu Feb 06 13:09:27 +0000 2025,"Frente al cortoplacismo, nada mejor que la visión a largo plazo. 

Hoy presentamos la primera Estrategia Nacional de Alimentación impulsada por un Gobierno de España. 

Miramos al frente, con ambición y esperanza, promoviendo un modelo seguro, sostenible, saludable, competitivo y https://t.co/r8j3j7CBpH",1596,518,1052,104364,304,0,0,1,0.0,neutral
1887099300691292502,SanchezCastejon,Pedro Sanchez,Wed Feb 05 11:21:48 +0000 2025,"España promueve una regulación que proteja a la ciudadanía y sus derechos digitales.

Acabemos con el anonimato e impunidad en las redes, y exijamos transparencia algorítmica y rendición de cuentas a las plataformas.

Frente a la desregulación absoluta para la 'tecnocasta', https://t.co/pObX9SX39U",1783,627,1689,203641,298,0,0,1,0.0,neutral
1887096216095223958,SanchezCastejon,Pedro Sanchez,Wed Feb 05 11:09:33 +0000 2025,"Lanzamos el Observatorio de Derechos Digitales desde @redpuntoes para que los derechos y libertades que defendemos en nuestra vida diaria lleguen al mundo digital. 

Para que el espacio digital no se convierta en el salvaje Oeste. Seamos dueños de nuestro propio destino. https://t.co/H4NhBAi78T",1639,555,1963,666391,295,0,1,1,-0.296,negative
1886867601281765847,SanchezCastejon,Pedro Sanchez,Tue Feb 04 20:01:07 +0000 2025,"Somos el primer país de la UE en depositar ante la ONU el Tratado Global de los Océanos.

Necesitamos que muchos más países se sumen a esta iniciativa, crucial en la lucha contra el cambio climático y la defensa del planeta.

España abre camino.",2194,605,827,120574,245,0,0,0,0.0,neutral
1886848710182682628,SanchezCastejon,Pedro Sanchez,Tue Feb 04 18:46:03 +0000 2025,"Conmovido por las noticias que nos llegan del ataque en Örebro, Suecia.

Quiero trasladar todo mi afecto y el de la sociedad española al pueblo sueco en estos momentos de dolor.",2537,407,934,287672,177,0,0,0,0.0,neutral
1886779697154887741,SanchezCastejon,Pedro Sanchez,Tue Feb 04 14:11:49 +0000 2025,"El Gobierno de España apuesta por la inversión en I+D+i para promover, retener y atraer talento investigador, queremos una salud de vanguardia y defendemos nuestra extraordinaria sanidad pública.

Gracias a todo el equipo de @NovartisSpain por alimentar la esperanza en la lucha https://t.co/eBrxflZfAu",1814,624,626,51980,302,0,1,1,0.0,neutral
1886760700774662496,SanchezCastejon,Pedro Sanchez,Tue Feb 04 12:56:20 +0000 2025,"No hay familia o grupo de amigos que no conozca la lucha contra el cáncer.

Nos enfrentamos a un enemigo implacable. 

Es una tarea colectiva que nos incumbe e interpela a todos y en la que tenemos un aliado excepcional: la CIENCIA.

#DíaMundialContraElCáncer https://t.co/PfXHL1UPPr",2668,735,874,91056,283,1,0,1,-0.5267,negative
1886411129875767568,SanchezCastejon,Pedro Sanchez,Mon Feb 03 13:47:15 +0000 2025,"Todo mi cariño para la familia y amigos de la mujer asesinada en Asturias, víctima de la #ViolenciadeGénero.

No descansaremos hasta acabar con esta violencia estructural que atenta con tras las mujeres por el hecho de ser mujeres.

Si eres víctima, llama al #016. No estás sola.",1922,452,772,180188,279,2,0,0,-0.5267,negative
1886396134605668864,SanchezCastejon,Pedro Sanchez,Mon Feb 03 12:47:40 +0000 2025,"Hoy participo en Bruselas en el retiro informal de líderes de la UE, en el que abordaremos cómo contribuir a una mayor autonomía y eficiencia de la seguridad y defensa europeas.

España defiende una visión integral para hacer frente a amenazas como el terrorismo, el narcotráfico, https://t.co/nd0bM165Z2",2942,835,863,110647,304,0,0,1,0.0,neutral
1886038359036084343,SanchezCastejon,Pedro Sanchez,Sun Feb 02 13:06:00 +0000 2025,"El @PSOE  volverá a ganar las próximas elecciones.

Y el próximo mayo de 2027 empezará por Madrid.

Ganaremos en Madrid con un presidente solvente, ejemplar y SOCIALISTA como @oscarlopeztwit. https://t.co/rIO5WtyeMb",3118,790,3087,300019,215,0,2,1,0.0,neutral
1886034910462259372,SanchezCastejon,Pedro Sanchez,Sun Feb 02 12:52:18 +0000 2025,"En el PP de Madrid son muy de 'p'alante', pero no son de de fiar. 

Nosotros sí lo tenemos claro.
 
La justicia social, la revalorización de las pensiones, el transporte público, el escudo social... todo va 'P'ALANTE'. 

Con un Gobierno socialista, claro que va 'P'ALANTE'. https://t.co/frg1ajOX0B",2355,756,1437,138922,297,0,0,1,-0.296,negative
1886028118218928357,SanchezCastejon,Pedro Sanchez,Sun Feb 02 12:25:18 +0000 2025,"Ser valiente es no olvidar lo que somos y de dónde venimos.

Los socialistas estamos aquí para servir a la gente y no servirnos de la gente como hace el gobierno de la Comunidad de Madrid.

La política de Ayuso y del PP es ser fuerte con el débil y servil con el poderoso. https://t.co/bHARbm8HJU",3266,989,2003,198007,296,0,0,1,-0.5267,negative
1885658429085085763,SanchezCastejon,Pedro Sanchez,Sat Feb 01 11:56:17 +0000 2025,"En democracia, un bot NO es un voto, un tuit NO es un voto. 

En democracia, es una persona un voto.

Y, por eso, en 2027 volveremos a ganar a la internacional ultraderechista como hicimos el pasado 23 de julio. https://t.co/zCVAktGHt7",5111,1049,3146,567991,235,0,0,1,-0.7065,negative
1885654091424047505,SanchezCastejon,Pedro Sanchez,Sat Feb 01 11:39:03 +0000 2025,"Al Sr. Feijóo no le importan nada los pensionistas, solo ""no hacer el juego al malvado Sánchez"".

Los socialistas lo tenemos claro: revalorizar las pensiones, el transporte público gratuito, las ayudas a los afectados por la DANA, el escudo social Sí o Sí.

¡Sí y mil veces sí! https://t.co/9E2o4ukI67",4340,1281,1877,206275,301,0,0,1,-0.3595,negative
1885649345212489900,SanchezCastejon,Pedro Sanchez,Sat Feb 01 11:20:12 +0000 2025,"Los socialistas estamos donde hay que estar.

Otros nunca están. No estuvieron durante la tragedia, ni durante la reconstrucción, ni en las Cortes Generales para votar a favor las ayudas a la Comunitat Valenciana.

¿Dónde está el Partido Popular? https://t.co/OayGWE6AUh",2937,841,1961,251022,270,0,0,1,0.5106,positive
1884987545190056037,SanchezCastejon,Pedro Sanchez,Thu Jan 30 15:30:26 +0000 2025,"My deepest condolences to the families and loved ones of the victims of the tragic aircraft accident in Washington DC.

Our thoughts are with the people of the United States at this difficult time.",1378,276,652,95102,197,0,0,0,-0.5537,negative
1884539353629704568,SanchezCastejon,Pedro Sanchez,Wed Jan 29 09:49:29 +0000 2025,"Crecemos más que nadie y crecemos más verde que nadie. 

El éxito de nuestro modelo energético es la base del éxito de nuestro modelo económico. El que nos ha permitido cerrar 2024 con un crecimiento trimestral del 3,5% del PIB.

CRECE la economía, COMPARTIMOS la riqueza y https://t.co/noOE0RjQOf",3065,911,1880,106652,297,0,0,1,0.34,positive
1884534895558422858,SanchezCastejon,Pedro Sanchez,Wed Jan 29 09:31:46 +0000 2025,"Nos lo jugamos todo al verde.

Este Gobierno ha convertido a España en la quinta gran economía más sostenible del planeta, líder global en hidrógeno verde.

Cambiando la legislación, con más ayudas y bonificaciones fiscales y el apoyo de inversores y empresas. https://t.co/041bXIdrmW",3509,984,1373,158891,284,0,0,1,0.34,positive
1884244701366157536,SanchezCastejon,Pedro Sanchez,Tue Jan 28 14:18:39 +0000 2025,"El ruido de la democracia a veces puede resultar incómodo. Pero siempre será mejor que el silencio de las autocracias.

En estos días, la coalición negacionista del PP y VOX han contaminado el debate público con manipulaciones y mentiras.

Mentiras que debo desmentir.👇 https://t.co/jxgyVbAycO",5800,1816,2597,234160,293,0,0,1,0.0,neutral
1884240585113969107,SanchezCastejon,Pedro Sanchez,Tue Jan 28 14:02:17 +0000 2025,"El Gobierno ha aprobado un nuevo Real Decreto Ley Social que contiene la práctica totalidad de las medidas del escudo social aprobado en diciembre.

Un total de 29 medidas, que incluyen:
➡️ La revalorización de las pensiones conforme al IPC
➡️ La mejora de las pensiones mínimas https://t.co/fwu1nsf4yf",5319,1762,2275,642607,302,0,0,1,0.34,positive
1884168593518256225,SanchezCastejon,Pedro Sanchez,Tue Jan 28 09:16:13 +0000 2025,"En 2024, en España hemos creado casi medio millón de puestos de trabajo, con récord de ocupados y reduciendo el paro por debajo del 11% por primera vez desde 2008.

Menos mujeres en paro, menos temporalidad y más empleo de calidad.

Esta es la política del Gobierno.",4698,1276,1403,313226,266,0,0,0,0.0,neutral
1883952411158380667,SanchezCastejon,Pedro Sanchez,Mon Jan 27 18:57:11 +0000 2025,"Bienvenido, @SecGenNATO, en la que es tu primera visita a España como secretario general de la @NATO.

España es un aliado serio, responsable y comprometido con la Alianza.

Seguiremos impulsando todos los esfuerzos para garantizar la paz, apoyando a Ucrania y defendiendo https://t.co/ctKqkKKbgC",1695,470,930,121572,296,0,2,1,0.0,neutral
1883920179215937614,SanchezCastejon,Pedro Sanchez,Mon Jan 27 16:49:06 +0000 2025,"Hoy me he reunido con @AmitabhBehar, director ejecutivo de @Oxfam.

Hemos hablado de lo importante que es que la 4ª Conferencia Internacional sobre Financiación para el Desarrollo que celebraremos en Sevilla en junio sea un éxito.

La participación de la sociedad civil será https://t.co/Uc0H7GgIup",1549,449,861,106285,298,0,2,1,0.0,neutral
1883827229102137562,SanchezCastejon,Pedro Sanchez,Mon Jan 27 10:39:45 +0000 2025,"Today we remember the horror of the Holocaust. We will never forget the cruelty of the Nazi regime against defenseless people only because they were Jews or belonged to any other minority.

We honor all the victims and their families in such an important day. We will never let",1927,484,935,192685,277,0,0,0,0.1058,positive
1883509445381992771,SanchezCastejon,Pedro Sanchez,Sun Jan 26 13:37:00 +0000 2025,"Ante la coalición negacionista, voy a buscar votos y apoyos hasta debajo de las piedras por responsabilidad y por convicción para que la gente tenga sus derechos.

Los derechos que el PP y Vox les han cercenado. https://t.co/OK5NY2I35x",4126,1103,3551,364289,235,0,0,1,0.0,neutral
1883506433712365754,SanchezCastejon,Pedro Sanchez,Sun Jan 26 13:25:02 +0000 2025,"Lo que tenemos enfrente, con Feijóo y Abascal, es la coalición negacionista.

Niegan con su voto la revalorización de las pensiones, el transporte publico gratuito, las ayudas a la DANA, la subida del SMI o el cambio climático.

No hay por dónde cogerlo. https://t.co/LCMQTucgWp",5178,1542,3245,505654,278,0,0,1,-0.296,negative
1883498871231234093,SanchezCastejon,Pedro Sanchez,Sun Jan 26 12:54:59 +0000 2025,"MÁS PSOE.

Si queremos más Estado del bienestar, más empleo y mejores salarios, una seguridad social fuerte y mejores pensiones para nuestros jubilados. Más @PSOE.

En España y en Canarias. https://t.co/w5b9tpV5ZP",2917,857,1901,170169,213,0,1,1,0.0,neutral
1882751987634368687,SanchezCastejon,Pedro Sanchez,Fri Jan 24 11:27:08 +0000 2025,"Mejores salarios, mayores pensiones y ayudas a la ciudadanía. 

No son una recompensa para el Gobierno.

Son para los millones de españoles y españolas que se las han ganado con el sudor de su frente y con sus impuestos. 

Ningún cálculo partidista debería negárselas. https://t.co/dfvUr1IKGd",4090,1329,3409,224666,292,0,0,1,-0.296,negative
1882743067914170704,SanchezCastejon,Pedro Sanchez,Fri Jan 24 10:51:41 +0000 2025,"Tenemos un país maravilloso y lo estamos mostrando en @fitur_madrid.

Viajemos a Valencia, ahora más que nunca. 

Que el turismo sea motor de recuperación y muestra de solidaridad de todo un país con una tierra que todos llevamos en el corazón. 

Nos necesitan. https://t.co/QgGz0HlrzD",2177,619,1741,128474,285,0,1,1,0.0,neutral
1882470677661589986,SanchezCastejon,Pedro Sanchez,Thu Jan 23 16:49:18 +0000 2025,"Enhorabuena, @karsiagascon, por tu nominación como mejor actriz en los #Oscar.

Tu inmensa interpretación en 'Emilia Pérez' sigue cosechando éxitos.

Ojalá te recibamos pronto con ese gran reconocimiento. ¡Suerte!",5439,649,1248,1570299,213,1,1,0,0.0,neutral
1882459795354956056,SanchezCastejon,Pedro Sanchez,Thu Jan 23 16:06:04 +0000 2025,"Gracias, en mi nombre y en el de todos los españoles, especialmente de los ciudadanos y ciudadanas de Valencia, a los más de 25.000 militares que han colaborado, y están aún trabajando, para devolver la normalidad a las zonas afectadas por la DANA.

Este ha sido un despliegue https://t.co/WiTXoVbLKf",4820,1240,1772,191451,300,0,0,1,0.34,positive
1882419773016793395,SanchezCastejon,Pedro Sanchez,Thu Jan 23 13:27:02 +0000 2025,"El Gobierno de España es consciente de la enormidad y dureza de la tarea que queda por hacer frente a los efectos de la DANA. Estamos y estaremos a su lado el tiempo que haga falta.

Hoy he anunciado a los alcaldes y alcaldesas de los municipios afectados que el Gobierno https://t.co/fZ22HeS3Dv",2079,671,1543,109809,295,0,0,1,0.0,neutral
1882396684463788531,SanchezCastejon,Pedro Sanchez,Thu Jan 23 11:55:17 +0000 2025,"Gracias a todos los alcaldes y alcaldesas de las zonas afectadas por la Dana. 

Sabemos lo que habéis sufrido y lo que estáis sufriendo. Y que conocéis por sus nombres a los vecinos y vecinas que tanto han perdido.

Habéis estado a su lado.  Y nosotros estamos junto a vosotros. Y https://t.co/KWS1ou9tvb",3937,1073,1540,297179,304,0,0,1,0.0,neutral
1882144326559670540,SanchezCastejon,Pedro Sanchez,Wed Jan 22 19:12:30 +0000 2025,"Termino mi jornada en Davos con un encuentro con el presidente de Panamá, @JoseRaulMulino.

España apoya a Panamá como parte de la Comunidad Iberoamericana de Naciones.

Nuestra relación se rige por el compromiso con el Derecho Internacional y el respeto a los Tratados https://t.co/xjwc6qW3hW",2827,810,930,131123,293,0,1,1,0.0,neutral
1882127657480999167,SanchezCastejon,Pedro Sanchez,Wed Jan 22 18:06:16 +0000 2025,"Me he reunido en Davos con el presidente de Ucrania, @ZelenskyyUa.

Hemos conversado sobre la marcha del proceso de adhesión de Ucrania a la UE y le he reiterado el apoyo de España frente a la agresión rusa.

Nuestros principios son claros: no puede haber acuerdo sobre Ucrania https://t.co/TKwkIBurmx",1746,453,1232,280945,301,0,1,1,-0.296,negative
1882121840581370208,SanchezCastejon,Pedro Sanchez,Wed Jan 22 17:43:09 +0000 2025,"Quienes creemos en la democracia debemos actuar con rapidez y decisión frente a la amenaza de los tecno-billonarios.

Por eso, en el próximo Consejo europeo propondré:
1. Acabar con el anonimato en las redes sociales.
2. Forzar la apertura de la caja negra de los algoritmos.
3. https://t.co/rt6spiCXvX",6923,1974,4623,1459052,302,0,0,1,0.0,neutral
1882071112193872360,SanchezCastejon,Pedro Sanchez,Wed Jan 22 14:21:34 +0000 2025,"Reunión constructiva con el presidente y el CEO de @ArcelorMittal, con quienes he abordado la presencia y futuro de la compañía en España en el actual contexto geopolítico.

Seguiremos trabajando próximamente con la compañía para garantizar el futuro de las plantas de Arcelor https://t.co/PfsmjNybru",920,328,377,70081,300,0,1,1,0.0,neutral
1882050320219664781,SanchezCastejon,Pedro Sanchez,Wed Jan 22 12:58:57 +0000 2025,"España está y estará al lado de la Organización Mundial del Comercio en la defensa del sistema multilateral de comercio basado en reglas.

Así se lo he trasladado a @NOIweala, directora general de la @wto, con quien he abordado los importantes retos a los que se enfrenta el https://t.co/LPFTBOzSwY",1013,364,349,47702,298,0,2,1,0.0,neutral
1882024315039740174,SanchezCastejon,Pedro Sanchez,Wed Jan 22 11:15:37 +0000 2025,"España ha contribuido y va a seguir contribuyendo a las iniciativas de salud global. 

Necesitamos una salud más incluyente, accesible e innovadora.

Apoyaremos una gobernanza multilateral, eficaz, democrática y representativa con la Organización Mundial de la Salud, @WHO, en su https://t.co/4YdKCXyV4B",1772,643,1000,82141,303,0,1,1,0.34,positive
1882014092434481278,SanchezCastejon,Pedro Sanchez,Wed Jan 22 10:35:00 +0000 2025,"He mantenido una fructífera conversación con @ChuckRobbins, CEO de @Cisco, en la que hemos hablado sobre la situación geopolítica y el desarrollo tecnológico a nivel global. 

Le he trasladado nuestro agradecimiento por el compromiso de su compañía con España y nuestro deseo de https://t.co/wRrkFCyt2Y",930,351,428,46927,302,0,2,1,0.0,neutral
1882011352916496429,SanchezCastejon,Pedro Sanchez,Wed Jan 22 10:24:07 +0000 2025,"En Davos me he reunido con el CEO de @Mubadala, Khaldoon Al Mubarak, con quien hemos abordado los importantes proyectos que van a desarrollar en España.

El buen comportamiento de la economía española posociona nuestro país como un destino privilegiado para la inversión https://t.co/ffEr59c2d0",1135,365,544,92221,294,0,1,1,0.0,neutral
1881755461843919102,SanchezCastejon,Pedro Sanchez,Tue Jan 21 17:27:18 +0000 2025,"Profundamente consternado por el terrible incendio en un hotel de Turquía. 

Mis más sentidas condolencias a las familias de las víctimas y al pueblo turco en este momento de tristeza y dolor. 

España está con Turquía en esta tragedia.",2008,360,1399,201597,236,0,0,0,-0.4767,negative
1881397334095106429,SanchezCastejon,Pedro Sanchez,Mon Jan 20 17:44:13 +0000 2025,"Enhorabuena a @realDonaldTrump por su investidura como el 47 presidente de Estados Unidos. Esperamos trabajar con la nueva Administración de los Estados Unidos para fortalecer la relación estratégica entre nuestros países y abordar desafíos globales comunes.
#EUUS 🇪🇺🇺🇸",334,90,731,140793,269,1,1,0,0.0,neutral
1881397330936737865,SanchezCastejon,Pedro Sanchez,Mon Jan 20 17:44:13 +0000 2025,"Congratulations @realDonaldTrump on your inauguration as the 47th president of the United States. We look forward to working with the new US Administration to strengthen the strategic relationship between our countries and address common global challenges.
#EUUS 🇪🇺🇺🇸",1771,235,2671,620370,267,1,1,0,0.8519,positive
1881321033552294247,SanchezCastejon,Pedro Sanchez,Mon Jan 20 12:41:02 +0000 2025,"España no debe temer a la Inteligencia Artificial. Debe liderar su desarrollo y adopción. Porque, si la usamos bien, la IA nos permitirá tener mejores empleos, mejores servicios públicos, y combatir el cambio climático. 

Descubre cómo en #HispanIA2040

https://t.co/cmAslPRI5G https://t.co/toBNJeQkJB",1823,479,1759,1646941,301,1,0,2,-0.296,negative
1881317985043820604,SanchezCastejon,Pedro Sanchez,Mon Jan 20 12:28:55 +0000 2025,"Acabamos de publicar y hacer disponible a todos los usuarios los primeros modelos de ALIA, la familia de modelos de IA en castellano y lenguas cooficiales que estamos impulsando desde el Estado.

Y ya están en marcha los trabajos para aplicar ALIA en dos proyectos piloto: un https://t.co/9OMcd3f5B2",1869,577,764,218958,299,0,0,1,0.0,neutral
1881309008641900861,SanchezCastejon,Pedro Sanchez,Mon Jan 20 11:53:15 +0000 2025,"Quiero ser claro y escueto. Lo diré en menos de 280 caracteres: la democracia no es un euro, un voto. Ni un tuit, un voto.

Democracia es una persona, un voto.

Europa plantará cara a esta amenaza. Europa defenderá la democracia. https://t.co/mThlWIug5x",8487,2536,3795,554088,253,0,0,1,-0.296,negative
1880965983948492822,SanchezCastejon,Pedro Sanchez,Sun Jan 19 13:10:11 +0000 2025,"Nos ha tocado vivir un momento definitorio. Para Extremadura, para España y para Europa.

Hoy somos mirados por muchos progresistas fuera de España como la referencia y la inspiración.

No les defraudemos.

Seamos ganadores y ambiciosos. Y defendamos la alegría y el optimismo. https://t.co/YNyHe0PJ3G",1559,502,1212,90590,301,0,0,1,0.0516,positive
1880962735397040482,SanchezCastejon,Pedro Sanchez,Sun Jan 19 12:57:17 +0000 2025,"No ha habido en la historia democrática de este país ningún Gobierno que apueste tanto por la potencialidad industrial de Extremadura como el actual Gobierno.

Mi compromiso y convicción es mirar hacia adelante y convertir a Extremadura en la locomotora industrial de toda España. https://t.co/zkdMD8yYb4",1872,555,1714,249519,304,0,0,1,-0.2584,negative
1880959830325641371,SanchezCastejon,Pedro Sanchez,Sun Jan 19 12:45:44 +0000 2025,"España no se hunde. Somos la MEJOR ECONOMÍA del mundo.

Si apagamos el ruido, veremos que la oposición es la nada absoluta y que España va viento en popa y a toda vela.

Cuanto más se desgañite la oposición, es la señal de que lo estamos haciendo bien. https://t.co/y2D3PPRIAg",5476,1424,4441,1698147,276,0,0,1,-0.296,negative
1880653929546912165,SanchezCastejon,Pedro Sanchez,Sat Jan 18 16:30:12 +0000 2025,"Profundo dolor por la pérdida de un trabajador mientras realizaba labores de limpieza tras la DANA en Benetússer. Todo mi cariño y apoyo para su familia y seres queridos en este difícil momento.

Quiero agradecer la labor de todos los que siguen trabajando sin descanso en las",4097,789,1611,326967,276,0,0,0,-0.5574,negative
1880596357704249646,SanchezCastejon,Pedro Sanchez,Sat Jan 18 12:41:26 +0000 2025,"Impactado por las noticias del accidente en la estación de #Astún. He hablado con el presidente de Aragón @Jorge_Azcon para ofrecerle todo el apoyo del Gobierno. 

Todo nuestro afecto para los heridos y sus familias.",2541,545,1412,439488,216,1,1,0,0.0,neutral
1880595637990752286,SanchezCastejon,Pedro Sanchez,Sat Jan 18 12:38:34 +0000 2025,"Quién va a defender la VERDAD, si no somos nosotros.

Quién va a defender la DIGNIDAD de los trabajadores, de nuestros mayores, el futuro de nuestros JÓVENES, la causa FEMINISTA o ECOLOGISTA, si no somos nosotros, los socialistas.

Trabajaremos con todas nuestras fuerzas. https://t.co/UwQ6srlbdZ",3152,976,3965,337520,296,0,0,1,-0.3818,negative
1880594335680573623,SanchezCastejon,Pedro Sanchez,Sat Jan 18 12:33:24 +0000 2025,"El PSOE es un partido de ganadores. Imaginamos utopías y las hacemos realidad.

Pero para eso hay que ganar. GANAR para poder, poder para gobernar y gobernar para AVANZAR.

Vamos a echar el resto, a trabajar con todas nuestras fuerzas para tener más gobiernos socialistas. https://t.co/Oo4lVlRMjt",1751,601,1409,93329,296,0,0,1,0.0,neutral
1880590769641202112,SanchezCastejon,Pedro Sanchez,Sat Jan 18 12:19:13 +0000 2025,"En el 50 aniversario de la muerte del dictador, España es un país con una democracia plena y un desarrollo económico y social contundente, gracias a la IGUALDAD que garantizaron los Gobiernos socialistas.

La fuerza de la igualdad, de la mayoría social, es la fuerza del @PSOE. https://t.co/VlUlA9kjhX",2272,672,1407,119783,301,0,1,1,0.0,neutral
1880335937651044577,SanchezCastejon,Pedro Sanchez,Fri Jan 17 19:26:37 +0000 2025,"Ser socialista es ESTAR DEL LADO CORRECTO DE LA HISTORIA.

No podemos banalizar la muerte de 45.000 personas en Gaza, añadiendo más dolor incluso a las víctimas de la DANA, para tapar la incompetencia del presidente de Valencia y del partido que le apoya. https://t.co/TiMgDTxcXd",4896,1200,3115,367226,279,0,0,1,-0.296,negative
1880333126418796982,SanchezCastejon,Pedro Sanchez,Fri Jan 17 19:15:26 +0000 2025,"Para los socialistas, ganar significa que gane la gente, la mayoría social.

Para la derecha, implica que una minoría gane a costa de la mayoría social.

España y Asturias ganan con presidentes socialistas al frente. Llevemos a Asturias y a España a su mejor versión. https://t.co/er5c06waEf",1980,576,996,78765,291,0,0,1,0.0,neutral
1880329872037576784,SanchezCastejon,Pedro Sanchez,Fri Jan 17 19:02:30 +0000 2025,"Cuanto mejor le vaya a España, más ruido van a meter el Partido Popular y Vox.

Hoy, el FMI ha elevado las expectativas de crecimiento de España para 2025. Pero no es crecer por crecer.

Crecemos y se reparte el crecimiento económico.

Creamos empleo, con dignidad y calidad. https://t.co/wg629X4vZD",5524,1616,1549,238221,299,0,0,1,0.4588,positive
1880309583513518224,SanchezCastejon,Pedro Sanchez,Fri Jan 17 17:41:53 +0000 2025,"Tras los avances en Mercosur, hoy llegan excelentes noticias para nuestra relación con América Latina. La UE ha concluido sus negociaciones con México para un Acuerdo Global Modernizado que:

▪️Reforzará nuestra cooperación política y económica.

▪️Abrirá nuevas oportunidades",1164,411,456,72674,276,0,0,0,0.34,positive
1880263059106934838,SanchezCastejon,Pedro Sanchez,Fri Jan 17 14:37:01 +0000 2025,"Somos el motor del crecimiento de Europa y la economía desarrollada que más crece.

Trabajamos sin descanso por volver a ser la mejor economía del mundo en 2025.

¡Seguimos!",3841,1027,2181,596102,173,0,0,0,-0.5983,negative
1879970545497960866,SanchezCastejon,Pedro Sanchez,Thu Jan 16 19:14:40 +0000 2025,"Inviertan en España.

No solo en las grandes ciudades, hay grandes oportunidades en la España interior.

Inviertan en España si creen en nuestro país y nuestro modelo. Un modelo en el que todos ganamos.

Esa es la inversión en la que creemos. Esa es la inversión que queremos. https://t.co/QWPzmYHdsm",2323,679,1760,209246,300,0,0,1,-0.296,negative
1879962555755421709,SanchezCastejon,Pedro Sanchez,Thu Jan 16 18:42:55 +0000 2025,"Crecemos más y lo hacemos además reduciendo la desigualdad. 

Terminamos 2024 con un crecimiento superior al 3%, más del doble que las grandes economías de la Unión Europea.

No es fruto del azar. Es la apuesta del Gobierno por la innovación, la educación y la tecnología. https://t.co/U0ZTLQY4tX",2100,713,1398,111497,296,0,0,1,0.3182,positive
1879868243508118001,SanchezCastejon,Pedro Sanchez,Thu Jan 16 12:28:10 +0000 2025,"La historia de los últimos 50 años en España es una historia de éxito y desarrollo que es necesario celebrar y poner en valor.

Por eso 'España en libertad. 50 años', @50enLibertad, cuenta con un Comité Científico formado por hombres y mujeres de reconocido prestigio, https://t.co/jPfxVe23pK",2751,878,1604,131036,292,0,1,1,0.0,neutral
1906675875682087318,SanchezCastejon,Pedro Sanchez,Mon Mar 31 11:52:07 +0000 2025,"Vamos a endurecer los criterios de creación, reconocimiento y autorización de universidades y centros universitarios, públicos y privados.

Para que cumplan con nuestros estándares de calidad y excelencia.

Una universidad no puede ser una máquina expendedora de títulos. https://t.co/CzokmJnsR9",4388,1086,3581,666557,295,0,0,1,-0.296,negative
1906672893951410531,SanchezCastejon,Pedro Sanchez,Mon Mar 31 11:40:16 +0000 2025,"Apostamos por la gran universidad pública estatal de nuestro país.  

Ponemos en marcha un Plan de Relanzamiento de la @UNED, con 30 M€ el primer año, para convertirla, aún más, en una referencia en la enseñanza virtual pública y de calidad. https://t.co/mrzyknj8BO",2115,686,781,88929,265,0,1,1,0.0,neutral
1906647049920978970,SanchezCastejon,Pedro Sanchez,Mon Mar 31 09:57:35 +0000 2025,"Un sentido abrazo a los familiares de las víctimas mortales del accidente producido en una mina en Degaña, Asturias. Y mi deseo de una pronta recuperación a quienes han resultado heridos.

Gracias a los servicios de emergencia que están trabajando en las labores de rescate.",2342,538,410,133012,274,0,0,0,0.0,neutral
1906067193986437447,SanchezCastejon,Pedro Sanchez,Sat Mar 29 19:33:26 +0000 2025,"Mi solidaridad y la de todo el Gobierno de España con el pueblo de Tailandia y Myanmar ante la terrible tragedia provocada por el terremoto que ha sacudido la zona.

Mi cariño para todas las víctimas y familiares.",3150,535,1230,230428,213,0,0,0,-0.1779,negative
1905606413834973421,SanchezCastejon,Pedro Sanchez,Fri Mar 28 13:02:28 +0000 2025,No vamos a permitir que ningún gobierno controlado por la ultraderecha negacionista ponga en riesgo un solo euro de los fondos europeos. https://t.co/3t3gP9w4Rp,2682,825,2245,153591,160,0,0,1,-0.296,negative
1905579316278104428,SanchezCastejon,Pedro Sanchez,Fri Mar 28 11:14:47 +0000 2025,"¡Un dato magnífico!

Demuestra un acierto claro de la política económica y energética del Gobierno de España.",2024,634,886,159312,109,0,0,0,0.0,neutral
1905565846388306023,SanchezCastejon,Pedro Sanchez,Fri Mar 28 10:21:16 +0000 2025,"Hago una llamada a la Administración estadounidense a que recapacite y dialogue con la Comisión Europea.

Vuelvo a ser claro: si se nos imponen estos aranceles, responderemos con decisión.

Europa se defenderá. 

Con rapidez, con proporcionalidad y con unidad. https://t.co/V0R9MhXS71",3906,1015,2828,468025,284,0,0,1,0.296,positive
1905232843556474941,SanchezCastejon,Pedro Sanchez,Thu Mar 27 12:18:02 +0000 2025,"Crecimiento, cohesión y consolidación de cuentas.

¡Seguimos!",2197,724,968,128881,61,0,0,0,0.0,neutral
1905187635133591872,SanchezCastejon,Pedro Sanchez,Thu Mar 27 09:18:23 +0000 2025,"Volvemos a París para reafirmar nuestro apoyo inquebrantable al pueblo ucraniano.

Reconocemos cada esfuerzo para ganar la paz que Ucrania merece. Una paz que debe ser justa y duradera.

Europa formará parte de la solución. https://t.co/j2USP5fRSF",5029,776,1460,249917,247,0,0,1,0.0,neutral
1904922172629397774,SanchezCastejon,Pedro Sanchez,Wed Mar 26 15:43:32 +0000 2025,"Estoy encantado de que usted sea el jefe de la oposición, señor Feijóo. https://t.co/aobVl83VZo",5688,1463,1717,250315,95,0,0,1,0.0,neutral
1879612180573610493,SanchezCastejon,Pedro Sanchez,Wed Jan 15 19:30:40 +0000 2025,"Recibo con esperanza el acuerdo de alto el fuego alcanzado entre Israel y Hamás. Debe poner fin al conflicto, permitir hacer frente a la terrible situación humanitaria en Gaza y la liberación de todos los rehenes.

Este acuerdo es crucial para lograr la estabilidad regional.",4467,1053,1385,255809,275,0,0,0,-0.4767,negative
1879206896722235842,SanchezCastejon,Pedro Sanchez,Tue Jan 14 16:40:12 +0000 2025,"Acabo de mantener una reunión con el ministro de Asuntos Exteriores de India, @DrSJaishankar. 

Nuestros países continuarán reforzando sus lazos con la celebración en 2026 del Año Dual de la Cultura, el Turismo y la Inteligencia Artificial con motivo del 70 aniversario del https://t.co/n7wcMBBZf2",1423,420,872,67003,297,0,1,1,0.0,neutral
1879143576208048307,SanchezCastejon,Pedro Sanchez,Tue Jan 14 12:28:36 +0000 2025,"No vamos a renunciar a nuestros valores, los valores de nuestra Constitución.

España trabajará más decididamente para construir un mundo mejor y más justo, en el que cuidemos aquello que nos define: la paz, la convivencia, la solidaridad, la libertad.

Porque la España que https://t.co/ZvXhCEuDde",2341,730,2009,114663,298,0,0,1,-0.296,negative
1879122374437560708,SanchezCastejon,Pedro Sanchez,Tue Jan 14 11:04:21 +0000 2025,"Reconozcamos nuestros méritos y llenémonos de orgullo al hablar de la gran transformación de España.

Comprometidos con los derechos humanos, la justicia climática, el feminismo o la denuncia del incumplimiento del derecho internacional.

Defendamos la coherencia con valentía. https://t.co/OvcAXzV8Eg",2169,727,1490,84271,301,0,0,1,0.0,neutral
1878850057748742278,SanchezCastejon,Pedro Sanchez,Mon Jan 13 17:02:15 +0000 2025,"Hoy me he reunido con Álvaro Lario, @IFADPresident. Hemos hablado sobre los objetivos que compartimos para la Cuarta Conferencia Internacional sobre Financiación para el Desarrollo, en Sevilla, el mes de junio. 

Trabajamos para que esta Conferencia sea un éxito y avancemos en https://t.co/FQ0nLgiAmi",798,293,744,52161,301,0,1,1,0.0,neutral
1878783628773126272,SanchezCastejon,Pedro Sanchez,Mon Jan 13 12:38:17 +0000 2025,"Más viviendas, mejor regulación y mayores ayudas para el acceso a la vivienda.

Esa es la política del Gobierno de coalición progresista. Con las medidas ya aprobadas y con las 12 medidas nuevas que aplicaremos ahora. 

Nos vamos a dejar la piel en la causa de la vivienda. 

Por https://t.co/frt87gAdL4",2250,828,2261,650663,303,0,0,1,0.0,neutral
1876975235846582783,SanchezCastejon,Pedro Sanchez,Wed Jan 08 12:52:23 +0000 2025,"No hace falta ser de izquierdas, de centro o de derechas para mirar con tristeza y terror los años oscuros del franquismo. Basta con ser demócratas.

Hace 50 años, España empezó a caminar hacia la libertad.

Recordemos la historia para evitar que los errores del pasado se repitan https://t.co/ZwuhWv2TA3",8137,2163,6368,1267272,304,0,0,1,-0.6808,negative
1876262158062744056,SanchezCastejon,Pedro Sanchez,Mon Jan 06 13:38:52 +0000 2025,"Feliz Pascua Militar a nuestras Fuerzas Armadas y a todos los hombres y mujeres de @Defensagob. 

Este año, en el que continuáis trabajando para devolver la normalidad a todos los afectados por la DANA, quiero reconocer vuestro sacrificio y compromiso para garantizar nuestra https://t.co/fUabXewe66",2489,580,1966,176903,299,0,1,1,0.0,neutral
1875104983252635930,SanchezCastejon,Pedro Sanchez,Fri Jan 03 09:00:40 +0000 2025,"Frente al ruido y el fango, DATOS 👇

España consolida los 21,3 millones de afiliados, con 500.000 nuevos en 2024.

Llevamos 56 meses de subidas consecutivas.

Con mayor crecimiento entre los jóvenes, los extranjeros y las mujeres, que alcanzan un máximo histórico.

El paro",7364,2035,3698,1358461,273,0,0,0,0.0,neutral
1874940129380557056,SanchezCastejon,Pedro Sanchez,Thu Jan 02 22:05:36 +0000 2025,"Nos deja Xisco Antich, gran compañero y referente socialista. Su trabajo abrió caminos de progreso y diálogo en Baleares y toda España. Nos enseñó a gobernar sin miedo al futuro.

Su partida deja un gran vacío. Un fuerte abrazo a su familia y seres queridos. ❤️🌹",2433,579,737,153861,262,0,0,0,-0.5574,negative
1939747937031975164,SanchezCastejon,Pedro Sanchez,Mon Jun 30 18:08:41 +0000 2025,"Con el presidente @EmmanuelMacron hemos abordado desafíos comunes como la incertidumbre en el comercio global, la urgencia de la paz en Oriente Medio y el futuro de Europa.

Francia y España avanzamos juntos, con ambición, responsabilidad y valores. https://t.co/U8flHwKj4N",4972,1136,2558,357479,273,0,1,1,0.0,neutral
1939718920253919319,SanchezCastejon,Pedro Sanchez,Mon Jun 30 16:13:23 +0000 2025,"Ningún país puede hacer frente por sí solo al cambio climático, la sostenibilidad de la deuda, la creciente desigualdad o la financiación para el desarrollo.

No llegamos a ninguna parte cuando actuamos solos.

Pero podemos alcanzar cualquier objetivo cuando actuamos juntos. https://t.co/VYVlc4Pyoa",2807,787,2119,191566,299,0,0,1,-0.296,negative
1939691941781766621,SanchezCastejon,Pedro Sanchez,Mon Jun 30 14:26:11 +0000 2025,"Solo es posible el desarrollo sostenible con una participación mucho más decidida de las empresas.

España está plenamente comprometida con esta visión donde la rentabilidad económica, la sostenibilidad medioambiental y la justicia social van de la mano. https://t.co/FmoF97RsXm",1639,514,1211,109781,278,0,0,1,0.0,neutral
1939675760614084614,SanchezCastejon,Pedro Sanchez,Mon Jun 30 13:21:53 +0000 2025,"Allí donde otros dan un paso atrás o se ponen de perfil, España dará un paso adelante y se pondrá al frente. 

Nos proponemos promover una nueva arquitectura de salud en la que cada euro invertido tenga el máximo impacto. https://t.co/3fceArAMTL",3801,1006,2566,305309,245,0,0,1,0.0,neutral
1939668342823899183,SanchezCastejon,Pedro Sanchez,Mon Jun 30 12:52:24 +0000 2025,"El compromiso de Sevilla, aprobado por consenso, es un éxito notable. 

No era fácil. Pero se ha logrado. 

Un nuevo marco para movilizar más financiación, para usarla mejor, para hacerla más justa, más eficiente y más transformadora. https://t.co/j7GpYVqsWE",2493,746,1222,111825,258,0,0,1,0.0516,positive
1939607076868694047,SanchezCastejon,Pedro Sanchez,Mon Jun 30 08:48:57 +0000 2025,"Sevilla nos ofrece una oportunidad para corregir el rumbo. Para alzar la voz.

Aprovechémosla. Trabajemos juntos.

Porque no hay un norte y un sur. Solo hay una humanidad que necesita soluciones compartidas a desafíos comunes. https://t.co/43HLM5ICiR",3571,996,1927,256385,250,0,0,1,-0.296,negative
1939576801153454250,SanchezCastejon,Pedro Sanchez,Mon Jun 30 06:48:39 +0000 2025,"Querido @antonioguterres, por fin ha llegado el día. Arranca la Conferencia de Sevilla en la que tanto hemos trabajado. Esta semana será un hito para el multilateralismo. https://t.co/qglkyxcEjT",4021,900,1161,171079,194,0,1,1,0.34,positive
1939390792893665638,SanchezCastejon,Pedro Sanchez,Sun Jun 29 18:29:31 +0000 2025,"He agradecido al presidente del @BancoMundial, Ajay Banga, su compromiso con la Conferencia de Sevilla #FFD4 y el apoyo a las iniciativas de alivio a la deuda.

Hemos tratado la importancia del multilateralismo, de la creación de empleo local y su relación con las migraciones. https://t.co/YSWmz2LWT4",2158,604,692,102474,301,1,1,1,0.0,neutral
1939350776377233430,SanchezCastejon,Pedro Sanchez,Sun Jun 29 15:50:31 +0000 2025,"La Conferencia de Sevilla es la oportunidad de mostrar que seguimos luchando por un mundo mejor. Para las personas, para el planeta y para el futuro.

Juntos, podemos reforzar la confianza en el sistema multilateral y sus instituciones.

#GlobalCitizenNOW https://t.co/QkUm83bdPj",3645,974,1537,168457,279,1,0,1,0.0,neutral
1939334167101157648,SanchezCastejon,Pedro Sanchez,Sun Jun 29 14:44:31 +0000 2025,"Recién llegado a Sevilla para participar en la #FFD4, me he reunido con @JoseRaulMulino, presidente de Panamá.

Hemos reafirmado nuestro compromiso con el multilateralismo y nuestro deseo de seguir profundizando nuestras relaciones bilaterales. https://t.co/ajcwm3qLCB",2433,553,937,136181,268,1,1,1,0.0,neutral
1938852605536440725,SanchezCastejon,Pedro Sanchez,Sat Jun 28 06:50:57 +0000 2025,"Hoy celebramos que somos una sociedad más justa, diversa e igualitaria.

Hace 20 años que España aprobó el matrimonio igualitario y no vamos a dar ni un paso atrás.

Con orgullo, memoria y agradecimiento a quienes lo hicieron posible. 

#Orgullo2025 🏳️‍🌈 https://t.co/vivWxGEqDi",14791,2994,1996,435757,278,1,0,1,-0.296,negative
1938561845226254619,SanchezCastejon,Pedro Sanchez,Fri Jun 27 11:35:35 +0000 2025,"Tu gestión, tu compromiso y tu trabajo te avalan, Carlos. 

Sería un honor y un orgullo para nuestro país y nuestro Gobierno que presidieras el Eurogrupo, que debe jugar un papel aún más fuerte en estos momentos. 

Por una Europa más próspera, unida y sostenible.",9068,1979,1637,593439,263,0,0,0,0.4939,positive
1938366956463088106,SanchezCastejon,Pedro Sanchez,Thu Jun 26 22:41:10 +0000 2025,"Hemos condenado los atentados de Hamás y hemos exigido la liberación de los rehenes desde el primer día.

Pero, con la misma determinación, tenemos que decirle al gobierno del primer ministro Netanyahu: basta ya.

Tenemos la obligación moral de salvar vidas en Gaza y Cisjordania. https://t.co/gB2UbH9sYT",16251,3715,2010,468116,304,0,0,1,0.0,neutral
1938359585464516937,SanchezCastejon,Pedro Sanchez,Thu Jun 26 22:11:52 +0000 2025,"Ser europeísta es, ante todo, defender lo que es justo.

Es cumplir con nuestras obligaciones en la OTAN, pero también con la vacunación infantil en países en desarrollo. 

Ser europeísta y atlantista es mandar tropas a países del Este, sin recortar pensiones en España. https://t.co/Po1icVLjnI",4896,1185,1398,183608,294,0,0,1,-0.4939,negative
1938178790951211150,SanchezCastejon,Pedro Sanchez,Thu Jun 26 10:13:28 +0000 2025,"Ante la violación constante de derechos humanos de Israel, Europa debe actuar.

Hoy defenderé en Bruselas que Europa suspenda inmediatamente el Acuerdo de Asociación con Israel. https://t.co/iYLaAkS9Ag",21098,4667,2980,665900,201,0,0,1,0.0,neutral
1938168573886661086,SanchezCastejon,Pedro Sanchez,Thu Jun 26 09:32:52 +0000 2025,"En las últimas 48h, cinco mujeres y un niño han sido asesinados, víctimas de la violencia machista.

Vivimos una emergencia nacional y debemos actuar frente a ella.

Todo el compromiso del Gobierno y del conjunto de la sociedad española para extirpar esta violencia estructural. https://t.co/7896LACEg2",4711,1141,1491,165562,302,0,0,1,0.0,neutral
1937954496724033974,SanchezCastejon,Pedro Sanchez,Wed Jun 25 19:22:12 +0000 2025,"Profundamente consternado por el asesinato de una mujer y su hijo en Algemesí.

La violencia vicaria es la cara más vil del machismo. No podemos tolerarlo.

Pido la máxima unidad de toda la sociedad para parar este horror.

Mi cariño y mi pésame a la familia de las víctimas.",3287,562,1116,355947,275,0,0,0,-0.7096,negative
1937934193477943771,SanchezCastejon,Pedro Sanchez,Wed Jun 25 18:01:31 +0000 2025,"Nuestro compromiso con el sistema multilateral y el sistema global de salud es absoluto.

España está dispuesta a dar un paso al frente.

Vamos a aumentar nuestra contribución a @gavi aún más: un 30% más que en el periodo anterior, hasta los 130 M€ para el periodo 2026-2030. https://t.co/gqXFQ9IATa",4115,978,1360,351586,299,0,1,1,0.0,neutral
1937871244994437587,SanchezCastejon,Pedro Sanchez,Wed Jun 25 13:51:23 +0000 2025,"España está firmemente comprometida con los objetivos de capacidad y los cumplirá en tiempo y forma. 

Hoy, alcanzamos un acuerdo satisfactorio para todos y que defiende el multilateralismo.

Nuestro país seguirá siendo una pieza clave de la arquitectura de la seguridad europea. https://t.co/gMChPm32XO",5121,1146,1998,298364,303,0,0,1,0.0,neutral
1937805487665226098,SanchezCastejon,Pedro Sanchez,Wed Jun 25 09:30:05 +0000 2025,"España es y seguirá siendo un actor clave de la arquitectura de defensa europea y transatlántica. 

Ese es nuestro compromiso y así lo trasladaré hoy en la Cumbre de la OTAN. https://t.co/MnfAaDMQ0d",4161,896,2115,309414,198,0,0,1,0.0,neutral
1937528764545876274,SanchezCastejon,Pedro Sanchez,Tue Jun 24 15:10:29 +0000 2025,"Todo mi cariño para la familia y amigos de la mujer asesinada por violencia de género en Madrid.

Solo juntos, como sociedad, podemos poner freno a esta violencia estructural contra las mujeres.

No descansaremos hasta conseguirlo. #NiUnaMás.",3290,591,1522,431119,242,1,0,0,-0.296,negative
1937125549916229666,SanchezCastejon,Pedro Sanchez,Mon Jun 23 12:28:15 +0000 2025,"Este Orgullo reivindicamos todo lo que nos queda por conquistar, pero también lo que hacemos por los que no pueden alzar la voz en sus países.

España es vuestra casa.

Aquí no se retrocede. Se avanza.

Aquí se vive con orgullo. Orgullo de país y orgullo de su gente. https://t.co/LB0z03v6vK",4911,1272,2452,259671,291,0,0,1,-0.5267,negative
1937122566591721778,SanchezCastejon,Pedro Sanchez,Mon Jun 23 12:16:24 +0000 2025,"Hoy celebramos 20 años de la legalización del matrimonio igualitario.

Ese día España se convirtió en un país más libre, más justo.

Ganó la libertad de decir “sí, quiero”. De ser libre para no pedir perdón por quien uno es, ni permiso para hacer lo que uno quiera.

Con orgullo. https://t.co/LjkYuV5yza",13069,2353,1656,662344,303,0,0,1,-0.296,negative
1936860509829271639,SanchezCastejon,Pedro Sanchez,Sun Jun 22 18:55:05 +0000 2025,"@NunezFeijoo Toma, Alberto.

Que alguien te la traduzca. A ver si eso aclara tus dudas. https://t.co/Dg5D9nrl2t",34483,6400,6397,10569794,111,0,1,1,0.0,neutral
1936832952408678618,SanchezCastejon,Pedro Sanchez,Sun Jun 22 17:05:35 +0000 2025,"España ha logrado un acuerdo histórico con la OTAN que le permitirá seguir siendo un miembro clave de la Alianza y contribuir de forma proporcional a sus capacidades, sin tener que aumentar su gasto en defensa, ni alcanzar el 5% del PIB.

Tenemos que proteger Europa. Pero también https://t.co/jYc2Ilneaw",11013,2488,5128,2299576,304,0,0,1,-0.296,negative
1936755188838039734,SanchezCastejon,Pedro Sanchez,Sun Jun 22 11:56:34 +0000 2025,"Oriente Medio está al borde del abismo. Es urgente hacer un llamamiento a la contención y a la desescalada, a la diplomacia y al diálogo. Lamentamos la pérdida de vidas civiles en este conflicto. 

Irán no debe acceder nunca al arma nuclear, pero la estabilidad en la región solo",12247,2011,5470,1546593,279,0,0,0,-0.296,negative
1936691700724113753,SanchezCastejon,Pedro Sanchez,Sun Jun 22 07:44:18 +0000 2025,"Siempre igual: estrategia de deslegitimar los resultados electorales y, por ende, al Gobierno de España.

Solo les vale la democracia si son ellos los que gobiernan. https://t.co/i0peKH0oJe",17215,4014,7563,1473162,189,0,0,1,0.0,neutral
1935999771178942787,SanchezCastejon,Pedro Sanchez,Fri Jun 20 09:54:49 +0000 2025,"Se confirma un nuevo crimen machista, el segundo en esta semana.

Nuestra sociedad no puede permitir este drama. Unidad y firmeza para frenar esta violencia estructural.

Todo mi cariño para las familias de las mujeres asesinadas en A Coruña y Fuengirola.
#NiunaMás",3668,785,4038,841408,265,1,0,0,-0.296,negative
1935269821542809673,SanchezCastejon,Pedro Sanchez,Wed Jun 18 09:34:15 +0000 2025,"Sentimos un enorme respeto por los ciudadanos, por ello NO vamos a entregar el Gobierno a la oposición más inútil, tóxica y divisiva de nuestra historia.

Lamento lo sucedido hoy en el Congreso. Este no es el camino.

Pido respeto y altura política. https://t.co/PQi7CSwslZ",13635,2782,12053,1830078,273,0,0,1,-0.6289,negative
1934896379911897473,SanchezCastejon,Pedro Sanchez,Tue Jun 17 08:50:20 +0000 2025,"Ha fallecido Manuel Hermoso, expresidente de Canarias, figura clave del municipalismo y del desarrollo autonómico en nuestro país.

Fue decisivo en los acuerdos para consolidar el Régimen Económico y Fiscal de Canarias.

Mi reconocimiento a su trayectoria y todo mi cariño a su",2696,431,1238,266667,277,0,0,0,0.34,positive
1934884907395784952,SanchezCastejon,Pedro Sanchez,Tue Jun 17 08:04:45 +0000 2025,"Compartimos la decepción e indignación.

Pero vinimos a mejorar la vida de la gente y vamos a seguir adelante. Con la misma ilusión y ganas que el primer día.

Contad conmigo. Cuento con vosotros.

Mi carta a la militancia:
https://t.co/sCpGL7adK5 https://t.co/sLOSXOPGNQ",8872,2071,10637,2619225,271,0,0,2,0.0,neutral
1934644492566729186,SanchezCastejon,Pedro Sanchez,Mon Jun 16 16:09:25 +0000 2025,"No vamos a permitir que la posible corrupción de unos pocos ponga en peligro el buen rumbo de España.

No vamos a permitir que eche por tierra la integridad de una de las Administraciones públicas más limpias de la historia de nuestro país.

No vamos a permitir que tumbe al mayor https://t.co/7KewUCLfv8",6456,1542,6998,927637,304,0,0,1,-0.6808,negative
1934641794530091240,SanchezCastejon,Pedro Sanchez,Mon Jun 16 15:58:42 +0000 2025,"Debemos y vamos a continuar.

Si el Sr. Feijóo y el Sr. Abascal están tan convencidos de que el Gobierno ha perdido la mayoría parlamentaria, lo que tienen que hacer es presentar una moción de censura.

Que le digan a la ciudadanía qué modelo de país quieren para España. https://t.co/2G5uIsyjlw",9589,2017,4599,947526,295,0,0,1,0.34,positive
1933930074522206274,SanchezCastejon,Pedro Sanchez,Sat Jun 14 16:50:35 +0000 2025,"Conmocionado por la noticia. 

Frente al odio y la violencia, democracia.

https://t.co/R7ankQALGC",6302,1343,5017,849346,98,0,0,1,0.0,neutral
1933197594726978009,SanchezCastejon,Pedro Sanchez,Thu Jun 12 16:19:58 +0000 2025,"Pido disculpas a toda la ciudadanía, a los militantes y simpatizantes del PSOE.

No existe la corrupción cero. Pero sí debe existir la tolerancia cero cuando esta se produce.

Seguiré trabajando por lo que siempre he defendido: la política limpia y la regeneración democrática. https://t.co/ynZGk2ftGs",22606,3477,18673,4241079,301,0,0,1,-0.296,negative
1933050391085695264,SanchezCastejon,Pedro Sanchez,Thu Jun 12 06:35:02 +0000 2025,"Hace 40 años, España firmó su abrazo a Europa.

Libertad, igualdad, democracia.

Hoy reafirmamos ese compromiso: una Europa unida, fuerte y fiel a sus valores, faro y hogar de nuestro bienestar.

#EspañaEnEuropa https://t.co/rAeD3uDiq6",4893,1103,4940,921607,235,1,0,1,0.0,neutral
1932835621850005571,SanchezCastejon,Pedro Sanchez,Wed Jun 11 16:21:37 +0000 2025,"Acabo de mantener una llamada con León XIV, @Pontifex_es, para hablar de los retos a los que se enfrenta la comunidad internacional.

España y el Vaticano seguirán trabajando en la defensa de los derechos humanos, en la lucha contra el cambio climático y contra las desigualdades.",4737,838,2690,534352,280,0,1,0,0.0,neutral
1932823099705008402,SanchezCastejon,Pedro Sanchez,Wed Jun 11 15:31:51 +0000 2025,"Hoy es un gran día para el Campo de Gibraltar.

Después de tres siglos sin avances, la UE, Reino Unido y España cerramos un acuerdo global en beneficio de los ciudadanos y de nuestra relación bilateral con el Reino Unido.

Todo sin renunciar a las reclamaciones españolas sobre el",4673,1193,1772,918491,280,0,0,0,-0.802,negative
1932744258303250492,SanchezCastejon,Pedro Sanchez,Wed Jun 11 10:18:34 +0000 2025,"Me he reunido con el vicepresidente Han Zheng, con quien he abordado los desafíos económicos y globales más urgentes. 

España y China seguiremos trabajando en una agenda positiva basada en el respeto y la confianza mutua. https://t.co/c4FtZvmPEX",5001,1011,1125,179666,246,0,0,1,0.0,neutral
1932712829657784424,SanchezCastejon,Pedro Sanchez,Wed Jun 11 08:13:41 +0000 2025,"Habla de corrupción, de falta de democracia y de desgobierno.

Señor Feijóo, lo que usted hace tiene un nombre en psicología: acción en espejo y es reprocharle al contrario lo que uno hace y el otro no.
 
Usted lo que se está haciendo es un selfie. https://t.co/GV8RTmsS6L",3875,1201,2343,231971,272,0,0,1,0.0,neutral
1932709109184254418,SanchezCastejon,Pedro Sanchez,Wed Jun 11 07:58:54 +0000 2025,"España se merece un presidente del Gobierno que gobierne, no uno que se pase 4 años enfurruñado por no serlo, señor Feijóo.

Nuestra cuenta de resultados del Gobierno progresista es el mejor aval para seguir gobernando dos años más y los que quieran los españoles. https://t.co/luOko8EsZB",8517,2125,4043,422816,288,0,0,1,-0.5267,negative
1932528478642929862,SanchezCastejon,Pedro Sanchez,Tue Jun 10 20:01:08 +0000 2025,"Irrepetible. Hizo de la discreción un oficio y de la eficacia una actitud. Con una lealtad a la altura de su compromiso, José Enrique hizo escuela.

Siempre te echaremos de menos.

Gracias por tu trabajo al servicio de los demás.",1891,494,512,129039,229,0,0,0,0.0,neutral
1932481144336925086,SanchezCastejon,Pedro Sanchez,Tue Jun 10 16:53:03 +0000 2025,"Ha sido un honor recibir en La Moncloa a Fernando Arrabal, uno de nuestros dramaturgos más universales e historia viva de nuestro país.

Gracias, maestro, por recordarnos siempre que el juego nos hace libres y que los fanatismos que más debemos temer son aquellos que pueden https://t.co/I7DfYsTCu2",6440,1252,930,648771,298,0,0,1,0.6808,positive
1932421427312951678,SanchezCastejon,Pedro Sanchez,Tue Jun 10 12:55:45 +0000 2025,"Profundamente consternado por el tiroteo en una escuela en Graz.

Las escuelas deben ser espacios de paz, esperanza y futuro, nunca de violencia.

Nuestra solidaridad con las víctimas, sus familias y el pueblo austriaco en este momento doloroso.",3834,604,1216,280803,245,0,0,0,0.0,neutral
1932410685884948736,SanchezCastejon,Pedro Sanchez,Tue Jun 10 12:13:04 +0000 2025,"La cultura es entretenimiento pero también educación. Nos enseña a mirar el mundo con nuevos ojos y a comprender realidades distintas.

La cultura es sobre todo libertad.

Gracias a los que hacéis posible la magia del audiovisual y felicidades a @NetflixES por estos 10 años. https://t.co/zgXJR1W5c8",2606,708,1603,217791,299,0,1,1,0.0,neutral
1932130960340082943,SanchezCastejon,Pedro Sanchez,Mon Jun 09 17:41:32 +0000 2025,"Todo mi cariño a la familia y amigos de la mujer asesinada en Málaga. 

No nos vamos a callar ante la barbarie del terrorismo machista. Basta ya. 

Contra la #ViolenciaDeGénero, ni un paso atrás.

#NiUnaMenos",2496,482,1092,235946,208,2,0,0,-0.296,negative
1932096195876303060,SanchezCastejon,Pedro Sanchez,Mon Jun 09 15:23:24 +0000 2025,"España está haciendo su parte.

Tramitaremos la creación de nuevas áreas protegidas en nuestro litoral, alcanzando el 25,7% de protección de nuestro mar.

Además, realizaremos una nueva contribución de 8,5 millones de euros al Fondo Azul de Cooperación para el Mediterráneo. https://t.co/xSHxm6r5Pt",2397,672,1220,87805,298,0,0,1,0.0,neutral
1932074497798001085,SanchezCastejon,Pedro Sanchez,Mon Jun 09 13:57:11 +0000 2025,"Celebramos el Pacto Europeo de los Océanos adoptado por la Comisión.

Nuestros océanos y mares son fuente de vida, riqueza e identidad. Son una parte intrínseca de lo que somos.

El compromiso de España con la protección marina es ambicioso e inquebrantable.
#SaveOurOcean https://t.co/bCHqIhy0Ma",1665,517,943,82335,296,1,0,1,0.0,neutral
1932011864235426272,SanchezCastejon,Pedro Sanchez,Mon Jun 09 09:48:18 +0000 2025,"Hoy celebramos el #DíadeLaRioja, tierra de historia y corazón.

Una región de oportunidades, de raíces profundas y mirada abierta y acogedora.

Felicidades a todos los riojanos y riojanas que con su esfuerzo y compromiso construyen un futuro próspero y solidario. https://t.co/A9Ls0f7249",915,208,585,93517,287,1,0,1,0.0,neutral
1931974161645080703,SanchezCastejon,Pedro Sanchez,Mon Jun 09 07:18:29 +0000 2025,"Ya en Niza, para participar en la Tercera Conferencia de los Océanos de Naciones Unidas. 

Para proteger nuestros océanos y avanzar hacia una economía azul sostenible, España defiende el impulso de una acción urgente y basada en la ciencia.

#SaveOurOcean https://t.co/K1IEm9yBV7",3744,827,1551,212403,279,1,0,1,0.0,neutral
1931967902929793309,SanchezCastejon,Pedro Sanchez,Mon Jun 09 06:53:36 +0000 2025,"Felicidades a todos los murcianos y murcianas en el #DíadelaRegióndeMurcia.

Una oportunidad para celebrar la riqueza histórica y patrimonial de una tierra acogedora que contribuye decisivamente al bienestar y progreso de toda España. https://t.co/8vvwof8MYO",1574,245,611,147530,258,1,0,1,0.0,neutral
1931789476449411160,SanchezCastejon,Pedro Sanchez,Sun Jun 08 19:04:36 +0000 2025,"No hay palabras para definir lo que ha hecho Carlos Alcaraz.

Histórico. 

Gracias por hacer vibrar a todo un país, @carlosalcaraz.

#RolandGarros2025",20295,1422,2807,4190909,150,1,1,0,0.0516,positive
1931432501060174315,SanchezCastejon,Pedro Sanchez,Sat Jun 07 19:26:07 +0000 2025,"El @FCBfemeni se lleva la #CopaDeLaReina y le pone el broche de oro a una temporada impresionante.

Enhorabuena por el triplete, sois un equipo de leyenda.

¡Felicidades a toda la afición blaugrana!",7418,634,872,515171,198,1,1,0,0.0,neutral
1931252869539250451,SanchezCastejon,Pedro Sanchez,Sat Jun 07 07:32:19 +0000 2025,"Feliz Día de las Fuerzas Armadas a todos los hombres y mujeres que dedican su vida al servicio de España.

Vuestra misión es esencial para construir un país, un mundo, más seguro y estable. 

Sois el orgullo de todos. Gracias por vuestra entrega y valentía.

#DIFAS2025 https://t.co/qKvZyrBsaY",2408,595,1643,214965,293,1,0,1,0.0,neutral
1930917865982431296,SanchezCastejon,Pedro Sanchez,Fri Jun 06 09:21:08 +0000 2025,"El Gobierno llega a esta Conferencia de Presidentes con voluntad de diálogo y soluciones.

Queremos triplicar la financiación y blindar el parque de vivienda pública.

Gobernar es escuchar, proponer y construir soluciones reales. https://t.co/3TjxtZSCtP",3875,1060,2201,274633,253,0,0,1,0.0,neutral
1930704851526152326,SanchezCastejon,Pedro Sanchez,Thu Jun 05 19:14:42 +0000 2025,"Cubelles representa hoy nuestro firme compromiso con la vivienda. Invito a todas las CCAA a sumarse a un Acuerdo Estatal con tres ejes prioritarios:

- Triplicar la inversión en vivienda
- Blindar el parque público
- Generar un sistema de datos públicos fiables",1603,590,1137,216454,261,0,0,0,0.0,neutral
1930670105739903206,SanchezCastejon,Pedro Sanchez,Thu Jun 05 16:56:37 +0000 2025,"Once medallas. El equipo español de natación artística ha hecho historia en el Europeo que acaba de terminar en Funchal.

El #TeamEspaña nos hace sentir un inmenso orgullo. ¡Enhorabuena!",5102,910,863,318966,186,1,0,0,0.4003,positive
1930590333622001937,SanchezCastejon,Pedro Sanchez,Thu Jun 05 11:39:38 +0000 2025,"España y Jordania fortalecen hoy sus lazos con una Asociación Estratégica basada en valores compartidos y una visión común de paz y prosperidad.

Un honor recibir de nuevo en Madrid a S.M. el Rey Abdalá II. https://t.co/LDeDa1NYXW",2484,580,839,188711,230,0,0,1,0.4939,positive
1930573906441605247,SanchezCastejon,Pedro Sanchez,Thu Jun 05 10:34:22 +0000 2025,"Jorge, tú tampoco viajas en Falcon porque no quieres...",42616,4822,5856,5921614,55,0,0,0,-0.296,negative
1930523021241897307,SanchezCastejon,Pedro Sanchez,Thu Jun 05 07:12:10 +0000 2025,"Abordar la crisis climática nos exige mirada larga.

Cada avance cuenta. Cada medida de sostenibilidad, cada ley que limita los plásticos o protege ecosistemas, es un compromiso con el futuro.

Construyamos, hoy, nuestro legado del ""buen antepasado"". #DíaMundialdelMedioambiente https://t.co/0uInldshdA",2050,654,1596,215650,302,1,0,1,-0.6249,negative
1930234962164220378,SanchezCastejon,Pedro Sanchez,Wed Jun 04 12:07:31 +0000 2025,"Invito a todos los presidentes autonómicos a debatir sobre un nuevo Acuerdo Estatal para la Vivienda en la próxima Conferencia de Presidentes de Barcelona.

Tripliquemos la financiación y blindemos la vivienda pública de por vida.
https://t.co/zEM9pSd6q8",4670,1153,3404,629343,254,0,0,1,0.0,neutral
1929930765803864300,SanchezCastejon,Pedro Sanchez,Tue Jun 03 15:58:45 +0000 2025,"Ha sido un placer compartir este #DíaDeLaBicicleta con asociaciones, deportistas profesionales y amantes del ciclismo.

Apostar por la bici es apostar por salud y sostenibilidad, por un modelo de ciudad más humano, por un futuro más limpio y solidario.

¡Gracias a todos y todas! https://t.co/ap23y1d7rz",3224,806,1916,232349,303,1,0,1,0.4003,positive
1929816614427349447,SanchezCastejon,Pedro Sanchez,Tue Jun 03 08:25:09 +0000 2025,"Mayo registra un nuevo récord en afiliación y el paro baja de los 2,5 millones por primera vez en 17 años.

Nunca ha habido tantas mujeres trabajando y el número de jóvenes en paro y la temporalidad alcanzan mínimos históricos.

Nuestras políticas económicas funcionan.

Seguimos.",4680,1386,1505,306090,280,0,0,0,0.34,positive
1929779298526720302,SanchezCastejon,Pedro Sanchez,Tue Jun 03 05:56:52 +0000 2025,"Mucha suerte a quienes empezáis la PAU.

Son días intensos, de nervios y de sueños.

Es un último esfuerzo. Disfrutad de la experiencia. Es el primer paso de un futuro que está por escribirse.

¡Mucho ánimo y a por ello!",11949,973,2337,1373666,220,0,0,0,0.0,neutral
1929501165949014128,SanchezCastejon,Pedro Sanchez,Mon Jun 02 11:31:41 +0000 2025,"Inauguramos el Hospital Universitario de Melilla y saldamos una deuda histórica con todos los melillenses.

En la España de hoy, los compromisos se cumplen.  

Así se cuida y se protege nuestro modelo de sanidad pública, gratuita y universal. https://t.co/SVTTUeQkl7",2543,680,1426,99227,266,0,0,1,0.0,neutral
1929497941724614974,SanchezCastejon,Pedro Sanchez,Mon Jun 02 11:18:52 +0000 2025,"El 1 de junio de 2018 marca un antes y un después en la apuesta por reforzar el Estado del bienestar tras años de recortes.

En estos siete años, España no ha dejado de avanzar.

Es bueno mirar atrás para tomar conciencia de todo lo hecho. Pero, sobre todo, para tomar impulso. https://t.co/YqcEVfYJP7",3209,995,1903,127486,301,0,0,1,-0.2584,negative
1929084771654607356,SanchezCastejon,Pedro Sanchez,Sun Jun 01 07:57:04 +0000 2025,"Hoy se cumplen 7 años de gobiernos progresistas. 7 años de avances en todos los ámbitos: crecimiento y creación de empleo, regeneración democrática y proyección internacional, compromiso medioambiental y avances sociales.

Los datos nos avalan. Continuamos con la misma ilusión y",10647,2497,5873,2056271,279,0,0,0,0.0,neutral
1928709147417026613,SanchezCastejon,Pedro Sanchez,Sat May 31 07:04:29 +0000 2025,"Castilla-La Mancha es símbolo universal de sueños, valentía y justicia social.

Gracias a quienes con vuestro trabajo y compromiso diario hacéis posible una región que avanza sobre su gran historia hacia un futuro más solidario y próspero.

¡Feliz #DíadeCastillaLaMancha! https://t.co/JWZEhWULSl",1106,276,917,83235,295,1,0,1,0.0,neutral
1928375336510570734,SanchezCastejon,Pedro Sanchez,Fri May 30 08:58:02 +0000 2025,"No hay palabras que puedan acompañar en este dolor.

La violencia vicaria es la violencia más cruel ejercida con el único objetivo de destrozar la vida de una mujer para siempre.

Todo mi cariño para esa madre que ha visto como asesinaban a su hija en Bilbao y a toda su familia.",7021,1161,1671,389900,279,0,0,0,-0.5574,negative
1928351769475555457,SanchezCastejon,Pedro Sanchez,Fri May 30 07:24:23 +0000 2025,"La inflación se modera en mayo y se sitúa por debajo del nivel de referencia del 2%. Aunamos crecimiento y contención de precios, pese a la incertidumbre internacional.

Frente a los del NO a todo, España avanza y el Gobierno funciona.

Seguimos adelante.
https://t.co/Dr4VYm6Qmx",4981,1361,2682,362271,279,0,0,1,-0.4466,negative
1928342753554882689,SanchezCastejon,Pedro Sanchez,Fri May 30 06:48:33 +0000 2025,"Canarias es mar y horizonte, diversidad y raíz.

Una tierra que acoge, que cuida todo aquello que la hace única y que avanza con la fuerza de su gente.

Con desafíos por delante, pero también con un futuro lleno de oportunidades.

¡Feliz #DíaDeCanarias! https://t.co/rTU2G0jDGC",1940,415,1071,169080,277,1,0,1,0.0,neutral
1928057969041887640,SanchezCastejon,Pedro Sanchez,Thu May 29 11:56:56 +0000 2025,"Un placer recibir hoy a mi amigo, el PM Robert Golob, con quien hace un año, España tomó la decisión de reconocer al Estado de Palestina. 

Eslovenia es un socio estratégico, con el que trabajamos en la UE para contar con un presupuesto a la altura de nuestra ambición. https://t.co/Kux3kmbPGD",3877,854,1308,149596,293,0,0,1,0.0,neutral
1928028039633670415,SanchezCastejon,Pedro Sanchez,Thu May 29 09:58:00 +0000 2025,"El Ingreso Mínimo Vital es mucho más que una ayuda económica.

Es un faro de esperanza para romper el círculo de la exclusión social. 

Es una política vital para los que la necesitan ahora, pero que nos protege e interpela a todos y que cambia a mejor la vida de mucha gente. https://t.co/7rIfF5TS3G",2808,830,2053,173141,300,0,0,1,0.5267,positive
1928024798413607026,SanchezCastejon,Pedro Sanchez,Thu May 29 09:45:07 +0000 2025,"Actuamos para garantizar el derecho a una vivienda digna para las familias muy desfavorecidas.

La sociedad tuTECHO destinará 5 M€ para ofrecer vivienda digna a más de 2.000 beneficiarios y combatir el sinhogarismo en España. https://t.co/LCASw1JCsW",1709,561,1984,157288,249,0,0,1,0.0,neutral
1928001754123153467,SanchezCastejon,Pedro Sanchez,Thu May 29 08:13:33 +0000 2025,"Hoy nos deja el exministro Juan Manuel Eguiagaray.

Fue un político solvente, serio y conciliador. 

Un hombre de Estado que dedicó su vida al servicio público y uno de los artífices de la España plural y diversa que hoy disfrutamos.

Un cariñoso abrazo a su familia y amigos.",1539,322,872,128026,276,0,0,0,0.0,neutral
1927714692752977994,SanchezCastejon,Pedro Sanchez,Wed May 28 13:12:52 +0000 2025,"Un placer reunirme con mi compañera y amiga @Teresaribera para seguir impulsando la agenda verde europea.

Tecnologías limpias, descarbonización y reindustrialización serán claves para la seguridad y el futuro económico de la UE.

Europa debe llegar fuerte a la COP30. https://t.co/Xk0HI0PwFC",2504,654,1733,132429,292,0,1,1,0.0,neutral
1927694975841562992,SanchezCastejon,Pedro Sanchez,Wed May 28 11:54:31 +0000 2025,"El drama vivido en El Hierro debería conmovernos a todos. Vidas perdidas en un intento desesperado de encontrar un futuro mejor.

Debemos estar a la altura. Es una cuestión de humanidad.

Mi solidaridad y cariño para las víctimas y sus familias y todo mi apoyo a quienes trabajan",5992,1187,2425,540254,279,0,0,0,0.0,neutral
1927680322004472151,SanchezCastejon,Pedro Sanchez,Wed May 28 10:56:17 +0000 2025,"Acabo de mantener una fructífera reunión de trabajo con @vonderleyen. Hemos hablado de la guerra comercial, de la necesidad de aumentar las interconexiones eléctricas entre la Península Ibérica y el resto Europa y de la importancia de desplegar una política de vivienda ambiciosa https://t.co/QYCHKlugQl",3932,1007,1729,328294,303,0,1,1,0.0,neutral
1927620897059344855,SanchezCastejon,Pedro Sanchez,Wed May 28 07:00:09 +0000 2025,"Un año después de reconocer a Palestina como Estado, el dolor en Gaza es insoportable.

España seguirá alzando la voz, con más fuerza que nunca, para terminar con la masacre de la que el mundo es hoy testigo.",23696,4223,3278,970391,208,0,0,0,0.0,neutral
1927406760500891942,SanchezCastejon,Pedro Sanchez,Tue May 27 16:49:15 +0000 2025,"Un sentido abrazo a la familia y seres queridos de la mujer asesinada en Cáceres.

Seguiremos trabajando por cada víctima de esta violencia estructural. Por todas las mujeres, sus derechos y su libertad.

Solo desde la unidad erradicaremos la #ViolenciaDeGénero.

#NiUnaMenos",1686,456,774,125141,275,2,0,0,0.0,neutral
1927301269523243126,SanchezCastejon,Pedro Sanchez,Tue May 27 09:50:04 +0000 2025,"¡Qué alegría tenerte de nuevo en el Consejo de Ministros, querido @avtorresp!

Tu energía es contagiosa. Seguimos con fuerza e ilusión. https://t.co/URjXva3GkG",3043,656,1087,224666,159,0,1,1,0.0,neutral
1926968606429946290,SanchezCastejon,Pedro Sanchez,Mon May 26 11:48:11 +0000 2025,"Ponemos en marcha una ayuda directa de 100€ para que los menores de 16 años con problemas de visión puedan adquirir gafas o lentillas.

Que un niño pueda ver bien la pizarra de su colegio NO puede depender del bolsillo de su familia.

Equidad en salud y mismas oportunidades. https://t.co/HwJ13gfbLI",4965,1243,2829,570951,299,0,0,1,-0.4466,negative
1926206746617430108,SanchezCastejon,Pedro Sanchez,Sat May 24 09:20:50 +0000 2025,"Los valores e ideales socialistas son aquellos en los que la gente puede depositar sus esperanzas.

Por eso debemos estar preparados.

Redoblemos nuestros esfuerzos, compañeros y compañeras de la @Soc_Intl. Renovemos nuestro entusiasmo.

Luchemos. Seamos fuertes. https://t.co/Whkp8hkvWl",4333,1106,2753,238717,287,0,1,1,0.0,neutral
1926201027566375213,SanchezCastejon,Pedro Sanchez,Sat May 24 08:58:06 +0000 2025,"La situación actual en Gaza es inaceptable y no vamos a permanecer callados.

La indiferencia no es una opción. Ya basta.

Seguiremos alzando nuestra voz contra la flagrante violación del derecho internacional y del derecho internacional humanitario. https://t.co/G7r8FuA5WO",7769,1903,2134,373463,274,0,0,1,-0.5267,negative
1925620130936946753,SanchezCastejon,Pedro Sanchez,Thu May 22 18:29:50 +0000 2025,"Hoy he conocido a Pepito Vicent, de Catarroja. Sabiduría ciclista, memoria viva de Fausto Coppi, manos artesanas que llevan 70 años arreglando bicicletas.

Cuando la DANA arrasó su taller, su historia me conmovió. ¡Qué alegría verlo recuperar su lugar en el mundo! https://t.co/FJYbWkuXMU",5796,1212,1696,259100,288,0,0,1,0.0,neutral
1925573096859119944,SanchezCastejon,Pedro Sanchez,Thu May 22 15:22:56 +0000 2025,"Hoy me he reunido en Valencia con las víctimas de la DANA. He escuchado su dolor, su fuerza y su dignidad.

Les he transmitido que el Gobierno seguirá a su lado, como desde el primer día.

Nuestro compromiso es firme: justicia, reparación y prevención.

No os fallaremos. https://t.co/PMwkMKVlUY",6683,1579,3741,496281,295,0,0,1,-0.296,negative
1925523722481361363,SanchezCastejon,Pedro Sanchez,Thu May 22 12:06:44 +0000 2025,"ITV Ice Makers es más que una empresa: es la historia de una familia que, tras perderlo todo por la DANA, hoy vuelve a producir gracias al esfuerzo colectivo y al compromiso de lo público.

Reconstruir es esto: no dejar a nadie atrás. https://t.co/aximZZBsGL",2545,751,980,159030,258,0,0,1,-0.296,negative
1925190200155656477,SanchezCastejon,Pedro Sanchez,Wed May 21 14:01:26 +0000 2025,"Gracias Asaari Bibang, Bass Diop, Daniel Chong, Quan Zhou y El Chojin por compartir vuestro talento.

Sois un referente para muchos españoles y españolas que ven en vosotros una España multicultural, moderna y libre.

Feliz Día Mundial de la #DiversidadCultural. https://t.co/49bZ7BlxBJ",3271,708,1120,148349,286,1,0,1,0.0,neutral
1925097363917451485,SanchezCastejon,Pedro Sanchez,Wed May 21 07:52:32 +0000 2025,"Mientras el mundo entero se moviliza contra la barbarie en Gaza, usted, Sr. Feijóo, se dedica a hacer chistes sobre Franco.

Menuda talla política. Menuda falta de humanidad. https://t.co/M1lgSKPBe3",12664,2817,2221,330943,198,0,0,1,0.0,neutral
1925094467997991237,SanchezCastejon,Pedro Sanchez,Wed May 21 07:41:02 +0000 2025,"Para lo que ha quedado, Sr. Feijóo, usted que no venía a insultar y se dedica a difamar a personas honestas.

Usted que se puso al frente del PP para tapar la corrupción de la Sra. Ayuso.

Salir de Galicia para acabar gobernado desde un ático de Chamberí. https://t.co/16b3h1wLp5",3765,1123,1437,149669,279,0,0,1,0.0516,positive
1924850340953809326,SanchezCastejon,Pedro Sanchez,Tue May 20 15:30:57 +0000 2025,"""En un jardín te he soñado, alto, Guiomar, sobre el río, jardín de un tiempo cerrado con hierro frío."" 

Desde este jardín, hoy patrimonio de todos los españoles, nacieron algunos de los versos más hermosos de nuestra lengua.

Antonio Machado.
Siempre en nuestra memoria. https://t.co/FdtOI9Q1DE",5543,1790,1435,137633,295,0,0,1,0.0,neutral
1924794020598821179,SanchezCastejon,Pedro Sanchez,Tue May 20 11:47:10 +0000 2025,"La Asamblea Mundial de la Salud aprueba el Tratado de Pandemias.

Un acuerdo histórico para proteger la salud global, reforzar el multilateralismo y, sobre todo, para salvar vidas.

Porque nadie está a salvo si no estamos todos a salvo.",1658,571,1106,133999,236,0,0,0,-0.296,negative
1924440903994716361,SanchezCastejon,Pedro Sanchez,Mon May 19 12:24:00 +0000 2025,"La cultura no es un gasto, es una inversión.

No es un lujo, es una necesidad, un bien público, un derecho humano.

El derecho a crear, a imaginar, a emocionarnos juntos.

Gracias a toda la industria. Estamos con vosotros y con vosotras no solo con palabras, sino con hechos. https://t.co/pQawFTuCfN",4806,1180,1814,141294,299,0,0,1,-0.6808,negative
1924437051455267179,SanchezCastejon,Pedro Sanchez,Mon May 19 12:08:42 +0000 2025,"El compromiso de España con los derechos humanos debe ser constante y coherente. También desde Europa.

Si se le exigió a Rusia no participar en Eurovisión tras la invasión de Ucrania, tampoco debería hacerlo Israel.

No podemos permitir dobles estándares, tampoco en la cultura. https://t.co/1G6g2bIE5E",27770,5310,3584,1045543,303,0,0,1,-0.5267,negative
1924220309747519891,SanchezCastejon,Pedro Sanchez,Sun May 18 21:47:26 +0000 2025,"Enhorabuena, @LMontenegro_PT, por tu victoria.

Sigamos trabajando juntos por el futuro de la península ibérica y por una Europa más unida y próspera.",1491,268,560,123741,150,0,1,0,0.0,neutral
1924216491764756891,SanchezCastejon,Pedro Sanchez,Sun May 18 21:32:16 +0000 2025,"Enhorabuena a @NicusorDanRO por su victoria electoral en las elecciones presidenciales rumanas.

Gana Rumanía y gana la UE. Pierde la extrema derecha.

Deseando empezar a trabajar juntos en el Consejo Europeo.",6767,910,1006,357875,209,0,1,0,0.0,neutral
1923810379949318192,SanchezCastejon,Pedro Sanchez,Sat May 17 18:38:31 +0000 2025,"Mucho ánimo y suerte a nuestra diva valiente y poderosa esta noche en #Eurovision2025.

Talento, fuerza y alegría representando a España en Europa. 

¡Estamos contigo, Melody 🇪🇸!",25336,2430,2198,1333775,178,1,0,0,0.0,neutral
1923704823943250106,SanchezCastejon,Pedro Sanchez,Sat May 17 11:39:05 +0000 2025,"La espiral de violencia y sufrimiento en Gaza debe terminar.

Le he trasladado al presidente de la Autoridad Palestina, Mahmoud Abbas, toda la solidaridad de España con el pueblo palestino.

España hará lo que esté en su mano para poner fin a esta barbarie. https://t.co/WaUbDHmsJK",28014,4562,3168,1459724,281,0,0,1,0.0,neutral
1923700123399344214,SanchezCastejon,Pedro Sanchez,Sat May 17 11:20:24 +0000 2025,"Gracias al primer ministro Al Sudani por invitar a España a Bagdad.

Asistimos por primera vez a la Cumbre de la Liga Árabe por nuestro compromiso con Palestina.

Irak apuesta por la estabilidad de la región. España estará a su lado en la búsqueda de paz para Gaza. https://t.co/I6kK76W3BD",4012,816,878,157844,289,0,0,1,0.0,neutral
1923685520770568371,SanchezCastejon,Pedro Sanchez,Sat May 17 10:22:23 +0000 2025,"España y Palestina estamos impulsando un nuevo proyecto de resolución en la Asamblea General de @UN.

Vamos a exigir a Israel el fin del bloqueo humanitario a Gaza y el acceso completo y sin restricciones de la asistencia humanitaria.

Trabajemos conjuntamente para alcanzarlo. https://t.co/U5Wu9KUZYa",11281,2651,1757,730544,301,0,1,1,-0.5574,negative
1923492812894736555,SanchezCastejon,Pedro Sanchez,Fri May 16 21:36:38 +0000 2025,"Llego a Irak, donde mañana participaré en la cumbre de la Liga de Estados Árabes, a la que España ha sido invitada por su compromiso claro con el fin de la violencia en Palestina.

Gaza no puede esperar más. La ayuda humanitaria debe entrar en la Franja de manera urgente, bajo https://t.co/mEktVq4KR4",11410,2268,2150,657526,301,0,0,1,0.0516,positive
1923397344713658700,SanchezCastejon,Pedro Sanchez,Fri May 16 15:17:16 +0000 2025,"Una Europa unida, social, competitiva, abierta y conectada es una Europa segura.

Europa debe asumir una mayor responsabilidad sobre su propio futuro.

Una agenda común de competitividad contribuirá a la seguridad económica europea y viceversa.

Unidos, lo conseguiremos. https://t.co/9zLaNblncE",1985,628,603,57504,295,0,0,1,0.0,neutral
1923382534777266236,SanchezCastejon,Pedro Sanchez,Fri May 16 14:18:25 +0000 2025,"Cada vez más líderes alzamos nuestra voz contra lo que está sucediendo en Gaza. Los bombardeos contra civiles deben parar de inmediato. La situación es insoportable.

España trabaja para impulsar una resolución en la Asamblea General de @UN y poner fin al bloqueo israelí a Gaza. https://t.co/61SFoEerIm",8599,2186,1660,308165,303,0,1,1,0.0,neutral
1923369824224161828,SanchezCastejon,Pedro Sanchez,Fri May 16 13:27:55 +0000 2025,"Mi solidaridad con Santos Cerdán y su familia.

El acoso de ultraderechistas disfrazados de periodistas no tiene cabida en una democracia.

Esto no va de partidos, va de derechos.

Un abrazo, @santicl.",9466,6775,3621,3249261,201,0,1,0,-0.5267,negative
1923306315490742533,SanchezCastejon,Pedro Sanchez,Fri May 16 09:15:33 +0000 2025,"Comienzo mi jornada en Albania reuniéndome con el primer ministro @ediramaal, que ha revalidado su liderazgo con un programa socialdemócrata, europeísta y de progreso.

Participamos hoy en la Comunidad Política Europea, en un momento decisivo para la paz y la estabilidad. https://t.co/7Mfx6cIPK8",2779,683,672,89152,296,0,1,1,0.34,positive
1923129762102350282,SanchezCastejon,Pedro Sanchez,Thu May 15 21:33:59 +0000 2025,"¡Enhorabuena al @FCBarcelona_es!

Felicidades a todos los culés por la gran temporada del equipo y su 28° título de Liga.",15310,1323,1170,825893,121,0,1,0,0.0,neutral
1922740311333237123,SanchezCastejon,Pedro Sanchez,Wed May 14 19:46:27 +0000 2025,"He felicitado a @MarkJCarney por su victoria y le he deseado muchos éxitos.

Canadá y España somos socios y aliados. Compartimos valores sólidos, y seguiremos trabajando juntos para defenderlos.",1833,393,783,91395,194,0,1,0,0.0,neutral
1922634311938785376,SanchezCastejon,Pedro Sanchez,Wed May 14 12:45:15 +0000 2025,"Ojalá, por fin, tengamos noticias de Gurb en Oviedo.

Gracias, Eduardo Mendoza, por tu humor y felicidades por el merecido Princesa de Asturias.",1755,402,574,109569,144,0,0,0,0.2732,positive
1922601559717728648,SanchezCastejon,Pedro Sanchez,Wed May 14 10:35:06 +0000 2025,"¡Enhorabuena, familia!

Si viene con la misma energía que tiene su padre, os va a dar grandes alegrías.

Un abrazo enorme.❤️",12294,1111,1664,792440,124,0,0,0,0.0,neutral
1922569379104837798,SanchezCastejon,Pedro Sanchez,Wed May 14 08:27:14 +0000 2025,"Por muchas piezas que cambien en este congreso del Partido Popular, no van a cambiar la pieza que no funciona.

La pieza averiada que es el Sr. Feijóo. https://t.co/5nrBqop9jy",2607,831,1150,76782,175,0,0,1,-0.1531,negative
1922562594575184119,SanchezCastejon,Pedro Sanchez,Wed May 14 08:00:16 +0000 2025,"Usted comparó el congreso del Partido Popular con el cónclave vaticano.

Ándese con ojo, Sr. Feijóo, porque uno entra Papa y sale cardenal. https://t.co/atv5oBL4rC",4605,1207,1148,206145,163,0,0,1,0.4215,positive
1922557984481120676,SanchezCastejon,Pedro Sanchez,Wed May 14 07:41:57 +0000 2025,"Pretenden ganar por agotamiento, pero ya les digo yo que van a perder en 2027 por aburrimiento, señor Feijóo.

Llevan siete años con la misma estrategia.

Ustedes en la oposición, entretenidos con la casquería que les dan y este Gobierno mejorando la vida de la gente. https://t.co/e9K5K0bIn4",7823,2177,2720,399465,292,0,0,1,0.0,neutral
1922377039689969923,SanchezCastejon,Pedro Sanchez,Tue May 13 19:42:56 +0000 2025,"Un mundo mejor. En eso creyó, militó y vivió Pepe Mujica.

La política cobra sentido cuando se vive así, desde el corazón. 

Mi cariño más profundo para su familia y para Uruguay.

Eterno, Mujica.",21138,3056,1807,579951,196,0,0,0,0.0,neutral
1922369038488850532,SanchezCastejon,Pedro Sanchez,Tue May 13 19:11:09 +0000 2025,"Felicidades, @ediramaal, por la contundente victoria del Partido Socialista en las elecciones.

Los albaneses respaldan mayoritariamente los esfuerzos para que Albania se sume a la Unión Europea.

Enhorabuena.",2002,448,538,143914,209,0,1,0,0.0,neutral
1921895582462885990,SanchezCastejon,Pedro Sanchez,Mon May 12 11:49:48 +0000 2025,"He hablado con @LulaOficial sobre los retos globales que afrontamos.

También hemos abordado el Acuerdo UE-Mercosur y la relevancia de su ratificación, así como la importancia de la próxima Cumbre CELAC-UE.

España y Brasil defendemos más que nunca el multilateralismo.",4241,825,2075,240371,269,0,1,0,0.0,neutral
1921644096671605066,SanchezCastejon,Pedro Sanchez,Sun May 11 19:10:29 +0000 2025,"Una generación de mujeres que está cambiando para siempre la historia del atletismo español.

Enhorabuena por ese oro del 4x400 y la plata del 4x100. Sois gigantes y un orgullo para España.",4497,752,979,242705,189,0,0,0,0.0,neutral
1920815288360006036,SanchezCastejon,Pedro Sanchez,Fri May 09 12:17:06 +0000 2025,"Izaskun, Carlos, Alba, Juan y Audra, ha sido un placer recibiros hoy y charlar sobre como Europa ha cambiado nuestras vidas.

Sois el ejemplo perfecto de que la Unión Europea no es un ente abstracto, sino un proyecto vivo, de paz y unidad que construimos entre todos y todas. https://t.co/ezcQMf7mZj",1353,411,894,73247,299,0,0,1,0.5994,positive
1920738102382899336,SanchezCastejon,Pedro Sanchez,Fri May 09 07:10:23 +0000 2025,"Hoy celebramos el #DíaDeEuropa ensalzando los valores que nos unen: la libertad, la igualdad, el Estado de Derecho y el respeto de los derechos humanos.

Pero, sobre todo, hoy nos reiteramos en la necesidad de una Europa más fuerte y unida que siga protegiendo a su ciudadanía. https://t.co/5A6BSyg5y5",2316,758,1707,199046,301,1,0,1,0.0,neutral
1920529498488897753,SanchezCastejon,Pedro Sanchez,Thu May 08 17:21:28 +0000 2025,"Enhorabuena a toda la Iglesia Católica por la elección del nuevo Papa León XIV como @Pontifex_es.

Que su pontificado contribuya a fortalecer el diálogo y la defensa de los derechos humanos en un mundo que necesita esperanza y unidad.",7291,1068,1199,413680,234,0,1,0,0.0,neutral
1920509287035511236,SanchezCastejon,Pedro Sanchez,Thu May 08 16:01:10 +0000 2025,"Fortalecer la dimensión social de Europa es prioritario. Mejores empleos y educación para tener mayor calidad de vida.

Estamos comprometidos con los estudiantes, los trabajadores y la igualdad.

Así lo he compartido con la vicepresidenta @RoxanaMinzatu en vísperas del https://t.co/uSu0IFZa6P",1860,543,754,80227,293,0,1,1,0.0,neutral
1920467093020946626,SanchezCastejon,Pedro Sanchez,Thu May 08 13:13:30 +0000 2025,"Cumplimos con nuestro compromiso de proteger a los trabajadores y las empresas de nuestro país del impacto de unos aranceles injustos.

Avanzamos. 
#AcciónDeGobierno",1542,526,712,112973,165,1,0,0,0.0,neutral
1920390915522261292,SanchezCastejon,Pedro Sanchez,Thu May 08 08:10:48 +0000 2025,"He felicitado a @AlboMP por la sólida victoria del Partido Laborista.

España y Australia mantenemos una estrecha relación basada en valores y principios compartidos.

Seguiremos reforzando nuestra cooperación en defensa del multilateralismo.",1150,279,398,153153,242,0,1,0,0.0,neutral
1920100540404338991,SanchezCastejon,Pedro Sanchez,Wed May 07 12:56:57 +0000 2025,"España no necesita políticos al servicio de los poderosos.

Necesita políticos valientes que defiendan el interés general de la gente. https://t.co/s6wcJV0sZP",4231,1269,3749,255540,158,0,0,1,-0.296,negative
1920098417105134071,SanchezCastejon,Pedro Sanchez,Wed May 07 12:48:30 +0000 2025,"¿Qué aporta el PP?

Cada vez que hay una crisis, usted trata de amplificarla, señor Feijóo.

Cuando el país necesita, más que nunca, una oposición de Estado, continúan con la oposición destructiva que les caracteriza.

Siempre se suman al problema, nunca a la solución. https://t.co/HtMIMdoCsu",3841,1174,786,67686,293,0,0,1,-0.6249,negative
1920096271236260132,SanchezCastejon,Pedro Sanchez,Wed May 07 12:39:59 +0000 2025,"Permítame un consejo, Sr. Feijóo: a base de anunciar apocalipsis que nunca llegan, usted no llegará a ser presidente del Gobierno.

Seguirá sin serlo, no porque no quiera sino porque no sabe. https://t.co/okzjDggtI9",5573,1475,954,119952,215,0,0,1,-0.808,negative
1920048206051692590,SanchezCastejon,Pedro Sanchez,Wed May 07 09:28:59 +0000 2025,"Nuestro objetivo con el Plan Industrial y Tecnológico para la Seguridad y la Defensa es protegernos.

Modernizar nuestras Fuerzas Armadas con capacidades de disuasión y seguridad.

Para que España y Europa continúen adelante con su proyecto de derechos, libertades y democracia. https://t.co/OmUJbAk2l4",1023,387,553,47242,302,0,0,1,0.0,neutral
1920042168082706881,SanchezCastejon,Pedro Sanchez,Wed May 07 09:05:00 +0000 2025,"Cuando llegamos al Gobierno, nuestro país tenía un modelo energético obsoleto e injusto.

Descansaba en el consumo de hidrocarburos que nos costaban 42.500 M€ cada año.

El doble de lo que gastamos en prestaciones por desempleo y ocho veces más de lo que gastamos en educación. https://t.co/L7dzBpXGNd",2297,834,1073,156832,301,0,0,1,0.0,neutral
1920036974557040831,SanchezCastejon,Pedro Sanchez,Wed May 07 08:44:21 +0000 2025,"Las renovables no son solo el futuro, son nuestra única y mejor opción.

El futuro energético de España, o es verde o no será. https://t.co/PVYqG0dWNe",2965,858,2380,179586,150,0,0,1,-0.5267,negative
1920028680060817533,SanchezCastejon,Pedro Sanchez,Wed May 07 08:11:24 +0000 2025,"Los técnicos necesitarán tiempo de investigación y análisis.

Mientras, los que acusan al Gobierno de no dar aún con la causa del apagón han vendido su espíritu crítico a un buen pagador.

Desconfíen de quienes les dicen que esto va de renovables contra nucleares. No es así. https://t.co/YTpPtyUwrp",1634,572,719,63287,299,0,0,1,-0.5267,negative
1920024447047655695,SanchezCastejon,Pedro Sanchez,Wed May 07 07:54:35 +0000 2025,"Estoy convencido de que muy pocas sociedades hubieran respondido mejor que la nuestra a esta situación.

España es un país extraordinario.

Gracias al conjunto de la ciudadanía, a los empresarios, trajajadores y servidores públicos que, una vez más, dieron lo mejor de sí mismos. https://t.co/ZsefcNlura",3695,1082,1055,93170,303,0,0,1,0.0,neutral
1919778169264963699,SanchezCastejon,Pedro Sanchez,Tue May 06 15:35:57 +0000 2025,"Felicidades, @_FriedrichMerz, por tu elección como nuevo canciller alemán.

Alemania y España siempre han demostrado su compromiso con el proyecto europeo, con intereses y objetivos compartidos.

Sigamos trabajando por una Europa unida y fuerte.",2115,433,685,174748,245,0,1,0,0.0,neutral
1919652416569356532,SanchezCastejon,Pedro Sanchez,Tue May 06 07:16:16 +0000 2025,"Nuevo máximo histórico de empleo en abril. Con un récord también de mujeres afiliadas.

El paro se sitúa en la cifra más baja desde julio de 2008. Cae en todas las autonomías y todos los sectores, especialmente entre los jóvenes.

Seguimos avanzando. España funciona.",5164,1480,1550,538339,267,0,0,0,0.0,neutral
1919448267814769103,SanchezCastejon,Pedro Sanchez,Mon May 05 17:45:03 +0000 2025,"Le deseo la mejor suerte a nuestra diva en la próxima edición de #Eurovision2025.

Gracias, Melody, por tu entrega, tu talento y tu trabajo. 

¡A triunfar el próximo 17 de mayo en Basilea en representación de España! https://t.co/kb5jeVJLu7",10254,1468,1123,1981838,240,1,0,1,0.0,neutral
1919417983610261631,SanchezCastejon,Pedro Sanchez,Mon May 05 15:44:43 +0000 2025,"Me he reunido con la Directora Ejecutiva de @UNICEF, Catherine Russell, a quien he trasladado el firme apoyo de España en un momento en el que nuestro sistema multilateral se encuentra bajo gran presión.

Ante retos globales, respuestas conjuntas: más y mejor multilateralismo. https://t.co/vgvdUNlErF",1776,498,612,61700,301,0,1,1,0.0,neutral
1919361305527353784,SanchezCastejon,Pedro Sanchez,Mon May 05 11:59:29 +0000 2025,"La implementación de políticas nacionales y europeas de vivienda es una prioridad para el Gobierno y, en esta tarea, las ciudades juegan un papel clave.

Hoy me he reunido con los alcaldes de Roma, París y Barcelona, miembros de la alianza 'European Mayors for Housing', con un https://t.co/vzzTrDTvrQ",2058,622,657,94525,301,0,0,1,0.0,neutral
1919334119965708716,SanchezCastejon,Pedro Sanchez,Mon May 05 10:11:28 +0000 2025,"Catalunya, España y Europa tienen razones de sobra para creer en sus fortalezas.

Somos el mayor espacio de prosperidad, democracia, libertad, bienestar y seguridad del mundo. 

Tomemos las riendas de nuestro destino y pasemos de las palabras a los hechos. El tiempo apremia. https://t.co/PCxeT4Q3Zt",2135,599,1913,151724,299,0,0,1,0.0,neutral
1919331096547959235,SanchezCastejon,Pedro Sanchez,Mon May 05 09:59:27 +0000 2025,"Mañana llevaremos al Consejo de Ministros la reducción de la jornada laboral, una demanda social que mejorará la productividad y la estabilidad.

Pido a la patronal su apoyo.

Apostemos por el capital humano y la innovación, no por los precios bajos y las jornadas extenuantes. https://t.co/OQ4LCbuEK0",4723,1234,1541,254746,301,0,0,1,-0.296,negative
1919327875443913135,SanchezCastejon,Pedro Sanchez,Mon May 05 09:46:39 +0000 2025,"El Gobierno de España ha sido el primero en aprobar un paquete de ayudas dotado con 14.100 M€ ante la crisis arancelaria.

Pido a los grupos parlamentarios que convaliden este Plan de Respuesta. Que den la cara por su país, por sus empresas y trabajadores. https://t.co/4tflKP2gUQ",2247,813,715,77575,280,0,0,1,-0.4019,negative
1918648087863550385,SanchezCastejon,Pedro Sanchez,Sat May 03 12:45:25 +0000 2025,"Enhorabuena @AlboMP y al Partido Laborista por vuestra clara victoria en las elecciones de hoy. Te deseo el mayor éxito en este nuevo mandato.

Australia y España seguiremos trabajando juntos por la justicia social y en defensa de nuestros valores comunes.",3300,714,1080,138025,256,0,1,0,0.0,neutral
1918211928050094367,SanchezCastejon,Pedro Sanchez,Fri May 02 07:52:16 +0000 2025,"146 años de lucha, de conquistas sociales y de orgullo colectivo. 

El @PSOE ha sido el motor de cambio y progreso en España y lo seguirá siendo. 

Con la fuerza de nuestra historia, seguimos construyendo el futuro. 

¡Felicidades, compañeros y compañeras!🌹
#146AniversarioPSOE https://t.co/MqTBrUUZww",4929,1430,2588,229968,301,1,1,1,0.4003,positive
1918201054011027584,SanchezCastejon,Pedro Sanchez,Fri May 02 07:09:04 +0000 2025,"Hoy, #2demayo, recordamos el coraje del pueblo madrileño en defensa de la libertad. Una historia que nos inspira y une.

Mi reconocimiento a todos los madrileños y madrileñas que construyen cada día una región abierta, solidaria y dinámica.

¡Feliz día de la Comunidad de Madrid! https://t.co/nRqgbEGB26",4467,882,1363,237120,303,1,0,1,0.0,neutral
1917918220423516522,SanchezCastejon,Pedro Sanchez,Thu May 01 12:25:11 +0000 2025,"Todos los amantes de la @SEFutbol te echaremos de menos. 

Un abrazo a familiares y amigos. 

Hasta siempre, Manolo.",8110,506,1024,753610,116,0,1,0,0.0,neutral
1917836737432220063,SanchezCastejon,Pedro Sanchez,Thu May 01 07:01:24 +0000 2025,"Hoy celebramos el #1DeMayo con orgullo socialista. Porque defender el trabajo digno, la igualdad y los derechos sociales ha sido siempre nuestra bandera.

Apostamos por un país más justo y sostenible.

¡Feliz día de las trabajadoras y trabajadores!
https://t.co/0ELuUS4Sjd https://t.co/RDCeL7Gmdj",6530,1598,2569,271591,296,1,0,2,0.4753,positive
1917272358827475381,SanchezCastejon,Pedro Sanchez,Tue Apr 29 17:38:46 +0000 2025,"He mantenido una reunión de urgencia con los operadores privados del sector eléctrico. Les he agradecido su labor en la pronta recuperación del suministro, y les he pedido que colaboren con el Gobierno y los organismos independientes para identificar las causas del incidente. https://t.co/IMVzJYcsnQ",6943,1431,3554,807466,300,0,0,1,0.0,neutral
1917196175947505967,SanchezCastejon,Pedro Sanchez,Tue Apr 29 12:36:02 +0000 2025,"Quiero reconocer y agradecer la extraordinaria labor de nuestros servidores públicos de todas las Administraciones. 

Cumplieron con creces con su deber. 

Y para ello, contaron con la complicidad de una gran sociedad que volvió a demostrar madurez, responsabilidad y civismo. https://t.co/J3Xf1aQvwz",8138,1636,1540,258969,300,0,0,1,0.0,neutral
1917189932059123909,SanchezCastejon,Pedro Sanchez,Tue Apr 29 12:11:14 +0000 2025,"Nuestras prioridades son claras:

- Consolidar el restablecimiento de nuestro sistema eléctrico al 100%.

- Descubrir qué ha pasado.

Adoptaremos las medidas necesarias para que no vuelva a pasar y exigiremos las responsabilidades pertinentes a los operadores privados. https://t.co/hjiZF0yYiW",4936,1113,2324,451804,293,0,0,1,0.0516,positive
1917182392248275144,SanchezCastejon,Pedro Sanchez,Tue Apr 29 11:41:16 +0000 2025,"España ha superado ya lo peor de la crisis y va camino firme de recuperar la plena normalidad.

El sistema ha reaccionado con agilidad. Los actores públicos y privados han actuado con eficacia. Y la coordinación entre Administraciones ha sido buena y leal. https://t.co/M0GiF0kiNO",5189,1076,1693,437665,280,0,0,1,0.2732,positive
1917106832033894614,SanchezCastejon,Pedro Sanchez,Tue Apr 29 06:41:01 +0000 2025,"Tras una noche intensa, se ha logrado restablecer el 99,95% de demanda energética atendida y el 100% de las subestaciones de la red de transportes están repuestas.

En unos minutos volveremos a reunirnos en el Consejo de Seguridad Nacional para analizar la situación actual.",27610,3166,3515,2265146,274,0,0,0,0.34,positive
1916993809893802134,SanchezCastejon,Pedro Sanchez,Mon Apr 28 23:11:54 +0000 2025,"Esta noche he acudido de nuevo a la sede central de Red Eléctrica.

Será una noche larga. Estamos trabajando sin descanso para restablecer el suministro.

Gracias a todos los trabajadores que están volcados en recuperar la normalidad. https://t.co/bXP9o0uGL5",11094,1604,2745,2263312,258,0,0,1,-0.5574,negative
1916979835882102948,SanchezCastejon,Pedro Sanchez,Mon Apr 28 22:16:23 +0000 2025,"Casi el 50% del suministro nacional se ha restablecido.

Los ciudadanos deben saber que todos los recursos del Estado están siendo movilizados para recuperar la normalidad del suministro cuanto antes.

Se va a trabajar a destajo, durante toda la noche. Con profesionalidad y https://t.co/kxp1RjpSjG",6128,1020,1300,683387,298,0,0,1,0.34,positive
1916904976732848279,SanchezCastejon,Pedro Sanchez,Mon Apr 28 17:18:55 +0000 2025,"Todavía no tenemos información concluyente sobre los motivos de este corte.

Pido a la ciudadanía, al igual que hemos hecho en crisis pasadas, que se informen por los canales oficiales. Es mejor no especular.

Ahora debemos centrarnos en lo más importante, que es devolver la",3066,548,656,360345,275,0,0,0,-0.8176,negative
1916903068492275989,SanchezCastejon,Pedro Sanchez,Mon Apr 28 17:11:20 +0000 2025,"Red Eléctrica está trabajando para determinar las causas de esta caída del suministro eléctrico y solucionar el problema lo antes posible.

España cuenta con mecanismos para afrontar este tipo de situaciones.

Una vez más, apelo a la ciudadanía para colaborar con todas las https://t.co/0RHbEWpHt7",9094,1490,3418,1935376,297,0,0,1,0.0,neutral
1916794561772265788,SanchezCastejon,Pedro Sanchez,Mon Apr 28 10:00:10 +0000 2025,"Todo mi cariño para la familia y amigos de la mujer asesinada en La Rioja víctima de la #ViolenciaMachista.

Reiteramos nuestra condena y rechazo ante cada asesinato. Hago un nuevo llamamiento a la unidad y firmeza para acabar con esta violencia estructural. 
#NiUnaMenos",1684,247,897,1005503,271,2,0,0,0.296,positive
1916585094107562117,SanchezCastejon,Pedro Sanchez,Sun Apr 27 20:07:49 +0000 2025,"Profundamente consternado por el trágico atropello masivo durante el festival de la comunidad filipino-canadiense en Vancouver, que ha dejado numerosas víctimas mortales y heridos.

Mis más sentidas condolencias a las víctimas y familiares en este momento de dolor.",3551,507,985,728857,265,0,0,0,0.6808,positive
1916266112607727687,SanchezCastejon,Pedro Sanchez,Sat Apr 26 23:00:18 +0000 2025,"Final eléctrica de la #CopadelRey. De las que hacen afición.

Enhorabuena al @FCBarcelona_es y a todos los culés.",16406,2040,2079,9679228,113,1,1,0,0.0,neutral
1915845563980865880,SanchezCastejon,Pedro Sanchez,Fri Apr 25 19:09:11 +0000 2025,"Frente a la violencia y el odio, responderemos con memoria, respeto y justicia.

El PSOE seguirá reivindicando el derecho a recordar y honrar a quienes lucharon por la democracia. Un abrazo a los compañeros y compañeras del @PSOECantabria.",3836,1095,1413,248240,239,0,1,0,0.0,neutral
1915717043178942753,SanchezCastejon,Pedro Sanchez,Fri Apr 25 10:38:30 +0000 2025,"Toda mi solidaridad y cariño para la familia de la mujer asesinada en Huelva. 

Un nuevo caso de #ViolenciaMachista que debe hacernos reaccionar a todos, desde todas las instituciones, desde las aulas, en el trabajo o en nuestro barrio: PAREMOS esta violencia estructural.",1607,451,832,130467,272,1,0,0,0.0,neutral
1915356550429811028,SanchezCastejon,Pedro Sanchez,Thu Apr 24 10:46:01 +0000 2025,"Lanzamos el PERTE de la Industrialización de la Vivienda con una inversión pública de 1.300 M€ en 10 años.

Una herramienta fundamental para situar a España a la vanguardia. Tenemos las empresas y la ambición.

Construiremos más y mejor vivienda, más rápido y más asequible. https://t.co/6cW6YKG3dI",2366,858,2201,313124,298,0,0,1,0.0,neutral
1914939008993370506,SanchezCastejon,Pedro Sanchez,Wed Apr 23 07:06:52 +0000 2025,"Feliz 23 de abril a todos los lectores y lectoras.

También a los que escriben, a las librerías y a todo el sector del libro.

Hoy celebramos juntos la literatura, las historias y la palabra.

Feliz #DíadelLibro.
Y bona Diada de Sant Jordi a tothom! 🌹 https://t.co/SISYnf2L4u",2776,663,1090,135067,275,1,0,1,0.0,neutral
1914931051152973867,SanchezCastejon,Pedro Sanchez,Wed Apr 23 06:35:14 +0000 2025,"Castilla y León es una tierra plural, llena de historia, rica en cultura y patrimonio que desea seguir avanzando.

Estamos a vuestro lado por un futuro lleno de oportunidades.

Feliz #DíaDeCastillaYLeón. https://t.co/J7DK1cMNO0",958,294,457,78722,227,1,0,1,0.0,neutral
1914929940266471879,SanchezCastejon,Pedro Sanchez,Wed Apr 23 06:30:50 +0000 2025,"Aragón celebra hoy su día. Una jornada donde mostrar orgullo del pasado y presente y determinación para alcanzar un futuro de prosperidad.

Tenacidad, solidaridad y rasmia os sobran.

Feliz día, aragoneses y aragonesas.
¡Feliz #SanJorge! https://t.co/Tez0f7NZnR",927,247,258,46196,261,1,0,1,0.0,neutral
1914770211947135206,SanchezCastejon,Pedro Sanchez,Tue Apr 22 19:56:07 +0000 2025,"España tiene una economía saneada y dinámica.

La principal meta del Gobierno de España siempre ha sido, y seguirá siendo, hacer que los españoles y las españolas vivan mejor.

Crear riqueza y repartirla.

¡Seguimos!
https://t.co/GX4rHLvP6s",3961,1162,2527,248945,240,0,0,1,0.4003,positive
1914642116019421263,SanchezCastejon,Pedro Sanchez,Tue Apr 22 11:27:07 +0000 2025,"Nuestro objetivo es modernizar las capacidades de seguridad y disuasión de España y Europa con una perspectiva integral de 360º.

Nosotros NO elegimos esta coyuntura internacional.

Pero Sí elegimos cómo afrontarla. Con inteligencia estratégica, justicia social y lealtad. https://t.co/901R37fIiM",1836,620,1016,94976,296,0,0,1,-0.4466,negative
1914638777588322743,SanchezCastejon,Pedro Sanchez,Tue Apr 22 11:13:51 +0000 2025,"Aprobamos hoy el Plan Industrial y Tecnológico para la Seguridad y la Defensa.

España cumplirá con el 2% del PIB de su presupuesto en Seguridad y Defensa en 2025.

Un esfuerzo importante que llevaremos a cabo sin subir impuestos ni tocar la inversión en el Estado del bienestar. https://t.co/gVHmMYM9xQ",1663,596,965,247571,303,0,0,1,-0.5574,negative
1914345869119308100,SanchezCastejon,Pedro Sanchez,Mon Apr 21 15:49:56 +0000 2025,"Todo mi cariño a la familia y seres queridos de la mujer asesinada en Tarragona víctima de la violencia machista.

No pararemos hasta alcanzar una sociedad libre de esta violencia estructural que tanto dolor provoca.

Porque nos incumbe a todos y todas.

#NiUnaMenos",1664,412,688,166422,266,1,0,0,-0.296,negative
1914235723026231483,SanchezCastejon,Pedro Sanchez,Mon Apr 21 08:32:15 +0000 2025,"Lamento el fallecimiento del Papa Francisco. Su compromiso con la paz, la justicia social y los más vulnerables deja un legado profundo.

Descanse en paz.",15192,1785,1481,755772,154,0,0,0,0.0,neutral
1912424061625380866,SanchezCastejon,Pedro Sanchez,Wed Apr 16 08:33:22 +0000 2025,"Hoy damos un gran paso para la salud global con el acuerdo del Tratado contra las Pandemias.

Ante desafíos globales que no conocen fronteras, el multilateralismo es nuestra mejor baza.",2382,709,2525,210235,185,0,0,0,-0.296,negative
1911669918791086408,SanchezCastejon,Pedro Sanchez,Mon Apr 14 06:36:40 +0000 2025,"La literatura en español despide a Mario Vargas Llosa, maestro universal de la palabra. 

Mi agradecimiento como lector por una obra inmensa, por tantos libros clave para entender nuestro tiempo.

En nombre del Gobierno de España, envío mi sentido pésame a la familia, amigos y a",5449,809,1061,339228,279,0,0,0,0.0,neutral
1911479279637983297,SanchezCastejon,Pedro Sanchez,Sun Apr 13 17:59:08 +0000 2025,"Lo que está sufriendo Pilar es un ejemplo del odio que se propaga amparado en el anonimato en las redes sociales.

Lo sufren también a diario muchas mujeres en este país y en todo el mundo.

Con Pilar y con todas ellas. Siempre en su equipo.",8756,2167,4347,1136197,241,0,0,0,0.0,neutral
1911454098672529813,SanchezCastejon,Pedro Sanchez,Sun Apr 13 16:19:04 +0000 2025,"Putin ha vuelto a matar civiles inocentes. Esta vez, en la ciudad de Sumi. Su crueldad nos indigna. Nos entristece. Pero también nos une. 

España y la Unión Europea no dejarán de apoyar a Ucrania hasta que obtenga la paz justa y duradera que tanto merece.",7697,1487,2336,717042,256,0,0,0,0.0516,positive
1910662555514671386,SanchezCastejon,Pedro Sanchez,Fri Apr 11 11:53:46 +0000 2025,El mundo necesita que tanto China como Estados Unidos hablen. https://t.co/mHZHnL4GLK,3758,789,1701,533796,85,0,0,1,0.0,neutral
1910604342521913405,SanchezCastejon,Pedro Sanchez,Fri Apr 11 08:02:27 +0000 2025,"El objetivo de la gira por Vietnam y China que terminamos hoy en Pekín se ha cumplido: reforzar la presencia de España en Asia.

Con este viaje hemos dado un paso muy importante en un momento complejo en el que toca expandir horizontes. https://t.co/YE6kxw6g60",7924,1507,1054,398665,260,0,0,1,0.34,positive
1910551607093219744,SanchezCastejon,Pedro Sanchez,Fri Apr 11 04:32:54 +0000 2025,"España y China celebran este año el 20 aniversario de su asociación estratégica integral.

Con el presidente Xi Jinping, he abordado el nuevo impulso que hoy damos a esa asociación, con la mirada puesta en el desarrollo de unas relaciones equilibradas y mutuamente beneficiosas y https://t.co/TG3r1KLBxm",17305,2144,1487,1538019,303,0,0,1,0.0,neutral
1910476034123723196,SanchezCastejon,Pedro Sanchez,Thu Apr 10 23:32:36 +0000 2025,"Las noticias que hoy nos llegan del accidente de helicóptero en el río Hudson son devastadoras.

Cinco españoles de una misma familia, tres de ellos niños, y el piloto han perdido la vida. Una tragedia inimaginable.

Acompaño en el dolor a los allegados de las víctimas en este",3810,572,468,255792,277,0,0,0,0.0,neutral
1910371366534054197,SanchezCastejon,Pedro Sanchez,Thu Apr 10 16:36:41 +0000 2025,"Mi cariño y solidaridad con la familia y seres queridos de la mujer asesinada en Las Palmas.

Unidad y firmeza, desde todas las instituciones, frente a esta violencia estructural que atenta contra los valores de nuestra sociedad. #NiUnaMás

Si necesitas ayuda, 016.",1404,347,497,106068,265,1,0,0,0.0,neutral
1910247478126948510,SanchezCastejon,Pedro Sanchez,Thu Apr 10 08:24:24 +0000 2025,"Cierro mi viaje en Vietnam con un fantástico encuentro con estudiantes de español de la Universidad Nacional de Ho Chi Minh.

Una lengua por la que cada año hay un mayor interés y que pone a Vietnam en contacto con 600 millones de hablantes. https://t.co/W6l74FMLhN",6430,1166,1020,209645,265,0,0,1,0.0,neutral
1910198390215876638,SanchezCastejon,Pedro Sanchez,Thu Apr 10 05:09:20 +0000 2025,"Vietnam apuesta por sectores estratégicos en los que España es líder, como las energías limpias, las infraestructuras o el transporte.

Las empresas españolas tienen una gran oportunidad para seguir creciendo en este país, como he constatado en el foro empresarial en Ho Chi Minh. https://t.co/2XsB7EeTEu",3250,875,873,105873,304,0,0,1,0.0,neutral
1910003981880820176,SanchezCastejon,Pedro Sanchez,Wed Apr 09 16:16:50 +0000 2025,"Profundamente conmocionado por la tragedia que se ha cobrado tantas vidas en una discoteca de Santo Domingo. 

En estos momentos de dolor, mi solidaridad y la de los españoles está con las familias de las víctimas y con el pueblo dominicano.",3821,617,1417,263235,241,0,0,0,0.34,positive
1909900605126037560,SanchezCastejon,Pedro Sanchez,Wed Apr 09 09:26:03 +0000 2025,"Este año, Vietnam celebra el 50 aniversario de su reunificación y del fin de la guerra.

Durante mi visita a Hanói he expresado la cercanía del pueblo español con una ofrenda floral en el monumento a sus héroes y una visita al mausoleo del presidente Ho Chi Minh. https://t.co/AnCQdTRLtl",7398,1044,1948,1148184,287,0,0,1,0.0,neutral
1909840254640533618,SanchezCastejon,Pedro Sanchez,Wed Apr 09 05:26:14 +0000 2025,"Esta visita a Hanói marca el camino para un futuro repleto de oportunidades para nuestros países.

En la reunión con el primer ministro Pham Minh Chinh, hemos firmado acuerdos en consultas políticas, agricultura, diplomacia, cultura y respaldo a la inversión española.

Apoyaremos https://t.co/VcIqETEUXE",3813,1077,732,111599,304,0,0,1,0.0,neutral
1939747937031975164,SanchezCastejon,Pedro Sanchez,Mon Jun 30 18:08:41 +0000 2025,"Con el presidente @EmmanuelMacron hemos abordado desafíos comunes como la incertidumbre en el comercio global, la urgencia de la paz en Oriente Medio y el futuro de Europa.

Francia y España avanzamos juntos, con ambición, responsabilidad y valores. https://t.co/U8flHwKj4N",4972,1137,2558,357480,273,0,1,1,0.0,neutral
1939718920253919319,SanchezCastejon,Pedro Sanchez,Mon Jun 30 16:13:23 +0000 2025,"Ningún país puede hacer frente por sí solo al cambio climático, la sostenibilidad de la deuda, la creciente desigualdad o la financiación para el desarrollo.

No llegamos a ninguna parte cuando actuamos solos.

Pero podemos alcanzar cualquier objetivo cuando actuamos juntos. https://t.co/VYVlc4Pyoa",2806,787,2119,191566,299,0,0,1,-0.296,negative
1939691941781766621,SanchezCastejon,Pedro Sanchez,Mon Jun 30 14:26:11 +0000 2025,"Solo es posible el desarrollo sostenible con una participación mucho más decidida de las empresas.

España está plenamente comprometida con esta visión donde la rentabilidad económica, la sostenibilidad medioambiental y la justicia social van de la mano. https://t.co/FmoF97RsXm",1638,514,1211,109781,278,0,0,1,0.0,neutral
1939675760614084614,SanchezCastejon,Pedro Sanchez,Mon Jun 30 13:21:53 +0000 2025,"Allí donde otros dan un paso atrás o se ponen de perfil, España dará un paso adelante y se pondrá al frente. 

Nos proponemos promover una nueva arquitectura de salud en la que cada euro invertido tenga el máximo impacto. https://t.co/3fceArAMTL",3802,1006,2566,305309,245,0,0,1,0.0,neutral
1939668342823899183,SanchezCastejon,Pedro Sanchez,Mon Jun 30 12:52:24 +0000 2025,"El compromiso de Sevilla, aprobado por consenso, es un éxito notable. 

No era fácil. Pero se ha logrado. 

Un nuevo marco para movilizar más financiación, para usarla mejor, para hacerla más justa, más eficiente y más transformadora. https://t.co/j7GpYVqsWE",2493,746,1222,111825,258,0,0,1,0.0516,positive
1939607076868694047,SanchezCastejon,Pedro Sanchez,Mon Jun 30 08:48:57 +0000 2025,"Sevilla nos ofrece una oportunidad para corregir el rumbo. Para alzar la voz.

Aprovechémosla. Trabajemos juntos.

Porque no hay un norte y un sur. Solo hay una humanidad que necesita soluciones compartidas a desafíos comunes. https://t.co/43HLM5ICiR",3571,996,1927,256385,250,0,0,1,-0.296,negative
1939576801153454250,SanchezCastejon,Pedro Sanchez,Mon Jun 30 06:48:39 +0000 2025,"Querido @antonioguterres, por fin ha llegado el día. Arranca la Conferencia de Sevilla en la que tanto hemos trabajado. Esta semana será un hito para el multilateralismo. https://t.co/qglkyxcEjT",4020,900,1161,171079,194,0,1,1,0.34,positive
1939390792893665638,SanchezCastejon,Pedro Sanchez,Sun Jun 29 18:29:31 +0000 2025,"He agradecido al presidente del @BancoMundial, Ajay Banga, su compromiso con la Conferencia de Sevilla #FFD4 y el apoyo a las iniciativas de alivio a la deuda.

Hemos tratado la importancia del multilateralismo, de la creación de empleo local y su relación con las migraciones. https://t.co/YSWmz2LWT4",2157,604,692,102473,301,1,1,1,0.0,neutral
1939350776377233430,SanchezCastejon,Pedro Sanchez,Sun Jun 29 15:50:31 +0000 2025,"La Conferencia de Sevilla es la oportunidad de mostrar que seguimos luchando por un mundo mejor. Para las personas, para el planeta y para el futuro.

Juntos, podemos reforzar la confianza en el sistema multilateral y sus instituciones.

#GlobalCitizenNOW https://t.co/QkUm83bdPj",3643,974,1537,168457,279,1,0,1,0.0,neutral
1939334167101157648,SanchezCastejon,Pedro Sanchez,Sun Jun 29 14:44:31 +0000 2025,"Recién llegado a Sevilla para participar en la #FFD4, me he reunido con @JoseRaulMulino, presidente de Panamá.

Hemos reafirmado nuestro compromiso con el multilateralismo y nuestro deseo de seguir profundizando nuestras relaciones bilaterales. https://t.co/ajcwm3qLCB",2432,553,937,136181,268,1,1,1,0.0,neutral
1909231389569904991,SanchezCastejon,Pedro Sanchez,Mon Apr 07 13:06:49 +0000 2025,"Hoy me he reunido con entidades referentes del pueblo gitano para conmemorar el 600º aniversario de su llegada a España.

Gracias por vuestra labor. Juntos seguiremos construyendo una sociedad más tolerante e inclusiva. https://t.co/QCHs5s0tis",3227,736,1090,319663,243,0,0,1,0.0,neutral
1909196184738033705,SanchezCastejon,Pedro Sanchez,Mon Apr 07 10:46:56 +0000 2025,"Todo mi cariño a la familia y los seres queridos de la mujer asesinada en Ourense por violencia de género. 

Mi más rotunda condena hacia el terrorismo machista. Acabar con esta violencia estructural nos incumbe a todos.",2158,499,640,173513,220,0,0,0,0.0,neutral
1907802649044394180,SanchezCastejon,Pedro Sanchez,Thu Apr 03 14:29:31 +0000 2025,"Una niña ha sido asesinada en Murcia por violencia vicaria, la expresión más cruel del machismo.

Un horror insoportable.

No hay palabras, ni consuelo, solo compromiso: no pararemos hasta acabar con esta barbarie. 
#NiUnaMenos",3013,664,1360,238502,227,1,0,0,-0.8591,negative
1907765102347981002,SanchezCastejon,Pedro Sanchez,Thu Apr 03 12:00:19 +0000 2025,"Vamos a superar esta crisis injusta e injustificada, protegiendo a nuestras empresas y trabajadores, y sin renunciar a la justicia social, la igualdad, la sostenibilidad o el multilateralismo.

Porque nuestros valores no están en venta. Pero nuestros productos y servicios sí. https://t.co/ZSNggov3un",2932,957,1113,95159,300,0,0,1,-0.872,negative
1907762029970043035,SanchezCastejon,Pedro Sanchez,Thu Apr 03 11:48:07 +0000 2025,"El Gobierno está presente. Asume su responsabilidad y usa todos los recursos del Estado para proteger y ayudar a la gente.

Lo hicimos durante la pandemia. Lo hicimos durante la espiral inflacionaria. Lo hicimos durante la DANA. Y lo volveremos a hacer ahora. https://t.co/o1fPqnoFP9",2110,710,1469,158383,283,0,0,1,0.0,neutral
1907758469370745195,SanchezCastejon,Pedro Sanchez,Thu Apr 03 11:33:58 +0000 2025,"Desplegamos hoy mismo nuestro Plan de Respuesta y Relanzamiento Comercial que movilizará 14.100 M€ para mitigar los impactos negativos de esta guerra comercial.

Nuestros trabajadores y nuestras empresas son el motor de nuestra prosperidad. Y por eso vamos a defenderlos. https://t.co/88gWyrwXSi",1952,776,692,100125,295,0,0,1,0.0,neutral
1907755868738802074,SanchezCastejon,Pedro Sanchez,Thu Apr 03 11:23:38 +0000 2025,"Los aranceles anunciados por el presidente Trump no son 'recíprocos'.

Nadie se beneficiará de esto. Por eso le pedimos una vez más que recapacite. La mano está tendida.

Pero no nos quedaremos de brazos cruzados, la UE reaccionará con proporcionalidad, unidad y fortaleza. https://t.co/8PqXSiuKin",3434,958,721,183222,297,0,0,1,-0.5267,negative
1907510108264755638,SanchezCastejon,Pedro Sanchez,Wed Apr 02 19:07:04 +0000 2025,"Hoy me he reunido con las principales patronales y sindicatos de nuestro país para hablar sobre los aranceles propuestos por la Administración estadounidense y la posible respuesta nacional y europea. 

España protegerá a sus empresas y trabajadores y seguirá apostando por un https://t.co/POLpvfWNv3",2262,725,812,135340,300,0,0,1,0.0,neutral
1907336413789434022,SanchezCastejon,Pedro Sanchez,Wed Apr 02 07:36:52 +0000 2025,"Más de 161.000 nuevos empleos y el paro en el nivel más bajo en un mes de marzo en 17 años.

Más mujeres trabajando y menos en paro.

Y más empleo también entre los colectivos con mayores dificultades: menores de 30 años y mayores de 55.

Nuestras políticas funcionan. ¡Seguimos!",3335,1143,1345,293804,279,0,0,0,0.0,neutral
1907047097473323147,SanchezCastejon,Pedro Sanchez,Tue Apr 01 12:27:13 +0000 2025,"Aceleramos la transformación digital de España y facilitamos los trámites de identificación de los ciudadanos.

A partir de mañana, #MiDNI nos permitirá tener una versión digital del DNI en nuestro móvil para identificarnos de manera segura y con la misma eficacia jurídica. https://t.co/WRXtI5Zpjl",2223,687,1133,189893,298,1,0,1,0.0,neutral
1973095213489930548,SanchezCastejon,Pedro Sanchez,Tue Sep 30 18:38:51 +0000 2025,"Seguimos muy pendientes de la situación en Ibiza y Formentera ante las inundaciones de las últimas horas.

La @UMEgob ya está desplegada para dar apoyo a los equipos de emergencias locales.

Extrememos la precaución y sigamos las informaciones de los canales oficiales.",2011,478,495,89364,269,0,1,0,0.0,neutral
1973048188618608945,SanchezCastejon,Pedro Sanchez,Tue Sep 30 15:32:00 +0000 2025,"En Alcorcón, una familia que paga 1.000€ de alquiler se habría ahorrado 600€ al año con los topes de la Ley de Vivienda. 

¿Cuántas compras se pueden hacer con ese dinero? ¿Cuántos libros de texto o abonos de transporte? 

Hagamos, entre todos, la vida más fácil a la gente. https://t.co/fu3tfgRkEN",3967,1124,2398,545470,298,0,0,1,0.0,neutral
1973045936692568079,SanchezCastejon,Pedro Sanchez,Tue Sep 30 15:23:03 +0000 2025,"El Gobierno de España está liderando la estrategia más ambiciosa en décadas para convertir el acceso a la VIVIENDA en un derecho al alcance de todos y todas.

Hemos multiplicado por 8 la inversión en vivienda

Hemos construido 80.000 viviendas de alquiler asequible

Seguimos. https://t.co/5hCNR3dhCE",2511,786,1959,213566,300,0,0,1,0.0,neutral
1972789740073017360,SanchezCastejon,Pedro Sanchez,Mon Sep 29 22:25:01 +0000 2025,"España da la bienvenida a la propuesta de paz para Gaza impulsada por EEUU.

Hay que poner punto final a tanto sufrimiento.

Es la hora de que cese la violencia, se produzca la inmediata liberación de todos los rehenes y se dé acceso a la ayuda humanitaria para la población",5036,989,3516,2443832,274,0,0,0,0.0,neutral
1972756311424348412,SanchezCastejon,Pedro Sanchez,Mon Sep 29 20:12:11 +0000 2025,"Defender la libertad de expresión es defender la esencia misma de la democracia.

Alcemos la voz contra cualquier intento de anularla. Porque, si eso ocurre, si perdemos nuestra libertad de discrepar sin miedo a las represalias, estaremos sembrando la semilla de la tiranía. https://t.co/sRns6s7eLa",4688,1268,1719,131939,298,0,0,1,-0.4215,negative
1971593668344918043,SanchezCastejon,Pedro Sanchez,Fri Sep 26 15:12:15 +0000 2025,"Frente a los desafíos de nuestro tiempo, España y Canadá reafirman su voz común en defensa de la democracia y del multilateralismo.

En mi encuentro con @MarkJCarney nos hemos comprometido a impulsar las relaciones económicas bilaterales, con la UE y con otros socios comerciales. https://t.co/HhJOX14U6g",3082,792,812,73213,304,0,1,1,0.0,neutral
1971273993614237814,SanchezCastejon,Pedro Sanchez,Thu Sep 25 18:01:59 +0000 2025,"Nos reunimos con el presidente de @FIFAcom, Gianni Infantino, para seguir dando forma al Mundial 2030.

España, Portugal y Marruecos caminamos juntos hacia un evento que será un canto a la unión, a la diversidad y al poder del deporte para tender puentes. https://t.co/uhRTjOcTDK",4404,846,780,156285,279,0,1,1,0.0,neutral
1970938311356117383,SanchezCastejon,Pedro Sanchez,Wed Sep 24 19:48:06 +0000 2025,"España es ejemplo de que crecer y repartir no están enfrentados. Se puede defender el legítimo interés nacional y fortalecer los lazos comerciales.

Nuestro país avanza y queremos contribuir a que Europa y el mundo también avance.

Hagámoslo juntos. https://t.co/b25sQ2XhMp",3146,784,679,70693,273,0,0,1,-0.2023,negative
1970936567234433173,SanchezCastejon,Pedro Sanchez,Wed Sep 24 19:41:10 +0000 2025,"Querido @ZelenskyyUa, ha sido un placer volver a verte en Naciones Unidas.

Tienes mi compromiso. España continuará apoyando a Ucrania mientras sea necesario: tiene que prevalecer el derecho internacional. https://t.co/7orpGcO4YW",4525,866,697,136183,229,0,1,1,0.34,positive
1970639749657272787,SanchezCastejon,Pedro Sanchez,Wed Sep 24 00:01:43 +0000 2025,"Ante las narrativas antifeministas que inundan las redes sociales, tenemos que crear alianzas internacionales que inspiren a niños y jóvenes a ser campeones de la igualdad.

Gracias, @HeForShe, por vuestra labor. Contad con España, un país orgullosamente feminista. https://t.co/ICNmeIAUWx",4539,1153,1429,455459,289,0,1,1,0.0,neutral
1970522968485749174,SanchezCastejon,Pedro Sanchez,Tue Sep 23 16:17:40 +0000 2025,"Inicio mi jornada en Nueva York en la apertura de la #UNGA80.

Ante los desafíos globales, necesitamos más multilateralismo, más transición verde y más paz.

España seguirá apoyando a @UN para que esta sea la casa del diálogo y las soluciones compartidas. https://t.co/8HW41otlF2",4463,986,935,110749,279,1,1,1,0.0,neutral
1970466459546796327,SanchezCastejon,Pedro Sanchez,Tue Sep 23 12:33:08 +0000 2025,"Abrir más mercados para empresas europeas es algo que España apoya.

Hoy damos un paso más: la @EU_Commission cierra un acuerdo con Indonesia.

Celebro que Europa siga tendiendo puentes al resto del mundo para ser más fuerte y próspera.",1969,495,525,61274,236,0,1,0,0.0,neutral
1970286589831004554,SanchezCastejon,Pedro Sanchez,Tue Sep 23 00:38:23 +0000 2025,"Gracias, @BillGates y @gatesfoundation, por el Premio Global Goalkeepers.

España refuerza su compromiso con la Ayuda Oficial al Desarrollo: invertir en cooperación y salud global es apostar por un futuro más próspero, igualitario y seguro. https://t.co/InHI4FYjzA",9421,2208,2251,878972,264,0,2,1,0.0,neutral
1970241189828866539,SanchezCastejon,Pedro Sanchez,Mon Sep 22 21:37:59 +0000 2025,"Si el reconocimiento del Estado palestino es urgente, más urgente es que exista un pueblo palestino que lo habite.

En nombre de la razón, del Derecho Internacional y de la dignidad humana: paremos esta matanza.

No habrá solución de dos Estados mientras uno sufra un genocidio. https://t.co/wIrenCJmsn",23699,6802,1513,405334,302,0,0,1,-0.296,negative
1970194364593733921,SanchezCastejon,Pedro Sanchez,Mon Sep 22 18:31:55 +0000 2025,"Atesorad y defended la libertad de expresión.

Sin voz libre, una sociedad desaparece.

Las sociedades abiertas viven de la palabra, las creencias y la participación. Perder la libertad de disentir es abrir la puerta a la tiranía. Solo una democracia real las hace prosperar. https://t.co/IquH8zZ1ei",6349,1762,2497,445509,299,0,0,1,-0.5574,negative
1970192031050797456,SanchezCastejon,Pedro Sanchez,Mon Sep 22 18:22:39 +0000 2025,"Proteger a tu país es una cosa y matar a más de 60.000 civiles, desplazar a dos millones de personas, bombardear hospitales y matar de hambre a niños inocentes es otra muy distinta.

Hoy en @Columbia he denunciado la doble vara de medir ante la tragedia de Gaza.

Avanzar hacia la https://t.co/xy8oN7prrr",22566,6615,1646,616493,304,0,1,1,0.0,neutral
1969742413330571681,SanchezCastejon,Pedro Sanchez,Sun Sep 21 12:36:02 +0000 2025,"Esta legislatura MERECE LA PENA.

Por preservar los derechos, las libertades, por seguir avanzando.

Esta misma semana elevamos la previsión de crecimiento económico al 2,7% y tenemos más de 22 millones de personas ocupadas.

¡Claro que merece la pena! https://t.co/iIsdj9hyp8",3499,917,1020,99196,276,0,0,1,0.0,neutral
1969738887812501854,SanchezCastejon,Pedro Sanchez,Sun Sep 21 12:22:01 +0000 2025,"De Aznar no esperamos lecciones.

Esperamos disculpas.

Disculpas por sus mentiras de la Guerra de Irak y del 11-M. https://t.co/jVYw6BD3SL",8861,2242,1652,203644,139,0,0,1,-0.296,negative
1968760777004773751,SanchezCastejon,Pedro Sanchez,Thu Sep 18 19:35:21 +0000 2025,"Alemania y España seguirán profundizando sus lazos y apostando por más Europa.

Y si hay algo que nos une, @bundeskanzler, es nuestro rechazo al extremismo.

La UE es una historia de éxito. Defendamos su legado.

Ese mensaje de unidad es el más poderoso que podemos trasladar. https://t.co/xBuwFaV1Di",2541,648,1368,108274,300,0,1,1,0.0,neutral
1967180545533644829,SanchezCastejon,Pedro Sanchez,Sun Sep 14 10:56:05 +0000 2025,"Vamos a exigir a las plataformas la eliminación de 53.000 pisos turísticos por no cumplir con la normativa. Para que pasen a ser alquileres constantes para la gente joven y familias de este país.

Gobernar para la gente. Eso es lo que hacemos desde el @PSOE. https://t.co/o0TgX85aLo",9266,1945,3913,880793,282,0,1,1,-0.296,negative
1966202738489864227,SanchezCastejon,Pedro Sanchez,Thu Sep 11 18:10:37 +0000 2025,"A todas y todos los que habéis participado en la construcción de esta fragata: gracias y enhorabuena.

Esto es solo el comienzo.

Por primera vez en la historia, tenemos todos los ingredientes para triunfar. España es y será una nación abierta, próspera e industrial. https://t.co/3IIg9DWj6d",5040,1055,1310,164834,291,0,0,1,0.0,neutral
1966101838647763195,SanchezCastejon,Pedro Sanchez,Thu Sep 11 11:29:41 +0000 2025,"Formar hoy para proteger el mañana.

España se convierte en referente al incorporar a la educación obligatoria la cultura de la formación en emergencias y protección civil.

Las políticas de emergencias deben ser políticas de Estado. Hay cuestiones que trascienden las ideologías. https://t.co/MvzxsIIUgU",3431,904,864,94785,304,0,0,1,0.0,neutral
1965680804018671699,SanchezCastejon,Pedro Sanchez,Wed Sep 10 07:36:38 +0000 2025,"¿Qué ha hecho el señor Feijóo en los últimos 10 días?

Abandonar la institucionalidad, no tener posición ante la emergencia climática y mimetizarse, otra vez, con la ultraderecha. 

Mientras tanto, España funciona. https://t.co/oXuF4DiCt6",9090,2499,2329,247332,238,0,0,1,0.0516,positive
1965508020659753121,SanchezCastejon,Pedro Sanchez,Tue Sep 09 20:10:04 +0000 2025,"Condeno firmemente el ataque israelí sobre Catar. Vulnerar su soberanía y su territorio es una clara violación de los principios de la Carta de Naciones Unidas.

La violencia no puede seguir expandiéndose sin control por Oriente Medio.

Es momento de volver al marco de la",16134,3281,1750,506712,272,0,0,0,-0.7003,negative
1965395089812853135,SanchezCastejon,Pedro Sanchez,Tue Sep 09 12:41:19 +0000 2025,"El diálogo social es crucial para avanzar en los derechos de las personas trabajadoras y afrontar los grandes retos de nuestro tiempo.

Hoy me he reunido con @UnaiSordo, secretario general de @CCOO, para hablar sobre la agenda social y la propuesta de Pacto de Estado ante la https://t.co/eVCKdATWIk",1808,498,881,93744,299,0,2,1,0.0,neutral
1965138443874546145,SanchezCastejon,Pedro Sanchez,Mon Sep 08 19:41:30 +0000 2025,"Mi más rotunda condena ante el asesinato de dos mujeres en Sevilla y Barcelona por violencia de género y todo mi cariño a las familias y amigos de las víctimas. 

Nuestra sociedad no puede tolerar la violencia machista. Sigamos luchando juntos para erradicarla.

#NiUnaMenos",2447,548,610,159034,274,1,0,0,-0.296,negative
1965080293896785980,SanchezCastejon,Pedro Sanchez,Mon Sep 08 15:50:26 +0000 2025,"Invertir en cooperación no es solo un imperativo moral, es una apuesta inteligente.

Es proteger a nuestros hijos e hijas, cuidar del presente y del futuro de España.

El Gobierno va a culminar la reforma de nuestro sistema de cooperación. Es un contrato moral con nuestro tiempo. https://t.co/msKlfzf0sy",2116,603,636,96569,304,0,0,1,-0.296,negative
1964939880032797160,SanchezCastejon,Pedro Sanchez,Mon Sep 08 06:32:28 +0000 2025,"¡Feliz #DíaDeAsturias! 

Su fortaleza y solidaridad para afrontar los desafíos son dignas de reconocimiento, tanto como su cultura sidrera, declarada Patrimonio Inmateral de la Humanidad por la @UNESCO.

¡Puxa Asturies, en toes les ocasiones! https://t.co/UKgDkotWku",3348,520,476,189784,266,1,1,1,0.0,neutral
1964937988875432313,SanchezCastejon,Pedro Sanchez,Mon Sep 08 06:24:57 +0000 2025,"¡Feliz #DíaDeExtremadura a todos los extremeños y extremeñas!

Hoy celebramos la fuerza, la historia y la belleza de Extremadura. Un pueblo que, ante las adversidades, demuestra su resiliencia y espíritu de unión.

Orgulloso de su cultura y patrimonio que ha marcado su identidad. https://t.co/LCrwpsX8GV",1481,269,350,81937,304,1,0,1,0.4003,positive
1963342955042755062,SanchezCastejon,Pedro Sanchez,Wed Sep 03 20:46:52 +0000 2025,"Consternado por el terrible accidente del funicular de Glória en Lisboa.

Todo nuestro cariño y solidaridad con las familias de las víctimas y con el pueblo portugués en este difícil momento.

Y nuestros deseos de pronta recuperación a las personas heridas.",4849,709,667,273713,257,0,0,0,-0.4767,negative
1963182987295490552,SanchezCastejon,Pedro Sanchez,Wed Sep 03 10:11:13 +0000 2025,"Europa necesita coherencia, unidad y firmeza.

No basta con defender la democracia en los discursos: hay que protegerla con hechos.

Comparto mi entrevista con @guardian.
https://t.co/tpEhbzdGiR",3249,1097,1369,194253,194,0,1,1,-0.2023,negative
1962771752502579472,SanchezCastejon,Pedro Sanchez,Tue Sep 02 06:57:06 +0000 2025,"¡Feliz Día de Ceuta a todos y todas las ceutíes!

Que la convivencia y el respeto sigan siendo la seña de identidad de una ciudad que ha hecho de la diversidad uno de sus principales patrimonios. https://t.co/kFkUGcL3YK",1680,291,1027,156042,219,0,0,1,0.4003,positive
1962540768960168112,SanchezCastejon,Pedro Sanchez,Mon Sep 01 15:39:16 +0000 2025,"España elige sumar y construir.

Reforzamos nuestro apoyo a la reforma de la OMS y a una arquitectura sanitaria global más ágil, transparente y justa.

Así se lo ha trasladado al director general de @WHO, @DrTedros. https://t.co/IThtzrzUoz",2636,675,760,88978,239,0,2,1,0.34,positive
1961739477547712680,SanchezCastejon,Pedro Sanchez,Sat Aug 30 10:35:13 +0000 2025,"He hablado con el presidente Abbas para expresarle el firme apoyo de España tras la injusta revocación de los visados a los delegados palestinos en la próxima semana de alto nivel de la ONU.

Palestina tiene derecho a hacer oír su voz en Naciones Unidas y en todos los foros",14145,3411,2395,523668,274,0,0,0,0.0,neutral
1960988683370156462,SanchezCastejon,Pedro Sanchez,Thu Aug 28 08:51:50 +0000 2025,"Cada agresión de Rusia en esta guerra injusta es un nuevo golpe contra la paz.

El ataque a una misión diplomática es una nueva violación flagrante del derecho internacional.

Toda mi solidaridad con el personal de la @EUDelegationUA en Kyiv, las víctimas y el pueblo ucraniano.",2403,689,1199,306468,278,0,1,0,0.0,neutral
1958864104300351588,SanchezCastejon,Pedro Sanchez,Fri Aug 22 12:09:31 +0000 2025,"Unidos contra la Emergencia Climática. 

La próxima Conferencia de Presidentes debe servir para unir a todas las instituciones, autonomías y diputaciones, para hacer frente a una situación que nos interpela a todos. 

Desde este mismo martes, convocaremos la Comisión https://t.co/98scohkTCS",3565,978,2477,193815,291,0,0,1,0.0,neutral
1958862020129787914,SanchezCastejon,Pedro Sanchez,Fri Aug 22 12:01:14 +0000 2025,"Quiero felicitar a @VirBarcones y a @proteccioncivil por su labor al pie del cañón todos estos días.

Todos los efectivos al alcance del Estado han sido desplegados para combatir los incendios.

Gracias a la solidaridad de las CC.AA. y de los países que están con nuestro país. https://t.co/rwqejlqixO",7770,2102,1179,214651,301,0,2,1,0.0,neutral
1958610072457588962,SanchezCastejon,Pedro Sanchez,Thu Aug 21 19:20:05 +0000 2025,"Estamos siendo testigos de la mejor Europa. La que nos protege frente a la adversidad.

Así se lo he trasladado a @vonderleyen con quien he hablado de la necesidad de seguir apostando por el Mecanismo Europeo de protección civil. Contaremos con su ayuda para recuperarnos también.",5804,1462,2504,421993,280,0,1,0,0.0,neutral
1957780143927169106,SanchezCastejon,Pedro Sanchez,Tue Aug 19 12:22:14 +0000 2025,"Lealtad institucional, corresponsabilidad y solidaridad entre territorios frente a los incendios.

El Gobierno de España ha estado desde el primer momento y seguiremos estando para reconstruir los territorios afectados.

A la ciudadanía: no bajemos la guardia. https://t.co/NBRdPEnJaZ",6223,1747,2804,195421,284,0,0,1,0.0516,positive
1957777818806268097,SanchezCastejon,Pedro Sanchez,Tue Aug 19 12:13:00 +0000 2025,"El próximo martes en el Gobierno aprobaremos las ayudas para las zonas golpeadas por los incendios.

Estaremos al lado de sus vecinos en la recuperación y reconstrucción. https://t.co/KFczp2B8pS",3590,959,2182,307920,194,0,0,1,0.0,neutral
1957495342041055632,SanchezCastejon,Pedro Sanchez,Mon Aug 18 17:30:32 +0000 2025,"Hoy, en el Cabildo de Lanzarote, me he reunido con el presidente de Canarias, @FClavijoBatlle, junto al ministro @avtorresp.

Hemos abordado la agenda canaria y la gestión del reto migratorio, con el compromiso de seguir trabajando juntos. https://t.co/qqLtm9XbSN",2531,617,1269,130351,263,0,2,1,0.0,neutral
1957066543419793601,SanchezCastejon,Pedro Sanchez,Sun Aug 17 13:06:39 +0000 2025,"Proponemos un gran Pacto de Estado frente a la Emergencia Climática.

Lo que está sucediendo nos interpela a todas las Administraciones Públicas, a los Grupos Parlamentarios y al conjunto del país.

Debemos responder de la mano de la Ciencia a la aceleración del cambio climático. https://t.co/SbgzJqy78S",7027,1826,6169,2782660,304,0,0,1,0.0,neutral
1955982707420205172,SanchezCastejon,Pedro Sanchez,Thu Aug 14 13:19:52 +0000 2025,"Siempre agradecidos a quienes lo dais todo por salvar vidas, hogares y naturaleza. 

Sigamos extremando la precaución.",3305,857,1494,276337,118,0,0,0,0.0,neutral
1955729140474081352,SanchezCastejon,Pedro Sanchez,Wed Aug 13 20:32:17 +0000 2025,"El riesgo continúa siendo muy alto: prudencia y responsabilidad.

Gracias a quienes, con su esfuerzo incansable y valentía, están salvando vidas, hogares y naturaleza.",2830,788,822,170006,167,0,0,0,0.0,neutral
1955541953392566488,SanchezCastejon,Pedro Sanchez,Wed Aug 13 08:08:28 +0000 2025,"Los equipos de emergencia siguen luchando contra el fuego en diferentes puntos de nuestro país. 

La situación de los incendios sigue siendo grave. Extremar la precaución es esencial.

Gracias, una vez más, a quienes trabajáis sin descanso para combatir las llamas.",2465,733,854,146937,265,0,0,0,-0.7351,negative
1955334008583163966,SanchezCastejon,Pedro Sanchez,Tue Aug 12 18:22:10 +0000 2025,"Todos los medios del Gobierno para luchar contra los incendios.

La noche será complicada en muchas zonas de España.

Mucha precaución y sigamos las recomendaciones de las autoridades.

Todo mi apoyo a las personas que se encuentran en zonas afectadas. Y mis mejores deseos de",4095,1125,1520,443272,276,0,0,0,0.0,neutral
1954597468148265459,SanchezCastejon,Pedro Sanchez,Sun Aug 10 17:35:25 +0000 2025,"Pendiente de la evolución de los incendios forestales en Navarra y Castilla y León, con la @UMEgob desplegada ya en Zamora y León.

Mi solidaridad con todos los vecinos afectados y el agradecimiento, una vez mas, a los efectivos desplegados.

Mucha precaución.",3910,818,1851,397287,260,0,1,0,0.0,neutral
1954444082152866193,SanchezCastejon,Pedro Sanchez,Sun Aug 10 07:25:55 +0000 2025,"En el #DíadeCantabria reivindicamos una tierra abierta, hospitalaria y noble.

El Día de la Montaña rememora en Cabezón de la Sal sus orígenes, su historia compartida y su identidad, cultura y tradiciones, que la hacen única.

¡Feliz día a los cántabros y cántabras! https://t.co/X3sPjYIdmf",1758,356,1071,182653,290,1,0,1,0.5093,positive
1954185135617650966,SanchezCastejon,Pedro Sanchez,Sat Aug 09 14:16:57 +0000 2025,"I just talked to @ZelenskyyUa to discuss about the latest developments on the ground. I expressed once again my full support to him.

We must reach a just and lasting peace that respects Ukraine's independence and sovereignty. 

Nothing about Ukraine without Ukraine. We must",3614,763,1124,219581,275,0,1,0,0.8225,positive
1953799374502313992,SanchezCastejon,Pedro Sanchez,Fri Aug 08 12:44:05 +0000 2025,"España recibe más de 23.000 M€ del quinto desembolso de los fondos europeos del #PlanDeRecuperación.

Hemos cumplido ya 264 hitos y objetivos, reforzando el liderazgo en la implementación de fondos #NextGenerationEU.

Seguimos impulsando la modernización de la economía española.",4486,1546,2115,433997,279,2,0,0,0.0,neutral
1953754340130185456,SanchezCastejon,Pedro Sanchez,Fri Aug 08 09:45:08 +0000 2025,Todo mi cariño y apoyo a José María Ángel y a su familia en estos difíciles momentos.,4411,986,1919,624894,85,0,0,0,0.0,neutral
1953096178511351950,SanchezCastejon,Pedro Sanchez,Wed Aug 06 14:09:50 +0000 2025,"Un abrazo y todo mi cariño a la familia de la mujer asesinada en Badajoz. 

Hagamos frente a la barbarie de la violencia machista con determinación y unidad.",3677,726,1636,469038,157,0,0,0,0.0,neutral
1952645909960970320,SanchezCastejon,Pedro Sanchez,Tue Aug 05 08:20:37 +0000 2025,"Adelina, Ana, Blanca, Carmen, Dionisia, Elena, Joaquina, Julia, Luisa, Martina, Pilar, Victoria y Virtudes fueron asesinadas por defender la democracia, la justicia y la libertad. 

Que sus nombres no se borren de la historia.

Que la memoria gane al olvido. 

#13Rosas 🌹 https://t.co/qEUnSbGALr",9100,2633,2837,496990,295,1,0,1,-0.2023,negative
1952272166952534443,SanchezCastejon,Pedro Sanchez,Mon Aug 04 07:35:30 +0000 2025,"Más empleo. Menos paro. Más mujeres y jóvenes con trabajo.

España avanza. Seguimos.",5233,1414,2455,523451,84,0,0,0,0.0,neutral
1950890544688701934,SanchezCastejon,Pedro Sanchez,Thu Jul 31 12:05:26 +0000 2025,"Todo mi cariño para la familia y amigos de la mujer asesinada en la provincia Navarra, víctima de la #ViolenciaDeGénero.

Hago un nuevo llamamiento a la unidad. Juntos acabaremos con esta violencia estructural.

Recuerda, en verano siguen activos todos los recursos para ayudarte.",2482,586,1470,215557,280,1,0,0,0.296,positive
1950847622287442056,SanchezCastejon,Pedro Sanchez,Thu Jul 31 09:14:52 +0000 2025,"Los últimos datos de @EU_Eurostat lo dejan claro: la economía española lidera el crecimiento en Europa y, pese al impacto de la pandemia, es hoy un 13% mayor que en 2018. 

Hemos crecido casi el doble que Francia e Italia, y 6 veces más que Alemania. https://t.co/557qHCxzaZ",7645,2185,3099,1315775,274,0,1,1,0.0,neutral
1950483901354246517,SanchezCastejon,Pedro Sanchez,Wed Jul 30 09:09:34 +0000 2025,"Permanecemos atentos a la evolución de los incendios en las provincias de Ávila y Cáceres.

Estamos en situación de riesgo extremo. Por favor, no lo olvidemos. 

Toda mi solidaridad con los vecinos afectados y el agradecimiento a los servicios desplegados para su extinción.",2282,479,997,145411,274,0,0,0,0.128,positive
1950267307416052027,SanchezCastejon,Pedro Sanchez,Tue Jul 29 18:48:54 +0000 2025,"He conversado con S.M el Rey sobre la buena situación económica que atraviesa España. 

Los datos de crecimiento económico, los más de 22 millones de ocupados y la estabilidad laboral demuestran el dinamismo y el vigor de nuestra economía. https://t.co/eu3vw532Ba",5585,1347,3489,512991,263,0,0,1,0.2732,positive
1950097971095207991,SanchezCastejon,Pedro Sanchez,Tue Jul 29 07:36:02 +0000 2025,"Esta noche se ha movilizado a la @UMEgob para colaborar en la extinción del incendio que afecta a un paraje de enorme riqueza.

Estamos muy pendientes de la evolución de este fuego en Mombeltrán y varios municipios del Barranco de las Cinco Villas en Ávila.

Mucha precaución.",2260,528,743,144799,276,0,1,0,0.34,positive
1950092768107200798,SanchezCastejon,Pedro Sanchez,Tue Jul 29 07:15:21 +0000 2025,"El PIB acelera y crece un 0,7% en el segundo trimestre.

España AVANZA. Y su ciudadanía lo hace con ella.",4555,1307,1788,602395,105,0,0,0,0.0,neutral
1949798263340609834,SanchezCastejon,Pedro Sanchez,Mon Jul 28 11:45:06 +0000 2025,"España es un país que mejora año tras año en la mayoría de indicadores y que es contemplada en medio mundo como un modelo de éxito a seguir.

En los próximos dos años seguiremos impulsando una agenda social, económica y medioambiental ambiciosa y progresista.

España avanza. https://t.co/Y7I2GK299u",2637,795,1719,214654,299,0,0,1,0.0,neutral
1949794537481605468,SanchezCastejon,Pedro Sanchez,Mon Jul 28 11:30:17 +0000 2025,"Detener la hambruna en Gaza es un imperativo moral, político y humanitario.

El Gobierno prepara ya un envío de alimento para la Franja.

Pero la única solución verdadera es que Netanyahu active un alto el fuego, abra el corredor humanitario terrestre y acabe con esta barbarie. https://t.co/NPhs5f4gRG",10513,3129,1544,249378,302,0,0,1,0.4019,positive
1949790284981649711,SanchezCastejon,Pedro Sanchez,Mon Jul 28 11:13:23 +0000 2025,"Les anuncio que mañana aprobaremos una ampliación histórica de los permisos de nacimiento y cuidados.

Los ciudadanos podrán disfrutar de 3 semanas más de permisos retribuidos para cuidar a sus hijos e hijas.

Frente a los recortes de unos, la ampliación de derechos de otros. https://t.co/Ox17R5IhsE",9675,1946,2522,945222,300,0,0,1,0.0,neutral
1949546105005301846,SanchezCastejon,Pedro Sanchez,Sun Jul 27 19:03:06 +0000 2025,"Campeonas, siempre.

Nuestra @SEFutbolFem, ejemplo y orgullo de España.",8729,1150,1308,483600,71,0,1,0,0.0,neutral
1948636629528444946,SanchezCastejon,Pedro Sanchez,Fri Jul 25 06:49:11 +0000 2025,"“A liberdade é a única reserva coa que contan os pobos para crearen o seu futuro”, escribió Castelao.

Hoy, 25 de julio, celebramos una tierra que enriquece nuestro país con su identidad, su cultura y su lengua.

¡Feliz Día de Galicia!
Feliz #25deXullo. https://t.co/S80n6xt2OH",5034,771,1470,318840,277,1,0,1,0.0,neutral
1948479910340952378,SanchezCastejon,Pedro Sanchez,Thu Jul 24 20:26:26 +0000 2025,"Celebro que Francia se sume a España y otros países europeos en su reconocimiento del Estado de Palestina. 

Entre todos debemos proteger lo que Netanyahu está tratando de destruir. La solución de los dos Estados es la única solución.",19078,4249,1831,652777,234,0,0,0,0.0,neutral
1948397747716935980,SanchezCastejon,Pedro Sanchez,Thu Jul 24 14:59:57 +0000 2025,"¡Equipazo! 

¡Enhorabuena, CAMPEONES!

Brutal el partido que habéis hecho.",3239,494,541,161428,74,0,0,0,-0.6892,negative
1948284898256564409,SanchezCastejon,Pedro Sanchez,Thu Jul 24 07:31:31 +0000 2025,"España vuelve a batir récords de empleo.

Por primera vez, superamos los 22 millones de personas ocupadas.

La economía española avanza con fuerza y lo hace creando empleo de calidad.

¡Seguimos!",8453,2469,2148,573503,195,0,0,0,0.0,neutral
1948074575209656612,SanchezCastejon,Pedro Sanchez,Wed Jul 23 17:35:46 +0000 2025,"España y Paraguay comparten fuertes vínculos que hemos estrechado más con esta visita.

El presidente @SantiPenap y yo estamos convencidos de que el Acuerdo UE-Mercosur impulsará las oportunidades económicas a ambos lados del Atlántico y, singularmente, para nuestros países. https://t.co/8d7me32nw0",1577,466,759,53289,299,0,1,1,0.0,neutral
1947761528897241135,SanchezCastejon,Pedro Sanchez,Tue Jul 22 20:51:50 +0000 2025,"La historia de Lucía Topolansky es el relato mismo de la fortaleza inquebrantable. Conversar con ella es abrazar el compromiso de una mujer que ha entregado su vida por un mundo mejor. 

Recordamos a Pepe Mujica en su casa, espejo fiel de una política vivida con el corazón https://t.co/3G42BnmfBs",7538,1561,1122,217347,297,0,0,1,0.34,positive
1947715225681031433,SanchezCastejon,Pedro Sanchez,Tue Jul 22 17:47:51 +0000 2025,"La relación entre España y Uruguay es muy estrecha, y hoy nos acercamos todavía más con la firma de seis acuerdos y una declaración conjunta que refleja nuestros valores compartidos.

Gracias presidente @OrsiYamandu por tu hospitalidad y tu compromiso. https://t.co/TJp04Cu17e",3220,702,733,106653,276,0,1,1,0.0,neutral
1947679139114225705,SanchezCastejon,Pedro Sanchez,Tue Jul 22 15:24:27 +0000 2025,"En Uruguay hay más de cien empresas españolas creando riqueza y empleo, lo que convierte a España en el primer país por inversión acumulada en esta tierra hermana.

He animado a las compañías de los dos países a seguir estrechando lazos en favor de la prosperidad compartida. https://t.co/Su3Sz3Y0XW",3043,745,756,156949,299,0,0,1,0.4019,positive
1947553630023766290,SanchezCastejon,Pedro Sanchez,Tue Jul 22 07:05:43 +0000 2025,"¡Espectacular, Iris!",4542,654,501,192014,20,0,0,0,0.0,neutral
1947427510263624074,SanchezCastejon,Pedro Sanchez,Mon Jul 21 22:44:34 +0000 2025,La principal causa común que vamos a tener en el siglo XXI es que este siglo será de las mujeres o no será. https://t.co/jAGuiVb5w5,6260,1555,4269,680070,131,0,0,1,-0.296,negative
1947348861665567061,SanchezCastejon,Pedro Sanchez,Mon Jul 21 17:32:03 +0000 2025,"Los gobiernos progresistas encabezamos la respuesta ante la internacional reaccionaria que nos quiere llevar al pasado.

La esperanza reposa en políticas que fortalecen la democracia, combaten la desinformación y reducen la desigualdad. https://t.co/xwtkkLqHxt",6965,1832,1966,170769,260,0,0,1,0.0,neutral
1947300383417634957,SanchezCastejon,Pedro Sanchez,Mon Jul 21 14:19:25 +0000 2025,"Gracias, presidente @GabrielBoric, por tu acogida.

Ya en Chile. Hoy, los líderes de cinco países expresaremos nuestro compromiso con la democracia y el multilateralismo ante la involución en libertades y derechos de la que el mundo es testigo.
#DemocraciaSiempre https://t.co/m9Y6lJVJSy",12271,2486,1643,240221,287,1,1,1,0.0,neutral
1946888715323802108,SanchezCastejon,Pedro Sanchez,Sun Jul 20 11:03:35 +0000 2025,"Cinco voces progresistas, un mismo compromiso. Hoy viajaré a Chile para abordar los riesgos a los que se enfrentan nuestras democracias.

Trabajamos con la convicción de que la democracia es el mejor camino para la paz, la cohesión social y las oportunidades para todos.

Comparto https://t.co/EBvGToJxCw",8992,2419,2991,614331,304,0,0,1,0.0,neutral
1946248166585627014,SanchezCastejon,Pedro Sanchez,Fri Jul 18 16:38:17 +0000 2025,"Vuelvo a hacer un llamamiento a la precaución. Nos encontramos en situación de riesgo extremo de incendios forestales.

Estamos muy pendientes de los fuegos activos en Alicante y Ávila.

Gracias a todos los servicios de emergencias y extinción de incendios por su labor.",8237,1574,2773,521091,270,0,0,0,0.0,neutral
1945917456788132031,SanchezCastejon,Pedro Sanchez,Thu Jul 17 18:44:09 +0000 2025,"Siguiendo la evolución del incendio en Méntrida, que se extiende por Castilla-La Mancha y Madrid. Toda mi solidaridad con los vecinos afectados.

La @UMEgob ya está activada y ponemos a disposición todos los recursos del Gobierno para colaborar en su extinción.

Mucha precaución.",3776,817,1303,246624,280,0,1,0,0.0,neutral
1945815730668151116,SanchezCastejon,Pedro Sanchez,Thu Jul 17 11:59:56 +0000 2025,"Javier fue la suma perfecta de conocimiento, rigor y compromiso.

Nos ha dejado hoy, un ejemplo de talento a disposición del servicio público.

Un abrazo a su familia y amigos.",2004,481,549,164189,176,0,0,0,0.5859,positive
1945531008972886083,SanchezCastejon,Pedro Sanchez,Wed Jul 16 17:08:33 +0000 2025,"España apuesta por África. Con ambición y mirada de futuro. 

Las empresas son clave para convertir esa apuesta en realidad. https://t.co/pgviuj3IZq",3341,759,3083,527562,148,0,0,1,0.0,neutral
1945486379066024299,SanchezCastejon,Pedro Sanchez,Wed Jul 16 14:11:12 +0000 2025,"España y Mauritania comparten intereses en materia de seguridad, desarrollo y prosperidad.

Reforzamos una relación estratégica con más cooperación, más ambición económica y más vínculos culturales.

Mauritania es un país de oportunidades por el que merece la pena apostar. https://t.co/6lYFI10oPz",1665,486,931,102208,297,0,0,1,0.0,neutral
1945441260996575544,SanchezCastejon,Pedro Sanchez,Wed Jul 16 11:11:55 +0000 2025,"Mauritania es un socio clave para España y para la Unión Europea.

Ya en Nuakchot para celebrar la primera Reunión de Alto Nivel entre ambos países, estrechar nuestras relaciones bilaterales y reforzar nuestro compromiso en áreas esenciales. https://t.co/9f4kAxHtX4",2790,720,1605,435370,265,0,0,1,0.0,neutral
1944813262043824507,SanchezCastejon,Pedro Sanchez,Mon Jul 14 17:36:29 +0000 2025,"España, segundo país de la UE en ganar las becas competitivas #ERCPoC del Consejo Europeo de Investigación @ERC_Research.

20 proyectos innovadores para transformar Europa. ¡Enhorabuena a los investigadores e investigadoras seleccionados!",1934,673,918,120614,238,1,1,0,0.0,neutral
1944764446775132554,SanchezCastejon,Pedro Sanchez,Mon Jul 14 14:22:30 +0000 2025,"El racismo es incompatible con la democracia.

Lo que estamos viendo en Torre-Pacheco nos interpela a todos. Debemos alzar la voz, actuar con firmeza y defender los valores que nos unen.

España es un país de derechos, no de odio.",19019,3150,7908,2238803,230,0,0,0,-0.2023,negative
1944760536576463117,SanchezCastejon,Pedro Sanchez,Mon Jul 14 14:06:58 +0000 2025,"Mucho ánimo y fuerza, @bsemper.

Te deseo una pronta recuperación.",6758,650,619,653396,66,0,1,0,0.0,neutral
1944039707408486846,SanchezCastejon,Pedro Sanchez,Sat Jul 12 14:22:39 +0000 2025,"La apertura económica y el comercio crean prosperidad. Los aranceles injustificados la destruyen.

Por eso apoyamos y apoyaremos a la Comisión en sus negociaciones para alcanzar un acuerdo con EEUU antes del 1 de agosto.

Unidos, los europeos constituimos el mayor bloque",2677,770,1839,324877,271,0,0,0,0.0,neutral
1944008766107664703,SanchezCastejon,Pedro Sanchez,Sat Jul 12 12:19:42 +0000 2025,"Muy pendientes de la situación en varias comunidades con avisos por fuertes lluvias y tormentas.

Efectivos de la @UMEgob están colaborando ya en municipios de la Ribera Alta del Ebro.

Sigan las indicaciones de protección civil y eviten desplazamientos. Mucha precaución.",4188,901,2744,700535,272,0,1,0,0.0,neutral
1943346165849722945,SanchezCastejon,Pedro Sanchez,Thu Jul 10 16:26:46 +0000 2025,"Lamento profundamente el fallecimiento de un bombero durante la extinción del incendio en Paüls.

Mi más sentido pésame a su familia y compañeros de @bomberscat.

Mi reconocimiento a la ingente labor que realizan bomberos y servicios de emergencia en la lucha contra incendios.",5349,884,1906,430990,277,0,1,0,0.0,neutral
1943278941243940900,SanchezCastejon,Pedro Sanchez,Thu Jul 10 11:59:38 +0000 2025,"España reitera su apoyo a Ucrania.

Vamos a abrir una nueva Oficina para la Reconstrucción de Ucrania en Madrid.

Además, convocaremos una nueva reunión de la Comisión Mixta España-Ucrania, junto con un foro empresarial que promueva los vínculos entre nuestras empresas. https://t.co/VId4JosCmI",2131,601,1838,265237,294,0,0,1,0.0,neutral
1943256519102861530,SanchezCastejon,Pedro Sanchez,Thu Jul 10 10:30:32 +0000 2025,"En Roma, reafirmamos una vez más nuestro compromiso con la recuperación de Ucrania. 

Ayudando a su reconstrucción, defendemos la dignidad, la libertad y el futuro del pueblo ucraniano. https://t.co/XyCZTQNCIp",1978,568,1015,123115,209,0,0,1,0.0,neutral
1942939360027988039,SanchezCastejon,Pedro Sanchez,Wed Jul 09 13:30:16 +0000 2025,España es la esperanza. https://t.co/mE92XGa3gk,4080,1017,2382,174551,47,0,0,1,0.0,neutral
1942906578278973915,SanchezCastejon,Pedro Sanchez,Wed Jul 09 11:20:00 +0000 2025,La ‘cláusula Quirón’ del PP. https://t.co/CtVDnGPqU3,11857,4031,1517,906297,52,0,0,1,0.0,neutral
1942863534628499459,SanchezCastejon,Pedro Sanchez,Wed Jul 09 08:28:57 +0000 2025,"Vamos a superar la crisis de corrupción. Con hechos y medidas que fortalecerán nuestra democracia. Con acción y coherencia, no dando pasos a un lado.

Afronto este reto con determinación y humildad.

Caminando hacia adelante. Siempre hacia adelante. https://t.co/rdPdaf24fM",3163,962,1563,103671,273,0,0,1,-0.743,negative
1942860424220725710,SanchezCastejon,Pedro Sanchez,Wed Jul 09 08:16:36 +0000 2025,"Debemos perseguir a los corruptos y a las empresas corruptoras.

Por eso, vamos a endurecer las penas por delitos contra la Administración pública en el Código Penal.

No basta con castigar. Hay que reparar el daño causado. Devolver a lo público lo que es de todos. https://t.co/lfRAELjeFd",2553,821,1655,176368,289,0,0,1,-0.296,negative
1942856296568369153,SanchezCastejon,Pedro Sanchez,Wed Jul 09 08:00:12 +0000 2025,"El Gobierno de coalición progresista propone la aprobación de un Plan Estatal de Lucha Contra la Corrupción.

Con 15 medidas diseñadas con el apoyo de la OCDE y que supondrá el mayor impulso a la prevención, lucha y reparación de la corrupción que se ha hecho nunca en España. https://t.co/B7lOeuarGt",2021,684,825,109598,300,0,0,1,0.34,positive
1942851951487586716,SanchezCastejon,Pedro Sanchez,Wed Jul 09 07:42:56 +0000 2025,"No voy a tirar la toalla.

Voy a continuar.

Porque yo soy un político limpio, porque aspiro a recuperar la confianza de la mayoría de esta cámara y porque este proyecto político va mucho más allá de mi persona y aún no está culminado. https://t.co/7q7LALnvpz",16985,3011,8152,1561709,259,0,0,1,-0.5267,negative
1942700075387339077,SanchezCastejon,Pedro Sanchez,Tue Jul 08 21:39:26 +0000 2025,"Suso Díaz fue un referente del sindicalismo y la lucha por los derechos de los trabajadores. Comprometido, honesto y generoso, dedicó su vida a construir un mundo más justo.

Mi cariño y respeto, querida @Yolanda_Diaz_.",5418,925,514,293390,219,0,1,0,0.0,neutral
1942515855876931896,SanchezCastejon,Pedro Sanchez,Tue Jul 08 09:27:24 +0000 2025,"España fue durante décadas una tierra de partida, de esfuerzo fuera de nuestras fronteras.

Hoy es tierra de acogida, y quienes llegan contribuyen con su esfuerzo a construir una mejor España.

No olvidemos de dónde venimos para entender quiénes somos.",18302,3048,6232,3604999,252,0,0,0,-0.296,negative
1942478416822911064,SanchezCastejon,Pedro Sanchez,Tue Jul 08 06:58:38 +0000 2025,"Muy pendientes de la evolución del incendio forestal en Paüls, que afecta a varias localidades de Terres de l’Ebre.

Efectivos de la @UMEgob ya están en la zona para colaborar en su extinción.

Mi solidaridad con los vecinos afectados. Sigamos las indicaciones y mucha precaución.",3056,620,1193,248005,280,0,1,0,0.0,neutral
