tweet_id,username,politician,date,text,likes,retweets,replies,views,length,hashtags,mentions,links,sentiment,sentiment_label
1906662302142562336,Santi_ABASCAL,Santiago Abascal,Mon Mar 31 10:58:11 +0000 2025,No conseguirán callar la voz del pueblo francés. https://t.co/Ek9nemw6WK,15031,4430,1890,696831,72,0,0,1,-0.296,negative
1906434254466400606,Santi_ABASCAL,Santiago Abascal,Sun Mar 30 19:52:00 +0000 2025,"Pero no olvidemos que los apellidos de los delincuentes que nos han condenado a esto son otros: Sánchez, Bolaños, Marlaska, Montero, Díaz... y sus aliados bipartidistas",5224,2094,192,115083,168,0,0,0,-0.296,negative
1906369072989622664,Santi_ABASCAL,Santiago Abascal,Sun Mar 30 15:33:00 +0000 2025,"Enhorabuena al #wow17 y al gran @Topuriailia por el multitudinario evento deportivo de artes marciales mixtas de ayer en Madrid.

Fue un placer poder acompañaros. 👊🏻 https://t.co/2mrfk7Eh3E",2496,864,61,53943,189,1,1,1,0.0,neutral
1906068698378494291,Santi_ABASCAL,Santiago Abascal,Sat Mar 29 19:39:25 +0000 2025,A los penaltis para desempatar.,4662,1396,218,163725,31,0,0,0,0.0,neutral
1905991606198526053,Santi_ABASCAL,Santiago Abascal,Sat Mar 29 14:33:05 +0000 2025,"Los admiradores de última hora de Giorgia Meloni -antes la demonizaron- deberían leer atentamente esta excelente entrevista. 

Es fácil de entender. Vance tenía razón, porque en realidad dijo lo que muchos políticos europeos (por supuesto, también Meloni) llevamos tiempo",2719,1277,147,101430,271,0,0,0,0.0,neutral
1905726836023407013,Santi_ABASCAL,Santiago Abascal,Fri Mar 28 21:00:59 +0000 2025,"SIN MIEDO A NADA NI A NADIE
#kitdesupervivencia https://t.co/Gz0dTYmpj0",11232,3745,1092,893502,71,1,0,1,-0.6523,negative
1905710719884279997,Santi_ABASCAL,Santiago Abascal,Fri Mar 28 19:56:56 +0000 2025,"Haces una llamada... y no te la contestan.

Caes mal, farsante.",6189,1555,607,187639,63,0,0,0,-0.296,negative
1905663092802900376,Santi_ABASCAL,Santiago Abascal,Fri Mar 28 16:47:41 +0000 2025,Lo habéis puesto vosotros ahí. Punto.,4156,1691,136,77442,37,0,0,0,0.0,neutral
1905354455517704298,Santi_ABASCAL,Santiago Abascal,Thu Mar 27 20:21:16 +0000 2025,"Los burócratas del bipartidismo de Bruselas están sembrando el miedo para mantenerse en el poder,  y para censurar a los que nos oponemos a sus planes suicidas :

Socialistas y populares europeos nos están llevándonos a una guerra comercial contra EEUU … de la mano de China.  Y",2037,1130,144,64090,278,0,0,0,0.0,neutral
1904972305236902273,Santi_ABASCAL,Santiago Abascal,Wed Mar 26 19:02:44 +0000 2025,"Igual que en la pandemia, igual que con su anunciado apocalipsis climático, ya vuelve de nuevo la dictadura del miedo, los editoriales únicos, el terrorismo informativo y todo lo que haga falta para acumular poder y silenciar a la verdadera oposición.",3929,1521,199,98752,251,0,0,0,0.0,neutral
1904935358028017899,Santi_ABASCAL,Santiago Abascal,Wed Mar 26 16:35:55 +0000 2025,"Ya está bien. 

No se puede seguir aguantando a este corrupto que ha vendido España y la democracia para agarrarse al poder como un vulgar tirano que además se dedica a mentir y difamar desde su posición de privilegio. https://t.co/hCJwhuH4yv",12986,4668,627,270271,242,0,0,1,0.0516,positive
1904835827106034019,Santi_ABASCAL,Santiago Abascal,Wed Mar 26 10:00:25 +0000 2025,"A las órdenes de la canciller ‘Palpatine Von der Leyen’, socialistas y populares nos han hecho cada vez más débiles en Europa: Debilidad agraria; debilidad industrial, debilidad energética, islamización,  recortes de libertades...

Así se lo he dicho hoy en la tribuna del https://t.co/L9xrIk2WKO",8212,3493,461,169281,296,0,0,1,0.0,neutral
1904501874159460835,Santi_ABASCAL,Santiago Abascal,Tue Mar 25 11:53:25 +0000 2025,Es incompatible pactar cualquier cosa con Sánchez y defender la Nación.,3754,1622,224,83304,71,0,0,0,0.1027,positive
1904219256222294265,Santi_ABASCAL,Santiago Abascal,Mon Mar 24 17:10:24 +0000 2025,"Acompañando a la familia de Ana María Vidal-Abarca, ejemplo de valentía y coraje ante la violencia terrorista  de ETA, en este merecidísimo homenaje a una vida de lucha.

No olvidamos.

Ana María Vidal-Abarca siempre en la memoria. https://t.co/6BpsW8fZ2D",2615,1107,72,62649,255,0,0,1,-0.296,negative
1904156630582739188,Santi_ABASCAL,Santiago Abascal,Mon Mar 24 13:01:32 +0000 2025,Y nuestras fronteras agujereadas por el lacayo Sánchez y por las políticas del bipartidismo.,5966,2219,239,133254,92,0,0,0,0.0,neutral
1903787996698087724,Santi_ABASCAL,Santiago Abascal,Sun Mar 23 12:36:43 +0000 2025,Mucho ánimo a todos nuestros compañeros de Cataluña. Sois vanguardia contra la islamización que han traído el bipartidismo y los separatistas,5615,2181,128,98609,141,0,0,0,0.0,neutral
1903484784816300263,Santi_ABASCAL,Santiago Abascal,Sat Mar 22 16:31:52 +0000 2025,"Ni pacto verde,
ni pacto migratorio,
ni plan de islamización de España.

Ya saben por donde no vamos a pasar. https://t.co/Dm9Rl2UgqH",13538,4531,836,263063,133,0,0,1,-0.296,negative
1903170634915459420,Santi_ABASCAL,Santiago Abascal,Fri Mar 21 19:43:33 +0000 2025,"Profanan tumbas para exhibir a los muertos como trofeos políticos, desentierran los viejos odios cainitas, persiguen a unos hombres de oración, usan el poder para abusar de los débiles, y además se pavonean de ello como hace ahora el despreciable Bolaños, lacayo servilísimo del",4591,1904,279,154049,278,0,0,0,0.0,neutral
1903130153636471182,Santi_ABASCAL,Santiago Abascal,Fri Mar 21 17:02:41 +0000 2025,La jeta de hormigón armado.,11056,4029,455,218848,27,0,0,0,0.0,neutral
1903013905636462944,Santi_ABASCAL,Santiago Abascal,Fri Mar 21 09:20:46 +0000 2025,"Cada día están más envalentonados. Saben que tienen al gobierno de Sánchez detrás.

Billete de vuelta para todos los delincuentes,  y que se lleven al autócrata con ellos.",4174,1820,132,68989,171,0,0,0,0.0,neutral
1902959755598991400,Santi_ABASCAL,Santiago Abascal,Fri Mar 21 05:45:35 +0000 2025,"Los ""niños"" que importan PNV y BILDU.",4544,1960,262,88079,37,0,0,0,0.0,neutral
1902810713157996618,Santi_ABASCAL,Santiago Abascal,Thu Mar 20 19:53:21 +0000 2025,No son periodistas. Son activistas.,6378,1797,249,103725,35,0,0,0,-0.296,negative
1902771972750098879,Santi_ABASCAL,Santiago Abascal,Thu Mar 20 17:19:24 +0000 2025,La islamización de Sánchez.,2463,1131,89,47387,27,0,0,0,0.0,neutral
1902693644995375242,Santi_ABASCAL,Santiago Abascal,Thu Mar 20 12:08:09 +0000 2025,"Los ""niños"" del bipartidismo.",3208,1409,118,77890,29,0,0,0,0.0,neutral
1902327770178359485,Santi_ABASCAL,Santiago Abascal,Wed Mar 19 11:54:18 +0000 2025,"En la sesión de control pregunto a Sánchez exclusivamente por los disturbios provocados por el imán okupa de Salt, por el reparto de menas y por la inmigración masiva. Le hablo de la  inseguridad, la islamización y la degradación de los barrios.

¿Y qué responde? No sé qué chisme",4726,2099,150,76571,280,0,0,0,-0.296,negative
1902295008624922853,Santi_ABASCAL,Santiago Abascal,Wed Mar 19 09:44:07 +0000 2025,"El régimen de Lula continúa con su escalada represiva en Brasil a través de su mano ejecutora, el enloquecido juez Moraes.

Quieren acabar con la esperanza que representan para los brasileños las fuerzas patriotas en torno a la familia Bolsonaro.

Todo mi apoyo y afecto a mi",1321,680,54,28781,275,0,0,0,0.0,neutral
1902280698708291880,Santi_ABASCAL,Santiago Abascal,Wed Mar 19 08:47:15 +0000 2025,"Los ilegales, okupas e islamistas que lanzaban vítores a Pedro Sánchez mientras destrozaban Salt son la demostración del modelo migratorio del Gobierno:

Los inmigrantes ilegales y los imanes extremistas alojados en hoteles, con viviendas sociales y con ayudas sociales.

Los https://t.co/C7w5HI886p",11175,4447,495,312469,299,0,0,1,0.0,neutral
1902276678224601512,Santi_ABASCAL,Santiago Abascal,Wed Mar 19 08:31:17 +0000 2025,PSOE y PP  acaban de votar en el Congreso crear nuevos chiringuitos para evaluar la degradación del patrimonio histórico como consecuencia del cambio climatico; cuando llevan 40 años permitiendo que más de 1.400 monumentos estén en ruinas como denuncia la asociación Hispania,2682,1319,114,41436,275,0,0,0,0.0,neutral
1902031512154886253,Santi_ABASCAL,Santiago Abascal,Tue Mar 18 16:17:05 +0000 2025,"Pero ministro… ¡cómo puedes ser tan inhumano!
¿300 donde caben 15?
¡¡Devuélvalos inmediatamente con sus padres!!",7584,2570,224,129643,112,0,0,0,0.0,neutral
1901917524645511193,Santi_ABASCAL,Santiago Abascal,Tue Mar 18 08:44:08 +0000 2025,"Ni a Bilbao, ni a Barcelona, ni a Valencia... ni a ningún sitio.

A Marruecos con sus padres y con su Rey. Punto.",35265,7557,1039,1141158,113,0,0,0,0.0,neutral
1901746054875525571,Santi_ABASCAL,Santiago Abascal,Mon Mar 17 21:22:46 +0000 2025,"¡¡Otros 18 observatorios!!

No tienen límite ni vergüenza",2446,882,72,62176,57,0,0,0,-0.4184,negative
1901724252937867386,Santi_ABASCAL,Santiago Abascal,Mon Mar 17 19:56:08 +0000 2025,"Pregunta imparcial de la radio pública de Sánchez.

Están para encerrar.  Y los vamos a encerrar.",1465,660,98,52698,97,0,0,0,0.0,neutral
1901694823582552487,Santi_ABASCAL,Santiago Abascal,Mon Mar 17 17:59:12 +0000 2025,"¿Con qué sintoniza Aznar?
¿Con qué sintoniza Feijóo?
¿Con qué sintoniza el PP? https://t.co/hID3cYrUeL",3362,1591,213,105811,102,0,0,1,0.0,neutral
1901678632818417962,Santi_ABASCAL,Santiago Abascal,Mon Mar 17 16:54:52 +0000 2025,"Pues qué alegría me das, Alberto. 
Entiendo entonces que ahora renunciaréis al Pacto Verde y al Pacto Migratorio que habéis votado y defendido todo este tiempo. Y que a partir de ahora apoyaréis nuestras iniciativas en ese sentido, no solo en Valencia, también en las demás https://t.co/MLGUbML4wl",5532,2372,465,122470,297,0,0,1,-0.296,negative
1901589563430076882,Santi_ABASCAL,Santiago Abascal,Mon Mar 17 11:00:56 +0000 2025,"Seguimos recorriendo España. Ayer, en #Valladolid, junto con cientos de afiliados y simpatizantes. Convencidos todos de que esas banderas que en VOX hemos alzado no van a arriarse nunca.

¡Adelante, Valladolid! https://t.co/jDVRqs5kFp",954,351,72,21492,234,1,0,1,-0.3595,negative
1901566886979989553,Santi_ABASCAL,Santiago Abascal,Mon Mar 17 09:30:49 +0000 2025,"Celebro las palabras del presidente de la Comunidad Valenciana .

Esa es la dirección correcta:  enfrentarse sin complejos al Pacto Verde y a las políticas que favorecen la inmigración ilegal.

Las dos cuestiones tuvieron que ver con la tragedia de la DANA en sus causas y en la",5616,2124,584,395504,278,0,0,0,-0.5574,negative
1901395473803735482,Santi_ABASCAL,Santiago Abascal,Sun Mar 16 22:09:41 +0000 2025,"Hoy, en el encuentro con simpatizantes en Valladolid, alguien compartió una historia que me impresionó. Un hombre allí presente, Rafa,  había perdido a su mujer hace unos meses. Ella era afiliada de VOX y, según contaba, él decidió no darla de baja. Sigue pagando su cuota,",3111,973,181,100501,273,0,0,0,-0.296,negative
1901379737676611951,Santi_ABASCAL,Santiago Abascal,Sun Mar 16 21:07:10 +0000 2025,"Adelante @JCPuig_ 
Vamos a reconquistar nuestra Patria,  y vamos a reconquistar vuestro futuro.",1161,486,57,47800,95,0,1,0,0.0,neutral
1901373935331225879,Santi_ABASCAL,Santiago Abascal,Sun Mar 16 20:44:06 +0000 2025,"VOX es la alternativa. VOX es otra forma de hacer las cosas. Y los jóvenes lo saben. Porque conocen y sufren las consecuencias de un bipartidismo que adora a los burócratas de Bruselas y desprecia a los españoles.
#Valladolid 
#EncuentroAfiliados https://t.co/vU2LcLAT2I",3377,1384,135,56554,270,2,0,1,0.0,neutral
1901231532041285684,Santi_ABASCAL,Santiago Abascal,Sun Mar 16 11:18:15 +0000 2025,"Una pandemia, una inundación, una guerra comercial, una guerra de las de verdad...
...todo le sirve para no hablar de su corrupción moral, política y económica.

Sánchez, no te escondas en los atriles. Sal a la calle. Nadie te quiere.

Atrévete a dejar a los españoles que voten.",3038,1388,178,69794,279,0,0,0,-0.5267,negative
1901224574311682410,Santi_ABASCAL,Santiago Abascal,Sun Mar 16 10:50:36 +0000 2025,"La UE del bipartidismo, aprovechando la tecnología, es ya abiertamente soviética.",1107,522,53,35990,81,0,0,0,0.0,neutral
1901222065933332857,Santi_ABASCAL,Santiago Abascal,Sun Mar 16 10:40:38 +0000 2025,"Los políticos del bipartidismo europeo son ya abierta e indisimuladamente totalitarios. Y sus homólogos españoles son los alumnos aventajados en la disciplina tiránica.

Los españoles honrados, vigilados hasta en el cuarto de baño. Ellos, en cambio, impunes en su corrupción y con",1962,973,137,48722,280,0,0,0,0.0,neutral
1901035180745425057,Santi_ABASCAL,Santiago Abascal,Sat Mar 15 22:18:01 +0000 2025,"Orgulloso, como un afiliado más de @solidaridad_esp, de ver lo conseguido en estos años… y lo que queda. En defensa de los trabajadores de España, seguimos adelante. 
Gracias, Rodrigo Alonso, y a por todas, Jordi de la Fuente.
#SOLIDARIDAD https://t.co/oPyBhMQ5oA",1132,384,81,26429,263,1,1,1,0.0,neutral
1901003162896506894,Santi_ABASCAL,Santiago Abascal,Sat Mar 15 20:10:47 +0000 2025,"No hay más alternativa para defender al trabajador que @solidaridad_esp. Y no hay más oposición a la España de Sánchez que @vox_es.  Y para tapar esta realidad y su corrupción, lo único que le queda a muchos es hablar del pasado, como si no tuvieran pasado y como si no tuvieran https://t.co/nNGNRwA9Jq",2370,1142,134,54466,302,0,2,1,-0.7506,negative
1900668715764772872,Santi_ABASCAL,Santiago Abascal,Fri Mar 14 22:01:49 +0000 2025,¡Allí nos vemos mañana!,1019,395,86,48973,23,0,0,0,0.0,neutral
1900656648722485275,Santi_ABASCAL,Santiago Abascal,Fri Mar 14 21:13:52 +0000 2025,"La España de Sánchez; paraíso para el delincuente y el ilegal, infierno para el español honrado.",5276,1979,150,135883,96,0,0,0,0.0,neutral
1900538909341184276,Santi_ABASCAL,Santiago Abascal,Fri Mar 14 13:26:00 +0000 2025,"Para que este español consiga una casa parece que tiene que convertirse al islamismo y quemar las calles 

Es todo un disparate.",5924,2527,278,126232,128,0,0,0,0.0,neutral
1900215642051019173,Santi_ABASCAL,Santiago Abascal,Thu Mar 13 16:01:28 +0000 2025,"¡Dios, qué bendición no ser cómplice de semejante aquelarre!",17478,4870,871,456457,60,0,0,0,-0.3595,negative
1900160337774551181,Santi_ABASCAL,Santiago Abascal,Thu Mar 13 12:21:42 +0000 2025,"Yo ya no sé cómo explicarle al señor Feijóo que no se puede seguir dando oxígeno a Sánchez. Que no se le puede tratar con normalidad. Que es un golpista. Que para mantenerse en el poder lo mismo utiliza una pandemia, que una riada o una guerra. 

La única manera de construir una https://t.co/fHVbYD1Fmt",8267,3273,714,207520,303,0,0,1,-0.6808,negative
1900147235611885743,Santi_ABASCAL,Santiago Abascal,Thu Mar 13 11:29:38 +0000 2025,Imán okupa VS. Español https://t.co/Qifku9Cg3p,15321,5913,658,392768,46,0,0,1,0.0,neutral
1900102234437796037,Santi_ABASCAL,Santiago Abascal,Thu Mar 13 08:30:49 +0000 2025,Abriendo sucursales...,12590,4103,602,304948,22,0,0,0,0.0,neutral
1899921996785607057,Santi_ABASCAL,Santiago Abascal,Wed Mar 12 20:34:37 +0000 2025,"Alberto, escúchame, lo  piensa toda España: https://t.co/CCR4Xa7jbg",2342,953,183,94185,67,0,0,1,0.0,neutral
1899921048528712011,Santi_ABASCAL,Santiago Abascal,Wed Mar 12 20:30:51 +0000 2025,Gobierno necrófago.,3677,1231,184,107449,19,0,0,0,0.0,neutral
1899913172703682731,Santi_ABASCAL,Santiago Abascal,Wed Mar 12 19:59:33 +0000 2025,"Todo mi apoyo a @georgesimion  en estos momentos tan difíciles y trascendentales para la supervivencia de la democracia en Rumania y en toda Europa. 

Asume la representación de @CG_Romania , a quien el poder socialista y Bruselas han inhabilitado de forma injustificada e",1760,649,73,54448,272,0,2,0,0.0,neutral
1899903866491330938,Santi_ABASCAL,Santiago Abascal,Wed Mar 12 19:22:34 +0000 2025,"Están aquí, y se sienten impunes. No van a parar.

El Estado debe imponer el orden. Hay que atajar la raíz del problema.

España necesita deportaciones masivas antes de que sea demasiado tarde.",6039,2220,193,151312,193,0,0,0,-0.296,negative
1899802296776560911,Santi_ABASCAL,Santiago Abascal,Wed Mar 12 12:38:58 +0000 2025,Así es.,1160,479,43,32378,7,0,0,0,0.0,neutral
1899790997359415529,Santi_ABASCAL,Santiago Abascal,Wed Mar 12 11:54:04 +0000 2025,"El gobierno del crimen, de la traición... ¡y de la usura!

Lo de sus impuestos a los damnificados es pillaje.",2597,988,100,65163,109,0,0,0,0.0,neutral
1899790156397256709,Santi_ABASCAL,Santiago Abascal,Wed Mar 12 11:50:44 +0000 2025,"Oye, Garcia, dos cosas:

¿Esto de perseguir el alcohol es durante el ramadán , o ya para siempre ?

Y ¿qué te tomabas tú cuando encubrías a Errejon ? https://t.co/RmTNvMg2rX",8977,2734,318,195747,173,0,0,1,0.0,neutral
1899562280502591628,Santi_ABASCAL,Santiago Abascal,Tue Mar 11 20:45:14 +0000 2025,"Nos llevan a la tiranía, al control social total.

Urge echarlos, y echar todas sus políticas liberticidas y criminales.",7696,2894,377,191505,120,0,0,0,0.0,neutral
1899560958080782805,Santi_ABASCAL,Santiago Abascal,Tue Mar 11 20:39:59 +0000 2025,"Que se aplique  la misma vara de medir para los pseudomedios del bipartidismo, esos que se dirigen  desde Génova13 o Ferraz, que  son totalmente deficitarios, y que por ello son regados con dinero público robado a los españoles con impuestos confiscatorios.

Esos son los",2014,1054,78,62724,271,0,0,0,0.0,neutral
1899549340101726247,Santi_ABASCAL,Santiago Abascal,Tue Mar 11 19:53:49 +0000 2025,"¡Ánimo @SergiFabri !

Vuestro trabajo es extraordinario.

Vamos a recuperar nuestras calles.

Vamos a reconquistar nuestra Patria.",2643,1053,120,75972,130,0,1,0,0.0,neutral
1899532271171821595,Santi_ABASCAL,Santiago Abascal,Tue Mar 11 18:45:59 +0000 2025,"El Tribunal Constitucional de Rumanía consuma el golpe de Estado con el impulso y el aval de Bruselas y cancela la candidatura del  ganador de las elecciones anuladas, Calin Georgescu @CG_Romania . 

La democracia y la libertad de expresión, y con ellas la esencia de Europa,",7360,3328,494,396529,275,0,1,0,0.0,neutral
1899502768404193611,Santi_ABASCAL,Santiago Abascal,Tue Mar 11 16:48:45 +0000 2025,"Sois basura totalitaria...
...y además provocaréis una plaga de botellones y una generación de alcohólicos.",5986,1780,864,822782,107,0,0,0,0.0,neutral
1899392856327876908,Santi_ABASCAL,Santiago Abascal,Tue Mar 11 09:32:00 +0000 2025,21 años después aún queremos saber toda la verdad.,11298,2897,686,518636,50,0,0,0,0.0,neutral
1899230189852164257,Santi_ABASCAL,Santiago Abascal,Mon Mar 10 22:45:37 +0000 2025,https://t.co/HVCboAJKk5,5161,1212,362,209518,23,0,0,1,0.0,neutral
1899220414716379605,Santi_ABASCAL,Santiago Abascal,Mon Mar 10 22:06:47 +0000 2025,"Este domingo 16 de marzo encuentro en #Valladolid.
¡NOS VEMOS! https://t.co/EVKcf6bJHh",1419,635,138,51047,86,1,0,1,0.0,neutral
1899159056457007499,Santi_ABASCAL,Santiago Abascal,Mon Mar 10 18:02:58 +0000 2025,"Von Der Leyen, la socia de Sánchez, la jefa de Feijóo.",4741,2201,195,109649,54,0,0,0,0.0,neutral
1898850925013270971,Santi_ABASCAL,Santiago Abascal,Sun Mar 09 21:38:34 +0000 2025,Una diplomacia creíble necesita de un presidente creíble. Y tú eres un mentiroso y un estafador. https://t.co/AZFa18u9Y3,5950,2053,523,100803,120,0,0,1,0.0,neutral
1898848215208006143,Santi_ABASCAL,Santiago Abascal,Sun Mar 09 21:27:48 +0000 2025,"Compartimos con nuestros amigos rumanos de AUR y del grupp ECR la preocupación ante el bloqueo de la candidatura de Călin Georgescu, ganador de la elecciones en primera vuelta en Rumanía, bloqueo producido tras la presión inconcebible de los burócratas de Bruselas.

En momento de",7604,2801,329,286493,280,0,0,0,0.0,neutral
1898743825192960148,Santi_ABASCAL,Santiago Abascal,Sun Mar 09 14:32:59 +0000 2025,"A los medios, políticos y élites globalistas no les basta con tapar los asesinatos cometidos por islamistas en Europa. Ahora guardan, e imponen, silencio también ante los cientos de cristianos asesinados en Siria. 

El mayor peligro para la supervivencia de nuestra civilización https://t.co/rz1CNnptNb",6129,3160,293,141361,302,0,0,1,-0.296,negative
1898717698978095168,Santi_ABASCAL,Santiago Abascal,Sun Mar 09 12:49:10 +0000 2025,"Ya sabemos todos, hasta los jueces, que los feministos no tiene mucho respeto a las mujeres. 
¡Ánimo Isabel! @Isabelperezmoi1",2629,960,103,63343,125,0,1,0,-0.3595,negative
1898385814008299547,Santi_ABASCAL,Santiago Abascal,Sat Mar 08 14:50:23 +0000 2025,"En el mundo hay mujeres apaleadas y hasta asesinadas por defender su derecho a vestir como quieran.

En España, el PP y el PSOE van de la mano de quienes tienen la desvergüenza de presentar el islamismo como feminismo.

Mucho ánimo Sergio @redondo_pacheco, vanguardia en defensa",3796,1718,156,89391,278,0,1,0,0.1027,positive
1898334959229677806,Santi_ABASCAL,Santiago Abascal,Sat Mar 08 11:28:18 +0000 2025,"Bruselas, es decir PP y PSOE,  nos siguen llevando al precipicio en todos los órdenes.",2561,1323,181,65863,86,0,0,0,0.0,neutral
1897746450433352109,Santi_ABASCAL,Santiago Abascal,Thu Mar 06 20:29:46 +0000 2025,"Siempre agradecido a aquellos que nos alientan, y que resisten frente a todas las campañas de difamación.",6015,2043,382,161440,105,0,0,0,0.0,neutral
1897661479911920077,Santi_ABASCAL,Santiago Abascal,Thu Mar 06 14:52:08 +0000 2025,HONOR,10775,2449,658,367853,5,0,0,0,0.4939,positive
1897382923285696863,Santi_ABASCAL,Santiago Abascal,Wed Mar 05 20:25:15 +0000 2025,"Son homicidas. Y cuando no pueden asesinar de verdad,  fantasean y juegan con ello.  

Son los que han lamentado que Trump sobreviva a las tentavivas de asesinato. 

Los que desean que alguien ataque a @JMilei, a @GiorgiaMeloni o a mi mismo. 

Lo llevan en el ADN criminal de su",3978,1787,284,159545,278,0,2,0,-0.6808,negative
1897362720569397591,Santi_ABASCAL,Santiago Abascal,Wed Mar 05 19:04:58 +0000 2025,Hay que acabar con el Estado de las Autonomías antes de que el Estado de las Autonomías acabe con España.,6337,2774,409,186248,105,0,0,0,0.0,neutral
1897354155041440213,Santi_ABASCAL,Santiago Abascal,Wed Mar 05 18:30:56 +0000 2025,El arancel pepero y sociata contra los trabajadores españoles.,1930,853,111,57795,62,0,0,0,0.0,neutral
1897275894693289985,Santi_ABASCAL,Santiago Abascal,Wed Mar 05 13:19:57 +0000 2025,"Por culpa del PP, que ha pactado el asalto a las instituciones con el PSOE,  Sánchez sigue destruyendo los restos del Estado de derecho.  La cesión de las fronteras a los golpistas es la nueva traición.  No será la última https://t.co/DWuHflIqV2",7964,3405,557,189382,245,0,0,1,0.0516,positive
1897234104980267013,Santi_ABASCAL,Santiago Abascal,Wed Mar 05 10:33:54 +0000 2025,Los españoles; los últimos.,6338,2406,208,150578,27,0,0,0,0.0,neutral
1896968989730857039,Santi_ABASCAL,Santiago Abascal,Tue Mar 04 17:00:25 +0000 2025,"Para que le voten, regalará nuestra nacionalidad a muchos que no la merecen. Pero serán muchos más los nacionales que dejarán de votarle. 

Su fraude no le va a funcionar.

Y cuando lleguemos revisaremos todas las concesiones de nacionalidad fraudulentas y las revocaremos.",8374,3415,408,240466,273,0,0,0,-0.5267,negative
1896965974517027099,Santi_ABASCAL,Santiago Abascal,Tue Mar 04 16:48:26 +0000 2025,"Pues hay que celebrar este primer paso hacia la paz. Todas las personas de bien lo harán.  

En el otro lado, estarán tristes PSOE y PP; los que estaban muy contentos de que con el dinero de los españoles se financiase  a la vez a los dos bandos de la guerra:  a uno con ayudas https://t.co/ddoDZg2nyq",6443,2704,764,323585,301,0,0,1,0.0,neutral
1896603364689117620,Santi_ABASCAL,Santiago Abascal,Mon Mar 03 16:47:33 +0000 2025,"Gracias @JA_Antelo por defender en Murcia el sentido común. 
Ese que han abandonado los partidos del Pacto Verde, que no solo arruinan a los españoles, también les ponen en peligro.",2075,937,81,57154,181,0,1,0,-0.2023,negative
1896518236427989423,Santi_ABASCAL,Santiago Abascal,Mon Mar 03 11:09:17 +0000 2025,"No tengo fotos con Otegi. No tengo fotos con Arzallus. No tengo fotos con Puigdemont.
No tengo fotos con Hugo Chavez ni  con Maduro. No tengo fotos con ni con Fidel ni con Raúl Castro. No tengo fotos con Putin.
No tengo fotos con Hassan Rouhaní. No tengo fotos con Von Der Leyen.",23259,8741,4246,3194928,279,0,0,0,-0.9274,negative
1896501789614293409,Santi_ABASCAL,Santiago Abascal,Mon Mar 03 10:03:56 +0000 2025,"El señor Feijóo debe entender algo muy simple:

En política nacional no se puede coincidir con Pedro Sánchez y sus secuaces.

Y en política internacional, tampoco. 

Ya basta de sostener a Pedro Sánchez en todas partes y a todas horas.",5893,2221,918,529162,235,0,0,0,-0.296,negative
1896292690121421160,Santi_ABASCAL,Santiago Abascal,Sun Mar 02 20:13:03 +0000 2025,"Acierta siempre nuestro portavoz en el parlamento andaluz @GaviraVox :
Moreno Bonilla representa las políticas de Sánchez.

El cambio real  llegará a Andalucia de la mano de Manuel Gavira.",1503,631,86,56726,188,0,1,0,0.0,neutral
1896231825346892062,Santi_ABASCAL,Santiago Abascal,Sun Mar 02 16:11:12 +0000 2025,"Un traficante de seres humanos reconoce que gana 6.000€ por cada viaje de ilegales en cayuco a España... y que después los españoles le pagamos con nuestros impuestos el vuelo de regreso.

Hay políticos culpables de esta tragedia y responsables de este robo. Y merecen la cárcel,",8799,3773,237,232674,279,0,0,0,0.0,neutral
1896188462287761901,Santi_ABASCAL,Santiago Abascal,Sun Mar 02 13:18:53 +0000 2025,"Las mujeres españolas ya tienen portavoces que las defienden de los sueltavioladores, de los que las quieren borrar o encarcelar detrás de un burka. 

Gracias Isabel @Isabelperezmoi1",2629,1118,83,63955,182,0,1,0,0.0,neutral
1896175080419598454,Santi_ABASCAL,Santiago Abascal,Sun Mar 02 12:25:43 +0000 2025,"La ""Usaid"" española es PP y PSOE. Un entramado millonario que roba a los españoles para repartirlo en políticas disfrazadas de solidaridad y que solo benefician a ellos mismos y a sus políticas progres de la agenda woke.",4279,1923,188,108866,220,0,0,0,0.0,neutral
1896137475200110734,Santi_ABASCAL,Santiago Abascal,Sun Mar 02 09:56:17 +0000 2025,"Una estafa y un parche del bipartidismo.

VOX lo lleva diciendo desde su fundación en 2014: ¡Motosierra para el Estado de las Autonomías! 

¡FUERA AUTONOMÍAS!",3500,1584,382,123618,158,0,0,0,0.0,neutral
1895984979399885265,Santi_ABASCAL,Santiago Abascal,Sat Mar 01 23:50:19 +0000 2025,"Brasil es hoy la dictadura de Lula y Moraes.
¡Adelante @BolsonaroSP !",3983,1253,182,97206,69,0,1,0,0.0,neutral
1895820318155194647,Santi_ABASCAL,Santiago Abascal,Sat Mar 01 12:56:01 +0000 2025,"Querido  @CarlosPollan,  no les gusta nada que defiendas  la libertad y la historia deslumbrante de España. 

No les gusta porque han trabajado contra lo uno y contra lo otro. Y lo saben.",1568,710,84,54451,187,0,1,0,-0.5267,negative
1895799525513793723,Santi_ABASCAL,Santiago Abascal,Sat Mar 01 11:33:23 +0000 2025,Gracias @Vox_Ceuta y @redondo_pacheco por seguir siendo la vanguardia española en Ceuta.  Atacado por los quintacolumnistas que han agujereado nuestras fronteras literalmente. Y por sus aliados: el PP y el PSOE.,2547,1095,129,64327,211,0,2,0,0.0,neutral
1895780746713055356,Santi_ABASCAL,Santiago Abascal,Sat Mar 01 10:18:46 +0000 2025,"Este es el camino para defender Europa. Para recuperar nuestra soberanía, nuestra  libertad y nuestra seguridad 

Pero Sánchez y Feijóo, PSOE y PP, llevan años de la mano recorriendo el camino inverso.",4826,1795,308,170063,201,0,0,0,0.1027,positive
1895765502087020784,Santi_ABASCAL,Santiago Abascal,Sat Mar 01 09:18:11 +0000 2025,"Úrsula y Macron.
Soros y Melenchon.
Sánchez y Feijóo...

Todos celebrando hoy que no se firmara el acuerdo que podría ser el principio del fin de la guerra. Y atacando a Trump, claro.

Viendo quienes celebran la continuidad de la guerra, nunca ha sido tan fácil una postura",11983,4010,3588,1751860,273,0,0,0,0.0516,positive
1895393543226605719,Santi_ABASCAL,Santiago Abascal,Fri Feb 28 08:40:10 +0000 2025,"La Comunidad Internacional debe garantizar la seguridad de María Corina y cortar toda financiación al régimen asesino de Maduro. Empezando por los millones que la Comisión Europea, de populares y socialistas, destina todos los años y acaba en el bolsillo de la cleptocracia",3461,1400,117,76944,273,0,0,0,0.0,neutral
1895220932635148631,Santi_ABASCAL,Santiago Abascal,Thu Feb 27 21:14:16 +0000 2025,"Desde que tú llegaste se han multiplicado las violaciones a mujeres en España. Punto.

Ese es tu horrendo legado, sinvergüenza.",15104,3874,627,366814,127,0,0,0,0.0,neutral
1895201012790800526,Santi_ABASCAL,Santiago Abascal,Thu Feb 27 19:55:07 +0000 2025,"Es gravísimo que en Rumanía se haya detenido al ganador de las elecciones, y que se le nieguen derechos civiles. 

Es muy grave que estén construyendo un nuevo telón de acero digital, que acabe con la libertad de expresión y de representación.

Lo echaremos abajo",6485,2488,586,350168,263,0,0,0,-0.3818,negative
1895185252043096144,Santi_ABASCAL,Santiago Abascal,Thu Feb 27 18:52:29 +0000 2025,"Feijóo repite y repite que debe gobernar el más votado,  pero en Austria su partido pacta con los socialistas y hace un gobierno Frankenstein contra el FPO, ganador de las elecciones y socio de VOX.

Socialistas y populares son inconfundibles.",3625,1742,194,95804,243,0,0,0,0.0,neutral
1895080749709062416,Santi_ABASCAL,Santiago Abascal,Thu Feb 27 11:57:14 +0000 2025,"Aumenta la censura y se recrudece el ataque contra la libertad de expresión. En Francia, y en toda Europa.",2828,1285,159,82117,106,0,0,0,0.0,neutral
1894874069901746453,Santi_ABASCAL,Santiago Abascal,Wed Feb 26 22:15:57 +0000 2025,"Ya está buscando la forma de levantar un telón de acero digital. Lo llamarán muro antifascista, como hicieron sus admirados comunistas con el muro de Berlín. 

También lo echaremos abajo.",4040,1485,299,124786,187,0,0,0,0.0,neutral
1894815762025718252,Santi_ABASCAL,Santiago Abascal,Wed Feb 26 18:24:16 +0000 2025,"El mismo día que Israel entierra a Shiri Bibas y honra a los hermanos Ariel (4 años) y Kafir (9 meses), mutilados y estrangulados por los asesinos cobardes de Hamas, la cadena del gobierno corrupto de Sánchez evalúa pedir la expulsión de Israel de Eurovisión.

Son una basura.",7522,2858,1036,682326,276,0,0,0,0.0,neutral
1894725968595468401,Santi_ABASCAL,Santiago Abascal,Wed Feb 26 12:27:27 +0000 2025,"Veo muy preocupados a los peperos y sus voceros porque Sanchez les acusa de blanquear a VOX. Y por eso, para no ofender a Sánchez, redoblan sus ataques contra nosotros. Se repiten unos a otros que mucho cuidado con blanquearnos.

A ver si nos enteramos: VOX no necesita",8600,3887,574,258708,269,0,0,0,-0.5267,negative
1894307083425595643,Santi_ABASCAL,Santiago Abascal,Tue Feb 25 08:42:57 +0000 2025,"Esta señora es un chiste. 
Un chiste malo y totalitario.
Hay que echarles a ella y a su jefe. Son un peligro para todos. https://t.co/MlutWPQcPM",5164,1840,233,106234,144,0,0,1,0.0,neutral
1894134532548264153,Santi_ABASCAL,Santiago Abascal,Mon Feb 24 21:17:18 +0000 2025,"¡Tápese, por favor! https://t.co/aGPDWAvBnP",5293,2346,394,194883,43,0,0,1,0.4574,positive
1894134016091041845,Santi_ABASCAL,Santiago Abascal,Mon Feb 24 21:15:15 +0000 2025,... y tú estás con el gas de Putin que paga los misiles rusos @sanchezcastejon https://t.co/C586ZZB2jE,2665,1139,243,107129,102,0,1,1,0.0,neutral
1894126915793162471,Santi_ABASCAL,Santiago Abascal,Mon Feb 24 20:47:02 +0000 2025,"""¡Vais a morir!"", berrea la proetarra.

A ver @sanchezcastejon 
¿Vas a mandar a estos cuerpos de élite a Rentería a detener a esta energúmena y majadera que amenaza de muerte a la gente de VOX?

 ¿O estos guardias armados hasta los dientes solo los reservas para detener a los que https://t.co/Y1Iw5uw1dH",5419,2379,110,152450,304,0,1,1,0.0,neutral
1894116898108768287,Santi_ABASCAL,Santiago Abascal,Mon Feb 24 20:07:14 +0000 2025,"Patriotismo en Rentería, por favor.  Por ejemplo sin firmar documentos totalitarios de ETA contra VOX.  Pasan los días y aún no habéis pedido perdón por vuestro apoyo a la alcaldesa proetarra.. https://t.co/EjaUJAoqcZ",2010,1197,85,90097,217,0,0,1,-0.4767,negative
1894103394245398986,Santi_ABASCAL,Santiago Abascal,Mon Feb 24 19:13:34 +0000 2025,"Alberto @NunezFeijoo, la estafa de tu socio alemán es de cárcel.

En España también nos estamos acostumbrando a la estafa política de Sánchez en cada elección, y a la vuestra diciendo un día una cosa sobre inmigración  y al día siguiente la contraria. (Y así con casi todo) https://t.co/siZYN8yryD",8428,3725,327,292185,297,0,1,1,0.0,neutral
1893984448804266479,Santi_ABASCAL,Santiago Abascal,Mon Feb 24 11:20:55 +0000 2025,Hay una permanente voluntad de estafar al electorado.,6869,2939,280,116512,53,0,0,0,0.0,neutral
1893983747902493095,Santi_ABASCAL,Santiago Abascal,Mon Feb 24 11:18:08 +0000 2025,"A la vez que mandas esos mil millones a Kiev… ¿cuántos miles de millones estás mandando a Moscú, comprando cada vez más gas, para que pueda continuar la guerra de agresión a Ucrania ?

¿A que eso no se lo has contado?  ¡Estafador!",3982,1715,420,183209,230,0,0,0,-0.4314,negative
1893980501112717756,Santi_ABASCAL,Santiago Abascal,Mon Feb 24 11:05:14 +0000 2025,Acuerdo de saqueadores y corruptos.,3493,1278,136,87540,35,0,0,0,0.0,neutral
1893960083479970017,Santi_ABASCAL,Santiago Abascal,Mon Feb 24 09:44:06 +0000 2025,"Señor Feijóo:
Pregunta seria, para que los españoles sepan a qué atenerse. 
¿Pactaría usted con socialistas y extrema izquierda, como va a hacer su socio alemán -al que aplaude-  y como acaba de hacer su socio austríaco,  con tal de  evitar el pacto con VOX?
¿Las “certezas",8079,3183,799,306432,273,0,0,0,0.0,neutral
1893754496368451938,Santi_ABASCAL,Santiago Abascal,Sun Feb 23 20:07:10 +0000 2025,"Pude conversar en el #CPAC2025 con @EliseStefanik , embajadora de EE.UU. ante la ONU. Conocida por su lucha contra el antisemitismo, va a tener una labor capital en hacer frente desde dentro de la ONU a la UNRWA, organización que desde hace décadas ha servido como tapadera y https://t.co/7HEGm2G7so",1563,653,120,67958,299,1,1,1,0.34,positive
1893739839872188842,Santi_ABASCAL,Santiago Abascal,Sun Feb 23 19:08:56 +0000 2025,"Tú, sinvergüenza, con la ayuda del PP, acabas de apoyar en la UE más de 30.000 millones de euros para mantener la energía nuclear en Bélgica. Y aquí las industrias no pueden abrir por los recortes energéticos.

Tú, sinvergüenza, no has dicho una palabra de los seis atentados https://t.co/78q7Jjq5ZU",27442,11729,1121,691276,299,0,0,1,-0.5267,negative
1893692714618679429,Santi_ABASCAL,Santiago Abascal,Sun Feb 23 16:01:40 +0000 2025,"Tuve la ocasión de conocer y conversar con @AndrzejDuda , presidente de la República de Polonia, figura central en en su nación y reconocido en el mundo conservador por sus firmes convicciones y por su defensa de la libertad. #CPAC2025 #WashingtonDC https://t.co/UEaAN3as8o",2452,755,149,71090,273,2,1,1,0.0,neutral
1893689239545745706,Santi_ABASCAL,Santiago Abascal,Sun Feb 23 15:47:52 +0000 2025,"Liebe @Alice_Weidel, als Vorsitzender von VOX, einzige nationale, souveränistische und patriotische Partei Spaniens, wünsche ich Dir und der Alternative für Deutschland (AfD) heute den grössten Erfolg. Nur die AfD kann den notwendigen und richtigen Wechsel bewirken, den",4910,1147,301,532412,270,0,1,0,-0.5994,negative
1893688346196545986,Santi_ABASCAL,Santiago Abascal,Sun Feb 23 15:44:19 +0000 2025,"La verdad, yo tampoco sé muy bien si se pronuncia ""Tramp"", ""Tromp"" o ""Trump"". 🤣

Pero sé distinguir a un aliado, y trabajar en las coincidencias respetando la soberanía de cada cual. 

Parece que Sánchez habla muy bien inglés pero es seguro que  no se va a entender nunca con él.",9331,2162,736,379261,279,0,0,0,0.25,positive
1893427793184088099,Santi_ABASCAL,Santiago Abascal,Sat Feb 22 22:28:58 +0000 2025,"Son auténticos traidores. El PP y el PSOE, de la mano en la UE, le dan recursos a otros países y se los niegan a España.

Hay que echarlos",4960,2059,187,109401,138,0,0,0,0.0,neutral
1893418992578003446,Santi_ABASCAL,Santiago Abascal,Sat Feb 22 21:54:00 +0000 2025,"Thank you @POTUS @realDonaldTrump 
#CPAC2025 https://t.co/TfKZRXSFHu",8232,2033,557,373457,68,1,2,1,0.3612,positive
1893404086856286224,Santi_ABASCAL,Santiago Abascal,Sat Feb 22 20:54:46 +0000 2025,"Nuestras condolencias a todos nuestros amigos franceses. 
Entre todos acabaremos con esos demonios. Y exigiremos responsabilidades a los que los han traído.",3683,1039,73,87122,156,0,0,0,0.0,neutral
1893374829601968413,Santi_ABASCAL,Santiago Abascal,Sat Feb 22 18:58:31 +0000 2025,"Ayer, un ""refugiado"" sirio en Alemania.

Hoy, un argelino en Francia que ya estaba fichado por terrorismo. 

Atentados todos los días y en todas partes de Europa.

Hay que deportarlos a todos.
Y hay que sentar en el banquillo a los políticos traidores que han traído a los",9873,3299,287,237757,272,0,0,0,0.0,neutral
1893328661601804323,Santi_ABASCAL,Santiago Abascal,Sat Feb 22 15:55:03 +0000 2025,"Siempre es un placer encontrarme con mi buen amigo  @AmichaiChikli, ministro de la Diáspora de Israel. Nos une, además de la amistad, nuestro inquebrantable compromiso con la defensa de la libertad y la verdad como pilares de nuestra civilización occidental. 
#CPAC2025 https://t.co/SNjJui4B6M",1823,529,220,107339,293,1,1,1,0.0,neutral
1893327640892731831,Santi_ABASCAL,Santiago Abascal,Sat Feb 22 15:51:00 +0000 2025,DIGNIDAD,11327,2310,178,212481,8,0,0,0,0.0,neutral
1893293336468783206,Santi_ABASCAL,Santiago Abascal,Sat Feb 22 13:34:41 +0000 2025,"¡Adelante Amaia!
¡Viva Guipúzcoa española!",3750,1002,180,99153,42,0,0,0,0.0,neutral
1893282569472417963,Santi_ABASCAL,Santiago Abascal,Sat Feb 22 12:51:54 +0000 2025,"Sois el orgullo de todos nosotros. Sois el ejemplo vivo del coraje. Vuestra semilla prenderá en tierra hostil para vergüenza de totalitarios y cobardes y para admiración de generaciones futuras.

GRACIAS POR VUESTRO TESTIMONIO DE AMOR A ESPAÑA.",3714,1572,127,78233,244,0,0,0,0.694,positive
1893280984809816236,Santi_ABASCAL,Santiago Abascal,Sat Feb 22 12:45:36 +0000 2025,"¿Dónde nos refugiamos los españoles ?

¡Esto tiene que parar!  Tiene que detenerse el ataque permanente a los ciudadanos europeos. 

Rezo para la recuperación de nuestro compatriota. Trabajo , todos los días, para que los medios de comunicación y los políticos  del bipartidismo",4803,1763,186,121178,278,0,0,0,0.0,neutral
1893078675907846392,Santi_ABASCAL,Santiago Abascal,Fri Feb 21 23:21:42 +0000 2025,"A la basura inhumana de Hamas, que mató a golpes y desmembró los cuerpos de dos niños, la sigue financiando la Comisión Europea a través de organizaciones como la UNWRA, cuyos empleados (más de 10) participaron en el ataque terrorista de Hamas del 7-O.

Hamas debe ser",11424,4221,600,329994,268,0,0,0,0.0,neutral
1893049869931102677,Santi_ABASCAL,Santiago Abascal,Fri Feb 21 21:27:14 +0000 2025,"Hoy he podido conversar e intercambiar impresiones sobre Iberoamérica, España y Europa con @raulatorre , presidente de la Cámara de Diputados de Paraguay y un gran patriota. 

Paraguay es un ejemplo en la defensa de su soberanía, su identidad nacional y la libertad de sus https://t.co/lC08fB1fxE",1395,461,117,63954,296,0,1,1,0.0,neutral
1893045384676540657,Santi_ABASCAL,Santiago Abascal,Fri Feb 21 21:09:25 +0000 2025,"Gracias a ti, Julia, y a todos los jóvenes que no os dejáis engañar y seguís luchando  por la libertad.

Vais a construir una España mejor que la que nos han dejado.",1297,431,80,40442,165,0,0,0,-0.296,negative
1893024123825090622,Santi_ABASCAL,Santiago Abascal,Fri Feb 21 19:44:56 +0000 2025,Reconozco que esta no la ví venir  @NunezFeijoo,7224,3194,493,205363,47,0,1,0,-0.296,negative
1892953960236843016,Santi_ABASCAL,Santiago Abascal,Fri Feb 21 15:06:08 +0000 2025,¡Adelante @aliciaterrassa ! Eres un ejemplo y un orgullo para nosotros.,2521,843,62,50536,71,0,1,0,0.0,neutral
1892747001231446438,Santi_ABASCAL,Santiago Abascal,Fri Feb 21 01:23:45 +0000 2025,"Se niegan a reconocer a un hombre que sirvió a los demás  hasta el último aliento a pesar de su durísima enfermedad. El odio a VOX les lleva a traspasar todos los límites de la moral y la humanidad.
Lo pagarán en esta vida o en la otra.",2181,1001,96,54408,236,0,0,0,0.0,neutral
1892715332386586955,Santi_ABASCAL,Santiago Abascal,Thu Feb 20 23:17:54 +0000 2025,"No os creáis nada de lo que dicen los medios de comunicación sobre mi intervención  en el #CPAC de #WashingtonDC.

La mayor parte de sus titulares son mentiras o interpretaciones retorcidas. 

Si queréis saber la verdad sin añadidos ni restas, aquí tenéis mi intervención https://t.co/36EMDuCin4",8730,4038,841,529410,295,2,0,1,-0.7003,negative
1892715100542275874,Santi_ABASCAL,Santiago Abascal,Thu Feb 20 23:16:59 +0000 2025,Como siempre. Como en todas partes.,1522,708,64,41915,35,0,0,0,0.0,neutral
1892712034577400226,Santi_ABASCAL,Santiago Abascal,Thu Feb 20 23:04:48 +0000 2025,¡Adelante Gabriel!,1030,305,37,37251,18,0,0,0,0.0,neutral
1892705596496920967,Santi_ABASCAL,Santiago Abascal,Thu Feb 20 22:39:13 +0000 2025,"He tenido la oportunidad de agradecer a @elonmusk el haber devuelto la libertad a esta red social. 

El fin de la censura woke es una reconquista histórica de libertades.
#CPAC2025 #WashingtonDC https://t.co/k4JxpqMVBd",11607,3100,961,582578,218,2,1,1,0.0,neutral
1892575955241099443,Santi_ABASCAL,Santiago Abascal,Thu Feb 20 14:04:04 +0000 2025,"La guerra de Ucrania la empezó Putin porque populares y socialistas le disteis los medios para hacer la guerra y le negasteis a las naciones europeas los medios para disuadirle.

La guerra la empezó Putin porque habéis dejado a Europa desarmada, débil y además arruinada, como",6404,2266,1428,838514,276,0,0,0,0.0,neutral
1892391590338933055,Santi_ABASCAL,Santiago Abascal,Thu Feb 20 01:51:28 +0000 2025,🤣,1454,357,47,45481,1,0,0,0,0.4939,positive
1892323301860548703,Santi_ABASCAL,Santiago Abascal,Wed Feb 19 21:20:07 +0000 2025,"Ni una palabra de Sánchez o Feijóo ante nuestra frontera agujereada en Ceuta.

Están muy preocupados por disimular, juntos, el daño que sus dos partidos le han hecho a Europa.

Debemos proteger nuestras fronteras, de las que se han apoderado las mafias de la inmigración y del",5096,2401,186,123005,276,0,0,0,0.0,neutral
1892297413165273462,Santi_ABASCAL,Santiago Abascal,Wed Feb 19 19:37:15 +0000 2025,"Destruyen  nuestra industria.

Reemplazan  nuestra cultura de defensa por la estupidez woke.

Renuncian a producir nuestra propia energía.

Nos hacen dependientes del gas ruso … y le dan millones a Putin.

Ellos, populares y socialistas, son los culpables de la ruina, la https://t.co/dGcS8GxZGU",9718,3924,923,342081,295,0,0,1,0.0,neutral
1892186201861275784,Santi_ABASCAL,Santiago Abascal,Wed Feb 19 12:15:20 +0000 2025,Sánchez es el jefe de una mafia.,4131,1428,223,86003,32,0,0,0,0.0,neutral
1892170971005456817,Santi_ABASCAL,Santiago Abascal,Wed Feb 19 11:14:48 +0000 2025,"Necesitamos derogar ya toda la legislación woke que nos está arruinando.

Tenemos capacidad para generar energía. Para recuperar la industria que han destruido. Y para ser capaz de defendernos.

Solo hay que cambiar a los políticos que nos han traído hasta aquí.",6019,2188,373,91569,262,0,0,0,0.0,neutral
1892120989850284075,Santi_ABASCAL,Santiago Abascal,Wed Feb 19 07:56:12 +0000 2025,"Veo mucho ardor guerrero en Génova13 y en La Moncloa. 

Ojalá lo tuvieran para defender nuestras fronteras, nuestra soberanía y nuestra unidad nacional. 

¿Queremos defender Europa?
Pues primero sustituyamos a los políticos populares y socialistas que nos han traído hasta aquí.",5627,2199,543,181485,278,0,0,0,0.2023,positive
1892112977651793926,Santi_ABASCAL,Santiago Abascal,Wed Feb 19 07:24:22 +0000 2025,"O sea, contra las exigencias burocráticas del propio Feijóo, cuyo partido gobierna la UE con los socialistas.

Hay que tener poca vergüenza. Son una estafa permanente.",1979,937,85,51969,167,0,0,0,0.0,neutral
1891934152993198301,Santi_ABASCAL,Santiago Abascal,Tue Feb 18 19:33:47 +0000 2025,Socialismo azul.,4078,1544,200,106497,16,0,0,0,0.0,neutral
1891869561990832634,Santi_ABASCAL,Santiago Abascal,Tue Feb 18 15:17:07 +0000 2025,"Una vez cortado el chorro de dinero de USAID, la red de Soros busca nuevas fórmulas para seguir interfiriendo en gobiernos nacionales. Y como siempre esperan la ayuda de los burócratas de Bruselas. 

¡Estaremos en posición de vigilancia máxima! ¡No lo vamos a permitir!",4792,2361,150,91601,269,0,0,0,0.0,neutral
1891834659031433689,Santi_ABASCAL,Santiago Abascal,Tue Feb 18 12:58:25 +0000 2025,"El PP lo mismo se declara “antiwoke” que firma para seguir consagrando la desigualdad entre españoles junto a socialistas, comunistas y separatistas.

No nos encontrarán con los responsables de haber acabado con la presunción de inocencia, que son los mismos que han montado",2504,1295,121,50396,274,0,0,0,-0.296,negative
1891832243472970027,Santi_ABASCAL,Santiago Abascal,Tue Feb 18 12:48:50 +0000 2025,"¿Tropas españolas para poner al servicio de los que han traído la guerra al condenarnos a la dependencia enérgetica dejándonos con ello a los pies de Putin?  ¿Tropas españolas al servicio de los que han dejado indefensa a Europa liquidando sus fronteras exteriores?
¿Tropas",7739,2585,1391,1272953,273,0,0,0,0.0,neutral
1891437133790908761,Santi_ABASCAL,Santiago Abascal,Mon Feb 17 10:38:48 +0000 2025,"Nadie sabe mejor de la amenaza rusa que Polonia, lo que hace doblemente interesantes las reflexiones de Mateusz Morawiecki, presidente del @ECRparty y partido con el que @PatriotsEU comparte posiciones en los asuntos más importantes sobre el futuro de Europa.

Trump no es el",1802,903,131,71149,275,0,2,0,-0.296,negative
1891203643208323328,Santi_ABASCAL,Santiago Abascal,Sun Feb 16 19:11:00 +0000 2025,"Quienes han apoyado y protegido a la corrupta CFK, que ha arruinado y robado a a los argentinos, pretenden mermar la imagen de un titán como Javier Milei, que ha puesto a Argentina de nuevo en el mapa del mundo como un ejemplo a seguir. 

Van a intentarlo todo contra los",11615,2881,2133,880015,271,0,0,0,0.5859,positive
1891191989095309611,Santi_ABASCAL,Santiago Abascal,Sun Feb 16 18:24:41 +0000 2025,"Ya vimos un cambio interesante con el informe que lleva su nombre, y que reconocía buena parte del desastre al que los burócratas neosoviéticos han llevado a Europa.

Pero confieso que no creí nunca que llegaría a ver a Dragui repitiendo literalmente nuestros planteamientos",2842,1369,92,67642,274,0,0,0,-0.296,negative
1890837498613391814,Santi_ABASCAL,Santiago Abascal,Sat Feb 15 18:56:04 +0000 2025,"Habéis impuesto el Pacto Verde a la gente sin ni siquiera preguntar a los afectados.

Sois los asesinos del campo, de la industria y de la soberanía en todos los órdenes",4058,1727,277,88309,169,0,0,0,-0.5574,negative
1890835423678631971,Santi_ABASCAL,Santiago Abascal,Sat Feb 15 18:47:49 +0000 2025,"No van a parar. 

Y nosotros tampoco hasta expulsarlos.  Y hasta hacer pagar a los poļíticos culpables que los han traído.
#DeportacionesMasivas",12728,4045,443,297925,144,1,0,0,-0.296,negative
1890760853550723164,Santi_ABASCAL,Santiago Abascal,Sat Feb 15 13:51:30 +0000 2025,"Nos están arruinando e imponiendo normas ridículas a conciencia.

Y no contentos con ello, pagan con el dinero de nuestros impuestos a medios de comunicación para imponer su relato y su censura, y a extremistas para que defiendan sus políticas de miseria y de ruina.

Vamos a",4477,2275,190,88832,275,0,0,0,-0.296,negative
1890707164131393660,Santi_ABASCAL,Santiago Abascal,Sat Feb 15 10:18:10 +0000 2025,Después de escucharle ayer aún me alegra más 💪🏼,6971,1979,390,141367,47,0,0,0,0.0,neutral
1890471366467498388,Santi_ABASCAL,Santiago Abascal,Fri Feb 14 18:41:11 +0000 2025,"De acuerdo con el vicepresidente de EEUU @JDVance de la A a la Z.

Ha dicho en Munich frente a  toda la oligarquía europea lo que algunos venimos denunciando hace muchos años. 

Les aconsejo que escuchen los 19 minutos de este excelente discurso:  
https://t.co/OigEw07MJi",4690,2019,284,170499,272,0,1,1,0.34,positive
1890380523802972188,Santi_ABASCAL,Santiago Abascal,Fri Feb 14 12:40:13 +0000 2025,"¡Hay que alinearse con el MUNDO  LIBRE!

¡Y hay que hacerlo ya! https://t.co/MOlSCVkxtB",13731,5226,1153,288374,87,0,0,1,0.0,neutral
1890126405792567617,Santi_ABASCAL,Santiago Abascal,Thu Feb 13 19:50:26 +0000 2025,"Están aquí, y no se van a ir por las buenas. 

La barbarie debe ser extirpada. Debemos reconquistar y liberar Europa.",8621,3206,294,129052,117,0,0,0,-0.296,negative
1889594441675006181,Santi_ABASCAL,Santiago Abascal,Wed Feb 12 08:36:36 +0000 2025,El verdadero arancel a nuestra economía es el Pacto Verde de populares y socialistas en Bruselas. https://t.co/5qb0vinNwr,6265,2540,331,139071,121,0,0,1,0.0,neutral
1889327631511769200,Santi_ABASCAL,Santiago Abascal,Tue Feb 11 14:56:24 +0000 2025,"Este es el cariño y la ilusión que no vamos a defraudar. 

Murcia, 100 mesas, 1500 simpatizantes. Fue un honor poder saludar uno a uno a los valedores de VOX en las calles, en los campos, en las fábricas, en las familias... https://t.co/m9WsZ96tjM",3580,1319,160,48506,247,0,0,1,0.25,positive
1889279438631632931,Santi_ABASCAL,Santiago Abascal,Tue Feb 11 11:44:53 +0000 2025,"Señor Feijóo, con un pinocho ya teníamos bastante. No siga usted también por el camino de la mentira.

¿Silencio cómplice de VOX con los aranceles? NO. Lo que hay es una voz muy fuerte de denuncia contra usted y contra Sánchez por ser personalmente responsables  del GRAN ARANCEL https://t.co/lgWq5cIx1L",4795,2238,233,127198,303,0,0,1,-0.296,negative
1889268680518701461,Santi_ABASCAL,Santiago Abascal,Tue Feb 11 11:02:09 +0000 2025,"Orgulloso de presentar ayer a los portavoces sectoriales de VOX. Hombres y mujeres valientes que llevarán el mensaje de VOX a todos los rincones. Porque no sólo queremos echar a Sánchez, sino también sus políticas nefastas, trabajamos sin descanso por la seguridad, el campo, la https://t.co/vpRCKSijF4",2168,858,177,41530,302,0,0,1,-0.7003,negative
1888885446597316925,Santi_ABASCAL,Santiago Abascal,Mon Feb 10 09:39:18 +0000 2025,"Nos une el amor a nuestras patrias.
Nos une el apego a nuestra libertad y la de nuestros pueblos.

Nos une la defensa de nuestras fronteras.

Y nos han unido, sin quererlo, los globalistas, con la ferocidad de sus ataques a todos nosotros.

Es un honor tener a  tan grandes https://t.co/IZCmcr26rU",4017,1330,260,63986,297,0,0,1,0.5574,positive
1888710136996274432,Santi_ABASCAL,Santiago Abascal,Sun Feb 09 22:02:41 +0000 2025,"Mucho ruido hoy; el de los vivas a España; el de la alegría; y el de más de mil quinientos corazones latiendo con ilusión por ese proyecto que los medios intentan, sin éxito, enterrar.

Gracias Murcia, por el cariño recibido, y gracias por ser siempre la adelantada en el apoyo a https://t.co/Yi4ury2wqz",2279,755,125,46880,303,0,0,1,-0.5574,negative
1888677462072316191,Santi_ABASCAL,Santiago Abascal,Sun Feb 09 19:52:51 +0000 2025,"Asumo las decisiones, asumo las consecuencias de esas decisiones y asumo con responsabilidad el honor de presidir un partido nacional que no se rinde a las presiones, y en el que no caben baronías ni marquesados.

Eso es VOX… y eso seguirá siendo mientras yo sea el presidente. https://t.co/ZeDq5PLBQo",4979,2075,350,175232,301,0,0,1,-0.0516,negative
1888563514899358001,Santi_ABASCAL,Santiago Abascal,Sun Feb 09 12:20:04 +0000 2025,"Hoy alto en el camino en La Mancha en nuestro viaje a Murcia.

Hay hambre de cambio.  No vamos a fallar. https://t.co/kCbmDtdRUy",5098,1640,271,144475,128,0,0,1,-0.296,negative
1888334227814363435,Santi_ABASCAL,Santiago Abascal,Sat Feb 08 21:08:58 +0000 2025,"Gracias a nuestros simpatizantes y a nuestros compañeros de lucha en Europa y en el mundo por su presencia hoy en Madrid, y por su entusiasmo y cariño.

Gracias a todos los españoles y europeos que nos apoyáis desde las naciones que forman Europa. 

Seguimos firmes, con el ánimo https://t.co/Tqxbgsv6xj",3643,1241,179,65626,303,0,0,1,0.0,neutral
1888321268510060613,Santi_ABASCAL,Santiago Abascal,Sat Feb 08 20:17:28 +0000 2025,"Ha sido un honor recibir en Madrid a los líderes que son el presente y el futuro de Europa. 

Y ha sido una alegría comprobar que estamos unidos, respetando nuestras diferencias, y con la vista puesta en un objetivo común: 

Hacer a Europa grande otra vez respetando la soberanía https://t.co/7BxxyLpxKf",6092,1858,329,101599,303,0,0,1,0.7906,positive
1887951759123026030,Santi_ABASCAL,Santiago Abascal,Fri Feb 07 19:49:10 +0000 2025,"Hay familias, víctimas de la DANA, viviendo en tiendas de campaña 

Mientras los clientes de las mafias de inmigración ilegal  están alojados en hoteles que pagamos todos los españoles.  

Sánchez gobierna contra el pueblo",5958,2454,410,143698,222,0,0,0,0.0,neutral
1887577840507404398,Santi_ABASCAL,Santiago Abascal,Thu Feb 06 19:03:21 +0000 2025,"El gobierno de Sánchez es una mafia vomitiva y una chusma corrupta.

Pero Feijóo sigue manteniendo que era obligatorio. Y prohibió a sus barones regionales oponerse a recibir el reparto de la inseguridad y la ruina. 

¡Sánchez debe recibir la oposición que merece!
¡Ya está bien",5517,2303,265,163599,278,0,0,0,0.0,neutral
1887478842840813746,Santi_ABASCAL,Santiago Abascal,Thu Feb 06 12:29:58 +0000 2025,La primera medida que hay que tomar es clara:  MOTOSIERRA. https://t.co/ixLMlxPi6A,13582,4744,1686,1997259,82,0,0,1,0.0,neutral
1887452478448230627,Santi_ABASCAL,Santiago Abascal,Thu Feb 06 10:45:12 +0000 2025,"Muchos medios nos preguntan por las cuestiones internas de VOX…y las respondemos. Pero sabemos cuál es nuestra obligación. Hay que dejar de  mirarse el ombligo y mirar hacia fuera, hacia la gente. ‘¿Cómo echamos a Sánchez? ¿Cómo mejoramos la vida de los españoles?’ 

Para eso https://t.co/PQWkZS1vgi",3318,1369,183,56338,300,0,0,1,0.0,neutral
1887216988382253410,Santi_ABASCAL,Santiago Abascal,Wed Feb 05 19:09:27 +0000 2025,"Es un inmenso honor para mí regresar de nuevo a Washington para intervenir en la @CPAC, la cumbre conservadora más importante del mundo.

Nos vemos pronto, @mercedesschlapp y @mschlapp.",3272,1331,183,131300,185,0,3,0,0.4939,positive
1887120846998872409,Santi_ABASCAL,Santiago Abascal,Wed Feb 05 12:47:25 +0000 2025,"El régimen corrupto de Lula y su carcelero de Moraes actúa contra todos aquellos que denuncian sus crímenes tomando presos políticos y  pisoteando la libertad de expresión y de prensa.

Todo nuestro apoyo a quienes denuncian los abusos y vulneraciones de derechos de los aliados",865,383,23,26353,278,0,0,0,0.0,neutral
1886856809517916324,Santi_ABASCAL,Santiago Abascal,Tue Feb 04 19:18:14 +0000 2025,"Hace poco agredió a un bebé de un año y pegó a los abuelos que lo paseaban.

Hoy le ha pegado una paliza a un hombre y lo manda al hospital.

Tiene más de 30 antecedentes. 

¿Qué hace un salvaje como este todavía en nuestro país?

EXPULSIÓN INMEDIATA.",16091,5046,311,382836,251,0,0,0,0.34,positive
1886855131242897673,Santi_ABASCAL,Santiago Abascal,Tue Feb 04 19:11:34 +0000 2025,"Entre insultos, burlas y mentiras, VOX ha trabajado sin descanso por las ideas que hoy brillan cada vez con más fuerza en Europa y todo Occidente

Nos vemos el próximo sábado 8 de febrero en la primera cumbre de los patriotas en España.

¡El futuro pertenece a los patriotas! https://t.co/8RkEvm4zFe",3990,1691,271,94898,299,0,0,1,-0.3595,negative
1886764364696318147,Santi_ABASCAL,Santiago Abascal,Tue Feb 04 13:10:53 +0000 2025,Adelante #VOXMelilla,3278,844,104,86365,20,1,0,0,0.0,neutral
1886741439427576161,Santi_ABASCAL,Santiago Abascal,Tue Feb 04 11:39:47 +0000 2025,"El PP lo pacta TODO con el PSOE, tanto en España como en Bruselas.

Nosotros nos oponemos a TODO lo que pactan el PP y el PSOE, tanto en España como en Bruselas.

Pero según Feijóo la pinza es de PSOE y VOX...

La verdad es que contando chistes no hay quien los supere.",4152,1646,178,85630,269,0,0,0,-0.296,negative
1886411627467268513,Santi_ABASCAL,Santiago Abascal,Mon Feb 03 13:49:14 +0000 2025,"El dedo levantado. Y acusando a todos los que sostienen este gobierno. Que no solo son sus aliados, es también  la oposición que hace oposición a @realDonaldTrump y a @JMilei en vez de a Sánchez.

Es la que pacta con el PSOE en Bruselas todas las políticas que sufrimos los https://t.co/AnhxMheLcZ",5070,2337,478,238982,297,0,2,1,-0.296,negative
1886368001689047148,Santi_ABASCAL,Santiago Abascal,Mon Feb 03 10:55:53 +0000 2025,Ya están aquí.,19551,4327,999,840867,14,0,0,0,0.0,neutral
1886100894019727460,Santi_ABASCAL,Santiago Abascal,Sun Feb 02 17:14:29 +0000 2025,"Ironía... 
...o no.",4496,1397,239,126261,19,0,0,0,0.0,neutral
1885744105042407781,Santi_ABASCAL,Santiago Abascal,Sat Feb 01 17:36:44 +0000 2025,Ladran luego cabalgamos.,4625,1282,240,158181,24,0,0,0,0.0,neutral
1885713961674477803,Santi_ABASCAL,Santiago Abascal,Sat Feb 01 15:36:57 +0000 2025,"Trabajamos por la colaboración de todos los eurodiputados que quieren acabar con las imposiciones ideológicas que están arruinando a Europa.

¡Somos mayoría!

La colaboración de @PatriotsEU
y de @ECRparty  es decisiva. Solo queda rescatar a los que siguen hipnotizados por el",2071,842,136,58320,275,0,2,0,0.0,neutral
1885683964657996256,Santi_ABASCAL,Santiago Abascal,Sat Feb 01 13:37:46 +0000 2025,"Trabajamos por la colaboración de todos los eurodiputados que quieren acabar con las imposiciones ideológicas que están arruinando a Europa.

¡Somos mayoría!

La colaboración de @PatriotsEU
y de @ECRparty  es decisiva. Solo queda rescatar a los que siguen hipnotizados por el",2946,1046,191,49835,275,0,2,0,0.0,neutral
1885646132698587597,Santi_ABASCAL,Santiago Abascal,Sat Feb 01 11:07:26 +0000 2025,Aquí también lo haremos. Y les llevaremos a los tribunales por ser cooperantes del tráfico de seres humanos.,7793,2406,288,154888,108,0,0,0,0.0,neutral
1885334257192567276,Santi_ABASCAL,Santiago Abascal,Fri Jan 31 14:28:09 +0000 2025,"El odio izquierdista e islamista que profana tumbas es un odio satánico y sin límites, como el de los gobernantes que desentierran los cadáveres y profanan las tumbas de sus antecesores.

Son los enemigos de la convivencia en paz y de la civilización. Son el mal en estado puro.",4681,1888,270,118817,278,0,0,0,-0.5574,negative
1885305226652991951,Santi_ABASCAL,Santiago Abascal,Fri Jan 31 12:32:47 +0000 2025,"Estamos hartos.  Muy hartos. 

Esos criminales están en las calles de España porque Juanma Moreno, entre otros,  quiere presumir de gran corazón, porque Sánchez está sometido a Marruecos, bporque todos se olvidan y desprecian el  sufrimiento que causan a los niños, a los abuelos,",7189,2638,281,166095,280,0,0,0,0.0,neutral
1884938743490232775,Santi_ABASCAL,Santiago Abascal,Thu Jan 30 12:16:31 +0000 2025,"Los españoles sin vivienda y mientras tanto: ayudas legales a las mafias de la okupación, los inmigrantes ilegales en hoteles, y el PNV recibiendo como regalo un palacio que es patrimonio de los españoles.

Haremos todo lo posible para devolver a los españoles su patrimonio, para https://t.co/tAoWAUDhbv",6651,3241,375,102809,304,0,0,1,-0.5574,negative
1884923737201377470,Santi_ABASCAL,Santiago Abascal,Thu Jan 30 11:16:53 +0000 2025,"¡Malditos delincuentes!

El patrimonio de los españoles no se regala a nadie, menos a los enemigos de España. Punto.",6766,2512,459,157863,116,0,0,0,-0.3595,negative
1884911610940240287,Santi_ABASCAL,Santiago Abascal,Thu Jan 30 10:28:42 +0000 2025,"Hoy en Mañanas en Libertad @RadioLibertadES  con @ldpsincomplejos dejando claro que la única forma de acabar con este Gobierno -que es el culpable de la situación de pensionistas, trabajadores, familias y jóvenes- es votar NO a cualquier cosas que proponga Sánchez. https://t.co/w7EceeVVik",2360,888,355,389418,289,0,2,1,-0.4466,negative
1884667843972649285,Santi_ABASCAL,Santiago Abascal,Wed Jan 29 18:20:04 +0000 2025,"Es desolador contemplar que el PP vota junto a Sánchez para regalarle un palacete al PNV, para promocionar la okupación, para ayudar de nuevo a este gobierno ruinoso cuando está en dificultades. 

Pero no caben las lamentaciones.  Hay que hacer posible la alternativa. Si el PP",7992,3310,539,162758,277,0,0,0,-0.296,negative
1884324141840670856,Santi_ABASCAL,Santiago Abascal,Tue Jan 28 19:34:19 +0000 2025,"En todas las naciones hay estructuras del Estado profundo dispuestas a perseguir a los gobernantes democráticos solo por defender la seguridad, el interés nacional y a su propio pueblo.

Todo nuestro apoyo a @GiorgiaMeloni ante este nuevo ataque. https://t.co/lXmzzLal3l",4884,1918,231,93596,270,0,1,1,0.1027,positive
1884182374164107513,Santi_ABASCAL,Santiago Abascal,Tue Jan 28 10:10:59 +0000 2025,"España padece el gobierno más corrupto de la democracia y algunos siguen haciéndole el juego atacando a VOX de formas miserables. Son más corruptos que el número 1.

Pero vamos a derrotar a ese gobierno y a quienes pretendan sostenerlo 

¡Avanzamos!",10292,3207,837,175238,249,0,0,0,0.0,neutral
1883964755523842301,Santi_ABASCAL,Santiago Abascal,Mon Jan 27 19:46:14 +0000 2025,"Como presidente de @PatriotsEU es un orgullo para mi anunciaros que el 8 de febrero se celebrará en Madrid la cumbre con los líderes europeos que protagonizarán el futuro de Europa. 

🎟 Saca tu entrada gratuita aquí: 

https://t.co/mCycdLFbFE https://t.co/lNkwlpdf9U",5020,2137,327,146131,266,0,1,2,0.0,neutral
1883936585302884753,Santi_ABASCAL,Santiago Abascal,Mon Jan 27 17:54:18 +0000 2025,"Se cumplen 80 años de la liberación de Auschwitz, símbolo del Holocausto, el genocidio de más de 6 millones de judíos por el simple hecho de ser judíos. 

Es un insulto que el gobierno de Sánchez haga el paripé en Auschwitz  mientras  va de la mano de los terroristas del 7 de",5773,1620,975,749195,276,0,0,0,0.0,neutral
1883878839119761897,Santi_ABASCAL,Santiago Abascal,Mon Jan 27 14:04:50 +0000 2025,"¡El próximo domingo 9 de febrero os espero en Murcia!

📍 Finca Buenavista, El Palmar (Murcia).
⏰ 13:30h.
#Murcia #VOX https://t.co/Q5atfO2AKZ",1301,646,76,50938,141,2,0,1,-0.4003,negative
1883784228682293474,Santi_ABASCAL,Santiago Abascal,Mon Jan 27 07:48:53 +0000 2025,"A estas horas González Pons todavía es vicepresidente del parlamento europeo.  

Qué este señor se vaya  a hacer negocio con  el gas ruso, o se ponga a escribir novelillas eróticas. Lo que no se puede hacer es ir de la mano con el autócrata Sánchez en la oposición a Trump.  Es",7473,3013,409,221490,277,0,0,0,-0.296,negative
1883782290372952338,Santi_ABASCAL,Santiago Abascal,Mon Jan 27 07:41:11 +0000 2025,"El empleado de Soros que tenemos  por presidente dice que somos negacionistas. Como siempre, miente.

Nosotros afirmamos. No negamos.  Afirmamos que el presidente de gobierno es el número 1 de la corrupción moral, política y económica de este gobierno. 

Afirmamos que Sánchez",7452,2942,357,159645,276,0,0,0,-0.296,negative
1883455673951776851,Santi_ABASCAL,Santiago Abascal,Sun Jan 26 10:03:20 +0000 2025,"Desde luego la idea que tiene Pedro Sánchez del poder se parece mucho a la de China y nada a la de Trump.

Allí, en China, tiene censura, control de los ciudadanos, control de las empresas, y control del Estado. 

Sánchez es capaz de irse a la cama con Hamas, con China y con https://t.co/ktFdFJefoG",8321,3506,826,222670,299,0,0,1,0.0,neutral
1939778932468858940,Santi_ABASCAL,Santiago Abascal,Mon Jun 30 20:11:51 +0000 2025,"Pronto vamos a hablar de super ZP.

Aunque el PP y el PSOE hayan votado en contra de la petición de VOX para que comparezca en el Senado.",9638,3343,202,195270,137,0,0,0,0.5994,positive
1939687214256185416,Santi_ABASCAL,Santiago Abascal,Mon Jun 30 14:07:24 +0000 2025,"No basta con uno. Falta el UNO 

¡Todos a la cárcel!",26203,5791,641,723813,52,0,0,0,-0.3595,negative
1939420151029334162,Santi_ABASCAL,Santiago Abascal,Sun Jun 29 20:26:11 +0000 2025,"Tenemos el deber de decir la verdad aunque sea impopular, y tenemos el deber de pedir un apoyo masivo para ofrecer a los españoles una alternativa total, y devolverles una España nueva y decente. https://t.co/LEyNT6oewk",5318,2164,213,114976,219,0,0,1,0.0,neutral
1938690274227536263,Santi_ABASCAL,Santiago Abascal,Fri Jun 27 20:05:55 +0000 2025,"Reivindicando la Hispanidad en la IV Cumbre de la Iberosfera. Celebrando el nuevo tiempo de esperanza y de reconstrucción que llega para nuestras naciones.

Estamos juntos. Y vamos a ganar. https://t.co/uPDHQ74RjJ",2733,1038,366,412920,213,0,0,1,0.0,neutral
1937894303315132615,Santi_ABASCAL,Santiago Abascal,Wed Jun 25 15:23:00 +0000 2025,"Creo que debemos valorar seriamente la destitución del señor Sánchez por incapacidad mental.
Su desconexión con la realidad ya es patológica",30794,9044,1661,1348143,140,0,0,0,0.0,neutral
1937786028263141403,Santi_ABASCAL,Santiago Abascal,Wed Jun 25 08:12:46 +0000 2025,"¿En las charlas de Hacienda explicarán que gracias a los impuestos los españoles son más pobres ahora que hace 15 años?

¿Explicarán que esos impuestos se los han gastado en clubes de alterne?

¿Dirán que hay que pagar impuestos para pagar a las mafias del tráfico de personas y",4675,1957,232,171180,278,0,0,0,0.0,neutral
1937536077599736079,Santi_ABASCAL,Santiago Abascal,Tue Jun 24 15:39:33 +0000 2025,"VOX propone un cambio de rumbo en materia energética.  Queremos que España pueda disponer de todas las fuentes de energía que nos da nuestro país; nuclear, eólica, solar, hidroeléctrica, térmica... sin renunciar a ninguna de ellas, con el único límite del sentido común y https://t.co/ZOhq9b1WDK",6376,2315,204,169964,295,0,0,1,-0.5574,negative
1937477489598619742,Santi_ABASCAL,Santiago Abascal,Tue Jun 24 11:46:44 +0000 2025,Los que promueven la islamización necesitan destruir España. Por eso dedican tanto tiempo a destruir nuestra identidad en las escuelas.,3138,1324,96,65176,135,0,0,0,0.0,neutral
1937477364314976739,Santi_ABASCAL,Santiago Abascal,Tue Jun 24 11:46:14 +0000 2025,Los que promueven la islamización necesitan destruir España. Por eso dedican tanto tiempo a destruir nuestra identidad en las escuelas.,2528,989,56,49840,135,0,0,0,0.0,neutral
1937206991534825894,Santi_ABASCAL,Santiago Abascal,Mon Jun 23 17:51:53 +0000 2025,"Cada vez que el PSOE está contra las cuerdas,  ahí está el PP para rescatarlo. 

Ahora impiden que Zapatero y Bono comparezcan por el caso Koldo. ¡ZAPATERO y BONO!

¿Qué oculta el bipartidismo?",13359,5333,365,299090,193,0,0,0,0.0,neutral
1936903801253797975,Santi_ABASCAL,Santiago Abascal,Sun Jun 22 21:47:06 +0000 2025,"Mientras el indecente, traidor y corrupto se aferra al sillón...",7739,3261,206,118946,64,0,0,0,0.0,neutral
1936376013006463350,Santi_ABASCAL,Santiago Abascal,Sat Jun 21 10:49:52 +0000 2025,"Sanchez trata de mentir también en el escenario internacional. 

No se opone a elevar el gasto militar al 5 % por razones presupuestarias o políticas. 

Se opone porque no tiene mayoría para gobernar. Se opone porque trata de buscar en ese conflicto con la OTAN y con Estados",6547,2360,273,179036,275,0,0,0,-0.5267,negative
1936162076637995015,Santi_ABASCAL,Santiago Abascal,Fri Jun 20 20:39:45 +0000 2025,"Hoy me he dado un paseo por la calle. Todo el mundo quiere echarlo.  #GameOver
#Alcobendas #Tetúan #MercadoMaravillas #Madrid https://t.co/tbXvVU2D99",14230,4191,916,577645,149,5,0,1,0.0,neutral
1935648205170934046,Santi_ABASCAL,Santiago Abascal,Thu Jun 19 10:37:49 +0000 2025,"Aquí no estamos hablando de la corrupción de unos, o unos pocos, o unos muchos. Estamos hablando de una estructura de corrupción,  de una mafia. De una mafia liderada por el presidente del Gobierno. Y ya hemos visto que para tratar de aguantar en el poder no hará más que hablar",11316,3977,429,277339,278,0,0,0,-0.5267,negative
1935334415984464255,Santi_ABASCAL,Santiago Abascal,Wed Jun 18 13:50:56 +0000 2025,"Ya lo sabíamos pero es repuganante ver la impunidad con la que lo dicen. 

El corrupto Sánchez ha sido presidente gracias a que los enemigos de España aprovechaban para destruir la Nación.  Y ahora, cuando ven que su marioneta ya está en las últimas, pretenden aprovecharse para",7435,2535,242,216490,278,0,0,0,0.34,positive
1935239994274370004,Santi_ABASCAL,Santiago Abascal,Wed Jun 18 07:35:44 +0000 2025,"""Señor Sánchez, es un indecente, un corrupto y un traidor"" https://t.co/JHEuOSF4zQ",43185,19344,5211,2050195,82,0,0,1,0.0,neutral
1934704713267544279,Santi_ABASCAL,Santiago Abascal,Mon Jun 16 20:08:43 +0000 2025,"Precisamente hoy, cuando el tirano mafioso mentía sobre ello.
JDT",12296,3408,587,638763,65,0,0,0,0.0,neutral
1934632751317111179,Santi_ABASCAL,Santiago Abascal,Mon Jun 16 15:22:46 +0000 2025,Pero no olvidamos que esta vergüenza y este latrocinio lo tenemos que aguantar porque al mafioso lo sostiene en Bruselas el PP europeo. ¡Son responsables!,3424,852,132,66398,154,0,0,0,-0.3595,negative
1934631992319951244,Santi_ABASCAL,Santiago Abascal,Mon Jun 16 15:19:45 +0000 2025,"¡Embustero mafioso!
Acabarás en la cárcel.",17453,4711,598,618831,42,0,0,0,0.0,neutral
1934620372030394368,Santi_ABASCAL,Santiago Abascal,Mon Jun 16 14:33:34 +0000 2025,"@georgesimion @vox_es Muchas gracias @georgesimion. 
Combatimos la misma corrupción. A vosotros os ha privado de la presidencia en 
Rumania y aquí intentan impedir que gobernemos por todos los medios, incluyendo los métodos mafiosos.",849,167,25,51915,233,0,3,0,0.34,positive
1933986507905216892,Santi_ABASCAL,Santiago Abascal,Sat Jun 14 20:34:49 +0000 2025,"TODOS A LA CÁRCEL
#Ferraz https://t.co/8up6ZCxMwT",9301,2501,350,430200,49,1,0,1,0.0,neutral
1933978091552207345,Santi_ABASCAL,Santiago Abascal,Sat Jun 14 20:01:23 +0000 2025,"Fernando Lázaro fue un valiente que siempre estuvo del lado bueno de la historia. 

Hace pocos días pude hablar con él por última vez. ¡Qué suerte haberle conocido!  ¡Y qué tristeza por su temprano fallecimiento!

Los suyos pueden estar muy orgullosos de él. Los que tuvimos el",2040,557,81,68723,277,0,0,0,0.0,neutral
1933946741004325313,Santi_ABASCAL,Santiago Abascal,Sat Jun 14 17:56:48 +0000 2025,En todas partes; todo el tiempo. Oposición total al gobierno de la mafia para conseguir una España nueva y decente. https://t.co/L8oPxLvrsb,8315,2874,279,106229,139,0,0,1,0.0,neutral
1933642056741593503,Santi_ABASCAL,Santiago Abascal,Fri Jun 13 21:46:06 +0000 2025,Oposición total. Con todas las armas a nuestro alcance. Hasta que el capo de la mafia caiga. #Ferraz https://t.co/byFNDLaECy,9853,3696,448,318690,124,1,0,1,0.0,neutral
1933261181466157515,Santi_ABASCAL,Santiago Abascal,Thu Jun 12 20:32:38 +0000 2025,"Muchas gracias presidente @SantiPenap por inaugurar y acoger el Foro Madrid en Asunción.  

Para nosotros es un auténtico honor. 

Paraguay y su gobierno son un referente por su política fiscal, la defensa de la soberanía e identidad nacional, y la protección de la familia y la",1686,447,108,212604,278,0,1,0,0.4939,positive
1933211429861020032,Santi_ABASCAL,Santiago Abascal,Thu Jun 12 17:14:56 +0000 2025,Allí estarè. https://t.co/LNOJPBAqWD,19009,5851,1231,1380417,36,0,0,1,0.0,neutral
1933200556991946970,Santi_ABASCAL,Santiago Abascal,Thu Jun 12 16:31:44 +0000 2025,"Somos los únicos en España que podemos decir que fuimos los primeros en denunciar a esta mafia. Y que lo hemos hecho en solitarios. 

Hace falta una tercera moción.  Hace falta acorralar por fín a Sánchez, támbien en Europa.
#RespuestaAsanchez https://t.co/qiqYlTEo36",14013,4511,974,1325153,267,1,0,1,0.0,neutral
1933119626646577388,Santi_ABASCAL,Santiago Abascal,Thu Jun 12 11:10:09 +0000 2025,2020,5211,1746,162,139900,4,0,0,0,0.0,neutral
1932914750771314909,Santi_ABASCAL,Santiago Abascal,Wed Jun 11 21:36:03 +0000 2025,"No es un gobierno. Es una charca pestilente de ladrones,  putañeros, traidores y chulos. 

Hoy, además, con la ayuda del PP  europeo en Bruselas, han entregado Gibraltar.

Reconstruiremos todo lo que han destruido. Recuperaremos todo lo que han entregado.",9373,2872,395,323699,255,0,0,0,-0.296,negative
1932738474333126969,Santi_ABASCAL,Santiago Abascal,Wed Jun 11 09:55:35 +0000 2025,"La dictadura climática la promueven el PSOE y el PP desde Bruselas. Y el único objetivo es que no tengas nada y que no te puedas ni quejar. 

Hay que echarlos. A unos y a otros. Porque en realidad son los mismos",2992,1713,237,93332,211,0,0,0,-0.5267,negative
1932119612654588060,Santi_ABASCAL,Santiago Abascal,Mon Jun 09 16:56:27 +0000 2025,"El fiscal general de Sánchez , (porque es de Sánchez, no del Estado) en el banquillo.

El gobierno empezará ahora a remover toda la basura de corrupción del PP, que también se juzga dentro de poco.

Pelean por escapar de la cárcel. Mientras, en Bruselas, siguen siendo socios y",6307,2535,398,204630,277,0,0,0,-0.296,negative
1931801834017956117,Santi_ABASCAL,Santiago Abascal,Sun Jun 08 19:53:43 +0000 2025,"Nos hemos reunido con nuestros aliados europeos para derrotar las políticas de populares y socialistas en Bruselas que arruinan nuestras naciones, empobrecen a las familias y sostienen a un delincuente como Sánchez.

Mientras unos fingen oposición, nosotros nos mantenemos firmes, https://t.co/3Ma88rVPtd",6493,2313,262,102797,304,0,0,1,0.0,neutral
1931621183595618708,Santi_ABASCAL,Santiago Abascal,Sun Jun 08 07:55:52 +0000 2025,"El terrorista Petro debe rendir cuentas por sus amenazas y por el daño infligido al pueblo colombiano.

Siempre dijimos que era parte de la izquierda criminal que atenta contra la vida de sus adversarios, como han hecho en los últimos años en Brasil, EE.UU o Ecuador.

Mientras",11401,4110,315,269650,277,0,0,0,-0.5267,negative
1931464005115146501,Santi_ABASCAL,Santiago Abascal,Sat Jun 07 21:31:18 +0000 2025,"Javier Milei @JMilei es la demostración de que incluso después de sufrir años de ruina y corrupción, una nación puede cambiar el rumbo y salir adelante.

Es un honor contar con su amistad y un placer volver a encontrarle hoy en Madrid. https://t.co/veiKb6ysvo",15472,3412,735,367831,259,0,1,1,0.4939,positive
1931355893767065825,Santi_ABASCAL,Santiago Abascal,Sat Jun 07 14:21:42 +0000 2025,"Una nueva ocasión perdida. El Partido Popular acaba de darle oxígeno institucional a un gobierno corrupto que debería ser acorralado. 

Mañana dirán , “Democracia o Mafia”.

Ayer estaban en la misma mesa que el mafioso.
#Estafa",3408,1376,289,281423,227,1,0,0,0.4215,positive
1930305838947664239,Santi_ABASCAL,Santiago Abascal,Wed Jun 04 16:49:10 +0000 2025,Esta es la manifestación que hay que apoyar. Animo a acompañar a los jueces en todos los juzgados de España el próximo día 11. a las 12 horas. Es crucial que Sánchez no consiga destruir la última barrera que nos separa del chavismo,5230,2615,135,126537,231,0,0,0,-0.296,negative
1930212910199943538,Santi_ABASCAL,Santiago Abascal,Wed Jun 04 10:39:54 +0000 2025,"El gobierno de Sánchez es un circo de chorizos, sicarios y cloacas. Todo para tapar la corrupción de su partido y de su familia. Lo normal en un gobierno que existe sostenido por criminales a cambio de indultos y amnistias.

Hace siete años que deberíamos haber establecido un",10374,3657,419,246824,276,0,0,0,0.0,neutral
1929640416317517848,Santi_ABASCAL,Santiago Abascal,Mon Jun 02 20:45:00 +0000 2025,"Siete años llevo diciendo que este gobierno es una mafia, que no es de fiar.

Ni siquiera te puedes fiar de que se enciende la luz.

¡Cómo vamos a fiarnos del voto por correo, ni de nada!

Y …  ¿cómo es posible que algunos se hayan pasado estos siete años pactando con este",8727,3312,433,278518,273,0,0,0,-0.3595,negative
1929512977486791165,Santi_ABASCAL,Santiago Abascal,Mon Jun 02 12:18:37 +0000 2025,"Nuestro objetivo está claro: echar a Sánchez y cambiar todas sus políticas. Para conseguirlo es imprescindible señalar a quien hoy sigue siendo balón de oxígeno del Gobierno, aquí y en Bruselas. Es nuestro deber decir la verdad, aunque moleste. https://t.co/QokbcoBWXq",6823,2405,370,125778,268,0,0,1,0.0,neutral
1929438499570122800,Santi_ABASCAL,Santiago Abascal,Mon Jun 02 07:22:40 +0000 2025,"Enhorabuena a @NawrockiKn y a las fuerzas conservadoras y patriotas de Polonia por derrotar al candidato de Von Der Leyen, de Sánchez y de Feijóo.

Polonia defiende su soberanía y su libertad. Una nueva derrota para la coalición de populares y socialistas.",5541,1601,168,140373,256,0,1,0,0.0,neutral
1929269832836329492,Santi_ABASCAL,Santiago Abascal,Sun Jun 01 20:12:26 +0000 2025,"Hoy en Navalagamella, en Madrid, comida con más de 1.500 afiliados; valientes todos e inmunes al bombardeo mediático que trata de dividirnos o desesperanzarnos. Sabemos que otra España es posible, y nada nos va a desviar de nuestro camino. ¡Viva Madrid, y viva España! https://t.co/jFh1w5tZJk",2466,877,98,50477,292,0,0,1,0.0,neutral
1928509190269530554,Santi_ABASCAL,Santiago Abascal,Fri May 30 17:49:55 +0000 2025,"La batalla en la calle, en los parlamentos, en los tribunales, en los foros internacionales...  Todo para echar a este Gobierno corrupto y criminal. Y en eso estamos. Sólo falta que los demás hagan lo mismo. Sin pedir permiso al separatismo. Y sin pactar con el socialismo en https://t.co/C8Xx04H5fw",3476,1303,188,49965,299,0,0,1,-0.891,negative
1928495737349841254,Santi_ABASCAL,Santiago Abascal,Fri May 30 16:56:28 +0000 2025,"La batalla en la calle, en los parlamentos, en los tribunales, en los foros internacionales... Todo para echar a este Gobierno corrupto y criminal. Y en eso estamos. Sólo falta que los demás hagan lo mismo. Sin pedir permiso al separatismo. Y sin pactar con el socialismo en https://t.co/BHkORM5ZAi",3910,1678,204,63290,298,0,0,1,-0.891,negative
1928425104272196025,Santi_ABASCAL,Santiago Abascal,Fri May 30 12:15:47 +0000 2025,"Es que el señor Feijóo quiere pactar con el PSOE. Y con los nacionalistas.

Y  tiene que saber que conmigo y con VOX no puede contar para eso. 

El camino es otro. Es el de Valencia o Baleares.",2954,1307,249,72812,193,0,0,0,-0.296,negative
1928128263605346651,Santi_ABASCAL,Santiago Abascal,Thu May 29 16:36:15 +0000 2025,"Nos vemos esta tarde. 
Siempre en la batalla.",7218,2017,438,361164,45,0,0,0,0.0,neutral
1928061023480697197,Santi_ABASCAL,Santiago Abascal,Thu May 29 12:09:04 +0000 2025,"¡BASTA YA de aguantar a este gobierno criminal!

¡Y BASTA YA de sostener a este gobierno criminal! https://t.co/U6oTuO7668",17531,5743,1293,487173,122,0,0,1,-0.8118,negative
1927846794114859511,Santi_ABASCAL,Santiago Abascal,Wed May 28 21:57:48 +0000 2025,"Llevo tiempo diciendo que lo peor de Sánchez estaba por llegar.
Pues ya está aquí la evidencia de lo que sospechábamos y denunciamos con dos mociones de censura:
Este tipo no dirige un gobierno, sino una red criminal. 

Si esto no es suficiente para que el PP rompa todos sus",13780,4899,707,398526,275,0,0,0,-0.7783,negative
1927825174524543304,Santi_ABASCAL,Santiago Abascal,Wed May 28 20:31:53 +0000 2025,Será un placer acompañarte.,852,220,226,325770,27,0,0,0,0.0,neutral
1927718717070217584,Santi_ABASCAL,Santiago Abascal,Wed May 28 13:28:52 +0000 2025,Esta es la realidad: el Partido Popular (español o europeo) sosteniendo y apoyando al gobernante más corrupto y perjudicial de Europa.,3508,1414,162,109931,134,0,0,0,0.4215,positive
1927656927925879174,Santi_ABASCAL,Santiago Abascal,Wed May 28 09:23:20 +0000 2025,Periodismo lacayo que hace cualquier cosa para desviar la atención sobre los escándalos de la mafia.,2990,1017,128,83161,100,0,0,0,0.0,neutral
1927430822652752036,Santi_ABASCAL,Santiago Abascal,Tue May 27 18:24:52 +0000 2025,El autócrata pretende que su régimen sea perpetuo. https://t.co/91k2CMFeOF,5287,2310,225,103146,74,0,0,1,0.0,neutral
1927402349695271368,Santi_ABASCAL,Santiago Abascal,Tue May 27 16:31:44 +0000 2025,"¡Eskerrik asko, Viktor!",6866,1924,443,1026783,23,0,0,0,0.0,neutral
1927331972222763259,Santi_ABASCAL,Santiago Abascal,Tue May 27 11:52:04 +0000 2025,"Andalucía está sufriendo una invasión islamista, un latrocinio socialista, una destrucción woke de su campo, y un gobierno socialdemócrata del PP. 
Pero tiene una esperanza: Manolo Gavira
@GaviraVox https://t.co/0Hstuxydak",3461,1429,193,70420,222,0,1,1,0.0,neutral
1927079362676847033,Santi_ABASCAL,Santiago Abascal,Mon May 26 19:08:18 +0000 2025,También nos veía mejor muertos la sicaria de Sánchez.,7113,2141,178,215157,53,0,0,0,0.0,neutral
1927021926125375873,Santi_ABASCAL,Santiago Abascal,Mon May 26 15:20:04 +0000 2025,Gobierna una mafia.,5643,1814,169,143480,19,0,0,0,0.0,neutral
1925580941210038672,Santi_ABASCAL,Santiago Abascal,Thu May 22 15:54:06 +0000 2025,"📌 Las presas sin construir.
📌 Los cauces sin limpiar.
📌 El ejército sin aparecer. 
📌 Llegaron antes los bomberos franceses que los españoles.
📌 La Guardia Civil mandada a detener a vecinos por protestar contra Sánchez. 
📌La ayuda internacional rechazada.
📌Los voluntarios",4689,2352,265,171126,271,0,0,0,-0.8957,negative
1925562697602445760,Santi_ABASCAL,Santiago Abascal,Thu May 22 14:41:36 +0000 2025,Qué firmeza en los asuntos tácticos y discutibles. Qué indefinición y cuántas vaguedades para los asuntos capitales y de principios.,2371,984,147,71145,132,0,0,0,0.0,neutral
1925273388911591606,Santi_ABASCAL,Santiago Abascal,Wed May 21 19:32:00 +0000 2025,"Están acelerando la islamizacion de España. Hay que detenerlos. Y denunciar a los ""don opas"" que la están permitiendo.

Nos va en ello la identidad, la libertad, la seguridad y la prosperidad",4810,2350,205,105493,191,0,0,0,0.0,neutral
1925166391998521698,Santi_ABASCAL,Santiago Abascal,Wed May 21 12:26:50 +0000 2025,Unos minutos en @telecincoes para dejar clara nuestra postura sobre cuestiones de actualidad; exigir claridad al PP y responder a alguna que otra manipulación ⬇️⬇️ https://t.co/rjCmlETnSR,3850,1679,233,67362,187,0,1,1,0.0,neutral
1924745162024264005,Santi_ABASCAL,Santiago Abascal,Tue May 20 08:33:01 +0000 2025,"Magnífico encuentro ayer con el presidente de la Cámara de los Diputados de Paraguay y buen amigo, Raúl Latorre. Hemos hablado de los enormes desafíos que afrontamos las fuerzas patriotas frente a las amenazas globalistas y de cómo Paraguay, con el Partido Colorado y el https://t.co/Nki67iszAK",1772,668,199,267590,294,0,0,1,0.0,neutral
1924485116518154388,Santi_ABASCAL,Santiago Abascal,Mon May 19 15:19:41 +0000 2025,"El número 1 de la corrupción, hombre de saunas, plagios, mentiras y mordidas a las libertades,  no duda en utilizar sus modos golpistas para hacer del parlamento su cortijo.

Creo que no quiere que se sepa que él,  Sánchez,  está batiendo los récord de corrupción y criminalidad",4823,2345,137,107338,278,0,0,0,-0.5267,negative
1924431849054486849,Santi_ABASCAL,Santiago Abascal,Mon May 19 11:48:01 +0000 2025,"Hay que ser miserable para abrazar al pueblo ucraniano cuando gracias a su política energética Sánchez está pagando los misiles que caen sobre Kiev.

Hay que ser cruel para abrazar al pueblo palestino cuando Sánchez premió a Hamas que es quien ha traído la destrucción y el horror",6796,2489,615,273726,280,0,0,0,-0.8519,negative
1924403201597468730,Santi_ABASCAL,Santiago Abascal,Mon May 19 09:54:11 +0000 2025,"Afortunadamente Europa tiene líderes que no van a seguir el disparate pro-chino y pro-guerra comercial que empujan Sánchez y sus peligrosos aliados. 

Ahora solo falta que el PP de Úrsula y de Feijóo entienda que ese es el camino y abandonen de una vez su pacto con el socialismo.",2731,1093,162,74522,280,0,0,0,-0.296,negative
1924206615365923195,Santi_ABASCAL,Santiago Abascal,Sun May 18 20:53:01 +0000 2025,"Las fuerzas patriotas y conservadoras crecen en todas las naciones de Europa a pesar de cordones sanitarios y de la hegemonía mediática de los partidos globalistas. Enhorabuena a todos ellos y, especialmente, a mi querido amigo @AndreCVentura , quien ha dado todo, literalmente, y",4849,1633,263,160974,280,0,1,0,0.34,positive
1923310173126275125,Santi_ABASCAL,Santiago Abascal,Fri May 16 09:30:53 +0000 2025,"La única competencia que hace el PP al PSOE, es por ver quien tiene más capacidad de acuerdo con el separatismo. Incluso aunque sea con Bildu.",2419,1149,86,53855,142,0,0,0,0.0,neutral
1923111261442637944,Santi_ABASCAL,Santiago Abascal,Thu May 15 20:20:29 +0000 2025,"Le apoya Bildu y le aplaude Hamas. Es lógico que utilice el vocabulario de los terroristas.

Y aún lo peor de Sánchez está por llegar.",3772,1615,401,318374,134,0,0,0,0.0,neutral
1922967593289154912,Santi_ABASCAL,Santiago Abascal,Thu May 15 10:49:35 +0000 2025,@ldpsincomplejos Descanse en Paz.,1145,57,11,43515,33,0,1,0,0.0,neutral
1922604806385893775,Santi_ABASCAL,Santiago Abascal,Wed May 14 10:48:00 +0000 2025,"Preguntas claras, respuestas evasivas. Agún día el Señor de la guerra, de la corrupción y de las calamidades tendrá que contestar en un juzgado sobre todo lo que evita explicar en sede parlamentaria. https://t.co/GPrXAPwQ63",4434,1863,211,80168,223,0,0,1,0.0,neutral
1922417440077623600,Santi_ABASCAL,Santiago Abascal,Tue May 13 22:23:29 +0000 2025,"Todo mi apoyo y ánimo para mi querido y admirado André Ventura, la gran esperanza de Portugal.
¡Fuerza, André!
@AndreCVentura",3540,850,124,105466,125,0,1,0,0.0,neutral
1922392818951020691,Santi_ABASCAL,Santiago Abascal,Tue May 13 20:45:39 +0000 2025,"A ver, calamidad ... https://t.co/OhRdLVDt0C",18493,8762,936,376408,44,0,0,1,0.0,neutral
1921672524074467407,Santi_ABASCAL,Santiago Abascal,Sun May 11 21:03:27 +0000 2025,"Casi hace gracia ver al ""lehendakari"" del PNV defendiendo a Sánchez, contentos con el apagón,  y soltando uno detrás de otro todos los bulos globalistas. El racismo de Arana y de la ETA ya solo aspira a defender la república islámica de ""Euskadi"". https://t.co/kX8IbkjKnO",4324,1728,123,100635,271,0,0,1,0.1027,positive
1921670108545515622,Santi_ABASCAL,Santiago Abascal,Sun May 11 20:53:51 +0000 2025,"Los violentos, los totalitarios, la pandilla de la porra del separatismo y de Sánchez ya saben que hay una generación que no les tiene miedo.",4937,1861,194,120569,141,0,0,0,-0.296,negative
1920813486021456222,Santi_ABASCAL,Santiago Abascal,Fri May 09 12:09:56 +0000 2025,De la energía a la industria. Están destruyendo la riqueza de España (y de Europa) por fanáticas imposiciones ideológicas.,2374,1176,112,59988,122,0,0,0,0.0,neutral
1920545891087163519,Santi_ABASCAL,Santiago Abascal,Thu May 08 18:26:37 +0000 2025,Desde VOX deseamos a León XIV un gran pontificado para provecho de toda la Iglesia.,7143,1110,286,174792,83,0,0,0,0.0,neutral
1919652843297911070,Santi_ABASCAL,Santiago Abascal,Tue May 06 07:17:57 +0000 2025,LO PEOR DE SÁNCHEZ ESTÁ POR LLEGAR.,8518,2762,377,165281,35,0,0,0,0.0,neutral
1919526266199257304,Santi_ABASCAL,Santiago Abascal,Mon May 05 22:54:59 +0000 2025,"Y nos dejarán sin aceite… y sin luz. 

Eso sí, algunos se están forrando, no lo dudéis. 

Ni tengáis duda tampoco  de que a todos les pediremos responsabilidades.",9065,3898,439,169644,162,0,0,0,-0.8555,negative
1919513422347010086,Santi_ABASCAL,Santiago Abascal,Mon May 05 22:03:57 +0000 2025,Ha soltado violadores. Y ha traído muchos más de otros países y otras culturas. Las mujeres españolas están en mayor peligro cada día que Sánchez duerme en la Moncloa,5259,2120,153,108665,166,0,0,0,0.5859,positive
1919132606152458528,Santi_ABASCAL,Santiago Abascal,Sun May 04 20:50:43 +0000 2025,Enhorabuena @georgesimion por arrasar en la primera vuelta. El pueblo rumano está cada vez más cerca de recuperar su libertad y soberanía frente a la oleada liberticida que asola Europa de la mano de la Comisión Europea de populares y socialistas. La libertad de expresión y la https://t.co/6jpnOToDZc,6743,2340,303,356641,301,0,1,1,0.0,neutral
1918407566482395148,Santi_ABASCAL,Santiago Abascal,Fri May 02 20:49:40 +0000 2025,"No estamos obligados a soportar las consecuencias de décadas de bipartidismo. No nos resignamos a la pobreza energética, a la pobreza social, a la inseguridad y a la falta de esperanza que nos han impuesto.  Hay otro modelo. Hay futuro y hay alternativa... hay Solidaridad, y hay https://t.co/1ETj6f6Kkp",4690,1905,195,59396,303,0,0,1,-0.5267,negative
1918379956968608022,Santi_ABASCAL,Santiago Abascal,Fri May 02 18:59:58 +0000 2025,"Pretenden ilegalizar al que ya es primer partido de Alemania. 
Hace muchas décadas que la democracia en Europa no estaba tan amenazada. 

Si denunciar la inmigración masiva, la dictadura woke o el expolio fiscal es causa de ilegalización …. van a tener que ilegalizar a la gran",8048,3281,512,210077,277,0,0,0,-0.296,negative
1918074902533251188,Santi_ABASCAL,Santiago Abascal,Thu May 01 22:47:47 +0000 2025,Descanse en Paz,2209,396,57,63916,15,0,0,0,0.0,neutral
1918032562188108010,Santi_ABASCAL,Santiago Abascal,Thu May 01 19:59:32 +0000 2025,"#PrimeroDeMayo
Todos a una contra Sánchez https://t.co/BTSHM5siDp",2539,925,142,78961,65,1,0,1,0.0,neutral
1917679186384216066,Santi_ABASCAL,Santiago Abascal,Wed Apr 30 20:35:21 +0000 2025,"Nos vemos este 1 de mayo junto a Solidaridad.

Cada año los ataques a los trabajadores españoles es mayor y por eso es más necesario salir a la calle.

📍Plaza de la Constitución de Fuenlabrada.

⏰ 12:00 horas.

¡No faltes! ¡Hay que recuperarlo todo! https://t.co/CvTf8YXPem",1753,759,332,62359,273,0,0,1,-0.4559,negative
1917555435680284799,Santi_ABASCAL,Santiago Abascal,Wed Apr 30 12:23:36 +0000 2025,"La responsabilidad directa es del ""señor"" Pedro Sánchez. Él ha ordenado una transición energética por fanatismos ideológicos.  Y quien sabe si por beneficios futuros por ser  el número 1.

Le avisaron (le avisamos) que tendría consecuencias.  Y respondió que eran bulos. 

Y ahora",8111,3716,407,181467,280,0,0,0,0.34,positive
1917474777368842260,Santi_ABASCAL,Santiago Abascal,Wed Apr 30 07:03:06 +0000 2025,"Y no se puede culpar a sus técnicos. Ellos reciben consignas políticas que condicionan sus decisiones y que ignoran sus advertencias.  El origen del fallo generalizado de instituciones  e infraestructuras está en un nombre: Pedro Sánchez.
https://t.co/nWqlEdXZju",1268,548,33,34097,262,0,0,1,-0.296,negative
1917473464853610641,Santi_ABASCAL,Santiago Abascal,Wed Apr 30 06:57:53 +0000 2025,"El principal responsable es el corrupto Sánchez.  El que nos decía que éramos unos alarmistas, y que no habría apagones. 

Y el Consejo de ese “operador privado “ está presidido por una socialista que el día del apagón se dedicaba a poner tuits contra Trump. Y entre sus",4615,1933,212,118437,270,0,0,0,-0.296,negative
1917186654105711011,Santi_ABASCAL,Santiago Abascal,Tue Apr 29 11:58:12 +0000 2025,"Deja de mentir, sinvergüenza. 

Tú has provocado el apagón por tus políticas energéticas nefastas.

Tú dijiste que no podía pasar. Que eran bulos. 

Tú, Sánchez,  ahora que ha pasado, tienes que irte y ponerte a disposición judicial.",23738,7639,1413,1958953,233,0,0,0,0.0516,positive
1917185740372406456,Santi_ABASCAL,Santiago Abascal,Tue Apr 29 11:54:34 +0000 2025,"¡Tirano Pinocho, ya hemos aprendido que la verdad es siempre lo contrario de lo que tú afirmas!",8436,2786,384,173643,95,0,0,0,0.0,neutral
1917153958428397996,Santi_ABASCAL,Santiago Abascal,Tue Apr 29 09:48:17 +0000 2025,"Estamos ante un gobierno COLAPSADO que ha dejado de funcionar porque Sánchez lo ha prostituido y lo ha puesto a trabajar solo para defender al Gobierno. 
#APAGÓN https://t.co/GCbJlNfyFV",9896,3585,749,263003,185,1,0,1,0.765,positive
1917102641093743010,Santi_ABASCAL,Santiago Abascal,Tue Apr 29 06:24:22 +0000 2025,"20 horas después del mayor apagón de la historia de España el gobierno sigue sin decirnos por qué ha sucedido.  Igual que con el COVID, igual que con la DANA, están reteniendo información. Porque son responsables directos. 
Lo que nos cuenten a partir de ahora, simplemente será",19674,6274,2010,875894,278,0,0,0,-0.296,negative
1916974819788165475,Santi_ABASCAL,Santiago Abascal,Mon Apr 28 21:56:27 +0000 2025,"No ha dicho una verdad en su vida.  Y, que no lo duden los españoles: disfruta con cada desastre que causa.  Porque del caos que genera saca provecho, como los saqueadores.",11692,4041,558,296936,172,0,0,0,-0.5,negative
1916955814109089934,Santi_ABASCAL,Santiago Abascal,Mon Apr 28 20:40:56 +0000 2025,9 de abril.,11891,2800,197,477234,11,0,0,0,0.0,neutral
1916879479877619868,Santi_ABASCAL,Santiago Abascal,Mon Apr 28 15:37:36 +0000 2025,"Y a pesar de esto...

...lo peor de Sánchez está por llegar.",13998,4402,745,575199,60,0,0,0,0.0,neutral
1916574516949717226,Santi_ABASCAL,Santiago Abascal,Sun Apr 27 19:25:47 +0000 2025,"No hace mucho estas imágenes, que me sublevan, serían debate nacional. 

Pero el bipartidismo y y sus medios pretenden que nos acostumbremos a ellas como algo inevitable.

Solo VOX denuncia esta realidad. 
Solo juntos conseguiremos desterrarla de las calles, de las aulas y de la",4751,2176,124,91193,279,0,0,0,-0.296,negative
1916252530314445143,Santi_ABASCAL,Santiago Abascal,Sat Apr 26 22:06:20 +0000 2025,Esta semana tuve el honor dr presidir la primera reunión del Consejo Asesor Internacional de @FDisenso . Hemos abordado los ataques contra la libertad de expresión y la democracia en Occidente y la necesidad de defender el vínculo Atlántico frente a los que trabajan por entregar https://t.co/IXWPYFV1Zg,1479,526,75,78265,303,0,1,1,0.5574,positive
1915684539101274115,Santi_ABASCAL,Santiago Abascal,Fri Apr 25 08:29:20 +0000 2025,"@josejavierespa Descanse en Paz.

Te acompaño en el sentimiento querido @josejavierespa",426,41,4,6910,87,0,2,0,0.0,neutral
1915676337030713662,Santi_ABASCAL,Santiago Abascal,Fri Apr 25 07:56:44 +0000 2025,"Enhorabuena @MariscalZabala.
Para defender la libertad de expresión #SoloQuedaVOX",2153,924,93,67457,81,1,1,0,0.1027,positive
1915367326611841086,Santi_ABASCAL,Santiago Abascal,Thu Apr 24 11:28:51 +0000 2025,"Prefiere comprarlo todo en China. Que por lo visto es un ejemplo de derechos humanos y de defensa de Occidente.

Estamos en manos de extremistas, aliados de dictaduras y terroristas",2980,1313,423,122040,181,0,0,0,0.0,neutral
1915101890724991049,Santi_ABASCAL,Santiago Abascal,Wed Apr 23 17:54:06 +0000 2025,"Los que defendemos la libertad en todos sus órdenes, la prosperidad de nuestras patrias y que Occidente sea grande otra vez, sin duda avanzamos en la buena dirección.

Gracias por la entrevista en @FoxNews y gracias también por alzar la voz contra los regímenes socialistas de https://t.co/Phvt9XektE",4765,2077,247,105134,300,0,1,1,-0.5574,negative
1914632375159398895,Santi_ABASCAL,Santiago Abascal,Tue Apr 22 10:48:25 +0000 2025,"Este siniestro quería acabar con el ministerio de defensa.  Y ahora, aunque lo niegue, va a subir los impuestos... ¿para poner a nuestros ejércitos al servicio de quién? ¿De Ursula o de China ?

Hay que hacer oposición a este gobierno criminal. Nos gustaría no hacerla en",6047,2338,542,224349,271,0,0,0,-0.7149,negative
1914608654801567867,Santi_ABASCAL,Santiago Abascal,Tue Apr 22 09:14:09 +0000 2025,"Es vergonzoso escuchar todo lo que el PP y el PSOE han pactado mientras fingen pelearse.

Lo importante es derogar todas las políticas y leyes del PSOE, y no simplemente cambiar a Sánchez por Feijóo.

La estafa bipartidista no está dispuesta al cambio, sólo busca la continuidad. https://t.co/VCan8G49ii",4041,2132,122,82168,303,0,0,1,-0.5267,negative
1914234568879546634,Santi_ABASCAL,Santiago Abascal,Mon Apr 21 08:27:40 +0000 2025,Nos unimos a las oraciones de millones de católicos por el alma del Papa Francisco. Descanse en Paz.,8927,1215,678,305594,100,0,0,0,0.0,neutral
1913966462961590468,Santi_ABASCAL,Santiago Abascal,Sun Apr 20 14:42:19 +0000 2025,"El PNV siempre ha sido un partido confesional. Pero no felicitará la Pascua, porque está dispuesto a ser confesional musulmán si es necesario para conservar el poder.

La verdad es que les pega la ley islámica. Estarán cómodos.",4592,1817,207,101415,227,0,0,0,0.0516,positive
1913917565904072943,Santi_ABASCAL,Santiago Abascal,Sun Apr 20 11:28:01 +0000 2025,Feliz Pascua de Resurrección.,15388,1800,452,270961,29,0,0,0,0.0,neutral
1913502384854061327,Santi_ABASCAL,Santiago Abascal,Sat Apr 19 07:58:14 +0000 2025,"Pues parece que no es tan difícil hacer las cosas bien.

Pero aquí, PP y PSOE prefieren comprar la propaganda y convertirse en esclavos de China.",4405,1621,367,144436,145,0,0,0,-0.4939,negative
1913328972429168697,Santi_ABASCAL,Santiago Abascal,Fri Apr 18 20:29:09 +0000 2025,"¿REVISAR?
La última vez que el PP “revisó” subidas de impuestos socialistas … fue al alza.",3226,1265,204,71361,90,0,0,0,0.0,neutral
1912844815588303285,Santi_ABASCAL,Santiago Abascal,Thu Apr 17 12:25:17 +0000 2025,"¿Y entonces por qué no lo hacéis en las comunidades que gobernáis?
¿Por qué tratáis de engañar a la gente con tanta desvergüenza ?",7318,2969,397,164629,130,0,0,0,-0.3736,negative
1912551818611011754,Santi_ABASCAL,Santiago Abascal,Wed Apr 16 17:01:01 +0000 2025,"Están demoliendo España, y están empobreciendo a los españoles, pero llegaremos a tiempo y lo impediremos.

Levantaremos todo lo que derriben, recuperaremos la prosperidad robada, y haremos que paguen por todos sus crímenes.",4979,2107,262,92885,224,0,0,0,0.0,neutral
1912411248701899174,Santi_ABASCAL,Santiago Abascal,Wed Apr 16 07:42:27 +0000 2025,"Importante recordar esto para vivir en paz  la Semana Santa.

Que los mercaderes del miedo no nos la arrebaten.",9070,2351,320,225406,111,0,0,0,-0.296,negative
1911776940467306983,Santi_ABASCAL,Santiago Abascal,Mon Apr 14 13:41:56 +0000 2025,"Es decir, que Sánchez y Feijóo vulneraron gravemente los derechos de los españoles. 
Es más grave en el caso de Sánchez, sí, porque, mientras lo hacía, su número 2 y otros cargos de su partido celebraban orgías pagadas con dinero público. 

Pero como de Feijóo cabría esperar otra",6048,2699,231,120904,280,0,0,0,-0.3818,negative
1911715603523461216,Santi_ABASCAL,Santiago Abascal,Mon Apr 14 09:38:12 +0000 2025,"Hoy cumplo 49, agradecido a Dios como cada día, y a todos vosotros por vuestro cariño y aliento permanente. También por vuestras felicitaciones de hoy, tantas que no puedo corresponder dandoos las gracias uno a uno. 

Comparto con vosotros esta foto de febrero de 1977 junto a mi https://t.co/4byBg4ZIed",17075,2840,2896,272488,303,0,0,1,-0.296,negative
1911693769633624130,Santi_ABASCAL,Santiago Abascal,Mon Apr 14 08:11:26 +0000 2025,"Felicidades a @DanielNoboaOk por su aplastante victoria y enhorabuena al pueblo ecuatoriano por mantener a su nación a salvo del Cártel de Puebla, del Foro de Saõ Paulo y del corrupto y empobrecedor correísmo.",7804,2031,149,106723,209,0,1,0,0.0,neutral
1910974234391609495,Santi_ABASCAL,Santiago Abascal,Sat Apr 12 08:32:16 +0000 2025,"Estas declaraciones grotescas aquí se las aplaude su prensa, como señoritas de parador de Teruel.
Pero en Europa y en el resto de occidente ven con asombro que un líder pueda unir los conceptos de China y medioambiente.",4252,1764,264,113801,219,0,0,0,0.0,neutral
1910960748773154826,Santi_ABASCAL,Santiago Abascal,Sat Apr 12 07:38:41 +0000 2025,"En #Roma, siempre bien recibido. Unas horas muy interesantes para intercambiar impresiones con una excelente amiga y aliada, @GiorgiaMeloni. Sin duda Italia es hoy una nación afortunada, y bien dirigida, en los tiempos convulsos que vivimos. https://t.co/1aDUE3ZEFF",24095,4384,1154,1046271,265,1,1,1,-0.5574,negative
1910351735224230168,Santi_ABASCAL,Santiago Abascal,Thu Apr 10 15:18:40 +0000 2025,"BASTA YA. 
Que los metan los del bipartidismo en sus casas...  o mejor aún, que se los devuelvan a sus padres.",3890,1677,182,76124,110,0,0,0,0.0,neutral
1910271699351728346,Santi_ABASCAL,Santiago Abascal,Thu Apr 10 10:00:38 +0000 2025,"Estamos asistiendo a la corrupción más infame, rodeada de prostitución y descaro, enriqueciendo a familiares asaltando las instituciones , junto con empresas públicas y privadas. 

Pero al sátrapa le da igual. Se ríe como un psicopata y disfruta de cada pandemia, de cada DANA ,",5560,2463,232,100581,278,0,0,0,0.0,neutral
1910048104419598798,Santi_ABASCAL,Santiago Abascal,Wed Apr 09 19:12:09 +0000 2025,"A ver, que ahora el señor Feijóo dice que con China no. Tiene vigente un tratado de amistad y colaboración con el partido comunista chino. Pero ahora parece que no. Y que negociar con Trump sí. Pero su portavoz en Bruselas dice que Trump es un gorila. Y el pacto verde igual. A",3511,1693,311,92347,277,0,0,0,0.0,neutral
1909932144656293993,Santi_ABASCAL,Santiago Abascal,Wed Apr 09 11:31:22 +0000 2025,"Cada vez más alemanes piensan que el ""PP alemán"" les ha estafado.  ¡Adelante @Alice_Weidel !",2885,1051,140,58521,92,0,1,0,0.4003,positive
1909912178246680757,Santi_ABASCAL,Santiago Abascal,Wed Apr 09 10:12:02 +0000 2025,Lo peor de Sánchez está por llegar.,11277,4035,680,275681,35,0,0,0,0.0,neutral
1909661508235383043,Santi_ABASCAL,Santiago Abascal,Tue Apr 08 17:35:58 +0000 2025,"La denuncia falsa salió en toda la prensa, las radios y las teles del del bipartidismo durante semanas.  

Con el archivo no ocurrirá lo mismo.",4587,2492,103,92973,143,0,0,0,-0.296,negative
1939778932468858940,Santi_ABASCAL,Santiago Abascal,Mon Jun 30 20:11:51 +0000 2025,"Pronto vamos a hablar de super ZP.

Aunque el PP y el PSOE hayan votado en contra de la petición de VOX para que comparezca en el Senado.",9638,3343,202,195270,137,0,0,0,0.5994,positive
1909577971184132367,Santi_ABASCAL,Santiago Abascal,Tue Apr 08 12:04:01 +0000 2025,"Sí, por supuesto que hay que negociar con EEUU. https://t.co/UHrdKQxl77",4148,1535,513,444554,71,0,0,1,0.0,neutral
1909260680751964317,Santi_ABASCAL,Santiago Abascal,Mon Apr 07 15:03:13 +0000 2025,"Sánchez en China, con el partido comunista chino. Y Feijóo con Sánchez. 

Esta es la realidad terrible que sufren los españoles. El bipartidismo avanza hacia el partido único… el partido único chino. 

Nosotros, con el mundo libre.",3061,1333,695,230994,231,0,0,0,-0.4767,negative
1909178866335166709,Santi_ABASCAL,Santiago Abascal,Mon Apr 07 09:38:07 +0000 2025,"PP y PSOE; los mismos que desde Bruselas han desprotegido al campo y la industria españolas, se van ahora de la mano a China, a inundarnos de productos de mano de obra esclava con los que nuestras empresas no pueden competir. El bipartidismo es el gran arancel https://t.co/OA00JXuDAm",3138,1494,264,56907,284,0,0,1,-0.296,negative
1908971589422432569,Santi_ABASCAL,Santiago Abascal,Sun Apr 06 19:54:28 +0000 2025,"La paellada para miles de @VOX_Valencia ha sido un encuentro muy especial. Emocionado recuerdo a los víctimas de la terrible riada, y todo nuestro empeño para que la reconstrucción sea una realidad. 

Gracias por tanto cariño.
#VixcaValencia #AmuntEspaña https://t.co/uHyuK0jJg7",2085,884,140,83603,278,2,1,1,-0.1779,negative
1908594262230655424,Santi_ABASCAL,Santiago Abascal,Sat Apr 05 18:55:06 +0000 2025,Será un honor poder estar con todos vosotros.,2056,525,146,60311,45,0,0,0,0.4939,positive
1908190597388571013,Santi_ABASCAL,Santiago Abascal,Fri Apr 04 16:11:05 +0000 2025,"¡Adelante @VanLoBlanc !
Gracias por tu valentía.",980,372,66,36769,48,0,1,0,0.0,neutral
1907792769499738147,Santi_ABASCAL,Santiago Abascal,Thu Apr 03 13:50:15 +0000 2025,Ya sabemos donde acaban todos  estos delincuentes.,3730,1497,225,93246,50,0,0,0,0.0,neutral
1907728312064987242,Santi_ABASCAL,Santiago Abascal,Thu Apr 03 09:34:08 +0000 2025,"¿Silencio connivente? ¡Hay que ser mentiroso! 

Feijóo sigue apoyando el Pacto Verde y toda la basura ideológica que está arruinando nuestra economía y nuestras libertades. Sigue asociado al socialismo en Bruselas. Sigue cooperando con el Partido Comunista Chino.

De nada de esto",2996,1548,372,111740,280,0,0,0,0.0,neutral
1907714379195224556,Santi_ABASCAL,Santiago Abascal,Thu Apr 03 08:38:46 +0000 2025,La Oficina Antifraude son ellos. El fraude también son ellos. La mafia de Bruselas.,2483,1389,158,77338,83,0,0,0,0.0,neutral
1907689694168551918,Santi_ABASCAL,Santiago Abascal,Thu Apr 03 07:00:40 +0000 2025,"Ni Von der Leyen, ni Sánchez, ni Feijóo han defendido los intereses de los españoles. Los populares y socialistas nos arrastran a una guerra comercial suicida. 
Nuestra economía compite en condiciones de desigualdad  por la burocracia ideológica del bipartidismo. Y la única",5486,2247,2643,1722073,274,0,0,0,0.0,neutral
1907544123948564603,Santi_ABASCAL,Santiago Abascal,Wed Apr 02 21:22:14 +0000 2025,TIRANO,6054,2039,641,208347,6,0,0,0,0.0,neutral
1907517679558091052,Santi_ABASCAL,Santiago Abascal,Wed Apr 02 19:37:09 +0000 2025,"Son lo mismo.  Gobiernan juntos, y se tapan las vergüenzas juntos.",1734,829,78,45821,66,0,0,0,0.0,neutral
1907366170514067873,Santi_ABASCAL,Santiago Abascal,Wed Apr 02 09:35:06 +0000 2025,Como tenía poco...,2602,1014,114,61272,18,0,0,0,0.0,neutral
1907352737773187093,Santi_ABASCAL,Santiago Abascal,Wed Apr 02 08:41:44 +0000 2025,"Tiempo y calma para hablar de España y de VOX; de la fuerza que tenemos frente a todos los intentos de destruirnos; de la  dañina pinza del bipartidismo y, lo más importante, de un futuro esperanzador. Gracias @informaradio_ y @javiergaciaisac por esta charla.
ENTREVISTA COMPLETA https://t.co/0PPgIzW7Ts",2155,1142,112,45600,304,0,2,1,0.0,neutral
1907152366756868243,Santi_ABASCAL,Santiago Abascal,Tue Apr 01 19:25:32 +0000 2025,"Largo de aquí esa gentuza delincuente; que se vayan con sus padres o las cárceles de su país, y que se lleven con ellos a todos los políticos traidores que los han traído a nuestras calles a robarnos la tranquilidad y a quitarnos el dinero que a los españoles no nos sobra.  NO",8264,2828,367,270372,277,0,0,0,-0.6289,negative
1907082823829185005,Santi_ABASCAL,Santiago Abascal,Tue Apr 01 14:49:11 +0000 2025,Los niños de Sánchez y de Ayuso.,5717,2110,257,148124,32,0,0,0,0.0,neutral
1907031765580992935,Santi_ABASCAL,Santiago Abascal,Tue Apr 01 11:26:18 +0000 2025,"Marzo 2025, Bilbao.
La herencia del PNV y ETA https://t.co/gQ516n4Pbw",5897,2389,498,215350,69,0,0,1,0.0,neutral
1906978463258391038,Santi_ABASCAL,Santiago Abascal,Tue Apr 01 07:54:30 +0000 2025,Juanma Moruno.,4780,1651,247,188898,14,0,0,0,0.0,neutral
1939778932468858940,Santi_ABASCAL,Santiago Abascal,Mon Jun 30 20:11:51 +0000 2025,"Pronto vamos a hablar de super ZP.

Aunque el PP y el PSOE hayan votado en contra de la petición de VOX para que comparezca en el Senado.",9641,3343,202,195270,137,0,0,0,0.5994,positive
1939687214256185416,Santi_ABASCAL,Santiago Abascal,Mon Jun 30 14:07:24 +0000 2025,"No basta con uno. Falta el UNO 

¡Todos a la cárcel!",26197,5790,641,723814,52,0,0,0,-0.3595,negative
1939420151029334162,Santi_ABASCAL,Santiago Abascal,Sun Jun 29 20:26:11 +0000 2025,"Tenemos el deber de decir la verdad aunque sea impopular, y tenemos el deber de pedir un apoyo masivo para ofrecer a los españoles una alternativa total, y devolverles una España nueva y decente. https://t.co/LEyNT6oewk",5318,2164,213,114976,219,0,0,1,0.0,neutral
1938690274227536263,Santi_ABASCAL,Santiago Abascal,Fri Jun 27 20:05:55 +0000 2025,"Reivindicando la Hispanidad en la IV Cumbre de la Iberosfera. Celebrando el nuevo tiempo de esperanza y de reconstrucción que llega para nuestras naciones.

Estamos juntos. Y vamos a ganar. https://t.co/uPDHQ74RjJ",2732,1038,366,412920,213,0,0,1,0.0,neutral
1937894303315132615,Santi_ABASCAL,Santiago Abascal,Wed Jun 25 15:23:00 +0000 2025,"Creo que debemos valorar seriamente la destitución del señor Sánchez por incapacidad mental.
Su desconexión con la realidad ya es patológica",30793,9044,1661,1348143,140,0,0,0,0.0,neutral
1937786028263141403,Santi_ABASCAL,Santiago Abascal,Wed Jun 25 08:12:46 +0000 2025,"¿En las charlas de Hacienda explicarán que gracias a los impuestos los españoles son más pobres ahora que hace 15 años?

¿Explicarán que esos impuestos se los han gastado en clubes de alterne?

¿Dirán que hay que pagar impuestos para pagar a las mafias del tráfico de personas y",4679,1957,232,171180,278,0,0,0,0.0,neutral
1937536077599736079,Santi_ABASCAL,Santiago Abascal,Tue Jun 24 15:39:33 +0000 2025,"VOX propone un cambio de rumbo en materia energética.  Queremos que España pueda disponer de todas las fuentes de energía que nos da nuestro país; nuclear, eólica, solar, hidroeléctrica, térmica... sin renunciar a ninguna de ellas, con el único límite del sentido común y https://t.co/ZOhq9b1WDK",6376,2314,204,169964,295,0,0,1,-0.5574,negative
1937477489598619742,Santi_ABASCAL,Santiago Abascal,Tue Jun 24 11:46:44 +0000 2025,Los que promueven la islamización necesitan destruir España. Por eso dedican tanto tiempo a destruir nuestra identidad en las escuelas.,3138,1324,96,65177,135,0,0,0,0.0,neutral
1937477364314976739,Santi_ABASCAL,Santiago Abascal,Tue Jun 24 11:46:14 +0000 2025,Los que promueven la islamización necesitan destruir España. Por eso dedican tanto tiempo a destruir nuestra identidad en las escuelas.,2528,989,56,49840,135,0,0,0,0.0,neutral
1937206991534825894,Santi_ABASCAL,Santiago Abascal,Mon Jun 23 17:51:53 +0000 2025,"Cada vez que el PSOE está contra las cuerdas,  ahí está el PP para rescatarlo. 

Ahora impiden que Zapatero y Bono comparezcan por el caso Koldo. ¡ZAPATERO y BONO!

¿Qué oculta el bipartidismo?",13360,5333,365,299090,193,0,0,0,0.0,neutral
1936903801253797975,Santi_ABASCAL,Santiago Abascal,Sun Jun 22 21:47:06 +0000 2025,"Mientras el indecente, traidor y corrupto se aferra al sillón...",7741,3260,206,118946,64,0,0,0,0.0,neutral
1936376013006463350,Santi_ABASCAL,Santiago Abascal,Sat Jun 21 10:49:52 +0000 2025,"Sanchez trata de mentir también en el escenario internacional. 

No se opone a elevar el gasto militar al 5 % por razones presupuestarias o políticas. 

Se opone porque no tiene mayoría para gobernar. Se opone porque trata de buscar en ese conflicto con la OTAN y con Estados",6546,2360,273,179036,275,0,0,0,-0.5267,negative
1936162076637995015,Santi_ABASCAL,Santiago Abascal,Fri Jun 20 20:39:45 +0000 2025,"Hoy me he dado un paseo por la calle. Todo el mundo quiere echarlo.  #GameOver
#Alcobendas #Tetúan #MercadoMaravillas #Madrid https://t.co/tbXvVU2D99",14230,4191,916,577645,149,5,0,1,0.0,neutral
1935648205170934046,Santi_ABASCAL,Santiago Abascal,Thu Jun 19 10:37:49 +0000 2025,"Aquí no estamos hablando de la corrupción de unos, o unos pocos, o unos muchos. Estamos hablando de una estructura de corrupción,  de una mafia. De una mafia liderada por el presidente del Gobierno. Y ya hemos visto que para tratar de aguantar en el poder no hará más que hablar",11316,3977,429,277339,278,0,0,0,-0.5267,negative
1935334415984464255,Santi_ABASCAL,Santiago Abascal,Wed Jun 18 13:50:56 +0000 2025,"Ya lo sabíamos pero es repuganante ver la impunidad con la que lo dicen. 

El corrupto Sánchez ha sido presidente gracias a que los enemigos de España aprovechaban para destruir la Nación.  Y ahora, cuando ven que su marioneta ya está en las últimas, pretenden aprovecharse para",7433,2535,242,216490,278,0,0,0,0.34,positive
1935239994274370004,Santi_ABASCAL,Santiago Abascal,Wed Jun 18 07:35:44 +0000 2025,"""Señor Sánchez, es un indecente, un corrupto y un traidor"" https://t.co/JHEuOSF4zQ",43181,19342,5211,2050196,82,0,0,1,0.0,neutral
1934704713267544279,Santi_ABASCAL,Santiago Abascal,Mon Jun 16 20:08:43 +0000 2025,"Precisamente hoy, cuando el tirano mafioso mentía sobre ello.
JDT",12296,3408,587,638763,65,0,0,0,0.0,neutral
1934632751317111179,Santi_ABASCAL,Santiago Abascal,Mon Jun 16 15:22:46 +0000 2025,Pero no olvidamos que esta vergüenza y este latrocinio lo tenemos que aguantar porque al mafioso lo sostiene en Bruselas el PP europeo. ¡Son responsables!,3424,852,132,66398,154,0,0,0,-0.3595,negative
1934631992319951244,Santi_ABASCAL,Santiago Abascal,Mon Jun 16 15:19:45 +0000 2025,"¡Embustero mafioso!
Acabarás en la cárcel.",17447,4711,598,618831,42,0,0,0,0.0,neutral
1939778932468858940,Santi_ABASCAL,Santiago Abascal,Mon Jun 30 20:11:51 +0000 2025,"Pronto vamos a hablar de super ZP.

Aunque el PP y el PSOE hayan votado en contra de la petición de VOX para que comparezca en el Senado.",9641,3343,202,195270,137,0,0,0,0.5994,positive
1939687214256185416,Santi_ABASCAL,Santiago Abascal,Mon Jun 30 14:07:24 +0000 2025,"No basta con uno. Falta el UNO 

¡Todos a la cárcel!",26197,5790,641,723814,52,0,0,0,-0.3595,negative
1939420151029334162,Santi_ABASCAL,Santiago Abascal,Sun Jun 29 20:26:11 +0000 2025,"Tenemos el deber de decir la verdad aunque sea impopular, y tenemos el deber de pedir un apoyo masivo para ofrecer a los españoles una alternativa total, y devolverles una España nueva y decente. https://t.co/LEyNT6oewk",5318,2164,213,114976,219,0,0,1,0.0,neutral
1938690274227536263,Santi_ABASCAL,Santiago Abascal,Fri Jun 27 20:05:55 +0000 2025,"Reivindicando la Hispanidad en la IV Cumbre de la Iberosfera. Celebrando el nuevo tiempo de esperanza y de reconstrucción que llega para nuestras naciones.

Estamos juntos. Y vamos a ganar. https://t.co/uPDHQ74RjJ",2732,1038,366,412920,213,0,0,1,0.0,neutral
1937894303315132615,Santi_ABASCAL,Santiago Abascal,Wed Jun 25 15:23:00 +0000 2025,"Creo que debemos valorar seriamente la destitución del señor Sánchez por incapacidad mental.
Su desconexión con la realidad ya es patológica",30793,9044,1661,1348143,140,0,0,0,0.0,neutral
1937786028263141403,Santi_ABASCAL,Santiago Abascal,Wed Jun 25 08:12:46 +0000 2025,"¿En las charlas de Hacienda explicarán que gracias a los impuestos los españoles son más pobres ahora que hace 15 años?

¿Explicarán que esos impuestos se los han gastado en clubes de alterne?

¿Dirán que hay que pagar impuestos para pagar a las mafias del tráfico de personas y",4679,1957,232,171180,278,0,0,0,0.0,neutral
1937536077599736079,Santi_ABASCAL,Santiago Abascal,Tue Jun 24 15:39:33 +0000 2025,"VOX propone un cambio de rumbo en materia energética.  Queremos que España pueda disponer de todas las fuentes de energía que nos da nuestro país; nuclear, eólica, solar, hidroeléctrica, térmica... sin renunciar a ninguna de ellas, con el único límite del sentido común y https://t.co/ZOhq9b1WDK",6376,2314,204,169964,295,0,0,1,-0.5574,negative
1937477489598619742,Santi_ABASCAL,Santiago Abascal,Tue Jun 24 11:46:44 +0000 2025,Los que promueven la islamización necesitan destruir España. Por eso dedican tanto tiempo a destruir nuestra identidad en las escuelas.,3138,1324,96,65177,135,0,0,0,0.0,neutral
1937477364314976739,Santi_ABASCAL,Santiago Abascal,Tue Jun 24 11:46:14 +0000 2025,Los que promueven la islamización necesitan destruir España. Por eso dedican tanto tiempo a destruir nuestra identidad en las escuelas.,2528,989,56,49840,135,0,0,0,0.0,neutral
1937206991534825894,Santi_ABASCAL,Santiago Abascal,Mon Jun 23 17:51:53 +0000 2025,"Cada vez que el PSOE está contra las cuerdas,  ahí está el PP para rescatarlo. 

Ahora impiden que Zapatero y Bono comparezcan por el caso Koldo. ¡ZAPATERO y BONO!

¿Qué oculta el bipartidismo?",13360,5333,365,299090,193,0,0,0,0.0,neutral
1936903801253797975,Santi_ABASCAL,Santiago Abascal,Sun Jun 22 21:47:06 +0000 2025,"Mientras el indecente, traidor y corrupto se aferra al sillón...",7741,3260,206,118946,64,0,0,0,0.0,neutral
1936376013006463350,Santi_ABASCAL,Santiago Abascal,Sat Jun 21 10:49:52 +0000 2025,"Sanchez trata de mentir también en el escenario internacional. 

No se opone a elevar el gasto militar al 5 % por razones presupuestarias o políticas. 

Se opone porque no tiene mayoría para gobernar. Se opone porque trata de buscar en ese conflicto con la OTAN y con Estados",6546,2360,273,179036,275,0,0,0,-0.5267,negative
1936162076637995015,Santi_ABASCAL,Santiago Abascal,Fri Jun 20 20:39:45 +0000 2025,"Hoy me he dado un paseo por la calle. Todo el mundo quiere echarlo.  #GameOver
#Alcobendas #Tetúan #MercadoMaravillas #Madrid https://t.co/tbXvVU2D99",14230,4191,916,577645,149,5,0,1,0.0,neutral
1935648205170934046,Santi_ABASCAL,Santiago Abascal,Thu Jun 19 10:37:49 +0000 2025,"Aquí no estamos hablando de la corrupción de unos, o unos pocos, o unos muchos. Estamos hablando de una estructura de corrupción,  de una mafia. De una mafia liderada por el presidente del Gobierno. Y ya hemos visto que para tratar de aguantar en el poder no hará más que hablar",11316,3977,429,277339,278,0,0,0,-0.5267,negative
1935334415984464255,Santi_ABASCAL,Santiago Abascal,Wed Jun 18 13:50:56 +0000 2025,"Ya lo sabíamos pero es repuganante ver la impunidad con la que lo dicen. 

El corrupto Sánchez ha sido presidente gracias a que los enemigos de España aprovechaban para destruir la Nación.  Y ahora, cuando ven que su marioneta ya está en las últimas, pretenden aprovecharse para",7433,2535,242,216490,278,0,0,0,0.34,positive
1935239994274370004,Santi_ABASCAL,Santiago Abascal,Wed Jun 18 07:35:44 +0000 2025,"""Señor Sánchez, es un indecente, un corrupto y un traidor"" https://t.co/JHEuOSF4zQ",43181,19342,5211,2050196,82,0,0,1,0.0,neutral
1934704713267544279,Santi_ABASCAL,Santiago Abascal,Mon Jun 16 20:08:43 +0000 2025,"Precisamente hoy, cuando el tirano mafioso mentía sobre ello.
JDT",12296,3408,587,638763,65,0,0,0,0.0,neutral
1934632751317111179,Santi_ABASCAL,Santiago Abascal,Mon Jun 16 15:22:46 +0000 2025,Pero no olvidamos que esta vergüenza y este latrocinio lo tenemos que aguantar porque al mafioso lo sostiene en Bruselas el PP europeo. ¡Son responsables!,3424,852,132,66398,154,0,0,0,-0.3595,negative
1934631992319951244,Santi_ABASCAL,Santiago Abascal,Mon Jun 16 15:19:45 +0000 2025,"¡Embustero mafioso!
Acabarás en la cárcel.",17447,4711,598,618831,42,0,0,0,0.0,neutral
1939778932468858940,Santi_ABASCAL,Santiago Abascal,Mon Jun 30 20:11:51 +0000 2025,"Pronto vamos a hablar de super ZP.

Aunque el PP y el PSOE hayan votado en contra de la petición de VOX para que comparezca en el Senado.",9638,3343,202,195270,137,0,0,0,0.5994,positive
1939687214256185416,Santi_ABASCAL,Santiago Abascal,Mon Jun 30 14:07:24 +0000 2025,"No basta con uno. Falta el UNO 

¡Todos a la cárcel!",26203,5791,641,723813,52,0,0,0,-0.3595,negative
1939420151029334162,Santi_ABASCAL,Santiago Abascal,Sun Jun 29 20:26:11 +0000 2025,"Tenemos el deber de decir la verdad aunque sea impopular, y tenemos el deber de pedir un apoyo masivo para ofrecer a los españoles una alternativa total, y devolverles una España nueva y decente. https://t.co/LEyNT6oewk",5318,2164,213,114976,219,0,0,1,0.0,neutral
1938690274227536263,Santi_ABASCAL,Santiago Abascal,Fri Jun 27 20:05:55 +0000 2025,"Reivindicando la Hispanidad en la IV Cumbre de la Iberosfera. Celebrando el nuevo tiempo de esperanza y de reconstrucción que llega para nuestras naciones.

Estamos juntos. Y vamos a ganar. https://t.co/uPDHQ74RjJ",2733,1038,366,412920,213,0,0,1,0.0,neutral
1937894303315132615,Santi_ABASCAL,Santiago Abascal,Wed Jun 25 15:23:00 +0000 2025,"Creo que debemos valorar seriamente la destitución del señor Sánchez por incapacidad mental.
Su desconexión con la realidad ya es patológica",30794,9044,1661,1348143,140,0,0,0,0.0,neutral
1937786028263141403,Santi_ABASCAL,Santiago Abascal,Wed Jun 25 08:12:46 +0000 2025,"¿En las charlas de Hacienda explicarán que gracias a los impuestos los españoles son más pobres ahora que hace 15 años?

¿Explicarán que esos impuestos se los han gastado en clubes de alterne?

¿Dirán que hay que pagar impuestos para pagar a las mafias del tráfico de personas y",4675,1957,232,171180,278,0,0,0,0.0,neutral
1937536077599736079,Santi_ABASCAL,Santiago Abascal,Tue Jun 24 15:39:33 +0000 2025,"VOX propone un cambio de rumbo en materia energética.  Queremos que España pueda disponer de todas las fuentes de energía que nos da nuestro país; nuclear, eólica, solar, hidroeléctrica, térmica... sin renunciar a ninguna de ellas, con el único límite del sentido común y https://t.co/ZOhq9b1WDK",6376,2315,204,169964,295,0,0,1,-0.5574,negative
1937477489598619742,Santi_ABASCAL,Santiago Abascal,Tue Jun 24 11:46:44 +0000 2025,Los que promueven la islamización necesitan destruir España. Por eso dedican tanto tiempo a destruir nuestra identidad en las escuelas.,3138,1324,96,65176,135,0,0,0,0.0,neutral
1937477364314976739,Santi_ABASCAL,Santiago Abascal,Tue Jun 24 11:46:14 +0000 2025,Los que promueven la islamización necesitan destruir España. Por eso dedican tanto tiempo a destruir nuestra identidad en las escuelas.,2528,989,56,49840,135,0,0,0,0.0,neutral
1937206991534825894,Santi_ABASCAL,Santiago Abascal,Mon Jun 23 17:51:53 +0000 2025,"Cada vez que el PSOE está contra las cuerdas,  ahí está el PP para rescatarlo. 

Ahora impiden que Zapatero y Bono comparezcan por el caso Koldo. ¡ZAPATERO y BONO!

¿Qué oculta el bipartidismo?",13359,5333,365,299090,193,0,0,0,0.0,neutral
1936903801253797975,Santi_ABASCAL,Santiago Abascal,Sun Jun 22 21:47:06 +0000 2025,"Mientras el indecente, traidor y corrupto se aferra al sillón...",7739,3261,206,118946,64,0,0,0,0.0,neutral
1936376013006463350,Santi_ABASCAL,Santiago Abascal,Sat Jun 21 10:49:52 +0000 2025,"Sanchez trata de mentir también en el escenario internacional. 

No se opone a elevar el gasto militar al 5 % por razones presupuestarias o políticas. 

Se opone porque no tiene mayoría para gobernar. Se opone porque trata de buscar en ese conflicto con la OTAN y con Estados",6547,2360,273,179036,275,0,0,0,-0.5267,negative
1936162076637995015,Santi_ABASCAL,Santiago Abascal,Fri Jun 20 20:39:45 +0000 2025,"Hoy me he dado un paseo por la calle. Todo el mundo quiere echarlo.  #GameOver
#Alcobendas #Tetúan #MercadoMaravillas #Madrid https://t.co/tbXvVU2D99",14230,4191,916,577645,149,5,0,1,0.0,neutral
1935648205170934046,Santi_ABASCAL,Santiago Abascal,Thu Jun 19 10:37:49 +0000 2025,"Aquí no estamos hablando de la corrupción de unos, o unos pocos, o unos muchos. Estamos hablando de una estructura de corrupción,  de una mafia. De una mafia liderada por el presidente del Gobierno. Y ya hemos visto que para tratar de aguantar en el poder no hará más que hablar",11316,3977,429,277339,278,0,0,0,-0.5267,negative
1935334415984464255,Santi_ABASCAL,Santiago Abascal,Wed Jun 18 13:50:56 +0000 2025,"Ya lo sabíamos pero es repuganante ver la impunidad con la que lo dicen. 

El corrupto Sánchez ha sido presidente gracias a que los enemigos de España aprovechaban para destruir la Nación.  Y ahora, cuando ven que su marioneta ya está en las últimas, pretenden aprovecharse para",7435,2535,242,216490,278,0,0,0,0.34,positive
1935239994274370004,Santi_ABASCAL,Santiago Abascal,Wed Jun 18 07:35:44 +0000 2025,"""Señor Sánchez, es un indecente, un corrupto y un traidor"" https://t.co/JHEuOSF4zQ",43185,19344,5211,2050196,82,0,0,1,0.0,neutral
1934704713267544279,Santi_ABASCAL,Santiago Abascal,Mon Jun 16 20:08:43 +0000 2025,"Precisamente hoy, cuando el tirano mafioso mentía sobre ello.
JDT",12296,3408,587,638763,65,0,0,0,0.0,neutral
1934632751317111179,Santi_ABASCAL,Santiago Abascal,Mon Jun 16 15:22:46 +0000 2025,Pero no olvidamos que esta vergüenza y este latrocinio lo tenemos que aguantar porque al mafioso lo sostiene en Bruselas el PP europeo. ¡Son responsables!,3424,852,132,66398,154,0,0,0,-0.3595,negative
1934631992319951244,Santi_ABASCAL,Santiago Abascal,Mon Jun 16 15:19:45 +0000 2025,"¡Embustero mafioso!
Acabarás en la cárcel.",17453,4711,598,618831,42,0,0,0,0.0,neutral
1972975024299549039,Santi_ABASCAL,Santiago Abascal,Tue Sep 30 10:41:16 +0000 2025,"El señor Feijóo ahora trata de diluir su responsabilidad por la invasión migratoria.

Pero no ha sido solo Sánchez. Ha sido también el señor Feijóo quien la ha promovido.
 
Son el Partido Popular y el Partido Socialista, de la mano, los que mantienen la política de fronteras",3769,1811,213,89678,275,0,0,0,0.6771,positive
1972937598935941413,Santi_ABASCAL,Santiago Abascal,Tue Sep 30 08:12:33 +0000 2025,"Esta guerra la ha provocado Hamas. Está en las manos de Hamas, liberando a los rehenes, conseguir que se detenga. 

El problema es que los terroristas han encontrado rentable su guerra porque líderes como Pedro Sánchez han utilizado el sufrimiento de los civiles para tapar sus",7977,2604,758,240963,277,0,0,0,0.34,positive
1972606123934146908,Santi_ABASCAL,Santiago Abascal,Mon Sep 29 10:15:23 +0000 2025,"FEIJÓO 2025 
                 es 
GUARDIOLA 2023",2736,1163,135,130575,48,0,0,0,0.0,neutral
1972559734789251547,Santi_ABASCAL,Santiago Abascal,Mon Sep 29 07:11:03 +0000 2025,"La derechita mentirosa, demonizadora,  y movilizadora de la izquierda.",3061,1318,196,72173,70,0,0,0,0.0,neutral
1972352791818756186,Santi_ABASCAL,Santiago Abascal,Sun Sep 28 17:28:44 +0000 2025,"¿¿""Echarlos a todos al mar""??

Feijóo se une a la demonización de VOX con mentiras y manipulaciones.

No le basta con engañar a sus votantes.  Tiene que preparar su nuevo pacto con el PSOE.

Feijóo es todo lo contrario a una alternativa, porque ya miente y estafa igual que https://t.co/mEKD6ZsuEd",8948,3715,780,433677,297,0,0,1,-0.3736,negative
1971968093879759254,Santi_ABASCAL,Santiago Abascal,Sat Sep 27 16:00:05 +0000 2025,Mentiras y estafas.,4376,2073,183,98649,19,0,0,0,0.0,neutral
1971922453095239916,Santi_ABASCAL,Santiago Abascal,Sat Sep 27 12:58:44 +0000 2025,"La ideología de género está destrozando la inocencia de los niños, dejándolos a merced de los pederastas.

Y en esta ideología coinciden todos, desde el PP hasta Bildu.  Todos, excepto VOX.",12915,4068,660,1180154,189,0,0,0,0.0,neutral
1971905759874072930,Santi_ABASCAL,Santiago Abascal,Sat Sep 27 11:52:24 +0000 2025,"Sánchez manda a la Armada a trasladar cayucos y a crear conflictos internacionales de la mano de Hamas.

No es una anécdota. Es su forma de resistir en el poder. Utilizando cualquier tragedia para agitar a los extremistas y a la vez abandonado a nuestros policías, guardias https://t.co/FiecirPv0z",4844,2171,312,91986,297,0,0,1,-0.296,negative
1971841975230812388,Santi_ABASCAL,Santiago Abascal,Sat Sep 27 07:38:56 +0000 2025,"EE. UU. le revocó la visa al terrorista Petro por incitar a la violencia.

En España, PP y PSOE lo recibieron con alfombra roja, medallas de Isabel La Católica, llaves de Madrid y aplausos en pie en el Congreso justo dos días después de haber insultado a España.

Revocaremos",12731,4333,445,308433,275,0,0,0,0.0,neutral
1970494211670581384,Santi_ABASCAL,Santiago Abascal,Tue Sep 23 14:23:24 +0000 2025,"Sánchez no disimula: está indultando a los terroristas callejeros que atacan a las personas que van a los mitines de VOX.

Sánchez promociona la violencia contra los españoles que denuncian su corrupción y su traición.",5581,2553,213,107026,218,0,0,0,-0.296,negative
1970462146967269390,Santi_ABASCAL,Santiago Abascal,Tue Sep 23 12:15:59 +0000 2025,"Pedro Sánchez is using the inhabitants of Gaza as human shields, just like his partners in Hamas.

And all of it to hide the fact that his wife, his brother, his prosecutor, his minister, and his number two are on trial for corruption. He has no limits. He is a public danger.",5395,1687,510,196121,276,0,0,0,-0.5423,negative
1970454306177589496,Santi_ABASCAL,Santiago Abascal,Tue Sep 23 11:44:50 +0000 2025,"Pedro Sánchez está  utilizando a los habitantes de Gaza como escudos humanos, igual que sus socios de Hamas. 

Y toda para ocultar que su mujer, su hermano, su fiscal, su ministro y su número 2 estan en el banquillo por su corrupción. No tiene límites. Es un peligro público. https://t.co/AoPZpxKdSx",6502,2801,416,84621,299,0,0,1,-0.296,negative
1969356404176605240,Santi_ABASCAL,Santiago Abascal,Sat Sep 20 11:02:10 +0000 2025,"Los ilegales y los delincuentes tienen barra libre, pero los españoles decentes que trabajan y respetan la ley cada vez más vigilados. Al volante ya no se va a poder ni respirar.

Tenemos un gobierno totalitario y corrupto al servicio del crimen y de los criminales. https://t.co/1vYAQY0vsy",15138,5392,1105,525728,290,0,0,1,-0.296,negative
1968948799251849574,Santi_ABASCAL,Santiago Abascal,Fri Sep 19 08:02:29 +0000 2025,¡Que aprovechen algún viaje del Falcon para llevarlo de vuelta!,1695,444,101,56763,63,0,0,0,0.0,neutral
1968365825582317824,Santi_ABASCAL,Santiago Abascal,Wed Sep 17 17:25:57 +0000 2025,Será para dársela a los que asaltan nuestras fronteras...,3903,1460,203,86742,57,0,0,0,0.0,neutral
1967693760353145304,Santi_ABASCAL,Santiago Abascal,Mon Sep 15 20:55:25 +0000 2025,"Siempre son los mismos.

Y las víctimas también son las mismas siempre.

Vamos a echarlos. Y vamos a echar a los que les han traído.",7170,2109,165,154915,132,0,0,0,0.0,neutral
1967685125044572428,Santi_ABASCAL,Santiago Abascal,Mon Sep 15 20:21:06 +0000 2025,"Nada ni nadie nos va a parar.
#EuropaVIVA25 
¡Comienza la reconquista! https://t.co/h3OGtbUA9Y",5496,1487,324,133153,94,1,0,1,0.0,neutral
1967681745353863551,Santi_ABASCAL,Santiago Abascal,Mon Sep 15 20:07:40 +0000 2025,"Sánchez es un peligro para España. Un peligro para los policías, los ciclistas y los aficionados. Un peligro para las libertades de los españoles. Un peligro para el futuro de los jóvenes. Un peligro para la seguridad de las mujeres. Un peligro para nuestra imagen internacional.",8949,3179,385,174857,279,0,0,0,0.0,neutral
1967487730528694603,Santi_ABASCAL,Santiago Abascal,Mon Sep 15 07:16:43 +0000 2025,"La reconquista ya ha comenzado, y nada ni nadie la va a detener.

¡NO AL CALIFATO DE BRUSELAS!

¡VIVA LA EUROPA DE NACIONES SOBERANAS!

¡VIVA ESPAÑA! https://t.co/nvO0qOr80P",15292,4457,697,259961,173,0,0,1,0.5067,positive
1966103060851097766,Santi_ABASCAL,Santiago Abascal,Thu Sep 11 11:34:32 +0000 2025,"Porque Úrsula Von Der Leyen es la criatura del matrimonio letal de populares y socialistas contra Europa. 

Porque es la que encarna las políticas verdes contra el campo y la industria, dando alas al terrorismo climático. 

Porque es la que acosa a la libertad de expresión de los",4306,1936,192,93566,280,0,0,0,-0.2732,negative
1965683565565464857,Santi_ABASCAL,Santiago Abascal,Wed Sep 10 07:47:37 +0000 2025,El mafioso no responde cuánto nos cuesta la inmigración ilegal. Pero al menos ha tenido que oír la relación de agresiones sexuales que está pagando al financiar la invasión migratoria … y eso solo en lo que llevamos de mes. #CongresoDeLosDiputados https://t.co/dM2yK5QLn4,16554,6192,750,323307,271,1,0,1,0.0516,positive
1965519020628828531,Santi_ABASCAL,Santiago Abascal,Tue Sep 09 20:53:46 +0000 2025,Todos los días. Todos los malditos días.,22998,5420,313,620035,40,0,0,0,0.0,neutral
1965400930071052431,Santi_ABASCAL,Santiago Abascal,Tue Sep 09 13:04:31 +0000 2025,Los culpables de esta brutal inseguridad para las mujeres que trae la invasión islamista se sientan en los escaños del Congreso de los Diputados.,5241,2332,133,87438,145,0,0,0,-0.6249,negative
1963212209091117237,Santi_ABASCAL,Santiago Abascal,Wed Sep 03 12:07:20 +0000 2025,"Hoy otra vez. 

Todos los días nuestras mujeres, madres e hijas son atacadas.

Todos los días el gobierno del PSOE y el PP callados. El feminismo desaparece cuando el violador no es español. https://t.co/pf28LHPFr0",6355,2971,415,421143,214,0,0,1,-0.296,negative
1962820094066663927,Santi_ABASCAL,Santiago Abascal,Tue Sep 02 10:09:12 +0000 2025,"¿Qué es esto de ir de feminista y batir el récord de violaciones?

¿Qué es esto de ir de abolicionista y tener la casa pagada con dinero de clubes de alterne?

¿Qué es esto de ir de decente y tener imputado a todo tu entorno, del peugeot a la familia?

¿Qué es esto de presentarse",17279,5611,726,602217,280,0,0,0,0.0,neutral
1962775657819087201,Santi_ABASCAL,Santiago Abascal,Tue Sep 02 07:12:38 +0000 2025,"El atentado contra @AndrejBabis, próximo presidente de Chequia, es otro ataque de quienes promocionan la violencia contra los representantes del pueblo. . 

La izquierda y el globalismo pretenden someter a las naciones  de cualquier manera: con manipulaciones informativas,",1825,790,52,39671,273,0,1,0,0.0,neutral
1962549131546681406,Santi_ABASCAL,Santiago Abascal,Mon Sep 01 16:12:30 +0000 2025,"Esta es la gente que nos están trayendo el PP y el PSOE. 
Son los verdugos de ancianos, mujeres y niñas. Y a veces los verdugos de sus propios compañeros.

Y otros, mientras tanto, haciendo negocio.

https://t.co/WHSXgwOmUP",5525,2645,275,92254,223,0,0,1,0.0,neutral
1962504347482206387,Santi_ABASCAL,Santiago Abascal,Mon Sep 01 13:14:32 +0000 2025,"Tú eres el pirómano. 
Y por eso solo dejas atrás tierra quemada.",11559,3402,679,513722,64,0,0,0,0.0,neutral
1961444772230447235,Santi_ABASCAL,Santiago Abascal,Fri Aug 29 15:04:10 +0000 2025,#RectificaMentiroso,3156,1383,155,80081,19,1,0,0,0.0,neutral
1961163240844714128,Santi_ABASCAL,Santiago Abascal,Thu Aug 28 20:25:27 +0000 2025,La misma infiltración que en el Consejo de Ministros.,4077,1475,189,136887,53,0,0,0,0.0,neutral
1961136316000981112,Santi_ABASCAL,Santiago Abascal,Thu Aug 28 18:38:28 +0000 2025,"A ver, guiñol de Pedro Mafias, que ya no engañáis a nadie. 
Lo que es letal para la convivencia es la invasión islamista que estáis promocionando con el dinero que quitáis a  los españoles.

Hay que hundir esos barcos de traficantes y hay que hundir vuestras políticas traidoras.",15743,4922,1212,614599,279,0,0,0,-0.296,negative
1960787876884476271,Santi_ABASCAL,Santiago Abascal,Wed Aug 27 19:33:54 +0000 2025,"Ese barco de negreros hay que confiscarlo y HUNDIRLO.

Para que sirva de advertencia de cuál va a ser el final que les espera a todos los multimillonarios y políticos que promuevan la invasión de Europa.",15193,4619,2008,2473707,203,0,0,0,0.0,neutral
1958809733738934598,Santi_ABASCAL,Santiago Abascal,Fri Aug 22 08:33:28 +0000 2025,"Recortes de los fondos para luchar contra los incendios.

Aumento de los fondos para promover y acoger la invasión islamista.

SON TRAIDORES.",4151,1715,616,194056,141,0,0,0,0.0,neutral
1958270767163924821,Santi_ABASCAL,Santiago Abascal,Wed Aug 20 20:51:48 +0000 2025,"400 euros por tomarse un refresco en un parque. 

Probablemente por el mismo parque pasen a diario decenas de inmigrantes ilegales. Probablemente muchos con decenas de detenciones. Probablemente todos cobrando del dinero que le quitan a esos chavales y a todos los españoles.",10409,3260,444,551245,275,0,0,0,0.0,neutral
1958267177943097613,Santi_ABASCAL,Santiago Abascal,Wed Aug 20 20:37:32 +0000 2025,"Sánchez nos está colocando al nivel de un narcoestado sometido a los intereses de China y enmierdado con la corrupción al estilo de Venezuela. 

Las consecuencias para nuestra posición internacional son gravísimas. Y afectan directamente al bolsillo de los españoles y a su",4430,1967,354,135815,273,0,0,0,0.0,neutral
1958203965490794978,Santi_ABASCAL,Santiago Abascal,Wed Aug 20 16:26:21 +0000 2025,Terroristas climáticos.,3999,1624,228,119662,23,0,0,0,0.0,neutral
1957067554142253111,Santi_ABASCAL,Santiago Abascal,Sun Aug 17 13:10:40 +0000 2025,"Igual que en la DANA, los que actúan sobre el terreno denuncian la  inacción del gobierno. 

La chulería de Pedro Saunas y de su esbirro Marlaska vuelven al “si quieren ayuda, que la pidan”…
Pero es que no llega ni aunque se la supliquen los españoles abrasados.

Es un gobierno",6929,3273,645,272936,278,0,0,0,-0.296,negative
1956103847723630883,Santi_ABASCAL,Santiago Abascal,Thu Aug 14 21:21:14 +0000 2025,"Nunca se había quedado sin luz un país entero. Nunca en España se había quemado un pueblo entero. Nunca se había patrocinado una invasión islamista desde el país invadido. Por eso nunca olvidemos que políticos del Partido Popular y del Partido Socialista, con sus corrupciones,",20251,6262,1237,1225438,277,0,0,0,-0.2023,negative
1955933207620411798,Santi_ABASCAL,Santiago Abascal,Thu Aug 14 10:03:10 +0000 2025,"El bipartidismo favorece la invasión, nos convierte en vasallos de China, deteriora los servicios públicos, despluma a empresas, autónomos y asalariados con impuestos …. Pero además hace a los españoles más pobres cada día",2459,1276,155,56586,222,0,0,0,0.0,neutral
1955933049818112204,Santi_ABASCAL,Santiago Abascal,Thu Aug 14 10:02:33 +0000 2025,"Pero el PP y el PSOE, los que gobiernan en Bruselas, siguen empeñados en abrir las fronteras, en evitar deportaciones, en hacer de la invasión un negocio.",2890,1423,142,71026,154,0,0,0,0.0,neutral
1955620169050722715,Santi_ABASCAL,Santiago Abascal,Wed Aug 13 13:19:16 +0000 2025,Que investiguen. Que investiguen todo. Que nos  metan en la cárcel a todos los españoles que no vamos a permanecer callados y sometidos ante la invasión. Ni aún así lograrán detener la respuesta de un pueblo que no acepta vivir esclavo.,11086,3813,877,335724,236,0,0,0,-0.5267,negative
1954065816980222196,Santi_ABASCAL,Santiago Abascal,Sat Aug 09 06:22:50 +0000 2025,"""España no es Al-Ándalus'",9346,2233,1367,2154557,25,0,0,0,-0.296,negative
1953774336562663659,Santi_ABASCAL,Santiago Abascal,Fri Aug 08 11:04:35 +0000 2025,"La peregrinación de rodillas que Sánchez hizo hasta China, o el acuerdo de amistad vigente entre el PP y el Partido Comunista Chino se explica en estas cosas. 

Tienen un proyecto muy parecido.  

La alianza de populares y socialistas en Bruselas ha tomado a China como modelo. O https://t.co/XMeqd5xqcC",2700,1320,194,118745,303,0,0,1,0.34,positive
1953722773978636391,Santi_ABASCAL,Santiago Abascal,Fri Aug 08 07:39:42 +0000 2025,"¡Sí!  Hay que proteger los espacios públicos de prácticas ajenas a nuestra cultura y a nuestra forma de vida. Hay que proteger a los españoles de quienes buscan imponer una ideología totalitaria, disfraza a veces como religión...

Porque no estamos ante un debate sobre la",16836,5192,1699,1357402,272,0,0,0,-0.3595,negative
1953578248962822224,Santi_ABASCAL,Santiago Abascal,Thu Aug 07 22:05:24 +0000 2025,"Han sido los mismos de siempre.
Y los han traído a España los mismos de siempre.

Vamos a echarles, a unos y a otros.",5392,1717,211,161005,117,0,0,0,0.0,neutral
1953094078834332146,Santi_ABASCAL,Santiago Abascal,Wed Aug 06 14:01:29 +0000 2025,"Que lo lleven a la Moncloa; a las saunas de Sánchez; a las casas de los defensores de la invasión; a Génova 13… a donde sea. 
Pero no hay derecho a que nuestros abuelos sufran las consecuencias de las políticas suicidas de toda esa patulea de traidores a nuestro pueblo. Siempre",7026,2617,354,234499,278,0,0,0,-0.296,negative
1953077168973447551,Santi_ABASCAL,Santiago Abascal,Wed Aug 06 12:54:18 +0000 2025,"Enhorabuena al nuevo presidente de Polonia, Karol Nawrocki, firme defensor de la nación, la familia y la libertad, en el día de su toma de posesión. 

Comienza una nueva etapa de esperanza para la heroica y ejemplar Polonia, clave en la defensa de una Europa de naciones libres y",5574,1673,119,110254,279,0,0,0,0.0,neutral
1953005601774039506,Santi_ABASCAL,Santiago Abascal,Wed Aug 06 08:09:55 +0000 2025,"La democracia, los derechos fundamentales y las libertades están hoy bajo asedio en todo el mundo.

En Brasil, mediante la persecución política a Jair Bolsonaro. En Colombia, presidida por un terrorista, se intenta liquidar al artífice de la paz y la seguridad democrática: Álvaro",4363,1590,368,126854,280,0,0,0,0.0,neutral
1952999659074675024,Santi_ABASCAL,Santiago Abascal,Wed Aug 06 07:46:18 +0000 2025,"Han empobrecido a los españoles, sobre todo a los más humildes, para pagar su fiesta ideológica y corrupta. De Montoro a Montero.  Ladrones",4634,2094,240,114250,139,0,0,0,0.4767,positive
1952710720988004850,Santi_ABASCAL,Santiago Abascal,Tue Aug 05 12:38:10 +0000 2025,"Cada vez más españoles están hartos de la impunidad de la invasión que patrocinan PP y PSOE. 

Hartos de que sus impuestos se destinen a auxiliar a las mafias. 
Hartos de que en las noticias los agresores sean siempre a jóvenes de jovenlandia, ocultando la realidad repetida: que https://t.co/huGEkCFUcJ",4711,2114,228,73853,303,0,0,1,0.0,neutral
1951970442706632888,Santi_ABASCAL,Santiago Abascal,Sun Aug 03 11:36:34 +0000 2025,"Petro (al que Sánchez y Feijóo aplaudieron en pie en el congreso) es un buen  resumen de la política de la izquierda: 
- pasado terrorista
- ⁠Persigue a la oposición 
- ⁠habla de políticas de “igualdad” y lo mismo sueltan violadores que amparan a degenerados",2491,1085,127,56668,258,0,0,0,0.0,neutral
1951967907790864416,Santi_ABASCAL,Santiago Abascal,Sun Aug 03 11:26:29 +0000 2025,El pacto de socialistas y populares llega a las instancias europeas. Pretenden prohibir a los gobiernos que defiendan las fronteras de sus países. Son patrocinadores y colaboradores de la invasión.,3984,2091,212,120010,197,0,0,0,0.0,neutral
1951381084987326954,Santi_ABASCAL,Santiago Abascal,Fri Aug 01 20:34:40 +0000 2025,"Podríamos escandalizarnos viendo como el gobierno utiliza todo el poder del Estado para vigilarnos hasta jugando con nuestros hijos en el coche, mientras que parece que no hay recursos para defender nuestras fronteras.

Pero es más grave que eso. No es que no pongan los",18049,3949,1152,1246805,270,0,0,0,-0.7783,negative
1951193318424993896,Santi_ABASCAL,Santiago Abascal,Fri Aug 01 08:08:33 +0000 2025,"Este es el atraco socialista. Y no es nada más que la continuación del atraco del “equipo económico “ del PP.

https://t.co/1X2KjgohKN",2698,1434,221,81900,134,0,0,1,-0.296,negative
1951167895662117226,Santi_ABASCAL,Santiago Abascal,Fri Aug 01 06:27:31 +0000 2025,"Es urgente preguntar a los vecinos si quieren un centro de ilegales . 

Pero el PP y el PSOE se niegan a realizar estas consultas 

Porque saben que los españoles no quieren colaborar con las mafias de la inmigración. Ni sufrir sus consecuencias",2500,1226,107,52358,245,0,0,0,-0.296,negative
1950897916266111059,Santi_ABASCAL,Santiago Abascal,Thu Jul 31 12:34:43 +0000 2025,"Pagarán con cárcel la traición, la corrupción y el daño real que han hecho a los españoles.",5584,2073,267,146173,91,0,0,0,0.0,neutral
1950888495653732520,Santi_ABASCAL,Santiago Abascal,Thu Jul 31 11:57:17 +0000 2025,"""Aquí en el Monte
Auseva, morada
inmemorial de la Virgen
renació la España de
Cristo con la gran
victoria de Pelayo y
de sus fieles sobre los
enemigos de la Cruz
Años"" 718-722
#Covadonga https://t.co/1X2SVWNt6R",9726,1927,1127,1544868,210,1,0,1,0.0,neutral
1950880373719605319,Santi_ABASCAL,Santiago Abascal,Thu Jul 31 11:25:01 +0000 2025,"Todos los cómplices de Sánchez ya van entendiendo que se acabó la impunidad para los golpistas y los totalitarios.

Acabarán en la cárcel, porque sus crímenes son muchos. 
Al igual que Pedro Mafias",2375,1050,120,52420,197,0,0,0,0.0,neutral
1950607555803128242,Santi_ABASCAL,Santiago Abascal,Wed Jul 30 17:20:56 +0000 2025,"Para el bipartidismo ""los españoles lo último""",4766,1999,280,153540,46,0,0,0,0.0,neutral
1950283551871582282,Santi_ABASCAL,Santiago Abascal,Tue Jul 29 19:53:27 +0000 2025,CRIMINALES,9026,3008,359,283998,10,0,0,0,0.0,neutral
1950142462871179770,Santi_ABASCAL,Santiago Abascal,Tue Jul 29 10:32:49 +0000 2025,"Los esfuerzos del bipartidismo se centran simplemente en encontrar o destruir pruebas. 
Nos han gobernando (y nos gobiernan) delincuentes. Y desde hace demasiado tiempo. 

Por eso aumenta la delincuencia y la invasión. Por eso los mayores tienen miedo y los jóvenes no tienen",4494,1918,176,131224,275,0,0,0,-0.296,negative
1949818869096292373,Santi_ABASCAL,Santiago Abascal,Mon Jul 28 13:06:58 +0000 2025,"Sánchez no ha tenido una sola palabra para las mujeres víctimas de violaciones de estas últimas semanas.

Ni para la niña quemada viva por un salvaje llegado hace poco en patera.

Él es el principal responsable de ese horror que se repite en todas las calles de España. Todos los",12391,4802,646,286687,279,0,0,0,-0.6943,negative
1949584512091820282,Santi_ABASCAL,Santiago Abascal,Sun Jul 27 21:35:43 +0000 2025,"Parece que los despachos internacionales empiezan a confirmar nuestras sospechas: las mafias de populares y socialistas  contra los españoles, se heredan.
https://t.co/MjdpaSx0ms",4948,2377,181,82861,178,0,0,1,0.0,neutral
1948785939662139699,Santi_ABASCAL,Santiago Abascal,Fri Jul 25 16:42:29 +0000 2025,"Han convertido la invasión en un gran negocio. Por eso no quieren detenerla. 

Estos corruptos están acostumbrados a mercadear con seres humanos",10256,3761,259,248048,144,0,0,0,-0.296,negative
1948636108562067653,Santi_ABASCAL,Santiago Abascal,Fri Jul 25 06:47:06 +0000 2025,"¡SANTIAGO Y CIERRA, ESPAÑA!
#25dejulio",12252,2211,1355,726291,38,1,0,0,0.0,neutral
1948079210125463839,Santi_ABASCAL,Santiago Abascal,Wed Jul 23 17:54:11 +0000 2025,"No hay dinero para los españoles que lo necesitan porque Pedro Mafias tiene que comprar el apoyo de las dictaduras comunistas y financiar la invasión islamista.

TRAIDOR.",4825,2250,176,103567,170,0,0,0,-0.296,negative
1948033802590109824,Santi_ABASCAL,Santiago Abascal,Wed Jul 23 14:53:45 +0000 2025,"Todos los días las noticias del horror que provoca la invasión promocionada por el bipartidismo.

Y no nos cansaremos de denunciarlo todos los días. Estos asesinos, violadores, criminales en general, están en España porque el Partido Popular y el  Partido Socialista así lo han",6149,2526,201,157211,277,0,0,0,-0.4767,negative
1947697828316254625,Santi_ABASCAL,Santiago Abascal,Tue Jul 22 16:38:43 +0000 2025,"Todos los días, en todas partes y siempre los mismos.  El bipartidismo los ha traído. Hay que echarlos, a unos y a otros.",5460,1832,126,142663,121,0,0,0,0.34,positive
1947573500996423756,Santi_ABASCAL,Santiago Abascal,Tue Jul 22 08:24:41 +0000 2025,"Pedro Sánchez se pone chulo

Y se atreve a hablar de decencia, moral y democracia.

Acompañado eso sí, de terroristas y corruptos condenados.  En su salsa.  En su sauna. https://t.co/r7FsrXiSGV",8905,3292,485,207016,193,0,0,1,0.0,neutral
1947556903434797247,Santi_ABASCAL,Santiago Abascal,Tue Jul 22 07:18:44 +0000 2025,"Sin presupuestos para los españoles, con presupuestos para los menas.",11054,3793,245,332129,69,0,0,0,-0.5574,negative
1946705041479422447,Santi_ABASCAL,Santiago Abascal,Sat Jul 19 22:53:44 +0000 2025,A la cárcel de su país.,12529,2528,268,496846,23,0,0,0,0.0,neutral
1946550976766251341,Santi_ABASCAL,Santiago Abascal,Sat Jul 19 12:41:32 +0000 2025,"VOX ya se ha personado en el #CasoMontoro como acusación popular.

Tengo la sospecha bien fundada de que algunas de las mafias de Sánchez son solo continuación de las mafias del PP.

Que nos quieran vender lo de Montoro como un hecho aislado es tan ridículo como los argumentos",9175,3458,610,325930,277,1,0,0,0.6369,positive
1946548583962137008,Santi_ABASCAL,Santiago Abascal,Sat Jul 19 12:32:02 +0000 2025,"No van a perdonar que personas honestas y valientes demuestren a los italianos que se puede y se debe proteger las fronteras nacionales.

Las instituciones mueren cuando dejan de estar al servicio del pueblo y se pliegan a enfermedades ideológicas.

Ánimo, Matteo. Estamos",1771,703,59,77182,272,0,0,0,-0.296,negative
1946548479481790546,Santi_ABASCAL,Santiago Abascal,Sat Jul 19 12:31:37 +0000 2025,"De Moraes y Lula tienen motivos para estar preocupados. Lo demuestran con sus prácticas arbitrarias y criminales.

Bolsonaro representa la dignidad y la integridad de una nación. A él lo quiere el pueblo; a ellos los repudian por corruptos y por encarcelar a brasileños inocentes.",1485,640,39,40605,280,0,0,0,0.0,neutral
1945795702967157051,Santi_ABASCAL,Santiago Abascal,Thu Jul 17 10:40:21 +0000 2025,"VOX ganó las elecciones generales en Torre Pacheco en 2019. Fue segundo en 2023. Tiene cuatro concejales en el pueblo. No es “de fuera”, por mucho que lo digan Crehueras y Casals para ayudar a Feijóo y demonizar a 4 millones de españoles.

No nos va a amordazar ninguna mafia.",6009,2242,293,219477,276,0,0,0,-0.5267,negative
1945611444155711516,Santi_ABASCAL,Santiago Abascal,Wed Jul 16 22:28:10 +0000 2025,"Son basura criminal, sicarios de  Sánchez ... cómplices de la invasión migratoria y culpables de TODAS sus consecuencias.",6642,2015,204,187126,121,0,0,0,-0.5267,negative
1945496604653277562,Santi_ABASCAL,Santiago Abascal,Wed Jul 16 14:51:50 +0000 2025,"A la cárcel de su país. O a una cárcel de Bukele. Sin que salga jamás. 
Y eso no es lo que me pide el corazón , la verdad. Porque es poco castigo para un crimen tan abyecto.",12196,3271,335,516391,173,0,0,0,-0.7003,negative
1945462123183718865,Santi_ABASCAL,Santiago Abascal,Wed Jul 16 12:34:49 +0000 2025,"Que no. Que no os queréis enterar, o peor, queréis decir una cosa y la contraria para seguir estafando a los españoles. 

Los ilegales se van. Todos. 
Los legales que cometen delitos graves o hacen del delito leve su forma de vida, también se van. A cumplir las penas en sus",12740,4487,642,542827,274,0,0,0,-0.5267,negative
1945425559934079298,Santi_ABASCAL,Santiago Abascal,Wed Jul 16 10:09:32 +0000 2025,Es todos los días. En todas partes. Y se empeñan en criminalizar a los pueblos que ya están hartos de la violencia y los crímenes salvajes de los invitados por el bipartidismo.,14942,4127,398,564157,176,0,0,0,0.0,neutral
1943996646880096419,Santi_ABASCAL,Santiago Abascal,Sat Jul 12 11:31:32 +0000 2025,"Nos han robado las fronteras, la paz y la prosperidad. 
¡DEPORTACIONES Y DIMISIONES  YA! https://t.co/tA7ewgv8fT",26736,7315,1417,1039873,112,0,0,1,0.0,neutral
1943276515552092573,Santi_ABASCAL,Santiago Abascal,Thu Jul 10 11:50:00 +0000 2025,https://t.co/MwUXznYRPW,12408,3012,202,379925,23,0,0,1,0.0,neutral
1943063088204517885,Santi_ABASCAL,Santiago Abascal,Wed Jul 09 21:41:55 +0000 2025,"¡TODOS FUERA!...

...y al banquillo los que les han traído haciendo negocio",5114,1929,93,99513,75,0,0,0,0.0,neutral
1943053478127112348,Santi_ABASCAL,Santiago Abascal,Wed Jul 09 21:03:44 +0000 2025,"Descansa en Paz, compañero.",10591,2359,301,279843,27,0,0,0,0.0,neutral
1942926903637119186,Santi_ABASCAL,Santiago Abascal,Wed Jul 09 12:40:46 +0000 2025,MAFIA,6401,2347,285,98401,5,0,0,0,0.0,neutral
1942602900297113979,Santi_ABASCAL,Santiago Abascal,Tue Jul 08 15:13:17 +0000 2025,¡FUERA!,7912,1760,116,316004,7,0,0,0,0.0,neutral
1942602612140040646,Santi_ABASCAL,Santiago Abascal,Tue Jul 08 15:12:09 +0000 2025,"El apoyo gubernamental a los delincuentes y violadores extranjeros viene de lejos.  Son cómplices de ellos y enemigos del pueblo.

Tweet de 2022 ⬇️",1787,662,45,50180,147,0,0,0,0.0,neutral
1942599982227538026,Santi_ABASCAL,Santiago Abascal,Tue Jul 08 15:01:42 +0000 2025,"El apoyo gubernamental a los delincuentes y violadores extranjeros viene de 
lejos.  Son cómplices de ellos y enemigos del pueblo.

Tweet de 2022 ⬇️",1608,585,26,38976,148,0,0,0,0.0,neutral
1942565136939770048,Santi_ABASCAL,Santiago Abascal,Tue Jul 08 12:43:14 +0000 2025,SON UNA ESTAFA.,2004,645,70,67442,15,0,0,0,0.0,neutral
1942557961727140178,Santi_ABASCAL,Santiago Abascal,Tue Jul 08 12:14:43 +0000 2025,¡FUERA!,12635,2668,268,604389,7,0,0,0,0.0,neutral
1942510708111073440,Santi_ABASCAL,Santiago Abascal,Tue Jul 08 09:06:57 +0000 2025,Sí. Hay que echarlos,15344,3637,365,576164,20,0,0,0,0.0,neutral
1942491227250671889,Santi_ABASCAL,Santiago Abascal,Tue Jul 08 07:49:32 +0000 2025,"Y mientras los medios del PSOE-PP  manipulan y mienten... uno de esos que ellos han traído acaba de matar a un español. 

Otra víctima de las fronteras abiertas del bipartidismo político y mediático.
https://t.co/AK9NPAfk0i",3418,1150,62,122363,223,0,0,1,0.0,neutral
1942489841641353606,Santi_ABASCAL,Santiago Abascal,Tue Jul 08 07:44:02 +0000 2025,"Están nerviosos. Ya están mintiendo y manipulando otra vez.

VOX no ha dicho el número de los que deben ser deportados. Simplemente porque no lo sabemos.

Son todos los que hayan venido a delinquir.

Todos los que pretendan imponer una religión extraña.

Todos los que maltraten o",31266,8613,1305,1402057,280,0,0,0,-0.5,negative
1942323532328820933,Santi_ABASCAL,Santiago Abascal,Mon Jul 07 20:43:11 +0000 2025,"Soplan vientos de cambio, todos los días y por todas partes.
#AlcaláDeHenares https://t.co/jiyXVWawXi",17197,4063,807,494950,101,1,0,1,0.0,neutral
1942231121439183231,Santi_ABASCAL,Santiago Abascal,Mon Jul 07 14:35:58 +0000 2025,"El señor Feijóo no va a tener ministros de  VOX. Porque quiere que su gobierno sea una coalición con el partido socialista.

Me parece legítimo que aspire a eso. Pero debe decirlo claramente. 

Lo que no se puede es seguir estafando. 

Que los españoles decidan: el PSOE de",10744,3773,524,527124,273,0,0,0,-0.5267,negative
1942154984134459784,Santi_ABASCAL,Santiago Abascal,Mon Jul 07 09:33:26 +0000 2025,"Esta violacion se pudo evitar. Esta violación tiene responsables políticos, y es deber de VOX denunciarlo y seguir trabajando en  defensa de la seguridad de los españoles.
#AlcaláDeHenares https://t.co/zBO2uPVkKd",7562,2743,148,104918,212,1,0,1,0.0,neutral
1941918724065222966,Santi_ABASCAL,Santiago Abascal,Sun Jul 06 17:54:37 +0000 2025,"Hoy había que estar en Alcalá de Henares. Hoy había que comprometerse, de nuevo, con una política migratoria firme que suponga la expulsión de ilegales y delincuentes. Todo lo que no sea eso es palabrería. https://t.co/FJokvzszvI",4718,1590,108,85216,229,0,0,1,-0.296,negative
1941880064154460410,Santi_ABASCAL,Santiago Abascal,Sun Jul 06 15:21:00 +0000 2025,"El señor Feijóo tiene todo el derecho a ser muy moderado, muy centrado y todo lo que le apetezca.

Pero lo que no se puede es estafar a los españoles. Porque el señor Feijóo va a utilizar  los votos que reciba para continuar con las políticas socialistas:

- para continuar con https://t.co/GwsZuqA87E",10466,4678,633,288302,301,0,0,1,-0.296,negative
1941871537302183958,Santi_ABASCAL,Santiago Abascal,Sun Jul 06 14:47:07 +0000 2025,Sí,29026,6262,722,990047,2,0,0,0,0.0,neutral
1941450030696509805,Santi_ABASCAL,Santiago Abascal,Sat Jul 05 10:52:12 +0000 2025,"Le rodean los escándalos de prostitución y el tiranuelo se fabrica una foto con mujeres socialistas (que vaya papelón ellas)

Y a la media hora su nuevo hombre de confianza envuelto en el lodazal y señalado como acosador de mujeres socialistas 

Es como cuando puso a Abalos al",6304,2276,143,156567,277,0,0,0,0.0,neutral
1941249561428885963,Santi_ABASCAL,Santiago Abascal,Fri Jul 04 21:35:36 +0000 2025,"El futuro está cada vez más presente.

¡Vosotros podéis acelerar el cambio! Sólo tenéis que convencer a vuestros padres y abuelos. https://t.co/3VtLQdVV1k",18823,4025,1331,2496751,154,0,0,1,0.0,neutral
1972975024299549039,Santi_ABASCAL,Santiago Abascal,Tue Sep 30 10:41:16 +0000 2025,"El señor Feijóo ahora trata de diluir su responsabilidad por la invasión migratoria.

Pero no ha sido solo Sánchez. Ha sido también el señor Feijóo quien la ha promovido.
 
Son el Partido Popular y el Partido Socialista, de la mano, los que mantienen la política de fronteras",3769,1811,213,89678,275,0,0,0,0.6771,positive
1972937598935941413,Santi_ABASCAL,Santiago Abascal,Tue Sep 30 08:12:33 +0000 2025,"Esta guerra la ha provocado Hamas. Está en las manos de Hamas, liberando a los rehenes, conseguir que se detenga. 

El problema es que los terroristas han encontrado rentable su guerra porque líderes como Pedro Sánchez han utilizado el sufrimiento de los civiles para tapar sus",7977,2604,758,240963,277,0,0,0,0.34,positive
1972606123934146908,Santi_ABASCAL,Santiago Abascal,Mon Sep 29 10:15:23 +0000 2025,"FEIJÓO 2025 
                 es 
GUARDIOLA 2023",2736,1163,135,130575,48,0,0,0,0.0,neutral
1972559734789251547,Santi_ABASCAL,Santiago Abascal,Mon Sep 29 07:11:03 +0000 2025,"La derechita mentirosa, demonizadora,  y movilizadora de la izquierda.",3061,1318,196,72173,70,0,0,0,0.0,neutral
1941243347798048910,Santi_ABASCAL,Santiago Abascal,Fri Jul 04 21:10:55 +0000 2025,Esto es lo único importante; la reacción del sentido común.,6610,1806,138,171466,59,0,0,0,0.0,neutral
1941149664721403947,Santi_ABASCAL,Santiago Abascal,Fri Jul 04 14:58:39 +0000 2025,"No ha pasado un día de esta semana sin un ataque contra los españoles, y especialmente contra las españolas. 

Estamos con los vecinos de Sabadell, y con los de toda España en defensa de los barrios seguros. Reclamando las deportaciones inmediatas de los ilegales. 

No lo",3834,1552,106,83513,272,0,0,0,-0.7805,negative
1941062421181079679,Santi_ABASCAL,Santiago Abascal,Fri Jul 04 09:11:59 +0000 2025,"Esta corrupción es todavía peor que la de los puticlubs. Aquí hacen negocio con el tráfico de personas y con la inseguridad de las calles. 

Con el dinero que le quitan a los españoles le pagan la comida al salvaje violador de Alcalá … y por el camino muchos se enriquecen.",6758,2998,126,131548,273,0,0,0,0.0,neutral
1940791197959893344,Santi_ABASCAL,Santiago Abascal,Thu Jul 03 15:14:14 +0000 2025,"Esto no va a parar mientras sigan los que lo fomentan.

Lo vamos a parar nosotros porque los españoles están hartos.",5833,1989,205,165380,116,0,0,0,-0.296,negative
1940742238025478575,Santi_ABASCAL,Santiago Abascal,Thu Jul 03 11:59:41 +0000 2025,"Promueven la islamización y el terrorismo con nuestro dinero. Son el enemigo de los españoles,    muy especialmente de las mujeres.

Vamos a echarlos. Y vamos a sentarlos en el banquillo.",10081,3433,205,242881,187,0,0,0,0.0,neutral
1940722610670915768,Santi_ABASCAL,Santiago Abascal,Thu Jul 03 10:41:41 +0000 2025,"Los aliados en Bruselas aquí solo se pelean para demostrar quien es más corrupto. 

El PP y el PSOE tienen las mismas políticas.  Solo se diferencian en los procesos judiciales. Porque las prácticas para borrar pruebas también parecen compartidas. https://t.co/OhLXFd1zPL",929,405,36,45359,271,0,0,1,0.0,neutral
1940497495882444859,Santi_ABASCAL,Santiago Abascal,Wed Jul 02 19:47:10 +0000 2025,"Pues ya sabemos de donde es el detenido por la brutal violación de una chica en Alcalá de Henares, ya sabemos quien le ha invitado a España (los políticos traidores), y ya sabemos quien le paga el alojamiento y alimentación en el centro de menas: los padres de la pobre chica",14351,5090,383,663086,275,0,0,0,-0.4019,negative
1940412433845408040,Santi_ABASCAL,Santiago Abascal,Wed Jul 02 14:09:10 +0000 2025,"Todavía estaban atrapados en el tren las víctimas de Oscar Puente cuando en Barajas ya estaban perdiendo sus vuelos cientos de personas. 

Es mucho más difícil salir de España o moverse en ella que entrar ilegalmente y recibir atención y recursos que no llegan a los nacionales.",5439,2429,181,123695,278,0,0,0,-0.296,negative
1940361285394419883,Santi_ABASCAL,Santiago Abascal,Wed Jul 02 10:45:55 +0000 2025,"Todos están en el el ajo. 

Por eso se sostienen unos a otros en el poder.",9060,3224,222,240674,74,0,0,0,0.0,neutral
1940068550539977043,Santi_ABASCAL,Santiago Abascal,Tue Jul 01 15:22:41 +0000 2025,"¿Van a prohibir la propaganda de la religión climática?🤣🤣🤣

Están todo el día metiendo miedo con el clima, las pandemias, la guerra... vendiéndonos kits de supervivencia. 

¿De qué va a vivir esta chusma gubernamental corrupta si se autoprohiben la ""propaganda del miedo""?",3956,1451,153,108824,272,0,0,0,0.7882,positive
1939989256014823480,Santi_ABASCAL,Santiago Abascal,Tue Jul 01 10:07:36 +0000 2025,"Frente a la investigación de la corrupción por parte de la UCO ... tú ofreces chivatazos.

Lárgate ya, corrupto indecente. https://t.co/hThGpKzssG",6240,1935,110,154206,146,0,0,1,0.0,neutral
1939966615522509041,Santi_ABASCAL,Santiago Abascal,Tue Jul 01 08:37:38 +0000 2025,"Los mismos que asesinaron o se aprovecharon del terror para que mi tierra dejara de ser española, ahora promueven la invasión que va a destruir aún más nuestra  seguridad y nuestra identidad. 

Están promoviendo la islamización. Están saqueando los bolsillos de los vascos para",3419,1393,73,90942,277,0,0,0,-0.5267,negative
1939966615358976126,Santi_ABASCAL,Santiago Abascal,Tue Jul 01 08:37:38 +0000 2025,"Si esto no es inmediatamente retirado y recibimos garantías de que nada parecido volverá a suceder, Murcia no tendrá presupuestos... o tendrán que aprobarlos con el PSOE.",18693,4518,687,1259132,170,0,0,0,-0.5267,negative
